TAZ,SZ,corridor,P_2022,P_year,E_2022,E_year,I_2022,I_year,J_2022,J_year,O_2022_car,O_year_car,origin basis,D_2022_car,D_year_car,destination basis,O_2022_transit,O_year_transit,D_2022_transit,D_year_transit,O_2022_taxi,O_year_taxi,D_2022_taxi,D_year_taxi
101,1,False,8850.8255,8487.0000,6613.0000,6613.0000,5297.2255,5113.0793,7725.3806,7629.1596,2536.4362,2448.2626,own rate (multiplicative),2355.9009,2250.4232,own rate (multiplicative),601.6982,580.7815,327.2228,322.2168,0.0000,0.0000,0.0000,0.0000
102,1,False,2424.7991,2319.0000,1482.6498,1457.0000,1410.5657,1353.8459,1848.5270,1799.6611,1497.5887,1437.3697,own rate (multiplicative),2045.3764,1926.1431,own rate (multiplicative),0.3071,0.2948,4.8107,4.6701,0.0000,0.0000,0.0000,0.0000
103,1,False,0.0000,0.0000,0.0000,0.0000,0.0000,0.0000,0.0000,0.0000,157.7568,157.7568,superzone rate on the increment,2236.0645,2162.8913,superzone rate on the increment,11.5035,11.5035,6.0265,6.0092,0.0000,0.0000,0.0000,0.0000
104,1,False,3052.5857,3338.0000,198.3560,250.0000,1569.5523,1720.3957,968.8283,1086.3628,1256.7967,1377.5824,own rate (multiplicative),425.5504,461.5613,own rate (multiplicative),218.8656,239.8999,65.0981,72.7854,57.6813,63.2248,0.0000,0.0000
106,1,False,8069.2356,8821.0000,12765.7229,24519.0000,5662.2134,7495.6151,12528.4960,22297.3602,6408.2954,8483.2753,own rate (multiplicative),10652.9153,18338.9032,own rate (multiplicative),312.2622,413.3714,1140.7811,2024.4387,0.0000,0.0000,84.1547,149.8066
107,1,False,5755.3981,5944.0000,2550.1841,2769.0000,3228.2765,3350.7846,3598.6056,3826.6548,3723.9908,3865.3105,own rate (multiplicative),2978.3687,3063.4717,own rate (multiplicative),104.6432,108.6143,98.8622,104.8246,0.0000,0.0000,0.0000,0.0000
108,1,False,3457.3034,3306.0000,3240.3987,3244.0000,2150.4438,2074.3084,3552.8315,3515.7487,3046.4961,2938.6365,own rate (multiplicative),2632.9284,2520.1862,own rate (multiplicative),47.7869,46.0950,168.5554,166.3158,0.0000,0.0000,108.1633,107.0585
109,1,False,3995.2704,3818.0000,3049.0000,3049.0000,2399.0696,2309.3462,3539.2624,3492.3797,560.9587,539.9793,own rate (multiplicative),961.7629,917.9670,own rate (multiplicative),3.4721,3.3423,16.9752,16.7021,0.0000,0.0000,0.0000,0.0000
110,1,False,6329.2070,6390.0000,1505.6690,1585.0000,3389.5837,3430.1601,2899.8699,2980.5427,599.3047,606.4789,own rate (multiplicative),627.2696,623.6220,own rate (multiplicative),1.7787,1.8000,6.1045,6.2563,0.0000,0.0000,0.0000,0.0000
111,1,False,6058.6920,6636.0000,1620.3119,1936.0000,3266.8374,3598.0598,2921.6741,3331.4023,3023.2277,3329.7506,own rate (multiplicative),2843.0984,3135.7221,own rate (multiplicative),270.3195,297.7270,153.0880,174.0541,42.0056,46.2645,0.0000,0.0000
112,1,False,4921.7674,5396.0000,1287.3477,1482.0000,2650.2356,2914.3255,2349.8770,2633.7921,2029.8919,2232.1659,own rate (multiplicative),3026.6340,3281.3052,own rate (multiplicative),339.4498,373.2752,391.4633,437.4971,93.1628,102.4462,0.0000,0.0000
113,1,False,0.0000,0.0000,2973.0000,2973.0000,367.5132,367.5132,2420.7498,2420.7498,359.6533,359.6533,own rate (multiplicative),1527.2457,1477.2679,own rate (multiplicative),9.6607,9.6607,259.2215,258.4752,0.0000,0.0000,345.8550,345.9332
114,1,False,1799.6053,1967.0000,54.5242,64.0000,917.5902,1003.4866,520.3381,572.3246,740.7084,810.0467,own rate (multiplicative),122.6585,130.4983,own rate (multiplicative),122.7790,134.2724,45.1874,49.5589,33.9952,37.1775,0.0000,0.0000
115,1,False,9554.2308,10445.0000,2653.5035,3194.0000,5163.7853,5681.4527,4687.4109,5363.0893,4761.5048,5238.8437,own rate (multiplicative),4678.9861,5178.2633,own rate (multiplicative),410.0815,451.1920,245.1890,279.7247,66.1577,72.7900,0.0000,0.0000
116,1,False,6158.1347,6732.0000,1657.8456,2006.0000,3321.8090,3655.3023,2978.5354,3413.7885,5182.7228,5703.0427,own rate (multiplicative),3427.5879,3799.9057,own rate (multiplicative),183.3493,201.7567,30.5800,34.9478,0.0000,0.0000,30.7398,35.2398
117,1,False,7509.7524,8209.0000,3505.8764,4178.0000,4234.3631,4671.3654,4840.7474,5572.9508,6319.9546,6972.1978,own rate (multiplicative),7175.1753,7990.1635,own rate (multiplicative),241.0564,265.9344,76.0401,87.2898,0.0000,0.0000,64.3492,74.0993
118,1,False,3642.8793,3982.0000,334.8188,409.0000,1885.1920,2066.0042,1236.0576,1386.1465,3065.6828,3359.7181,own rate (multiplicative),623.9173,676.7805,own rate (multiplicative),110.5171,121.1170,14.6646,16.3980,0.0000,0.0000,5.5955,6.2764
201,2,False,1885.3223,1802.0000,1246.7635,1322.0000,1108.3559,1075.4838,1513.7823,1553.0070,811.4103,787.3451,own rate (multiplicative),824.0819,817.7692,own rate (multiplicative),1.7157,1.6648,99.5984,101.8849,0.0000,0.0000,0.0000,0.0000
202,2,False,2198.0935,2285.0000,885.7950,1000.0000,1222.0398,1280.1442,1302.5842,1418.5592,1750.2006,1833.4175,own rate (multiplicative),545.5571,574.6881,own rate (multiplicative),232.9758,244.0531,296.8075,322.3029,0.0000,0.0000,0.0000,0.0000
203,2,False,2905.4436,3016.0000,631.1747,681.0000,1548.5817,1610.6979,1282.3340,1352.1429,1035.1210,1076.6414,own rate (multiplicative),395.2060,403.0838,own rate (multiplicative),329.1975,342.4021,37.8441,39.7894,84.6716,88.0679,0.0000,0.0000
204,2,False,1356.5605,1423.0000,1751.2752,2482.0000,903.0953,1027.0529,1784.7366,2397.2967,563.3509,640.6756,own rate (multiplicative),3849.8894,5002.0300,own rate (multiplicative),1.9608,2.2299,177.2756,237.4348,0.0000,0.0000,121.3889,163.0891
205,2,False,1741.2421,1665.0000,837.1304,824.0000,984.7938,944.5815,1142.1357,1111.2806,714.9702,685.7758,own rate (multiplicative),362.9413,341.5803,own rate (multiplicative),2.6716,2.5625,330.2038,320.3582,0.0000,0.0000,0.0000,0.0000
206,2,False,1220.7781,1167.0000,2121.3796,2110.0000,880.1217,851.4958,2050.1817,2026.6933,650.6301,629.4684,own rate (multiplicative),4869.8011,4656.4749,own rate (multiplicative),0.3186,0.3083,443.0193,436.6828,0.0000,0.0000,0.0000,0.0000
207,2,False,4768.0425,5068.0000,1148.9543,1197.0000,2555.3217,2713.0811,2196.5352,2314.9861,2625.1342,2787.2036,own rate (multiplicative),2143.2910,2184.9510,own rate (multiplicative),2.0098,2.1339,0.0000,0.0000,0.0000,0.0000,0.0000,0.0000
208,2,False,6402.5755,6806.0000,3227.6666,3784.0000,3639.5864,3912.5475,4321.4013,4881.0866,1805.5863,1941.0013,own rate (multiplicative),3994.1733,4363.8438,own rate (multiplicative),167.9242,180.5182,0.0000,0.0000,0.0000,0.0000,0.0000,0.0000
209,2,False,6296.3102,6693.0000,807.8342,914.0000,3286.6691,3500.5731,2322.9613,2514.3189,3738.2306,3981.5233,own rate (multiplicative),2171.7545,2273.7331,own rate (multiplicative),8.0882,8.6146,0.6385,0.6891,0.0000,0.0000,0.0000,0.0000
210,2,False,5621.0408,5973.0000,634.4643,824.0000,2923.4576,3125.0276,2003.2071,2250.6183,4045.6994,4324.6471,own rate (multiplicative),1331.6372,1447.1457,own rate (multiplicative),1.9853,2.1222,0.3544,0.3971,0.0000,0.0000,0.0000,0.0000
211,2,False,0.0000,0.0000,0.0000,0.0000,0.0000,0.0000,0.0000,0.0000,0.0000,0.0000,superzone rate on the increment,0.0000,0.0000,superzone rate on the increment,0.0000,0.0000,0.0000,0.0000,0.0000,0.0000,0.0000,0.0000
212,2,False,0.0000,0.0000,0.0000,0.0000,0.0000,0.0000,0.0000,0.0000,0.0000,0.0000,superzone rate on the increment,0.0000,0.0000,superzone rate on the increment,0.0000,0.0000,0.0000,0.0000,0.0000,0.0000,0.0000,0.0000
213,2,False,0.0000,0.0000,1201.0000,1201.0000,148.4640,148.4640,977.9080,977.9080,0.0000,0.0000,superzone rate on the increment,682.2425,659.9168,own rate (multiplicative),21.7786,21.7786,427.4264,426.1958,0.0000,0.0000,0.0000,0.0000
214,2,False,4318.8279,4454.0000,906.1557,1045.0000,2297.9428,2383.5221,1880.0339,2028.8361,2705.0559,2805.7969,own rate (multiplicative),2836.9864,2961.3444,own rate (multiplicative),398.1119,412.9383,166.8498,179.5374,0.0000,0.0000,0.0000,0.0000
215,2,False,5591.6600,5784.0000,519.2609,603.0000,2894.3458,3002.0481,1901.6330,2020.6853,3509.2982,3639.8837,own rate (multiplicative),1557.4391,1600.7865,own rate (multiplicative),515.8074,535.0012,93.4588,99.0239,0.0000,0.0000,0.0000,0.0000
216,2,False,6884.8782,7143.0000,1089.7551,1318.0000,3619.4164,3778.2769,2708.1726,2962.2854,4329.5260,4519.5539,own rate (multiplicative),3521.8049,3726.2005,own rate (multiplicative),691.7766,722.1394,219.7677,239.6968,0.0000,0.0000,0.0000,0.0000
217,2,False,1785.3978,1843.0000,1960.0000,1960.0000,1145.9484,1175.1031,2068.1043,2083.3384,1120.4581,1148.9643,own rate (multiplicative),908.3149,885.0630,own rate (multiplicative),102.0563,104.6528,29.9100,30.0436,0.0000,0.0000,0.0000,0.0000
218,2,False,0.0000,0.0000,170.0000,170.0000,21.0149,21.0149,138.4216,138.4216,0.0000,0.0000,superzone rate on the increment,91.6988,88.6980,own rate (multiplicative),1.0539,1.0539,0.0000,0.0000,0.0000,0.0000,0.0000,0.0000
219,2,False,2742.4412,2850.0000,334.0434,381.0000,1429.3494,1489.5937,997.2871,1063.9674,977.7816,1018.9933,own rate (multiplicative),211.9976,218.7709,own rate (multiplicative),307.6442,320.6108,15.1396,16.1053,79.9811,83.3522,0.0000,0.0000
220,2,False,3324.0933,3440.0000,645.0045,728.0000,1762.1862,1831.1107,1404.3152,1502.5477,1181.8503,1228.0761,own rate (multiplicative),416.1821,430.7224,own rate (multiplicative),381.3407,396.2561,29.3407,31.3027,96.6739,100.4551,0.0000,0.0000
221,2,False,2942.6287,3084.0000,432.8279,508.0000,1542.8835,1623.7296,1130.6655,1229.2625,912.1762,959.9736,own rate (multiplicative),850.2813,894.1770,own rate (multiplicative),65.9330,69.3878,137.2629,148.8029,0.0000,0.0000,0.0000,0.0000
222,2,False,4098.3220,4297.0000,580.1757,674.0000,2146.0395,2258.1964,1556.2891,1685.2295,1270.7777,1337.1915,own rate (multiplicative),1204.0351,1261.1254,own rate (multiplicative),93.8296,98.7333,194.9429,210.4864,0.0000,0.0000,0.0000,0.0000
223,2,False,2991.9757,3155.0000,580.8530,648.0000,1586.1584,1676.9718,1264.2450,1362.0341,931.2706,984.5893,own rate (multiplicative),1173.3243,1222.7149,own rate (multiplicative),63.3868,67.0159,191.0072,205.1891,0.0000,0.0000,0.0000,0.0000
224,2,False,0.0000,0.0000,918.0000,918.0000,113.4804,113.4804,747.4767,747.4767,959.3647,959.3647,superzone rate on the increment,1833.6508,1773.6462,own rate (multiplicative),21.8137,21.8137,82.5184,82.2808,0.0000,0.0000,0.0000,0.0000
225,2,False,9768.6256,10334.0000,6902.1896,8045.0000,5797.5085,6224.9372,8203.5825,9283.6346,2602.0076,2793.8439,own rate (multiplicative),4924.9368,5390.9527,own rate (multiplicative),10.5392,11.3162,278.7582,314.5501,0.0000,0.0000,0.0000,0.0000
226,2,False,0.0000,0.0000,1107.0000,1107.0000,136.8440,136.8440,901.3690,901.3690,270.5935,270.5935,superzone rate on the increment,715.4396,692.0275,own rate (multiplicative),0.0000,0.0000,58.6769,58.5080,0.0000,0.0000,0.0000,0.0000
227,2,False,0.0000,0.0000,1409.0000,1409.0000,174.1763,174.1763,1147.2709,1147.2709,344.4143,344.4143,superzone rate on the increment,910.6185,880.8193,own rate (multiplicative),1.5686,1.5686,81.1595,80.9258,0.0000,0.0000,0.0000,0.0000
228,2,False,0.0000,0.0000,1409.0000,1409.0000,174.1763,174.1763,1147.2709,1147.2709,344.4143,344.4143,superzone rate on the increment,910.6185,880.8193,own rate (multiplicative),3.2108,3.2108,73.1148,72.9043,0.0000,0.0000,0.0000,0.0000
229,2,False,842.6473,806.0000,257.1324,250.0000,458.2825,438.8521,432.2238,416.7242,449.2762,430.2277,own rate (multiplicative),702.5632,655.2028,own rate (multiplicative),0.2696,0.2582,60.4837,58.1468,0.0000,0.0000,0.0000,0.0000
230,2,False,4620.2226,4911.0000,1102.1095,1869.0000,2474.7135,2716.6879,2119.2982,2820.6367,2543.7902,2792.5189,own rate (multiplicative),2844.8884,3662.4416,own rate (multiplicative),1.0294,1.1301,0.0693,0.0919,0.0000,0.0000,0.0000,0.0000
231,2,False,5511.2747,5859.0000,732.9635,799.0000,2880.0769,3064.2374,2054.3797,2200.1126,3034.6836,3228.7301,own rate (multiplicative),1409.2107,1459.7903,own rate (multiplicative),1.9678,2.0936,0.0000,0.0000,0.0000,0.0000,0.0000,0.0000
232,2,False,4268.6345,4538.0000,1361.3615,1551.0000,2328.8091,2488.5880,2237.4082,2463.0595,1203.8663,1286.4632,own rate (multiplicative),1652.8335,1759.9858,own rate (multiplicative),111.5739,119.2289,9.6260,10.5663,0.0000,0.0000,0.0000,0.0000
233,2,False,4075.5037,4332.0000,825.9243,996.0000,2164.8689,2315.7159,1750.3539,1956.6728,2419.5955,2588.1917,own rate (multiplicative),2316.8185,2505.1557,own rate (multiplicative),0.1471,0.1573,0.6163,0.6870,0.0000,0.0000,0.0000,0.0000
234,2,False,0.0000,0.0000,0.0000,0.0000,0.0000,0.0000,0.0000,0.0000,36.6783,36.6783,superzone rate on the increment,54.0103,52.2429,superzone rate on the increment,0.3431,0.3431,0.0000,0.0000,0.0000,0.0000,0.0000,0.0000
235,2,False,6419.9728,6824.0000,2203.4763,2657.0000,3521.7846,3782.3417,3492.0607,3968.1932,3592.3982,3858.1796,own rate (multiplicative),3664.7812,4028.1854,own rate (multiplicative),0.6863,0.7370,0.3287,0.3724,0.0000,0.0000,0.0000,0.0000
236,2,False,5431.5454,5775.0000,269.9859,303.0000,2782.4909,2960.4077,1656.3165,1774.0316,3039.8809,3234.2557,own rate (multiplicative),427.1937,442.5815,own rate (multiplicative),1.4216,1.5125,3.6505,3.8987,0.0000,0.0000,0.0000,0.0000
237,2,False,0.0000,0.0000,0.0000,0.0000,0.0000,0.0000,0.0000,0.0000,36.6783,36.6783,superzone rate on the increment,54.0103,52.2429,superzone rate on the increment,0.0000,0.0000,0.0000,0.0000,0.0000,0.0000,0.0000,0.0000
238,2,False,0.0000,0.0000,0.0000,0.0000,0.0000,0.0000,0.0000,0.0000,36.6783,36.6783,superzone rate on the increment,54.0103,52.2429,superzone rate on the increment,0.0000,0.0000,0.0000,0.0000,0.0000,0.0000,0.0000,0.0000
239,2,False,5621.0408,5973.0000,1968.6619,2118.0000,3088.3870,3284.9880,3089.5706,3304.2511,4045.6994,4303.2411,own rate (multiplicative),3644.5167,3770.2073,own rate (multiplicative),3.1618,3.3630,5.9477,6.3426,0.0000,0.0000,0.0000,0.0000
240,2,False,5619.5425,5974.0000,1584.4276,1673.0000,3040.1308,3230.4846,2776.3135,2942.1766,4045.7941,4299.1162,own rate (multiplicative),2896.8112,2969.4143,own rate (multiplicative),1.8382,1.9533,0.1945,0.2055,0.0000,0.0000,0.0000,0.0000
241,2,False,1268.7999,1349.0000,2017.0000,2017.0000,891.5244,932.1167,1977.8916,1999.1021,913.5496,955.1448,own rate (multiplicative),3556.3539,3476.8650,own rate (multiplicative),0.5147,0.5381,1.2046,1.2140,0.0000,0.0000,0.0000,0.0000
242,2,False,8007.9188,8385.0000,1634.0544,1845.0000,4255.1155,4472.0474,3448.3762,3719.8644,7800.1330,8197.7950,own rate (multiplicative),5155.8937,5379.8082,own rate (multiplicative),17.7451,18.6498,1.4625,1.5731,0.0000,0.0000,0.0000,0.0000
243,2,False,0.0000,0.0000,0.0000,0.0000,0.0000,0.0000,0.0000,0.0000,0.0000,0.0000,superzone rate on the increment,0.0000,0.0000,superzone rate on the increment,0.0000,0.0000,0.0000,0.0000,0.0000,0.0000,0.0000,0.0000
244,2,False,0.0000,0.0000,0.0000,0.0000,0.0000,0.0000,0.0000,0.0000,0.0000,0.0000,superzone rate on the increment,0.0000,0.0000,superzone rate on the increment,0.0000,0.0000,3.9646,3.9532,0.0000,0.0000,0.0000,0.0000
245,2,False,0.0000,0.0000,0.0000,0.0000,0.0000,0.0000,0.0000,0.0000,0.0000,0.0000,superzone rate on the increment,0.0000,0.0000,superzone rate on the increment,0.6863,0.6863,0.0754,0.0751,0.0000,0.0000,0.0000,0.0000
301,3,False,9903.4137,10149.0000,1726.5733,1884.0000,5225.9360,5369.6974,4025.0112,4218.1454,4067.1365,4179.0202,own rate (multiplicative),2662.1023,2698.5443,own rate (multiplicative),29.6486,30.4642,174.8269,182.6882,0.0000,0.0000,0.0000,0.0000
302,3,False,0.0000,0.0000,4756.0000,4756.0000,587.9223,587.9223,3872.5483,3872.5483,539.5468,539.5468,own rate (multiplicative),1884.8802,1823.1992,own rate (multiplicative),0.0000,0.0000,136.1853,135.7932,0.0000,0.0000,0.0000,0.0000
303,3,False,4052.2535,4182.0000,2729.4192,3159.0000,2388.4054,2507.1786,3294.1157,3678.2138,2117.4289,2222.7267,own rate (multiplicative),4156.0111,4488.7476,own rate (multiplicative),394.5488,414.1693,49.2072,54.7866,132.8173,139.4222,0.0000,0.0000
304,3,False,3883.3973,3968.0000,437.7832,492.0000,2019.6556,2069.1784,1383.5056,1450.0262,3880.1268,3975.2692,own rate (multiplicative),1273.1459,1290.6946,own rate (multiplicative),456.5982,467.7942,19.2058,20.0713,0.0000,0.0000,0.0000,0.0000
305,3,False,3514.8075,3451.0000,1275.0000,1275.0000,1936.5922,1904.2968,1967.7240,1950.8488,457.3781,449.7506,own rate (multiplicative),777.5830,745.6870,own rate (multiplicative),0.9854,0.9689,0.2491,0.2462,0.0000,0.0000,0.0000,0.0000
306,3,False,2823.2710,2698.0000,3314.0000,3314.0000,1838.6337,1775.2292,3445.0784,3411.9479,718.5460,693.7672,own rate (multiplicative),4600.3998,4407.0627,own rate (multiplicative),5.5685,5.3765,201.1910,198.6825,0.0000,0.0000,0.0000,0.0000
307,3,False,1031.9219,987.0000,333.3084,343.0000,563.4983,541.9597,544.3073,540.3181,164.9170,158.6134,own rate (multiplicative),176.9796,169.9335,own rate (multiplicative),0.2912,0.2800,0.0000,0.0000,0.0000,0.0000,0.0000,0.0000
308,3,False,0.0000,0.0000,0.0000,0.0000,0.0000,0.0000,0.0000,0.0000,793.3795,793.3795,superzone rate on the increment,2004.8149,1939.2091,superzone rate on the increment,0.1820,0.1820,47.8203,47.6826,0.0000,0.0000,0.0000,0.0000
309,3,False,1955.8612,1869.0000,460.9935,458.0000,1046.9239,1002.5901,892.6286,867.2189,2800.1498,2681.5724,own rate (multiplicative),1063.8558,999.7493,own rate (multiplicative),137.2369,131.4254,0.7329,0.7100,0.0000,0.0000,0.0000,0.0000
310,3,False,8717.5884,8735.0000,4927.4884,5079.0000,5021.4312,5048.9733,6317.7243,6445.6967,1904.3868,1914.8322,own rate (multiplicative),1376.7771,1358.6988,own rate (multiplicative),6.8386,6.8761,24.0749,24.4918,0.0000,0.0000,0.0000,0.0000
311,3,False,813.8819,779.0000,318.1966,320.0000,451.2717,433.8396,474.3375,466.5806,0.0000,0.0000,own rate (multiplicative),291.6053,277.4502,own rate (multiplicative),0.9159,0.8805,0.0000,0.0000,0.0000,0.0000,0.0000,0.0000
312,3,False,1217.7760,1164.0000,638.8463,607.0000,695.3360,664.1811,842.2427,802.0899,0.0000,0.0000,own rate (multiplicative),22.6969,20.9075,own rate (multiplicative),0.0416,0.0397,3.1053,2.9488,0.0000,0.0000,0.0000,0.0000
313,3,False,5469.9687,5814.0000,1100.4525,1235.0000,2904.5982,3095.3581,2342.6815,2543.2221,2733.5529,2913.0794,own rate (multiplicative),2207.5466,2318.0954,own rate (multiplicative),26.8775,28.6426,10.5644,11.4357,0.0000,0.0000,0.0000,0.0000
314,3,False,6761.4272,7190.0000,930.6494,1113.0000,3537.2649,3776.7239,2545.9725,2807.7953,7743.3958,8267.5933,own rate (multiplicative),5040.3577,5376.7948,own rate (multiplicative),160.8160,171.7027,144.6966,159.1174,0.0000,0.0000,0.0000,0.0000
315,3,False,8783.9693,9338.0000,2107.1176,2400.0000,4706.3835,5023.0052,4038.8077,4423.8104,537.7223,573.8975,own rate (multiplicative),835.4373,885.1310,own rate (multiplicative),3.5943,3.8361,0.0977,0.1067,0.0000,0.0000,0.0000,0.0000
316,3,False,4582.4242,4872.0000,604.6364,682.0000,2394.0862,2550.2152,1704.2367,1843.8138,957.5901,1020.0388,own rate (multiplicative),1063.5255,1112.9751,own rate (multiplicative),8.3016,8.8430,1.9537,2.1077,0.0000,0.0000,0.0000,0.0000
317,3,False,4856.1680,5128.0000,740.5515,827.0000,2549.4399,2697.7112,1887.3020,2029.5837,2412.2860,2552.5806,own rate (multiplicative),1947.1083,2025.3778,own rate (multiplicative),64.7797,68.5472,0.3907,0.4190,0.0000,0.0000,0.0000,0.0000
318,3,False,8118.3359,8627.0000,2055.4574,2417.0000,4363.0945,4665.2419,3820.7035,4249.6142,8500.8321,9089.5209,own rate (multiplicative),6359.7121,6842.1721,own rate (multiplicative),8.8125,9.4227,10.5935,11.7488,0.0000,0.0000,0.0000,0.0000
319,3,False,0.0000,0.0000,5741.0000,5741.0000,709.6850,709.6850,4674.5794,4674.5794,651.2907,651.2907,own rate (multiplicative),2275.2531,2200.7976,own rate (multiplicative),1.7058,1.7058,159.3737,158.9149,0.0000,0.0000,0.0000,0.0000
320,3,False,0.0000,0.0000,7024.0000,7024.0000,868.2856,868.2856,5719.2555,5719.2555,796.8419,796.8419,own rate (multiplicative),2783.7248,2692.6299,own rate (multiplicative),13.2089,13.2089,347.6818,346.6808,0.0000,0.0000,0.0000,0.0000
321,3,False,0.0000,0.0000,0.0000,0.0000,0.0000,0.0000,0.0000,0.0000,0.0000,0.0000,superzone rate on the increment,0.0000,0.0000,superzone rate on the increment,0.0000,0.0000,0.0000,0.0000,0.0000,0.0000,0.0000,0.0000
322,3,False,0.0000,0.0000,0.0000,0.0000,0.0000,0.0000,0.0000,0.0000,0.0000,0.0000,superzone rate on the increment,0.0000,0.0000,superzone rate on the increment,0.0000,0.0000,0.0000,0.0000,0.0000,0.0000,0.0000,0.0000
323,3,False,3865.0920,3990.0000,1574.6083,1751.0000,2150.9215,2235.9473,2304.3183,2480.9788,2020.0216,2099.8729,own rate (multiplicative),2334.5446,2431.2696,own rate (multiplicative),384.7711,399.9811,18.6161,19.9856,126.7075,131.7162,0.0000,0.0000
324,3,False,3653.0940,3742.0000,392.4352,460.0000,1897.4844,1950.8353,1285.6729,1364.2001,1899.3741,1952.7781,own rate (multiplicative),530.4823,544.4636,own rate (multiplicative),383.3701,394.1492,2.4713,2.6147,119.1397,122.4895,0.0000,0.0000
325,3,False,2708.7766,2768.0000,350.4360,387.0000,1414.3369,1448.8321,1001.7314,1047.1663,1749.1460,1791.8070,own rate (multiplicative),633.3419,640.4024,own rate (multiplicative),99.7181,102.1502,100.3915,104.6428,0.0000,0.0000,0.0000,0.0000
326,3,False,2969.1222,3035.0000,734.4286,876.0000,1593.5759,1644.4198,1383.2490,1515.9455,1917.6640,1978.8482,own rate (multiplicative),1466.0235,1554.0841,own rate (multiplicative),258.7752,267.0316,274.1566,299.5917,0.0000,0.0000,0.0000,0.0000
327,3,False,4267.9742,4405.0000,3664.4547,4144.0000,2613.1763,2741.8103,4112.5153,4539.2218,2774.3529,2910.9208,own rate (multiplicative),7059.4610,7536.9527,own rate (multiplicative),196.9128,206.6058,1051.1041,1156.8242,0.0000,0.0000,0.0000,0.0000
328,3,False,4264.3272,4358.0000,1564.9399,1671.0000,2351.7947,2412.3170,2402.0317,2513.1642,2753.8051,2824.6729,own rate (multiplicative),2901.6088,2936.5092,own rate (multiplicative),162.3238,166.5011,528.2812,551.1312,0.0000,0.0000,0.0000,0.0000
329,3,False,2081.0686,2127.0000,159.5228,186.0000,1073.0293,1099.5501,680.2712,713.9777,295.9789,303.2942,own rate (multiplicative),179.2433,181.9683,own rate (multiplicative),84.0903,86.1686,35.0347,36.6647,0.0000,0.0000,121.1726,127.2053
330,3,False,4553.6774,4654.0000,345.6624,415.0000,2347.5227,2406.8712,1485.7658,1568.7560,647.6261,663.9990,own rate (multiplicative),380.8926,389.0075,own rate (multiplicative),153.3633,157.2405,73.1628,77.0271,0.0000,0.0000,257.4919,271.9360
331,3,False,4973.5521,5100.0000,927.5959,992.0000,2631.9744,2703.9361,2070.6465,2156.5289,2381.2342,2446.3402,own rate (multiplicative),2434.5383,2452.5411,own rate (multiplicative),70.0941,72.0106,44.2514,45.9541,0.0000,0.0000,0.0000,0.0000
332,3,False,5617.4980,5742.0000,815.1839,902.0000,2944.0044,3017.7517,2149.4201,2253.0368,2683.8376,2751.0677,own rate (multiplicative),2188.6655,2219.0992,own rate (multiplicative),93.4664,95.8078,1.0658,1.1139,0.0000,0.0000,0.0000,0.0000
333,3,False,0.0000,0.0000,0.0000,0.0000,0.0000,0.0000,0.0000,0.0000,0.0000,0.0000,superzone rate on the increment,0.0000,0.0000,superzone rate on the increment,0.0000,0.0000,0.0000,0.0000,0.0000,0.0000,0.0000,0.0000
334,3,False,6275.4051,6669.0000,1397.9335,1577.0000,3349.0345,3570.3838,2797.9178,3047.8159,3135.7172,3342.9677,own rate (multiplicative),2814.0061,2965.0307,own rate (multiplicative),31.0584,33.1112,3.8794,4.2137,0.0000,0.0000,0.0000,0.0000
335,3,False,4343.3576,4617.0000,1028.5014,1179.0000,2325.4822,2482.5874,1986.1406,2181.0536,2170.6892,2317.3369,own rate (multiplicative),2092.5962,2222.7578,own rate (multiplicative),34.4353,36.7617,0.8418,0.9217,0.0000,0.0000,0.0000,0.0000
336,3,False,6499.9504,6907.0000,1217.6051,1301.0000,3440.3940,3656.7266,2710.4719,2886.0282,7440.3885,7908.2416,own rate (multiplicative),6117.2563,6300.3215,own rate (multiplicative),154.3194,164.0231,205.9549,218.6632,0.0000,0.0000,0.0000,0.0000
337,3,False,3748.3216,3984.0000,531.6304,652.0000,1962.8896,2097.0554,1424.1967,1584.5369,783.1326,836.6606,own rate (multiplicative),819.4473,881.8685,own rate (multiplicative),1.2659,1.3524,0.1887,0.2093,0.0000,0.0000,0.0000,0.0000
338,3,False,5556.0816,5905.0000,736.9609,826.0000,2903.2495,3090.8574,2069.4846,2234.2628,1160.7673,1235.7761,own rate (multiplicative),1290.8101,1347.9841,own rate (multiplicative),3.7037,3.9430,0.3907,0.4206,0.0000,0.0000,0.0000,0.0000
401,4,False,7528.8103,8002.0000,741.4787,873.0000,3902.2826,4158.0406,2594.8912,2827.1263,3341.9458,3560.9790,own rate (multiplicative),2160.6695,2277.0091,own rate (multiplicative),32.6766,34.8182,0.6987,0.7591,0.0000,0.0000,0.0000,0.0000
402,4,False,7418.5401,7885.0000,550.7044,629.0000,3822.8876,4068.6598,2410.3911,2597.5076,2322.4630,2471.7733,own rate (multiplicative),665.4120,693.6020,own rate (multiplicative),20.3937,21.7048,8.4293,9.0576,0.0000,0.0000,0.0000,0.0000
403,4,False,7136.6715,7391.0000,446.3122,413.0000,3667.3184,3791.9259,2250.8444,2290.9824,2875.7788,2973.4915,own rate (multiplicative),654.8599,644.7258,own rate (multiplicative),163.8673,169.4352,6.3160,6.4101,0.0000,0.0000,0.0000,0.0000
404,4,False,5244.4220,5575.0000,1359.2650,1460.0000,2822.4339,3002.2048,2493.7679,2663.2188,2396.8923,2549.5589,own rate (multiplicative),1867.0511,1928.6676,own rate (multiplicative),126.7475,134.8205,39.8842,42.4717,0.0000,0.0000,0.0000,0.0000
405,4,False,7358.8880,7502.0000,1194.1885,1222.0000,3872.2410,3948.1135,2918.5684,2979.0627,3246.4129,3310.0230,own rate (multiplicative),1183.1525,1168.1560,own rate (multiplicative),83.2912,84.9232,24.1247,24.5538,0.0000,0.0000,0.0000,0.0000
406,4,False,7357.8879,7501.0000,1305.8513,1528.0000,3885.5382,3985.4341,3009.2248,3227.9571,3060.3999,3139.0818,own rate (multiplicative),1641.1071,1702.7874,own rate (multiplicative),148.8274,152.6537,43.1462,46.1491,0.0000,0.0000,0.0000,0.0000
407,4,False,7722.0330,7873.0000,2635.8066,3127.0000,4234.2512,4371.3813,4188.4395,4628.3175,3212.0731,3316.0990,own rate (multiplicative),3343.0755,3573.2832,own rate (multiplicative),157.7422,162.8508,64.7875,71.3855,0.0000,0.0000,0.0000,0.0000
408,4,True,3014.6037,3075.0000,1996.2763,2167.0000,1772.5816,1824.2549,2422.7305,2577.7144,1254.3577,1290.9240,own rate (multiplicative),2386.3582,2455.9284,own rate (multiplicative),69.1047,71.1192,47.3674,50.2524,0.0000,0.0000,0.0000,0.0000
409,4,True,4341.8529,4427.0000,1738.7965,2058.0000,2412.5251,2495.0803,2564.0968,2846.5254,1915.6377,1981.1897,own rate (multiplicative),1898.2271,2038.3521,own rate (multiplicative),50.6705,52.4044,12.5850,13.9310,0.0000,0.0000,0.0000,0.0000
410,4,False,1054.6830,1008.0000,132.0485,140.0000,550.1395,527.4943,386.4520,380.5802,0.0000,0.0000,own rate (multiplicative),0.0000,0.0000,own rate (multiplicative),0.0000,0.0000,0.0000,0.0000,0.0000,0.0000,0.0000,0.0000
411,4,False,7418.5401,7885.0000,818.4091,1028.0000,3855.9805,4117.9830,2628.3682,2922.3913,2322.4630,2480.2675,own rate (multiplicative),1053.5858,1133.1110,own rate (multiplicative),13.3276,14.2332,12.5203,13.8808,0.0000,0.0000,0.0000,0.0000
412,4,False,5113.9049,5296.0000,661.0513,782.0000,2670.0630,2777.1797,1890.7331,2037.3737,2060.6491,2143.3176,own rate (multiplicative),869.6076,906.3880,own rate (multiplicative),118.6304,123.3896,9.6487,10.3671,0.0000,0.0000,0.0000,0.0000
413,4,False,5231.6554,5418.0000,2572.1684,3040.0000,2965.9076,3118.0558,3477.9918,3908.2038,2108.1126,2216.2567,own rate (multiplicative),3381.6056,3675.5469,own rate (multiplicative),125.0262,131.4399,28.3026,31.7119,0.0000,0.0000,0.0000,0.0000
414,4,False,4279.8056,4434.0000,750.2447,887.0000,2258.9188,2353.8678,1742.7640,1894.8961,1725.0161,1797.5236,own rate (multiplicative),986.5625,1037.5804,own rate (multiplicative),106.4367,110.9106,28.1962,30.5693,0.0000,0.0000,0.0000,0.0000
415,4,False,10228.1961,10593.0000,1469.1872,1737.0000,5358.5037,5576.2514,3901.3312,4215.8762,4121.6126,4289.0981,own rate (multiplicative),1931.9682,2019.4140,own rate (multiplicative),237.1306,246.7666,16.3614,17.6296,0.0000,0.0000,0.0000,0.0000
416,4,False,0.0000,0.0000,825.0000,825.0000,101.9840,101.9840,671.7520,671.7520,0.0000,0.0000,superzone rate on the increment,970.2753,938.5239,own rate (multiplicative),1.8117,1.8117,11.1082,11.0762,0.0000,0.0000,0.0000,0.0000
417,4,False,3710.6754,3843.0000,1434.8513,1695.0000,2055.4889,2154.6223,2149.6833,2396.5040,1495.2684,1567.3832,own rate (multiplicative),1885.7729,2033.4965,own rate (multiplicative),90.2753,94.6292,17.4649,19.4141,0.0000,0.0000,0.0000,0.0000
418,4,False,4370.1423,4645.0000,999.8066,1217.0000,2335.4918,2501.4567,1969.8598,2219.4001,1997.1411,2139.0622,own rate (multiplicative),1492.7432,1626.8060,own rate (multiplicative),111.9965,119.9552,12.2168,13.7247,0.0000,0.0000,0.0000,0.0000
419,4,False,4494.8061,4777.0000,1028.4085,1252.0000,2402.1246,2572.5937,2026.1186,2282.8087,2053.9669,2199.7286,own rate (multiplicative),1535.5985,1673.5270,own rate (multiplicative),137.7102,147.4830,20.4205,22.9413,0.0000,0.0000,0.0000,0.0000
420,4,True,0.0000,0.0000,77.0000,77.0000,9.5185,9.5185,62.6969,62.6969,0.0000,0.0000,superzone rate on the increment,89.0027,86.0902,superzone rate on the increment,3.0435,3.0435,3.1140,3.1051,0.0000,0.0000,0.0000,0.0000
421,4,False,5909.4469,6026.0000,652.9257,764.0000,3071.7133,3144.4360,2094.5140,2215.7805,2458.3840,2516.5862,own rate (multiplicative),820.5521,839.6533,own rate (multiplicative),113.7127,116.4049,21.6465,22.8339,0.0000,0.0000,0.0000,0.0000
422,4,True,4946.3816,5043.0000,966.7516,764.0000,2623.0627,2646.9015,2095.3431,1955.8063,2182.2451,2202.0777,own rate (multiplicative),806.2488,727.9309,own rate (multiplicative),76.6230,77.3194,16.7085,15.5509,0.0000,0.0000,0.0000,0.0000
423,4,True,2411.2908,2459.0000,1311.9829,1546.0000,1382.6313,1435.7072,1705.9899,1909.1547,1063.9894,1104.8335,own rate (multiplicative),1428.0760,1545.8465,own rate (multiplicative),29.2117,30.3330,8.3454,9.3124,0.0000,0.0000,0.0000,0.0000
501,5,False,4836.5246,5004.0000,128.5251,134.0000,2463.8408,2549.2834,1383.7676,1432.5177,3293.8611,3408.0876,own rate (multiplicative),275.1070,275.4793,own rate (multiplicative),19.3548,20.0260,7.9170,8.1724,72.0843,74.5840,16.4323,17.0150
502,5,False,0.0000,0.0000,0.0000,0.0000,0.0000,0.0000,0.0000,0.0000,0.0000,0.0000,superzone rate on the increment,0.0000,0.0000,superzone rate on the increment,7.5806,7.5806,0.0000,0.0000,0.0000,0.0000,0.0000,0.0000
503,5,False,3237.7413,3350.0000,1031.9884,1026.0000,1766.3179,1822.3961,1696.5773,1721.3904,849.8648,876.8469,own rate (multiplicative),850.1553,834.3617,own rate (multiplicative),867.9196,895.4749,20.5447,20.7852,171.7348,177.1871,0.0000,0.0000
504,5,False,4044.6019,4186.0000,706.1714,714.0000,2134.4248,2206.9597,1644.6731,1688.4431,619.2095,640.2523,own rate (multiplicative),392.5304,389.7898,own rate (multiplicative),142.3492,147.1867,14.4220,14.7632,307.8283,318.2893,85.1920,87.4790
505,5,False,4362.5212,4513.0000,575.1319,597.0000,2279.1375,2358.0039,1622.0551,1679.6582,1151.9870,1191.8499,own rate (multiplicative),677.5917,678.6937,own rate (multiplicative),181.7576,188.0471,194.3543,200.6768,179.9961,186.2246,0.0000,0.0000
506,5,False,2096.5686,2170.0000,231.0000,231.0000,1089.7103,1126.8768,742.5705,761.9909,610.9196,631.7561,own rate (multiplicative),223.8073,222.1451,own rate (multiplicative),224.4661,232.1219,27.7129,28.3558,57.3292,59.2845,0.0000,0.0000
507,5,False,1868.1574,1946.0000,387.9692,394.0000,993.5066,1033.6513,809.9739,835.4715,546.6902,568.7804,own rate (multiplicative),372.0438,371.1975,own rate (multiplicative),183.3246,190.7322,26.7152,27.4769,51.3018,53.3748,0.0000,0.0000
508,5,False,1708.1441,1767.0000,318.3694,313.0000,903.9139,933.0394,710.9838,722.1775,497.5545,513.5865,own rate (multiplicative),311.9735,306.5154,own rate (multiplicative),168.5047,173.9342,71.4659,72.3821,46.6909,48.1953,0.0000,0.0000
509,5,False,2378.4741,2461.0000,311.5689,317.0000,1242.3533,1284.7943,882.7289,908.9768,692.9189,716.5902,own rate (multiplicative),298.4095,297.2271,own rate (multiplicative),276.0539,285.4844,29.7936,30.5912,65.0238,67.2452,0.0000,0.0000
510,5,False,3305.3132,3420.0000,1545.1623,1532.0000,1863.9557,1920.3760,2132.2973,2151.9112,831.1371,856.2949,own rate (multiplicative),2133.7746,2082.9339,own rate (multiplicative),273.3430,281.6168,457.0139,459.8898,41.0292,42.2712,0.0000,0.0000
511,5,False,3243.1299,3356.0000,238.1752,234.0000,1670.9165,1727.5283,1051.6442,1078.0953,815.5559,843.1875,own rate (multiplicative),336.5716,333.7460,own rate (multiplicative),183.8425,190.0713,69.8060,71.3557,40.2601,41.6241,0.0000,0.0000
512,5,False,2834.4703,2934.0000,173.1972,172.0000,1456.0456,1506.2735,890.6579,916.0057,712.9327,737.5261,own rate (multiplicative),243.0019,241.7394,own rate (multiplicative),184.4451,190.8078,47.1510,48.3533,35.1941,36.4081,0.0000,0.0000
513,5,False,5118.5894,5297.0000,763.9374,776.0000,2685.1525,2776.9442,1975.7465,2032.7527,1287.2245,1331.2281,own rate (multiplicative),1072.1241,1066.9615,own rate (multiplicative),299.7828,310.0309,214.9746,220.5405,63.5442,65.7164,0.0000,0.0000
514,5,False,1339.8867,1386.0000,73.1934,72.0000,687.2166,710.4088,413.9575,425.1813,353.7986,365.7386,own rate (multiplicative),85.5139,84.9582,own rate (multiplicative),108.4704,112.1310,24.0276,24.6081,55.2805,57.1461,0.0000,0.0000
601,6,False,7792.6885,8355.0000,1586.5203,1799.0000,4140.3031,4451.1769,3352.7499,3674.4750,5434.7067,5842.7705,own rate (multiplicative),3775.8735,4002.7820,own rate (multiplicative),93.9584,101.0132,136.9444,149.6532,118.9355,127.8657,225.5354,247.2333
602,6,False,3165.6392,3394.0000,271.1466,366.0000,1635.7712,1763.0790,1057.9970,1195.6255,1804.1665,1944.5800,own rate (multiplicative),537.5288,587.5744,own rate (multiplicative),409.1300,440.9715,152.8617,172.2491,145.7451,157.0880,29.7588,33.6375
603,6,False,3340.3690,3581.0000,1581.2933,1631.0000,1886.1651,2014.1024,2170.9880,2275.1011,1903.6298,2032.7517,own rate (multiplicative),3555.1268,3603.7010,own rate (multiplicative),346.8641,370.3917,694.9084,726.1371,153.7802,164.2110,196.8198,206.3052
604,6,False,4748.8318,5092.0000,92.2092,311.0000,2414.9668,2615.7038,1331.0054,1599.9124,2706.6741,2931.6584,own rate (multiplicative),99.2734,115.4249,own rate (multiplicative),463.6207,502.1578,25.3282,30.3577,218.6521,236.8269,5.4960,6.6079
605,6,False,3786.0801,4058.0000,1252.3661,1347.0000,2071.0959,2220.4234,2021.0380,2170.0079,2265.0831,2428.3973,own rate (multiplicative),3546.5389,3683.3411,own rate (multiplicative),145.1784,155.6459,195.4849,209.2897,0.0000,0.0000,229.4138,246.3795
606,6,False,4473.3532,4795.0000,229.5579,235.0000,2292.5150,2455.9857,1369.9850,1459.4822,2676.3918,2867.2353,own rate (multiplicative),670.2828,690.7031,own rate (multiplicative),75.1771,80.5376,53.7731,57.1210,0.0000,0.0000,43.3584,46.2013
607,6,False,5385.4162,5774.0000,627.0509,644.0000,2803.2824,3002.0550,1934.8551,2051.4246,3222.5817,3451.0855,own rate (multiplicative),1721.8981,1765.8952,own rate (multiplicative),100.2795,107.3901,154.7904,163.6436,0.0000,0.0000,111.3839,118.1212
608,6,False,3466.1579,3716.0000,408.3553,426.0000,1804.8368,1933.4727,1249.1966,1329.6396,2483.7635,2660.7886,own rate (multiplicative),645.2280,664.3037,own rate (multiplicative),657.9666,704.8618,66.0845,70.1375,140.6315,150.6547,3.4068,3.6270
609,6,False,2230.5392,2392.0000,367.4135,382.0000,1174.3811,1257.9058,889.0758,943.6543,1334.9254,1429.8684,own rate (multiplicative),1061.7753,1090.0769,own rate (multiplicative),58.0356,62.1633,82.0093,86.7931,0.0000,0.0000,68.6828,72.9156
610,6,False,2440.4429,2616.0000,1636.1958,1778.0000,1437.4645,1543.8502,1977.6884,2139.5813,1748.6051,1878.0181,own rate (multiplicative),2556.5562,2675.3257,own rate (multiplicative),467.3508,501.9391,256.4283,276.6207,99.0065,106.3339,13.4987,14.6070
611,6,False,2199.6042,2363.0000,597.4752,648.0000,1187.1632,1276.1099,1068.2208,1152.5737,1578.3414,1696.5966,own rate (multiplicative),932.3500,973.0541,own rate (multiplicative),420.3211,451.8132,122.7773,132.0911,89.3661,96.0618,4.9229,5.3128
612,6,False,4597.1389,4928.0000,3015.5942,3265.0000,2699.5691,2897.8616,3671.2382,3961.8185,3293.9714,3535.9246,own rate (multiplicative),4700.4051,4906.4533,own rate (multiplicative),970.5837,1041.8763,483.0116,519.7414,186.5057,200.2052,24.8183,26.7888
613,6,False,0.0000,0.0000,3291.9991,3295.0000,406.9469,407.3179,2680.4932,2682.9366,41.5440,41.5819,own rate (multiplicative),1909.0052,1848.2180,own rate (multiplicative),2.6786,2.6810,24.3207,24.2728,0.0000,0.0000,0.0000,0.0000
701,7,False,0.0000,0.0000,3355.9964,3362.0000,414.8581,415.6002,2732.6027,2737.4910,347.1871,347.8082,own rate (multiplicative),1881.7331,1823.4112,own rate (multiplicative),1.2715,1.2738,388.6595,388.2338,0.0000,0.0000,12.7479,12.7736
702,7,False,5217.7453,5579.0000,1918.6623,1947.0000,2878.0827,3064.4308,2942.1990,3060.8139,1352.2357,1439.7893,own rate (multiplicative),1215.7775,1223.4025,own rate (multiplicative),354.1502,377.0805,95.8254,99.4015,484.1947,515.5450,0.0000,0.0000
703,7,False,5304.8722,5666.0000,425.5858,561.0000,2737.6115,2937.1318,1749.5117,1955.2795,3479.1207,3732.6831,own rate (multiplicative),3257.1126,3521.0741,own rate (multiplicative),205.4897,220.4660,198.8224,221.5670,481.9291,517.0527,0.0000,0.0000
704,7,False,2647.7424,2828.0000,5223.6515,5568.0000,1985.8572,2119.6599,4953.5801,5281.6368,3261.2510,3480.9869,own rate (multiplicative),3815.5223,3935.0813,own rate (multiplicative),103.3028,110.2631,978.1083,1039.8820,52.5167,56.0552,201.3493,214.7324
705,7,False,4940.0165,5276.0000,1013.0313,1047.0000,2625.5620,2799.8155,2131.3427,2247.8591,2399.3770,2558.6189,own rate (multiplicative),1422.9023,1451.5810,own rate (multiplicative),150.7606,160.7663,109.6838,115.3469,251.3670,268.0498,41.1288,43.3870
706,7,False,2098.5169,2242.0000,745.9049,772.0000,1154.3474,1230.1956,1162.3444,1221.5392,1019.4832,1086.4699,own rate (multiplicative),1048.6788,1066.0202,own rate (multiplicative),55.6530,59.3098,71.6937,75.1279,106.8046,113.8224,30.3119,31.8628
707,7,False,4461.6321,4767.0000,1462.0527,1562.0000,2438.9398,2605.8535,2370.4376,2532.5799,2167.6070,2315.9516,own rate (multiplicative),2099.4792,2169.6844,own rate (multiplicative),121.9515,130.2975,167.1047,178.0210,227.0860,242.6271,60.6851,64.8507
708,7,False,4497.4315,4804.0000,699.7914,721.0000,2362.8308,2520.6188,1759.2381,1857.5854,2184.6210,2330.5083,own rate (multiplicative),980.8815,1001.8232,own rate (multiplicative),89.4258,95.3975,85.7781,90.3126,228.8685,244.1522,28.3523,29.9441
709,7,True,6241.4815,6667.0000,2887.9380,3071.0000,3516.0543,3754.0553,4002.1744,4263.7687,3137.4070,3349.7774,own rate (multiplicative),2989.4682,3080.6469,own rate (multiplicative),84.8507,90.5942,285.0948,302.8550,801.7558,856.0265,1118.9630,1192.3711
710,7,False,0.0000,0.0000,0.0000,0.0000,0.0000,0.0000,0.0000,0.0000,0.0000,0.0000,superzone rate on the increment,0.0000,0.0000,superzone rate on the increment,0.0000,0.0000,0.0000,0.0000,0.0000,0.0000,0.0000,0.0000
711,7,False,4763.6582,5088.0000,461.4452,543.0000,2468.1149,2642.3584,1635.5751,1787.7594,2603.3541,2787.1452,own rate (multiplicative),871.0839,920.9773,own rate (multiplicative),202.3311,216.6152,4.2069,4.5851,0.0000,0.0000,0.0000,0.0000
712,7,False,0.0000,0.0000,0.0000,0.0000,0.0000,0.0000,0.0000,0.0000,0.0000,0.0000,superzone rate on the increment,0.0000,0.0000,superzone rate on the increment,0.6634,0.6634,6.3067,6.2886,0.0000,0.0000,0.0000,0.0000
713,7,False,236.8092,254.0000,0.0000,0.0000,119.8583,128.5593,62.6290,67.1754,114.3452,122.7764,superzone rate on the increment,0.0000,3.4200,superzone rate on the increment,4.5215,5.0261,3.4745,3.8907,11.9792,12.9736,0.0000,0.2650
714,7,True,857.2661,876.0000,517.0194,534.0000,497.8080,509.3891,647.7017,666.4826,418.3721,428.1052,own rate (multiplicative),524.8976,522.4429,own rate (multiplicative),7.8899,8.0735,37.5714,38.5495,106.9139,109.4011,196.4699,202.2125
715,7,True,0.0000,0.0000,0.0000,0.0000,0.0000,0.0000,0.0000,0.0000,222.8916,222.8916,superzone rate on the increment,338.2799,327.2100,superzone rate on the increment,0.6634,0.6634,0.0000,0.0000,0.0000,0.0000,0.0000,0.0000
716,7,False,0.0000,0.0000,0.0000,0.0000,0.0000,0.0000,0.0000,0.0000,0.0000,0.0000,superzone rate on the increment,0.0000,0.0000,superzone rate on the increment,26.3707,26.3707,1.6359,1.6312,0.0000,0.0000,0.0000,0.0000
717,7,False,0.0000,0.0000,0.0000,0.0000,0.0000,0.0000,0.0000,0.0000,0.0000,0.0000,superzone rate on the increment,0.0000,0.0000,superzone rate on the increment,0.0000,0.0000,2.6599,2.6523,0.0000,0.0000,0.0000,0.0000
718,7,False,0.0000,0.0000,0.0000,0.0000,0.0000,0.0000,0.0000,0.0000,0.0000,0.0000,superzone rate on the increment,0.0000,0.0000,superzone rate on the increment,0.1106,0.1106,0.0000,0.0000,0.0000,0.0000,0.0000,0.0000
719,7,False,0.0000,0.0000,0.0000,0.0000,0.0000,0.0000,0.0000,0.0000,0.0000,0.0000,superzone rate on the increment,0.0000,0.0000,superzone rate on the increment,0.0000,0.0000,0.0000,0.0000,0.0000,0.0000,0.0000,0.0000
720,7,False,0.0000,0.0000,0.0000,0.0000,0.0000,0.0000,0.0000,0.0000,0.0000,0.0000,superzone rate on the increment,0.0000,0.0000,superzone rate on the increment,0.0000,0.0000,0.0000,0.0000,0.0000,0.0000,0.0000,0.0000
721,7,False,0.0000,0.0000,2237.3981,2241.0000,276.5804,277.0256,1821.7898,1824.7226,231.4370,231.8096,own rate (multiplicative),1254.3767,1215.2816,own rate (multiplicative),4.8650,4.8729,277.7387,277.3848,0.0000,0.0000,8.4979,8.5135
722,7,True,0.0000,0.0000,0.0000,0.0000,0.0000,0.0000,0.0000,0.0000,0.0000,0.0000,superzone rate on the increment,0.0000,0.0000,superzone rate on the increment,0.0000,0.0000,0.0000,0.0000,0.0000,0.0000,0.0000,0.0000
723,7,False,0.0000,0.0000,0.0000,0.0000,0.0000,0.0000,0.0000,0.0000,0.0000,0.0000,superzone rate on the increment,0.0000,0.0000,superzone rate on the increment,0.0000,0.0000,0.0000,0.0000,0.0000,0.0000,0.0000,0.0000
724,7,False,0.0000,0.0000,0.0000,0.0000,0.0000,0.0000,0.0000,0.0000,0.0000,0.0000,superzone rate on the increment,0.0000,0.0000,superzone rate on the increment,0.0000,0.0000,0.0000,0.0000,0.0000,0.0000,0.0000,0.0000
725,7,False,0.0000,0.0000,0.0000,0.0000,0.0000,0.0000,0.0000,0.0000,0.0000,0.0000,superzone rate on the increment,0.0000,0.0000,superzone rate on the increment,3.0959,3.0959,0.0000,0.0000,0.0000,0.0000,0.0000,0.0000
726,7,False,3385.4654,3616.0000,347.7865,363.0000,1756.5078,1875.0710,1178.5381,1251.8951,1644.4124,1755.4093,own rate (multiplicative),493.0355,506.5857,own rate (multiplicative),66.7012,71.2035,45.1860,47.8604,172.2744,183.9028,14.2511,15.1416
727,7,False,707.3188,676.0000,72.0000,72.0000,366.9019,351.0503,245.6904,237.4075,223.2599,213.6142,own rate (multiplicative),666.8762,623.3068,own rate (multiplicative),0.4976,0.4761,4.2605,4.1050,0.0000,0.0000,0.0000,0.0000
801,8,False,2625.6705,2931.0000,463.5855,530.0000,1386.2608,1549.0099,1071.8837,1206.7119,1597.8299,1785.4175,own rate (multiplicative),499.6345,544.0750,own rate (multiplicative),92.7047,103.5884,165.3929,185.6609,42.9999,48.0482,19.4175,21.8649
802,8,False,6341.6376,7112.0000,3205.5518,3598.0000,3606.0097,4044.4332,4287.2782,4810.5650,3871.1007,4341.7545,own rate (multiplicative),3902.0035,4234.9906,own rate (multiplicative),311.8867,349.8064,717.4078,802.6538,104.1770,116.8430,151.6451,170.1927
803,8,False,4684.1963,4677.0000,538.3086,517.0000,2437.3977,2431.1213,1677.1453,1657.8917,1827.0376,1822.3329,own rate (multiplicative),635.8016,607.9354,own rate (multiplicative),778.4954,776.4907,61.4283,60.5483,26.0808,26.0136,0.0000,0.0000
804,8,False,4864.5937,4855.0000,1108.2582,1075.0000,2599.1593,2590.1923,2188.9336,2159.3160,1896.8448,1890.3007,own rate (multiplicative),1317.6600,1257.2955,own rate (multiplicative),794.2722,791.5320,157.5148,154.9362,27.0774,26.9840,0.0000,0.0000
805,8,False,3198.7937,3191.0000,408.1146,398.0000,1669.4836,1664.2886,1178.2908,1167.9939,1766.1798,1760.6839,own rate (multiplicative),741.9693,711.4172,own rate (multiplicative),141.2159,140.7765,177.3150,175.2594,0.0000,0.0000,0.0000,0.0000
806,8,False,4707.7917,4697.0000,1139.6183,1104.0000,2523.6724,2513.8072,2172.9990,2141.1428,2599.6036,2589.4416,own rate (multiplicative),1907.9350,1818.4446,own rate (multiplicative),236.9895,236.0631,456.9828,448.9869,0.0000,0.0000,0.0000,0.0000
807,8,False,3215.5955,3209.0000,726.6699,710.0000,1717.3665,1711.9676,1442.1164,1426.7987,1775.9114,1770.3285,own rate (multiplicative),1223.5327,1170.9230,own rate (multiplicative),178.8496,178.2874,293.2391,289.2891,0.0000,0.0000,0.0000,0.0000
808,8,False,3207.1982,3203.0000,621.3843,616.0000,1700.1012,1697.3107,1354.1673,1348.6729,2068.0229,2064.6285,own rate (multiplicative),1540.8016,1484.3332,own rate (multiplicative),269.7306,269.2879,123.7035,122.8469,137.5064,137.2807,32.4042,32.2801
809,8,False,4759.1964,4752.0000,722.2595,705.0000,2498.0976,2492.3217,1846.7617,1830.8050,3068.3482,3061.2537,own rate (multiplicative),1772.5434,1699.7243,own rate (multiplicative),437.3126,436.3015,166.8023,164.8849,204.0196,203.5479,37.2779,36.9642
901,9,False,2625.5306,2649.0000,459.8357,445.0000,1385.7265,1395.7713,1068.7935,1062.9205,1849.2716,1862.6765,own rate (multiplicative),989.1516,951.5250,own rate (multiplicative),377.6621,380.3997,284.5459,282.1675,0.0000,0.0000,0.0000,0.0000
902,9,True,4089.3935,4140.0000,839.6436,820.0000,2173.5951,2196.7807,1765.1982,1762.5874,1088.5926,1100.2045,own rate (multiplicative),1449.7417,1400.2262,own rate (multiplicative),353.3376,357.1066,344.9582,343.4563,0.0000,0.0000,0.0000,0.0000
903,9,True,6126.7187,6199.0000,1632.3090,1682.0000,3302.7514,3345.4784,2949.4337,3009.0106,5700.2000,5773.9424,own rate (multiplicative),3401.9122,3357.0557,own rate (multiplicative),378.8006,383.7011,334.3886,340.1608,0.0000,0.0000,0.0000,0.0000
904,9,True,3498.0418,3539.0000,718.6591,692.0000,1859.3333,1876.7683,1510.2923,1499.4175,2407.6604,2430.2371,own rate (multiplicative),2004.9402,1925.3662,own rate (multiplicative),215.2312,217.2495,419.3364,415.1183,0.0000,0.0000,0.0000,0.0000
905,9,True,0.0000,0.0000,4075.2776,4562.0000,503.7734,563.9406,3318.2736,3714.5848,777.0344,869.8379,own rate (multiplicative),3623.9253,3923.9882,own rate (multiplicative),3.1162,3.4884,216.9462,242.1575,0.0000,0.0000,206.7844,231.5336
906,9,False,6521.6272,6580.0000,1681.1994,1683.0000,3508.6736,3538.4409,3093.6840,3110.5880,6880.6302,6939.0050,own rate (multiplicative),5944.5242,5781.4132,own rate (multiplicative),534.9704,539.5090,930.1999,932.5896,266.8067,269.0703,0.0000,0.0000
907,9,False,3914.7006,3949.0000,733.1205,720.0000,2072.0081,2087.7465,1632.2612,1630.6491,2537.0624,2556.3332,own rate (multiplicative),3164.6857,3058.1009,own rate (multiplicative),320.3207,322.7537,35.3828,35.2461,44.2138,44.5496,0.0000,0.0000
908,9,False,5560.2358,5658.0000,1741.5054,1793.0000,3029.5309,3085.3788,2888.5285,2956.3134,2853.3358,2905.9355,own rate (multiplicative),2271.8985,2249.1224,own rate (multiplicative),208.4003,212.2420,79.5027,81.1341,67.6080,68.8543,0.0000,0.0000
909,9,False,4465.6796,4506.0000,614.5969,617.0000,2336.2285,2356.9333,1681.4715,1694.0918,3068.2461,3095.4384,own rate (multiplicative),1762.9637,1718.0712,own rate (multiplicative),241.3889,243.5282,342.6116,344.1892,0.0000,0.0000,0.0000,0.0000
910,9,False,8874.4883,8966.0000,1926.0319,2061.0000,4729.8134,4792.8154,3915.2992,4049.3985,4532.3850,4592.7572,own rate (multiplicative),2578.1053,2579.1499,own rate (multiplicative),309.4574,313.5794,77.5803,80.0064,107.3920,108.8225,0.0000,0.0000
911,9,True,0.0000,0.0000,0.0000,0.0000,0.0000,0.0000,0.0000,0.0000,0.0000,0.0000,superzone rate on the increment,0.0000,0.0000,superzone rate on the increment,0.0880,0.0880,0.0000,0.0000,0.0000,0.0000,0.0000,0.0000
912,9,True,2625.5306,2649.0000,368.2816,357.0000,1374.4089,1384.8930,994.2460,991.2670,395.4796,398.4964,own rate (multiplicative),151.0552,145.6742,own rate (multiplicative),2.7289,2.7497,0.1348,0.1340,0.0000,0.0000,0.0000,0.0000
913,9,True,6475.2295,6533.0000,2439.3511,2397.0000,3578.9103,3602.9149,3698.7343,3679.5287,4635.6899,4666.7825,own rate (multiplicative),1166.1526,1122.1342,own rate (multiplicative),1078.4319,1085.6652,272.6453,270.4487,0.0000,0.0000,0.0000,0.0000
914,9,True,0.0000,0.0000,0.0000,0.0000,0.0000,0.0000,0.0000,0.0000,0.0000,0.0000,superzone rate on the increment,0.0000,0.0000,superzone rate on the increment,0.0880,0.0880,0.1140,0.1136,0.0000,0.0000,0.0000,0.0000
915,9,False,0.0000,0.0000,0.0000,0.0000,0.0000,0.0000,0.0000,0.0000,0.0000,0.0000,superzone rate on the increment,0.0000,0.0000,superzone rate on the increment,0.8275,0.8275,5.8947,5.8777,0.0000,0.0000,0.0000,0.0000
916,9,False,0.0000,0.0000,0.0000,0.0000,0.0000,0.0000,0.0000,0.0000,0.0000,0.0000,superzone rate on the increment,0.0000,0.0000,superzone rate on the increment,0.0000,0.0000,0.0000,0.0000,0.0000,0.0000,0.0000,0.0000
917,9,True,0.0000,0.0000,0.0000,0.0000,0.0000,0.0000,0.0000,0.0000,0.0000,0.0000,superzone rate on the increment,0.0000,0.0000,superzone rate on the increment,0.1056,0.1056,0.0000,0.0000,0.0000,0.0000,0.0000,0.0000
918,9,True,0.0000,0.0000,0.0000,0.0000,0.0000,0.0000,0.0000,0.0000,0.0000,0.0000,superzone rate on the increment,0.0000,0.0000,superzone rate on the increment,0.0000,0.0000,0.0000,0.0000,0.0000,0.0000,0.0000,0.0000
919,9,True,0.0000,0.0000,0.0000,0.0000,0.0000,0.0000,0.0000,0.0000,0.0000,0.0000,superzone rate on the increment,0.0000,0.0000,superzone rate on the increment,0.0000,0.0000,0.0000,0.0000,0.0000,0.0000,0.0000,0.0000
920,9,True,0.0000,0.0000,0.0000,0.0000,0.0000,0.0000,0.0000,0.0000,0.0000,0.0000,superzone rate on the increment,0.0000,0.0000,superzone rate on the increment,0.0000,0.0000,0.0000,0.0000,0.0000,0.0000,0.0000,0.0000
921,9,False,5039.2155,5134.0000,1003.1924,1008.0000,2674.5543,2723.1227,2149.5665,2178.5488,5351.1898,5448.3645,own rate (multiplicative),3555.9531,3485.9632,own rate (multiplicative),393.2907,400.4326,535.7415,541.4016,207.5004,211.2685,0.0000,0.0000
922,9,True,0.0000,0.0000,0.0000,0.0000,0.0000,0.0000,0.0000,0.0000,0.0000,0.0000,superzone rate on the increment,0.0000,0.0000,superzone rate on the increment,0.8451,0.8451,0.0745,0.0743,0.0000,0.0000,0.0000,0.0000
923,9,True,0.0000,0.0000,0.0000,0.0000,0.0000,0.0000,0.0000,0.0000,0.0000,0.0000,superzone rate on the increment,0.0000,0.0000,superzone rate on the increment,0.1585,0.1585,0.0000,0.0000,0.0000,0.0000,0.0000,0.0000
924,9,False,0.0000,0.0000,0.0000,0.0000,0.0000,0.0000,0.0000,0.0000,0.0000,0.0000,superzone rate on the increment,0.0000,0.0000,superzone rate on the increment,0.0000,0.0000,0.0000,0.0000,0.0000,0.0000,0.0000,0.0000
925,9,False,0.0000,0.0000,1563.3999,1564.0000,193.2628,193.3369,1272.9903,1273.4789,0.0000,0.0954,superzone rate on the increment,233.1803,225.6362,own rate (multiplicative),0.0000,0.0100,0.0000,0.0000,0.0000,0.0016,0.0000,0.0000
1001,10,False,559.1124,594.0000,41.0000,41.0000,288.0568,305.7148,181.2526,190.4793,247.0313,262.1744,own rate (multiplicative),0.0000,0.0000,own rate (multiplicative),33.4639,35.5153,0.0754,0.0790,0.0000,0.0000,0.0000,0.0000
1002,10,True,10136.1271,10774.0000,897.9993,1060.0000,5241.2955,5584.1738,3411.8949,3712.5015,6691.4975,7129.2460,own rate (multiplicative),5108.3285,5376.5066,own rate (multiplicative),19.6875,20.9754,9.9490,10.7944,0.0000,0.0000,0.0000,0.0000
1003,10,False,8917.2679,9478.0000,1591.4424,1828.0000,4710.1049,5023.1557,3654.1754,3995.0882,2774.3619,2958.7561,own rate (multiplicative),3296.7615,3486.3812,own rate (multiplicative),28.1103,29.9786,17.1156,18.6585,0.0000,0.0000,0.0000,0.0000
1004,10,False,2973.5468,3159.0000,688.4785,722.0000,1590.1351,1688.1440,1347.0046,1423.3461,924.8390,981.8420,own rate (multiplicative),1342.2341,1371.8925,own rate (multiplicative),26.6667,28.3103,6.1367,6.4658,0.0000,0.0000,0.0000,0.0000
1005,10,True,2202.4419,2306.0000,509.8582,567.0000,1177.7685,1237.2470,997.6297,1071.5451,707.4249,743.1506,own rate (multiplicative),360.2069,374.2342,own rate (multiplicative),4.5833,4.8148,33.3910,35.7617,0.0000,0.0000,0.0000,0.0000
1006,10,False,9592.7858,10197.0000,1640.5433,1997.0000,5058.0804,5407.9608,3872.8099,4322.8496,2984.7278,3191.1891,own rate (multiplicative),3532.5459,3814.0126,own rate (multiplicative),31.4882,33.6664,18.0161,20.0517,0.0000,0.0000,0.0000,0.0000
1101,11,False,2003.0995,2046.0000,1617.9585,1683.0000,1213.8535,1243.6074,1847.1744,1911.4801,289.8943,297.0002,own rate (multiplicative),2006.2943,2008.1996,own rate (multiplicative),0.7535,0.7720,127.6979,131.7630,0.0000,0.0000,118.7766,122.9394
1102,11,True,4716.1055,5028.0000,484.8464,500.0000,2446.9394,2606.6745,1642.0531,1736.8786,3736.3832,3980.2927,own rate (multiplicative),1413.7923,1446.4994,own rate (multiplicative),73.2421,78.0233,0.2921,0.3081,23.5186,25.0539,0.0000,0.0000
1103,11,False,3091.5980,3426.0000,201.3736,218.0000,1589.6710,1760.9801,981.6030,1083.5803,0.0000,0.0000,own rate (multiplicative),184.7796,197.3011,own rate (multiplicative),1.6489,1.8266,0.0000,0.0000,0.0000,0.0000,0.0000,0.0000
1104,11,False,7027.4225,7660.0000,1713.4916,1899.0000,3768.6681,4111.7721,3253.7455,3572.0927,2900.0033,3164.0230,own rate (multiplicative),3053.2440,3242.2838,own rate (multiplicative),564.3843,615.7665,687.9690,753.1055,29.5589,32.2500,0.0000,0.0000
1105,11,False,1658.7408,1695.0000,2156.0938,2112.0000,1106.0829,1118.9844,2194.2758,2167.9620,424.2780,429.2268,own rate (multiplicative),1418.4445,1355.5739,own rate (multiplicative),3.0496,3.0852,51.3527,50.5908,0.0000,0.0000,0.0000,0.0000
1106,11,False,1538.7652,1572.0000,642.7143,680.0000,858.2792,879.7098,930.2843,969.4336,2782.7250,2852.2075,own rate (multiplicative),2111.7307,2128.5864,own rate (multiplicative),266.1120,272.7566,3.9356,4.0895,62.7150,64.2810,0.0000,0.0000
1107,11,False,7027.4225,7660.0000,1049.0617,1318.0000,3686.5333,4039.9506,2712.7370,3099.0165,2900.0033,3178.0183,own rate (multiplicative),2032.3402,2245.7581,own rate (multiplicative),532.6910,583.7586,379.9023,432.7488,29.5589,32.3926,0.0000,0.0000
1201,12,False,0.0000,0.0000,55.0000,55.0000,6.7989,6.7989,44.7835,44.7835,25.1586,25.1586,superzone rate on the increment,73.4304,71.0275,superzone rate on the increment,2.0833,2.0833,0.0510,0.0509,0.0000,0.0000,2.4551,2.4557
1202,12,False,0.0000,0.0000,544.5965,547.0000,67.3214,67.6185,443.4349,445.3919,249.8464,250.3024,superzone rate on the increment,710.9106,690.6816,own rate (multiplicative),10.8333,10.9541,11.8672,11.8853,0.0000,0.0061,23.7692,23.8795
1203,12,True,0.0000,0.0000,5698.2520,5863.0000,704.4006,724.7663,4639.7721,4773.9173,1105.1235,1137.0748,own rate (multiplicative),4478.3955,4457.0864,own rate (multiplicative),169.7222,174.6292,1269.3327,1302.2713,0.0000,0.0000,433.5625,446.1985
1204,12,False,0.0000,0.0000,1095.7204,1112.0000,135.4496,137.4621,892.1847,905.4402,506.1666,509.2547,superzone rate on the increment,1440.2396,1413.8071,own rate (multiplicative),0.0000,0.8182,26.0577,26.3687,0.0000,0.0414,48.1543,48.8808
1205,12,True,0.0000,0.0000,148.1927,150.0000,18.3191,18.5425,120.6652,122.1367,91.9739,92.3168,superzone rate on the increment,154.2084,150.5254,superzone rate on the increment,0.0000,0.0908,9.1565,9.4370,0.0000,0.0046,0.0000,0.0776
1206,12,False,0.0000,0.0000,148.1927,150.0000,18.3191,18.5425,120.6652,122.1367,22.7796,23.1224,superzone rate on the increment,114.7928,112.3996,superzone rate on the increment,9.1667,9.2575,38.8868,39.0816,0.9817,0.9863,9.5444,9.6241
1207,12,False,0.0000,0.0000,1163.5984,1166.0000,143.8405,144.1374,947.4539,949.4094,180.5634,181.0190,superzone rate on the increment,887.0539,859.7968,own rate (multiplicative),13.1944,13.3151,257.6146,257.4031,7.7813,7.7874,73.7536,73.9225
1208,12,True,0.0000,0.0000,6420.3695,6512.0000,793.6666,804.9937,5227.7526,5302.3622,1004.3658,1018.7000,own rate (multiplicative),4934.1562,4840.8055,own rate (multiplicative),39.4445,40.0074,1352.7153,1368.0707,43.2828,43.9005,410.2469,416.1959
1209,12,True,0.0000,0.0000,1766.6806,1792.0000,218.3917,221.5216,1438.5105,1459.1267,276.3807,281.1837,superzone rate on the increment,1357.7749,1332.1653,own rate (multiplicative),28.4722,29.7447,372.1262,376.3726,11.9105,11.9749,112.8915,114.5353
1210,12,True,0.0000,0.0000,883.3403,896.0000,109.1958,110.7608,719.2552,729.5633,255.3575,257.7589,superzone rate on the increment,472.2731,463.3653,own rate (multiplicative),49.4444,50.0807,128.3236,129.7879,0.0000,0.0322,0.0000,0.0000
1211,12,True,0.0000,0.0000,315.7814,320.0000,39.0359,39.5574,257.1234,260.5583,42.8225,43.6227,superzone rate on the increment,376.5679,369.1110,own rate (multiplicative),41.1112,41.3232,316.9615,320.2710,0.0000,0.0107,0.0000,0.0000
1212,12,True,0.0000,0.0000,280.7983,282.0000,34.7114,34.8600,228.6386,229.6170,175.1890,175.4169,superzone rate on the increment,293.7303,285.3341,own rate (multiplicative),101.6667,101.7271,64.0522,64.1411,0.0000,0.0031,0.0000,0.0000
1213,12,True,0.0000,0.0000,140.5991,140.0000,17.3804,17.3064,114.4821,113.9943,88.2200,88.1063,superzone rate on the increment,147.9142,142.6219,superzone rate on the increment,0.0000,0.0000,8.7828,8.6558,0.0000,0.0000,0.0000,0.0000
1214,12,True,0.0000,0.0000,2616.6243,2654.0000,323.4592,328.0794,2130.5727,2161.0057,338.8213,343.6611,own rate (multiplicative),995.1826,976.3661,own rate (multiplicative),264.7028,268.4838,234.9285,237.5981,15.5769,15.7994,96.6217,98.0239
1215,12,True,0.0000,0.0000,116.0000,116.0000,14.3396,14.3396,94.4524,94.4524,454.2829,454.2829,superzone rate on the increment,1160.1065,1122.1431,superzone rate on the increment,0.0000,0.0000,180.4550,179.9354,0.0000,0.0000,0.0000,0.0000
1216,12,True,0.0000,0.0000,2402.2438,2436.0000,296.9581,301.1309,1956.0146,1983.5004,311.0143,315.3847,own rate (multiplicative),913.5079,896.0307,own rate (multiplicative),290.8756,294.9630,234.6065,237.2182,14.2985,14.4994,88.6919,89.9586
1217,12,True,0.0000,0.0000,2802.8197,2842.0000,346.4761,351.3194,2282.1814,2314.0837,362.8586,367.9310,own rate (multiplicative),1065.7847,1045.3189,own rate (multiplicative),284.2503,288.2238,264.5281,267.4536,16.6820,16.9152,103.4765,104.9467
1218,12,True,14.0000,14.0000,975.9234,991.0000,127.7266,129.5904,798.3432,810.6192,472.4363,475.2963,superzone rate on the increment,522.2739,512.9511,own rate (multiplicative),181.8158,182.5735,261.5410,264.7981,0.0000,0.0384,14.4587,14.6843
1219,12,True,4.0000,4.0000,1951.2703,1979.0000,243.2347,246.6625,1589.8696,1612.4484,134.7628,140.0229,superzone rate on the increment,1043.3910,1023.5800,own rate (multiplicative),648.0742,649.4678,579.7811,586.3220,0.0000,0.0706,28.8854,29.3022
1220,12,True,27.0000,27.0000,4879.6758,4949.0000,616.8765,625.4461,3980.3914,4036.8382,301.3136,305.4994,own rate (multiplicative),4428.5029,4344.3306,own rate (multiplicative),1.8056,1.8306,795.8076,804.7693,0.0000,0.0000,162.8395,165.1861
1221,12,True,0.0000,0.0000,3311.0075,3592.0000,409.2967,444.0321,2695.9707,2924.7673,0.0000,0.0000,own rate (multiplicative),3142.8646,3298.0118,own rate (multiplicative),30.9723,33.6008,526.6304,569.6786,0.0000,0.0000,115.5656,125.4015
1222,12,True,0.0000,0.0000,2510.7977,2515.0000,310.3772,310.8967,2044.4040,2047.8257,264.0221,264.4639,own rate (multiplicative),832.3096,806.4205,own rate (multiplicative),6.9444,6.9561,25.3850,25.3543,0.0000,0.0000,68.5665,68.6968
1223,12,False,5.0000,5.0000,1864.7968,1869.0000,233.0512,233.5708,1519.7235,1523.1459,54.9237,55.7210,superzone rate on the increment,1679.0556,1627.7675,own rate (multiplicative),7.3611,7.5724,276.7264,276.5510,0.0000,0.0107,61.7402,61.8932
1224,12,True,0.0000,0.0000,158.0000,158.0000,19.5315,19.5315,128.6507,128.6507,98.8564,98.8564,superzone rate on the increment,165.7479,160.3239,superzone rate on the increment,0.0000,0.0000,9.8417,9.8134,0.0000,0.0000,0.0000,0.0000
1225,12,True,0.0000,0.0000,304.3996,305.0000,37.6290,37.7032,247.8558,248.3447,1001.8675,1001.9814,superzone rate on the increment,1642.7259,1592.1033,own rate (multiplicative),0.0000,0.0302,65.5975,65.5377,0.0000,0.0015,0.0000,0.0000
1226,12,False,0.0000,0.0000,510.1979,512.0000,63.0691,63.2919,415.4260,416.8933,319.9684,320.3103,superzone rate on the increment,523.0010,507.6731,own rate (multiplicative),0.6944,0.7850,40.8659,40.8922,0.0000,0.0046,0.0000,0.0000
1227,12,False,0.0000,0.0000,158.0000,158.0000,19.5315,19.5315,128.6507,128.6507,98.8564,98.8564,superzone rate on the increment,165.7479,160.3239,superzone rate on the increment,0.0000,0.0000,9.8417,9.8134,0.0000,0.0000,0.0000,0.0000
1302,13,True,2256.0970,2395.0000,2477.4319,2513.0000,1448.1509,1522.8519,2613.9065,2679.6034,1649.0231,1734.0858,own rate (multiplicative),2303.6347,2284.2543,own rate (multiplicative),339.8314,357.3611,404.1419,413.1066,186.5587,196.1820,105.1664,107.8340
1303,13,True,1293.6288,1397.0000,1247.1432,1333.0000,808.9239,871.8574,1357.6062,1454.8532,956.3962,1030.8029,own rate (multiplicative),1200.8181,1244.7237,own rate (multiplicative),122.8316,132.3878,188.7512,201.6893,108.2001,116.6180,54.8202,58.7603
1304,13,True,1503.6054,1596.0000,2298.9648,2259.0000,1045.2241,1087.0483,2269.5790,2261.4735,1098.9311,1142.9044,own rate (multiplicative),2092.8583,2017.1417,own rate (multiplicative),152.4141,158.5129,376.5312,374.1062,124.3260,129.3008,95.5442,95.2244
1305,13,True,2299.2755,2534.0000,916.1847,985.0000,1277.0086,1404.3185,1354.0885,1472.1986,516.2221,567.6862,own rate (multiplicative),1064.5430,1119.5228,own rate (multiplicative),89.8173,98.7716,157.6775,170.9373,0.0000,0.0000,0.0000,0.0000
1306,13,True,1388.0846,1528.0000,603.4225,659.0000,777.1568,854.8437,858.4407,940.6978,311.4028,342.5316,own rate (multiplicative),708.5032,750.9863,own rate (multiplicative),51.8327,57.0140,103.5039,113.0953,0.0000,0.0000,0.0000,0.0000
1307,13,True,0.0000,0.0000,4269.1142,4330.0000,527.7349,535.2615,3476.1040,3525.6800,0.0000,0.0000,own rate (multiplicative),1573.9127,1544.1203,own rate (multiplicative),87.5976,88.8469,697.6287,705.5409,0.0000,0.0000,349.9158,354.9864
1308,13,True,0.0000,0.0000,4282.7207,4343.0000,529.4169,536.8685,3487.1831,3536.2652,0.0000,0.0000,own rate (multiplicative),1894.4827,1858.2797,own rate (multiplicative),31.4252,31.8675,370.8771,375.0143,0.0000,0.0000,395.1283,400.7802
1309,13,True,595.9100,637.0000,759.0028,808.0000,395.4388,422.2929,775.6145,826.3773,453.2949,484.0780,own rate (multiplicative),703.4415,724.9546,own rate (multiplicative),112.6816,120.3338,172.9888,183.7799,12.8175,13.6879,17.7614,18.9281
1310,13,True,892.4230,955.0000,1180.8102,1258.0000,597.6581,638.8727,1197.4879,1276.8890,679.3392,726.1865,own rate (multiplicative),1094.9300,1129.3245,own rate (multiplicative),168.6505,180.2807,241.9112,257.2087,19.2092,20.5338,27.6462,29.4860
1311,13,True,770.0121,824.0000,388.1480,396.0000,437.7147,466.0107,519.6928,540.3644,301.8260,321.3375,own rate (multiplicative),904.5421,909.7440,own rate (multiplicative),480.0537,511.0867,756.9052,784.7464,0.0000,0.0000,498.6395,518.5909
1312,13,True,1333.7812,1399.0000,5067.0544,5140.0000,1301.4524,1343.4794,4478.5681,4555.2121,237.9570,245.6412,own rate (multiplicative),1868.2565,1838.0456,own rate (multiplicative),383.2784,395.6554,786.3385,797.4928,0.0000,0.0000,415.3554,422.5591
1313,13,True,61.1686,68.0000,4282.7207,4343.0000,560.3767,571.2859,3503.3603,3554.2492,751.6541,766.2870,own rate (multiplicative),1894.4827,1859.1056,own rate (multiplicative),73.3858,74.8145,437.4244,442.5006,64.0839,65.3315,395.1283,400.9584
1401,14,True,795.2943,843.0000,5257.1894,5589.0000,1052.4072,1117.5703,4490.9709,4773.7626,261.7680,277.9762,own rate (multiplicative),1799.8562,1850.5838,own rate (multiplicative),154.0682,163.6078,1228.1450,1301.7212,39.4087,41.8488,210.6803,223.9973
1402,14,False,1346.8689,1422.0000,628.2177,647.0000,759.3610,799.7096,867.7297,902.8930,249.0555,262.2891,own rate (multiplicative),321.4903,323.5713,own rate (multiplicative),419.7142,442.0157,353.6746,366.9471,16.4097,17.2816,2.1735,2.2621
1403,14,False,1938.4710,2103.0000,987.5522,1055.0000,1103.2137,1194.8259,1316.7771,1415.2091,1125.1481,1218.5817,own rate (multiplicative),1820.2179,1892.2656,own rate (multiplicative),89.2776,96.6913,71.2894,76.3978,0.0000,0.0000,0.0000,0.0000
1404,14,False,3305.3925,3634.0000,434.5621,483.0000,1726.7068,1899.0155,1228.0178,1354.3650,2470.9078,2717.4807,own rate (multiplicative),786.6247,839.1682,own rate (multiplicative),219.6999,241.6239,150.6432,165.6641,0.0000,0.0000,28.5954,31.5447
1405,14,False,3287.6956,3558.0000,621.6317,674.0000,1740.8747,1884.1598,1375.6579,1489.7860,883.3482,956.0534,own rate (multiplicative),47.7922,50.0635,own rate (multiplicative),213.8126,231.4108,313.9828,339.0526,0.0000,0.0000,0.0000,0.0000
1406,14,False,2992.3304,3117.0000,352.2114,373.0000,1558.0739,1623.7439,1078.1685,1128.0670,548.3808,571.4941,own rate (multiplicative),185.2261,187.4567,own rate (multiplicative),915.1874,953.7609,197.2666,205.8020,36.1316,37.6545,1.2523,1.3105
1407,14,False,1346.8689,1422.0000,1461.2656,1500.0000,862.3399,905.1549,1546.0347,1597.4438,249.0555,261.4211,own rate (multiplicative),746.1605,745.7427,own rate (multiplicative),417.1741,437.8867,823.5583,848.4934,16.4097,17.2244,5.0446,5.2135
1408,14,True,926.3508,953.0000,2723.5993,2726.0000,805.5452,819.3302,2462.6688,2471.6715,686.8805,698.6348,own rate (multiplicative),2422.5404,2351.8311,own rate (multiplicative),152.9659,155.5835,576.1095,576.5508,19.4224,19.7548,61.1674,61.4049
1409,14,True,1733.3134,1913.0000,626.8740,723.0000,954.7895,1057.6187,968.8386,1094.6305,1346.8822,1491.9391,own rate (multiplicative),612.8558,669.7685,own rate (multiplicative),224.1089,248.2450,125.4601,141.3414,38.0848,42.1865,15.4742,17.4873
1410,14,False,2600.1093,2869.0000,941.1442,1085.0000,1432.3577,1586.2367,1453.9732,1642.2206,2020.1265,2237.1499,own rate (multiplicative),919.8379,1004.9323,own rate (multiplicative),357.5126,395.9204,195.8055,220.5199,57.1216,63.2582,23.2253,26.2382
1411,14,False,4855.3325,5438.0000,2843.1066,3067.0000,2808.9285,3131.5162,3599.0756,3935.4778,1381.7449,1540.4296,own rate (multiplicative),2032.0122,2149.2315,own rate (multiplicative),353.0543,393.6003,827.8393,902.6103,39.9492,44.5371,59.2504,64.8032
1412,14,False,2563.2786,2594.0000,3437.0082,3953.0000,1722.2474,1801.5820,3476.4769,3904.7454,821.7650,859.6193,own rate (multiplicative),2316.2634,2516.4696,own rate (multiplicative),248.2740,259.7107,665.8342,745.7053,11.6720,12.2097,0.0000,0.0000
1413,14,False,1098.7473,1112.0000,315.3371,272.0000,595.0997,596.4502,547.3475,515.5655,352.2664,353.0659,own rate (multiplicative),232.6286,211.9503,own rate (multiplicative),104.7274,104.9651,71.0579,66.7392,5.0035,5.0148,0.0000,0.0000
1414,14,False,3428.6772,3817.0000,344.4947,383.0000,1777.9720,1979.2772,1187.2860,1321.3386,1171.3651,1303.9892,own rate (multiplicative),214.5797,230.9925,own rate (multiplicative),311.8740,347.1850,72.5442,80.5025,16.6377,18.5214,0.0000,0.0000
1415,14,False,4812.1731,5198.0000,1192.5160,1286.0000,2583.0429,2789.8811,2243.6764,2421.8350,1336.8000,1443.8448,own rate (multiplicative),852.1219,889.6853,own rate (multiplicative),359.4758,388.2609,356.2492,383.4300,38.6498,41.7447,24.8466,26.8255
1416,14,False,795.2943,843.0000,3462.7063,3613.0000,830.5786,873.3031,3029.8222,3164.8149,261.7680,275.2332,own rate (multiplicative),1170.7956,1182.9397,own rate (multiplicative),171.9951,180.8425,836.1782,870.9190,39.4087,41.4359,137.0464,143.1848
1417,14,True,618.4378,636.0000,1463.5970,1460.0000,493.9408,502.3851,1355.2847,1357.0005,458.4560,466.2936,own rate (multiplicative),1298.9176,1258.0024,own rate (multiplicative),82.7113,84.1253,336.5116,335.9675,12.9634,13.1850,32.7968,32.8457
1418,14,False,3824.5897,4275.0000,670.4163,729.0000,2018.6482,2253.8603,1557.3730,1724.1946,1310.1507,1462.8090,own rate (multiplicative),435.2209,466.0728,own rate (multiplicative),344.6894,384.8525,150.5028,166.1445,18.6089,20.7772,0.0000,0.0000
1501,15,True,3382.9920,3392.0000,1618.5036,1597.0000,1912.3382,1914.2392,2212.5588,2197.4319,1910.5632,1912.4626,own rate (multiplicative),1208.5561,1161.0149,own rate (multiplicative),465.3576,465.8202,80.4531,79.6730,0.0000,0.0000,0.0000,0.0000
1502,15,True,0.0000,0.0000,4650.6888,4717.0000,574.9040,583.1012,3786.7992,3840.7928,1150.5616,1166.9668,own rate (multiplicative),7024.4314,6891.4426,own rate (multiplicative),341.6458,346.5172,1193.1461,1206.6741,65.6719,66.6083,784.9986,796.3713
1503,15,True,0.0000,0.0000,2066.9870,2076.0000,255.5147,256.6288,1683.0334,1690.3722,0.0000,0.0000,own rate (multiplicative),2506.7888,2435.3295,own rate (multiplicative),25.0532,25.1624,529.1102,529.8873,0.0000,0.0000,306.1633,307.5678
1504,15,True,1436.0461,1462.0000,1558.5938,1564.0000,919.5073,933.3119,1648.8683,1660.1343,451.1323,457.9052,own rate (multiplicative),1889.1026,1839.7685,own rate (multiplicative),153.6220,155.9283,415.9971,417.6335,63.0015,63.9473,230.7232,232.3521
1505,15,True,3587.5353,3614.0000,525.0761,711.0000,1880.6993,1917.0774,1376.3367,1534.7234,1119.1116,1140.7584,own rate (multiplicative),533.0887,574.9834,own rate (multiplicative),375.7067,382.9740,118.6914,131.9691,156.2863,159.3093,65.1082,72.6171
1506,15,True,3121.5079,3151.0000,589.9543,557.0000,1652.8447,1663.6981,1305.9131,1286.8800,975.0712,981.4740,own rate (multiplicative),686.5883,654.4411,own rate (multiplicative),341.3678,343.6094,168.7709,165.8323,136.1706,137.0648,83.8556,82.6521
1507,15,True,2153.7656,2193.0000,690.1749,683.0000,1175.4217,1194.3929,1131.5782,1136.1124,676.6663,687.5876,own rate (multiplicative),828.8074,804.8978,own rate (multiplicative),217.8436,221.3596,178.9743,179.1741,94.4977,96.0229,101.2254,101.6540
1508,15,True,633.1879,638.0000,377.6452,313.0000,367.1643,361.6087,474.9550,423.5906,197.5486,194.5594,own rate (multiplicative),531.8459,458.8070,own rate (multiplicative),65.2569,64.2695,109.3435,97.2377,27.5881,27.1706,64.9564,57.9447
1509,15,True,3871.6140,4129.0000,276.7379,284.0000,1993.7837,2124.9545,1249.2590,1323.2430,1254.5173,1337.0518,own rate (multiplicative),337.9956,346.2969,own rate (multiplicative),377.7294,402.5802,69.5615,73.4690,175.1958,186.7219,41.2806,43.7353
1510,15,True,2140.4468,2287.0000,146.3092,158.0000,1101.4496,1177.0710,685.2159,733.4940,3146.8640,3362.9161,own rate (multiplicative),867.2984,898.0242,own rate (multiplicative),717.6830,766.9565,107.0918,114.3070,861.3547,920.4921,102.0978,109.3160
1511,15,True,3977.7957,3985.0000,623.0000,623.0000,2090.3302,2093.9766,1559.2830,1561.1883,1502.3843,1505.0051,own rate (multiplicative),738.7818,715.4790,own rate (multiplicative),888.1851,889.7344,259.8609,259.4293,232.6878,233.0937,68.2063,68.3051
1512,15,True,3510.5988,3507.0000,438.6685,452.0000,1831.0772,1830.9038,1285.6323,1295.5357,345.0112,344.9785,own rate (multiplicative),306.9398,299.1825,own rate (multiplicative),273.3321,273.3062,74.1816,74.5378,80.4928,80.4852,26.1388,26.3461
1513,15,True,4586.3996,4584.0000,648.8325,631.0000,2401.5617,2398.1427,1741.2746,1726.1199,1729.5593,1727.0971,own rate (multiplicative),755.2509,724.1780,own rate (multiplicative),1021.5088,1020.0546,306.0323,302.4953,267.8720,267.4907,69.7269,69.1357
1514,15,True,3820.1985,3816.0000,543.6826,530.0000,2000.7592,1996.9428,1453.0194,1440.7681,375.4192,374.7031,own rate (multiplicative),371.3032,356.1244,own rate (multiplicative),317.2787,316.6735,115.5045,114.2008,87.5871,87.4200,31.6199,31.3604
1515,15,True,0.0000,0.0000,0.0000,0.0000,0.0000,0.0000,0.0000,0.0000,61.1205,61.1205,superzone rate on the increment,100.8192,97.5200,superzone rate on the increment,0.9043,0.9043,31.6021,31.5111,0.0000,0.0000,0.0000,0.0000
1516,15,True,0.0000,0.0000,0.0000,0.0000,0.0000,0.0000,0.0000,0.0000,61.1205,61.1205,superzone rate on the increment,100.8192,97.5200,superzone rate on the increment,0.3856,0.3856,30.5474,30.4595,0.0000,0.0000,0.0000,0.0000
1517,15,True,0.0000,3333.3333,11211.1788,11534.0000,1385.8919,3112.9275,9128.6441,10273.0670,867.9143,1949.4698,own rate (multiplicative),8298.8328,9033.6078,own rate (multiplicative),572.9053,1286.8339,2153.1778,2416.1368,0.0000,0.0000,336.1590,378.3875
1518,15,True,4223.7709,4243.0000,6124.9600,6381.0000,2894.9635,2936.3469,6104.2784,6317.8432,476.3446,483.1540,own rate (multiplicative),2777.1713,2780.2737,own rate (multiplicative),17.9122,18.1683,980.5348,1011.9179,179.5579,182.1247,440.7116,456.2334
1519,15,True,0.0000,0.0000,851.3720,904.0000,105.2440,111.7497,693.2252,736.0773,245.5261,249.7787,superzone rate on the increment,644.7310,662.1829,own rate (multiplicative),2.2473,3.8131,3.4010,3.6009,0.0000,0.6136,99.0485,105.1950
1520,15,True,395.9322,3333.3333,1297.3220,1280.0000,360.7676,1845.3592,1161.0499,1923.8007,431.0765,1401.5133,superzone rate on the increment,1150.5338,1843.9915,own rate (multiplicative),1.5027,358.8058,65.3215,107.9228,0.0000,140.0204,85.6535,141.9556
1521,15,True,0.0000,0.0000,0.0000,0.0000,0.0000,0.0000,0.0000,0.0000,0.0000,0.0000,superzone rate on the increment,62.5921,60.5439,superzone rate on the increment,0.2394,0.2394,538.6511,537.1002,0.0000,0.0000,0.0000,0.0000
1522,15,True,1374.1276,1408.0000,191.5774,188.0000,719.1816,735.8835,519.4067,525.4521,433.5376,443.6059,own rate (multiplicative),241.0704,235.8955,own rate (multiplicative),133.6225,136.7257,58.4396,58.9496,60.5443,61.9504,29.4428,29.7922
1523,15,True,2678.2338,2715.0000,512.7850,508.0000,1418.9471,1436.9644,1125.8456,1131.6730,265.7940,269.1689,own rate (multiplicative),353.9841,344.1725,own rate (multiplicative),196.8708,199.3706,83.8308,84.0221,62.0110,62.7984,30.1450,30.3078
1524,15,True,0.0000,0.0000,0.0000,0.0000,0.0000,0.0000,0.0000,0.0000,0.0000,0.0000,superzone rate on the increment,0.0000,0.0000,superzone rate on the increment,0.2394,0.2394,3.3625,3.3528,0.0000,0.0000,0.0000,0.0000
1601,16,False,3241.9928,3377.0000,690.9957,688.0000,1726.3172,1794.2793,1420.0501,1453.3163,2337.8529,2429.8901,own rate (multiplicative),1229.0116,1216.6421,own rate (multiplicative),227.8466,236.8165,254.1125,259.3166,0.0000,0.0000,44.6771,45.7340
1602,16,False,4314.0521,4358.0000,1397.3689,1386.0000,2356.2478,2377.0862,2278.7387,2281.1045,3047.9825,3074.9384,own rate (multiplicative),2479.0454,2400.4105,own rate (multiplicative),300.6164,303.2750,477.0006,476.1210,0.0000,0.0000,90.1183,90.2322
1603,16,False,2138.6764,2167.0000,513.2548,485.0000,1145.9142,1156.7571,983.5313,968.0157,1042.2186,1052.0803,own rate (multiplicative),393.3513,374.4771,own rate (multiplicative),128.7556,129.9739,131.5866,129.1379,0.0000,0.0000,0.0000,0.0000
1604,16,False,3803.9929,3813.0000,580.7405,591.0000,1997.1379,2002.9650,1478.9078,1489.6436,1642.4738,1647.2660,own rate (multiplicative),667.1311,649.9842,own rate (multiplicative),180.8020,181.3296,20.7435,20.8339,151.2297,151.6709,0.0000,0.0000
1605,16,False,3725.1979,3730.0000,1168.5917,1174.0000,2029.9251,2033.0242,1936.7236,1942.3973,1607.2961,1609.7499,own rate (multiplicative),1330.9410,1291.1586,own rate (multiplicative),173.3777,173.6424,33.7970,33.7984,147.9908,148.2167,0.0000,0.0000
1606,16,False,2138.6764,2167.0000,837.1058,873.0000,1185.9477,1204.7205,1247.2252,1283.9427,1042.2186,1058.7162,own rate (multiplicative),685.1386,682.2280,own rate (multiplicative),129.0288,131.0713,204.3952,209.8066,0.0000,0.0000,0.0000,0.0000
1607,16,False,6435.4158,6671.0000,1381.9653,1394.0000,3428.0482,3548.7742,2827.2339,2899.3380,3581.3290,3707.4532,own rate (multiplicative),986.1564,978.2126,own rate (multiplicative),354.8745,367.3722,595.0102,608.4281,165.6810,171.5158,0.0000,0.0000
1608,16,False,1695.7965,1700.0000,3625.1555,3402.0000,1306.4392,1280.9809,3400.2517,3219.6602,1201.7601,1178.3417,own rate (multiplicative),1959.1651,1794.4046,own rate (multiplicative),244.4752,239.7112,1309.3329,1236.2230,0.0000,0.0000,21.0468,19.9335
1609,16,False,1136.7990,1135.0000,714.0269,695.0000,663.6440,660.3814,882.0422,866.0738,862.0629,857.8248,own rate (multiplicative),1026.8730,975.2875,own rate (multiplicative),99.7081,99.2179,109.2025,106.9168,0.0000,0.0000,0.0000,0.0000
1610,16,False,4546.3979,4541.0000,318.2628,307.0000,2340.4512,2336.3269,1461.5306,1450.9324,3448.5550,3442.4780,own rate (multiplicative),481.6865,462.5451,own rate (multiplicative),402.8885,402.1786,51.1502,50.6331,0.0000,0.0000,0.0000,0.0000
1611,16,False,3601.3995,3599.0000,1907.0051,1860.0000,2058.5463,2051.5212,2505.2319,2466.3236,2732.6998,2723.3741,own rate (multiplicative),2746.2984,2615.1718,own rate (multiplicative),324.4269,323.3198,288.1858,282.8932,0.0000,0.0000,0.0000,0.0000
1612,16,False,3082.3994,3080.0000,319.1813,305.0000,1599.5783,1596.6108,1075.0945,1062.9129,2278.9141,2274.6863,own rate (multiplicative),2185.8649,2090.3774,own rate (multiplicative),336.3157,335.6918,195.6704,192.8963,24.6055,24.5599,0.0000,0.0000
1613,16,False,2804.5985,2801.0000,273.9891,277.0000,1453.3859,1451.9368,964.8269,966.3269,2072.8296,2070.7629,own rate (multiplicative),1807.1581,1750.7380,own rate (multiplicative),309.7002,309.3914,161.9278,161.7126,22.3804,22.3581,0.0000,0.0000
1614,16,False,3771.9968,3766.0000,485.9938,483.0000,1969.2312,1965.8258,1393.2987,1389.2751,1510.3279,1507.7161,own rate (multiplicative),720.4382,694.8501,own rate (multiplicative),337.0942,336.5113,129.3767,128.6316,23.4550,23.4144,0.0000,0.0000
1615,16,False,2556.9988,2554.0000,1678.5696,2178.0000,1501.6961,1561.9163,2043.0166,2448.8821,1530.4849,1591.8596,own rate (multiplicative),3136.7836,3636.8962,own rate (multiplicative),325.0232,338.0571,369.7430,441.9200,0.0000,0.0000,51.6497,61.9244
1616,16,False,3740.1984,3736.0000,3618.9867,3631.0000,2340.4278,2339.7879,3935.9122,3944.5836,2238.7622,2238.1501,own rate (multiplicative),5697.4346,5523.1327,own rate (multiplicative),476.0742,475.9440,917.7885,917.1622,0.0000,0.0000,93.8130,94.0409
1617,16,False,3296.9964,3291.0000,3643.1979,3648.0000,2119.0990,2116.6576,3838.4123,3840.7365,2389.6465,2386.8935,own rate (multiplicative),2030.7299,1965.4655,own rate (multiplicative),59.0866,59.0185,616.8578,615.4542,0.0000,0.0000,109.4320,109.5230
1618,16,False,3718.9992,3716.0000,808.7905,804.0000,1982.3101,1980.2000,1642.1180,1637.4241,3273.4108,3269.9262,own rate (multiplicative),2140.3739,2064.4143,own rate (multiplicative),607.4812,606.8345,371.1526,369.0261,0.0000,0.0000,0.0000,0.0000
1619,16,False,3622.1984,3618.0000,1056.5456,834.0000,1963.9422,1934.3069,1818.2503,1635.9334,2626.5081,2586.8748,own rate (multiplicative),502.5678,437.3781,own rate (multiplicative),66.4658,65.4628,245.5279,220.2726,0.0000,0.0000,27.0823,24.3722
1620,16,False,3055.1998,3054.0000,381.2622,394.0000,1593.4858,1594.4531,1118.4501,1128.5045,1570.3317,1571.2849,own rate (multiplicative),1104.3696,1077.8330,own rate (multiplicative),269.7636,269.9274,241.4554,242.9245,39.1259,39.1497,67.9948,68.6215
1621,16,False,1058.7990,1057.0000,200.0492,186.0000,560.6288,557.9815,442.9098,430.9945,585.7482,582.9823,own rate (multiplicative),663.9331,624.9297,own rate (multiplicative),87.2663,86.8542,210.8826,204.6185,0.0000,0.0000,0.0000,0.0000
1622,16,False,3649.9967,3644.0000,518.5813,524.0000,1911.5105,1909.1452,1387.5675,1390.3937,2019.3243,2016.8255,own rate (multiplicative),1636.0854,1585.7693,own rate (multiplicative),303.6910,303.3152,532.0195,531.5682,0.0000,0.0000,0.0000,0.0000
1623,16,False,4954.9994,4952.0000,1063.9293,1049.0000,2639.4373,2636.0737,2176.7486,2163.7993,607.0341,606.2605,own rate (multiplicative),650.5892,625.5556,own rate (multiplicative),2.9080,2.9043,390.6644,387.2223,0.0000,0.0000,0.0000,0.0000
1624,16,False,690.6508,741.0000,6129.8475,6341.0000,1107.3184,1158.9041,5173.8530,5359.0987,0.0000,0.0000,own rate (multiplicative),3122.7989,3128.7586,own rate (multiplicative),4.7144,4.9341,2853.3753,2947.0286,0.0000,0.0000,189.6219,196.4555
1625,16,False,1920.3990,1918.0000,142.9791,146.0000,989.6632,988.8224,624.3083,626.1336,1062.7210,1061.8181,own rate (multiplicative),445.7834,432.4562,own rate (multiplicative),163.6834,163.5443,170.4798,170.4859,0.0000,0.0000,0.0000,0.0000
1626,16,False,0.0000,0.0000,0.0000,0.0000,0.0000,0.0000,0.0000,0.0000,0.0000,0.0000,superzone rate on the increment,0.0000,0.0000,superzone rate on the increment,2.5592,2.5592,0.5096,0.5081,0.0000,0.0000,0.0000,0.0000
1627,16,False,0.0000,0.0000,0.0000,0.0000,0.0000,0.0000,0.0000,0.0000,0.0000,0.0000,superzone rate on the increment,0.0000,0.0000,superzone rate on the increment,0.0000,0.0000,0.0000,0.0000,0.0000,0.0000,0.0000,0.0000
1628,16,False,0.0000,0.0000,0.0000,0.0000,0.0000,0.0000,0.0000,0.0000,0.0000,0.0000,superzone rate on the increment,0.0000,0.0000,superzone rate on the increment,0.2491,0.2491,1.5955,1.5909,0.0000,0.0000,0.0000,0.0000
1629,16,False,0.0000,0.0000,0.0000,0.0000,0.0000,0.0000,0.0000,0.0000,0.0000,0.0000,superzone rate on the increment,0.0000,0.0000,superzone rate on the increment,0.0000,0.0000,0.0000,0.0000,0.0000,0.0000,0.0000,0.0000
1630,16,False,2514.9988,2512.0000,3014.7754,2970.0000,1645.6160,1638.5631,3119.9074,3082.6562,1777.9523,1770.3323,own rate (multiplicative),1682.9142,1608.4062,own rate (multiplicative),360.3840,358.8395,1047.1810,1031.6988,0.0000,0.0000,18.0791,17.8673
1631,16,False,1117.3726,1127.0000,630.7992,632.0000,643.5231,648.5444,809.1368,812.6606,624.4805,629.3532,own rate (multiplicative),433.1779,420.8273,own rate (multiplicative),172.0026,173.3447,494.0351,494.7581,50.8587,51.2556,0.0000,0.0000
1632,16,False,1717.3999,1718.0000,238.1679,243.0000,898.6844,899.5854,648.1281,652.2213,954.5738,955.5309,own rate (multiplicative),162.6362,158.3076,own rate (multiplicative),257.5806,257.8389,189.5160,190.1638,77.7422,77.8201,0.0000,0.0000
1633,16,False,745.9839,752.0000,314.1650,335.0000,416.4076,422.0281,453.0978,471.6536,238.5378,241.7575,own rate (multiplicative),186.4668,187.7514,own rate (multiplicative),66.7645,67.6657,56.2439,58.3788,3.3881,3.4338,0.0000,0.0000
1634,16,False,571.6673,596.0000,76.5984,76.0000,298.8119,311.0536,213.5589,219.5069,412.4815,429.3801,own rate (multiplicative),138.5972,137.7956,own rate (multiplicative),40.5337,42.1943,29.3640,30.0950,0.0000,0.0000,5.0383,5.1798
1635,16,False,1601.3988,1599.0000,122.8900,134.0000,825.7214,825.8807,523.5849,531.9967,1704.6339,1704.9627,own rate (multiplicative),875.6762,860.6285,own rate (multiplicative),464.2967,464.3863,123.1878,124.8065,0.0000,0.0000,0.0000,0.0000
1636,16,False,1601.3988,1599.0000,146.2389,207.0000,828.6077,834.9047,542.5965,591.4365,1704.6339,1717.5882,own rate (multiplicative),875.6762,923.2622,own rate (multiplicative),464.0940,467.6209,120.7099,131.1963,0.0000,0.0000,0.0000,0.0000
1637,16,False,0.0000,0.0000,0.0000,0.0000,0.0000,0.0000,0.0000,0.0000,0.0000,0.0000,superzone rate on the increment,0.0000,0.0000,superzone rate on the increment,0.0000,0.0000,0.0000,0.0000,0.0000,0.0000,0.0000,0.0000
1638,16,False,0.0000,0.0000,0.0000,0.0000,0.0000,0.0000,0.0000,0.0000,0.0000,0.0000,superzone rate on the increment,0.0000,0.0000,superzone rate on the increment,0.0000,0.0000,0.0000,0.0000,0.0000,0.0000,0.0000,0.0000
1639,16,False,1058.7990,1057.0000,220.7813,238.0000,563.1916,564.4096,459.7908,473.3353,585.7482,587.0149,own rate (multiplicative),663.9331,661.1245,own rate (multiplicative),86.6919,86.8794,210.3629,215.9362,0.0000,0.0000,0.0000,0.0000
1640,16,False,0.0000,0.0000,0.0000,0.0000,0.0000,0.0000,0.0000,0.0000,0.0000,0.0000,superzone rate on the increment,0.0000,0.0000,superzone rate on the increment,0.0000,0.0000,0.0000,0.0000,0.0000,0.0000,0.0000,0.0000
1641,16,False,1601.3988,1599.0000,515.7168,589.0000,874.2815,882.1264,843.4420,902.4781,1160.9343,1171.3514,own rate (multiplicative),265.2496,274.5280,own rate (multiplicative),26.5682,26.8066,80.2018,85.5684,0.0000,0.0000,14.2938,15.2977
1701,17,False,586.0823,636.0000,114.3625,118.0000,310.7762,336.4911,248.1204,264.2839,380.9528,412.4744,own rate (multiplicative),210.5394,216.9162,own rate (multiplicative),119.7054,129.6104,81.6051,86.6709,15.3068,16.5734,0.0000,0.0000
1702,17,False,977.4972,995.0000,7.5839,7.0000,495.6868,504.4735,264.6940,268.8476,608.8366,619.6290,own rate (multiplicative),15.0386,14.7747,own rate (multiplicative),213.7146,217.5030,8.3373,8.4438,24.4633,24.8969,0.0000,0.0000
1703,17,False,1529.1386,1546.0000,959.9216,945.0000,892.6190,899.3087,1186.0228,1178.3323,136.5546,137.5780,own rate (multiplicative),415.1567,398.9672,own rate (multiplicative),204.0891,205.6186,184.0543,182.3344,0.0000,0.0000,20.1193,19.9934
1704,17,False,487.0000,487.0000,113.5989,113.0000,260.5324,260.4583,221.2943,220.8067,285.1425,285.0615,own rate (multiplicative),260.8815,251.7882,own rate (multiplicative),75.8621,75.8405,37.8092,37.6172,0.0000,0.0000,0.0000,0.0000
1705,17,False,2524.3878,2534.0000,73.2652,68.0000,1286.7475,1290.9618,727.2812,725.5362,990.4612,993.7051,own rate (multiplicative),85.6155,82.6151,own rate (multiplicative),236.2612,237.0349,6.5731,6.5385,51.9500,52.1202,0.0000,0.0000
1706,17,False,1237.1991,1239.0000,265.0000,265.0000,658.9530,659.8645,542.9772,543.4535,484.6650,485.3354,own rate (multiplicative),294.6508,285.2586,own rate (multiplicative),126.2002,126.3748,19.1777,19.1392,25.4208,25.4560,0.0000,0.0000
1707,17,False,1936.3990,1934.0000,352.3723,347.0000,1023.6459,1021.7676,799.0372,794.0283,1114.2873,1112.2426,own rate (multiplicative),814.6826,783.0831,own rate (multiplicative),263.6852,263.2013,114.7595,113.7118,0.0000,0.0000,0.0000,0.0000
1708,17,False,500.5998,500.0000,492.8468,478.0000,314.2972,312.1583,533.6917,521.4441,288.0746,286.1142,own rate (multiplicative),1077.1483,1017.9893,own rate (multiplicative),69.9162,69.4404,159.1174,155.0183,0.0000,0.0000,0.0000,0.0000
1709,17,False,0.0000,0.0000,1911.9937,1918.0000,236.3549,237.0973,1556.8310,1561.7215,207.8896,208.7411,superzone rate on the increment,1218.0000,1181.8431,own rate (multiplicative),69.1450,69.3031,509.9311,510.0602,0.0000,0.0115,0.0000,0.0000
1710,17,False,2535.3962,2530.0000,199.9849,197.0000,1307.9840,1304.8838,833.3735,829.5159,1505.5991,1502.0305,own rate (multiplicative),761.2613,732.9413,own rate (multiplicative),176.4587,176.0404,126.2780,125.3315,0.0000,0.0000,0.0000,0.0000
1711,17,False,2201.7965,2197.0000,296.3996,297.0000,1151.0547,1148.7013,823.6514,822.8718,1996.9449,1992.8618,own rate (multiplicative),1012.0976,978.0510,own rate (multiplicative),443.5605,442.6536,34.4040,34.2725,6.5587,6.5453,12.7623,12.7531
1712,17,False,1439.9454,1494.0000,754.4569,846.0000,822.0760,860.7514,995.1353,1083.9696,1340.4039,1403.4645,own rate (multiplicative),2713.9644,2859.4959,own rate (multiplicative),279.4892,292.6381,81.4850,88.5035,4.4024,4.6095,34.2223,37.2857
1713,17,False,1159.2679,1203.0000,391.6746,452.0000,635.1681,664.7599,625.5108,686.1963,1481.1423,1550.1470,own rate (multiplicative),1758.9566,1866.4616,own rate (multiplicative),108.3850,113.4345,199.5529,218.2827,9.1067,9.5309,0.0000,0.0000
1714,17,False,1652.1733,1686.0000,266.1778,262.0000,869.1331,885.7377,653.6845,659.2289,760.2318,774.7559,own rate (multiplicative),535.8528,522.7137,own rate (multiplicative),187.3300,190.9089,136.2895,137.0497,24.7749,25.2482,34.7267,35.0292
1715,17,False,5017.9994,5015.0000,509.7937,546.0000,2602.8235,2605.7811,1742.2082,1770.8958,5622.3939,5628.7826,own rate (multiplicative),4463.2789,4388.3104,own rate (multiplicative),207.3426,207.5782,328.1142,332.5567,36.9846,37.0266,0.0000,0.0000
1716,17,False,1905.9937,1912.0000,409.0570,396.0000,1015.2638,1016.6898,837.1511,828.1080,1734.8122,1737.2488,own rate (multiplicative),1429.2465,1367.5418,own rate (multiplicative),380.0730,380.6068,51.5694,50.8655,5.6978,5.7058,18.0224,17.8317
1717,17,False,1582.9981,1580.0000,69.3282,84.0000,809.7870,810.0832,475.1059,486.2595,1772.1290,1772.7773,own rate (multiplicative),559.0547,553.4550,own rate (multiplicative),65.1700,65.1939,41.8016,42.6598,11.6572,11.6615,0.0000,0.0000
1718,17,False,3545.1936,3650.0000,6262.5754,6470.0000,2568.5207,2647.2085,6036.8676,6233.4802,654.7800,674.8395,own rate (multiplicative),3469.7987,3465.5613,own rate (multiplicative),3.6126,3.7233,1077.8319,1109.7310,0.0000,0.0000,101.6006,104.9333
1719,17,True,509.5810,515.0000,618.5998,618.0000,334.3882,337.0568,638.4607,639.4054,45.4947,45.8578,own rate (multiplicative),270.1724,261.7180,own rate (multiplicative),66.3024,66.8316,117.2665,117.1019,0.0000,0.0000,13.0931,13.1155
1720,17,False,0.0000,0.0000,0.0000,0.0000,0.0000,0.0000,0.0000,0.0000,0.0000,0.0000,superzone rate on the increment,0.0000,0.0000,superzone rate on the increment,0.8448,0.8448,0.0081,0.0081,0.0000,0.0000,0.0000,0.0000
1721,17,False,586.0823,636.0000,104.5532,117.0000,309.5636,336.3675,240.1332,263.4697,380.9528,413.9380,own rate (multiplicative),182.3425,193.5159,own rate (multiplicative),119.6848,130.0479,70.5434,77.1760,15.3068,16.6322,0.0000,0.0000
1722,17,False,586.0823,636.0000,114.3625,118.0000,310.7762,336.4911,248.1204,264.2839,380.9528,412.4744,own rate (multiplicative),210.5394,216.9162,own rate (multiplicative),122.5969,132.7411,82.6668,87.7985,15.3068,16.5734,0.0000,0.0000
1723,17,False,977.4972,995.0000,6.0000,6.0000,495.4910,504.3498,263.4044,268.0333,87.6877,89.2554,own rate (multiplicative),2.6902,2.6479,own rate (multiplicative),125.8356,128.0854,2.1590,2.1906,0.0000,0.0000,0.1304,0.1327
1724,17,False,977.4972,995.0000,6.0000,6.0000,495.4910,504.3498,263.4044,268.0333,608.8366,619.7219,own rate (multiplicative),11.2789,11.1015,own rate (multiplicative),208.6803,212.4113,4.5801,4.6472,24.4633,24.9007,0.0000,0.0000
1725,17,False,977.4972,995.0000,7.5839,7.0000,495.6868,504.4735,264.6940,268.8476,608.8366,619.6290,own rate (multiplicative),15.0386,14.7747,own rate (multiplicative),213.6047,217.3911,15.9843,16.1884,24.4633,24.8969,0.0000,0.0000
1726,17,True,764.5693,773.0000,319.9623,314.0000,426.5310,430.0610,462.7335,460.1083,68.2774,68.8425,own rate (multiplicative),145.2701,139.7191,own rate (multiplicative),106.8747,107.7592,66.8106,66.2403,0.0000,0.0000,7.0401,7.0017
1727,17,True,1529.1386,1546.0000,959.9216,945.0000,892.6190,899.3087,1186.0228,1178.3323,136.5546,137.5780,own rate (multiplicative),415.1567,398.9672,own rate (multiplicative),203.1792,204.7019,192.0571,190.2624,0.0000,0.0000,20.1193,19.9934
1728,17,False,764.5693,773.0000,319.9623,314.0000,426.5310,430.0610,462.7335,460.1083,68.2774,68.8425,own rate (multiplicative),145.2701,139.7191,own rate (multiplicative),103.1727,104.0266,64.4838,63.9334,0.0000,0.0000,7.0401,7.0017
1729,17,False,974.1995,973.0000,91.0000,91.0000,504.3293,503.7222,331.7430,331.4258,560.5994,559.9245,own rate (multiplicative),208.2478,201.2404,own rate (multiplicative),132.3110,132.1517,29.3914,29.2787,0.0000,0.0000,0.0000,0.0000
1730,17,False,974.1995,973.0000,22.5947,22.0000,495.8733,495.1927,276.0443,275.2429,560.5994,559.8299,own rate (multiplicative),52.6340,50.7638,own rate (multiplicative),134.1929,134.0087,8.1048,8.0580,0.0000,0.0000,0.0000,0.0000
1731,17,False,836.5999,836.0000,21.0000,21.0000,426.0316,425.7280,238.3549,238.1962,379.6058,379.3352,own rate (multiplicative),41.8323,40.4365,own rate (multiplicative),95.1642,95.0964,10.4934,10.4563,12.3708,12.3620,2.7110,2.7098
1732,17,False,2524.3878,2534.0000,192.8986,214.0000,1301.5363,1309.0098,824.6920,844.4159,990.4612,996.1486,own rate (multiplicative),200.1402,198.2208,own rate (multiplicative),236.5908,237.9494,13.6564,13.9428,51.9500,52.2483,0.0000,0.0000
1733,17,False,1237.1991,1239.0000,243.6347,210.0000,656.3119,653.0656,525.5806,498.6700,484.6650,482.2677,own rate (multiplicative),299.0984,274.4975,own rate (multiplicative),114.4008,113.8349,22.8676,21.6343,25.4208,25.2951,0.0000,0.0000
1734,17,False,1237.1991,1239.0000,297.5424,354.0000,662.9758,670.8664,569.4746,615.9213,484.6650,490.4333,own rate (multiplicative),294.6508,308.2540,own rate (multiplicative),122.6356,124.0952,19.6790,21.2227,25.4208,25.7234,0.0000,0.0000
1735,17,False,1237.1991,1239.0000,302.1946,368.0000,663.5509,672.5971,573.2627,627.3207,484.6650,491.2724,own rate (multiplicative),294.6508,311.8846,own rate (multiplicative),114.2565,115.8142,18.4799,20.1643,25.4208,25.7674,0.0000,0.0000
1736,17,False,1936.3990,1934.0000,92.4963,98.0000,991.5209,990.9870,587.4345,591.2814,1114.2873,1113.6873,own rate (multiplicative),203.6708,198.2959,own rate (multiplicative),264.0012,263.8591,28.4300,28.5338,0.0000,0.0000,0.0000,0.0000
1737,17,False,1000.1995,999.0000,336.7968,335.0000,547.8736,547.0444,538.7580,536.9778,575.5730,574.7019,own rate (multiplicative),773.4911,745.7070,own rate (multiplicative),135.7427,135.5373,112.5005,111.8059,0.0000,0.0000,0.0000,0.0000
1738,17,False,1000.1995,999.0000,505.7979,504.0000,568.7650,567.9356,676.3663,674.5851,575.5730,574.7337,own rate (multiplicative),1125.5526,1085.8529,own rate (multiplicative),135.0559,134.8590,162.3465,161.4528,0.0000,0.0000,0.0000,0.0000
1739,17,False,720.8199,750.0000,184.7073,192.0000,387.6679,403.3386,341.0323,354.6877,672.2587,699.4334,own rate (multiplicative),615.4647,619.1616,own rate (multiplicative),147.1187,153.0657,26.1482,27.1169,2.2079,2.2972,7.7608,8.0734
1740,17,False,359.2539,372.0000,385.7971,428.0000,229.5234,241.1917,409.1453,446.8797,324.1146,337.4962,superzone rate on the increment,1230.9296,1300.4590,own rate (multiplicative),72.6665,75.1517,41.9064,45.6395,1.0645,1.2452,15.5217,16.9570
1741,17,False,359.2539,372.0000,72.5729,110.0000,190.8036,201.8815,154.1041,187.9498,324.1146,336.8192,superzone rate on the increment,188.0587,221.8562,own rate (multiplicative),70.0566,72.4161,8.0842,9.8313,1.0645,1.2361,2.3714,2.8928
1742,17,False,359.2539,372.0000,190.2430,205.0000,205.3496,213.6251,249.9163,265.3031,324.1146,333.6053,superzone rate on the increment,618.8840,635.4880,own rate (multiplicative),71.5470,73.3096,21.0783,22.3116,1.0645,1.1927,7.8039,8.2863
1743,17,False,359.2539,372.0000,295.5413,192.0000,218.3663,212.0181,335.6549,254.7179,324.1146,316.8343,superzone rate on the increment,1347.1854,988.8814,own rate (multiplicative),69.4453,68.0933,44.9945,34.0466,1.0645,0.9662,16.9876,12.8943
1744,17,False,771.8448,801.0000,179.5993,179.0000,412.8622,427.5446,350.3678,357.5905,986.1820,1021.2533,own rate (multiplicative),889.3605,877.9908,own rate (multiplicative),76.2364,78.9476,101.6748,103.4720,6.0634,6.2791,0.0000,0.0000
1745,17,False,1159.2679,1203.0000,177.1666,173.0000,608.6513,630.2708,450.8488,459.0220,1481.1423,1533.7529,own rate (multiplicative),889.3605,875.8521,own rate (multiplicative),112.3754,116.3670,101.6735,103.2186,9.1067,9.4302,0.0000,0.0000
1746,17,False,771.8448,801.0000,199.9171,234.0000,415.3738,434.3436,366.9114,402.3739,986.1820,1031.2202,own rate (multiplicative),889.3605,943.4022,own rate (multiplicative),71.6004,74.8703,101.4620,110.9480,6.0634,6.3404,0.0000,0.0000
1747,17,False,826.8700,845.0000,845.1589,835.0000,522.9870,530.9075,906.8487,903.3717,380.8372,386.6049,own rate (multiplicative),1627.8365,1568.5299,own rate (multiplicative),93.3457,94.7594,411.3093,408.5525,12.4110,12.5989,105.4950,105.1143
1748,17,False,826.8700,845.0000,104.7954,106.0000,431.4655,440.7907,304.0116,309.7873,380.8372,389.0682,own rate (multiplicative),207.1698,204.1974,own rate (multiplicative),94.8498,96.8998,53.2139,54.0687,12.4110,12.6792,13.4260,13.6842
1749,17,False,826.8700,845.0000,137.0000,137.0000,435.4466,444.6228,330.2340,335.0289,380.8372,388.8627,own rate (multiplicative),272.9063,267.8085,own rate (multiplicative),95.1726,97.1782,70.2577,71.0726,12.4110,12.6725,17.6861,17.9469
1750,17,False,1054.7990,1053.0000,161.8509,138.0000,553.8822,550.0233,410.7492,390.8529,1180.9705,1172.7427,own rate (multiplicative),1649.6702,1518.3929,own rate (multiplicative),43.2894,42.9878,119.9046,113.7681,7.7685,7.7144,0.0000,0.0000
1751,17,False,0.0000,0.0000,0.0000,0.0000,0.0000,0.0000,0.0000,0.0000,0.0000,0.0000,superzone rate on the increment,0.0000,0.0000,superzone rate on the increment,0.0000,0.0000,0.0765,0.0763,0.0000,0.0000,0.0000,0.0000
1801,18,True,0.0000,0.0000,0.0000,0.0000,0.0000,0.0000,0.0000,0.0000,0.0000,0.0000,superzone rate on the increment,0.0000,0.0000,superzone rate on the increment,0.0000,0.0000,0.0000,0.0000,0.0000,0.0000,0.0000,0.0000
1802,18,False,0.0000,0.0000,0.0000,0.0000,0.0000,0.0000,0.0000,0.0000,0.0000,0.0000,superzone rate on the increment,0.0000,0.0000,superzone rate on the increment,0.0000,0.0000,0.0000,0.0000,0.0000,0.0000,0.0000,0.0000
1803,18,False,1716.7097,1658.0000,2593.0318,2540.0000,1189.4362,1153.1653,2565.3812,2506.6734,971.5009,941.8758,own rate (multiplicative),2598.0249,2455.4976,own rate (multiplicative),87.3906,84.7257,535.1912,521.4379,64.5765,62.6073,11.6082,11.3451
1804,18,False,2444.7345,2343.0000,240.6260,218.0000,1267.1205,1212.8318,842.4879,797.1591,2419.1950,2315.5465,own rate (multiplicative),2587.7155,2368.3628,own rate (multiplicative),306.1763,293.0584,33.0580,31.1893,13.1856,12.6207,6.3254,5.9864
1805,18,False,6962.4067,6672.0000,834.8274,778.0000,3627.1432,3473.1323,2521.1030,2398.0277,1467.5462,1405.2333,own rate (multiplicative),1485.5526,1366.7907,own rate (multiplicative),288.4491,276.2013,127.7786,121.1908,121.5090,116.3496,0.0000,0.0000
1806,18,False,3663.5997,3511.0000,451.1869,447.0000,1910.0644,1832.3102,1336.2896,1292.5223,3618.7590,3471.4479,own rate (multiplicative),2188.2241,2047.2913,own rate (multiplicative),440.0564,422.1427,106.1460,102.3738,0.0000,0.0000,0.0000,0.0000
1807,18,False,3246.6094,3110.0000,165.0000,165.0000,1663.6319,1594.4886,992.9819,956.8527,1173.2141,1124.4534,own rate (multiplicative),2009.4851,1873.0051,own rate (multiplicative),20.1838,19.3450,155.4828,149.3943,0.0000,0.0000,0.0000,0.0000
1808,18,False,0.0000,0.0000,0.0000,0.0000,0.0000,0.0000,0.0000,0.0000,0.0000,0.0000,superzone rate on the increment,0.0000,0.0000,superzone rate on the increment,0.9926,0.9926,0.0000,0.0000,0.0000,0.0000,0.0000,0.0000
1809,18,False,0.0000,0.0000,1180.0000,1180.0000,145.8680,145.8680,960.8089,960.8089,0.0000,0.0000,superzone rate on the increment,1198.6733,1159.4478,own rate (multiplicative),16.5441,16.5441,297.7220,296.8648,0.0000,0.0000,5.3558,5.3570
1810,18,False,0.0000,0.0000,0.0000,0.0000,0.0000,0.0000,0.0000,0.0000,0.0000,0.0000,superzone rate on the increment,0.0000,0.0000,superzone rate on the increment,0.2206,0.2206,0.5881,0.5864,0.0000,0.0000,0.0000,0.0000
1811,18,False,0.0000,0.0000,147.9971,184.0000,18.2949,22.7455,120.5058,149.8210,0.0000,5.4827,superzone rate on the increment,112.1572,139.8399,superzone rate on the increment,0.5515,1.0958,14.8888,18.5375,0.0000,0.0888,4.1241,4.3241
1812,18,False,203.4475,194.0000,835.0000,835.0000,206.1928,201.4111,733.7002,731.2016,2299.8832,2293.9925,superzone rate on the increment,750.7028,723.6639,own rate (multiplicative),0.5882,0.0034,97.8834,97.2692,0.0000,0.0000,27.6039,27.5161
1813,18,False,0.0000,0.0000,1284.0000,1284.0000,158.7242,158.7242,1045.4903,1045.4903,0.0000,0.0000,superzone rate on the increment,1154.3740,1116.5982,own rate (multiplicative),1.4338,1.4338,158.2645,157.8088,0.0000,0.0000,42.4473,42.4569
1814,18,False,0.0000,0.0000,835.0000,835.0000,103.2202,103.2202,679.8944,679.8944,0.0000,0.0000,superzone rate on the increment,39.4860,38.1939,own rate (multiplicative),2.4265,2.4265,17.9033,17.8518,0.0000,0.0000,0.0000,0.0000
1815,18,False,0.0000,0.0000,880.5733,889.0000,108.8538,109.8955,717.0023,723.8636,0.0000,1.2833,superzone rate on the increment,25.4279,24.8311,own rate (multiplicative),2.6471,2.7745,0.9929,0.9995,0.0000,0.0208,0.0000,0.0000
1816,18,False,1716.7097,1658.0000,1625.8136,1530.0000,1069.8716,1028.3121,1777.8288,1684.2862,971.5009,933.7627,own rate (multiplicative),1585.9998,1453.3809,own rate (multiplicative),55.9200,53.7478,339.4497,320.6632,64.5765,62.0680,7.0864,6.7150
1817,18,False,3420.7093,3277.0000,253.1023,231.0000,1762.6416,1687.1725,1110.7630,1054.7594,3377.9986,3233.3666,own rate (multiplicative),1296.5463,1190.8866,own rate (multiplicative),394.6694,377.7713,60.0551,56.8630,0.0000,0.0000,0.0000,0.0000
1901,19,False,4624.6757,4857.0000,649.4764,688.0000,2421.0143,2543.3648,1751.9218,1844.7322,2484.2436,2609.7895,own rate (multiplicative),1742.5807,1774.8510,own rate (multiplicative),161.3397,169.4933,114.7442,120.4750,0.0000,0.0000,0.0000,0.0000
1902,19,False,7812.3981,8202.0000,624.2527,708.0000,4031.3263,4238.8715,2574.4411,2745.6700,10013.5982,10529.1295,own rate (multiplicative),6156.1015,6350.6988,own rate (multiplicative),1652.0558,1737.1088,0.4640,0.4934,0.0000,0.0000,0.0000,0.0000
1903,19,False,4312.5326,4529.0000,989.0482,1059.0000,2305.0034,2423.2132,1945.8638,2060.0708,2479.7908,2606.9644,own rate (multiplicative),4025.1148,4121.9085,own rate (multiplicative),510.1150,536.2758,378.1852,399.2290,0.0000,0.0000,0.0000,0.0000
1904,19,True,8767.8873,9210.0000,1175.1728,1303.0000,4583.0396,4822.6116,3275.7234,3496.7316,6885.5369,7245.4687,own rate (multiplicative),4627.6190,4778.1859,own rate (multiplicative),4.1443,4.3609,1.4547,1.5483,0.0000,0.0000,0.0000,0.0000
1905,19,False,3506.0123,3681.0000,586.5226,627.0000,1847.0331,1940.6049,1404.8088,1484.0463,560.5969,588.9971,own rate (multiplicative),544.4278,556.3152,own rate (multiplicative),16.9015,17.7577,0.2320,0.2444,0.0000,0.0000,0.0000,0.0000
1906,19,True,7214.7974,7577.0000,469.5209,532.0000,3709.7299,3900.7782,2290.4039,2437.0690,1319.4149,1387.3638,own rate (multiplicative),542.1312,557.9696,own rate (multiplicative),8.0860,8.5024,101.0071,107.1656,0.0000,0.0000,0.0000,0.0000
1907,19,False,8821.6914,9265.0000,990.6456,1116.0000,4587.4612,4827.3328,3139.7026,3359.0137,513.9999,540.8762,own rate (multiplicative),918.2514,950.2442,own rate (multiplicative),674.8914,710.1805,439.0014,468.3137,0.0000,0.0000,0.0000,0.0000
1908,19,False,3715.0288,3901.0000,513.2564,582.0000,1943.7676,2046.3927,1400.4308,1505.5888,679.3285,715.1950,own rate (multiplicative),592.3283,615.9671,own rate (multiplicative),13.4299,14.1390,112.7953,120.9159,0.0000,0.0000,0.0000,0.0000
1909,19,False,9243.4884,9710.0000,7297.6502,8051.0000,5580.6018,5909.8483,8386.7011,9123.4907,3381.3748,3580.8705,own rate (multiplicative),2884.2188,3034.9283,own rate (multiplicative),831.2526,880.2952,895.1806,971.0203,99.0832,104.9289,119.6248,130.1635
1910,19,False,2160.4599,2269.0000,66.7640,100.0000,1101.7458,1160.7907,625.7395,681.5074,144.3112,152.0451,own rate (multiplicative),38.6918,40.7612,own rate (multiplicative),157.2031,165.6279,25.1211,27.2812,44.5252,46.9114,6.2652,6.8251
1911,19,False,5202.7835,5465.0000,531.7193,618.0000,2699.0603,2842.4440,1808.9309,1948.5330,1072.2792,1129.2425,own rate (multiplicative),210.9667,219.8114,own rate (multiplicative),781.9589,823.4994,162.7232,174.7765,0.0000,0.0000,30.9183,33.3119
1912,19,False,5532.3210,5811.0000,771.7949,853.0000,2895.5295,3046.6180,2091.5641,2231.3872,2164.3011,2277.2342,own rate (multiplicative),1696.9463,1751.1455,own rate (multiplicative),131.1725,138.0171,0.0000,0.0000,0.0000,0.0000,192.1136,205.0029
1913,19,False,5221.7986,5484.0000,642.8728,722.0000,2722.4251,2864.9168,1904.4660,2038.2394,2804.9604,2951.7721,own rate (multiplicative),1793.4082,1856.5706,own rate (multiplicative),187.5992,197.4182,20.0121,21.3561,0.0000,0.0000,0.0000,0.0000
1914,19,False,5073.1135,5328.0000,608.2377,683.0000,2642.8883,2781.1381,1836.9418,1965.2265,2725.1419,2867.6945,own rate (multiplicative),1696.6179,1755.7054,own rate (multiplicative),192.4345,202.5008,128.2698,136.8325,0.0000,0.0000,0.0000,0.0000
1915,19,False,0.0000,0.0000,1495.1857,1564.0000,184.8303,193.3369,1217.4472,1273.4789,394.7961,400.0966,superzone rate on the increment,1516.8607,1534.7501,own rate (multiplicative),0.6651,1.5948,175.3002,182.8402,0.0000,0.0800,0.0000,0.0000
1916,19,False,9408.6644,9880.0000,908.6479,999.0000,4874.4148,5124.1450,3228.1733,3426.3962,5409.8249,5686.9858,own rate (multiplicative),3763.7206,3864.1012,own rate (multiplicative),1106.9252,1163.6362,341.8588,361.8056,0.0000,0.0000,0.0000,0.0000
1917,19,False,10322.6954,10841.0000,401.1267,442.0000,5274.3031,5541.6898,3056.6608,3227.0178,5935.8104,6236.7330,own rate (multiplicative),1677.8714,1713.4173,own rate (multiplicative),1232.8146,1295.3135,153.7040,161.8032,0.0000,0.0000,0.0000,0.0000
1918,19,False,5888.4018,6186.0000,612.2553,687.0000,3056.0339,3215.8997,2055.8325,2195.3989,941.9077,991.1803,own rate (multiplicative),586.9696,606.3058,own rate (multiplicative),6.8188,7.1755,0.9279,0.9880,0.0000,0.0000,0.0000,0.0000
1919,19,False,4625.1980,4860.0000,393.8250,436.0000,2389.6758,2513.7317,1543.8971,1640.3360,739.9508,778.3641,own rate (multiplicative),374.9526,385.3374,own rate (multiplicative),19.4587,20.4688,0.2320,0.2458,0.0000,0.0000,0.0000,0.0000
1920,19,True,0.0000,0.0000,302.8933,320.0000,37.4428,39.5574,246.6293,260.5583,0.0000,1.3176,superzone rate on the increment,205.9099,210.4204,own rate (multiplicative),0.2673,0.4984,48.7296,51.3335,0.0000,0.0199,0.0000,0.0000
1921,19,True,5584.8851,5866.0000,1742.7047,1923.0000,3042.1551,3206.7258,2896.0240,3117.1750,1021.4289,1076.6849,own rate (multiplicative),2034.9429,2118.6618,own rate (multiplicative),14.1024,14.8653,383.2059,411.2814,0.0000,0.0000,0.0000,0.0000
1922,19,False,6981.1418,7333.0000,497.5930,558.0000,3594.9379,3780.4943,2251.4665,2393.7087,1276.8462,1342.7519,own rate (multiplicative),578.5231,594.9451,own rate (multiplicative),45.8530,48.2197,129.4655,137.2485,0.0000,0.0000,0.0000,0.0000
1923,19,False,8868.0115,9315.0000,1929.9139,2188.0000,4727.0151,4985.1572,3916.7473,4245.1076,1057.8540,1115.6233,own rate (multiplicative),1698.0843,1780.2163,own rate (multiplicative),44.1191,46.5284,124.4053,134.4466,119.7910,126.3328,72.0111,78.0657
1924,19,True,9690.9254,10180.0000,2220.7954,2312.0000,5179.4817,5438.2958,4371.2322,4574.8407,1156.0640,1213.8315,own rate (multiplicative),1846.0503,1868.8137,own rate (multiplicative),65.8771,69.1689,163.9931,171.1376,130.9120,137.4536,78.2858,81.9508
1925,19,False,8631.5926,9067.0000,1207.2167,1326.0000,4518.0167,4753.0769,3265.7691,3477.6400,1029.6770,1083.2483,own rate (multiplicative),1040.0140,1071.2448,own rate (multiplicative),56.0161,58.9305,98.0523,104.1130,116.6000,122.6664,44.1042,46.9761
1926,19,False,7179.7694,7542.0000,5274.2355,5996.0000,4285.9451,4558.5064,6193.3540,6876.8462,1932.6058,2055.5083,own rate (multiplicative),3303.2981,3547.8198,own rate (multiplicative),43.0480,45.7856,522.1503,578.1050,106.7934,113.5848,115.4163,128.1825
1927,19,False,6239.7177,6555.0000,3739.0759,4195.0000,3620.3767,3836.3132,4694.7426,5149.3592,1679.6528,1779.8353,own rate (multiplicative),2321.2931,2462.7581,own rate (multiplicative),18.9856,20.1179,359.9183,393.6345,92.8155,98.3515,81.1054,88.9793
1928,19,False,2228.9389,2343.0000,3207.1453,3561.0000,1524.6101,1626.0833,3200.8894,3519.1795,815.7362,870.0290,own rate (multiplicative),1272.9789,1353.7621,own rate (multiplicative),227.3435,242.4748,410.7897,450.3375,23.9032,25.4942,52.7976,58.0608
1929,19,False,6663.2330,6998.0000,1634.6459,1843.0000,3574.5910,3769.7856,3093.2285,3351.4157,2437.1358,2570.2184,own rate (multiplicative),655.4789,686.9504,own rate (multiplicative),585.6844,617.6664,196.9523,212.7773,71.4146,75.3143,27.1865,29.4624
1930,19,False,5087.6472,5345.0000,1786.1840,1946.0000,2795.8585,2945.8707,2799.9221,2998.1137,339.9116,358.1496,own rate (multiplicative),1250.2323,1294.9209,own rate (multiplicative),364.2418,383.7852,771.5481,823.7832,104.8751,110.5022,202.4428,216.8216
1931,19,False,8280.6574,8699.0000,508.9969,570.0000,4254.0830,4473.3634,2604.4353,2764.7459,553.2186,581.7348,own rate (multiplicative),358.0891,367.6911,own rate (multiplicative),592.0860,622.6055,290.5027,307.4961,170.6879,179.4862,57.9834,61.5664
1932,19,False,2387.8717,2508.0000,574.5406,643.0000,1279.6175,1348.8819,1099.3376,1186.8507,159.5086,168.1426,own rate (multiplicative),409.4185,427.5460,own rate (multiplicative),180.5984,190.3740,254.4714,273.9377,49.2142,51.8781,66.2948,71.5884
1933,19,False,6194.3984,6506.0000,1230.1208,1306.0000,3287.2894,3454.3830,2639.8533,2784.0469,1276.5720,1341.4605,own rate (multiplicative),489.2731,499.1125,own rate (multiplicative),959.6354,1008.4139,406.6918,427.6711,0.0000,0.0000,71.7055,75.6393
1934,19,False,8548.4820,8979.0000,1554.0325,1735.0000,4518.8235,4759.0960,3526.1818,3787.3928,1761.7772,1855.4534,own rate (multiplicative),639.1842,664.0672,own rate (multiplicative),1304.8078,1374.1863,489.2042,523.9304,0.0000,0.0000,93.6757,100.6377
1935,19,False,5918.4258,6216.0000,916.2726,1042.0000,3108.8120,3274.9679,2311.3175,2492.3899,2315.2131,2438.9537,own rate (multiplicative),2053.3117,2141.7148,own rate (multiplicative),142.4635,150.0777,0.0000,0.0000,0.0000,0.0000,232.4578,250.7256
1936,19,False,3986.7592,4188.0000,557.1023,616.0000,2086.7209,2195.8575,1507.9967,1609.1760,1559.7667,1641.3433,own rate (multiplicative),1225.2760,1264.6999,own rate (multiplicative),96.1862,101.2168,0.9279,0.9873,0.0000,0.0000,138.7149,148.0555
1937,19,False,1067.0517,1117.0000,168.6548,223.0000,560.9249,592.9237,419.5297,476.9898,0.0000,0.0000,own rate (multiplicative),0.0000,0.0000,own rate (multiplicative),1.1983,1.2667,17.5959,19.9482,0.0000,0.0000,0.0000,0.0000
1938,19,False,10329.8428,10850.0000,1357.3271,1534.0000,5396.1232,5681.2348,3837.1322,4118.5533,3898.1272,4104.0901,own rate (multiplicative),2067.0486,2146.0458,own rate (multiplicative),708.6243,746.0655,0.5799,0.6207,0.0000,0.0000,0.0000,0.0000
2001,20,True,0.0000,0.0000,3876.3515,4373.0000,479.1828,540.5770,3156.2991,3560.6925,834.3583,941.2585,own rate (multiplicative),2963.5122,3233.8019,own rate (multiplicative),24.8493,28.0331,239.3042,269.1872,0.0000,0.0000,0.0000,0.0000
2002,20,True,5971.1739,6278.0000,3011.0059,3394.0000,3394.4544,3597.0956,4030.8936,4423.8909,2643.8355,2801.6665,own rate (multiplicative),2569.8891,2728.1474,own rate (multiplicative),905.0963,959.1285,363.3077,397.5808,0.0000,0.0000,0.0000,0.0000
2003,20,True,3468.6823,3653.0000,1490.4573,1695.0000,1939.8806,2058.4559,2130.9603,2346.2546,1537.5215,1631.5025,own rate (multiplicative),1279.6440,1362.8226,own rate (multiplicative),563.9127,598.3819,253.9307,278.7807,0.0000,0.0000,0.0000,0.0000
2004,20,True,4940.1077,5179.0000,476.8500,515.0000,2559.3271,2684.9558,1694.7840,1789.0273,2285.8803,2398.0864,own rate (multiplicative),929.4682,949.0465,own rate (multiplicative),318.8825,334.5353,96.1166,101.1693,81.8927,85.9126,0.0000,0.0000
2005,20,True,4093.8616,4533.0000,995.2139,1252.0000,2195.0876,2449.0958,1893.0522,2218.2780,1598.4288,1783.3936,own rate (multiplicative),1799.7620,2039.9467,own rate (multiplicative),189.7860,211.7474,120.2933,140.5538,0.0000,0.0000,0.0000,0.0000
2006,20,False,0.0000,0.0000,2214.8871,2528.0000,273.7976,312.5037,1803.4603,2058.4109,250.3964,285.7943,own rate (multiplicative),1897.5613,2094.9403,own rate (multiplicative),4.6502,5.3076,14.7955,16.8385,0.0000,0.0000,14.5612,16.6234
2007,20,True,5547.3821,5818.0000,1231.2558,1393.0000,2959.9496,3116.9142,2469.6609,2672.9307,2567.5716,2703.7286,own rate (multiplicative),2314.1247,2422.6322,own rate (multiplicative),404.4498,425.8975,246.5158,266.0375,91.9844,96.8623,0.0000,0.0000
2008,20,True,2779.1626,2925.0000,207.2564,238.0000,1432.2625,1509.8769,903.7631,967.3656,1142.7554,1204.6814,own rate (multiplicative),129.7467,134.3330,own rate (multiplicative),84.5623,89.1447,47.7006,50.9106,0.0000,0.0000,0.0000,0.0000
2009,20,True,4730.5643,4956.0000,1312.1512,1460.0000,2556.5264,2688.9048,2319.5056,2499.5118,2187.9444,2301.2375,own rate (multiplicative),2438.9311,2542.1997,own rate (multiplicative),356.7179,375.1889,269.3728,289.4418,78.3840,82.4428,0.0000,0.0000
2010,20,True,0.0000,0.0000,4584.5386,5171.0000,566.7268,639.2233,3732.9367,4210.4599,0.0000,0.0000,own rate (multiplicative),2877.0656,3138.9112,own rate (multiplicative),29.2897,33.0365,718.9978,808.6382,0.0000,0.0000,0.0000,0.0000
2011,20,False,4871.8626,5104.0000,1120.9611,1301.0000,2604.4087,2744.1583,2201.1993,2409.1884,2253.2855,2374.1943,own rate (multiplicative),2142.9810,2268.7158,own rate (multiplicative),334.2557,352.1915,248.2417,270.9155,80.7250,85.0567,0.0000,0.0000
2012,20,True,7049.4315,7387.0000,469.4649,530.0000,3626.0248,3804.3646,2246.6239,2385.1912,2653.1147,2783.6035,own rate (multiplicative),796.4555,817.9084,own rate (multiplicative),382.5722,401.3883,69.3013,73.3638,0.0000,0.0000,0.0000,0.0000
2013,20,False,0.0000,0.0000,0.0000,0.0000,0.0000,0.0000,0.0000,0.0000,0.0000,0.0000,superzone rate on the increment,0.0000,0.0000,superzone rate on the increment,1.8531,1.8531,6.5654,6.5465,0.0000,0.0000,0.0000,0.0000
2101,21,True,6763.6347,7081.0000,2135.0860,2371.0000,3687.2710,3877.0649,3527.2626,3803.2880,2640.4769,2776.3895,own rate (multiplicative),2994.4856,3123.1585,own rate (multiplicative),9.0239,9.4884,10.5583,11.3518,0.0000,0.0000,0.0000,0.0000
2102,21,False,10022.3228,10526.0000,1240.6371,1374.0000,5226.0506,5497.4671,3660.7881,3902.5858,6767.4684,7118.9389,own rate (multiplicative),5500.6054,5672.0327,own rate (multiplicative),47.9388,50.4285,413.4762,439.5175,0.0000,0.0000,0.0000,0.0000
2103,21,False,4056.7142,4248.0000,821.3298,856.0000,2154.7909,2255.8939,1741.6436,1820.4630,2132.2831,2232.3300,own rate (multiplicative),781.9714,790.6128,own rate (multiplicative),0.4130,0.4324,0.0000,0.0000,0.0000,0.0000,0.0000,0.0000
2104,21,False,0.0000,0.0000,5802.8019,6407.0000,717.3248,792.0139,4724.9013,5216.8665,678.5980,749.2548,own rate (multiplicative),2387.8629,2550.2146,own rate (multiplicative),1.3263,1.4644,32.2390,35.4933,0.0000,0.0000,222.8949,246.1587
2105,21,False,7265.7452,7576.0000,4088.1197,4418.0000,4182.8368,4380.6476,5250.3034,5600.9599,3120.0785,3267.6303,own rate (multiplicative),3025.4219,3121.8669,own rate (multiplicative),787.2594,824.4897,1547.0539,1645.6265,0.0000,0.0000,15.2887,16.3134
2106,21,False,6502.8741,6826.0000,2130.2530,2537.0000,3554.6925,3768.5199,3454.3639,3871.0127,2317.1620,2456.5476,own rate (multiplicative),640.3926,694.1498,own rate (multiplicative),231.9934,245.9487,5.0401,5.6318,0.0000,0.0000,0.0000,0.0000
2107,21,False,3279.5007,3433.0000,2106.4055,2057.0000,1920.2701,1991.8547,2582.4600,2582.8278,203.4957,211.0817,own rate (multiplicative),1722.6941,1666.5578,own rate (multiplicative),11.1456,11.5611,437.3844,436.1872,0.0000,0.0000,0.0000,0.0000
2108,21,False,3122.8098,3269.0000,1636.0403,1769.0000,1782.8177,1873.2463,2158.0275,2304.9522,1477.9945,1552.9617,own rate (multiplicative),1192.3823,1231.8869,own rate (multiplicative),512.8930,538.9081,159.5336,169.9045,0.0000,0.0000,0.0000,0.0000
2109,21,False,5405.8001,5463.0000,2796.0564,3015.0000,3081.7254,3137.7416,3706.3475,3899.7489,2499.1269,2544.5533,own rate (multiplicative),2034.1021,2070.2062,own rate (multiplicative),865.3202,881.0491,288.0336,302.1909,0.0000,0.0000,0.0000,0.0000
2110,21,False,4271.7715,4777.0000,2394.5994,2710.0000,2458.1226,2752.8272,3079.5464,3469.9776,1921.9911,2152.4189,own rate (multiplicative),1827.4782,1991.7852,own rate (multiplicative),480.1085,537.6688,876.1755,984.4162,0.0000,0.0000,9.2350,10.4081
2111,21,False,0.0000,0.0000,1794.5771,2030.0000,221.8402,250.9424,1461.2251,1652.9170,387.4008,415.1771,superzone rate on the increment,1530.4078,1674.5243,own rate (multiplicative),2.1502,4.8146,172.3755,194.4273,0.0000,0.0000,0.0000,0.0000
2112,21,False,6226.6063,6519.0000,5324.8769,6001.0000,3809.7724,4041.3445,5982.5053,6610.3644,7157.0912,7592.1257,own rate (multiplicative),6202.8888,6629.5901,own rate (multiplicative),53.1430,56.3732,1160.0546,1278.1108,0.0000,0.0000,0.0000,0.0000
2201,22,False,2425.7064,2539.0000,1772.5256,1970.0000,1446.8585,1528.6119,2084.7969,2275.5521,1355.7889,1432.3966,own rate (multiplicative),1675.4525,1768.9092,own rate (multiplicative),8.1853,8.6478,21.3377,23.2230,0.0000,0.0000,59.2224,64.6558
2202,22,False,8263.1214,8679.0000,1648.5566,1875.0000,4386.0762,4624.5608,3527.6781,3822.0460,2433.2834,2565.5886,own rate (multiplicative),998.3361,1046.2467,own rate (multiplicative),15.5618,16.4080,11.8244,12.7742,0.0000,0.0000,0.0000,0.0000
2203,22,False,6001.6000,6001.0000,1250.1330,1201.0000,3192.1805,3185.8031,2605.1587,2564.9937,6242.9798,6230.5075,own rate (multiplicative),2555.2610,2433.5359,own rate (multiplicative),241.2249,240.7430,139.9819,137.4269,408.6581,407.8417,22.2760,21.9376
2204,22,False,3818.7999,3820.0000,1607.4050,1577.0000,2131.5455,2128.3943,2318.7800,2294.3403,3973.4839,3967.6098,own rate (multiplicative),3331.8391,3188.8396,own rate (multiplicative),166.4592,166.2131,153.3392,151.2861,260.0998,259.7153,29.0461,28.7465
2205,22,False,5061.6000,5061.0000,1584.6967,1607.0000,2757.7677,2760.2211,2628.9734,2646.9751,6274.5020,6280.0840,own rate (multiplicative),5441.7395,5299.7060,own rate (multiplicative),441.1911,441.5836,214.5361,215.3832,0.0000,0.0000,32.9390,33.1720
2206,22,False,3428.6000,3428.0000,1023.9737,1033.0000,1861.9281,1862.7403,1740.5278,1747.7188,4250.0333,4251.8871,own rate (multiplicative),3504.0977,3403.4327,own rate (multiplicative),300.9984,301.1297,131.1874,131.3502,0.0000,0.0000,21.2105,21.3029
2207,22,False,823.3999,824.0000,979.5147,1216.0000,537.8393,567.3766,1015.3295,1208.0451,177.3360,187.0751,own rate (multiplicative),2745.7216,3159.9706,own rate (multiplicative),5.3382,5.6314,5.8613,6.9538,0.0000,0.0000,0.0000,0.0000
2208,22,False,8954.0682,9375.0000,3307.7625,3676.0000,4940.8972,5199.4676,5061.4127,5472.5721,3035.9277,3194.8058,own rate (multiplicative),4864.1937,5087.2254,own rate (multiplicative),156.5886,164.7833,106.2762,114.5786,0.0000,0.0000,0.0000,0.0000
2209,22,False,2471.2654,2587.0000,1320.2145,1433.0000,1414.0043,1486.5243,1728.5538,1850.9972,5335.7661,5609.4213,own rate (multiplicative),4555.1475,4718.1927,own rate (multiplicative),56.7199,59.6289,5.7498,6.1394,0.0000,0.0000,0.0000,0.0000
2210,22,False,0.0000,0.0000,9592.6251,10884.0000,1185.8112,1345.4471,7810.7451,8862.2405,0.0000,0.0000,own rate (multiplicative),0.0000,0.0000,own rate (multiplicative),7.0206,7.9657,44.1280,49.9245,0.0000,0.0000,0.0000,0.0000
2211,22,False,2186.7188,2294.0000,711.2215,792.0000,1194.7023,1258.9871,1157.4304,1251.5765,3053.4761,3217.7781,own rate (multiplicative),2502.8681,2617.8869,own rate (multiplicative),9.3500,9.8531,79.4835,85.7013,0.0000,0.0000,0.0000,0.0000
2212,22,False,1426.9932,1494.0000,916.5198,1028.0000,835.5541,883.2497,1123.6687,1232.1622,2352.0519,2486.3132,own rate (multiplicative),1101.8382,1168.6858,own rate (multiplicative),0.5176,0.5472,10.0766,11.0177,0.0000,0.0000,0.0000,0.0000
2213,22,False,964.5154,1022.0000,216.3358,238.0000,514.9215,546.6947,431.2359,464.0788,2789.5766,2961.7077,own rate (multiplicative),975.4285,1015.3661,own rate (multiplicative),3.2030,3.4006,5.7057,6.1226,0.0000,0.0000,0.0000,0.0000
2214,22,False,4833.3114,5076.0000,235.6106,280.0000,2475.4521,2603.7735,1470.1116,1570.4393,5134.9509,5401.1343,own rate (multiplicative),1472.9585,1521.9899,own rate (multiplicative),78.2157,82.2702,117.6160,125.2810,0.0000,0.0000,15.4040,16.4589
2215,22,False,1906.0720,1995.0000,555.1753,616.0000,1033.3662,1085.8950,956.1479,1029.1929,2020.4530,2123.1582,own rate (multiplicative),3666.2811,3817.2257,own rate (multiplicative),44.7027,46.9751,237.9502,255.3909,0.0000,0.0000,38.3414,41.2798
2216,22,False,5073.4401,5311.0000,426.6631,492.0000,2620.6079,2748.9229,1689.1820,1805.2097,2023.5135,2122.5925,own rate (multiplicative),3408.6561,3523.5852,own rate (multiplicative),376.6003,395.0401,166.8643,177.8126,0.0000,0.0000,0.0000,0.0000
2217,22,False,2633.1993,2690.0000,632.6129,595.0000,1410.9661,1435.0656,1211.5045,1195.9005,0.0000,0.0000,own rate (multiplicative),5.5128,5.2637,own rate (multiplicative),2.1353,2.1718,0.1381,0.1360,0.0000,0.0000,0.0000,0.0000
2218,22,False,5215.1206,5460.0000,4702.4469,5192.0000,3220.8773,3405.3373,5208.1870,5671.5664,712.5748,753.3841,own rate (multiplicative),2753.8617,2900.7410,own rate (multiplicative),3.1059,3.2838,2.5689,2.7894,0.0000,0.0000,0.0000,0.0000
2219,22,False,5504.1035,5763.0000,4464.9670,4981.0000,3337.7862,3532.6142,5091.2476,5579.8952,48.7054,51.5484,own rate (multiplicative),1895.5590,2009.5069,own rate (multiplicative),0.5824,0.6163,32.3926,35.3994,0.0000,0.0000,0.0000,0.0000
2220,22,False,5810.2952,6103.0000,560.1122,619.0000,3010.0554,3165.4842,1992.7184,2118.0792,1711.0396,1799.3917,own rate (multiplicative),332.7575,342.1169,own rate (multiplicative),3.6235,3.8107,4.6438,4.9218,0.0000,0.0000,0.0000,0.0000
2221,22,False,7527.6937,7881.0000,321.1201,403.0000,3849.7540,4038.6978,2252.3211,2412.4304,3002.5916,3149.9571,own rate (multiplicative),2424.7150,2512.0920,own rate (multiplicative),566.2797,594.0723,137.3067,146.6439,0.0000,0.0000,0.0000,0.0000
2222,22,False,3321.4389,3478.0000,439.1541,509.0000,1735.3961,1823.2719,1236.0006,1334.2780,3521.8324,3700.1686,own rate (multiplicative),2791.6063,2914.9572,own rate (multiplicative),44.1848,46.4222,192.8659,207.6017,0.0000,0.0000,29.1942,31.5226
2301,23,False,6492.2915,6677.0000,1198.3047,1137.0000,3434.1316,3520.0415,2692.7311,2691.6639,4669.0048,4785.8068,own rate (multiplicative),2380.5223,2301.7093,own rate (multiplicative),432.1918,443.0038,197.0049,196.3598,0.0000,0.0000,0.0000,0.0000
2302,23,False,547.6945,561.0000,426.3654,378.0000,329.9155,330.6711,492.0147,456.1523,904.9979,907.0707,own rate (multiplicative),692.3336,620.8656,own rate (multiplicative),2.4547,2.4603,6.0988,5.6380,0.0000,0.0000,0.0000,0.0000
2303,23,False,4711.9646,4791.0000,964.4968,1037.0000,2504.1364,2553.1020,2031.5108,2111.4486,2542.1381,2591.8467,own rate (multiplicative),4700.3484,4725.4351,own rate (multiplicative),158.4809,161.5798,199.1572,206.3979,5.0940,5.1936,0.0000,0.0000
2304,23,False,4375.3933,4449.0000,468.3528,504.0000,2272.4528,2314.1146,1538.5150,1587.0073,2360.6336,2403.9120,own rate (multiplicative),2108.2783,2103.5629,own rate (multiplicative),131.3294,133.7372,54.8936,56.4608,4.7303,4.8170,0.0000,0.0000
2305,23,False,5160.1196,5247.0000,1348.2098,1309.0000,2778.3985,2817.5251,2462.4707,2453.5216,2784.0370,2823.2430,own rate (multiplicative),6138.4147,5915.9625,own rate (multiplicative),225.5942,228.7711,227.4557,225.9766,5.5787,5.6573,0.0000,0.0000
2306,23,False,3816.4740,3878.0000,413.2862,444.0000,1982.7549,2017.6923,1345.8598,1387.1402,2058.1343,2094.3999,own rate (multiplicative),1862.4709,1856.7796,own rate (multiplicative),117.7021,119.7761,55.8617,57.4093,4.1241,4.1968,0.0000,0.0000
2307,23,False,6356.7564,6536.0000,1659.0662,1765.0000,3422.4900,3526.3074,3032.0588,3165.7194,4570.7958,4709.4457,own rate (multiplicative),3557.0940,3592.3655,own rate (multiplicative),393.2192,405.1470,287.4187,299.2248,0.0000,0.0000,0.0000,0.0000
2401,24,True,0.0000,3333.3333,2360.5988,2437.0000,291.8101,1988.3840,1922.1053,2865.8820,331.3544,1887.7815,superzone rate on the increment,1844.0618,2659.5427,own rate (multiplicative),6.3073,123.3188,46.8004,69.5790,0.0000,35.5068,0.0000,0.0000
2402,24,True,0.0000,0.0000,2624.1971,2629.0000,324.3953,324.9890,2136.7388,2140.6496,609.5421,610.6577,own rate (multiplicative),2175.3980,2108.0613,own rate (multiplicative),55.0676,55.1684,416.0876,415.6489,0.0000,0.0000,90.8465,91.0333
2403,24,True,5531.4633,6574.0000,1001.8841,1167.0000,2923.5382,3471.6177,2278.6862,2688.8509,6034.4886,7165.7819,own rate (multiplicative),2906.3314,3317.2462,own rate (multiplicative),150.5889,178.8200,195.3425,229.8406,335.1330,397.9608,0.0000,0.0000
2404,24,True,4905.3960,5848.0000,530.4578,628.0000,2548.3850,3037.5314,1729.2536,2057.9675,1045.2212,1245.8448,own rate (multiplicative),1137.8343,1309.8127,own rate (multiplicative),466.1714,555.6500,36.4897,43.3010,0.0000,0.0000,141.9425,168.9626
2405,24,True,2075.0550,2469.0000,1294.2125,1498.0000,1210.2526,1434.8350,1602.5960,1872.7157,2265.5075,2685.9100,own rate (multiplicative),3738.5456,4225.7212,own rate (multiplicative),23.0515,27.3291,192.5589,224.3671,125.8181,149.1657,0.0000,0.0000
2406,24,True,4118.1235,4909.0000,902.2189,1047.0000,2195.8718,2614.0625,1823.7480,2150.7986,2410.9191,2870.0643,own rate (multiplicative),1486.7628,1696.0044,own rate (multiplicative),319.2812,380.0864,160.9546,189.2719,0.0000,0.0000,0.0000,0.0000
2407,24,True,3402.5444,4055.0000,1058.5653,1411.0000,1853.0165,2226.8165,1761.8029,2221.3261,1991.6628,2393.4313,own rate (multiplicative),1913.2130,2333.2899,own rate (multiplicative),334.2812,401.7141,164.9551,207.3808,0.0000,0.0000,0.0000,0.0000
2408,24,True,343.3281,288.0000,193.1694,189.0000,197.6507,169.1316,248.0873,230.0597,170.9274,144.7641,superzone rate on the increment,313.6233,281.3162,own rate (multiplicative),0.0000,0.0000,4.0095,3.7075,0.0000,0.0000,0.0000,0.0000
2409,24,False,2005.0029,1681.0000,617.3364,534.0000,1091.1231,916.8308,1032.9265,879.3812,3714.7863,3121.3991,own rate (multiplicative),1568.9238,1291.9924,own rate (multiplicative),2.9919,2.5140,20.1196,17.0795,135.9675,114.2485,0.0000,0.0000
2410,24,False,10625.1531,11693.0000,1422.4988,1988.0000,5553.6476,6164.0319,3968.2987,4711.1688,1534.2864,1702.9151,own rate (multiplicative),4345.7741,4990.4744,own rate (multiplicative),64.5228,71.6143,103.9816,123.0916,0.0000,0.0000,0.0000,0.0000
2411,24,False,2614.2350,2192.0000,869.2462,713.0000,1430.6194,1197.5952,1399.1665,1160.2752,859.8888,719.8271,own rate (multiplicative),397.4312,318.7895,own rate (multiplicative),10.0270,8.3938,2.9342,2.4262,0.0000,0.0000,0.0000,0.0000
2412,24,True,3623.6787,4320.0000,0.0000,0.0000,1834.0845,2186.5198,958.3551,1142.5113,772.1193,920.4887,own rate (multiplicative),0.0000,0.0000,own rate (multiplicative),341.3116,406.8976,6.3552,7.5546,0.0000,0.0000,0.0000,0.0000
2413,24,True,0.0000,0.0000,0.0000,0.0000,0.0000,0.0000,0.0000,0.0000,0.0000,0.0000,superzone rate on the increment,4.5129,4.3652,superzone rate on the increment,19.3262,19.3262,0.1549,0.1544,0.0000,0.0000,0.0000,0.0000
2414,24,False,0.0000,0.0000,485.0000,485.0000,59.9542,59.9542,394.9087,394.9087,88.8121,88.8121,superzone rate on the increment,81.2453,78.5866,own rate (multiplicative),0.0000,0.0000,0.0899,0.0896,0.0000,0.0000,0.0000,0.0000
2415,24,True,1939.7409,2313.0000,353.0651,415.0000,1025.4230,1222.0002,800.4851,949.6312,2120.8343,2527.4056,own rate (multiplicative),904.0591,1037.4064,own rate (multiplicative),31.1705,37.1460,49.5137,58.5699,117.7834,140.3629,0.0000,0.0000
2416,24,False,6733.7636,7032.0000,1054.1717,1244.0000,3538.5328,3712.9478,2639.2337,2872.6751,2134.8202,2240.0460,own rate (multiplicative),1260.2989,1326.8829,own rate (multiplicative),11.3208,11.8788,25.3976,27.5644,0.0000,0.0000,0.0000,0.0000
2417,24,False,617.3729,518.0000,432.1442,381.0000,365.8968,309.2780,515.1479,447.2228,163.2441,137.9838,own rate (multiplicative),230.9098,193.9031,own rate (multiplicative),8.0054,6.7667,0.3035,0.2627,0.0000,0.0000,0.0000,0.0000
2418,24,False,398.3505,334.0000,189.1545,142.0000,225.0034,186.6040,259.3699,203.9558,147.2672,112.0398,superzone rate on the increment,112.5071,85.5750,own rate (multiplicative),0.0809,0.0000,0.0000,0.0000,0.0000,0.0000,0.0000,0.0000
2419,24,False,2093.7539,1882.0000,1159.1551,1095.0000,1203.0214,1087.9139,1497.5715,1389.3310,1057.8205,956.6061,own rate (multiplicative),610.1266,547.5055,own rate (multiplicative),146.1789,132.1922,13.7964,12.7624,0.0000,0.0000,0.0000,0.0000
2420,24,True,0.0000,0.0000,0.0000,0.0000,0.0000,0.0000,0.0000,0.0000,0.0000,0.0000,superzone rate on the increment,0.0000,0.0000,superzone rate on the increment,3.2345,3.2345,1.8586,1.8532,0.0000,0.0000,0.0000,0.0000
2421,24,True,1704.8041,2033.0000,322.6214,267.0000,902.7490,1061.9860,713.5627,755.0713,363.3249,427.4122,own rate (multiplicative),878.5815,899.2662,own rate (multiplicative),153.0768,180.0782,0.2577,0.2719,0.0000,0.0000,109.6012,116.0031
2422,24,False,3176.4041,3317.0000,508.4985,591.0000,1670.5605,1751.9201,1254.1065,1358.4664,1007.0043,1056.0474,own rate (multiplicative),535.9930,561.5959,own rate (multiplicative),27.4934,28.8324,3.2772,3.5397,0.0000,0.0000,0.0000,0.0000
2423,24,False,3938.9327,4113.0000,629.6394,731.0000,2071.4809,2172.1130,1554.4109,1682.9789,1248.6894,1309.3505,own rate (multiplicative),744.6154,779.8215,own rate (multiplicative),21.5904,22.6393,0.4086,0.4411,0.0000,0.0000,0.0000,0.0000
2424,25,False,0.0000,0.0000,0.0000,0.0000,0.0000,0.0000,0.0000,0.0000,0.0000,0.0000,superzone rate on the increment,0.0000,0.0000,superzone rate on the increment,0.0000,0.0000,0.0000,0.0000,0.0000,0.0000,0.0000,0.0000
2425,24,False,1906.1873,1598.0000,910.2748,780.0000,1077.3209,905.2311,1245.3163,1057.7343,919.3128,772.4630,own rate (multiplicative),448.9689,368.8617,own rate (multiplicative),136.5842,114.7664,10.6454,9.0158,0.0000,0.0000,0.0000,0.0000
2426,24,True,0.0000,0.0000,0.0000,0.0000,0.0000,0.0000,0.0000,0.0000,0.0000,0.0000,superzone rate on the increment,4.5129,4.3652,superzone rate on the increment,21.5095,21.5095,0.3407,0.3398,0.0000,0.0000,0.0000,0.0000
2427,24,False,1023.3306,859.0000,302.1831,266.0000,555.3023,467.6554,516.6915,443.7690,336.8483,283.6814,own rate (multiplicative),186.8368,155.2167,own rate (multiplicative),2.1024,1.7706,0.0000,0.0000,0.0000,0.0000,0.0000,0.0000
2501,25,False,2592.0256,2845.0000,545.5287,618.0000,1379.3614,1516.3603,1129.7075,1255.6210,2313.6016,2543.3897,own rate (multiplicative),1535.9917,1651.3222,own rate (multiplicative),160.8575,176.8339,97.9460,108.5493,0.0000,0.0000,0.0000,0.0000
2502,25,False,884.2873,742.0000,340.1280,301.0000,489.6177,412.7637,510.8151,441.3246,0.0000,0.0000,own rate (multiplicative),761.5918,636.4540,own rate (multiplicative),1.2482,1.0522,6.3752,5.4920,0.0000,0.0000,0.0000,0.0000
2503,25,False,6534.6888,6457.0000,3725.3723,4553.0000,3767.9790,3830.9665,4761.5955,5414.9408,5438.1307,5529.0373,own rate (multiplicative),11033.4846,12136.8021,own rate (multiplicative),447.2570,454.7336,716.6136,812.5947,0.0000,0.0000,0.0000,0.0000
2504,25,False,8587.7353,8547.0000,1686.9653,1998.0000,4555.1239,4572.9553,3644.8029,3887.2880,6240.8967,6265.3273,own rate (multiplicative),4318.1352,4454.7084,own rate (multiplicative),84.8502,85.1824,1342.1321,1427.3014,0.0000,0.0000,0.0000,0.0000
2505,25,False,6167.1829,6769.0000,1995.2333,2294.0000,3368.0955,3709.6311,3255.6446,3658.0764,4643.0458,5113.8654,own rate (multiplicative),3034.5782,3298.1051,own rate (multiplicative),459.5322,506.1302,41.0421,45.9825,0.0000,0.0000,0.0000,0.0000
2506,25,False,659.7341,552.0000,263.1585,213.0000,366.4479,305.7191,388.7555,319.4217,414.4836,345.7941,own rate (multiplicative),491.3175,390.4815,own rate (multiplicative),38.9464,32.4921,0.1265,0.1036,0.0000,0.0000,0.0000,0.0000
2507,25,False,1836.8474,1541.0000,1490.8883,1377.0000,1113.9989,950.1805,1699.7395,1528.7637,2688.4213,2293.0772,own rate (multiplicative),2210.4007,1923.0005,own rate (multiplicative),5.1164,4.3640,737.7734,661.6507,0.0000,0.0000,0.0000,0.0000
3001,30,False,5800.1655,5971.0000,2208.1443,2339.0000,3208.6531,3311.2951,3331.9410,3483.6702,8027.1017,8283.8815,own rate (multiplicative),6714.5765,6790.6090,own rate (multiplicative),230.3457,237.7143,1486.7854,1550.0146,0.0000,0.0000,0.0000,0.0000
3002,30,False,6077.3958,6460.0000,1819.3236,1799.0000,3300.9053,3492.0438,3088.6649,3173.3040,1361.2853,1440.1104,own rate (multiplicative),1323.2392,1315.0117,own rate (multiplicative),40.0079,42.3245,13.2186,13.5417,0.0000,0.0000,0.0000,0.0000
3003,30,False,6553.3991,6966.0000,637.8231,728.0000,3395.7755,3615.7563,2252.5230,2435.0697,4265.9044,4542.2527,own rate (multiplicative),2245.5168,2348.0581,own rate (multiplicative),187.0407,199.1573,7.1092,7.6632,0.0000,0.0000,0.0000,0.0000
3004,30,False,5008.3480,5158.0000,859.9563,1013.0000,2641.2246,2735.8881,2024.7738,2188.9673,3089.1101,3199.8261,own rate (multiplicative),2831.1777,2960.6036,own rate (multiplicative),46.7836,48.4604,180.0652,194.1066,0.0000,0.0000,0.0000,0.0000
3005,30,False,3294.2386,3393.0000,761.0071,725.0000,1761.4155,1806.9514,1490.8741,1487.6749,2031.9931,2084.5239,own rate (multiplicative),2174.8216,2099.1385,own rate (multiplicative),17.1149,17.5574,177.6469,176.7553,0.0000,0.0000,0.0000,0.0000
3006,30,False,3953.8536,4072.0000,948.8190,1119.0000,2118.4890,2199.3247,1818.2475,1988.0626,2438.7069,2531.7613,own rate (multiplicative),3126.1995,3306.3143,own rate (multiplicative),62.0483,64.4159,191.8169,209.1277,0.0000,0.0000,0.0000,0.0000
3007,30,False,3690.3418,3800.0000,628.3944,741.0000,1945.5055,2014.9277,1487.6524,1608.3422,2275.9317,2357.1447,own rate (multiplicative),2070.2626,2164.9746,own rate (multiplicative),31.1675,32.2797,150.2880,162.0127,0.0000,0.0000,0.0000,0.0000
3008,30,False,6328.4130,6515.0000,1052.4845,1241.0000,3333.1605,3450.9032,2530.6568,2733.5012,3902.3168,4040.1647,own rate (multiplicative),3467.2789,3622.6399,own rate (multiplicative),38.0445,39.3884,257.2858,277.1083,0.0000,0.0000,0.0000,0.0000
3009,30,False,4745.8364,4887.0000,834.7165,984.0000,2505.2372,2595.1396,1934.7959,2093.6828,1055.7964,1093.6844,own rate (multiplicative),255.0617,266.9754,own rate (multiplicative),84.8895,87.9358,86.6398,93.4848,0.0000,0.0000,0.0000,0.0000
3010,30,False,10039.6255,10672.0000,1870.3712,2278.0000,5312.6540,5683.1131,4178.1219,4677.2758,2248.8391,2405.6539,own rate (multiplicative),1563.1212,1692.6022,own rate (multiplicative),59.4304,63.5746,0.9383,1.0473,0.0000,0.0000,0.0000,0.0000
3011,30,False,5813.1705,6178.0000,922.7321,1124.0000,3056.3367,3265.8712,2288.7403,2549.1081,1301.9405,1391.1981,own rate (multiplicative),771.2305,830.8570,own rate (multiplicative),26.5205,28.3386,0.0000,0.0000,0.0000,0.0000,0.0000,0.0000
3012,30,False,5415.7743,5758.0000,937.6338,1134.0000,2857.0411,3054.5291,2195.7744,2446.1731,1213.2662,1297.1311,own rate (multiplicative),779.9520,840.4613,own rate (multiplicative),50.9027,54.4213,23.4563,26.0559,0.0000,0.0000,0.0000,0.0000
3013,30,False,4368.7647,4643.0000,1079.4025,1271.0000,2344.6339,2507.1198,2034.3060,2262.8403,2843.4857,3040.5425,own rate (multiplicative),3879.9026,4174.5419,own rate (multiplicative),206.2318,220.5239,9.3825,10.4065,0.0000,0.0000,0.0000,0.0000
3101,31,False,11526.4083,11731.0000,2727.9639,3174.0000,6171.1855,6329.8749,5269.6220,5686.9131,7409.7693,7600.3083,own rate (multiplicative),8970.7780,9364.3492,own rate (multiplicative),79.3122,81.3517,1.4529,1.5634,0.0000,0.0000,0.0000,0.0000
3102,31,False,2799.6991,2948.0000,234.9143,284.0000,1446.0758,1527.2045,931.7148,1010.9037,1841.0813,1944.3709,own rate (multiplicative),775.9948,814.3967,own rate (multiplicative),18.7077,19.7573,8.1957,8.8667,0.0000,0.0000,0.0000,0.0000
3103,31,False,6207.8704,6712.0000,670.7876,830.0000,3224.9650,3499.8059,2187.9821,2450.9472,4243.0421,4604.6465,own rate (multiplicative),3448.1411,3736.1611,own rate (multiplicative),3.7500,4.0696,1.9977,2.2314,0.0000,0.0000,0.0000,0.0000
3104,31,False,6838.2475,7105.0000,665.7600,796.0000,3543.4019,3694.5155,2350.6044,2527.1997,4551.4846,4745.5894,own rate (multiplicative),3344.9199,3478.5328,own rate (multiplicative),4.6429,4.8409,1.0897,1.1682,0.0000,0.0000,0.0000,0.0000
3105,31,False,1987.3963,2037.0000,1329.8781,1521.0000,1170.2939,1219.0262,1608.4534,1777.1922,54.4167,56.6827,own rate (multiplicative),543.7503,581.1333,own rate (multiplicative),43.7500,45.5718,0.1816,0.2001,0.0000,0.0000,0.0000,0.0000
3106,31,False,3884.4330,3980.0000,1726.1251,1988.0000,2179.4408,2260.1831,2432.8052,2671.3101,3322.1990,3445.2774,own rate (multiplicative),3269.2722,3472.3095,own rate (multiplicative),87.3214,90.5565,261.9715,286.8262,0.0000,0.0000,0.0000,0.0000
3107,31,False,7786.5376,8237.0000,3720.0963,4596.0000,4400.9361,4737.2092,5088.3763,5920.7103,6656.8594,7165.5063,own rate (multiplicative),9150.5756,10298.9599,own rate (multiplicative),164.1069,176.6462,333.7981,387.2811,0.0000,0.0000,0.0000,0.0000
3108,31,False,1913.2107,1961.0000,797.2707,929.0000,1066.9064,1107.3784,1155.1607,1275.0595,2089.9461,2169.2260,own rate (multiplicative),1933.0499,2063.8659,own rate (multiplicative),170.8371,177.3176,3.1817,3.5019,0.0000,0.0000,0.0000,0.0000
3109,31,False,1425.1373,1459.0000,909.7926,1083.0000,833.7832,872.3337,1117.7003,1267.6892,1.6131,1.6877,own rate (multiplicative),95.9661,105.2824,own rate (multiplicative),24.4643,25.5954,37.1217,41.9820,0.0000,0.0000,0.0000,0.0000
3110,31,False,5344.4931,5491.0000,1879.3021,2318.0000,2937.3691,3065.7525,2943.6712,3339.6254,6.0637,6.3287,own rate (multiplicative),202.9830,222.7503,own rate (multiplicative),78.9286,82.3783,94.1265,106.4800,0.0000,0.0000,0.0000,0.0000
3111,31,False,4125.9444,4230.0000,2078.6590,2409.0000,2345.2582,2438.7605,2783.7267,3080.2247,4.6745,4.8609,own rate (multiplicative),215.3788,230.5203,own rate (multiplicative),90.1786,93.7738,90.1394,99.4531,0.0000,0.0000,0.0000,0.0000
3201,32,False,2387.8932,2460.0000,1647.2576,1817.0000,1412.2345,1469.7136,1972.7976,2130.0795,6689.5180,6961.7869,own rate (multiplicative),6840.1735,7143.8246,own rate (multiplicative),3.1191,3.2461,12.0383,12.9606,0.0000,0.0000,198.3386,214.1996
3202,32,False,3775.4723,3890.0000,1801.5236,1981.0000,2133.6120,2213.7653,2465.3812,2641.8081,260.6856,270.4788,own rate (multiplicative),1908.0130,1977.6475,own rate (multiplicative),2.5997,2.6974,69.3744,74.1249,0.0000,0.0000,0.0000,0.0000
3203,32,False,3103.4654,3198.0000,1603.1505,1759.0000,1768.9610,1836.0742,2126.1311,2278.0323,214.3026,222.4331,own rate (multiplicative),1695.4350,1757.1197,own rate (multiplicative),9.1003,9.4456,56.9913,60.8873,0.0000,0.0000,0.0000,0.0000
3204,32,False,0.0000,0.0000,0.0000,0.0000,0.0000,0.0000,0.0000,0.0000,525.2096,525.2096,superzone rate on the increment,1276.1495,1234.3887,superzone rate on the increment,3.6908,3.6908,0.2488,0.2480,0.0000,0.0000,0.0000,0.0000
3205,32,False,7874.8877,8367.0000,2447.9758,2767.0000,4288.3978,4576.9118,4075.9248,4465.8376,5905.9894,6303.3313,own rate (multiplicative),4674.2587,4953.8161,own rate (multiplicative),626.9678,669.1488,596.1040,651.2483,107.9890,115.2543,0.0000,0.0000
3206,32,False,6583.5695,7003.0000,817.5313,983.0000,3433.2609,3666.0057,2406.8286,2652.4875,4941.3061,5276.2830,own rate (multiplicative),1626.7040,1734.0719,own rate (multiplicative),501.6013,535.6055,185.0385,203.3378,90.3496,96.4745,0.0000,0.0000
3207,32,False,5250.5569,5583.0000,4160.1870,4924.0000,3171.7805,3434.4631,4776.0265,5485.8786,9069.7064,9820.8473,own rate (multiplicative),12074.3975,13415.1429,own rate (multiplicative),114.7107,124.2109,383.2178,438.9075,0.0000,0.0000,0.0000,0.0000
3208,32,False,3578.5951,3802.0000,3055.0190,3583.0000,2188.9181,2367.2594,3433.9652,3922.9549,0.0000,0.0000,own rate (multiplicative),0.0000,0.0000,own rate (multiplicative),7.5578,8.1736,31.8220,36.2487,0.0000,0.0000,0.0000,0.0000
3209,32,False,5591.7170,5762.0000,4319.3442,4738.0000,3364.1294,3502.0692,4995.8462,5381.7692,995.5169,1036.3362,own rate (multiplicative),4747.2944,4946.6656,own rate (multiplicative),14.4737,15.0671,31.6074,33.9510,0.0000,0.0000,0.0000,0.0000
3210,32,False,4531.6684,4668.0000,1345.6063,1478.0000,2459.9932,2545.3620,2294.1443,2438.0008,7567.8416,7830.4674,own rate (multiplicative),4569.4109,4697.0339,own rate (multiplicative),169.7356,175.6259,206.9677,219.3125,0.0000,0.0000,0.0000,0.0000
3211,32,False,2176.7254,2244.0000,916.1653,1018.0000,1214.9789,1261.6176,1321.6619,1422.3724,0.0000,0.0000,own rate (multiplicative),440.8769,458.9450,own rate (multiplicative),1.9077,1.9810,0.0000,0.0000,0.0000,0.0000,0.0000,0.0000
3212,32,False,8566.6652,9755.0000,1799.4123,2210.0000,4558.3598,5210.5778,3730.7898,4379.3879,7635.9311,8728.4934,own rate (multiplicative),4469.1699,5074.4604,own rate (multiplicative),0.8819,1.0081,0.0000,0.0000,0.0000,0.0000,0.0000,0.0000
3213,32,False,10158.6694,11112.0000,3397.0414,4243.0000,5561.6290,6148.7215,5452.6887,6393.6337,1295.1227,1431.8375,own rate (multiplicative),5637.3927,6393.8980,own rate (multiplicative),104.7324,115.7881,52.8913,61.8399,0.0000,0.0000,0.0000,0.0000
3214,32,False,0.0000,0.0000,2270.9987,2274.0000,280.7340,281.1050,1849.1489,1851.5927,72.4608,72.5566,own rate (multiplicative),386.8563,374.6913,own rate (multiplicative),0.0000,0.0000,0.0000,0.0000,0.0000,0.0000,0.0000,0.0000
3215,32,False,3225.7820,3239.0000,1306.3931,1411.0000,1794.1859,1813.8072,1916.8470,2005.5184,5296.0457,5353.9635,own rate (multiplicative),4386.7963,4439.5304,own rate (multiplicative),137.9635,139.4723,277.0706,289.0530,0.0000,0.0000,0.0000,0.0000
3216,32,False,1467.3789,1511.0000,692.9363,754.0000,828.3561,857.9830,952.2978,1013.5551,0.0000,0.0000,own rate (multiplicative),344.9585,355.1336,own rate (multiplicative),15.0674,15.6063,73.7083,78.2237,0.0000,0.0000,0.0000,0.0000
3301,33,False,1020.4842,1052.0000,251.1593,274.0000,547.5542,566.3291,474.3928,501.3257,0.0000,0.0000,own rate (multiplicative),261.4289,267.2303,own rate (multiplicative),2.3124,2.3916,6.1780,6.5100,0.0000,0.0000,0.0000,0.0000
3302,33,False,1959.3918,2020.0000,1142.0260,1247.0000,1132.8981,1176.5508,1448.0895,1549.5931,582.8072,605.2639,own rate (multiplicative),1460.0514,1511.2655,own rate (multiplicative),2.8906,3.0020,1.7454,1.8624,0.0000,0.0000,0.0000,0.0000
3303,33,False,1958.1441,1907.0000,1636.2184,1350.0000,1193.3571,1132.0897,1850.1531,1603.5752,0.0000,0.0000,own rate (multiplicative),197.4432,165.5290,own rate (multiplicative),7.5852,7.1958,0.0000,0.0000,0.0000,0.0000,0.0000,0.0000
3304,33,False,685.3032,654.0000,1435.8301,1409.0000,524.3515,505.1911,1350.3594,1320.2345,22.7316,21.9010,own rate (multiplicative),893.9931,845.4467,own rate (multiplicative),4.7656,4.5914,62.1631,60.6014,0.0000,0.0000,0.0000,0.0000
3305,33,False,3683.5142,3960.0000,985.7312,1128.0000,1986.2227,2143.7497,1776.8063,1965.7702,8059.3555,8698.5419,own rate (multiplicative),2684.2072,2872.4936,own rate (multiplicative),337.3059,364.0576,266.1533,293.6110,38.8209,41.8998,74.0922,81.9904
3306,33,False,0.0000,0.0000,1633.9982,1637.0000,201.9899,202.3610,1330.4745,1332.9187,0.0000,0.3237,superzone rate on the increment,4071.9905,3945.9742,own rate (multiplicative),0.0000,0.0413,473.2871,472.7914,0.0000,0.0054,112.3992,112.6311
3307,33,False,3436.0018,3952.0000,503.3547,618.0000,1801.3171,2076.6560,1318.5740,1548.3896,1476.2305,1701.8785,own rate (multiplicative),123.7370,140.5483,own rate (multiplicative),165.7997,191.1429,0.0000,0.0000,0.0000,0.0000,38.8209,45.5973
3308,33,False,985.6101,1035.0000,128.2692,140.0000,514.7118,541.1601,365.1071,387.7209,0.0000,0.0000,own rate (multiplicative),63.8392,65.5748,own rate (multiplicative),7.5287,7.9155,0.5818,0.6161,0.0000,0.0000,0.0000,0.0000
3309,33,False,3618.5445,3727.0000,1216.9489,1397.0000,1981.9215,2059.0723,1947.8916,2123.1805,205.8845,213.8990,own rate (multiplicative),1349.2927,1422.5865,own rate (multiplicative),128.1232,133.1106,307.1025,333.7746,0.0000,0.0000,0.0000,0.0000
3310,33,False,4624.8983,4690.0000,1020.2856,1298.0000,2466.9653,2534.2460,2053.9101,2297.2550,1782.9207,1831.5457,own rate (multiplicative),1059.3320,1146.0677,own rate (multiplicative),25.2456,25.9341,255.4765,284.9224,0.0000,0.0000,0.0000,0.0000
3311,33,False,4880.8017,5180.0000,1091.6596,1174.0000,2605.3109,2766.9255,2179.7048,2325.8791,2298.3924,2440.9680,own rate (multiplicative),2326.2270,2400.9987,own rate (multiplicative),261.3682,277.5816,380.8453,405.2153,93.2266,99.0097,69.7254,74.4181
3312,33,False,567.9789,574.0000,743.3566,861.0000,379.3677,396.9579,755.4878,852.8707,258.8763,270.8797,own rate (multiplicative),1664.3513,1817.4026,own rate (multiplicative),30.4270,31.8378,445.5075,501.4857,10.5005,10.9873,49.8866,56.3297
3313,33,False,4334.3271,4598.0000,1274.9214,1496.0000,2351.3732,2512.1573,2184.3985,2434.1443,2040.4552,2179.9791,own rate (multiplicative),2879.3398,3103.5427,own rate (multiplicative),256.7251,274.2797,379.3763,421.5338,82.7643,88.4236,86.3042,96.1932
3315,33,False,6224.4449,6554.0000,664.1402,731.0000,3232.5323,3407.5979,2186.9530,2328.5507,1917.8253,2021.6898,own rate (multiplicative),992.7138,1022.3996,own rate (multiplicative),354.4054,373.5991,24.2926,25.7910,0.0000,0.0000,0.0000,0.0000
3316,33,False,5275.5800,5603.0000,1984.1626,2283.0000,2915.4521,3118.1134,3010.8278,3340.7475,1818.0673,1944.4463,own rate (multiplicative),4795.3882,5146.7357,own rate (multiplicative),680.8869,728.2173,574.8545,636.0093,205.9162,220.2300,0.0000,0.0000
3317,33,False,4967.9907,5380.0000,1368.4741,1604.0000,2683.6596,2921.3085,2428.1585,2728.8984,2335.3637,2542.1696,own rate (multiplicative),1850.9290,2012.1042,own rate (multiplicative),850.6353,925.9624,5.0423,5.6505,0.0000,0.0000,0.0000,0.0000
3318,33,False,0.0000,0.0000,0.0000,0.0000,0.0000,0.0000,0.0000,0.0000,0.0000,0.0000,superzone rate on the increment,0.0000,0.0000,superzone rate on the increment,0.0000,0.0000,0.0000,0.0000,0.0000,0.0000,0.0000,0.0000
3319,33,False,1769.1882,1803.0000,76.4050,91.0000,904.8998,923.8175,530.1100,550.9361,717.8944,732.9026,own rate (multiplicative),165.2520,166.1240,own rate (multiplicative),168.6900,172.2166,1.7454,1.8088,0.0000,0.0000,0.0000,0.0000
3320,33,False,492.5803,498.0000,11.0403,15.0000,250.6788,253.9114,139.2623,143.9198,0.0000,2.8198,superzone rate on the increment,0.0000,0.0000,own rate (multiplicative),3.6977,4.0573,0.0000,0.0000,0.0000,0.0469,0.0000,0.0000
3321,33,False,473.4550,488.0000,123.1904,146.0000,254.8624,265.0438,225.5219,247.9412,0.0000,0.0000,own rate (multiplicative),0.0000,0.0000,own rate (multiplicative),1.6270,1.6920,0.7757,0.8504,0.0000,0.0000,0.0000,0.0000
3322,33,False,3342.7328,3466.0000,826.3811,917.0000,1794.0416,1867.6340,1556.9298,1663.3162,2410.8608,2509.7553,own rate (multiplicative),386.9736,399.8872,own rate (multiplicative),17.1674,17.8716,3.1417,3.3467,0.0000,0.0000,0.0000,0.0000
3401,34,False,1142.2336,1092.0000,705.3174,674.0000,665.3180,636.0214,876.3878,837.6025,487.6468,466.1738,own rate (multiplicative),1047.6166,968.4883,own rate (multiplicative),137.6321,131.5716,12.2901,11.7124,0.0000,0.0000,0.0000,0.0000
3402,34,False,2038.1764,2140.0000,299.7437,332.0000,1068.6536,1124.1779,783.1017,836.2955,2919.1581,3070.8296,own rate (multiplicative),887.0619,916.3174,own rate (multiplicative),137.6715,144.8245,6.3332,6.7439,0.0000,0.0000,0.0000,0.0000
3403,34,False,2351.4220,2248.0000,1230.5384,1341.0000,1342.2614,1303.5705,1623.8406,1686.4313,3163.7969,3072.5999,own rate (multiplicative),3770.1063,3787.2958,own rate (multiplicative),143.7653,139.6212,7.8707,8.1505,0.0000,0.0000,0.0000,0.0000
3404,34,False,4347.0775,4508.0000,1086.2632,1208.0000,2334.5053,2431.0032,2034.1567,2175.8394,1959.2643,2040.2514,own rate (multiplicative),1785.0785,1846.9287,own rate (multiplicative),552.5697,575.4104,1.6782,1.7899,0.0000,0.0000,0.0000,0.0000
3405,34,False,4054.4776,4311.0000,1017.2142,1158.0000,2177.8735,2325.1130,1900.5499,2083.0266,1298.6398,1386.4369,own rate (multiplicative),1801.3810,1909.7278,own rate (multiplicative),5.7246,6.1116,5.3842,5.8842,0.0000,0.0000,0.0000,0.0000
3406,34,False,2702.3192,2875.0000,404.4110,464.0000,1417.7408,1512.5074,1043.9725,1138.1614,865.8910,923.7701,own rate (multiplicative),656.3189,692.1179,own rate (multiplicative),5.5931,5.9670,0.0000,0.0000,0.0000,0.0000,0.0000,0.0000
3407,34,False,5822.5579,6188.0000,1158.1831,1369.0000,3090.1938,3301.2187,2482.9377,2751.2428,4449.3596,4753.2001,own rate (multiplicative),5965.6217,6393.9491,own rate (multiplicative),2.7926,2.9833,16.2152,17.9157,0.0000,0.0000,0.0000,0.0000
3408,34,False,4430.7202,4708.0000,637.5595,731.0000,2321.3727,2473.2656,1690.9230,1840.3387,3385.3928,3606.9070,own rate (multiplicative),3217.9567,3387.6964,own rate (multiplicative),11.8961,12.6745,0.1067,0.1158,0.0000,0.0000,0.0000,0.0000
3409,34,False,2404.1736,2556.0000,203.8462,223.0000,1242.0445,1321.2574,801.8130,857.5624,1837.6158,1954.8121,own rate (multiplicative),968.6976,1002.1466,own rate (multiplicative),1.9436,2.0676,0.0000,0.0000,0.0000,0.0000,0.0000,0.0000
3410,34,False,345.1980,331.0000,82.4839,88.0000,184.9145,178.4102,158.4567,159.1932,0.0000,0.0000,superzone rate on the increment,3.1800,3.0902,own rate (multiplicative),0.1171,0.0000,0.0000,0.0000,0.0000,0.0000,0.0000,0.0000
3411,34,False,1503.7711,1437.0000,818.0000,818.0000,862.2356,828.4402,1063.7549,1046.0959,31.9798,30.7263,own rate (multiplicative),0.0000,0.0000,own rate (multiplicative),4.1095,3.9485,2.3610,2.3151,0.0000,0.0000,0.0000,0.0000
3412,34,False,4248.1405,4306.0000,358.1264,424.0000,2194.4194,2231.8474,1415.1092,1484.0485,4819.8582,4902.0658,own rate (multiplicative),534.8055,542.5058,own rate (multiplicative),403.5185,410.4009,7.7442,8.0981,0.0000,0.0000,0.0000,0.0000
3413,34,False,0.0000,0.0000,3874.0000,3874.0000,478.8921,478.8921,3154.3844,3154.3844,0.0000,0.0000,own rate (multiplicative),5912.6344,5719.1488,own rate (multiplicative),5.9334,5.9334,9.8261,9.7978,0.0000,0.0000,0.0000,0.0000
3414,34,False,3968.7467,3994.0000,394.1968,430.0000,2057.4663,2074.6738,1370.5880,1406.4193,4481.3480,4518.8276,own rate (multiplicative),621.7119,617.0885,own rate (multiplicative),320.4092,323.0889,0.9130,0.9341,0.0000,0.0000,0.0000,0.0000
3415,34,False,4928.0332,5188.0000,1411.6864,1572.0000,2668.7774,2820.1741,2452.7763,2652.0643,3258.1557,3442.9873,own rate (multiplicative),3102.6067,3244.9141,own rate (multiplicative),350.5650,370.4522,401.2834,432.6384,0.0000,0.0000,0.0000,0.0000
3416,34,False,5387.3113,5456.0000,1853.4183,2167.0000,2955.8414,3029.3715,2933.9196,3207.4180,3470.9934,3557.3384,own rate (multiplicative),4207.9957,4449.7233,own rate (multiplicative),371.2394,380.4744,421.2422,459.1842,0.0000,0.0000,0.0000,0.0000
3417,34,False,4011.4085,4258.0000,1579.2218,1860.0000,2225.5482,2385.0667,2346.7712,2640.6095,159.0933,170.4965,own rate (multiplicative),350.5797,381.5668,own rate (multiplicative),21.4559,22.9938,29.5229,33.1238,0.0000,0.0000,0.0000,0.0000
3418,34,False,948.9563,907.0000,616.0000,616.0000,556.4517,535.2160,752.5455,741.4493,2644.0553,2543.1509,own rate (multiplicative),1776.4289,1692.9608,own rate (multiplicative),4.1106,3.9538,125.5666,123.3590,217.2380,208.9476,0.0000,0.0000
3419,34,False,0.0000,0.0000,555.3661,658.0000,68.6527,81.3400,452.2040,535.7731,0.0000,13.3240,superzone rate on the increment,1566.2951,1795.0250,own rate (multiplicative),0.4684,1.2605,96.1990,113.6487,0.0000,0.0874,0.0000,0.0000
3420,34,False,3405.4959,3621.0000,714.0000,714.0000,1811.9162,1920.9912,1482.0230,1539.0174,189.9190,201.3519,own rate (multiplicative),360.5566,362.1699,own rate (multiplicative),0.2430,0.2576,0.0000,0.0000,0.0000,0.0000,0.0000,0.0000
3421,34,False,5329.1985,5094.0000,2134.5146,2211.0000,2961.1765,2851.5883,3147.4317,3147.5065,308.5066,297.0893,own rate (multiplicative),1193.2062,1154.1871,own rate (multiplicative),11.7008,11.2677,275.3588,274.5725,0.0000,0.0000,0.0000,0.0000
3422,34,False,2522.6842,2411.0000,1607.7547,1562.0000,1475.5742,1413.3904,1976.2807,1909.4881,72.6178,69.5575,own rate (multiplicative),577.2063,539.4482,own rate (multiplicative),7.9044,7.5713,23.3645,22.5099,0.0000,0.0000,0.0000,0.0000
3423,34,False,6790.7152,7157.0000,752.8443,877.0000,3530.1090,3730.8477,2408.9415,2606.9060,2051.2549,2167.8989,own rate (multiplicative),1398.2799,1463.6715,own rate (multiplicative),284.9085,301.1097,3.7936,4.0935,0.0000,0.0000,0.0000,0.0000
3424,34,False,9337.3230,9925.0000,1189.1469,1405.0000,4872.9805,5197.1098,3437.7005,3768.8808,3737.9657,3986.5988,own rate (multiplicative),3929.2250,4166.7902,own rate (multiplicative),31.4538,33.5460,7.1425,7.8081,0.0000,0.0000,0.0000,0.0000
3425,34,False,0.0000,0.0000,4475.0000,4475.0000,553.1859,553.1859,3643.7455,3643.7455,389.5896,389.5896,own rate (multiplicative),3253.4711,3147.0042,own rate (multiplicative),3.4705,3.4705,119.4200,119.0762,0.0000,0.0000,0.0000,0.0000
3426,34,False,7341.9833,7773.0000,527.0293,597.0000,3781.2126,4008.0165,2370.8667,2541.8311,3699.7631,3921.6815,own rate (multiplicative),2992.0524,3102.8380,own rate (multiplicative),24.5632,26.0365,1.1873,1.2692,0.0000,0.0000,0.0000,0.0000
3427,34,False,973.6985,1118.0000,30.6266,37.0000,496.6126,570.4370,282.4518,325.8048,448.6953,515.3966,own rate (multiplicative),95.7923,106.8794,own rate (multiplicative),16.3647,18.7974,0.0000,0.0000,0.0000,0.0000,0.0000,0.0000
3428,34,False,561.8196,537.0000,143.3316,138.0000,302.0769,288.8557,265.2916,254.3863,1565.4235,1496.9085,own rate (multiplicative),464.2047,430.5565,own rate (multiplicative),7.6946,7.3579,27.5888,26.3785,128.6170,122.9877,0.0000,0.0000
3429,34,False,945.9543,904.0000,218.1606,231.0000,505.7525,486.1050,427.8129,427.1716,1027.2805,987.3726,own rate (multiplicative),176.3540,170.3273,own rate (multiplicative),264.5630,254.2853,3.5063,3.4910,0.0000,0.0000,0.0000,0.0000
3430,34,False,0.0000,0.0000,0.0000,0.0000,0.0000,0.0000,0.0000,0.0000,0.0000,0.0000,superzone rate on the increment,0.0000,0.0000,superzone rate on the increment,0.0000,0.0000,0.0000,0.0000,0.0000,0.0000,0.0000,0.0000
3501,35,False,1408.3964,1438.0000,432.4868,472.0000,766.3068,786.1749,724.6291,764.6317,0.0000,0.0000,own rate (multiplicative),200.7923,204.9434,own rate (multiplicative),0.8211,0.8424,0.3836,0.4036,0.0000,0.0000,0.0000,0.0000
3502,35,False,5214.0161,5363.0000,2849.1279,2985.0000,2991.2166,3083.4192,3698.8395,3848.8745,3080.5278,3175.4834,own rate (multiplicative),2220.5575,2235.0161,own rate (multiplicative),511.1583,526.9145,225.0704,233.5255,0.0000,0.0000,0.0000,0.0000
3503,35,False,1074.8885,1107.0000,620.8460,647.0000,620.7899,640.2759,789.7966,819.5849,0.0000,0.0000,own rate (multiplicative),0.0000,0.0000,own rate (multiplicative),0.6545,0.6751,0.3836,0.3969,0.0000,0.0000,0.0000,0.0000
3504,35,False,519.8567,535.0000,111.8915,106.0000,276.9513,283.8877,228.5937,227.8015,2852.4317,2923.8718,own rate (multiplicative),3687.2450,3554.2236,own rate (multiplicative),0.2834,0.2905,0.1279,0.1270,0.0000,0.0000,0.0000,0.0000
3505,35,False,301.5225,310.0000,70.6075,62.0000,161.3405,164.5673,137.2355,132.4689,0.0000,3.1272,superzone rate on the increment,170.1300,158.8469,own rate (multiplicative),2.0810,2.5601,0.1279,0.1231,0.0000,0.0528,0.0000,0.0000
3506,35,False,8315.9536,8890.0000,1381.7623,1502.0000,4379.8363,4685.2469,3324.4147,3574.1359,3639.0709,3892.8272,own rate (multiplicative),3631.2663,3776.2812,own rate (multiplicative),717.2379,767.2516,237.2367,254.3230,0.0000,0.0000,0.0000,0.0000
3507,35,False,5956.8441,6369.0000,727.5915,758.0000,3104.9328,3317.2999,2167.8454,2301.6083,2606.9852,2785.2944,own rate (multiplicative),1858.6989,1908.8092,own rate (multiplicative),502.9421,537.3417,127.6243,135.1090,0.0000,0.0000,0.0000,0.0000
3508,35,False,6331.2191,6766.0000,1519.9082,1577.0000,3392.3623,3619.4793,2911.9962,3073.4695,2263.0007,2414.5075,own rate (multiplicative),819.0060,836.1334,own rate (multiplicative),16.5342,17.6411,0.3836,0.4037,698.8340,745.6206,732.4130,773.2008
3509,35,False,3725.9120,3981.0000,783.8502,813.0000,1982.7259,2115.4393,1623.6387,1714.8369,1331.5965,1420.7267,own rate (multiplicative),422.2774,431.4015,own rate (multiplicative),3.6153,3.8573,0.5114,0.5386,411.2090,438.7332,377.6300,398.9312
3510,35,False,6050.5974,6467.0000,1413.6249,1472.0000,3237.1904,3455.1640,2751.2395,2908.8972,2293.9239,2448.3835,own rate (multiplicative),2200.7090,2250.6759,own rate (multiplicative),196.6528,209.8943,1.4064,1.4827,0.0000,0.0000,0.0000,0.0000
3511,35,False,2332.7504,2411.0000,595.4479,621.0000,1254.3030,1297.0669,1101.7834,1143.2837,1985.6767,2053.3758,own rate (multiplicative),1579.7514,1585.6120,own rate (multiplicative),5.2133,5.3911,0.8950,0.9260,0.0000,0.0000,0.0000,0.0000
3512,35,False,3059.4030,3146.0000,781.2343,811.0000,1645.0565,1692.5661,1445.2370,1492.3758,2595.4066,2670.3626,own rate (multiplicative),2066.2721,2063.8448,own rate (multiplicative),4.2254,4.3475,87.6276,90.2252,0.0000,0.0000,0.0000,0.0000
3513,35,False,0.0000,0.0000,2128.9026,2338.0000,263.1685,289.0165,1733.4479,1903.7044,284.4924,312.4348,own rate (multiplicative),974.3306,1035.0120,own rate (multiplicative),1.9702,2.1638,13.8795,15.1988,0.0000,0.0000,0.0000,0.0000
3514,35,False,7178.7488,8218.0000,2684.9043,2536.0000,3965.3433,4472.9416,4084.7346,4238.3410,3279.7301,3699.5639,own rate (multiplicative),2238.0545,2246.2241,own rate (multiplicative),926.8760,1045.5242,859.6985,889.4592,0.0000,0.0000,3.2556,3.3788
3515,35,False,8552.2141,8833.0000,3603.5615,3673.0000,4774.0690,4924.7695,5195.9871,5326.7865,3648.1760,3763.3360,own rate (multiplicative),3160.2335,3133.7675,own rate (multiplicative),1069.7451,1103.5131,1084.7448,1108.8495,0.0000,0.0000,4.5971,4.7139
3516,35,False,2280.9282,2608.0000,5967.5997,5970.0000,1892.1629,2058.0034,5462.3246,5550.7798,2292.8202,2493.7766,own rate (multiplicative),8304.4033,8162.7275,own rate (multiplicative),430.6985,468.4475,2894.6130,2933.0183,0.0000,0.0000,0.0000,0.0000
3517,35,False,5515.7470,6313.0000,1207.9239,1335.0000,2941.0536,3360.2831,2442.2965,2756.6173,4516.6917,5160.5189,own rate (multiplicative),3469.9764,3788.3926,own rate (multiplicative),638.9995,730.0850,617.6535,695.1375,0.0000,0.0000,0.0000,0.0000
3518,35,False,4569.6837,5229.0000,945.7534,1036.0000,2429.8056,2774.6671,1978.6200,2226.4723,3741.4174,4272.4357,own rate (multiplicative),2700.7941,2939.6577,own rate (multiplicative),520.1191,593.9395,468.7599,525.9605,0.0000,0.0000,0.0000,0.0000
3519,35,False,6211.4750,7109.0000,1032.7253,1131.0000,3271.5311,3737.9518,2483.6413,2801.0296,5086.2628,5811.4089,own rate (multiplicative),2948.6893,3216.6826,own rate (multiplicative),702.0630,802.1558,517.6513,582.1218,0.0000,0.0000,0.0000,0.0000
3520,35,False,10281.9319,10511.0000,1839.8684,1867.0000,5431.5240,5550.8182,4217.3679,4300.0414,3314.7255,3387.5278,own rate (multiplicative),1785.7041,1761.1283,own rate (multiplicative),1818.6997,1858.6444,568.0411,577.5089,0.0000,0.0000,0.0000,0.0000
3521,35,False,3868.3771,3939.0000,2122.6042,2185.0000,2220.3258,2263.7839,2751.3899,2820.8731,1243.8275,1268.1728,own rate (multiplicative),2079.8976,2062.6413,own rate (multiplicative),708.2230,722.0850,644.2904,658.6593,0.0000,0.0000,0.0000,0.0000
3522,35,False,0.0000,0.0000,1494.4253,1622.0000,184.7363,200.5067,1216.8280,1320.7051,0.0000,15.2836,superzone rate on the increment,1516.9702,1592.5904,own rate (multiplicative),5.6704,8.0121,466.3765,504.7323,0.0000,0.2579,0.0000,0.0000
3524,35,False,2633.5150,2708.0000,2229.3448,2271.0000,1608.5090,1651.3581,2511.7187,2565.3353,24.7725,25.4325,own rate (multiplicative),523.5879,517.2651,own rate (multiplicative),2.3087,2.3702,168.3145,171.4125,0.0000,0.0000,0.0000,0.0000
3525,35,False,0.0000,0.0000,0.0000,0.0000,0.0000,0.0000,0.0000,0.0000,0.0000,0.0000,superzone rate on the increment,491.4940,475.4103,superzone rate on the increment,0.2036,0.2036,33.1857,33.0902,0.0000,0.0000,0.0000,0.0000
3526,35,False,4393.6372,4519.0000,1927.9317,1991.0000,2462.1155,2533.3628,2731.7945,2816.3023,4451.3062,4580.1156,own rate (multiplicative),3097.6355,3088.9575,own rate (multiplicative),246.0092,253.1281,230.6520,237.1025,0.0000,0.0000,0.0000,0.0000
3527,35,False,4432.0939,4585.0000,1247.7734,1328.0000,2397.5008,2484.8099,2188.1498,2293.9130,4507.6171,4671.7697,own rate (multiplicative),2045.4912,2074.1869,own rate (multiplicative),252.3682,261.5587,141.8743,148.3035,0.0000,0.0000,0.0000,0.0000
3528,35,False,6441.7229,6624.0000,2245.0840,2384.0000,3537.9366,3647.3665,3531.6918,3693.0103,3968.0471,4090.7806,own rate (multiplicative),3225.0006,3261.9545,own rate (multiplicative),406.6117,419.1883,2.0457,2.1330,0.0000,0.0000,6.2302,6.5162
3529,35,False,3581.8431,3829.0000,707.1964,737.0000,1900.3314,2029.1113,1523.1218,1612.7549,137.9790,147.3294,own rate (multiplicative),779.5022,798.3649,own rate (multiplicative),0.7280,0.7774,0.0000,0.0000,0.0000,0.0000,0.0000,0.0000
3530,35,False,1724.9465,1774.0000,2366.1836,2377.0000,1165.5628,1191.7278,2382.8497,2404.6301,226.1171,231.1931,own rate (multiplicative),1478.8278,1443.5094,own rate (multiplicative),2.6358,2.6950,598.6498,602.3824,0.0000,0.0000,0.0000,0.0000
3531,35,False,3051.0119,3137.0000,2625.4671,2658.0000,1868.7879,1916.3314,2944.6747,2993.9057,399.8804,410.0537,own rate (multiplicative),1649.3814,1622.0799,own rate (multiplicative),2.4609,2.5235,646.3744,655.2887,0.0000,0.0000,0.0000,0.0000
3532,35,False,3157.1859,3283.0000,1255.8560,1353.0000,1753.2195,1828.9076,1857.5559,1969.9289,2013.0110,2099.9145,own rate (multiplicative),1895.2064,1944.0864,own rate (multiplicative),381.3345,397.7971,0.5114,0.5408,0.0000,0.0000,0.0000,0.0000
3601,36,False,6355.8548,6676.0000,310.0541,341.0000,3255.2729,3421.1363,1933.3942,2043.2606,2420.6454,2543.9827,own rate (multiplicative),4783.6874,4890.0861,own rate (multiplicative),4.3713,4.5940,4.0088,4.2244,0.0000,0.0000,0.0000,0.0000
3602,36,False,11038.2403,11595.0000,1705.9686,1914.0000,5797.7688,6105.2827,4308.3618,4624.9966,62.4676,65.7809,own rate (multiplicative),1178.3483,1223.5545,own rate (multiplicative),3.3176,3.4936,0.9792,1.0481,0.0000,0.0000,0.0000,0.0000
3603,36,False,4741.5285,4975.0000,289.5107,472.0000,2435.6601,2576.3879,1489.7256,1700.0628,2960.2684,3131.3071,own rate (multiplicative),337.0832,372.0885,own rate (multiplicative),389.2517,411.7419,0.4896,0.5571,0.0000,0.0000,0.6512,0.7433
3604,36,False,4965.1261,5204.0000,1838.1008,1994.0000,2740.2636,2880.4387,2809.7920,2999.9071,747.2290,785.4526,own rate (multiplicative),1559.5411,1610.5746,own rate (multiplicative),6.7810,7.1278,4.3515,4.6325,0.0000,0.0000,0.0000,0.0000
3605,36,False,3877.0580,4066.0000,823.6811,887.0000,2064.1506,2167.6088,1696.0444,1797.5710,2805.4939,2946.1093,own rate (multiplicative),1210.1935,1240.6636,own rate (multiplicative),36.5884,38.4223,1.1779,1.2448,0.0000,0.0000,0.0000,0.0000
3606,36,False,4104.8978,4311.0000,861.6385,918.0000,2184.1613,2295.4449,1787.2079,1887.6078,186.8124,196.3305,own rate (multiplicative),712.8541,728.2621,own rate (multiplicative),250.0530,262.7933,165.9143,174.7303,0.0000,0.0000,0.0000,0.0000
3607,36,False,0.0000,0.0000,5984.0516,6769.0000,739.7303,836.7632,4872.4830,5511.6231,7.4419,8.4181,own rate (multiplicative),1834.3935,2007.1140,own rate (multiplicative),4.0089,4.5348,74.4895,84.0179,0.0000,0.0000,0.0000,0.0000
3608,36,False,738.8024,776.0000,117.0772,134.0000,388.4093,409.3284,290.7207,314.3377,338.4222,356.6491,own rate (multiplicative),22.8287,23.8754,own rate (multiplicative),21.4008,22.5534,20.8700,22.5004,0.0000,0.0000,0.0000,0.0000
3609,36,False,9532.4714,10013.0000,2900.8575,3202.0000,5183.3492,5463.7897,4883.0628,5255.3521,4366.6965,4602.9528,own rate (multiplicative),565.6433,588.8471,own rate (multiplicative),394.1204,415.4440,563.5550,604.7746,0.0000,0.0000,0.0000,0.0000
3610,36,False,0.0000,0.0000,3279.6890,3595.0000,405.4252,444.4030,2670.4697,2927.2101,0.0000,0.0000,own rate (multiplicative),2901.4216,3076.2913,own rate (multiplicative),4.2631,4.6729,354.0684,386.9912,0.0000,0.0000,0.0000,0.0000
3611,36,False,213.1887,240.0000,1232.0145,1352.0000,260.2010,288.6035,1059.5435,1164.3318,808.8483,897.1389,own rate (multiplicative),103.9209,110.4616,own rate (multiplicative),6.8828,7.6341,0.5174,0.5669,0.0000,0.0000,0.0000,0.0000
3612,36,False,9443.7343,10149.0000,2032.0625,2216.0000,5031.0381,5410.7382,4152.1827,4488.4747,132.4778,142.4761,own rate (multiplicative),2297.7306,2402.5465,own rate (multiplicative),121.1744,130.3196,13.5477,14.6027,0.0000,0.0000,0.0000,0.0000
3613,36,False,0.0000,0.0000,938.4606,1030.0000,116.0097,127.3255,764.1367,838.6722,5.6606,15.2983,superzone rate on the increment,172.4302,183.0564,own rate (multiplicative),17.3496,18.4957,12.5664,13.7525,0.0000,0.1081,0.0000,0.0000
3614,36,False,7887.4084,8272.0000,591.3819,1006.0000,4065.2286,4311.1391,2567.5142,3006.8279,4796.8832,5087.0525,own rate (multiplicative),1151.1287,1303.9771,own rate (multiplicative),616.0722,653.3392,57.1921,66.7851,20.6434,21.8922,10.1987,11.9464
3615,36,False,10032.9451,10510.0000,3534.1320,4220.0000,5514.9418,5841.1828,5531.0637,6215.6950,6097.0585,6457.7350,own rate (multiplicative),9441.3742,10262.8177,own rate (multiplicative),842.0179,891.8282,488.2521,547.1078,26.2386,27.7907,83.6477,94.0228
3616,36,False,0.0000,0.0000,6101.8626,6883.0000,754.2937,850.8556,4968.4099,5604.4470,0.0000,0.0000,own rate (multiplicative),219.1077,239.0690,own rate (multiplicative),2.5454,2.8713,46.4871,52.2872,0.0000,0.0000,137.2895,154.8998
3617,36,False,6107.1906,6404.0000,5475.8994,6600.0000,3768.0004,4057.1851,6073.8926,7067.6830,4280.7059,4609.2394,own rate (multiplicative),13727.5527,15450.8878,own rate (multiplicative),337.5613,363.4683,1037.9135,1204.2562,84.6432,91.1393,33.7971,39.3358
3618,36,False,10425.9189,10946.0000,1356.3174,1561.0000,5444.6263,5733.1618,3861.7194,4165.9271,7313.7734,7701.3635,own rate (multiplicative),3297.1179,3440.4544,own rate (multiplicative),473.5694,498.6660,237.8117,255.8067,144.6170,152.2809,8.1175,8.7589
3619,36,False,5115.7604,5357.0000,848.0451,945.0000,2694.1178,2828.2038,2043.4825,2186.2283,3582.4884,3760.7885,own rate (multiplicative),2017.6214,2087.9237,own rate (multiplicative),226.0048,237.2531,141.8393,151.3104,70.8373,74.3629,4.9674,5.3156
3620,36,False,3261.1060,3414.0000,2149.9184,2326.0000,1916.3388,2015.4910,2613.0253,2796.8347,2146.9209,2258.0036,own rate (multiplicative),1447.3031,1498.4182,own rate (multiplicative),504.4717,530.5733,203.6192,217.3150,67.8185,71.3275,48.6618,52.0966
3621,36,False,1934.2371,2025.0000,2697.0030,2820.0000,1312.3878,1373.5310,2707.5688,2831.7225,1273.4211,1332.7488,own rate (multiplicative),1774.7573,1795.3972,own rate (multiplicative),297.9700,311.8522,256.3404,267.3228,40.2258,42.0999,59.6716,62.4219
3622,36,False,2618.9500,2742.0000,1872.4583,1938.0000,1557.0199,1627.4024,2217.2737,2303.1838,1724.2745,1802.2174,own rate (multiplicative),1223.8234,1229.6411,own rate (multiplicative),401.8973,420.0644,179.1838,185.5905,54.4677,56.9298,41.1479,42.7519
3623,36,False,4726.6120,4957.0000,1145.4000,1251.0000,2533.9128,2663.5750,2182.6841,2329.5991,48.8112,51.3089,own rate (multiplicative),40.2540,41.5575,own rate (multiplicative),9.1620,9.6309,1.3056,1.3895,149.4813,157.1304,25.2225,26.9263
3624,36,False,1926.8501,2017.0000,1285.4838,1339.0000,1134.1613,1186.4051,1556.2930,1623.7102,824.3139,862.2850,own rate (multiplicative),649.5916,655.5531,own rate (multiplicative),255.4125,267.1778,320.8484,333.7835,0.0000,0.0000,0.0000,0.0000
3625,36,False,0.0000,0.0000,0.0000,0.0000,0.0000,0.0000,0.0000,0.0000,0.0000,0.0000,superzone rate on the increment,0.0000,0.0000,superzone rate on the increment,0.5076,0.5076,0.1632,0.1627,0.0000,0.0000,0.0000,0.0000
3626,36,False,2793.6534,2924.0000,758.4366,795.0000,1507.7321,1578.2254,1356.3911,1420.6355,6928.0069,7251.9228,own rate (multiplicative),4477.6340,4536.2470,own rate (multiplicative),248.2598,259.8671,166.3159,173.6917,0.0000,0.0000,0.0000,0.0000
3627,36,False,6726.0440,7062.0000,1662.5808,1887.0000,3609.8353,3807.6177,3132.5861,3404.1686,2883.2188,3041.1900,own rate (multiplicative),889.6250,935.1158,own rate (multiplicative),891.7536,940.6127,389.6169,422.1760,0.0000,0.0000,0.0000,0.0000
3628,36,False,4695.8682,4917.0000,1544.0393,1647.0000,2567.6307,2692.2818,2499.1432,2641.4612,2009.2997,2106.8454,own rate (multiplicative),792.7086,810.4329,own rate (multiplicative),619.7289,649.8149,379.0712,399.5045,0.0000,0.0000,0.0000,0.0000
3701,37,False,1647.4008,1726.0000,956.8243,1063.0000,952.0932,1005.0005,1214.7777,1322.0178,103.6195,109.3776,own rate (multiplicative),250.0237,263.1916,own rate (multiplicative),4.5109,4.7615,6.4346,6.9825,3.7050,3.9109,2.4285,2.6435
3702,37,False,0.0000,0.0000,479.2731,543.0000,59.2463,67.1240,390.2457,442.1349,0.0000,9.3474,superzone rate on the increment,124.2047,136.1147,own rate (multiplicative),0.0000,0.8619,0.0000,0.0000,0.0000,0.0016,1.2064,1.3671
3703,37,False,1363.6581,1427.0000,1824.5311,1949.0000,915.7433,963.1896,1846.2619,1964.3621,1240.6897,1304.9720,own rate (multiplicative),2713.3957,2792.4907,own rate (multiplicative),34.3983,36.1806,11.2606,11.9464,0.0000,0.0000,0.0000,0.0000
3704,37,False,4563.8127,4777.0000,2220.8717,2424.0000,2584.4602,2717.4727,3015.3257,3237.1036,3909.4734,4110.6793,own rate (multiplicative),7754.5112,8052.4339,own rate (multiplicative),403.5327,424.3010,315.7082,337.9527,0.0000,0.0000,0.0000,0.0000
3705,37,False,0.0000,0.0000,4191.4363,4728.0000,518.1326,584.4610,3412.8552,3849.7494,175.9543,198.4790,own rate (multiplicative),570.4145,622.3799,own rate (multiplicative),2.5970,2.9295,233.4130,262.5352,0.0000,0.0000,0.0000,0.0000
3706,37,False,2088.9266,2187.0000,685.0151,748.0000,1141.9664,1199.3911,1110.2288,1187.4515,1789.6922,1879.6884,own rate (multiplicative),2392.5381,2475.2131,own rate (multiplicative),168.5526,177.0284,49.2959,52.5729,0.0000,0.0000,0.0000,0.0000
3707,37,False,5138.7485,5167.0000,537.1091,598.0000,2667.3160,2689.1423,1796.3842,1853.4360,4285.6422,4320.7112,own rate (multiplicative),1900.4058,1896.5972,own rate (multiplicative),410.7169,414.0777,54.0870,55.6441,0.0000,0.0000,0.0000,0.0000
3708,37,False,7356.6110,7702.0000,1015.9889,1371.0000,3849.0600,4067.7602,2772.8682,3153.2792,6302.7968,6660.9161,own rate (multiplicative),4086.4462,4494.9965,own rate (multiplicative),619.2971,654.4850,76.1147,86.3077,0.0000,0.0000,0.0000,0.0000
3709,37,False,3792.5122,3971.0000,2095.5818,2280.0000,2178.5872,2291.7240,2709.3231,2906.6894,103.1102,108.4648,own rate (multiplicative),890.3449,923.9457,own rate (multiplicative),219.9624,231.3853,90.0848,96.3689,0.0000,0.0000,0.0000,0.0000
3710,37,False,2307.1876,2415.0000,2289.3554,2512.0000,1450.7604,1532.8511,2474.2781,2684.0785,2099.5098,2218.3098,own rate (multiplicative),3466.0802,3636.9362,own rate (multiplicative),64.9020,68.5745,4.8260,5.2201,0.0000,0.0000,0.0000,0.0000
3711,37,False,1971.4084,2064.0000,686.0838,744.0000,1082.6180,1136.6416,1080.0190,1151.6647,1794.2294,1883.7630,own rate (multiplicative),1030.6136,1063.0186,own rate (multiplicative),46.6290,48.9559,1.6087,1.7104,0.0000,0.0000,0.0000,0.0000
3712,37,False,829.0133,868.0000,281.4933,298.0000,454.3932,476.1664,448.4538,472.2051,22.5386,23.6185,own rate (multiplicative),125.8404,128.1691,own rate (multiplicative),18.9614,19.8700,0.0000,0.0000,0.0000,0.0000,0.0000,0.0000
3713,37,False,1014.1057,1061.0000,412.0124,467.0000,564.2100,594.7424,603.6797,660.8552,27.5569,29.0482,own rate (multiplicative),175.9908,186.3546,own rate (multiplicative),21.1118,22.2543,0.0000,0.0000,0.0000,0.0000,0.0000,0.0000
3801,38,False,7088.8022,7484.0000,581.6883,543.0000,3659.8246,3855.0671,2348.4137,2421.4300,4138.8052,4359.6000,own rate (multiplicative),1484.0854,1480.1529,own rate (multiplicative),23.0357,24.2646,1.8857,1.9387,0.0000,0.0000,0.0000,0.0000
3802,38,False,8858.3586,9355.0000,737.7786,680.0000,4574.7613,4818.9883,2943.5043,3027.8053,752.8103,792.9996,own rate (multiplicative),583.6490,580.7181,own rate (multiplicative),16.6072,17.4937,0.4697,0.4818,0.0000,0.0000,0.0000,0.0000
3803,38,False,3620.9946,4145.0000,568.0345,658.0000,1902.9447,2179.2854,1420.1643,1632.0021,9.4260,10.7948,own rate (multiplicative),1592.1111,1769.7253,own rate (multiplicative),40.5357,46.4222,1.0960,1.2558,0.0000,0.0000,0.0000,0.0000
3804,38,False,2396.2826,2599.0000,781.4085,982.0000,1309.4470,1436.8467,1270.0031,1486.9465,2291.8400,2514.8194,own rate (multiplicative),155.6330,176.2555,own rate (multiplicative),22.6786,24.8850,0.0092,0.0108,0.0000,0.0000,0.0000,0.0000
3805,38,False,6125.9680,6641.0000,657.3091,827.0000,3181.8449,3463.4992,2155.3466,2429.7271,577.3864,628.4961,own rate (multiplicative),1322.7663,1442.3606,own rate (multiplicative),146.4286,159.3903,3.3996,3.8214,0.0000,0.0000,0.0000,0.0000
3806,38,False,6391.5297,6930.0000,1870.9425,1689.0000,3466.2816,3716.3312,3213.7744,3208.0380,602.4805,645.9420,own rate (multiplicative),3017.6075,2913.6491,own rate (multiplicative),85.3571,91.5146,5.7008,5.6743,0.0000,0.0000,0.0000,0.0000
3807,38,False,6258.2478,6785.0000,377.0154,489.0000,3214.1478,3494.6007,1962.1030,2192.5961,589.8878,641.3589,own rate (multiplicative),693.5533,749.6647,own rate (multiplicative),73.0357,79.4085,1.0868,1.2109,0.0000,0.0000,0.0000,0.0000
3808,38,False,11853.5661,12851.0000,4511.7070,5666.0000,6557.2737,7204.8039,6808.5491,8012.2177,1577.1286,1732.8699,own rate (multiplicative),493.9579,562.2616,own rate (multiplicative),0.0000,0.0000,0.0000,0.0000,0.0000,0.0000,0.0000,0.0000
3809,38,False,8655.1637,9384.0000,313.3645,394.0000,4419.4517,4798.3119,2544.1884,2802.6009,1151.6210,1250.3444,own rate (multiplicative),32.0584,34.1589,own rate (multiplicative),80.5357,87.4397,5.6088,6.1606,0.0000,0.0000,0.0000,0.0000
3810,38,False,2262.7361,2455.0000,219.2090,276.0000,1172.3566,1276.6891,776.9161,874.0059,2228.6613,2426.9985,own rate (multiplicative),824.4650,897.1455,own rate (multiplicative),21.6071,23.5300,0.3039,0.3409,0.0000,0.0000,0.0000,0.0000
3811,38,False,9321.4686,10107.0000,530.0821,591.0000,4783.4844,5188.6028,2896.8674,3154.2191,1032.8725,1120.3476,own rate (multiplicative),214.0984,225.4899,own rate (multiplicative),80.5357,87.3563,1.4183,1.5399,0.0000,0.0000,0.0000,0.0000
3812,38,False,6657.4602,7220.0000,1157.6493,1455.0000,3512.7042,3834.1851,2703.3099,3094.2011,737.7868,805.3087,own rate (multiplicative),462.1001,511.6102,own rate (multiplicative),52.1429,56.9150,0.1105,0.1261,0.0000,0.0000,0.0000,0.0000
3813,38,False,323.4235,272.0000,125.9367,103.0000,179.2651,150.4023,188.0792,155.8031,206.5567,190.1268,superzone rate on the increment,0.0000,0.0000,own rate (multiplicative),0.7143,0.0422,0.0435,0.0359,0.0000,0.0000,0.0000,0.0000
3814,38,False,2620.0885,2998.0000,382.7973,549.0000,1373.4488,1585.2699,1004.6260,1239.9021,1305.7443,1507.1236,own rate (multiplicative),757.1184,903.8516,own rate (multiplicative),13.0357,15.0462,0.0460,0.0567,0.0000,0.0000,0.0000,0.0000
3815,38,False,11733.4756,10858.0000,1291.4149,1403.0000,6098.4085,5669.0901,4154.6826,4014.0030,5075.8278,4718.4975,own rate (multiplicative),2709.3172,2531.9205,own rate (multiplicative),21.6071,20.0860,0.8911,0.8584,0.0000,0.0000,0.0000,0.0000
3816,38,False,7263.9094,6721.0000,1111.3479,951.0000,3813.9281,3519.3188,2825.9969,2551.8511,3142.0331,2899.3248,own rate (multiplicative),1988.5507,1736.8834,own rate (multiplicative),56.6072,52.2345,1.8420,1.6585,0.0000,0.0000,0.0000,0.0000
3817,38,False,5251.4375,4861.0000,697.4765,756.0000,2744.1764,2553.7953,1956.7654,1901.1588,2272.1721,2114.5369,own rate (multiplicative),1461.0245,1373.0536,own rate (multiplicative),2.8571,2.6589,0.1013,0.0981,0.0000,0.0000,0.0000,0.0000
3818,38,False,4502.9965,4967.0000,1346.0558,1757.0000,2445.5367,2731.1866,2286.9274,2744.2517,1191.1729,1330.3073,own rate (multiplicative),745.8968,865.7663,own rate (multiplicative),26.9643,30.1138,1.7038,2.0386,0.0000,0.0000,0.0000,0.0000
3819,38,False,7229.1800,7977.0000,2256.0508,2618.0000,3937.8549,4361.0987,3748.8804,4241.3718,1912.7934,2118.3820,own rate (multiplicative),1155.8598,1264.9120,own rate (multiplicative),13.0357,14.4368,1.5288,1.7247,0.0000,0.0000,0.0000,0.0000
3820,38,False,8869.2463,9783.0000,918.8153,1076.0000,4602.6511,5084.5681,3093.7920,3463.4395,2346.1473,2591.7988,own rate (multiplicative),473.6167,512.8541,own rate (multiplicative),56.6072,62.5342,1.2525,1.3981,0.0000,0.0000,0.0000,0.0000
3821,38,False,0.0000,0.0000,0.0000,0.0000,0.0000,0.0000,0.0000,0.0000,0.0000,0.0000,superzone rate on the increment,0.0000,0.0000,superzone rate on the increment,6.4286,6.4286,0.0000,0.0000,0.0000,0.0000,0.0000,0.0000
3822,38,False,5188.3947,5938.0000,803.1367,1098.0000,2725.3294,3141.1838,2026.1258,2464.4649,2586.0419,2980.6427,own rate (multiplicative),1963.9526,2310.6684,own rate (multiplicative),102.6786,118.3462,0.1750,0.2122,0.0000,0.0000,0.0000,0.0000
3823,38,False,0.0000,0.0000,0.0000,0.0000,0.0000,0.0000,0.0000,0.0000,0.0000,0.0000,superzone rate on the increment,0.0000,0.0000,superzone rate on the increment,8.0357,8.0357,0.0921,0.0918,0.0000,0.0000,0.0000,0.0000
3824,38,False,1883.5770,1895.0000,369.8733,416.0000,999.0741,1010.5578,799.3174,839.8969,756.3149,765.0082,own rate (multiplicative),1454.6580,1478.4885,own rate (multiplicative),57.2560,57.9141,0.0000,0.0000,0.0000,0.0000,0.0000,0.0000
3825,38,False,10100.8147,10597.0000,83.8432,298.0000,5122.7791,5400.3911,2739.6335,3045.2358,4170.7066,4396.7242,own rate (multiplicative),153.1219,164.6327,own rate (multiplicative),402.4789,424.2900,4.0541,4.4934,0.0000,0.0000,0.0000,0.0000
3826,38,False,10100.8147,10597.0000,986.7593,1396.0000,5234.3948,5536.1225,3474.8282,3939.2766,4170.7066,4411.1198,own rate (multiplicative),4174.4393,4577.5348,own rate (multiplicative),441.9435,467.4186,0.7420,0.8388,0.0000,0.0000,0.0000,0.0000
3827,38,False,0.0000,0.0000,134.0000,134.0000,16.5647,16.5647,109.1088,109.1088,0.0000,0.0000,superzone rate on the increment,569.9536,551.3024,superzone rate on the increment,46.0714,46.0714,0.0921,0.0918,0.0000,0.0000,0.0000,0.0000
3828,38,False,3018.0000,7545.0000,1020.0702,2894.0000,1653.6250,4176.5650,1628.7580,4351.8522,0.0000,0.0000,own rate (multiplicative),6862.4438,17735.6353,own rate (multiplicative),112.6786,284.5926,0.4789,1.2759,0.0000,0.0000,0.0000,0.0000
3829,38,False,518.0000,1295.0000,0.0000,0.0000,262.1799,655.4498,136.9956,342.4889,0.0000,0.0000,own rate (multiplicative),0.0000,0.0000,own rate (multiplicative),0.0000,0.0000,0.0000,0.0000,0.0000,0.0000,0.0000,0.0000
3830,38,False,4658.0000,11645.0000,0.0000,0.0000,2357.5947,5893.9867,1231.9022,3079.7556,0.0000,0.0000,own rate (multiplicative),0.0000,0.0000,own rate (multiplicative),5.8929,14.7321,0.0276,0.0689,0.0000,0.0000,0.0000,0.0000
3831,38,False,2563.3834,2725.0000,709.9754,771.0000,1385.1929,1474.5370,1256.0324,1348.4641,4530.0457,4822.2309,own rate (multiplicative),1025.2901,1064.7207,own rate (multiplicative),1.6071,1.7108,0.0000,0.0000,0.0000,0.0000,0.0000,0.0000
3901,39,False,2472.1032,2073.0000,1181.7262,954.0000,1397.3088,1167.1564,1616.0121,1325.0363,382.7111,319.6743,own rate (multiplicative),1155.9324,916.7818,own rate (multiplicative),170.9773,142.8154,133.7507,109.3521,0.0000,0.0000,0.0000,0.0000
3902,39,False,574.5903,482.0000,404.5638,318.0000,340.8334,283.2691,481.3760,386.4045,0.0000,0.0000,own rate (multiplicative),0.0000,0.0000,own rate (multiplicative),0.3046,0.2531,0.0000,0.0000,0.0000,0.0000,0.0000,0.0000
3903,39,False,4512.9894,4525.0000,888.8772,1043.0000,2394.0795,2419.2107,1917.3149,2045.9850,4430.9224,4477.4349,own rate (multiplicative),1951.2020,2014.0099,own rate (multiplicative),620.1055,626.6149,148.2652,157.7597,0.0000,0.0000,0.0000,0.0000
3904,39,False,4205.7918,4216.0000,1398.7548,1572.0000,2301.6244,2328.2072,2251.2354,2394.9992,5274.0184,5334.9312,own rate (multiplicative),5703.6715,5869.3409,own rate (multiplicative),594.8731,601.7437,205.8442,218.3589,0.0000,0.0000,0.0000,0.0000
3905,39,False,0.0000,0.0000,131.0000,131.0000,16.1938,16.1938,106.6661,106.6661,0.0000,0.0000,superzone rate on the increment,247.5052,239.4059,superzone rate on the increment,0.9944,0.9944,90.0398,89.7806,0.0000,0.0000,0.0000,0.0000
3906,39,False,5064.7885,5078.0000,668.9460,890.0000,2646.1793,2680.1921,1884.1715,2067.6576,6351.9495,6433.5948,own rate (multiplicative),3052.5446,3240.1907,own rate (multiplicative),713.1229,722.2891,98.3995,107.6711,0.0000,0.0000,0.0000,0.0000
3907,39,False,2168.9945,2175.0000,1264.2550,1241.0000,1254.0957,1254.2606,1603.0475,1585.7005,2720.5105,2720.8683,own rate (multiplicative),4710.4747,4507.0234,own rate (multiplicative),391.2840,391.3354,261.3278,257.7556,0.0000,0.0000,0.0000,0.0000
3908,39,False,812.4492,682.0000,954.3084,821.0000,529.1808,446.6762,991.9093,848.8637,1189.5798,1004.1124,own rate (multiplicative),1349.4535,1117.0544,own rate (multiplicative),2.1341,1.8014,540.0295,460.8200,0.0000,0.0000,0.0000,0.0000
3909,39,False,15850.0725,17000.0000,1406.1943,1606.0000,8196.1667,8802.8891,5336.8584,5803.6707,0.0000,0.0000,own rate (multiplicative),1165.1960,1225.6499,own rate (multiplicative),88.7053,95.2717,254.6925,276.1729,0.0000,0.0000,0.0000,0.0000
3910,39,False,5839.4784,7026.0000,2919.2413,4674.0000,3316.4546,4133.9172,3921.3452,5663.9479,3638.5301,4535.3801,own rate (multiplicative),4293.5220,5998.5770,own rate (multiplicative),626.2094,780.5618,245.2396,353.2016,0.0000,0.0000,0.0000,0.0000
3911,39,False,9075.8219,10881.0000,6674.1083,8445.0000,5418.6590,6551.2420,7834.6426,9753.9978,5641.6090,6820.7920,own rate (multiplicative),8390.6577,10104.3839,own rate (multiplicative),1006.9885,1217.4646,667.6648,828.8381,0.0000,0.0000,0.0000,0.0000
3912,39,False,7061.5714,8495.0000,1024.1063,1317.0000,3700.7324,4462.4530,2701.4485,3319.0348,2015.1036,2429.8717,own rate (multiplicative),1364.9593,1622.1283,own rate (multiplicative),50.4552,60.8404,574.2317,703.4773,0.0000,0.0000,0.0000,0.0000
3913,39,False,2846.7917,2950.0000,263.9229,354.0000,1473.4972,1536.8700,967.7895,1068.4298,161.1850,168.1173,own rate (multiplicative),502.2517,536.3359,own rate (multiplicative),1.7879,1.8648,20.7043,22.7915,0.0000,0.0000,0.0000,0.0000
3914,39,False,2846.7917,2950.0000,0.0000,0.0000,1440.8718,1493.1096,752.8916,780.1871,161.1850,167.0287,own rate (multiplicative),0.0000,0.0000,own rate (multiplicative),2.4801,2.5700,16.0443,16.5781,0.0000,0.0000,0.0000,0.0000
3915,39,False,1452.2239,1219.0000,595.1309,483.0000,808.5952,676.6902,868.6522,715.6694,0.0000,0.0000,own rate (multiplicative),246.2960,196.2792,own rate (multiplicative),0.5662,0.4738,372.8863,306.3308,0.0000,0.0000,0.0000,0.0000
3916,39,False,15144.8515,15445.0000,3528.6418,4439.0000,8101.5975,8366.0500,6878.5404,7699.1751,14691.0508,15170.5965,own rate (multiplicative),17123.7138,18539.4240,own rate (multiplicative),832.9211,860.1093,24.1354,26.9370,0.0000,0.0000,0.0000,0.0000
3917,39,False,8530.9021,8700.0000,3444.6568,4161.0000,4743.6389,4917.7781,5060.9634,5688.9635,7781.2736,8066.9245,own rate (multiplicative),10436.6965,11347.8444,own rate (multiplicative),241.6284,250.4985,834.2366,935.0545,55.4619,57.4979,74.6513,83.9335
3918,39,False,11903.0552,12155.0000,1187.2228,1571.0000,6171.3594,6346.3198,4114.6935,4493.8140,10866.6448,11174.7183,own rate (multiplicative),3822.4698,4038.0532,own rate (multiplicative),357.6454,367.7848,250.0230,272.2735,77.4529,79.6487,27.3412,29.8671
3919,39,False,8823.5653,9006.0000,2850.2264,3659.0000,4818.2854,5010.6008,4654.3522,5361.1405,5282.4816,5493.3248,own rate (multiplicative),12600.0757,14038.5246,own rate (multiplicative),494.2217,513.9479,598.6696,687.5954,0.0000,0.0000,0.0000,0.0000
3920,39,False,992.3111,832.0000,572.8568,441.0000,573.0620,475.6226,728.8824,579.1212,521.0755,432.4755,own rate (multiplicative),1800.8602,1384.0200,own rate (multiplicative),43.3700,35.9956,112.7379,89.3161,0.0000,0.0000,0.0000,0.0000
3921,39,False,0.0000,0.0000,8216.0000,8216.0000,1015.6370,1015.6370,6689.8353,6689.8353,997.4815,997.4815,own rate (multiplicative),5315.7944,5141.8399,own rate (multiplicative),9.7902,9.7902,469.7086,468.3562,5.4555,5.4555,0.0000,0.0000
3922,39,False,985.1807,826.0000,841.5200,722.0000,602.6643,507.3221,945.7542,806.3371,48.4340,40.7717,own rate (multiplicative),1455.1065,1200.0064,own rate (multiplicative),0.6088,0.5125,2.1940,1.8652,0.0000,0.0000,0.0000,0.0000
4001,40,False,1238.8448,1039.0000,1049.4140,826.0000,756.7528,627.9859,1182.1174,947.3508,26.7478,22.1965,own rate (multiplicative),661.9604,513.1361,own rate (multiplicative),15.6913,13.0213,5.9000,4.7147,8.8701,7.3608,5.4555,4.3730
4002,40,False,1737.0214,1457.0000,1759.8687,1332.0000,1096.7236,902.1021,1892.3544,1469.9072,421.5297,346.7262,own rate (multiplicative),2196.9690,1650.6756,own rate (multiplicative),4.0071,3.2960,161.4329,125.0337,0.0000,0.0000,0.0000,0.0000
4003,40,False,1694.2388,1421.0000,1753.9891,1433.0000,1074.3429,896.3664,1876.2522,1542.6250,232.8985,194.3164,own rate (multiplicative),766.9886,609.9699,own rate (multiplicative),2.7833,2.3222,51.8817,42.5335,0.0000,0.0000,132.9148,109.3051
4004,40,False,14061.4349,14842.0000,2844.4251,3409.0000,7468.6575,7933.5228,6034.8890,6701.0274,10144.2493,10775.6493,own rate (multiplicative),10674.5728,11464.9715,own rate (multiplicative),388.4209,412.5971,621.2352,687.8219,0.0000,0.0000,0.0000,0.0000
4005,40,False,3536.9475,3733.0000,229.1937,277.0000,1818.5187,1923.6582,1122.0370,1212.8131,2551.5031,2699.0208,own rate (multiplicative),754.7222,789.0857,own rate (multiplicative),96.1806,101.7413,50.6692,54.6108,0.0000,0.0000,0.0000,0.0000
4006,40,False,0.0000,0.0000,5369.0000,5369.0000,663.6995,663.6995,4371.6804,4371.6804,0.0000,0.0000,own rate (multiplicative),0.0000,0.0000,own rate (multiplicative),0.1076,0.1076,0.0000,0.0000,0.0000,0.0000,0.0000,0.0000
4007,40,False,7553.6382,7972.0000,4547.4868,5220.0000,4385.3362,4680.2194,5700.4798,6358.7144,2590.2028,2764.3759,own rate (multiplicative),7535.9804,8131.0763,own rate (multiplicative),137.7518,147.0146,328.1417,364.9784,0.0000,0.0000,5.4579,6.0895
4008,40,False,0.0000,0.0000,3043.0000,3043.0000,376.1664,376.1664,2477.7469,2477.7469,1400.0000,1400.0000,own rate (multiplicative),3029.6859,2930.5422,own rate (multiplicative),4.5912,4.5912,219.4210,218.7892,0.0000,0.0000,0.0000,0.0000
4009,40,False,0.0000,0.0000,162.0000,162.0000,20.0259,20.0259,131.9077,131.9077,0.0000,0.0000,superzone rate on the increment,0.0000,0.0000,superzone rate on the increment,0.0000,0.0000,0.0000,0.0000,0.0000,0.0000,0.0000,0.0000
4010,40,False,7927.2501,8367.0000,2905.7538,3228.0000,4371.4896,4633.8992,4462.5164,4841.2045,2718.4668,2881.6496,own rate (multiplicative),4711.3306,4943.8758,own rate (multiplicative),214.5957,227.4774,389.9870,421.8630,0.0000,0.0000,3.4122,3.7026
4011,40,False,11293.4613,11750.0000,3406.2951,3787.0000,6137.1352,6415.2688,5760.3422,6191.0701,8708.8040,9103.4849,own rate (multiplicative),5242.1800,5449.7895,own rate (multiplicative),1264.3484,1321.6483,315.5790,338.1998,0.0000,0.0000,173.9090,186.9552
4012,40,False,15251.0943,16097.0000,2232.9560,2732.0000,7995.2024,8485.0384,5851.6330,6481.6938,7813.0002,8291.6734,own rate (multiplicative),8077.0941,8654.0011,own rate (multiplicative),506.8634,537.9170,396.2359,437.6360,0.0000,0.0000,0.0000,0.0000
4013,40,False,2826.0303,2983.0000,446.6479,506.0000,1485.5769,1572.3623,1111.0816,1200.9225,1447.8236,1532.4035,own rate (multiplicative),1459.8814,1526.2898,own rate (multiplicative),94.7418,100.2765,52.5272,56.6111,0.0000,0.0000,0.0000,0.0000
4014,40,False,11795.7715,12289.0000,2581.2272,3312.0000,6289.3815,6629.3595,5221.3810,5946.8532,5990.6594,6314.4897,own rate (multiplicative),9637.7689,10617.6576,own rate (multiplicative),381.7550,402.3911,313.5238,356.0575,0.0000,0.0000,0.0000,0.0000
4015,40,False,13733.0584,14504.0000,11585.4103,13439.0000,8382.9875,9002.3261,13065.3450,14778.5119,10696.4317,11486.6885,own rate (multiplicative),18341.5510,20067.6377,own rate (multiplicative),1590.5943,1708.1080,1051.7763,1186.2630,0.0000,0.0000,608.4800,688.4212
4016,40,False,14365.1919,15184.0000,2767.8950,3369.0000,7612.9403,8101.6776,6052.9095,6758.9064,12925.4665,13755.2587,own rate (multiplicative),12216.7243,13195.2432,own rate (multiplicative),1845.0729,1963.5233,1849.6175,2059.4059,956.4338,1017.8352,0.0000,0.0000
4017,40,False,9791.5763,10342.0000,2368.1578,2327.0000,5248.6415,5522.1445,4517.8404,4629.8986,1904.8553,2004.1159,own rate (multiplicative),1788.1112,1772.4969,own rate (multiplicative),10.7297,11.2888,3.4244,3.4992,0.0000,0.0000,0.0000,0.0000
4018,40,False,4738.6467,5005.0000,689.9637,877.0000,2483.7043,2641.6370,1815.0302,2037.7661,921.8548,980.4732,own rate (multiplicative),618.4932,671.6697,own rate (multiplicative),4.9115,5.2238,0.9472,1.0603,0.0000,0.0000,0.0000,0.0000
4019,40,False,12003.1901,12677.0000,2561.3828,2876.0000,6391.9110,6771.8444,5260.0788,5694.4569,2334.9901,2473.7812,own rate (multiplicative),2113.8644,2213.5409,own rate (multiplicative),5.4022,5.7234,17.9233,19.3475,0.0000,0.0000,0.0000,0.0000
4020,40,False,9252.7476,9772.0000,832.3240,1793.0000,4786.0643,5167.6339,3124.7916,4044.3438,1799.9237,1943.4229,own rate (multiplicative),428.2148,536.0917,own rate (multiplicative),5.0999,5.5065,10.7102,13.8221,0.0000,0.0000,0.0000,0.0000
4021,40,False,8653.0243,9344.0000,1528.3716,1517.0000,4568.5643,4916.8882,3532.9358,3706.4190,0.0000,0.0000,own rate (multiplicative),966.3640,980.6406,own rate (multiplicative),7.9119,8.5152,6.8487,7.1643,0.0000,0.0000,0.0000,0.0000
4022,40,False,3862.2313,3239.0000,2374.8381,1930.0000,2248.3955,1877.9644,2955.1447,2428.1115,79.2850,66.2225,own rate (multiplicative),656.7833,521.9902,own rate (multiplicative),1.0092,0.8430,52.2329,42.7939,0.0000,0.0000,0.0000,0.0000
