mode,o,101,102,103,104,201,202,203,204,205,206,207,208,209,210,211,212,213,214,215,216,217,301,302,303,304
brt,101,constant:1/missing:4,constant:1/derived:4,constant:1/derived:4,constant:1/derived:4,constant:1/missing:4,constant:1/derived:4,constant:1/derived:4,constant:1/derived:4,constant:1/derived:4,constant:1/derived:4,constant:1/derived:4,constant:1/derived:4,constant:1/derived:4,constant:1/derived:4,constant:1/derived:4,constant:1/derived:4,constant:1/missing:4,constant:1/missing:4,constant:1/missing:4,constant:1/missing:4,constant:1/missing:4,constant:1/derived:4,constant:1/derived:4,constant:1/derived:4,constant:1/derived:4
brt,102,constant:1/derived:4,constant:1/missing:4,constant:1/derived:4,constant:1/derived:4,constant:1/missing:4,constant:1/derived:4,constant:1/derived:4,constant:1/derived:4,constant:1/derived:4,constant:1/derived:4,constant:1/derived:4,constant:1/derived:4,constant:1/derived:4,constant:1/derived:4,constant:1/derived:4,constant:1/derived:4,constant:1/missing:4,constant:1/missing:4,constant:1/missing:4,constant:1/missing:4,constant:1/missing:4,constant:1/missing:4,constant:1/missing:4,constant:1/missing:4,constant:1/missing:4
brt,103,constant:1/derived:4,constant:1/derived:4,constant:1/missing:4,constant:1/derived:4,constant:1/missing:4,constant:1/derived:4,constant:1/derived:4,constant:1/derived:4,constant:1/derived:4,constant:1/derived:4,constant:1/derived:4,constant:1/derived:4,constant:1/derived:4,constant:1/derived:4,constant:1/derived:4,constant:1/derived:4,constant:1/missing:4,constant:1/missing:4,constant:1/missing:4,constant:1/missing:4,constant:1/missing:4,constant:1/missing:4,constant:1/missing:4,constant:1/missing:4,constant:1/missing:4
brt,104,constant:1/derived:4,constant:1/derived:4,constant:1/derived:4,constant:1/missing:4,constant:1/missing:4,constant:1/derived:4,constant:1/derived:4,constant:1/derived:4,constant:1/derived:4,constant:1/derived:4,constant:1/derived:4,constant:1/derived:4,constant:1/derived:4,constant:1/derived:4,constant:1/derived:4,constant:1/derived:4,constant:1/derived:4,constant:1/missing:4,constant:1/missing:4,constant:1/missing:4,constant:1/missing:4,constant:1/missing:4,constant:1/missing:4,constant:1/missing:4,constant:1/missing:4
brt,201,constant:1/missing:4,constant:1/missing:4,constant:1/missing:4,constant:1/missing:4,constant:1/missing:4,constant:1/missing:4,constant:1/missing:4,constant:1/missing:4,constant:1/missing:4,constant:1/missing:4,constant:1/missing:4,constant:1/missing:4,constant:1/missing:4,constant:1/missing:4,constant:1/missing:4,constant:1/missing:4,constant:1/missing:4,constant:1/missing:4,constant:1/missing:4,constant:1/missing:4,constant:1/missing:4,constant:1/missing:4,constant:1/missing:4,constant:1/missing:4,constant:1/missing:4
brt,202,constant:1/derived:4,constant:1/derived:4,constant:1/derived:4,constant:1/derived:4,constant:1/missing:4,constant:1/missing:4,constant:1/derived:4,constant:1/derived:4,constant:1/derived:4,constant:1/derived:4,constant:1/derived:4,constant:1/derived:4,constant:1/derived:4,constant:1/derived:4,constant:1/derived:4,constant:1/derived:4,constant:1/missing:4,constant:1/missing:4,constant:1/missing:4,constant:1/missing:4,constant:1/missing:4,constant:1/missing:4,constant:1/missing:4,constant:1/missing:4,constant:1/missing:4
brt,203,constant:1/derived:4,constant:1/derived:4,constant:1/derived:4,constant:1/derived:4,constant:1/missing:4,constant:1/derived:4,constant:1/missing:4,constant:1/derived:4,constant:1/derived:4,constant:1/derived:4,constant:1/derived:4,constant:1/derived:4,constant:1/derived:4,constant:1/derived:4,constant:1/derived:4,constant:1/derived:4,constant:1/missing:4,constant:1/missing:4,constant:1/missing:4,constant:1/missing:4,constant:1/missing:4,constant:1/missing:4,constant:1/missing:4,constant:1/missing:4,constant:1/missing:4
brt,204,constant:1/derived:4,constant:1/derived:4,constant:1/derived:4,constant:1/derived:4,constant:1/missing:4,constant:1/derived:4,constant:1/derived:4,constant:1/missing:4,constant:1/derived:4,constant:1/derived:4,constant:1/derived:4,constant:1/derived:4,constant:1/derived:4,constant:1/derived:4,constant:1/derived:4,constant:1/derived:4,constant:1/missing:4,constant:1/missing:4,constant:1/missing:4,constant:1/missing:4,constant:1/missing:4,constant:1/missing:4,constant:1/missing:4,constant:1/missing:4,constant:1/missing:4
brt,205,constant:1/derived:4,constant:1/derived:4,constant:1/derived:4,constant:1/derived:4,constant:1/missing:4,constant:1/derived:4,constant:1/derived:4,constant:1/derived:4,constant:1/missing:4,constant:1/derived:4,constant:1/derived:4,constant:1/derived:4,constant:1/derived:4,constant:1/derived:4,constant:1/derived:4,constant:1/derived:4,constant:1/missing:4,constant:1/missing:4,constant:1/missing:4,constant:1/missing:4,constant:1/missing:4,constant:1/missing:4,constant:1/missing:4,constant:1/missing:4,constant:1/missing:4
brt,206,constant:1/derived:4,constant:1/derived:4,constant:1/derived:4,constant:1/derived:4,constant:1/missing:4,constant:1/derived:4,constant:1/derived:4,constant:1/derived:4,constant:1/derived:4,constant:1/missing:4,constant:1/derived:4,constant:1/derived:4,constant:1/derived:4,constant:1/derived:4,constant:1/derived:4,constant:1/derived:4,constant:1/derived:4,constant:1/missing:4,constant:1/missing:4,constant:1/missing:4,constant:1/missing:4,constant:1/missing:4,constant:1/missing:4,constant:1/missing:4,constant:1/missing:4
brt,207,constant:1/derived:4,constant:1/derived:4,constant:1/derived:4,constant:1/derived:4,constant:1/missing:4,constant:1/derived:4,constant:1/derived:4,constant:1/derived:4,constant:1/derived:4,constant:1/derived:4,constant:1/missing:4,constant:1/derived:4,constant:1/derived:4,constant:1/derived:4,constant:1/derived:4,constant:1/derived:4,constant:1/derived:4,constant:1/missing:4,constant:1/missing:4,constant:1/missing:4,constant:1/missing:4,constant:1/missing:4,constant:1/missing:4,constant:1/missing:4,constant:1/missing:4
brt,208,constant:1/derived:4,constant:1/derived:4,constant:1/derived:4,constant:1/derived:4,constant:1/missing:4,constant:1/derived:4,constant:1/derived:4,constant:1/derived:4,constant:1/derived:4,constant:1/derived:4,constant:1/derived:4,constant:1/missing:4,constant:1/derived:4,constant:1/derived:4,constant:1/derived:4,constant:1/derived:4,constant:1/derived:4,constant:1/missing:4,constant:1/missing:4,constant:1/missing:4,constant:1/missing:4,constant:1/missing:4,constant:1/missing:4,constant:1/missing:4,constant:1/missing:4
brt,209,constant:1/derived:4,constant:1/derived:4,constant:1/derived:4,constant:1/derived:4,constant:1/missing:4,constant:1/derived:4,constant:1/derived:4,constant:1/derived:4,constant:1/derived:4,constant:1/derived:4,constant:1/derived:4,constant:1/derived:4,constant:1/missing:4,constant:1/derived:4,constant:1/derived:4,constant:1/derived:4,constant:1/derived:4,constant:1/missing:4,constant:1/missing:4,constant:1/missing:4,constant:1/missing:4,constant:1/derived:4,constant:1/derived:4,constant:1/derived:4,constant:1/derived:4
brt,210,constant:1/derived:4,constant:1/derived:4,constant:1/derived:4,constant:1/derived:4,constant:1/missing:4,constant:1/derived:4,constant:1/derived:4,constant:1/derived:4,constant:1/derived:4,constant:1/derived:4,constant:1/derived:4,constant:1/derived:4,constant:1/derived:4,constant:1/missing:4,constant:1/derived:4,constant:1/derived:4,constant:1/derived:4,constant:1/missing:4,constant:1/missing:4,constant:1/missing:4,constant:1/missing:4,constant:1/derived:4,constant:1/derived:4,constant:1/derived:4,constant:1/derived:4
brt,211,constant:1/derived:4,constant:1/derived:4,constant:1/derived:4,constant:1/derived:4,constant:1/missing:4,constant:1/derived:4,constant:1/derived:4,constant:1/derived:4,constant:1/derived:4,constant:1/derived:4,constant:1/derived:4,constant:1/derived:4,constant:1/derived:4,constant:1/derived:4,constant:1/missing:4,constant:1/derived:4,constant:1/derived:4,constant:1/missing:4,constant:1/missing:4,constant:1/missing:4,constant:1/missing:4,constant:1/derived:4,constant:1/derived:4,constant:1/derived:4,constant:1/derived:4
brt,212,constant:1/derived:4,constant:1/derived:4,constant:1/derived:4,constant:1/derived:4,constant:1/missing:4,constant:1/derived:4,constant:1/derived:4,constant:1/derived:4,constant:1/derived:4,constant:1/derived:4,constant:1/derived:4,constant:1/derived:4,constant:1/derived:4,constant:1/derived:4,constant:1/derived:4,constant:1/missing:4,constant:1/derived:4,constant:1/missing:4,constant:1/missing:4,constant:1/missing:4,constant:1/missing:4,constant:1/derived:4,constant:1/derived:4,constant:1/derived:4,constant:1/derived:4
brt,213,constant:1/missing:4,constant:1/missing:4,constant:1/missing:4,constant:1/derived:4,constant:1/missing:4,constant:1/missing:4,constant:1/missing:4,constant:1/missing:4,constant:1/missing:4,constant:1/derived:4,constant:1/derived:4,constant:1/derived:4,constant:1/derived:4,constant:1/derived:4,constant:1/derived:4,constant:1/derived:4,constant:1/missing:4,constant:1/missing:4,constant:1/missing:4,constant:1/missing:4,constant:1/missing:4,constant:1/missing:4,constant:1/missing:4,constant:1/missing:4,constant:1/missing:4
brt,214,constant:1/missing:4,constant:1/missing:4,constant:1/missing:4,constant:1/missing:4,constant:1/missing:4,constant:1/missing:4,constant:1/missing:4,constant:1/missing:4,constant:1/missing:4,constant:1/missing:4,constant:1/missing:4,constant:1/missing:4,constant:1/missing:4,constant:1/missing:4,constant:1/missing:4,constant:1/missing:4,constant:1/missing:4,constant:1/missing:4,constant:1/missing:4,constant:1/missing:4,constant:1/missing:4,constant:1/missing:4,constant:1/missing:4,constant:1/missing:4,constant:1/missing:4
brt,215,constant:1/missing:4,constant:1/missing:4,constant:1/missing:4,constant:1/missing:4,constant:1/missing:4,constant:1/missing:4,constant:1/missing:4,constant:1/missing:4,constant:1/missing:4,constant:1/missing:4,constant:1/missing:4,constant:1/missing:4,constant:1/missing:4,constant:1/missing:4,constant:1/missing:4,constant:1/missing:4,constant:1/missing:4,constant:1/missing:4,constant:1/missing:4,constant:1/missing:4,constant:1/missing:4,constant:1/missing:4,constant:1/missing:4,constant:1/missing:4,constant:1/missing:4
brt,216,constant:1/missing:4,constant:1/missing:4,constant:1/missing:4,constant:1/missing:4,constant:1/missing:4,constant:1/missing:4,constant:1/missing:4,constant:1/missing:4,constant:1/missing:4,constant:1/missing:4,constant:1/missing:4,constant:1/missing:4,constant:1/missing:4,constant:1/missing:4,constant:1/missing:4,constant:1/missing:4,constant:1/missing:4,constant:1/missing:4,constant:1/missing:4,constant:1/missing:4,constant:1/missing:4,constant:1/missing:4,constant:1/missing:4,constant:1/missing:4,constant:1/missing:4
brt,217,constant:1/missing:4,constant:1/missing:4,constant:1/missing:4,constant:1/missing:4,constant:1/missing:4,constant:1/missing:4,constant:1/missing:4,constant:1/missing:4,constant:1/missing:4,constant:1/missing:4,constant:1/missing:4,constant:1/missing:4,constant:1/missing:4,constant:1/missing:4,constant:1/missing:4,constant:1/missing:4,constant:1/missing:4,constant:1/missing:4,constant:1/missing:4,constant:1/missing:4,constant:1/missing:4,constant:1/missing:4,constant:1/missing:4,constant:1/missing:4,constant:1/missing:4
brt,301,constant:1/derived:4,constant:1/missing:4,constant:1/missing:4,constant:1/missing:4,constant:1/missing:4,constant:1/missing:4,constant:1/missing:4,constant:1/missing:4,constant:1/missing:4,constant:1/missing:4,constant:1/missing:4,constant:1/missing:4,constant:1/derived:4,constant:1/derived:4,constant:1/derived:4,constant:1/derived:4,constant:1/missing:4,constant:1/missing:4,constant:1/missing:4,constant:1/missing:4,constant:1/missing:4,constant:1/missing:4,constant:1/derived:4,constant:1/derived:4,constant:1/derived:4
brt,302,constant:1/derived:4,constant:1/missing:4,constant:1/missing:4,constant:1/missing:4,constant:1/missing:4,constant:1/missing:4,constant:1/missing:4,constant:1/missing:4,constant:1/missing:4,constant:1/missing:4,constant:1/missing:4,constant:1/missing:4,constant:1/derived:4,constant:1/derived:4,constant:1/derived:4,constant:1/derived:4,constant:1/missing:4,constant:1/missing:4,constant:1/missing:4,constant:1/missing:4,constant:1/missing:4,constant:1/derived:4,constant:1/missing:4,constant:1/derived:4,constant:1/derived:4
brt,303,constant:1/derived:4,constant:1/missing:4,constant:1/missing:4,constant:1/missing:4,constant:1/missing:4,constant:1/missing:4,constant:1/missing:4,constant:1/missing:4,constant:1/missing:4,constant:1/missing:4,constant:1/missing:4,constant:1/missing:4,constant:1/derived:4,constant:1/derived:4,constant:1/derived:4,constant:1/derived:4,constant:1/missing:4,constant:1/missing:4,constant:1/missing:4,constant:1/missing:4,constant:1/missing:4,constant:1/derived:4,constant:1/derived:4,constant:1/missing:4,constant:1/derived:4
brt,304,constant:1/derived:4,constant:1/missing:4,constant:1/missing:4,constant:1/missing:4,constant:1/missing:4,constant:1/missing:4,constant:1/missing:4,constant:1/missing:4,constant:1/missing:4,constant:1/missing:4,constant:1/missing:4,constant:1/missing:4,constant:1/derived:4,constant:1/derived:4,constant:1/derived:4,constant:1/derived:4,constant:1/missing:4,constant:1/missing:4,constant:1/missing:4,constant:1/missing:4,constant:1/missing:4,constant:1/derived:4,constant:1/derived:4,constant:1/derived:4,constant:1/missing:4
bus,101,assumed:2/constant:1/derived:1/missing:1,constant:1/derived:4,constant:1/derived:4,constant:1/derived:4,assumed:3/constant:1/derived:1,constant:1/derived:4,constant:1/derived:4,constant:1/derived:4,constant:1/derived:4,constant:1/derived:4,constant:1/derived:4,constant:1/derived:4,constant:1/derived:4,constant:1/derived:4,constant:1/derived:4,constant:1/derived:4,constant:1/derived:4,constant:1/derived:4,constant:1/derived:4,constant:1/derived:4,constant:1/derived:4,constant:1/derived:4,constant:1/derived:4,constant:1/derived:4,constant:1/derived:4
bus,102,constant:1/derived:4,assumed:2/constant:1/derived:1/missing:1,constant:1/derived:4,constant:1/derived:4,assumed:3/constant:1/derived:1,constant:1/derived:4,constant:1/derived:4,constant:1/derived:4,constant:1/derived:4,constant:1/derived:4,constant:1/derived:4,constant:1/derived:4,constant:1/derived:4,constant:1/derived:4,constant:1/derived:4,constant:1/derived:4,constant:1/derived:4,constant:1/derived:4,constant:1/derived:4,constant:1/derived:4,constant:1/derived:4,constant:1/derived:4,constant:1/derived:4,constant:1/derived:4,constant:1/derived:4
bus,103,constant:1/derived:4,constant:1/derived:4,assumed:2/constant:1/derived:1/missing:1,constant:1/derived:4,assumed:3/constant:1/derived:1,constant:1/derived:4,constant:1/derived:4,constant:1/derived:4,constant:1/derived:4,constant:1/derived:4,constant:1/derived:4,constant:1/derived:4,constant:1/derived:4,constant:1/derived:4,constant:1/derived:4,constant:1/derived:4,constant:1/derived:4,constant:1/derived:4,constant:1/derived:4,constant:1/derived:4,constant:1/derived:4,constant:1/derived:4,constant:1/derived:4,constant:1/derived:4,constant:1/derived:4
bus,104,constant:1/derived:4,constant:1/derived:4,constant:1/derived:4,assumed:2/constant:1/derived:1/missing:1,assumed:3/constant:1/derived:1,constant:1/derived:4,constant:1/derived:4,constant:1/derived:4,constant:1/derived:4,constant:1/derived:4,constant:1/derived:4,constant:1/derived:4,constant:1/derived:4,constant:1/derived:4,constant:1/derived:4,constant:1/derived:4,constant:1/derived:4,constant:1/derived:4,constant:1/derived:4,constant:1/derived:4,constant:1/derived:4,constant:1/derived:4,constant:1/derived:4,constant:1/derived:4,constant:1/derived:4
bus,201,assumed:3/constant:1/derived:1,assumed:3/constant:1/derived:1,assumed:3/constant:1/derived:1,assumed:3/constant:1/derived:1,assumed:2/constant:1/derived:1/missing:1,constant:1/derived:4,constant:1/derived:4,constant:1/derived:4,constant:1/derived:4,assumed:3/constant:1/derived:1,assumed:3/constant:1/derived:1,assumed:3/constant:1/derived:1,constant:1/derived:4,assumed:3/constant:1/derived:1,assumed:3/constant:1/derived:1,assumed:3/constant:1/derived:1,assumed:3/constant:1/derived:1,assumed:3/constant:1/derived:1,assumed:3/constant:1/derived:1,assumed:3/constant:1/derived:1,assumed:3/constant:1/derived:1,assumed:3/constant:1/derived:1,assumed:3/constant:1/derived:1,assumed:3/constant:1/derived:1,assumed:3/constant:1/derived:1
bus,202,constant:1/derived:4,constant:1/derived:4,constant:1/derived:4,constant:1/derived:4,constant:1/derived:4,assumed:2/constant:1/derived:1/missing:1,constant:1/derived:4,constant:1/derived:4,constant:1/derived:4,constant:1/derived:4,constant:1/derived:4,constant:1/derived:4,constant:1/derived:4,constant:1/derived:4,constant:1/derived:4,constant:1/derived:4,assumed:3/constant:1/derived:1,assumed:3/constant:1/derived:1,assumed:3/constant:1/derived:1,assumed:3/constant:1/derived:1,assumed:3/constant:1/derived:1,assumed:3/constant:1/derived:1,assumed:3/constant:1/derived:1,assumed:3/constant:1/derived:1,assumed:3/constant:1/derived:1
bus,203,constant:1/derived:4,constant:1/derived:4,constant:1/derived:4,constant:1/derived:4,constant:1/derived:4,constant:1/derived:4,assumed:2/constant:1/derived:1/missing:1,constant:1/derived:4,constant:1/derived:4,constant:1/derived:4,constant:1/derived:4,constant:1/derived:4,constant:1/derived:4,constant:1/derived:4,constant:1/derived:4,constant:1/derived:4,assumed:3/constant:1/derived:1,assumed:3/constant:1/derived:1,assumed:3/constant:1/derived:1,assumed:3/constant:1/derived:1,assumed:3/constant:1/derived:1,assumed:3/constant:1/derived:1,assumed:3/constant:1/derived:1,constant:1/derived:4,constant:1/derived:4
bus,204,constant:1/derived:4,constant:1/derived:4,constant:1/derived:4,constant:1/derived:4,constant:1/derived:4,constant:1/derived:4,constant:1/derived:4,assumed:2/constant:1/derived:1/missing:1,constant:1/derived:4,constant:1/derived:4,constant:1/derived:4,constant:1/derived:4,constant:1/derived:4,constant:1/derived:4,constant:1/derived:4,constant:1/derived:4,assumed:3/constant:1/derived:1,assumed:3/constant:1/derived:1,assumed:3/constant:1/derived:1,assumed:3/constant:1/derived:1,assumed:3/constant:1/derived:1,assumed:3/constant:1/derived:1,assumed:3/constant:1/derived:1,assumed:3/constant:1/derived:1,assumed:3/constant:1/derived:1
bus,205,constant:1/derived:4,constant:1/derived:4,constant:1/derived:4,constant:1/derived:4,constant:1/derived:4,constant:1/derived:4,constant:1/derived:4,constant:1/derived:4,assumed:2/constant:1/derived:1/missing:1,constant:1/derived:4,constant:1/derived:4,constant:1/derived:4,constant:1/derived:4,constant:1/derived:4,constant:1/derived:4,constant:1/derived:4,assumed:3/constant:1/derived:1,assumed:3/constant:1/derived:1,assumed:3/constant:1/derived:1,assumed:3/constant:1/derived:1,assumed:3/constant:1/derived:1,assumed:3/constant:1/derived:1,assumed:3/constant:1/derived:1,assumed:3/constant:1/derived:1,assumed:3/constant:1/derived:1
bus,206,constant:1/derived:4,constant:1/derived:4,constant:1/derived:4,constant:1/derived:4,assumed:3/constant:1/derived:1,constant:1/derived:4,constant:1/derived:4,constant:1/derived:4,constant:1/derived:4,assumed:2/constant:1/derived:1/missing:1,constant:1/derived:4,constant:1/derived:4,constant:1/derived:4,constant:1/derived:4,constant:1/derived:4,constant:1/derived:4,constant:1/derived:4,assumed:3/constant:1/derived:1,assumed:3/constant:1/derived:1,assumed:3/constant:1/derived:1,constant:1/derived:4,assumed:3/constant:1/derived:1,assumed:3/constant:1/derived:1,constant:1/derived:4,constant:1/derived:4
bus,207,constant:1/derived:4,constant:1/derived:4,constant:1/derived:4,constant:1/derived:4,assumed:3/constant:1/derived:1,constant:1/derived:4,constant:1/derived:4,constant:1/derived:4,constant:1/derived:4,constant:1/derived:4,assumed:2/constant:1/derived:1/missing:1,constant:1/derived:4,constant:1/derived:4,constant:1/derived:4,constant:1/derived:4,constant:1/derived:4,constant:1/derived:4,assumed:3/constant:1/derived:1,assumed:3/constant:1/derived:1,assumed:3/constant:1/derived:1,constant:1/derived:4,assumed:3/constant:1/derived:1,assumed:3/constant:1/derived:1,assumed:3/constant:1/derived:1,assumed:3/constant:1/derived:1
bus,208,constant:1/derived:4,constant:1/derived:4,constant:1/derived:4,constant:1/derived:4,assumed:3/constant:1/derived:1,constant:1/derived:4,constant:1/derived:4,constant:1/derived:4,constant:1/derived:4,constant:1/derived:4,constant:1/derived:4,assumed:2/constant:1/derived:1/missing:1,constant:1/derived:4,constant:1/derived:4,constant:1/derived:4,constant:1/derived:4,constant:1/derived:4,assumed:3/constant:1/derived:1,assumed:3/constant:1/derived:1,assumed:3/constant:1/derived:1,constant:1/derived:4,assumed:3/constant:1/derived:1,assumed:3/constant:1/derived:1,constant:1/derived:4,constant:1/derived:4
bus,209,constant:1/derived:4,constant:1/derived:4,constant:1/derived:4,constant:1/derived:4,constant:1/derived:4,constant:1/derived:4,constant:1/derived:4,constant:1/derived:4,constant:1/derived:4,constant:1/derived:4,constant:1/derived:4,constant:1/derived:4,assumed:2/constant:1/derived:1/missing:1,constant:1/derived:4,constant:1/derived:4,constant:1/derived:4,constant:1/derived:4,assumed:3/constant:1/derived:1,assumed:3/constant:1/derived:1,assumed:3/constant:1/derived:1,constant:1/derived:4,constant:1/derived:4,constant:1/derived:4,constant:1/derived:4,constant:1/derived:4
bus,210,constant:1/derived:4,constant:1/derived:4,constant:1/derived:4,constant:1/derived:4,assumed:3/constant:1/derived:1,constant:1/derived:4,constant:1/derived:4,constant:1/derived:4,constant:1/derived:4,constant:1/derived:4,constant:1/derived:4,constant:1/derived:4,constant:1/derived:4,assumed:2/constant:1/derived:1/missing:1,constant:1/derived:4,constant:1/derived:4,constant:1/derived:4,constant:1/derived:4,constant:1/derived:4,constant:1/derived:4,constant:1/derived:4,constant:1/derived:4,constant:1/derived:4,constant:1/derived:4,constant:1/derived:4
bus,211,constant:1/derived:4,constant:1/derived:4,constant:1/derived:4,constant:1/derived:4,assumed:3/constant:1/derived:1,constant:1/derived:4,constant:1/derived:4,constant:1/derived:4,constant:1/derived:4,constant:1/derived:4,constant:1/derived:4,constant:1/derived:4,constant:1/derived:4,constant:1/derived:4,assumed:2/constant:1/derived:1/missing:1,constant:1/derived:4,constant:1/derived:4,constant:1/derived:4,constant:1/derived:4,constant:1/derived:4,constant:1/derived:4,constant:1/derived:4,constant:1/derived:4,constant:1/derived:4,constant:1/derived:4
bus,212,constant:1/derived:4,constant:1/derived:4,constant:1/derived:4,constant:1/derived:4,assumed:3/constant:1/derived:1,constant:1/derived:4,constant:1/derived:4,constant:1/derived:4,constant:1/derived:4,constant:1/derived:4,constant:1/derived:4,constant:1/derived:4,constant:1/derived:4,constant:1/derived:4,constant:1/derived:4,assumed:2/constant:1/derived:1/missing:1,constant:1/derived:4,constant:1/derived:4,constant:1/derived:4,constant:1/derived:4,constant:1/derived:4,constant:1/derived:4,constant:1/derived:4,constant:1/derived:4,constant:1/derived:4
bus,213,constant:1/derived:4,constant:1/derived:4,constant:1/derived:4,constant:1/derived:4,assumed:3/constant:1/derived:1,assumed:3/constant:1/derived:1,assumed:3/constant:1/derived:1,assumed:3/constant:1/derived:1,assumed:3/constant:1/derived:1,constant:1/derived:4,constant:1/derived:4,constant:1/derived:4,constant:1/derived:4,constant:1/derived:4,constant:1/derived:4,constant:1/derived:4,assumed:2/constant:1/derived:1/missing:1,constant:1/derived:4,constant:1/derived:4,constant:1/derived:4,constant:1/derived:4,constant:1/derived:4,constant:1/derived:4,constant:1/derived:4,constant:1/derived:4
bus,214,constant:1/derived:4,constant:1/derived:4,constant:1/derived:4,constant:1/derived:4,assumed:3/constant:1/derived:1,assumed:3/constant:1/derived:1,assumed:3/constant:1/derived:1,assumed:3/constant:1/derived:1,assumed:3/constant:1/derived:1,assumed:3/constant:1/derived:1,assumed:3/constant:1/derived:1,assumed:3/constant:1/derived:1,assumed:3/constant:1/derived:1,constant:1/derived:4,constant:1/derived:4,constant:1/derived:4,constant:1/derived:4,assumed:2/constant:1/derived:1/missing:1,constant:1/derived:4,assumed:3/constant:1/derived:1,assumed:3/constant:1/derived:1,assumed:3/constant:1/derived:1,assumed:3/constant:1/derived:1,assumed:3/constant:1/derived:1,assumed:3/constant:1/derived:1
bus,215,constant:1/derived:4,constant:1/derived:4,constant:1/derived:4,constant:1/derived:4,assumed:3/constant:1/derived:1,assumed:3/constant:1/derived:1,assumed:3/constant:1/derived:1,assumed:3/constant:1/derived:1,assumed:3/constant:1/derived:1,constant:1/derived:3/missing:1,constant:1/derived:3/missing:1,assumed:3/constant:1/derived:1,assumed:3/constant:1/derived:1,constant:1/derived:4,constant:1/derived:4,constant:1/derived:4,constant:1/derived:4,constant:1/derived:4,assumed:2/constant:1/derived:1/missing:1,constant:1/derived:4,constant:1/derived:4,assumed:3/constant:1/derived:1,assumed:3/constant:1/derived:1,assumed:3/constant:1/derived:1,assumed:3/constant:1/derived:1
bus,216,constant:1/derived:4,constant:1/derived:4,constant:1/derived:4,constant:1/derived:4,assumed:3/constant:1/derived:1,assumed:3/constant:1/derived:1,assumed:3/constant:1/derived:1,assumed:3/constant:1/derived:1,assumed:3/constant:1/derived:1,assumed:3/constant:1/derived:1,assumed:3/constant:1/derived:1,assumed:3/constant:1/derived:1,assumed:3/constant:1/derived:1,constant:1/derived:4,constant:1/derived:4,constant:1/derived:4,constant:1/derived:4,constant:1/derived:4,constant:1/derived:4,assumed:2/constant:1/derived:1/missing:1,constant:1/derived:4,assumed:3/constant:1/derived:1,assumed:3/constant:1/derived:1,assumed:3/constant:1/derived:1,assumed:3/constant:1/derived:1
bus,217,constant:1/derived:4,constant:1/derived:4,constant:1/derived:4,constant:1/derived:4,assumed:3/constant:1/derived:1,assumed:3/constant:1/derived:1,assumed:3/constant:1/derived:1,assumed:3/constant:1/derived:1,assumed:3/constant:1/derived:1,constant:1/derived:4,constant:1/derived:4,constant:1/derived:4,constant:1/derived:4,constant:1/derived:4,constant:1/derived:4,constant:1/derived:4,constant:1/derived:4,constant:1/derived:4,constant:1/derived:4,constant:1/derived:4,assumed:2/constant:1/derived:1/missing:1,assumed:3/constant:1/derived:1,assumed:3/constant:1/derived:1,assumed:3/constant:1/derived:1,assumed:3/constant:1/derived:1
bus,301,constant:1/derived:4,constant:1/derived:4,constant:1/derived:4,constant:1/derived:4,assumed:3/constant:1/derived:1,assumed:3/constant:1/derived:1,assumed:3/constant:1/derived:1,assumed:3/constant:1/derived:1,assumed:3/constant:1/derived:1,assumed:3/constant:1/derived:1,assumed:3/constant:1/derived:1,assumed:3/constant:1/derived:1,constant:1/derived:4,constant:1/derived:4,constant:1/derived:4,constant:1/derived:4,constant:1/derived:4,assumed:3/constant:1/derived:1,assumed:3/constant:1/derived:1,assumed:3/constant:1/derived:1,assumed:3/constant:1/derived:1,assumed:2/constant:1/derived:1/missing:1,constant:1/derived:4,constant:1/derived:4,constant:1/derived:4
bus,302,constant:1/derived:4,constant:1/derived:4,constant:1/derived:4,constant:1/derived:4,assumed:3/constant:1/derived:1,assumed:3/constant:1/derived:1,assumed:3/constant:1/derived:1,assumed:3/constant:1/derived:1,assumed:3/constant:1/derived:1,assumed:3/constant:1/derived:1,assumed:3/constant:1/derived:1,assumed:3/constant:1/derived:1,constant:1/derived:4,constant:1/derived:4,constant:1/derived:4,constant:1/derived:4,constant:1/derived:4,assumed:3/constant:1/derived:1,assumed:3/constant:1/derived:1,assumed:3/constant:1/derived:1,assumed:3/constant:1/derived:1,constant:1/derived:4,assumed:2/constant:1/derived:1/missing:1,constant:1/derived:4,constant:1/derived:4
bus,303,constant:1/derived:4,constant:1/derived:4,constant:1/derived:4,constant:1/derived:4,assumed:3/constant:1/derived:1,assumed:3/constant:1/derived:1,constant:1/derived:4,assumed:3/constant:1/derived:1,assumed:3/constant:1/derived:1,constant:1/derived:4,assumed:3/constant:1/derived:1,constant:1/derived:4,constant:1/derived:4,constant:1/derived:4,constant:1/derived:4,constant:1/derived:4,constant:1/derived:4,assumed:3/constant:1/derived:1,assumed:3/constant:1/derived:1,assumed:3/constant:1/derived:1,assumed:3/constant:1/derived:1,constant:1/derived:4,constant:1/derived:4,assumed:2/constant:1/derived:1/missing:1,constant:1/derived:4
bus,304,constant:1/derived:4,constant:1/derived:4,constant:1/derived:4,constant:1/derived:4,assumed:3/constant:1/derived:1,assumed:3/constant:1/derived:1,constant:1/derived:4,assumed:3/constant:1/derived:1,assumed:3/constant:1/derived:1,constant:1/derived:4,assumed:3/constant:1/derived:1,constant:1/derived:4,constant:1/derived:4,constant:1/derived:4,constant:1/derived:4,constant:1/derived:4,constant:1/derived:4,assumed:3/constant:1/derived:1,assumed:3/constant:1/derived:1,assumed:3/constant:1/derived:1,assumed:3/constant:1/derived:1,constant:1/derived:4,constant:1/derived:4,constant:1/derived:4,assumed:2/constant:1/derived:1/missing:1
car,101,assumed:3/constant:2/measured:1,assumed:3/constant:2/derived:1,assumed:3/constant:2/derived:1,assumed:3/constant:2/measured:1,assumed:3/constant:2/derived:1,assumed:3/constant:2/derived:1,assumed:3/constant:2/derived:1,assumed:3/constant:2/derived:1,assumed:3/constant:2/derived:1,assumed:3/constant:2/derived:1,assumed:3/constant:2/derived:1,assumed:3/constant:2/derived:1,assumed:3/constant:2/derived:1,assumed:3/constant:2/derived:1,assumed:3/constant:2/derived:1,assumed:3/constant:2/derived:1,assumed:3/constant:2/derived:1,assumed:3/constant:2/derived:1,assumed:3/constant:2/derived:1,assumed:3/constant:2/derived:1,assumed:3/constant:2/derived:1,assumed:3/constant:2/derived:1,assumed:3/constant:2/derived:1,assumed:3/constant:2/derived:1,assumed:3/constant:2/derived:1
car,102,assumed:3/constant:2/measured:1,assumed:3/constant:2/measured:1,assumed:3/constant:2/derived:1,assumed:3/constant:2/derived:1,assumed:3/constant:2/derived:1,assumed:3/constant:2/derived:1,assumed:3/constant:2/derived:1,assumed:3/constant:2/derived:1,assumed:3/constant:2/derived:1,assumed:3/constant:2/derived:1,assumed:3/constant:2/derived:1,assumed:3/constant:2/derived:1,assumed:3/constant:2/derived:1,assumed:3/constant:2/derived:1,assumed:3/constant:2/derived:1,assumed:3/constant:2/derived:1,assumed:3/constant:2/derived:1,assumed:3/constant:2/derived:1,assumed:3/constant:2/derived:1,assumed:3/constant:2/derived:1,assumed:3/constant:2/derived:1,assumed:3/constant:2/derived:1,assumed:3/constant:2/derived:1,assumed:3/constant:2/derived:1,assumed:3/constant:2/derived:1
car,103,assumed:3/constant:2/derived:1,assumed:3/constant:2/derived:1,assumed:3/constant:2/measured:1,assumed:3/constant:2/measured:1,assumed:3/constant:2/derived:1,assumed:3/constant:2/derived:1,assumed:3/constant:2/derived:1,assumed:3/constant:2/derived:1,assumed:3/constant:2/derived:1,assumed:3/constant:2/derived:1,assumed:3/constant:2/derived:1,assumed:3/constant:2/derived:1,assumed:3/constant:2/derived:1,assumed:3/constant:2/derived:1,assumed:3/constant:2/derived:1,assumed:3/constant:2/derived:1,assumed:3/constant:2/derived:1,assumed:3/constant:2/derived:1,assumed:3/constant:2/derived:1,assumed:3/constant:2/derived:1,assumed:3/constant:2/derived:1,assumed:3/constant:2/derived:1,assumed:3/constant:2/derived:1,assumed:3/constant:2/measured:1,assumed:3/constant:2/derived:1
car,104,assumed:3/constant:2/derived:1,assumed:3/constant:2/derived:1,assumed:3/constant:2/measured:1,assumed:3/constant:2/measured:1,assumed:3/constant:2/derived:1,assumed:3/constant:2/derived:1,assumed:3/constant:2/derived:1,assumed:3/constant:2/derived:1,assumed:3/constant:2/derived:1,assumed:3/constant:2/measured:1,assumed:3/constant:2/derived:1,assumed:3/constant:2/derived:1,assumed:3/constant:2/derived:1,assumed:3/constant:2/measured:1,assumed:3/constant:2/derived:1,assumed:3/constant:2/measured:1,assumed:3/constant:2/derived:1,assumed:3/constant:2/derived:1,assumed:3/constant:2/derived:1,assumed:3/constant:2/derived:1,assumed:3/constant:2/derived:1,assumed:3/constant:2/derived:1,assumed:3/constant:2/derived:1,assumed:3/constant:2/measured:1,assumed:3/constant:2/measured:1
car,201,assumed:3/constant:2/derived:1,assumed:3/constant:2/derived:1,assumed:3/constant:2/derived:1,assumed:3/constant:2/derived:1,assumed:3/constant:2/measured:1,assumed:3/constant:2/measured:1,assumed:3/constant:2/derived:1,assumed:3/constant:2/derived:1,assumed:3/constant:2/derived:1,assumed:3/constant:2/derived:1,assumed:3/constant:2/derived:1,assumed:3/constant:2/derived:1,assumed:3/constant:2/derived:1,assumed:3/constant:2/derived:1,assumed:3/constant:2/derived:1,assumed:3/constant:2/derived:1,assumed:3/constant:2/derived:1,assumed:3/constant:2/derived:1,assumed:3/constant:2/derived:1,assumed:3/constant:2/derived:1,assumed:3/constant:2/derived:1,assumed:3/constant:2/derived:1,assumed:3/constant:2/derived:1,assumed:3/constant:2/derived:1,assumed:3/constant:2/derived:1
car,202,assumed:3/constant:2/derived:1,assumed:3/constant:2/derived:1,assumed:3/constant:2/derived:1,assumed:3/constant:2/derived:1,assumed:3/constant:2/derived:1,assumed:3/constant:2/measured:1,assumed:3/constant:2/derived:1,assumed:3/constant:2/derived:1,assumed:3/constant:2/derived:1,assumed:3/constant:2/derived:1,assumed:3/constant:2/derived:1,assumed:3/constant:2/derived:1,assumed:3/constant:2/derived:1,assumed:3/constant:2/derived:1,assumed:3/constant:2/derived:1,assumed:3/constant:2/derived:1,assumed:3/constant:2/derived:1,assumed:3/constant:2/derived:1,assumed:3/constant:2/derived:1,assumed:3/constant:2/derived:1,assumed:3/constant:2/derived:1,assumed:3/constant:2/derived:1,assumed:3/constant:2/derived:1,assumed:3/constant:2/derived:1,assumed:3/constant:2/derived:1
car,203,assumed:3/constant:2/derived:1,assumed:3/constant:2/derived:1,assumed:3/constant:2/derived:1,assumed:3/constant:2/derived:1,assumed:3/constant:2/derived:1,assumed:3/constant:2/derived:1,assumed:3/constant:2/derived:1,assumed:3/constant:2/derived:1,assumed:3/constant:2/derived:1,assumed:3/constant:2/derived:1,assumed:3/constant:2/derived:1,assumed:3/constant:2/derived:1,assumed:3/constant:2/derived:1,assumed:3/constant:2/derived:1,assumed:3/constant:2/derived:1,assumed:3/constant:2/derived:1,assumed:3/constant:2/derived:1,assumed:3/constant:2/derived:1,assumed:3/constant:2/derived:1,assumed:3/constant:2/derived:1,assumed:3/constant:2/derived:1,assumed:3/constant:2/derived:1,assumed:3/constant:2/derived:1,assumed:3/constant:2/derived:1,assumed:3/constant:2/derived:1
car,204,assumed:3/constant:2/derived:1,assumed:3/constant:2/derived:1,assumed:3/constant:2/derived:1,assumed:3/constant:2/derived:1,assumed:3/constant:2/derived:1,assumed:3/constant:2/derived:1,assumed:3/constant:2/derived:1,assumed:3/constant:2/measured:1,assumed:3/constant:2/derived:1,assumed:3/constant:2/measured:1,assumed:3/constant:2/derived:1,assumed:3/constant:2/derived:1,assumed:3/constant:2/derived:1,assumed:3/constant:2/derived:1,assumed:3/constant:2/derived:1,assumed:3/constant:2/derived:1,assumed:3/constant:2/derived:1,assumed:3/constant:2/derived:1,assumed:3/constant:2/derived:1,assumed:3/constant:2/derived:1,assumed:3/constant:2/derived:1,assumed:3/constant:2/derived:1,assumed:3/constant:2/derived:1,assumed:3/constant:2/derived:1,assumed:3/constant:2/derived:1
car,205,assumed:3/constant:2/derived:1,assumed:3/constant:2/derived:1,assumed:3/constant:2/derived:1,assumed:3/constant:2/derived:1,assumed:3/constant:2/derived:1,assumed:3/constant:2/derived:1,assumed:3/constant:2/derived:1,assumed:3/constant:2/derived:1,assumed:3/constant:2/derived:1,assumed:3/constant:2/derived:1,assumed:3/constant:2/measured:1,assumed:3/constant:2/derived:1,assumed:3/constant:2/derived:1,assumed:3/constant:2/derived:1,assumed:3/constant:2/derived:1,assumed:3/constant:2/derived:1,assumed:3/constant:2/derived:1,assumed:3/constant:2/derived:1,assumed:3/constant:2/derived:1,assumed:3/constant:2/derived:1,assumed:3/constant:2/derived:1,assumed:3/constant:2/derived:1,assumed:3/constant:2/derived:1,assumed:3/constant:2/derived:1,assumed:3/constant:2/derived:1
car,206,assumed:3/constant:2/derived:1,assumed:3/constant:2/derived:1,assumed:3/constant:2/derived:1,assumed:3/constant:2/derived:1,assumed:3/constant:2/derived:1,assumed:3/constant:2/derived:1,assumed:3/constant:2/derived:1,assumed:3/constant:2/derived:1,assumed:3/constant:2/derived:1,assumed:3/constant:2/measured:1,assumed:3/constant:2/derived:1,assumed:3/constant:2/derived:1,assumed:3/constant:2/derived:1,assumed:3/constant:2/derived:1,assumed:3/constant:2/derived:1,assumed:3/constant:2/derived:1,assumed:3/constant:2/derived:1,assumed:3/constant:2/derived:1,assumed:3/constant:2/derived:1,assumed:3/constant:2/derived:1,assumed:3/constant:2/derived:1,assumed:3/constant:2/derived:1,assumed:3/constant:2/derived:1,assumed:3/constant:2/derived:1,assumed:3/constant:2/derived:1
car,207,assumed:3/constant:2/derived:1,assumed:3/constant:2/derived:1,assumed:3/constant:2/derived:1,assumed:3/constant:2/derived:1,assumed:3/constant:2/derived:1,assumed:3/constant:2/derived:1,assumed:3/constant:2/derived:1,assumed:3/constant:2/derived:1,assumed:3/constant:2/derived:1,assumed:3/constant:2/measured:1,assumed:3/constant:2/measured:1,assumed:3/constant:2/derived:1,assumed:3/constant:2/derived:1,assumed:3/constant:2/derived:1,assumed:3/constant:2/derived:1,assumed:3/constant:2/derived:1,assumed:3/constant:2/derived:1,assumed:3/constant:2/derived:1,assumed:3/constant:2/derived:1,assumed:3/constant:2/derived:1,assumed:3/constant:2/derived:1,assumed:3/constant:2/derived:1,assumed:3/constant:2/derived:1,assumed:3/constant:2/derived:1,assumed:3/constant:2/derived:1
car,208,assumed:3/constant:2/derived:1,assumed:3/constant:2/derived:1,assumed:3/constant:2/derived:1,assumed:3/constant:2/derived:1,assumed:3/constant:2/derived:1,assumed:3/constant:2/derived:1,assumed:3/constant:2/derived:1,assumed:3/constant:2/derived:1,assumed:3/constant:2/derived:1,assumed:3/constant:2/derived:1,assumed:3/constant:2/derived:1,assumed:3/constant:2/derived:1,assumed:3/constant:2/derived:1,assumed:3/constant:2/derived:1,assumed:3/constant:2/derived:1,assumed:3/constant:2/derived:1,assumed:3/constant:2/derived:1,assumed:3/constant:2/derived:1,assumed:3/constant:2/derived:1,assumed:3/constant:2/derived:1,assumed:3/constant:2/derived:1,assumed:3/constant:2/derived:1,assumed:3/constant:2/derived:1,assumed:3/constant:2/derived:1,assumed:3/constant:2/derived:1
car,209,assumed:3/constant:2/derived:1,assumed:3/constant:2/derived:1,assumed:3/constant:2/derived:1,assumed:3/constant:2/derived:1,assumed:3/constant:2/derived:1,assumed:3/constant:2/derived:1,assumed:3/constant:2/derived:1,assumed:3/constant:2/derived:1,assumed:3/constant:2/derived:1,assumed:3/constant:2/derived:1,assumed:3/constant:2/derived:1,assumed:3/constant:2/derived:1,assumed:3/constant:2/derived:1,assumed:3/constant:2/derived:1,assumed:3/constant:2/derived:1,assumed:3/constant:2/derived:1,assumed:3/constant:2/derived:1,assumed:3/constant:2/derived:1,assumed:3/constant:2/derived:1,assumed:3/constant:2/derived:1,assumed:3/constant:2/derived:1,assumed:3/constant:2/derived:1,assumed:3/constant:2/derived:1,assumed:3/constant:2/derived:1,assumed:3/constant:2/derived:1
car,210,assumed:3/constant:2/derived:1,assumed:3/constant:2/derived:1,assumed:3/constant:2/derived:1,assumed:3/constant:2/derived:1,assumed:3/constant:2/derived:1,assumed:3/constant:2/derived:1,assumed:3/constant:2/derived:1,assumed:3/constant:2/derived:1,assumed:3/constant:2/derived:1,assumed:3/constant:2/derived:1,assumed:3/constant:2/derived:1,assumed:3/constant:2/derived:1,assumed:3/constant:2/derived:1,assumed:3/constant:2/derived:1,assumed:3/constant:2/derived:1,assumed:3/constant:2/derived:1,assumed:3/constant:2/derived:1,assumed:3/constant:2/derived:1,assumed:3/constant:2/derived:1,assumed:3/constant:2/derived:1,assumed:3/constant:2/derived:1,assumed:3/constant:2/derived:1,assumed:3/constant:2/derived:1,assumed:3/constant:2/derived:1,assumed:3/constant:2/derived:1
car,211,assumed:3/constant:2/derived:1,assumed:3/constant:2/derived:1,assumed:3/constant:2/derived:1,assumed:3/constant:2/derived:1,assumed:3/constant:2/derived:1,assumed:3/constant:2/derived:1,assumed:3/constant:2/derived:1,assumed:3/constant:2/derived:1,assumed:3/constant:2/derived:1,assumed:3/constant:2/derived:1,assumed:3/constant:2/derived:1,assumed:3/constant:2/derived:1,assumed:3/constant:2/derived:1,assumed:3/constant:2/derived:1,assumed:3/constant:2/derived:1,assumed:3/constant:2/derived:1,assumed:3/constant:2/derived:1,assumed:3/constant:2/derived:1,assumed:3/constant:2/derived:1,assumed:3/constant:2/derived:1,assumed:3/constant:2/derived:1,assumed:3/constant:2/derived:1,assumed:3/constant:2/derived:1,assumed:3/constant:2/derived:1,assumed:3/constant:2/derived:1
car,212,assumed:3/constant:2/derived:1,assumed:3/constant:2/derived:1,assumed:3/constant:2/derived:1,assumed:3/constant:2/derived:1,assumed:3/constant:2/derived:1,assumed:3/constant:2/derived:1,assumed:3/constant:2/derived:1,assumed:3/constant:2/derived:1,assumed:3/constant:2/derived:1,assumed:3/constant:2/derived:1,assumed:3/constant:2/derived:1,assumed:3/constant:2/derived:1,assumed:3/constant:2/derived:1,assumed:3/constant:2/derived:1,assumed:3/constant:2/derived:1,assumed:3/constant:2/derived:1,assumed:3/constant:2/derived:1,assumed:3/constant:2/derived:1,assumed:3/constant:2/derived:1,assumed:3/constant:2/derived:1,assumed:3/constant:2/derived:1,assumed:3/constant:2/derived:1,assumed:3/constant:2/derived:1,assumed:3/constant:2/derived:1,assumed:3/constant:2/derived:1
car,213,assumed:3/constant:2/derived:1,assumed:3/constant:2/derived:1,assumed:3/constant:2/derived:1,assumed:3/constant:2/derived:1,assumed:3/constant:2/derived:1,assumed:3/constant:2/derived:1,assumed:3/constant:2/derived:1,assumed:3/constant:2/derived:1,assumed:3/constant:2/derived:1,assumed:3/constant:2/derived:1,assumed:3/constant:2/derived:1,assumed:3/constant:2/derived:1,assumed:3/constant:2/derived:1,assumed:3/constant:2/derived:1,assumed:3/constant:2/derived:1,assumed:3/constant:2/derived:1,assumed:3/constant:2/derived:1,assumed:3/constant:2/derived:1,assumed:3/constant:2/derived:1,assumed:3/constant:2/derived:1,assumed:3/constant:2/derived:1,assumed:3/constant:2/derived:1,assumed:3/constant:2/derived:1,assumed:3/constant:2/derived:1,assumed:3/constant:2/derived:1
car,214,assumed:3/constant:2/derived:1,assumed:3/constant:2/derived:1,assumed:3/constant:2/derived:1,assumed:3/constant:2/derived:1,assumed:3/constant:2/derived:1,assumed:3/constant:2/derived:1,assumed:3/constant:2/derived:1,assumed:3/constant:2/derived:1,assumed:3/constant:2/derived:1,assumed:3/constant:2/derived:1,assumed:3/constant:2/derived:1,assumed:3/constant:2/derived:1,assumed:3/constant:2/derived:1,assumed:3/constant:2/derived:1,assumed:3/constant:2/derived:1,assumed:3/constant:2/derived:1,assumed:3/constant:2/derived:1,assumed:3/constant:2/measured:1,assumed:3/constant:2/derived:1,assumed:3/constant:2/derived:1,assumed:3/constant:2/derived:1,assumed:3/constant:2/derived:1,assumed:3/constant:2/derived:1,assumed:3/constant:2/derived:1,assumed:3/constant:2/derived:1
car,215,assumed:3/constant:2/derived:1,assumed:3/constant:2/derived:1,assumed:3/constant:2/derived:1,assumed:3/constant:2/derived:1,assumed:3/constant:2/derived:1,assumed:3/constant:2/derived:1,assumed:3/constant:2/derived:1,assumed:3/constant:2/derived:1,assumed:3/constant:2/derived:1,assumed:3/constant:2/derived:1,assumed:3/constant:2/derived:1,assumed:3/constant:2/derived:1,assumed:3/constant:2/derived:1,assumed:3/constant:2/measured:1,assumed:3/constant:2/derived:1,assumed:3/constant:2/derived:1,assumed:3/constant:2/derived:1,assumed:3/constant:2/derived:1,assumed:3/constant:2/measured:1,assumed:3/constant:2/derived:1,assumed:3/constant:2/derived:1,assumed:3/constant:2/derived:1,assumed:3/constant:2/derived:1,assumed:3/constant:2/derived:1,assumed:3/constant:2/derived:1
car,216,assumed:3/constant:2/derived:1,assumed:3/constant:2/derived:1,assumed:3/constant:2/derived:1,assumed:3/constant:2/derived:1,assumed:3/constant:2/derived:1,assumed:3/constant:2/derived:1,assumed:3/constant:2/derived:1,assumed:3/constant:2/derived:1,assumed:3/constant:2/derived:1,assumed:3/constant:2/derived:1,assumed:3/constant:2/derived:1,assumed:3/constant:2/derived:1,assumed:3/constant:2/derived:1,assumed:3/constant:2/derived:1,assumed:3/constant:2/derived:1,assumed:3/constant:2/derived:1,assumed:3/constant:2/derived:1,assumed:3/constant:2/derived:1,assumed:3/constant:2/measured:1,assumed:3/constant:2/measured:1,assumed:3/constant:2/derived:1,assumed:3/constant:2/derived:1,assumed:3/constant:2/derived:1,assumed:3/constant:2/derived:1,assumed:3/constant:2/derived:1
car,217,assumed:3/constant:2/derived:1,assumed:3/constant:2/derived:1,assumed:3/constant:2/derived:1,assumed:3/constant:2/derived:1,assumed:3/constant:2/derived:1,assumed:3/constant:2/derived:1,assumed:3/constant:2/derived:1,assumed:3/constant:2/derived:1,assumed:3/constant:2/derived:1,assumed:3/constant:2/derived:1,assumed:3/constant:2/derived:1,assumed:3/constant:2/derived:1,assumed:3/constant:2/derived:1,assumed:3/constant:2/derived:1,assumed:3/constant:2/derived:1,assumed:3/constant:2/derived:1,assumed:3/constant:2/derived:1,assumed:3/constant:2/derived:1,assumed:3/constant:2/derived:1,assumed:3/constant:2/derived:1,assumed:3/constant:2/measured:1,assumed:3/constant:2/derived:1,assumed:3/constant:2/derived:1,assumed:3/constant:2/derived:1,assumed:3/constant:2/derived:1
car,301,assumed:3/constant:2/derived:1,assumed:3/constant:2/derived:1,assumed:3/constant:2/derived:1,assumed:3/constant:2/derived:1,assumed:3/constant:2/derived:1,assumed:3/constant:2/derived:1,assumed:3/constant:2/derived:1,assumed:3/constant:2/derived:1,assumed:3/constant:2/derived:1,assumed:3/constant:2/derived:1,assumed:3/constant:2/derived:1,assumed:3/constant:2/derived:1,assumed:3/constant:2/derived:1,assumed:3/constant:2/derived:1,assumed:3/constant:2/derived:1,assumed:3/constant:2/derived:1,assumed:3/constant:2/derived:1,assumed:3/constant:2/derived:1,assumed:3/constant:2/derived:1,assumed:3/constant:2/derived:1,assumed:3/constant:2/derived:1,assumed:3/constant:2/derived:1,assumed:3/constant:2/derived:1,assumed:3/constant:2/derived:1,assumed:3/constant:2/derived:1
car,302,assumed:3/constant:2/derived:1,assumed:3/constant:2/derived:1,assumed:3/constant:2/derived:1,assumed:3/constant:2/derived:1,assumed:3/constant:2/derived:1,assumed:3/constant:2/derived:1,assumed:3/constant:2/derived:1,assumed:3/constant:2/derived:1,assumed:3/constant:2/derived:1,assumed:3/constant:2/derived:1,assumed:3/constant:2/derived:1,assumed:3/constant:2/derived:1,assumed:3/constant:2/derived:1,assumed:3/constant:2/derived:1,assumed:3/constant:2/derived:1,assumed:3/constant:2/derived:1,assumed:3/constant:2/derived:1,assumed:3/constant:2/derived:1,assumed:3/constant:2/derived:1,assumed:3/constant:2/derived:1,assumed:3/constant:2/derived:1,assumed:3/constant:2/derived:1,assumed:3/constant:2/derived:1,assumed:3/constant:2/derived:1,assumed:3/constant:2/derived:1
car,303,assumed:3/constant:2/derived:1,assumed:3/constant:2/derived:1,assumed:3/constant:2/measured:1,assumed:3/constant:2/measured:1,assumed:3/constant:2/derived:1,assumed:3/constant:2/derived:1,assumed:3/constant:2/derived:1,assumed:3/constant:2/derived:1,assumed:3/constant:2/derived:1,assumed:3/constant:2/derived:1,assumed:3/constant:2/derived:1,assumed:3/constant:2/derived:1,assumed:3/constant:2/derived:1,assumed:3/constant:2/derived:1,assumed:3/constant:2/derived:1,assumed:3/constant:2/derived:1,assumed:3/constant:2/derived:1,assumed:3/constant:2/derived:1,assumed:3/constant:2/derived:1,assumed:3/constant:2/derived:1,assumed:3/constant:2/derived:1,assumed:3/constant:2/derived:1,assumed:3/constant:2/derived:1,assumed:3/constant:2/measured:1,assumed:3/constant:2/derived:1
car,304,assumed:3/constant:2/derived:1,assumed:3/constant:2/derived:1,assumed:3/constant:2/derived:1,assumed:3/constant:2/measured:1,assumed:3/constant:2/derived:1,assumed:3/constant:2/derived:1,assumed:3/constant:2/derived:1,assumed:3/constant:2/derived:1,assumed:3/constant:2/derived:1,assumed:3/constant:2/derived:1,assumed:3/constant:2/derived:1,assumed:3/constant:2/derived:1,assumed:3/constant:2/derived:1,assumed:3/constant:2/derived:1,assumed:3/constant:2/derived:1,assumed:3/constant:2/derived:1,assumed:3/constant:2/derived:1,assumed:3/constant:2/derived:1,assumed:3/constant:2/derived:1,assumed:3/constant:2/derived:1,assumed:3/constant:2/derived:1,assumed:3/constant:2/derived:1,assumed:3/constant:2/derived:1,assumed:3/constant:2/measured:1,assumed:3/constant:2/measured:1
lrt_all_ground,101,constant:1/missing:4,constant:1/missing:4,constant:1/missing:4,constant:1/missing:4,constant:1/missing:4,constant:1/missing:4,constant:1/missing:4,constant:1/missing:4,constant:1/missing:4,constant:1/missing:4,constant:1/missing:4,constant:1/missing:4,constant:1/missing:4,constant:1/missing:4,constant:1/missing:4,constant:1/missing:4,constant:1/missing:4,constant:1/missing:4,constant:1/missing:4,constant:1/missing:4,constant:1/missing:4,constant:1/missing:4,constant:1/missing:4,constant:1/missing:4,constant:1/missing:4
lrt_all_ground,102,constant:1/missing:4,constant:1/missing:4,constant:1/missing:4,constant:1/missing:4,constant:1/missing:4,constant:1/missing:4,constant:1/missing:4,constant:1/missing:4,constant:1/missing:4,constant:1/missing:4,constant:1/missing:4,constant:1/missing:4,constant:1/missing:4,constant:1/missing:4,constant:1/missing:4,constant:1/missing:4,constant:1/missing:4,constant:1/missing:4,constant:1/missing:4,constant:1/missing:4,constant:1/missing:4,constant:1/missing:4,constant:1/missing:4,constant:1/missing:4,constant:1/missing:4
lrt_all_ground,103,constant:1/missing:4,constant:1/missing:4,constant:1/missing:4,constant:1/missing:4,constant:1/missing:4,constant:1/missing:4,constant:1/missing:4,constant:1/missing:4,constant:1/missing:4,constant:1/missing:4,constant:1/missing:4,constant:1/missing:4,constant:1/missing:4,constant:1/missing:4,constant:1/missing:4,constant:1/missing:4,constant:1/missing:4,constant:1/missing:4,constant:1/missing:4,constant:1/missing:4,constant:1/missing:4,constant:1/missing:4,constant:1/missing:4,constant:1/missing:4,constant:1/missing:4
lrt_all_ground,104,constant:1/missing:4,constant:1/missing:4,constant:1/missing:4,constant:1/missing:4,constant:1/missing:4,constant:1/missing:4,constant:1/missing:4,constant:1/missing:4,constant:1/missing:4,constant:1/missing:4,constant:1/missing:4,constant:1/missing:4,constant:1/missing:4,constant:1/missing:4,constant:1/missing:4,constant:1/missing:4,constant:1/missing:4,constant:1/missing:4,constant:1/missing:4,constant:1/missing:4,constant:1/missing:4,constant:1/missing:4,constant:1/missing:4,constant:1/missing:4,constant:1/missing:4
lrt_all_ground,201,constant:1/missing:4,constant:1/missing:4,constant:1/missing:4,constant:1/missing:4,assumed:2/constant:1/derived:2,assumed:2/constant:1/derived:2,assumed:2/constant:1/derived:2,assumed:2/constant:1/derived:2,assumed:2/constant:1/derived:2,assumed:2/constant:1/derived:2,assumed:2/constant:1/derived:2,assumed:2/constant:1/derived:2,assumed:2/constant:1/derived:2,assumed:2/constant:1/derived:2,constant:1/missing:4,constant:1/missing:4,constant:1/missing:4,constant:1/missing:4,constant:1/missing:4,constant:1/missing:4,constant:1/missing:4,constant:1/missing:4,constant:1/missing:4,constant:1/missing:4,constant:1/missing:4
lrt_all_ground,202,constant:1/missing:4,constant:1/missing:4,constant:1/missing:4,constant:1/missing:4,assumed:2/constant:1/derived:2,assumed:2/constant:1/derived:2,assumed:2/constant:1/derived:2,assumed:2/constant:1/derived:2,assumed:2/constant:1/derived:2,assumed:2/constant:1/derived:2,assumed:2/constant:1/derived:2,assumed:2/constant:1/derived:2,assumed:2/constant:1/derived:2,assumed:2/constant:1/derived:2,constant:1/missing:4,constant:1/missing:4,constant:1/missing:4,constant:1/missing:4,constant:1/missing:4,constant:1/missing:4,constant:1/missing:4,constant:1/missing:4,constant:1/missing:4,constant:1/missing:4,constant:1/missing:4
lrt_all_ground,203,constant:1/missing:4,constant:1/missing:4,constant:1/missing:4,constant:1/missing:4,assumed:2/constant:1/derived:2,assumed:2/constant:1/derived:2,assumed:2/constant:1/derived:2,assumed:2/constant:1/derived:2,assumed:2/constant:1/derived:2,assumed:2/constant:1/derived:2,assumed:2/constant:1/derived:2,assumed:2/constant:1/derived:2,assumed:2/constant:1/derived:2,assumed:2/constant:1/derived:2,constant:1/missing:4,constant:1/missing:4,constant:1/missing:4,constant:1/missing:4,constant:1/missing:4,constant:1/missing:4,constant:1/missing:4,constant:1/missing:4,constant:1/missing:4,constant:1/missing:4,constant:1/missing:4
lrt_all_ground,204,constant:1/missing:4,constant:1/missing:4,constant:1/missing:4,constant:1/missing:4,assumed:2/constant:1/derived:2,assumed:2/constant:1/derived:2,assumed:2/constant:1/derived:2,assumed:2/constant:1/derived:2,assumed:2/constant:1/derived:2,assumed:2/constant:1/derived:2,assumed:2/constant:1/derived:2,assumed:2/constant:1/derived:2,assumed:2/constant:1/derived:2,assumed:2/constant:1/derived:2,constant:1/missing:4,constant:1/missing:4,constant:1/missing:4,constant:1/missing:4,constant:1/missing:4,constant:1/missing:4,constant:1/missing:4,constant:1/missing:4,constant:1/missing:4,constant:1/missing:4,constant:1/missing:4
lrt_all_ground,205,constant:1/missing:4,constant:1/missing:4,constant:1/missing:4,constant:1/missing:4,assumed:2/constant:1/derived:2,assumed:2/constant:1/derived:2,assumed:2/constant:1/derived:2,assumed:2/constant:1/derived:2,assumed:2/constant:1/derived:2,assumed:2/constant:1/derived:2,assumed:2/constant:1/derived:2,assumed:2/constant:1/derived:2,assumed:2/constant:1/derived:2,assumed:2/constant:1/derived:2,constant:1/missing:4,constant:1/missing:4,constant:1/missing:4,constant:1/missing:4,constant:1/missing:4,constant:1/missing:4,constant:1/missing:4,constant:1/missing:4,constant:1/missing:4,constant:1/missing:4,constant:1/missing:4
lrt_all_ground,206,constant:1/missing:4,constant:1/missing:4,constant:1/missing:4,constant:1/missing:4,assumed:2/constant:1/derived:2,assumed:2/constant:1/derived:2,assumed:2/constant:1/derived:2,assumed:2/constant:1/derived:2,assumed:2/constant:1/derived:2,assumed:2/constant:1/derived:2,assumed:2/constant:1/derived:2,assumed:2/constant:1/derived:2,assumed:2/constant:1/derived:2,assumed:2/constant:1/derived:2,constant:1/missing:4,constant:1/missing:4,constant:1/missing:4,constant:1/missing:4,constant:1/missing:4,constant:1/missing:4,constant:1/missing:4,constant:1/missing:4,constant:1/missing:4,constant:1/missing:4,constant:1/missing:4
lrt_all_ground,207,constant:1/missing:4,constant:1/missing:4,constant:1/missing:4,constant:1/missing:4,assumed:2/constant:1/derived:2,assumed:2/constant:1/derived:2,assumed:2/constant:1/derived:2,assumed:2/constant:1/derived:2,assumed:2/constant:1/derived:2,assumed:2/constant:1/derived:2,assumed:2/constant:1/derived:2,assumed:2/constant:1/derived:2,assumed:2/constant:1/derived:2,assumed:2/constant:1/derived:2,constant:1/missing:4,constant:1/missing:4,constant:1/missing:4,constant:1/missing:4,constant:1/missing:4,constant:1/missing:4,constant:1/missing:4,constant:1/missing:4,constant:1/missing:4,constant:1/missing:4,constant:1/missing:4
lrt_all_ground,208,constant:1/missing:4,constant:1/missing:4,constant:1/missing:4,constant:1/missing:4,assumed:2/constant:1/derived:2,assumed:2/constant:1/derived:2,assumed:2/constant:1/derived:2,assumed:2/constant:1/derived:2,assumed:2/constant:1/derived:2,assumed:2/constant:1/derived:2,assumed:2/constant:1/derived:2,assumed:2/constant:1/derived:2,assumed:2/constant:1/derived:2,assumed:2/constant:1/derived:2,constant:1/missing:4,constant:1/missing:4,constant:1/missing:4,constant:1/missing:4,constant:1/missing:4,constant:1/missing:4,constant:1/missing:4,constant:1/missing:4,constant:1/missing:4,constant:1/missing:4,constant:1/missing:4
lrt_all_ground,209,constant:1/missing:4,constant:1/missing:4,constant:1/missing:4,constant:1/missing:4,assumed:2/constant:1/derived:2,assumed:2/constant:1/derived:2,assumed:2/constant:1/derived:2,assumed:2/constant:1/derived:2,assumed:2/constant:1/derived:2,assumed:2/constant:1/derived:2,assumed:2/constant:1/derived:2,assumed:2/constant:1/derived:2,assumed:2/constant:1/derived:2,assumed:2/constant:1/derived:2,constant:1/missing:4,constant:1/missing:4,constant:1/missing:4,constant:1/missing:4,constant:1/missing:4,constant:1/missing:4,constant:1/missing:4,constant:1/missing:4,constant:1/missing:4,constant:1/missing:4,constant:1/missing:4
lrt_all_ground,210,constant:1/missing:4,constant:1/missing:4,constant:1/missing:4,constant:1/missing:4,assumed:2/constant:1/derived:2,assumed:2/constant:1/derived:2,assumed:2/constant:1/derived:2,assumed:2/constant:1/derived:2,assumed:2/constant:1/derived:2,assumed:2/constant:1/derived:2,assumed:2/constant:1/derived:2,assumed:2/constant:1/derived:2,assumed:2/constant:1/derived:2,assumed:2/constant:1/derived:2,constant:1/missing:4,constant:1/missing:4,constant:1/missing:4,constant:1/missing:4,constant:1/missing:4,constant:1/missing:4,constant:1/missing:4,constant:1/missing:4,constant:1/missing:4,constant:1/missing:4,constant:1/missing:4
lrt_all_ground,211,constant:1/missing:4,constant:1/missing:4,constant:1/missing:4,constant:1/missing:4,constant:1/missing:4,constant:1/missing:4,constant:1/missing:4,constant:1/missing:4,constant:1/missing:4,constant:1/missing:4,constant:1/missing:4,constant:1/missing:4,constant:1/missing:4,constant:1/missing:4,constant:1/missing:4,constant:1/missing:4,constant:1/missing:4,constant:1/missing:4,constant:1/missing:4,constant:1/missing:4,constant:1/missing:4,constant:1/missing:4,constant:1/missing:4,constant:1/missing:4,constant:1/missing:4
lrt_all_ground,212,constant:1/missing:4,constant:1/missing:4,constant:1/missing:4,constant:1/missing:4,constant:1/missing:4,constant:1/missing:4,constant:1/missing:4,constant:1/missing:4,constant:1/missing:4,constant:1/missing:4,constant:1/missing:4,constant:1/missing:4,constant:1/missing:4,constant:1/missing:4,constant:1/missing:4,constant:1/missing:4,constant:1/missing:4,constant:1/missing:4,constant:1/missing:4,constant:1/missing:4,constant:1/missing:4,constant:1/missing:4,constant:1/missing:4,constant:1/missing:4,constant:1/missing:4
lrt_all_ground,213,constant:1/missing:4,constant:1/missing:4,constant:1/missing:4,constant:1/missing:4,constant:1/missing:4,constant:1/missing:4,constant:1/missing:4,constant:1/missing:4,constant:1/missing:4,constant:1/missing:4,constant:1/missing:4,constant:1/missing:4,constant:1/missing:4,constant:1/missing:4,constant:1/missing:4,constant:1/missing:4,constant:1/missing:4,constant:1/missing:4,constant:1/missing:4,constant:1/missing:4,constant:1/missing:4,constant:1/missing:4,constant:1/missing:4,constant:1/missing:4,constant:1/missing:4
lrt_all_ground,214,constant:1/missing:4,constant:1/missing:4,constant:1/missing:4,constant:1/missing:4,constant:1/missing:4,constant:1/missing:4,constant:1/missing:4,constant:1/missing:4,constant:1/missing:4,constant:1/missing:4,constant:1/missing:4,constant:1/missing:4,constant:1/missing:4,constant:1/missing:4,constant:1/missing:4,constant:1/missing:4,constant:1/missing:4,constant:1/missing:4,constant:1/missing:4,constant:1/missing:4,constant:1/missing:4,constant:1/missing:4,constant:1/missing:4,constant:1/missing:4,constant:1/missing:4
lrt_all_ground,215,constant:1/missing:4,constant:1/missing:4,constant:1/missing:4,constant:1/missing:4,constant:1/missing:4,constant:1/missing:4,constant:1/missing:4,constant:1/missing:4,constant:1/missing:4,constant:1/missing:4,constant:1/missing:4,constant:1/missing:4,constant:1/missing:4,constant:1/missing:4,constant:1/missing:4,constant:1/missing:4,constant:1/missing:4,constant:1/missing:4,constant:1/missing:4,constant:1/missing:4,constant:1/missing:4,constant:1/missing:4,constant:1/missing:4,constant:1/missing:4,constant:1/missing:4
lrt_all_ground,216,constant:1/missing:4,constant:1/missing:4,constant:1/missing:4,constant:1/missing:4,constant:1/missing:4,constant:1/missing:4,constant:1/missing:4,constant:1/missing:4,constant:1/missing:4,constant:1/missing:4,constant:1/missing:4,constant:1/missing:4,constant:1/missing:4,constant:1/missing:4,constant:1/missing:4,constant:1/missing:4,constant:1/missing:4,constant:1/missing:4,constant:1/missing:4,constant:1/missing:4,constant:1/missing:4,constant:1/missing:4,constant:1/missing:4,constant:1/missing:4,constant:1/missing:4
lrt_all_ground,217,constant:1/missing:4,constant:1/missing:4,constant:1/missing:4,constant:1/missing:4,constant:1/missing:4,constant:1/missing:4,constant:1/missing:4,constant:1/missing:4,constant:1/missing:4,constant:1/missing:4,constant:1/missing:4,constant:1/missing:4,constant:1/missing:4,constant:1/missing:4,constant:1/missing:4,constant:1/missing:4,constant:1/missing:4,constant:1/missing:4,constant:1/missing:4,constant:1/missing:4,constant:1/missing:4,constant:1/missing:4,constant:1/missing:4,constant:1/missing:4,constant:1/missing:4
lrt_all_ground,301,constant:1/missing:4,constant:1/missing:4,constant:1/missing:4,constant:1/missing:4,constant:1/missing:4,constant:1/missing:4,constant:1/missing:4,constant:1/missing:4,constant:1/missing:4,constant:1/missing:4,constant:1/missing:4,constant:1/missing:4,constant:1/missing:4,constant:1/missing:4,constant:1/missing:4,constant:1/missing:4,constant:1/missing:4,constant:1/missing:4,constant:1/missing:4,constant:1/missing:4,constant:1/missing:4,constant:1/missing:4,constant:1/missing:4,constant:1/missing:4,constant:1/missing:4
lrt_all_ground,302,constant:1/missing:4,constant:1/missing:4,constant:1/missing:4,constant:1/missing:4,constant:1/missing:4,constant:1/missing:4,constant:1/missing:4,constant:1/missing:4,constant:1/missing:4,constant:1/missing:4,constant:1/missing:4,constant:1/missing:4,constant:1/missing:4,constant:1/missing:4,constant:1/missing:4,constant:1/missing:4,constant:1/missing:4,constant:1/missing:4,constant:1/missing:4,constant:1/missing:4,constant:1/missing:4,constant:1/missing:4,constant:1/missing:4,constant:1/missing:4,constant:1/missing:4
lrt_all_ground,303,constant:1/missing:4,constant:1/missing:4,constant:1/missing:4,constant:1/missing:4,constant:1/missing:4,constant:1/missing:4,constant:1/missing:4,constant:1/missing:4,constant:1/missing:4,constant:1/missing:4,constant:1/missing:4,constant:1/missing:4,constant:1/missing:4,constant:1/missing:4,constant:1/missing:4,constant:1/missing:4,constant:1/missing:4,constant:1/missing:4,constant:1/missing:4,constant:1/missing:4,constant:1/missing:4,constant:1/missing:4,constant:1/missing:4,constant:1/missing:4,constant:1/missing:4
lrt_all_ground,304,constant:1/missing:4,constant:1/missing:4,constant:1/missing:4,constant:1/missing:4,constant:1/missing:4,constant:1/missing:4,constant:1/missing:4,constant:1/missing:4,constant:1/missing:4,constant:1/missing:4,constant:1/missing:4,constant:1/missing:4,constant:1/missing:4,constant:1/missing:4,constant:1/missing:4,constant:1/missing:4,constant:1/missing:4,constant:1/missing:4,constant:1/missing:4,constant:1/missing:4,constant:1/missing:4,constant:1/missing:4,constant:1/missing:4,constant:1/missing:4,constant:1/missing:4
lrt_all_underground,101,constant:1/missing:4,constant:1/missing:4,constant:1/missing:4,constant:1/missing:4,constant:1/missing:4,constant:1/missing:4,constant:1/missing:4,constant:1/missing:4,constant:1/missing:4,constant:1/missing:4,constant:1/missing:4,constant:1/missing:4,constant:1/missing:4,constant:1/missing:4,constant:1/missing:4,constant:1/missing:4,constant:1/missing:4,constant:1/missing:4,constant:1/missing:4,constant:1/missing:4,constant:1/missing:4,constant:1/missing:4,constant:1/missing:4,constant:1/missing:4,constant:1/missing:4
lrt_all_underground,102,constant:1/missing:4,constant:1/missing:4,constant:1/missing:4,constant:1/missing:4,constant:1/missing:4,constant:1/missing:4,constant:1/missing:4,constant:1/missing:4,constant:1/missing:4,constant:1/missing:4,constant:1/missing:4,constant:1/missing:4,constant:1/missing:4,constant:1/missing:4,constant:1/missing:4,constant:1/missing:4,constant:1/missing:4,constant:1/missing:4,constant:1/missing:4,constant:1/missing:4,constant:1/missing:4,constant:1/missing:4,constant:1/missing:4,constant:1/missing:4,constant:1/missing:4
lrt_all_underground,103,constant:1/missing:4,constant:1/missing:4,constant:1/missing:4,constant:1/missing:4,constant:1/missing:4,constant:1/missing:4,constant:1/missing:4,constant:1/missing:4,constant:1/missing:4,constant:1/missing:4,constant:1/missing:4,constant:1/missing:4,constant:1/missing:4,constant:1/missing:4,constant:1/missing:4,constant:1/missing:4,constant:1/missing:4,constant:1/missing:4,constant:1/missing:4,constant:1/missing:4,constant:1/missing:4,constant:1/missing:4,constant:1/missing:4,constant:1/missing:4,constant:1/missing:4
lrt_all_underground,104,constant:1/missing:4,constant:1/missing:4,constant:1/missing:4,constant:1/missing:4,constant:1/missing:4,constant:1/missing:4,constant:1/missing:4,constant:1/missing:4,constant:1/missing:4,constant:1/missing:4,constant:1/missing:4,constant:1/missing:4,constant:1/missing:4,constant:1/missing:4,constant:1/missing:4,constant:1/missing:4,constant:1/missing:4,constant:1/missing:4,constant:1/missing:4,constant:1/missing:4,constant:1/missing:4,constant:1/missing:4,constant:1/missing:4,constant:1/missing:4,constant:1/missing:4
lrt_all_underground,201,constant:1/missing:4,constant:1/missing:4,constant:1/missing:4,constant:1/missing:4,assumed:2/constant:1/derived:2,assumed:2/constant:1/derived:2,assumed:2/constant:1/derived:2,assumed:2/constant:1/derived:2,assumed:2/constant:1/derived:2,assumed:2/constant:1/derived:2,assumed:2/constant:1/derived:2,assumed:2/constant:1/derived:2,assumed:2/constant:1/derived:2,assumed:2/constant:1/derived:2,constant:1/missing:4,constant:1/missing:4,constant:1/missing:4,constant:1/missing:4,constant:1/missing:4,constant:1/missing:4,constant:1/missing:4,constant:1/missing:4,constant:1/missing:4,constant:1/missing:4,constant:1/missing:4
lrt_all_underground,202,constant:1/missing:4,constant:1/missing:4,constant:1/missing:4,constant:1/missing:4,assumed:2/constant:1/derived:2,assumed:2/constant:1/derived:2,assumed:2/constant:1/derived:2,assumed:2/constant:1/derived:2,assumed:2/constant:1/derived:2,assumed:2/constant:1/derived:2,assumed:2/constant:1/derived:2,assumed:2/constant:1/derived:2,assumed:2/constant:1/derived:2,assumed:2/constant:1/derived:2,constant:1/missing:4,constant:1/missing:4,constant:1/missing:4,constant:1/missing:4,constant:1/missing:4,constant:1/missing:4,constant:1/missing:4,constant:1/missing:4,constant:1/missing:4,constant:1/missing:4,constant:1/missing:4
lrt_all_underground,203,constant:1/missing:4,constant:1/missing:4,constant:1/missing:4,constant:1/missing:4,assumed:2/constant:1/derived:2,assumed:2/constant:1/derived:2,assumed:2/constant:1/derived:2,assumed:2/constant:1/derived:2,assumed:2/constant:1/derived:2,assumed:2/constant:1/derived:2,assumed:2/constant:1/derived:2,assumed:2/constant:1/derived:2,assumed:2/constant:1/derived:2,assumed:2/constant:1/derived:2,constant:1/missing:4,constant:1/missing:4,constant:1/missing:4,constant:1/missing:4,constant:1/missing:4,constant:1/missing:4,constant:1/missing:4,constant:1/missing:4,constant:1/missing:4,constant:1/missing:4,constant:1/missing:4
lrt_all_underground,204,constant:1/missing:4,constant:1/missing:4,constant:1/missing:4,constant:1/missing:4,assumed:2/constant:1/derived:2,assumed:2/constant:1/derived:2,assumed:2/constant:1/derived:2,assumed:2/constant:1/derived:2,assumed:2/constant:1/derived:2,assumed:2/constant:1/derived:2,assumed:2/constant:1/derived:2,assumed:2/constant:1/derived:2,assumed:2/constant:1/derived:2,assumed:2/constant:1/derived:2,constant:1/missing:4,constant:1/missing:4,constant:1/missing:4,constant:1/missing:4,constant:1/missing:4,constant:1/missing:4,constant:1/missing:4,constant:1/missing:4,constant:1/missing:4,constant:1/missing:4,constant:1/missing:4
lrt_all_underground,205,constant:1/missing:4,constant:1/missing:4,constant:1/missing:4,constant:1/missing:4,assumed:2/constant:1/derived:2,assumed:2/constant:1/derived:2,assumed:2/constant:1/derived:2,assumed:2/constant:1/derived:2,assumed:2/constant:1/derived:2,assumed:2/constant:1/derived:2,assumed:2/constant:1/derived:2,assumed:2/constant:1/derived:2,assumed:2/constant:1/derived:2,assumed:2/constant:1/derived:2,constant:1/missing:4,constant:1/missing:4,constant:1/missing:4,constant:1/missing:4,constant:1/missing:4,constant:1/missing:4,constant:1/missing:4,constant:1/missing:4,constant:1/missing:4,constant:1/missing:4,constant:1/missing:4
lrt_all_underground,206,constant:1/missing:4,constant:1/missing:4,constant:1/missing:4,constant:1/missing:4,assumed:2/constant:1/derived:2,assumed:2/constant:1/derived:2,assumed:2/constant:1/derived:2,assumed:2/constant:1/derived:2,assumed:2/constant:1/derived:2,assumed:2/constant:1/derived:2,assumed:2/constant:1/derived:2,assumed:2/constant:1/derived:2,assumed:2/constant:1/derived:2,assumed:2/constant:1/derived:2,constant:1/missing:4,constant:1/missing:4,constant:1/missing:4,constant:1/missing:4,constant:1/missing:4,constant:1/missing:4,constant:1/missing:4,constant:1/missing:4,constant:1/missing:4,constant:1/missing:4,constant:1/missing:4
lrt_all_underground,207,constant:1/missing:4,constant:1/missing:4,constant:1/missing:4,constant:1/missing:4,assumed:2/constant:1/derived:2,assumed:2/constant:1/derived:2,assumed:2/constant:1/derived:2,assumed:2/constant:1/derived:2,assumed:2/constant:1/derived:2,assumed:2/constant:1/derived:2,assumed:2/constant:1/derived:2,assumed:2/constant:1/derived:2,assumed:2/constant:1/derived:2,assumed:2/constant:1/derived:2,constant:1/missing:4,constant:1/missing:4,constant:1/missing:4,constant:1/missing:4,constant:1/missing:4,constant:1/missing:4,constant:1/missing:4,constant:1/missing:4,constant:1/missing:4,constant:1/missing:4,constant:1/missing:4
lrt_all_underground,208,constant:1/missing:4,constant:1/missing:4,constant:1/missing:4,constant:1/missing:4,assumed:2/constant:1/derived:2,assumed:2/constant:1/derived:2,assumed:2/constant:1/derived:2,assumed:2/constant:1/derived:2,assumed:2/constant:1/derived:2,assumed:2/constant:1/derived:2,assumed:2/constant:1/derived:2,assumed:2/constant:1/derived:2,assumed:2/constant:1/derived:2,assumed:2/constant:1/derived:2,constant:1/missing:4,constant:1/missing:4,constant:1/missing:4,constant:1/missing:4,constant:1/missing:4,constant:1/missing:4,constant:1/missing:4,constant:1/missing:4,constant:1/missing:4,constant:1/missing:4,constant:1/missing:4
lrt_all_underground,209,constant:1/missing:4,constant:1/missing:4,constant:1/missing:4,constant:1/missing:4,assumed:2/constant:1/derived:2,assumed:2/constant:1/derived:2,assumed:2/constant:1/derived:2,assumed:2/constant:1/derived:2,assumed:2/constant:1/derived:2,assumed:2/constant:1/derived:2,assumed:2/constant:1/derived:2,assumed:2/constant:1/derived:2,assumed:2/constant:1/derived:2,assumed:2/constant:1/derived:2,constant:1/missing:4,constant:1/missing:4,constant:1/missing:4,constant:1/missing:4,constant:1/missing:4,constant:1/missing:4,constant:1/missing:4,constant:1/missing:4,constant:1/missing:4,constant:1/missing:4,constant:1/missing:4
lrt_all_underground,210,constant:1/missing:4,constant:1/missing:4,constant:1/missing:4,constant:1/missing:4,assumed:2/constant:1/derived:2,assumed:2/constant:1/derived:2,assumed:2/constant:1/derived:2,assumed:2/constant:1/derived:2,assumed:2/constant:1/derived:2,assumed:2/constant:1/derived:2,assumed:2/constant:1/derived:2,assumed:2/constant:1/derived:2,assumed:2/constant:1/derived:2,assumed:2/constant:1/derived:2,constant:1/missing:4,constant:1/missing:4,constant:1/missing:4,constant:1/missing:4,constant:1/missing:4,constant:1/missing:4,constant:1/missing:4,constant:1/missing:4,constant:1/missing:4,constant:1/missing:4,constant:1/missing:4
lrt_all_underground,211,constant:1/missing:4,constant:1/missing:4,constant:1/missing:4,constant:1/missing:4,constant:1/missing:4,constant:1/missing:4,constant:1/missing:4,constant:1/missing:4,constant:1/missing:4,constant:1/missing:4,constant:1/missing:4,constant:1/missing:4,constant:1/missing:4,constant:1/missing:4,constant:1/missing:4,constant:1/missing:4,constant:1/missing:4,constant:1/missing:4,constant:1/missing:4,constant:1/missing:4,constant:1/missing:4,constant:1/missing:4,constant:1/missing:4,constant:1/missing:4,constant:1/missing:4
lrt_all_underground,212,constant:1/missing:4,constant:1/missing:4,constant:1/missing:4,constant:1/missing:4,constant:1/missing:4,constant:1/missing:4,constant:1/missing:4,constant:1/missing:4,constant:1/missing:4,constant:1/missing:4,constant:1/missing:4,constant:1/missing:4,constant:1/missing:4,constant:1/missing:4,constant:1/missing:4,constant:1/missing:4,constant:1/missing:4,constant:1/missing:4,constant:1/missing:4,constant:1/missing:4,constant:1/missing:4,constant:1/missing:4,constant:1/missing:4,constant:1/missing:4,constant:1/missing:4
lrt_all_underground,213,constant:1/missing:4,constant:1/missing:4,constant:1/missing:4,constant:1/missing:4,constant:1/missing:4,constant:1/missing:4,constant:1/missing:4,constant:1/missing:4,constant:1/missing:4,constant:1/missing:4,constant:1/missing:4,constant:1/missing:4,constant:1/missing:4,constant:1/missing:4,constant:1/missing:4,constant:1/missing:4,constant:1/missing:4,constant:1/missing:4,constant:1/missing:4,constant:1/missing:4,constant:1/missing:4,constant:1/missing:4,constant:1/missing:4,constant:1/missing:4,constant:1/missing:4
lrt_all_underground,214,constant:1/missing:4,constant:1/missing:4,constant:1/missing:4,constant:1/missing:4,constant:1/missing:4,constant:1/missing:4,constant:1/missing:4,constant:1/missing:4,constant:1/missing:4,constant:1/missing:4,constant:1/missing:4,constant:1/missing:4,constant:1/missing:4,constant:1/missing:4,constant:1/missing:4,constant:1/missing:4,constant:1/missing:4,constant:1/missing:4,constant:1/missing:4,constant:1/missing:4,constant:1/missing:4,constant:1/missing:4,constant:1/missing:4,constant:1/missing:4,constant:1/missing:4
lrt_all_underground,215,constant:1/missing:4,constant:1/missing:4,constant:1/missing:4,constant:1/missing:4,constant:1/missing:4,constant:1/missing:4,constant:1/missing:4,constant:1/missing:4,constant:1/missing:4,constant:1/missing:4,constant:1/missing:4,constant:1/missing:4,constant:1/missing:4,constant:1/missing:4,constant:1/missing:4,constant:1/missing:4,constant:1/missing:4,constant:1/missing:4,constant:1/missing:4,constant:1/missing:4,constant:1/missing:4,constant:1/missing:4,constant:1/missing:4,constant:1/missing:4,constant:1/missing:4
lrt_all_underground,216,constant:1/missing:4,constant:1/missing:4,constant:1/missing:4,constant:1/missing:4,constant:1/missing:4,constant:1/missing:4,constant:1/missing:4,constant:1/missing:4,constant:1/missing:4,constant:1/missing:4,constant:1/missing:4,constant:1/missing:4,constant:1/missing:4,constant:1/missing:4,constant:1/missing:4,constant:1/missing:4,constant:1/missing:4,constant:1/missing:4,constant:1/missing:4,constant:1/missing:4,constant:1/missing:4,constant:1/missing:4,constant:1/missing:4,constant:1/missing:4,constant:1/missing:4
lrt_all_underground,217,constant:1/missing:4,constant:1/missing:4,constant:1/missing:4,constant:1/missing:4,constant:1/missing:4,constant:1/missing:4,constant:1/missing:4,constant:1/missing:4,constant:1/missing:4,constant:1/missing:4,constant:1/missing:4,constant:1/missing:4,constant:1/missing:4,constant:1/missing:4,constant:1/missing:4,constant:1/missing:4,constant:1/missing:4,constant:1/missing:4,constant:1/missing:4,constant:1/missing:4,constant:1/missing:4,constant:1/missing:4,constant:1/missing:4,constant:1/missing:4,constant:1/missing:4
lrt_all_underground,301,constant:1/missing:4,constant:1/missing:4,constant:1/missing:4,constant:1/missing:4,constant:1/missing:4,constant:1/missing:4,constant:1/missing:4,constant:1/missing:4,constant:1/missing:4,constant:1/missing:4,constant:1/missing:4,constant:1/missing:4,constant:1/missing:4,constant:1/missing:4,constant:1/missing:4,constant:1/missing:4,constant:1/missing:4,constant:1/missing:4,constant:1/missing:4,constant:1/missing:4,constant:1/missing:4,constant:1/missing:4,constant:1/missing:4,constant:1/missing:4,constant:1/missing:4
lrt_all_underground,302,constant:1/missing:4,constant:1/missing:4,constant:1/missing:4,constant:1/missing:4,constant:1/missing:4,constant:1/missing:4,constant:1/missing:4,constant:1/missing:4,constant:1/missing:4,constant:1/missing:4,constant:1/missing:4,constant:1/missing:4,constant:1/missing:4,constant:1/missing:4,constant:1/missing:4,constant:1/missing:4,constant:1/missing:4,constant:1/missing:4,constant:1/missing:4,constant:1/missing:4,constant:1/missing:4,constant:1/missing:4,constant:1/missing:4,constant:1/missing:4,constant:1/missing:4
lrt_all_underground,303,constant:1/missing:4,constant:1/missing:4,constant:1/missing:4,constant:1/missing:4,constant:1/missing:4,constant:1/missing:4,constant:1/missing:4,constant:1/missing:4,constant:1/missing:4,constant:1/missing:4,constant:1/missing:4,constant:1/missing:4,constant:1/missing:4,constant:1/missing:4,constant:1/missing:4,constant:1/missing:4,constant:1/missing:4,constant:1/missing:4,constant:1/missing:4,constant:1/missing:4,constant:1/missing:4,constant:1/missing:4,constant:1/missing:4,constant:1/missing:4,constant:1/missing:4
lrt_all_underground,304,constant:1/missing:4,constant:1/missing:4,constant:1/missing:4,constant:1/missing:4,constant:1/missing:4,constant:1/missing:4,constant:1/missing:4,constant:1/missing:4,constant:1/missing:4,constant:1/missing:4,constant:1/missing:4,constant:1/missing:4,constant:1/missing:4,constant:1/missing:4,constant:1/missing:4,constant:1/missing:4,constant:1/missing:4,constant:1/missing:4,constant:1/missing:4,constant:1/missing:4,constant:1/missing:4,constant:1/missing:4,constant:1/missing:4,constant:1/missing:4,constant:1/missing:4
lrt_design_50kmh,101,constant:1/missing:4,constant:1/missing:4,constant:1/missing:4,constant:1/missing:4,constant:1/missing:4,constant:1/missing:4,constant:1/missing:4,constant:1/missing:4,constant:1/missing:4,constant:1/missing:4,constant:1/missing:4,constant:1/missing:4,constant:1/missing:4,constant:1/missing:4,constant:1/missing:4,constant:1/missing:4,constant:1/missing:4,constant:1/missing:4,constant:1/missing:4,constant:1/missing:4,constant:1/missing:4,constant:1/missing:4,constant:1/missing:4,constant:1/missing:4,constant:1/missing:4
lrt_design_50kmh,102,constant:1/missing:4,constant:1/missing:4,constant:1/missing:4,constant:1/missing:4,constant:1/missing:4,constant:1/missing:4,constant:1/missing:4,constant:1/missing:4,constant:1/missing:4,constant:1/missing:4,constant:1/missing:4,constant:1/missing:4,constant:1/missing:4,constant:1/missing:4,constant:1/missing:4,constant:1/missing:4,constant:1/missing:4,constant:1/missing:4,constant:1/missing:4,constant:1/missing:4,constant:1/missing:4,constant:1/missing:4,constant:1/missing:4,constant:1/missing:4,constant:1/missing:4
lrt_design_50kmh,103,constant:1/missing:4,constant:1/missing:4,constant:1/missing:4,constant:1/missing:4,constant:1/missing:4,constant:1/missing:4,constant:1/missing:4,constant:1/missing:4,constant:1/missing:4,constant:1/missing:4,constant:1/missing:4,constant:1/missing:4,constant:1/missing:4,constant:1/missing:4,constant:1/missing:4,constant:1/missing:4,constant:1/missing:4,constant:1/missing:4,constant:1/missing:4,constant:1/missing:4,constant:1/missing:4,constant:1/missing:4,constant:1/missing:4,constant:1/missing:4,constant:1/missing:4
lrt_design_50kmh,104,constant:1/missing:4,constant:1/missing:4,constant:1/missing:4,constant:1/missing:4,constant:1/missing:4,constant:1/missing:4,constant:1/missing:4,constant:1/missing:4,constant:1/missing:4,constant:1/missing:4,constant:1/missing:4,constant:1/missing:4,constant:1/missing:4,constant:1/missing:4,constant:1/missing:4,constant:1/missing:4,constant:1/missing:4,constant:1/missing:4,constant:1/missing:4,constant:1/missing:4,constant:1/missing:4,constant:1/missing:4,constant:1/missing:4,constant:1/missing:4,constant:1/missing:4
lrt_design_50kmh,201,constant:1/missing:4,constant:1/missing:4,constant:1/missing:4,constant:1/missing:4,assumed:2/constant:1/derived:2,assumed:2/constant:1/derived:2,assumed:2/constant:1/derived:2,assumed:2/constant:1/derived:2,assumed:2/constant:1/derived:2,assumed:2/constant:1/derived:2,assumed:2/constant:1/derived:2,assumed:2/constant:1/derived:2,assumed:2/constant:1/derived:2,assumed:2/constant:1/derived:2,constant:1/missing:4,constant:1/missing:4,constant:1/missing:4,constant:1/missing:4,constant:1/missing:4,constant:1/missing:4,constant:1/missing:4,constant:1/missing:4,constant:1/missing:4,constant:1/missing:4,constant:1/missing:4
lrt_design_50kmh,202,constant:1/missing:4,constant:1/missing:4,constant:1/missing:4,constant:1/missing:4,assumed:2/constant:1/derived:2,assumed:2/constant:1/derived:2,assumed:2/constant:1/derived:2,assumed:2/constant:1/derived:2,assumed:2/constant:1/derived:2,assumed:2/constant:1/derived:2,assumed:2/constant:1/derived:2,assumed:2/constant:1/derived:2,assumed:2/constant:1/derived:2,assumed:2/constant:1/derived:2,constant:1/missing:4,constant:1/missing:4,constant:1/missing:4,constant:1/missing:4,constant:1/missing:4,constant:1/missing:4,constant:1/missing:4,constant:1/missing:4,constant:1/missing:4,constant:1/missing:4,constant:1/missing:4
lrt_design_50kmh,203,constant:1/missing:4,constant:1/missing:4,constant:1/missing:4,constant:1/missing:4,assumed:2/constant:1/derived:2,assumed:2/constant:1/derived:2,assumed:2/constant:1/derived:2,assumed:2/constant:1/derived:2,assumed:2/constant:1/derived:2,assumed:2/constant:1/derived:2,assumed:2/constant:1/derived:2,assumed:2/constant:1/derived:2,assumed:2/constant:1/derived:2,assumed:2/constant:1/derived:2,constant:1/missing:4,constant:1/missing:4,constant:1/missing:4,constant:1/missing:4,constant:1/missing:4,constant:1/missing:4,constant:1/missing:4,constant:1/missing:4,constant:1/missing:4,constant:1/missing:4,constant:1/missing:4
lrt_design_50kmh,204,constant:1/missing:4,constant:1/missing:4,constant:1/missing:4,constant:1/missing:4,assumed:2/constant:1/derived:2,assumed:2/constant:1/derived:2,assumed:2/constant:1/derived:2,assumed:2/constant:1/derived:2,assumed:2/constant:1/derived:2,assumed:2/constant:1/derived:2,assumed:2/constant:1/derived:2,assumed:2/constant:1/derived:2,assumed:2/constant:1/derived:2,assumed:2/constant:1/derived:2,constant:1/missing:4,constant:1/missing:4,constant:1/missing:4,constant:1/missing:4,constant:1/missing:4,constant:1/missing:4,constant:1/missing:4,constant:1/missing:4,constant:1/missing:4,constant:1/missing:4,constant:1/missing:4
lrt_design_50kmh,205,constant:1/missing:4,constant:1/missing:4,constant:1/missing:4,constant:1/missing:4,assumed:2/constant:1/derived:2,assumed:2/constant:1/derived:2,assumed:2/constant:1/derived:2,assumed:2/constant:1/derived:2,assumed:2/constant:1/derived:2,assumed:2/constant:1/derived:2,assumed:2/constant:1/derived:2,assumed:2/constant:1/derived:2,assumed:2/constant:1/derived:2,assumed:2/constant:1/derived:2,constant:1/missing:4,constant:1/missing:4,constant:1/missing:4,constant:1/missing:4,constant:1/missing:4,constant:1/missing:4,constant:1/missing:4,constant:1/missing:4,constant:1/missing:4,constant:1/missing:4,constant:1/missing:4
lrt_design_50kmh,206,constant:1/missing:4,constant:1/missing:4,constant:1/missing:4,constant:1/missing:4,assumed:2/constant:1/derived:2,assumed:2/constant:1/derived:2,assumed:2/constant:1/derived:2,assumed:2/constant:1/derived:2,assumed:2/constant:1/derived:2,assumed:2/constant:1/derived:2,assumed:2/constant:1/derived:2,assumed:2/constant:1/derived:2,assumed:2/constant:1/derived:2,assumed:2/constant:1/derived:2,constant:1/missing:4,constant:1/missing:4,constant:1/missing:4,constant:1/missing:4,constant:1/missing:4,constant:1/missing:4,constant:1/missing:4,constant:1/missing:4,constant:1/missing:4,constant:1/missing:4,constant:1/missing:4
lrt_design_50kmh,207,constant:1/missing:4,constant:1/missing:4,constant:1/missing:4,constant:1/missing:4,assumed:2/constant:1/derived:2,assumed:2/constant:1/derived:2,assumed:2/constant:1/derived:2,assumed:2/constant:1/derived:2,assumed:2/constant:1/derived:2,assumed:2/constant:1/derived:2,assumed:2/constant:1/derived:2,assumed:2/constant:1/derived:2,assumed:2/constant:1/derived:2,assumed:2/constant:1/derived:2,constant:1/missing:4,constant:1/missing:4,constant:1/missing:4,constant:1/missing:4,constant:1/missing:4,constant:1/missing:4,constant:1/missing:4,constant:1/missing:4,constant:1/missing:4,constant:1/missing:4,constant:1/missing:4
lrt_design_50kmh,208,constant:1/missing:4,constant:1/missing:4,constant:1/missing:4,constant:1/missing:4,assumed:2/constant:1/derived:2,assumed:2/constant:1/derived:2,assumed:2/constant:1/derived:2,assumed:2/constant:1/derived:2,assumed:2/constant:1/derived:2,assumed:2/constant:1/derived:2,assumed:2/constant:1/derived:2,assumed:2/constant:1/derived:2,assumed:2/constant:1/derived:2,assumed:2/constant:1/derived:2,constant:1/missing:4,constant:1/missing:4,constant:1/missing:4,constant:1/missing:4,constant:1/missing:4,constant:1/missing:4,constant:1/missing:4,constant:1/missing:4,constant:1/missing:4,constant:1/missing:4,constant:1/missing:4
lrt_design_50kmh,209,constant:1/missing:4,constant:1/missing:4,constant:1/missing:4,constant:1/missing:4,assumed:2/constant:1/derived:2,assumed:2/constant:1/derived:2,assumed:2/constant:1/derived:2,assumed:2/constant:1/derived:2,assumed:2/constant:1/derived:2,assumed:2/constant:1/derived:2,assumed:2/constant:1/derived:2,assumed:2/constant:1/derived:2,assumed:2/constant:1/derived:2,assumed:2/constant:1/derived:2,constant:1/missing:4,constant:1/missing:4,constant:1/missing:4,constant:1/missing:4,constant:1/missing:4,constant:1/missing:4,constant:1/missing:4,constant:1/missing:4,constant:1/missing:4,constant:1/missing:4,constant:1/missing:4
lrt_design_50kmh,210,constant:1/missing:4,constant:1/missing:4,constant:1/missing:4,constant:1/missing:4,assumed:2/constant:1/derived:2,assumed:2/constant:1/derived:2,assumed:2/constant:1/derived:2,assumed:2/constant:1/derived:2,assumed:2/constant:1/derived:2,assumed:2/constant:1/derived:2,assumed:2/constant:1/derived:2,assumed:2/constant:1/derived:2,assumed:2/constant:1/derived:2,assumed:2/constant:1/derived:2,constant:1/missing:4,constant:1/missing:4,constant:1/missing:4,constant:1/missing:4,constant:1/missing:4,constant:1/missing:4,constant:1/missing:4,constant:1/missing:4,constant:1/missing:4,constant:1/missing:4,constant:1/missing:4
lrt_design_50kmh,211,constant:1/missing:4,constant:1/missing:4,constant:1/missing:4,constant:1/missing:4,constant:1/missing:4,constant:1/missing:4,constant:1/missing:4,constant:1/missing:4,constant:1/missing:4,constant:1/missing:4,constant:1/missing:4,constant:1/missing:4,constant:1/missing:4,constant:1/missing:4,constant:1/missing:4,constant:1/missing:4,constant:1/missing:4,constant:1/missing:4,constant:1/missing:4,constant:1/missing:4,constant:1/missing:4,constant:1/missing:4,constant:1/missing:4,constant:1/missing:4,constant:1/missing:4
lrt_design_50kmh,212,constant:1/missing:4,constant:1/missing:4,constant:1/missing:4,constant:1/missing:4,constant:1/missing:4,constant:1/missing:4,constant:1/missing:4,constant:1/missing:4,constant:1/missing:4,constant:1/missing:4,constant:1/missing:4,constant:1/missing:4,constant:1/missing:4,constant:1/missing:4,constant:1/missing:4,constant:1/missing:4,constant:1/missing:4,constant:1/missing:4,constant:1/missing:4,constant:1/missing:4,constant:1/missing:4,constant:1/missing:4,constant:1/missing:4,constant:1/missing:4,constant:1/missing:4
lrt_design_50kmh,213,constant:1/missing:4,constant:1/missing:4,constant:1/missing:4,constant:1/missing:4,constant:1/missing:4,constant:1/missing:4,constant:1/missing:4,constant:1/missing:4,constant:1/missing:4,constant:1/missing:4,constant:1/missing:4,constant:1/missing:4,constant:1/missing:4,constant:1/missing:4,constant:1/missing:4,constant:1/missing:4,constant:1/missing:4,constant:1/missing:4,constant:1/missing:4,constant:1/missing:4,constant:1/missing:4,constant:1/missing:4,constant:1/missing:4,constant:1/missing:4,constant:1/missing:4
lrt_design_50kmh,214,constant:1/missing:4,constant:1/missing:4,constant:1/missing:4,constant:1/missing:4,constant:1/missing:4,constant:1/missing:4,constant:1/missing:4,constant:1/missing:4,constant:1/missing:4,constant:1/missing:4,constant:1/missing:4,constant:1/missing:4,constant:1/missing:4,constant:1/missing:4,constant:1/missing:4,constant:1/missing:4,constant:1/missing:4,constant:1/missing:4,constant:1/missing:4,constant:1/missing:4,constant:1/missing:4,constant:1/missing:4,constant:1/missing:4,constant:1/missing:4,constant:1/missing:4
lrt_design_50kmh,215,constant:1/missing:4,constant:1/missing:4,constant:1/missing:4,constant:1/missing:4,constant:1/missing:4,constant:1/missing:4,constant:1/missing:4,constant:1/missing:4,constant:1/missing:4,constant:1/missing:4,constant:1/missing:4,constant:1/missing:4,constant:1/missing:4,constant:1/missing:4,constant:1/missing:4,constant:1/missing:4,constant:1/missing:4,constant:1/missing:4,constant:1/missing:4,constant:1/missing:4,constant:1/missing:4,constant:1/missing:4,constant:1/missing:4,constant:1/missing:4,constant:1/missing:4
lrt_design_50kmh,216,constant:1/missing:4,constant:1/missing:4,constant:1/missing:4,constant:1/missing:4,constant:1/missing:4,constant:1/missing:4,constant:1/missing:4,constant:1/missing:4,constant:1/missing:4,constant:1/missing:4,constant:1/missing:4,constant:1/missing:4,constant:1/missing:4,constant:1/missing:4,constant:1/missing:4,constant:1/missing:4,constant:1/missing:4,constant:1/missing:4,constant:1/missing:4,constant:1/missing:4,constant:1/missing:4,constant:1/missing:4,constant:1/missing:4,constant:1/missing:4,constant:1/missing:4
lrt_design_50kmh,217,constant:1/missing:4,constant:1/missing:4,constant:1/missing:4,constant:1/missing:4,constant:1/missing:4,constant:1/missing:4,constant:1/missing:4,constant:1/missing:4,constant:1/missing:4,constant:1/missing:4,constant:1/missing:4,constant:1/missing:4,constant:1/missing:4,constant:1/missing:4,constant:1/missing:4,constant:1/missing:4,constant:1/missing:4,constant:1/missing:4,constant:1/missing:4,constant:1/missing:4,constant:1/missing:4,constant:1/missing:4,constant:1/missing:4,constant:1/missing:4,constant:1/missing:4
lrt_design_50kmh,301,constant:1/missing:4,constant:1/missing:4,constant:1/missing:4,constant:1/missing:4,constant:1/missing:4,constant:1/missing:4,constant:1/missing:4,constant:1/missing:4,constant:1/missing:4,constant:1/missing:4,constant:1/missing:4,constant:1/missing:4,constant:1/missing:4,constant:1/missing:4,constant:1/missing:4,constant:1/missing:4,constant:1/missing:4,constant:1/missing:4,constant:1/missing:4,constant:1/missing:4,constant:1/missing:4,constant:1/missing:4,constant:1/missing:4,constant:1/missing:4,constant:1/missing:4
lrt_design_50kmh,302,constant:1/missing:4,constant:1/missing:4,constant:1/missing:4,constant:1/missing:4,constant:1/missing:4,constant:1/missing:4,constant:1/missing:4,constant:1/missing:4,constant:1/missing:4,constant:1/missing:4,constant:1/missing:4,constant:1/missing:4,constant:1/missing:4,constant:1/missing:4,constant:1/missing:4,constant:1/missing:4,constant:1/missing:4,constant:1/missing:4,constant:1/missing:4,constant:1/missing:4,constant:1/missing:4,constant:1/missing:4,constant:1/missing:4,constant:1/missing:4,constant:1/missing:4
lrt_design_50kmh,303,constant:1/missing:4,constant:1/missing:4,constant:1/missing:4,constant:1/missing:4,constant:1/missing:4,constant:1/missing:4,constant:1/missing:4,constant:1/missing:4,constant:1/missing:4,constant:1/missing:4,constant:1/missing:4,constant:1/missing:4,constant:1/missing:4,constant:1/missing:4,constant:1/missing:4,constant:1/missing:4,constant:1/missing:4,constant:1/missing:4,constant:1/missing:4,constant:1/missing:4,constant:1/missing:4,constant:1/missing:4,constant:1/missing:4,constant:1/missing:4,constant:1/missing:4
lrt_design_50kmh,304,constant:1/missing:4,constant:1/missing:4,constant:1/missing:4,constant:1/missing:4,constant:1/missing:4,constant:1/missing:4,constant:1/missing:4,constant:1/missing:4,constant:1/missing:4,constant:1/missing:4,constant:1/missing:4,constant:1/missing:4,constant:1/missing:4,constant:1/missing:4,constant:1/missing:4,constant:1/missing:4,constant:1/missing:4,constant:1/missing:4,constant:1/missing:4,constant:1/missing:4,constant:1/missing:4,constant:1/missing:4,constant:1/missing:4,constant:1/missing:4,constant:1/missing:4
lrt_design_50kmh_accel,101,constant:1/missing:4,constant:1/missing:4,constant:1/missing:4,constant:1/missing:4,constant:1/missing:4,constant:1/missing:4,constant:1/missing:4,constant:1/missing:4,constant:1/missing:4,constant:1/missing:4,constant:1/missing:4,constant:1/missing:4,constant:1/missing:4,constant:1/missing:4,constant:1/missing:4,constant:1/missing:4,constant:1/missing:4,constant:1/missing:4,constant:1/missing:4,constant:1/missing:4,constant:1/missing:4,constant:1/missing:4,constant:1/missing:4,constant:1/missing:4,constant:1/missing:4
lrt_design_50kmh_accel,102,constant:1/missing:4,constant:1/missing:4,constant:1/missing:4,constant:1/missing:4,constant:1/missing:4,constant:1/missing:4,constant:1/missing:4,constant:1/missing:4,constant:1/missing:4,constant:1/missing:4,constant:1/missing:4,constant:1/missing:4,constant:1/missing:4,constant:1/missing:4,constant:1/missing:4,constant:1/missing:4,constant:1/missing:4,constant:1/missing:4,constant:1/missing:4,constant:1/missing:4,constant:1/missing:4,constant:1/missing:4,constant:1/missing:4,constant:1/missing:4,constant:1/missing:4
lrt_design_50kmh_accel,103,constant:1/missing:4,constant:1/missing:4,constant:1/missing:4,constant:1/missing:4,constant:1/missing:4,constant:1/missing:4,constant:1/missing:4,constant:1/missing:4,constant:1/missing:4,constant:1/missing:4,constant:1/missing:4,constant:1/missing:4,constant:1/missing:4,constant:1/missing:4,constant:1/missing:4,constant:1/missing:4,constant:1/missing:4,constant:1/missing:4,constant:1/missing:4,constant:1/missing:4,constant:1/missing:4,constant:1/missing:4,constant:1/missing:4,constant:1/missing:4,constant:1/missing:4
lrt_design_50kmh_accel,104,constant:1/missing:4,constant:1/missing:4,constant:1/missing:4,constant:1/missing:4,constant:1/missing:4,constant:1/missing:4,constant:1/missing:4,constant:1/missing:4,constant:1/missing:4,constant:1/missing:4,constant:1/missing:4,constant:1/missing:4,constant:1/missing:4,constant:1/missing:4,constant:1/missing:4,constant:1/missing:4,constant:1/missing:4,constant:1/missing:4,constant:1/missing:4,constant:1/missing:4,constant:1/missing:4,constant:1/missing:4,constant:1/missing:4,constant:1/missing:4,constant:1/missing:4
lrt_design_50kmh_accel,201,constant:1/missing:4,constant:1/missing:4,constant:1/missing:4,constant:1/missing:4,assumed:2/constant:1/derived:2,assumed:2/constant:1/derived:2,assumed:2/constant:1/derived:2,assumed:2/constant:1/derived:2,assumed:2/constant:1/derived:2,assumed:2/constant:1/derived:2,assumed:2/constant:1/derived:2,assumed:2/constant:1/derived:2,assumed:2/constant:1/derived:2,assumed:2/constant:1/derived:2,constant:1/missing:4,constant:1/missing:4,constant:1/missing:4,constant:1/missing:4,constant:1/missing:4,constant:1/missing:4,constant:1/missing:4,constant:1/missing:4,constant:1/missing:4,constant:1/missing:4,constant:1/missing:4
lrt_design_50kmh_accel,202,constant:1/missing:4,constant:1/missing:4,constant:1/missing:4,constant:1/missing:4,assumed:2/constant:1/derived:2,assumed:2/constant:1/derived:2,assumed:2/constant:1/derived:2,assumed:2/constant:1/derived:2,assumed:2/constant:1/derived:2,assumed:2/constant:1/derived:2,assumed:2/constant:1/derived:2,assumed:2/constant:1/derived:2,assumed:2/constant:1/derived:2,assumed:2/constant:1/derived:2,constant:1/missing:4,constant:1/missing:4,constant:1/missing:4,constant:1/missing:4,constant:1/missing:4,constant:1/missing:4,constant:1/missing:4,constant:1/missing:4,constant:1/missing:4,constant:1/missing:4,constant:1/missing:4
lrt_design_50kmh_accel,203,constant:1/missing:4,constant:1/missing:4,constant:1/missing:4,constant:1/missing:4,assumed:2/constant:1/derived:2,assumed:2/constant:1/derived:2,assumed:2/constant:1/derived:2,assumed:2/constant:1/derived:2,assumed:2/constant:1/derived:2,assumed:2/constant:1/derived:2,assumed:2/constant:1/derived:2,assumed:2/constant:1/derived:2,assumed:2/constant:1/derived:2,assumed:2/constant:1/derived:2,constant:1/missing:4,constant:1/missing:4,constant:1/missing:4,constant:1/missing:4,constant:1/missing:4,constant:1/missing:4,constant:1/missing:4,constant:1/missing:4,constant:1/missing:4,constant:1/missing:4,constant:1/missing:4
lrt_design_50kmh_accel,204,constant:1/missing:4,constant:1/missing:4,constant:1/missing:4,constant:1/missing:4,assumed:2/constant:1/derived:2,assumed:2/constant:1/derived:2,assumed:2/constant:1/derived:2,assumed:2/constant:1/derived:2,assumed:2/constant:1/derived:2,assumed:2/constant:1/derived:2,assumed:2/constant:1/derived:2,assumed:2/constant:1/derived:2,assumed:2/constant:1/derived:2,assumed:2/constant:1/derived:2,constant:1/missing:4,constant:1/missing:4,constant:1/missing:4,constant:1/missing:4,constant:1/missing:4,constant:1/missing:4,constant:1/missing:4,constant:1/missing:4,constant:1/missing:4,constant:1/missing:4,constant:1/missing:4
lrt_design_50kmh_accel,205,constant:1/missing:4,constant:1/missing:4,constant:1/missing:4,constant:1/missing:4,assumed:2/constant:1/derived:2,assumed:2/constant:1/derived:2,assumed:2/constant:1/derived:2,assumed:2/constant:1/derived:2,assumed:2/constant:1/derived:2,assumed:2/constant:1/derived:2,assumed:2/constant:1/derived:2,assumed:2/constant:1/derived:2,assumed:2/constant:1/derived:2,assumed:2/constant:1/derived:2,constant:1/missing:4,constant:1/missing:4,constant:1/missing:4,constant:1/missing:4,constant:1/missing:4,constant:1/missing:4,constant:1/missing:4,constant:1/missing:4,constant:1/missing:4,constant:1/missing:4,constant:1/missing:4
lrt_design_50kmh_accel,206,constant:1/missing:4,constant:1/missing:4,constant:1/missing:4,constant:1/missing:4,assumed:2/constant:1/derived:2,assumed:2/constant:1/derived:2,assumed:2/constant:1/derived:2,assumed:2/constant:1/derived:2,assumed:2/constant:1/derived:2,assumed:2/constant:1/derived:2,assumed:2/constant:1/derived:2,assumed:2/constant:1/derived:2,assumed:2/constant:1/derived:2,assumed:2/constant:1/derived:2,constant:1/missing:4,constant:1/missing:4,constant:1/missing:4,constant:1/missing:4,constant:1/missing:4,constant:1/missing:4,constant:1/missing:4,constant:1/missing:4,constant:1/missing:4,constant:1/missing:4,constant:1/missing:4
lrt_design_50kmh_accel,207,constant:1/missing:4,constant:1/missing:4,constant:1/missing:4,constant:1/missing:4,assumed:2/constant:1/derived:2,assumed:2/constant:1/derived:2,assumed:2/constant:1/derived:2,assumed:2/constant:1/derived:2,assumed:2/constant:1/derived:2,assumed:2/constant:1/derived:2,assumed:2/constant:1/derived:2,assumed:2/constant:1/derived:2,assumed:2/constant:1/derived:2,assumed:2/constant:1/derived:2,constant:1/missing:4,constant:1/missing:4,constant:1/missing:4,constant:1/missing:4,constant:1/missing:4,constant:1/missing:4,constant:1/missing:4,constant:1/missing:4,constant:1/missing:4,constant:1/missing:4,constant:1/missing:4
lrt_design_50kmh_accel,208,constant:1/missing:4,constant:1/missing:4,constant:1/missing:4,constant:1/missing:4,assumed:2/constant:1/derived:2,assumed:2/constant:1/derived:2,assumed:2/constant:1/derived:2,assumed:2/constant:1/derived:2,assumed:2/constant:1/derived:2,assumed:2/constant:1/derived:2,assumed:2/constant:1/derived:2,assumed:2/constant:1/derived:2,assumed:2/constant:1/derived:2,assumed:2/constant:1/derived:2,constant:1/missing:4,constant:1/missing:4,constant:1/missing:4,constant:1/missing:4,constant:1/missing:4,constant:1/missing:4,constant:1/missing:4,constant:1/missing:4,constant:1/missing:4,constant:1/missing:4,constant:1/missing:4
lrt_design_50kmh_accel,209,constant:1/missing:4,constant:1/missing:4,constant:1/missing:4,constant:1/missing:4,assumed:2/constant:1/derived:2,assumed:2/constant:1/derived:2,assumed:2/constant:1/derived:2,assumed:2/constant:1/derived:2,assumed:2/constant:1/derived:2,assumed:2/constant:1/derived:2,assumed:2/constant:1/derived:2,assumed:2/constant:1/derived:2,assumed:2/constant:1/derived:2,assumed:2/constant:1/derived:2,constant:1/missing:4,constant:1/missing:4,constant:1/missing:4,constant:1/missing:4,constant:1/missing:4,constant:1/missing:4,constant:1/missing:4,constant:1/missing:4,constant:1/missing:4,constant:1/missing:4,constant:1/missing:4
lrt_design_50kmh_accel,210,constant:1/missing:4,constant:1/missing:4,constant:1/missing:4,constant:1/missing:4,assumed:2/constant:1/derived:2,assumed:2/constant:1/derived:2,assumed:2/constant:1/derived:2,assumed:2/constant:1/derived:2,assumed:2/constant:1/derived:2,assumed:2/constant:1/derived:2,assumed:2/constant:1/derived:2,assumed:2/constant:1/derived:2,assumed:2/constant:1/derived:2,assumed:2/constant:1/derived:2,constant:1/missing:4,constant:1/missing:4,constant:1/missing:4,constant:1/missing:4,constant:1/missing:4,constant:1/missing:4,constant:1/missing:4,constant:1/missing:4,constant:1/missing:4,constant:1/missing:4,constant:1/missing:4
lrt_design_50kmh_accel,211,constant:1/missing:4,constant:1/missing:4,constant:1/missing:4,constant:1/missing:4,constant:1/missing:4,constant:1/missing:4,constant:1/missing:4,constant:1/missing:4,constant:1/missing:4,constant:1/missing:4,constant:1/missing:4,constant:1/missing:4,constant:1/missing:4,constant:1/missing:4,constant:1/missing:4,constant:1/missing:4,constant:1/missing:4,constant:1/missing:4,constant:1/missing:4,constant:1/missing:4,constant:1/missing:4,constant:1/missing:4,constant:1/missing:4,constant:1/missing:4,constant:1/missing:4
lrt_design_50kmh_accel,212,constant:1/missing:4,constant:1/missing:4,constant:1/missing:4,constant:1/missing:4,constant:1/missing:4,constant:1/missing:4,constant:1/missing:4,constant:1/missing:4,constant:1/missing:4,constant:1/missing:4,constant:1/missing:4,constant:1/missing:4,constant:1/missing:4,constant:1/missing:4,constant:1/missing:4,constant:1/missing:4,constant:1/missing:4,constant:1/missing:4,constant:1/missing:4,constant:1/missing:4,constant:1/missing:4,constant:1/missing:4,constant:1/missing:4,constant:1/missing:4,constant:1/missing:4
lrt_design_50kmh_accel,213,constant:1/missing:4,constant:1/missing:4,constant:1/missing:4,constant:1/missing:4,constant:1/missing:4,constant:1/missing:4,constant:1/missing:4,constant:1/missing:4,constant:1/missing:4,constant:1/missing:4,constant:1/missing:4,constant:1/missing:4,constant:1/missing:4,constant:1/missing:4,constant:1/missing:4,constant:1/missing:4,constant:1/missing:4,constant:1/missing:4,constant:1/missing:4,constant:1/missing:4,constant:1/missing:4,constant:1/missing:4,constant:1/missing:4,constant:1/missing:4,constant:1/missing:4
lrt_design_50kmh_accel,214,constant:1/missing:4,constant:1/missing:4,constant:1/missing:4,constant:1/missing:4,constant:1/missing:4,constant:1/missing:4,constant:1/missing:4,constant:1/missing:4,constant:1/missing:4,constant:1/missing:4,constant:1/missing:4,constant:1/missing:4,constant:1/missing:4,constant:1/missing:4,constant:1/missing:4,constant:1/missing:4,constant:1/missing:4,constant:1/missing:4,constant:1/missing:4,constant:1/missing:4,constant:1/missing:4,constant:1/missing:4,constant:1/missing:4,constant:1/missing:4,constant:1/missing:4
lrt_design_50kmh_accel,215,constant:1/missing:4,constant:1/missing:4,constant:1/missing:4,constant:1/missing:4,constant:1/missing:4,constant:1/missing:4,constant:1/missing:4,constant:1/missing:4,constant:1/missing:4,constant:1/missing:4,constant:1/missing:4,constant:1/missing:4,constant:1/missing:4,constant:1/missing:4,constant:1/missing:4,constant:1/missing:4,constant:1/missing:4,constant:1/missing:4,constant:1/missing:4,constant:1/missing:4,constant:1/missing:4,constant:1/missing:4,constant:1/missing:4,constant:1/missing:4,constant:1/missing:4
lrt_design_50kmh_accel,216,constant:1/missing:4,constant:1/missing:4,constant:1/missing:4,constant:1/missing:4,constant:1/missing:4,constant:1/missing:4,constant:1/missing:4,constant:1/missing:4,constant:1/missing:4,constant:1/missing:4,constant:1/missing:4,constant:1/missing:4,constant:1/missing:4,constant:1/missing:4,constant:1/missing:4,constant:1/missing:4,constant:1/missing:4,constant:1/missing:4,constant:1/missing:4,constant:1/missing:4,constant:1/missing:4,constant:1/missing:4,constant:1/missing:4,constant:1/missing:4,constant:1/missing:4
lrt_design_50kmh_accel,217,constant:1/missing:4,constant:1/missing:4,constant:1/missing:4,constant:1/missing:4,constant:1/missing:4,constant:1/missing:4,constant:1/missing:4,constant:1/missing:4,constant:1/missing:4,constant:1/missing:4,constant:1/missing:4,constant:1/missing:4,constant:1/missing:4,constant:1/missing:4,constant:1/missing:4,constant:1/missing:4,constant:1/missing:4,constant:1/missing:4,constant:1/missing:4,constant:1/missing:4,constant:1/missing:4,constant:1/missing:4,constant:1/missing:4,constant:1/missing:4,constant:1/missing:4
lrt_design_50kmh_accel,301,constant:1/missing:4,constant:1/missing:4,constant:1/missing:4,constant:1/missing:4,constant:1/missing:4,constant:1/missing:4,constant:1/missing:4,constant:1/missing:4,constant:1/missing:4,constant:1/missing:4,constant:1/missing:4,constant:1/missing:4,constant:1/missing:4,constant:1/missing:4,constant:1/missing:4,constant:1/missing:4,constant:1/missing:4,constant:1/missing:4,constant:1/missing:4,constant:1/missing:4,constant:1/missing:4,constant:1/missing:4,constant:1/missing:4,constant:1/missing:4,constant:1/missing:4
lrt_design_50kmh_accel,302,constant:1/missing:4,constant:1/missing:4,constant:1/missing:4,constant:1/missing:4,constant:1/missing:4,constant:1/missing:4,constant:1/missing:4,constant:1/missing:4,constant:1/missing:4,constant:1/missing:4,constant:1/missing:4,constant:1/missing:4,constant:1/missing:4,constant:1/missing:4,constant:1/missing:4,constant:1/missing:4,constant:1/missing:4,constant:1/missing:4,constant:1/missing:4,constant:1/missing:4,constant:1/missing:4,constant:1/missing:4,constant:1/missing:4,constant:1/missing:4,constant:1/missing:4
lrt_design_50kmh_accel,303,constant:1/missing:4,constant:1/missing:4,constant:1/missing:4,constant:1/missing:4,constant:1/missing:4,constant:1/missing:4,constant:1/missing:4,constant:1/missing:4,constant:1/missing:4,constant:1/missing:4,constant:1/missing:4,constant:1/missing:4,constant:1/missing:4,constant:1/missing:4,constant:1/missing:4,constant:1/missing:4,constant:1/missing:4,constant:1/missing:4,constant:1/missing:4,constant:1/missing:4,constant:1/missing:4,constant:1/missing:4,constant:1/missing:4,constant:1/missing:4,constant:1/missing:4
lrt_design_50kmh_accel,304,constant:1/missing:4,constant:1/missing:4,constant:1/missing:4,constant:1/missing:4,constant:1/missing:4,constant:1/missing:4,constant:1/missing:4,constant:1/missing:4,constant:1/missing:4,constant:1/missing:4,constant:1/missing:4,constant:1/missing:4,constant:1/missing:4,constant:1/missing:4,constant:1/missing:4,constant:1/missing:4,constant:1/missing:4,constant:1/missing:4,constant:1/missing:4,constant:1/missing:4,constant:1/missing:4,constant:1/missing:4,constant:1/missing:4,constant:1/missing:4,constant:1/missing:4
lrt_mixed_core_underground,101,constant:1/missing:4,constant:1/missing:4,constant:1/missing:4,constant:1/missing:4,constant:1/missing:4,constant:1/missing:4,constant:1/missing:4,constant:1/missing:4,constant:1/missing:4,constant:1/missing:4,constant:1/missing:4,constant:1/missing:4,constant:1/missing:4,constant:1/missing:4,constant:1/missing:4,constant:1/missing:4,constant:1/missing:4,constant:1/missing:4,constant:1/missing:4,constant:1/missing:4,constant:1/missing:4,constant:1/missing:4,constant:1/missing:4,constant:1/missing:4,constant:1/missing:4
lrt_mixed_core_underground,102,constant:1/missing:4,constant:1/missing:4,constant:1/missing:4,constant:1/missing:4,constant:1/missing:4,constant:1/missing:4,constant:1/missing:4,constant:1/missing:4,constant:1/missing:4,constant:1/missing:4,constant:1/missing:4,constant:1/missing:4,constant:1/missing:4,constant:1/missing:4,constant:1/missing:4,constant:1/missing:4,constant:1/missing:4,constant:1/missing:4,constant:1/missing:4,constant:1/missing:4,constant:1/missing:4,constant:1/missing:4,constant:1/missing:4,constant:1/missing:4,constant:1/missing:4
lrt_mixed_core_underground,103,constant:1/missing:4,constant:1/missing:4,constant:1/missing:4,constant:1/missing:4,constant:1/missing:4,constant:1/missing:4,constant:1/missing:4,constant:1/missing:4,constant:1/missing:4,constant:1/missing:4,constant:1/missing:4,constant:1/missing:4,constant:1/missing:4,constant:1/missing:4,constant:1/missing:4,constant:1/missing:4,constant:1/missing:4,constant:1/missing:4,constant:1/missing:4,constant:1/missing:4,constant:1/missing:4,constant:1/missing:4,constant:1/missing:4,constant:1/missing:4,constant:1/missing:4
lrt_mixed_core_underground,104,constant:1/missing:4,constant:1/missing:4,constant:1/missing:4,constant:1/missing:4,constant:1/missing:4,constant:1/missing:4,constant:1/missing:4,constant:1/missing:4,constant:1/missing:4,constant:1/missing:4,constant:1/missing:4,constant:1/missing:4,constant:1/missing:4,constant:1/missing:4,constant:1/missing:4,constant:1/missing:4,constant:1/missing:4,constant:1/missing:4,constant:1/missing:4,constant:1/missing:4,constant:1/missing:4,constant:1/missing:4,constant:1/missing:4,constant:1/missing:4,constant:1/missing:4
lrt_mixed_core_underground,201,constant:1/missing:4,constant:1/missing:4,constant:1/missing:4,constant:1/missing:4,assumed:2/constant:1/derived:2,assumed:2/constant:1/derived:2,assumed:2/constant:1/derived:2,assumed:2/constant:1/derived:2,assumed:2/constant:1/derived:2,assumed:2/constant:1/derived:2,assumed:2/constant:1/derived:2,assumed:2/constant:1/derived:2,assumed:2/constant:1/derived:2,assumed:2/constant:1/derived:2,constant:1/missing:4,constant:1/missing:4,constant:1/missing:4,constant:1/missing:4,constant:1/missing:4,constant:1/missing:4,constant:1/missing:4,constant:1/missing:4,constant:1/missing:4,constant:1/missing:4,constant:1/missing:4
lrt_mixed_core_underground,202,constant:1/missing:4,constant:1/missing:4,constant:1/missing:4,constant:1/missing:4,assumed:2/constant:1/derived:2,assumed:2/constant:1/derived:2,assumed:2/constant:1/derived:2,assumed:2/constant:1/derived:2,assumed:2/constant:1/derived:2,assumed:2/constant:1/derived:2,assumed:2/constant:1/derived:2,assumed:2/constant:1/derived:2,assumed:2/constant:1/derived:2,assumed:2/constant:1/derived:2,constant:1/missing:4,constant:1/missing:4,constant:1/missing:4,constant:1/missing:4,constant:1/missing:4,constant:1/missing:4,constant:1/missing:4,constant:1/missing:4,constant:1/missing:4,constant:1/missing:4,constant:1/missing:4
lrt_mixed_core_underground,203,constant:1/missing:4,constant:1/missing:4,constant:1/missing:4,constant:1/missing:4,assumed:2/constant:1/derived:2,assumed:2/constant:1/derived:2,assumed:2/constant:1/derived:2,assumed:2/constant:1/derived:2,assumed:2/constant:1/derived:2,assumed:2/constant:1/derived:2,assumed:2/constant:1/derived:2,assumed:2/constant:1/derived:2,assumed:2/constant:1/derived:2,assumed:2/constant:1/derived:2,constant:1/missing:4,constant:1/missing:4,constant:1/missing:4,constant:1/missing:4,constant:1/missing:4,constant:1/missing:4,constant:1/missing:4,constant:1/missing:4,constant:1/missing:4,constant:1/missing:4,constant:1/missing:4
lrt_mixed_core_underground,204,constant:1/missing:4,constant:1/missing:4,constant:1/missing:4,constant:1/missing:4,assumed:2/constant:1/derived:2,assumed:2/constant:1/derived:2,assumed:2/constant:1/derived:2,assumed:2/constant:1/derived:2,assumed:2/constant:1/derived:2,assumed:2/constant:1/derived:2,assumed:2/constant:1/derived:2,assumed:2/constant:1/derived:2,assumed:2/constant:1/derived:2,assumed:2/constant:1/derived:2,constant:1/missing:4,constant:1/missing:4,constant:1/missing:4,constant:1/missing:4,constant:1/missing:4,constant:1/missing:4,constant:1/missing:4,constant:1/missing:4,constant:1/missing:4,constant:1/missing:4,constant:1/missing:4
lrt_mixed_core_underground,205,constant:1/missing:4,constant:1/missing:4,constant:1/missing:4,constant:1/missing:4,assumed:2/constant:1/derived:2,assumed:2/constant:1/derived:2,assumed:2/constant:1/derived:2,assumed:2/constant:1/derived:2,assumed:2/constant:1/derived:2,assumed:2/constant:1/derived:2,assumed:2/constant:1/derived:2,assumed:2/constant:1/derived:2,assumed:2/constant:1/derived:2,assumed:2/constant:1/derived:2,constant:1/missing:4,constant:1/missing:4,constant:1/missing:4,constant:1/missing:4,constant:1/missing:4,constant:1/missing:4,constant:1/missing:4,constant:1/missing:4,constant:1/missing:4,constant:1/missing:4,constant:1/missing:4
lrt_mixed_core_underground,206,constant:1/missing:4,constant:1/missing:4,constant:1/missing:4,constant:1/missing:4,assumed:2/constant:1/derived:2,assumed:2/constant:1/derived:2,assumed:2/constant:1/derived:2,assumed:2/constant:1/derived:2,assumed:2/constant:1/derived:2,assumed:2/constant:1/derived:2,assumed:2/constant:1/derived:2,assumed:2/constant:1/derived:2,assumed:2/constant:1/derived:2,assumed:2/constant:1/derived:2,constant:1/missing:4,constant:1/missing:4,constant:1/missing:4,constant:1/missing:4,constant:1/missing:4,constant:1/missing:4,constant:1/missing:4,constant:1/missing:4,constant:1/missing:4,constant:1/missing:4,constant:1/missing:4
lrt_mixed_core_underground,207,constant:1/missing:4,constant:1/missing:4,constant:1/missing:4,constant:1/missing:4,assumed:2/constant:1/derived:2,assumed:2/constant:1/derived:2,assumed:2/constant:1/derived:2,assumed:2/constant:1/derived:2,assumed:2/constant:1/derived:2,assumed:2/constant:1/derived:2,assumed:2/constant:1/derived:2,assumed:2/constant:1/derived:2,assumed:2/constant:1/derived:2,assumed:2/constant:1/derived:2,constant:1/missing:4,constant:1/missing:4,constant:1/missing:4,constant:1/missing:4,constant:1/missing:4,constant:1/missing:4,constant:1/missing:4,constant:1/missing:4,constant:1/missing:4,constant:1/missing:4,constant:1/missing:4
lrt_mixed_core_underground,208,constant:1/missing:4,constant:1/missing:4,constant:1/missing:4,constant:1/missing:4,assumed:2/constant:1/derived:2,assumed:2/constant:1/derived:2,assumed:2/constant:1/derived:2,assumed:2/constant:1/derived:2,assumed:2/constant:1/derived:2,assumed:2/constant:1/derived:2,assumed:2/constant:1/derived:2,assumed:2/constant:1/derived:2,assumed:2/constant:1/derived:2,assumed:2/constant:1/derived:2,constant:1/missing:4,constant:1/missing:4,constant:1/missing:4,constant:1/missing:4,constant:1/missing:4,constant:1/missing:4,constant:1/missing:4,constant:1/missing:4,constant:1/missing:4,constant:1/missing:4,constant:1/missing:4
lrt_mixed_core_underground,209,constant:1/missing:4,constant:1/missing:4,constant:1/missing:4,constant:1/missing:4,assumed:2/constant:1/derived:2,assumed:2/constant:1/derived:2,assumed:2/constant:1/derived:2,assumed:2/constant:1/derived:2,assumed:2/constant:1/derived:2,assumed:2/constant:1/derived:2,assumed:2/constant:1/derived:2,assumed:2/constant:1/derived:2,assumed:2/constant:1/derived:2,assumed:2/constant:1/derived:2,constant:1/missing:4,constant:1/missing:4,constant:1/missing:4,constant:1/missing:4,constant:1/missing:4,constant:1/missing:4,constant:1/missing:4,constant:1/missing:4,constant:1/missing:4,constant:1/missing:4,constant:1/missing:4
lrt_mixed_core_underground,210,constant:1/missing:4,constant:1/missing:4,constant:1/missing:4,constant:1/missing:4,assumed:2/constant:1/derived:2,assumed:2/constant:1/derived:2,assumed:2/constant:1/derived:2,assumed:2/constant:1/derived:2,assumed:2/constant:1/derived:2,assumed:2/constant:1/derived:2,assumed:2/constant:1/derived:2,assumed:2/constant:1/derived:2,assumed:2/constant:1/derived:2,assumed:2/constant:1/derived:2,constant:1/missing:4,constant:1/missing:4,constant:1/missing:4,constant:1/missing:4,constant:1/missing:4,constant:1/missing:4,constant:1/missing:4,constant:1/missing:4,constant:1/missing:4,constant:1/missing:4,constant:1/missing:4
lrt_mixed_core_underground,211,constant:1/missing:4,constant:1/missing:4,constant:1/missing:4,constant:1/missing:4,constant:1/missing:4,constant:1/missing:4,constant:1/missing:4,constant:1/missing:4,constant:1/missing:4,constant:1/missing:4,constant:1/missing:4,constant:1/missing:4,constant:1/missing:4,constant:1/missing:4,constant:1/missing:4,constant:1/missing:4,constant:1/missing:4,constant:1/missing:4,constant:1/missing:4,constant:1/missing:4,constant:1/missing:4,constant:1/missing:4,constant:1/missing:4,constant:1/missing:4,constant:1/missing:4
lrt_mixed_core_underground,212,constant:1/missing:4,constant:1/missing:4,constant:1/missing:4,constant:1/missing:4,constant:1/missing:4,constant:1/missing:4,constant:1/missing:4,constant:1/missing:4,constant:1/missing:4,constant:1/missing:4,constant:1/missing:4,constant:1/missing:4,constant:1/missing:4,constant:1/missing:4,constant:1/missing:4,constant:1/missing:4,constant:1/missing:4,constant:1/missing:4,constant:1/missing:4,constant:1/missing:4,constant:1/missing:4,constant:1/missing:4,constant:1/missing:4,constant:1/missing:4,constant:1/missing:4
lrt_mixed_core_underground,213,constant:1/missing:4,constant:1/missing:4,constant:1/missing:4,constant:1/missing:4,constant:1/missing:4,constant:1/missing:4,constant:1/missing:4,constant:1/missing:4,constant:1/missing:4,constant:1/missing:4,constant:1/missing:4,constant:1/missing:4,constant:1/missing:4,constant:1/missing:4,constant:1/missing:4,constant:1/missing:4,constant:1/missing:4,constant:1/missing:4,constant:1/missing:4,constant:1/missing:4,constant:1/missing:4,constant:1/missing:4,constant:1/missing:4,constant:1/missing:4,constant:1/missing:4
lrt_mixed_core_underground,214,constant:1/missing:4,constant:1/missing:4,constant:1/missing:4,constant:1/missing:4,constant:1/missing:4,constant:1/missing:4,constant:1/missing:4,constant:1/missing:4,constant:1/missing:4,constant:1/missing:4,constant:1/missing:4,constant:1/missing:4,constant:1/missing:4,constant:1/missing:4,constant:1/missing:4,constant:1/missing:4,constant:1/missing:4,constant:1/missing:4,constant:1/missing:4,constant:1/missing:4,constant:1/missing:4,constant:1/missing:4,constant:1/missing:4,constant:1/missing:4,constant:1/missing:4
lrt_mixed_core_underground,215,constant:1/missing:4,constant:1/missing:4,constant:1/missing:4,constant:1/missing:4,constant:1/missing:4,constant:1/missing:4,constant:1/missing:4,constant:1/missing:4,constant:1/missing:4,constant:1/missing:4,constant:1/missing:4,constant:1/missing:4,constant:1/missing:4,constant:1/missing:4,constant:1/missing:4,constant:1/missing:4,constant:1/missing:4,constant:1/missing:4,constant:1/missing:4,constant:1/missing:4,constant:1/missing:4,constant:1/missing:4,constant:1/missing:4,constant:1/missing:4,constant:1/missing:4
lrt_mixed_core_underground,216,constant:1/missing:4,constant:1/missing:4,constant:1/missing:4,constant:1/missing:4,constant:1/missing:4,constant:1/missing:4,constant:1/missing:4,constant:1/missing:4,constant:1/missing:4,constant:1/missing:4,constant:1/missing:4,constant:1/missing:4,constant:1/missing:4,constant:1/missing:4,constant:1/missing:4,constant:1/missing:4,constant:1/missing:4,constant:1/missing:4,constant:1/missing:4,constant:1/missing:4,constant:1/missing:4,constant:1/missing:4,constant:1/missing:4,constant:1/missing:4,constant:1/missing:4
lrt_mixed_core_underground,217,constant:1/missing:4,constant:1/missing:4,constant:1/missing:4,constant:1/missing:4,constant:1/missing:4,constant:1/missing:4,constant:1/missing:4,constant:1/missing:4,constant:1/missing:4,constant:1/missing:4,constant:1/missing:4,constant:1/missing:4,constant:1/missing:4,constant:1/missing:4,constant:1/missing:4,constant:1/missing:4,constant:1/missing:4,constant:1/missing:4,constant:1/missing:4,constant:1/missing:4,constant:1/missing:4,constant:1/missing:4,constant:1/missing:4,constant:1/missing:4,constant:1/missing:4
lrt_mixed_core_underground,301,constant:1/missing:4,constant:1/missing:4,constant:1/missing:4,constant:1/missing:4,constant:1/missing:4,constant:1/missing:4,constant:1/missing:4,constant:1/missing:4,constant:1/missing:4,constant:1/missing:4,constant:1/missing:4,constant:1/missing:4,constant:1/missing:4,constant:1/missing:4,constant:1/missing:4,constant:1/missing:4,constant:1/missing:4,constant:1/missing:4,constant:1/missing:4,constant:1/missing:4,constant:1/missing:4,constant:1/missing:4,constant:1/missing:4,constant:1/missing:4,constant:1/missing:4
lrt_mixed_core_underground,302,constant:1/missing:4,constant:1/missing:4,constant:1/missing:4,constant:1/missing:4,constant:1/missing:4,constant:1/missing:4,constant:1/missing:4,constant:1/missing:4,constant:1/missing:4,constant:1/missing:4,constant:1/missing:4,constant:1/missing:4,constant:1/missing:4,constant:1/missing:4,constant:1/missing:4,constant:1/missing:4,constant:1/missing:4,constant:1/missing:4,constant:1/missing:4,constant:1/missing:4,constant:1/missing:4,constant:1/missing:4,constant:1/missing:4,constant:1/missing:4,constant:1/missing:4
lrt_mixed_core_underground,303,constant:1/missing:4,constant:1/missing:4,constant:1/missing:4,constant:1/missing:4,constant:1/missing:4,constant:1/missing:4,constant:1/missing:4,constant:1/missing:4,constant:1/missing:4,constant:1/missing:4,constant:1/missing:4,constant:1/missing:4,constant:1/missing:4,constant:1/missing:4,constant:1/missing:4,constant:1/missing:4,constant:1/missing:4,constant:1/missing:4,constant:1/missing:4,constant:1/missing:4,constant:1/missing:4,constant:1/missing:4,constant:1/missing:4,constant:1/missing:4,constant:1/missing:4
lrt_mixed_core_underground,304,constant:1/missing:4,constant:1/missing:4,constant:1/missing:4,constant:1/missing:4,constant:1/missing:4,constant:1/missing:4,constant:1/missing:4,constant:1/missing:4,constant:1/missing:4,constant:1/missing:4,constant:1/missing:4,constant:1/missing:4,constant:1/missing:4,constant:1/missing:4,constant:1/missing:4,constant:1/missing:4,constant:1/missing:4,constant:1/missing:4,constant:1/missing:4,constant:1/missing:4,constant:1/missing:4,constant:1/missing:4,constant:1/missing:4,constant:1/missing:4,constant:1/missing:4
