ID,TAZ_1270,TAZ_250,TAZ_33,TAZ_15,CITY,NEIGHBOURH,DISTRIC,SUBDISTRIC,AREA,ID2,SUPERZONE,TAZ_NUMBER,SZ_ARZI_21,SZARZI_OLD,TABAAT,ARZI_1270,ARZI_250,SZ_NEW,longtitude,latitude
1188,100001,2000153,300024,40000010,מועצה אזורית גזר,שעלבים נוף איילון,4,43,7654048,,,,,,,,,99,35.00435,31.865861
1185,100002,2000166,300019,40000008,תל אביב,"רמת אביב (מזרח), תיכון אליאנס",5,51,859716,,,,,,,,,99,34.796107,32.107712
1183,100003,2000164,300019,40000008,תל אביב,תחנת רידינג,5,51,2284407,,,,,,,,,99,34.779138,32.110973
1196,100004,2000164,300019,40000008,תל אביב,אזורי חן,5,51,2782156,,,,,,,,,99,34.791932,32.133867
1194,100005,2000164,300019,40000008,תל אביב,"נופי ים, שיכון ל'",5,51,1615395,,,,,,,,,99,34.787256,32.112569
1192,100006,2000164,300019,40000008,תל אביב,כוכב הצפון,5,51,412281,,,,,,,,,99,34.786834,32.100582
1190,100007,2000166,300019,40000008,תל אביב,רמת אביב ג',5,51,681446,,,,,,,,,99,34.798571,32.125746
1230,100008,2000166,300019,40000008,תל אביב,נווה אביבים,5,51,775614,,,,,,,,,99,34.796655,32.117286
1228,100009,2000166,300019,40000008,תל אביב,נאות אפקה,5,51,956425,,,,,,,,,99,34.805392,32.123542
1227,100010,2000166,300019,40000008,תל אביב,אוניברסטת תל אביב,5,51,938044,,,,,,,,,99,34.805146,32.112055
1217,100011,2000166,300019,40000008,תל אביב,"רמת אביב (מזרח), מחנה אביב",5,51,527662,,,,,,,,,99,34.799277,32.103092
1215,100012,2000166,300019,40000008,תל אביב,פארק הירקון,5,51,2606954,,,,,,,,,99,34.800431,32.101318
1212,100013,2000165,300019,40000008,תל אביב,תל ברוך צפון ונווה גן,5,51,2486990,,,,,,,,,99,34.816973,32.127216
1210,100014,2000165,300019,40000008,תל אביב,מעוז אביב,5,51,1736438,,,,,,,,,99,34.818264,32.112226
1224,100015,2000165,300019,40000008,תל אביב,אצטדיון הדר יוסף,5,51,271134,,,,,,,,,99,34.820178,32.105247
1222,100016,2000167,300019,40000008,תל אביב,תל אביב -יפו: בית עלמין קריית שאול,5,51,473228,,,,,,,,,99,34.822753,32.127491
1221,100017,2000167,300019,40000008,תל אביב,גני צהלה,5,51,771929,,,,,,,,,99,34.82996,32.123466
1219,100018,2000167,300019,40000008,תל אביב,רמת החייל ושיכון דן,5,51,1507192,,,,,,,,,99,34.832314,32.112429
1251,100019,2000167,300019,40000008,תל אביב,נווה שרת,5,51,975613,,,,,,,,,99,34.837028,32.119895
1249,100020,2000168,300019,40000008,תל אביב,"הצפון הישן - דיזנגוף, כג יורדי הסירה",5,51,819164,,,,,,,,,99,34.77226,32.095197
1248,100021,2000168,300019,40000008,תל אביב,"הצפון הישן - יוחנן הורקנוס, שד' נורדאו, אוסישקין",5,51,343268,,,,,,,,,99,34.779123,32.094374
1239,100022,2000168,300019,40000008,תל אביב,"הצפון הישן - בזל, יהושע בן נון, עובדיה מברטנורה",5,51,441399,,,,,,,,,99,34.77828,32.088511
1238,100023,2000168,300019,40000008,תל אביב,"הצפון הישן - שלמה המלך, אלחריזי. ויזל, אדם הכהן""",5,51,500665,,,,,,,,,99,34.777107,32.082824
1236,100024,2000168,300019,40000008,תל אביב,"מרינת תל אביב, מלון הילטון וגן העצמאות",5,51,615418,,,,,,,,,99,34.768628,32.088619
1234,100025,2000168,300019,40000008,תל אביב,"בן יהודה, גורדון",5,51,741776,,,,,,,,,99,34.768055,32.081445
1244,100026,2000168,300019,40000008,תל אביב,דיזנגוף סנטר,5,51,666990,,,,,,,,,99,34.775321,32.075034
1242,100027,2000169,300019,40000008,תל אביב,בבלי,5,51,669293,,,,,,,,,99,34.797343,32.094683
1241,100028,2000169,300019,40000008,תל אביב,יהודה המכבי,5,51,720756,,,,,,,,,99,34.788353,32.094083
1240,100029,2000169,300019,40000008,תל אביב,הצפון החדש,5,51,1122162,,,,,,,,,99,34.787996,32.084172
1270,100030,2000169,300019,40000008,תל אביב,הצפון החדש - הקריה,5,51,537791,,99,,,,,,,99,34.784519,32.080048
1269,100031,2000169,300019,40000008,תל אביב,תל אביב -יפו: בית חולים איכילוב,5,51,123722,,,,,,,,,99,34.789508,32.080228
1268,100032,2000169,300019,40000008,תל אביב,הצפון החדש -פארק צמרת,5,51,268459,,,,,,,,,99,34.797378,32.087762
1260,100033,2000171,300019,40000008,תל אביב,תל אביב -יפו: גני שרונה,5,51,408761,,,,,,,,,99,34.785137,32.069356
1258,100034,2000170,300019,40000008,תל אביב,"אלנבי, רציף הרברט סמואל, טרומפלדור",5,51,1119277,,,,,,,,,99,34.766865,32.072275
1256,100035,2000170,300019,40000008,תל אביב,"החשמונאים, העבודה, מרכז בעלי מלאכה",5,51,368705,,,,,,,,,99,34.775518,32.070499
1255,100036,2000170,300019,40000008,תל אביב,"נווה צדק, פארק צרלס קלור",5,51,534698,,,,,,,,,99,34.764437,32.061342
1264,100037,2000170,300019,40000008,תל אביב,"מלצ'ט, מזאה",5,51,400462,,,,,,,,,99,34.778516,32.066136
1262,100038,2000170,300019,40000008,תל אביב,נחלת בנימין,5,51,708654,,,,,,,,,99,34.772137,32.064824
1261,100039,2000176,300019,40000008,תל אביב- יפו,נמל יפו,5,51,2073998,,,,,,,,,99,34.756068,32.051396
28,100040,2000176,300019,40000008,יפו,עג'מי,5,51,889732,,,,,,,,,99,34.749639,32.045424
27,100041,2000176,300019,40000008,יפו,שיכוני חסכון וגבעת עליה,5,51,1261032,,,,,,,,,99,34.748664,32.036717
26,100042,2000172,300019,40000008,יפו,דקר יפו א,5,51,1246301,,,,,,,,,99,34.758707,32.040257
25,100043,2000172,300019,40000008,תל אביב,רכבת צומת חולון ואצטדיון קרית שלום,5,51,640479,,,,,,,,,99,34.773285,32.037296
9,100044,2000172,300019,40000008,תל אביב,נווה עופר,5,51,501204,,,,,,,,,99,34.765412,32.040547
7,100045,2000170,300019,40000008,תל אביב,פלורנטין,5,51,816988,,,,,,,,,99,34.768292,32.057233
6,100046,2000173,300019,40000008,תל אביב,נווה שאנן,5,51,446344,,,,,,,,,99,34.781067,32.058329
5,100047,2000173,300019,40000008,תל אביב,שפירא וקרית שלום,5,51,2050799,,,,,,,,,99,34.776471,32.047679
17,100048,2000174,300019,40000008,תל אביב,"ביצרון (מערב)-יצחק שדה, הסוללים",5,51,323604,,,,,,,,,99,34.793422,32.068087
14,100049,2000174,300019,40000008,תל אביב,שיכון עממי ג',5,51,1753226,,,,,,,,,99,34.80129,32.06201
48,100050,2000174,300019,40000008,תל אביב,יד אליהו,5,51,809506,,,,,,,,,99,34.792256,32.055962
56,100051,2000175,300019,40000008,תל אביב,שכונת התקוה,5,51,941961,,,,,,,,,99,34.791967,32.050238
55,100052,2000175,300019,40000008,תל אביב,שכונת הארגזים וידידיה,5,51,1181293,,,,,,,,,99,34.800028,32.042754
54,100053,2000175,300019,40000008,תל אביב,תל אביב -יפו: פארק מנחם בגין,5,51,787711,,,,,,,,,99,34.803555,32.038624
53,100054,2000175,300019,40000008,תל אביב,נווה כפיר,5,51,493344,,,,,,,,,99,34.802471,32.049794
37,100055,2000175,300019,40000008,תל אביב,כפר שלם,5,51,808373,,,,,,,,,99,34.808543,32.050187
34,100056,2000173,300019,40000008,תל אביב,"גולומב, קבוץ גלויות, ישראל מסלנט",5,51,351316,,,,,,,,,99,34.783553,32.050854
33,100057,2000200,300018,40000006,הרצליה,נווה עמל,5,51,1739464,,,,,,,,,99,34.857393,32.168314
32,100058,2000200,300018,40000006,רמת השרון,"תעש רמת השרון""",5,51,1213237,,,,,,,,,99,34.856691,32.153957
45,100059,2000200,300018,40000006,הרצליה,גבעת הפרחים ונווה ישראל,5,51,1776310,,,,,,,,,99,34.842385,32.155408
989,100060,2000202,300018,40000006,הרצליה,וייצמן,5,51,940845,,,,,,,,,99,34.834119,32.164416
988,100061,2000200,300018,40000006,הרצליה,שיכון עממי,5,51,742064,,,,,,,,,99,34.847079,32.163383
995,100062,2000202,300018,40000006,הרצליה,המרכז הבין תחומי,5,51,1243972,,,,,,,,,99,34.83514,32.172043
994,100063,2000202,300018,40000006,הרצליה,קניון שבעת הכוכבים,5,51,1516902,,,,,,,,,99,34.822013,32.167939
992,100064,2000200,300018,40000006,הרצליה,נווה עובד,5,51,1039217,,,,,,,,,99,34.8453,32.171806
991,100065,2000201,300018,40000006,כפר שמריהו,גבעת הסופר,5,51,828870,,,,,,,,,99,34.817121,32.171234
987,100066,2000202,300018,40000006,הרצליה,גן רשל ונחלת עדה,5,51,2711722,,,,,,,,,99,34.837392,32.183869
986,100067,2000202,300018,40000006,גליל ים,גליל ים,5,51,1028917,,,,,,,,,99,34.826986,32.155152
985,100068,2000201,300018,40000006,הרצליה,הרצליה פיתוח,5,51,2344701,,,,,,,,,99,34.805071,32.171169
984,100069,2000201,300018,40000006,הרצליה,שיכון עולים ושיכון עמידר,5,51,3411722,,,,,,,,,99,34.813124,32.185195
1011,100070,2000201,300018,40000006,הרצליה,גן לאומי אפולוניה (תל ארשף),5,51,1035605,,,,,,,,,99,34.810433,32.19611
1010,100071,2000202,300018,40000006,הרצליה,מחלף שבעת הכוכבים,5,51,2067315,,,,,,,,,99,34.819266,32.155343
1009,100072,2000203,300018,40000006,הרצליה,מרינת הרצליה,5,51,3577977,,,,,,,,,99,34.800624,32.155765
1016,100073,2000205,300018,40000006,רמת השרון,מחלף מורשה,5,51,2866569,,,,,,,,,99,34.847768,32.122889
1015,100074,2000205,300018,40000006,רמת השרון,"תעש- מחלף מורשה""",5,51,411251,,,,,,,,,99,34.861276,32.123407
1013,100075,2000205,300018,40000006,רמת השרון,מפעל,5,51,294956,,,,,,,,,99,34.857612,32.127239
1012,100076,2000205,300018,40000006,רמת השרון,שכונת מורשה,5,51,1541046,,,,,,,,,99,34.852734,32.131913
1008,100077,2000205,300018,40000006,רמת השרון,"תעש רמת השרון- דרום מערב""",5,51,696051,,,,,,,,,99,34.851492,32.139533
1007,100078,2000205,300018,40000006,רמת השרון,"תעש רמת השרון- מערב""",5,51,426382,,,,,,,,,99,34.850956,32.145232
1006,100079,2000205,300018,40000006,רמת השרון,נווה רסקו,5,51,1199409,,,,,,,,,99,34.841519,32.135931
1033,100080,2000205,300018,40000006,רמת השרון,אלון,5,51,1016444,,,,,,,,,99,34.842987,32.144584
1032,100081,2000205,300018,40000006,רמת השרון,קרית יערים ונווה רום,5,51,2334186,,,,,,,,,99,34.830565,32.146055
1031,100082,2000190,300020,40000009,רמת גן,"איצטדיון רמת גן, קניון איילון",5,51,436621,,,,,,,,,99,34.823702,32.100987
1030,100083,2000190,300020,40000009,רמת גן,שיכון ותיקים,5,51,686537,,,,,,,,,99,34.813485,32.093926
1037,100084,2000190,300020,40000009,רמת גן,נחלת גנים,5,51,754056,,,,,,,,,99,34.813471,32.089932
1036,100085,2000190,300020,40000009,רמת גן,שיכון עילית ומכללת שנקר,5,51,257188,,,,,,,,,99,34.804682,32.090434
1035,100086,2000190,300020,40000009,רמת גן,"המתמיד, תרפב",5,51,252582,,,,,,,,,99,34.805246,32.081257
1034,100087,2000190,300020,40000009,רמת גן,"פרוג שמעון, קריניצי, דר כהן",5,51,560265,,,,,,,,,99,34.813633,32.082888
1029,100088,2000190,300020,40000009,רמת גן,"קריניצי, נתן, שד' התמרים, הזיתים",5,51,586118,,,,,,,,,99,34.818023,32.085133
1028,100089,2000191,300020,40000009,רמת גן,הפועל המזרחי ב',5,51,601115,,,,,,,,,99,34.822138,32.079354
1071,100090,2000191,300020,40000009,רמת גן,רמת יצחק ותל יהודה,5,51,508251,,,,,,,,,99,34.822502,32.073846
1059,100091,2000181,300020,40000009,בני ברק,"מרום נווה, רמת יצחק (מזרח)",5,51,552854,,,,,,,,,99,34.83007,32.074647
1057,100092,2000192,300020,40000009,רמת גן,רמת עמידר,5,51,758780,,,,,,,,,99,34.834084,32.067367
1056,100093,2000192,300020,40000009,רמת גן,גן ערמונים,5,51,511577,,,,,,,,,99,34.832307,32.060511
1055,100094,2000191,300020,40000009,רמת גן,קרית בורוכוב,5,51,1247376,,,,,,,,,99,34.821005,32.064424
1064,100095,2000193,300020,40000009,רמת גן,קרית קרניצי,5,51,695551,,,,,,,,,99,34.846429,32.055254
1063,100096,2000193,300020,40000009,רמת גן,רמת חן ושיכון צנחנים,5,51,1895825,,,,,,,,,99,34.821655,32.052594
1062,100097,2000193,300020,40000009,רמת גן,ספארי,5,51,1541241,,,,,,,,,99,34.821945,32.045418
1061,100098,2000192,300020,40000009,רמת גן,אוניברסיטת בר אילן,5,51,520795,,,,,,,,,99,34.843593,32.06939
1050,100099,2000194,300020,40000009,רמת גן,בורסה רמת גן וגבעתיים,5,51,339577,,,,,,,,,99,34.801467,32.08219
498,100100,2000194,300020,40000009,רמת גן,"אזור תעשיה ומלאכה, מתחם הבורסה",5,51,235488,,,,,,,,,99,34.801896,32.086429
495,100101,2000206,300017,40000007,אור יהודה,קרית גיורא,5,51,704643,,,,,,,,,99,34.863645,32.02811
493,100102,2000206,300017,40000007,אור יהודה,"כפר ענה, נווה רבין",5,51,749256,,,,,,,,,99,34.86964,32.023274
505,100103,2000206,300017,40000007,אור יהודה,"מרכז העיר, עמידר",5,51,432532,,,,,,,,,99,34.853991,32.024203
503,100104,2000206,300017,40000007,אור יהודה,נווה סביון,5,51,648802,,,,,,,,,99,34.856644,32.029872
502,100105,2000206,300017,40000007,אור יהודה,שיכון ממשלתי ורמת פנקס,5,51,3226730,,,,,,,,,99,34.840222,32.028475
501,100106,2000075,300002,40000002,מועצה אזורית משגב,"רפאל- מכון לשם, מחנה שגב ותרדיון",2,24,6491033,,,,,,,,,99,35.284777,32.858372
558,100107,2000206,300017,40000007,אור יהודה,ההסתדרות,5,51,565807,,,,,,,,,99,34.858672,32.019777
556,100108,2000179,300020,40000009,בני ברק,"קרית הרצוג (מזרח) - מחסנים לשעת חירום, מפעל בטון שפיר",5,51,240622,,,,,,,,,99,34.844325,32.097505
555,100109,2000179,300020,40000009,בני ברק,קרית הרצוג,5,51,562938,,,,,,,,,99,34.837172,32.09798
537,100110,2000179,300020,40000009,בני ברק,"יסודות, פרדס כץ (מזרח)",5,51,302051,,,,,,,,,99,34.839479,32.093977
535,100111,2000179,300020,40000009,בני ברק,תל גיבורים,5,51,675418,,,,,,,,,99,34.828287,32.094057
532,100112,2000180,300020,40000009,בני ברק,"הרצוג, נתן הנביא, טבריה, בן גוריון דוד, מנחם",5,51,427905,,,,,,,,,99,34.82536,32.086634
529,100113,2000180,300020,40000009,בני ברק,"גבעת סוקולוב, גבעת רוקח",5,51,398568,,,,,,,,,99,34.828883,32.088696
544,100114,2000180,300020,40000009,בני ברק,"חשב סופר, ז'בוטינסקי, הרב שך, אהרונוביץ ראובן",5,51,385796,,,,,,,,,99,34.835772,32.088736
542,100115,2000181,300020,40000009,בני ברק,קרית הישיבה והפועל המזרחי,5,51,526439,,,,,,,,,99,34.830404,32.081915
541,100116,2000181,300020,40000009,בני ברק,"קרית נדבורנא, שיכון סאטמר, קרית הישיבה (מזרח)",5,51,435205,,,,,,,,,99,34.83648,32.080426
539,100117,2000182,300020,40000009,בני ברק,קרית ויזניץ',5,51,805515,,,,,,,,,99,34.837694,32.07509
581,100118,2000189,300017,40000007,קרית אונו,גני אילן,5,51,675539,,,,,,,,,99,34.852315,32.06476
579,100119,2000182,300020,40000009,בני ברק,רמת אהרון ומרכז רפואי מעייני הישועה,5,51,536504,,,,,,,,,99,34.841653,32.081638
578,100120,2000182,300020,40000009,בני ברק,"גני גד, שיכון ה' (הפועל המזרחי ה')",5,51,318320,,,,,,,,,99,34.841556,32.089877
570,100121,2000179,300020,40000009,בני ברק,אזור תעשיה בני ברק,5,51,1480069,,,,,,,,,99,34.834722,32.101448
569,100122,2000204,300020,40000009,גבעתיים,"בורוכוב מזרח, בורוכוב מערב",5,51,509100,,,,,,,,,99,34.807507,32.077189
566,100123,2000204,300020,40000009,גבעתיים,"גבעת רמבם""",5,51,629516,,,,,,,,,99,34.804049,32.070332
564,100124,2000204,300020,40000009,גבעתיים,ארלוזרוב ושיינקין,5,51,956957,,,,,,,,,99,34.813925,32.073878
575,100125,2000204,300020,40000009,גבעתיים,"בן צבי שמעון, פארק גבעתיים",5,51,517060,,,,,,,,,99,34.813453,32.063031
573,100126,2000204,300020,40000009,גבעתיים,שיכון עממי ג',5,51,280552,,,,,,,,,99,34.806583,32.062699
572,100127,2000189,300017,40000007,קרית אונו,הברושים,5,51,1099300,,,,,,,,,99,34.853912,32.058257
571,100128,2000189,300017,40000007,קרית אונו,פסגת אונו,5,51,873594,,,,,,,,,99,34.86242,32.062341
602,100129,2000189,300017,40000007,קרית אונו,עבר הירדן,5,51,1060349,,,,,,,,,99,34.860084,32.051059
600,100130,2000145,300017,40000007,מועצה אזורית דרום השרון,"כפר מעש, גת- רימון וגני תקוה",4,42,4429881,,,,,,,,,99,34.879983,32.061489
599,100131,2000150,300017,40000007,סביון,סביון*,4,42,3633800,,,,,,,,,99,34.877943,32.046468
590,100132,2000150,300017,40000007,יהוד,קרית גיורא,4,42,1410131,,,,,,,,,99,34.872887,32.033853
589,100133,2000150,300017,40000007,יהוד,בית עלמין יהוד,4,42,769370,,,,,,,,,99,34.88462,32.02358
586,100134,2000150,300017,40000007,יהוד,קרית ביאלסטוק,4,42,1784077,,,,,,,,,99,34.8887,32.032878
585,100135,2000150,300017,40000007,יהוד,קרית הסביונים,4,42,1150591,,,,,,,,,99,34.883121,32.033873
595,100136,2000150,300017,40000007,יהוד,פארק תעשיה מסחר ומדע,4,42,620602,,,,,,,,,99,34.902134,32.02781
593,100137,2000184,300021,40000010,אזור,בן גוריון ויצחק שדה,5,51,1488965,,,,,,,,,99,34.811212,32.018688
592,100138,2000184,300021,40000010,אזור,שיכון חדש,5,51,792494,,,,,,,,,99,34.797855,32.028415
591,100139,2000196,300021,40000009,בת ים,רוטשילד,5,51,909596,,,,,,,,,99,34.743121,32.027575
621,100140,2000197,300021,40000009,בת ים,יוספטל,5,51,904235,,,,,,,,,99,34.739675,32.01639
620,100141,2000197,300021,40000009,בת ים,"ישראל בן ציון, השקמה, בר יהודה, אורט ישראל",5,51,367805,,,,,,,,,99,34.745199,32.013401
619,100142,2000197,300021,40000009,בת ים,מערב קוממיות,5,51,1168391,,,,,,,,,99,34.738304,32.00424
611,100143,2000198,300021,40000009,בת ים,"רייק חביבה, קריתי, החשמונאים, החרושת",5,51,289449,,,,,,,,,99,34.749221,32.01655
609,100144,2000198,300021,40000009,בת ים,"החשמונאים, הפועל, דניאל, אנילביץ",5,51,323957,,,,,,,,,99,34.749272,32.020164
607,100145,2000198,300021,40000009,בת ים,"הרב הרצוג, שד' העצמאות, הרב עוזיאל",5,51,270246,,,,,,,,,99,34.750159,32.023583
606,100146,2000199,300021,40000009,בת ים,שיכון עמידר,5,51,830484,,,,,,,,,99,34.753845,32.02802
615,100147,2000199,300021,40000009,בת ים,רמת יוסף,5,51,562149,,,,,,,,,99,34.757371,32.018955
613,100148,2000195,300021,40000009,בת ים,רמת הנשיא,5,51,596389,,,,,,,,,99,34.756104,32.011695
612,100149,2000195,300021,40000009,בת ים,קרית באבוב,5,51,600716,,,,,,,,,99,34.753907,32.006235
644,100150,2000197,300021,40000009,בת ים,"אזור תעשיה-החרושת, הקוממיות",5,51,710366,,,,,,,,,99,34.746279,32.008149
643,100151,2000183,300021,40000009,חולון,ימית 2000,5,51,299827,,,,,,,,,99,34.795686,32.003211
641,100152,2000184,300021,40000009,חולון,"אזורי תעשיה ב' וג', קרית שרת (מזרח ומרכז).",5,51,314175,,,,,,,,,99,34.794669,32.007894
639,100153,2000184,300021,40000009,חולון,קרית שרת (דרום מערב ומרכז),5,51,406505,,,,,,,,,99,34.787535,32.005648
630,100154,2000184,300021,40000009,חולון,רסקו ב',5,51,592907,,,,,,,,,99,34.788047,32.012968
628,100155,2000184,300021,40000009,חולון,בלוקונים ונווה ארזים,5,51,941191,,,,,,,,,99,34.79217,32.017353
627,100156,2000185,300021,40000009,חולון,רסקו ג' וא',5,51,477579,,,,,,,,,99,34.782507,32.018657
626,100157,2000184,300021,40000009,מקווה ישראל,מקווה ישראל,5,51,1618915,,,,,,,,,99,34.783256,32.029568
633,100158,2000185,300021,40000009,חולון,שיכון עממי ואגרובנק,5,51,589443,,,,,,,,,99,34.778971,32.025124
632,100159,2000188,300021,40000009,חולון,בית חולים וולפסון,5,51,282573,,,,,,,,,99,34.763624,32.035493
654,100160,2000188,300021,40000009,חולון,חולון הצעירה וחולון הצעירה,5,51,787707,,,,,,,,,99,34.763406,32.029334
663,100161,2000188,300021,40000009,חולון,גרין,5,51,933096,,,,,,,,,99,34.771558,32.030065
661,100162,2000185,300021,40000009,חולון,קרית עבודה,5,51,819741,,,,,,,,,99,34.772387,32.017837
659,100163,2000188,300021,40000009,חולון,נאות רפאל,5,51,708530,,,,,,,,,99,34.764682,32.018384
657,100164,2000187,300021,40000009,חולון,נווה רמז,5,51,424392,,,,,,,,,99,34.76923,32.011138
652,100165,2000187,300021,40000009,חולון,שיכון ותיקים,5,51,624521,,,,,,,,,99,34.765318,32.009463
651,100166,2000187,300021,40000009,חולון,קרית מיכה,5,51,267411,,,,,,,,,99,34.757451,32.004234
650,100167,2000186,300021,40000009,חולון,"קרית בן גוריון (מערב), ג'סי כהן (דרום)",5,51,387129,,,,,,,,,99,34.763471,32.003116
649,100168,2000197,300021,40000009,חולון,בית קברות חולון,5,51,1316114,,,,,,,,,99,34.754135,31.998012
653,100169,2000186,300021,40000009,חולון,קרית בן גוריון,5,51,771161,,,,,,,,,99,34.770734,31.996042
675,100170,2000186,300021,40000009,חולון,ק' יצחק רבין,5,51,395944,,,,,,,,,99,34.77203,32.00232
674,100171,2000186,300021,40000009,חולון,קרית פנחס אילון (מערב),5,51,477537,,,,,,,,,99,34.773442,32.008371
684,100172,2000186,300021,40000009,חולון,"נאות שושנים. דגניה, ההסתדרות",5,51,543028,,,,,,,,,99,34.779617,32.013581
681,100173,2000186,300021,40000009,חולון,קרית פנחס אילון (מזרח ודרום),5,51,449307,,,,,,,,,99,34.780781,32.008174
680,100174,2000183,300021,40000009,חולון,אזור תעשיה א',5,51,1113781,,,,,,,,,99,34.797526,32.022912
678,100175,2000183,300021,40000009,חולון,אזור תעשיה ג',5,51,1511266,,,,,,,,,99,34.803267,32.008074
670,100176,2000139,300014,40000006,הוד השרון,רמתיים ושיכון פועלים,4,42,2740823,,,,,,,,,99,34.878261,32.157917
669,100177,2000139,300014,40000006,הוד השרון,הדר וגני צבי,4,42,2062039,,,,,,,,,99,34.883799,32.149109
668,100178,2000139,300014,40000006,הוד השרון,רמת מנחם ורסקו,4,42,5180264,,,,,,,,,99,34.8896,32.141994
667,100179,2000137,300014,40000006,מועצה אזורית דרום השרון,"כפר מלל ורמות השבים""",4,42,1756304,,,,,,,,,99,34.885196,32.167321
361,100180,2000139,300014,40000006,הוד השרון,גיל עמל והפועל המזרחי,4,42,2394312,,,,,,,,,99,34.914246,32.15375
360,100181,2000139,300014,40000006,הוד השרון,שיכון בלוקונים,4,42,1323711,,,,,,,,,99,34.914358,32.164008
359,100182,2000139,300014,40000006,הוד השרון,מגדיאל,4,42,1899852,,,,,,,,,99,34.901675,32.161058
366,100183,2000137,300014,40000006,רעננה,קרית אליהו גולומב (מערב),4,42,1048433,,,,,,,,,99,34.880417,32.187915
365,100184,2000137,300014,40000006,רעננה,קרית דוד רמז,4,42,1247981,,,,,,,,,99,34.879456,32.182059
363,100185,2000136,300014,40000006,רעננה,"קרית וייצמן וקרית שזר""",4,42,952960,,,,,,,,,99,34.869463,32.190051
362,100186,2000136,300014,40000006,רעננה,רעננה: קרית גנים ובית לווינשטיין,4,42,975482,,,,,,,,,99,34.859269,32.187475
358,100187,2000136,300014,40000006,רעננה,קרית שרת ונווה זמר,4,42,3815168,,,,,,,,,99,34.855956,32.200193
357,100188,2000136,300014,40000006,רעננה,לב הפארק,4,42,2005819,,,,,,,,,99,34.845593,32.188682
356,100189,2000136,300014,40000006,רעננה,"אחוזה, המלכים, הלוטוס, דיין משה, הפרחים",4,42,689332,,,,,,,,,99,34.857495,32.180374
383,100190,2000136,300014,40000006,רעננה,"גורדון, אחוזה, דיין משה, יהודה הלוי, הרצל",4,42,493298,,,,,,,,,99,34.865279,32.178139
382,100191,2000136,300014,40000006,רעננה,"מחלף חן""",4,42,735438,,,,,,,,,99,34.864323,32.173616
381,100192,2000137,300014,40000006,רעננה,"גבעת חן""",4,42,2677935,,,,,,,,,99,34.875035,32.171673
380,100193,2000128,300014,40000006,כפר סבא,כפר סבא: אזור תעסוקה צומת רעננה,4,42,231241,,,,,,,,,99,34.888589,32.173884
387,100194,2000138,300014,40000006,רעננה,פארק מסחר ותעשיה רעננה צפון,4,42,1535566,,,,,,,,,99,34.880892,32.199966
386,100195,2000113,300017,40000007,גבעת שמואל,גיורא ופרדס רוזנבלום,4,42,1277432,,,,,,,,,99,34.849039,32.081045
385,100196,2000113,300017,40000007,גבעת שמואל,רמת אייל ורמת הדר,4,42,1340153,,,,,,,,,99,34.8519,32.072719
384,100197,2000114,300016,40000007,פתח תקוה,מחלף הירקון וכפר הבפטיסטים,4,42,4234831,,,,,,,,,99,34.897571,32.116906
379,100198,2000114,300016,40000007,פתח תקוה,פארק תעשיה אזורים,4,42,1208576,,,,,,,,,99,34.877945,32.121947
378,100199,2000114,300016,40000007,פתח תקוה,רכבת קרית אריה אצטדיון המושבה ובית עלמין ירקון,4,42,3809307,,,,,,,,,99,34.863207,32.109797
895,100200,2000114,300016,40000007,פתח תקוה,קרית אריה,4,42,751393,,,,,,,,,99,34.851756,32.097161
892,100201,2000114,300016,40000007,פתח תקוה,אבשלום גיסין,4,42,1646306,,,,,,,,,99,34.860457,32.097157
906,100202,2000114,300016,40000007,פתח תקוה,אזור תעשיה סגולה,4,42,1905523,,,,,,,,,99,34.889923,32.106085
905,100203,2000114,300016,40000007,פתח תקוה,בית עלמין סגולה,4,42,424956,,,,,,,,,99,34.886835,32.10174
903,100204,2000112,300016,40000007,פתח תקוה,אם המושבות החדשה,4,42,829157,,,,,,,,,99,34.880176,32.102993
901,100205,2000112,300016,40000007,פתח תקוה,"טבצ'ניק דוד, דנקנר מאיר, גרינשפן",4,42,737702,,,,,,,,,99,34.874557,32.094714
957,100206,2000112,300016,40000007,פתח תקוה,הדר המושבות (אם המושבות הישנה),4,42,605148,,,,,,,,,99,34.873304,32.102525
956,100207,2000112,300016,40000007,פתח תקוה,"שיפר (דרום), נווה מעוז, שיפר (צפון)",4,42,371440,,,,,,,,,99,34.891044,32.096908
954,100208,2000112,300016,40000007,פתח תקוה,"רוטשילד, פינסקר, חלוצת הפרדסנות",4,42,359140,,,,,,,,,99,34.882909,32.094907
952,100209,2000113,300017,40000007,פתח תקוה,קרית מטלון,4,42,347632,,,,,,,,,99,34.849161,32.089164
936,100210,2000107,300016,40000007,פתח תקוה,נווה גנים ונווה עוז,4,42,746184,,,,,,,,,99,34.863744,32.080365
932,100211,2000107,300016,40000007,פתח תקוה,בר יהודה,4,42,954376,,,,,,,,,99,34.873936,32.087
930,100212,2000114,300016,40000007,פתח תקוה,רמת סיב,4,42,1005036,,,,,,,,,99,34.85739,32.086068
948,100213,2000107,300016,40000007,פתח תקוה,פתח תקווה: בילינסון,4,42,281001,,,,,,,,,99,34.865493,32.088349
946,100214,2000109,300016,40000007,פתח תקוה,לב המושבה,4,42,803951,,,,,,,,,99,34.885324,32.089769
944,100215,2000109,300016,40000007,פתח תקוה,עין גנים,4,42,897277,,,,,,,,,99,34.892548,32.0859
942,100216,2000110,300016,40000007,פתח תקוה,קרית ארגוב ואחדות,4,42,681956,,,,,,,,,99,34.889641,32.07378
1150,100217,2000110,300016,40000007,פתח תקוה,דרומית למחלף שעריה,4,42,729411,,,,,,,,,99,34.896519,32.061102
1148,100218,2000110,300016,40000007,פתח תקוה,שערייה,4,42,1334545,,,,,,,,,99,34.897771,32.07481
1147,100219,2000110,300016,40000007,פתח תקוה,כפר אברהם קרית חזני וקרית המשוררים,4,42,976526,,,,,,,,,99,34.895906,32.089042
1139,100220,2000111,300016,40000007,פתח תקוה,עמישב וגני הדר,4,42,1589708,,,,,,,,,99,34.910332,32.074539
1138,100221,2000111,300016,40000007,פתח תקוה,יוספטל וקרית אלון,4,42,3751528,,,,,,,,,99,34.914393,32.085931
1136,100222,2000111,300016,40000007,פתח תקוה,קרית הרב סולמון,4,42,1145152,,,,,,,,,99,34.903001,32.101722
1134,100223,2000163,300024,40000010,נמל תעופה בן גוריון,נמל תעופה בן גוריון,4,43,14003592,,,,,,,,,99,34.875808,32.002417
1144,100224,2000158,300024,40000010,באר יעקב,שטחי בסיס צריפין,4,43,8202420,,,,,,,,,99,34.856055,31.967268
1142,100225,2000158,300024,40000010,באר יעקב,שיכון טוניס גני מנחם ונווה דורון,4,43,4472421,,,,,,,,,99,34.845545,31.940259
1141,100226,2000158,300024,40000010,באר יעקב,חוטר ונצר סרני,4,43,5212125,,,,,,,,,99,34.828601,31.929267
1140,100227,2000158,300024,40000010,באר יעקב,אסף הרופא,4,43,899506,,,,,,,,,99,34.842271,31.963611
1171,100228,2000177,300024,40000010,בית דגן,בית דגן ומשמר השבעה,4,43,3216363,,,,,,,,,99,34.826136,32.003222
1169,100229,2000133,300024,40000010,לוד,אזבסטונים צפון,4,43,1149357,,,,,,,,,99,34.896693,31.965293
1168,100230,2000132,300024,40000010,לוד,נווה ירק ורמת אשכול,4,43,805960,,,,,,,,,99,34.899426,31.954447
1160,100231,2000133,300024,40000010,לוד,העיר העתיקה,4,43,1259841,,,,,,,,,99,34.891621,31.955468
1159,100232,2000133,300024,40000010,לוד,"העיר העתיקה (מערב), בת שבע",4,43,241121,,,,,,,,,99,34.889394,31.954172
1157,100233,2000133,300024,40000010,לוד,גני אביב ונווה שלום,4,43,2765801,,,,,,,,,99,34.878334,31.954716
1155,100234,2000132,300024,40000010,לוד,נווה נוף וגבעת הזיתים,4,43,967222,,,,,,,,,99,34.899441,31.949245
1164,100235,2000132,300024,40000010,לוד,לוד הצעירה ובן גוריון,4,43,1434523,,,,,,,,,99,34.888165,31.940669
1163,100236,2000133,300024,40000010,לוד,"חבד שיכון ממשלתי ורסקו""",4,43,1098617,,,,,,,,,99,34.878568,31.945718
1162,100237,2000142,300023,40000010,נס ציונה,גבעת מיכאלי ורמת בן צבי,4,44,2785340,,,,,,,,,99,34.788185,31.932596
1161,100238,2000142,300023,40000010,נס ציונה,מליבו ושיכון אזרחי,4,44,1157677,,,,,,,,,99,34.788261,31.925607
1199,100239,2000142,300023,40000010,נס ציונה,גני הדר ולב המושבה,4,44,3982954,,,,,,,,,99,34.808975,31.932276
1197,100240,2000142,300023,40000010,נס ציונה,פארק המדע,4,44,934059,,,,,,,,,99,34.803146,31.917954
1195,100241,2000142,300023,40000010,נס ציונה,העמק וכפר אהרון,4,44,5796735,,,,,,,,,99,34.779833,31.907917
1180,100242,2000177,300024,40000010,מועצה אזורית שדות דן,זיתן אחיעזר יגל צפרייה,4,43,11944948,,,,,,,,,99,34.868197,31.989971
1178,100243,2000177,300024,40000010,מועצה אזורית שדות דן,גנות וחמד,4,43,3629721,,,,,,,,,99,34.840161,32.017065
1177,100244,2000177,300024,40000010,מועצה אזורית שדות דן,"כפר חבד, ניר צבי ותעשיון צריפין",4,43,2504424,,,,,,,,,99,34.863501,31.951107
1175,100245,2000101,300022,40000010,ראשון לציון,סופרלנד,4,44,18305399,,,,,,,,,99,34.733542,31.97398
1187,100246,2000106,300022,40000010,ראשון לציון,קניון הזהב,4,44,1963697,,,,,,,,,99,34.767657,31.988736
1184,100247,2000106,300022,40000010,ראשון לציון,"אזור תעשיה מערב, מסחר ובילוי",4,44,649674,,,,,,,,,99,34.751831,31.991499
1182,100248,2000101,300022,40000010,ראשון לציון,קרית חתני פרס נובל+ המכללה למנהל,4,44,1708251,,,,,,,,,99,34.764017,31.970969
1181,100249,2000101,300022,40000010,ראשון לציון,איקאה,4,44,4450793,,,,,,,,,99,34.770158,31.956417
1226,100250,2000101,300022,40000010,ראשון לציון,מתחם אלף,4,44,974711,,,,,,,,,99,34.749717,31.98552
1225,100251,2000101,300022,40000010,ראשון לציון,נווה דקלים,4,44,856699,,,,,,,,,99,34.76151,31.981319
1223,100252,2000101,300022,40000010,ראשון לציון,נאות שקמה,4,44,1176290,,,,,,,,,99,34.770132,31.976832
1207,100253,2000100,300022,40000010,ראשון לציון,קרית כרמים וקרית ראשון,4,44,1593783,,,,,,,,,99,34.782617,31.972362
1205,100254,2000100,300022,40000010,ראשון לציון,קרית גנים,4,44,818836,,,,,,,,,99,34.779038,31.963186
1204,100255,2000100,300022,40000010,ראשון לציון,נאות אשלים,4,44,552900,,,,,,,,,99,34.77286,31.964998
1203,100256,2000100,300022,40000010,ראשון לציון,רמת אליהו,4,44,1078660,,,,,,,,,99,34.790058,31.983373
1214,100257,2000100,300022,40000010,ראשון לציון,נווה ים,4,44,1325516,,,,,,,,,99,34.779418,31.984538
1211,100258,2000104,300022,40000010,ראשון לציון,נחלת יהודה,4,44,4354400,,,,,,,,,99,34.805934,31.991318
1209,100259,2000102,300022,40000010,ראשון לציון,"הקריה החקלאית, מכון וולקני",4,44,1405975,,,,,,,,,99,34.820078,31.993502
1247,100260,2000102,300022,40000010,ראשון לציון,מתחם הרובע ובית עלמין,4,44,3419472,,,,,,,,,99,34.820244,31.979126
1246,100261,2000104,300022,40000010,ראשון לציון,"אברמוביץ, מרכז העיר",4,44,727922,,,,,,,,,99,34.80064,31.967504
1245,100262,2000105,300022,40000010,ראשון לציון,כצנלסון,4,44,1153045,,,,,,,,,99,34.79265,31.970167
1243,100263,2000105,300022,40000010,ראשון לציון,רמז,4,44,647291,,,,,,,,,99,34.79277,31.962038
1233,100264,2000105,300022,40000010,ראשון לציון,נווה הלל,4,44,3528839,,,,,,,,,99,34.7905,31.950758
1232,100265,2000102,300022,40000010,ראשון לציון,"נעורים, קידמת ראשון. יוחנן הסנדלר, מרגולין",4,44,912665,,,,,,,,,99,34.810525,31.970575
1231,100266,2000103,300022,40000010,ראשון לציון,"אחוזת אבות, רובע ראשונים, היקב, מרכז ראשון",4,44,1220953,,,,,,,,,99,34.808968,31.955367
1229,100267,2000102,300022,40000010,ראשון לציון,"נורדאו, הכרמל, מוהליבר, אחד העם, רוטשילד",4,44,902834,,,,,,,,,99,34.811123,31.965711
1237,100268,2000103,300022,40000010,ראשון לציון,מישור הנוף ונווה הדרים,4,44,804585,,,,,,,,,99,34.812906,31.953852
1235,100269,2000103,300022,40000010,ראשון לציון,מחלף ראשונים,4,44,1257382,,,,,,,,,99,34.810502,31.944825
1259,100270,2000102,300022,40000010,ראשון לציון,מרום ראשון ונוריות,4,44,3325948,,,,,,,,,99,34.829977,31.970048
1267,100271,2000103,300022,40000010,ראשון לציון,שיכוני מזרח וצמרות,4,44,2990713,,,,,,,,,99,34.82277,31.952525
1266,100272,2000122,300023,40000010,רחובות,הפקולטה לחקלאות ונווה עמית,4,44,771013,,,,,,,,,99,34.798236,31.906946
1265,100273,2000122,300023,40000010,רחובות,"אחוזת הנשיא, ומעונות שין, וילנר וברזיל",4,44,700804,,,,,,,,,99,34.817701,31.908311
1263,100274,2000122,300023,40000010,רחובות,מכון וייצמן ופארק תעשיות המדע רבין,4,44,1620226,,,,,,,,,99,34.810015,31.911801
1254,100275,2000122,300023,40000010,רחובות,אבני חן,4,44,832509,,,,,,,,,99,34.81238,31.898234
1253,100276,2000124,300023,40000010,רחובות,נווה אלון וכיכר בילהה,4,44,1351853,,,,,,,,,99,34.804781,31.89602
1252,100277,2000122,300023,40000010,רחובות,אזורי וייצמן ובית העלמין,4,44,4442243,,,,,,,,,99,34.831781,31.906776
1250,100278,2000122,300023,40000010,רחובות,אבני חן,4,44,1576379,,,,,,,,,99,34.827492,31.895002
1257,100279,2000123,300023,40000010,רחובות,קרית דוד ודניה,4,44,1086844,,,,,,,,,99,34.826603,31.889392
11,100280,2000123,300023,40000010,רחובות,"גני סביון וכפר בילו""",4,44,3430520,,,,,,,,,99,34.828029,31.875553
8,100281,2000125,300023,40000010,רחובות,"עין גנים, רחובות החדשה. גבעתי, מילצ'ן",4,44,622789,,,,,,,,,99,34.810985,31.880619
23,100282,2000123,300023,40000010,רחובות,שעריים-דרום וצפון,4,44,453038,,,,,,,,,99,34.815802,31.887694
21,100283,2000125,300023,40000010,רחובות,שעריים ונווה מרמורק,4,44,1073872,,,,,,,,,99,34.806434,31.885404
19,100284,2000125,300023,40000010,רחובות,קרית משה וגבתון,4,44,4157613,,,,,,,,,99,34.789631,31.884352
16,100285,2000124,300023,40000010,רחובות,רחובות מערב,4,44,1965448,,,,,,,,,99,34.772196,31.896059
4,100286,2000125,300023,40000010,רחובות,חבצלת,4,44,1215478,,,,,,,,,99,34.810946,31.872358
3,100287,2000125,300023,40000010,רחובות,רחובות: בית חולים קפלן,4,44,241514,,,,,,,,,99,34.81554,31.870851
2,100288,2000135,300024,40000010,רמלה,"גן חקל וקניון רמלוד""",4,43,616651,,,,,,,,,99,34.890022,31.929289
1,100289,2000135,300024,40000010,רמלה,המרכז האזרחי ואשכול,4,43,1678765,,,,,,,,,99,34.867645,31.927628
41,100290,2000134,300024,40000010,רמלה,קרית מנחם בגין,4,43,1309818,,,,,,,,,99,34.874484,31.936132
39,100291,2000134,300024,40000010,רמלה,גיורא ונווה דוד,4,43,1410874,,,,,,,,,99,34.855227,31.935651
36,100292,2000135,300024,40000010,רמלה,העיר העתיקה ועמידר,4,43,1641151,,,,,,,,,99,34.870648,31.921271
52,100293,2000134,300024,40000010,רמלה,יפה נוף וג'ואריש,4,43,1803884,,,,,,,,,99,34.849965,31.923342
50,100294,2000126,300014,40000006,כפר סבא,שיכון עליה,4,42,1364835,,,,,,,,,99,34.896427,32.19345
47,100295,2000126,300014,40000006,כפר סבא,הזמר העברי ושיכון ותיקים,4,42,1290870,,,,,,,,,99,34.895501,32.182744
44,100296,2000126,300014,40000006,כפר סבא,כפר סבא: בית חולים מאיר,4,42,130901,,,,,,,,,99,34.895223,32.181359
31,100297,2000126,300014,40000006,כפר סבא,אלעזר ומעוז,4,42,748846,,,,,,,,,99,34.90331,32.184483
30,100298,2000126,300014,40000006,כפר סבא,קרית ספיר,4,42,297138,,,,,,,,,99,34.900114,32.177961
29,100299,2000128,300014,40000006,כפר סבא,דגניה,4,42,256785,,,,,,,,,99,34.893804,32.174771
183,100300,2000128,300014,40000006,כפר סבא,"אגרון, ששת הימים, ויצמן, גורדון, מעלה האורנים",4,42,495300,,,,,,,,,99,34.900177,32.173742
191,100301,2000127,300014,40000006,כפר סבא,תחנה מרכזית,4,42,241962,,,,,,,,,99,34.914926,32.174748
190,100302,2000126,300014,40000006,כפר סבא,"רוטשילד, האלה, ארבל, הכרמל, המיסדים",4,42,525565,,,,,,,,,99,34.90906,32.179108
189,100303,2000127,300014,40000006,כפר סבא,מוצקין וחצרות הדר,4,42,515188,,,,,,,,,99,34.916229,32.178779
188,100304,2000127,300014,40000006,כפר סבא,"אלי כהן, חצרות הדר (מזרח)",4,42,582712,,,,,,,,,99,34.92205,32.17718
241,100305,2000128,300014,40000006,כפר סבא,"נחשון, טרומפלדור, בן גוריון, ארלוזורוב, ויצמן",4,42,473195,,,,,,,,,99,34.908292,32.172331
239,100306,2000127,300014,40000006,כפר סבא,אזור תעשיה חדש,4,42,728887,,,,,,,,,99,34.951303,32.186101
236,100307,2000127,300014,40000006,כפר סבא,הדרים ויוספטל,4,42,2538160,,,,,,,,,99,34.939074,32.185466
234,100308,2000155,300012,40000006,כפר יונה,כפר יונה: מחנה מוטה גור,4,41,3662855,,,,,,,,,99,34.926626,32.333556
247,100309,2000155,300012,40000006,כפר יונה,כפר יונה,4,41,7876910,,,,,,,,,99,34.928087,32.317148
217,100310,2000116,300013,40000006,נתניה,"אום חאלד, סלע",4,41,393337,,,,,,,,,99,34.865392,32.328464
213,100311,2000115,300013,40000006,נתניה,נאות הרצל,4,41,1185588,,,,,,,,,99,34.870195,32.336991
228,100312,2000116,300013,40000006,נתניה,פרדס הגדוד,4,41,378275,,,,,,,,,99,34.864509,32.343542
226,100313,2000116,300013,40000006,נתניה,נווה שלום ועין התכלת,4,41,1097934,,,,,,,,,99,34.859891,32.347158
225,100314,2000116,300013,40000006,נתניה,"מכנס. גורדון, ההסתדרות, שד' ויצמן",4,41,543452,,,,,,,,,99,34.856159,32.336534
223,100315,2000116,300013,40000006,נתניה,שיכון המזרחי,4,41,675011,,,,,,,,,99,34.862721,32.336227
275,100316,2000117,300013,40000006,נתניה,מרכז העיר צפון,4,41,262987,,,,,,,,,99,34.855303,32.32829
273,100317,2000117,300013,40000006,נתניה,מרכז העיר (מזרח),4,41,233577,,,,,,,,,99,34.859348,32.327798
271,100318,2000117,300013,40000006,נתניה,"הגליל, הגלבוע, סמילנסקי, שד' בנימין. ברודצקי",4,41,369830,,,,,,,,,99,34.855557,32.323449
269,100319,2000117,300013,40000006,נתניה,רמז ומרינת נתניה,4,41,924767,,,,,,,,,99,34.849897,32.333667
256,100320,2000120,300013,40000006,נתניה,אבן שדיר,4,41,604644,,,,,,,,,99,34.851866,32.321633
253,100321,2000120,300013,40000006,נתניה,רמת אפרים,4,41,645604,,,,,,,,,99,34.862117,32.321373
250,100322,2000120,300013,40000006,נתניה,בן ציון ורמת חן,4,41,1666703,,,,,,,,,99,34.859317,32.309567
265,100323,2000120,300013,40000006,נתניה,טוברוק וגרינטל,4,41,1803318,,,,,,,,,99,34.847906,32.311088
262,100324,2000118,300013,40000006,נתניה,נאות שקד ואגמים,4,41,2801591,,,,,,,,,99,34.844689,32.295119
261,100325,2000118,300013,40000006,נתניה,רמת ידין (דורה) (צפון),4,41,505492,,,,,,,,,99,34.857642,32.299434
259,100326,2000118,300013,40000006,נתניה,רמת ידין (דורה) (דרום),4,41,739514,,,,,,,,,99,34.85675,32.291774
298,100327,2000119,300013,40000006,נתניה,גבעת האירוסים וקרית נורדאו,4,41,1361287,,,,,,,,,99,34.850468,32.280398
297,100328,2000119,300013,40000006,נתניה,עיר ימים ומכון וינגייט,4,41,4098592,,,,,,,,,99,34.840285,32.26943
295,100329,2000115,300013,40000006,נתניה,נווה איתמר,4,41,426190,,,,,,,,,99,34.872118,32.327414
286,100330,2000121,300013,40000006,נתניה,"פארק העסקים והטכנולוגיות עש פנחס ספיר""",4,41,1286162,,,,,,,,,99,34.862988,32.298004
284,100331,2000115,300013,40000006,נתניה,קרית אליעזר,4,41,2064338,,,,,,,,,99,34.873298,32.316885
282,100332,2000115,300013,40000006,נתניה,משכנות זבולון המר,4,41,1494136,,,,,,,,,99,34.877097,32.30584
281,100333,2000115,300013,40000006,נתניה,קרית השרון,4,41,1500020,,,,,,,,,99,34.876161,32.297713
290,100334,2000121,300013,40000006,נתניה,מזרחית לפנחס ספיר,4,41,437090,,,,,,,,,99,34.866942,32.279435
289,100335,2000121,300013,40000006,נתניה,פארק שיאים,4,41,1287106,,,,,,,,,99,34.86033,32.278848
288,100336,2000140,300015,40000007,ראש העין,נופרים,4,42,1852494,,,,,,,,,99,34.940027,32.107279
287,100337,2000141,300015,40000007,ראש העין,פארק תעשיות אפק,4,42,1349642,,,,,,,,,99,34.97423,32.106518
515,100338,2000140,300015,40000007,ראש העין,גבעת טל ורקפות,4,42,2347267,,,,,,,,,99,34.961846,32.092393
512,100339,2000140,300015,40000007,ראש העין,נווה אפק,4,42,22284559,,,,,,,,,99,34.983177,32.078365
504,100340,2000140,300015,40000007,ראש העין,"גבעת הסלעים, גני אפק",4,42,986697,,,,,,,,,99,34.962951,32.103928
490,100341,2000140,300015,40000007,ראש העין,"רמבם ושבזי""",4,42,3089777,,,,,,,,,99,34.945419,32.095975
489,100342,2000161,300024,40000010,שוהם,צפון שוהם,4,42,1534954,,,,,,,,,99,34.945815,32.003041
487,100343,2000161,300024,40000010,שוהם,דרום שוהם,4,43,2344999,,,,,,,,,99,34.941052,31.990852
485,100344,2000130,300024,40000010,מודיעין-מכבים-רעות,מכבים- רעות,4,43,4689010,,,,,,,,,99,35.025037,31.891326
497,100345,2000130,300024,40000010,מודיעין-מכבים-רעות,ספדיה-צפון ומערב,4,43,1428325,,,,,,,,,99,35.016589,31.900344
494,100346,2000130,300024,40000010,מודיעין-מכבים-רעות,ספדיה-דרום ובוכמן צפון,4,43,992756,,,,,,,,,99,35.012412,31.892243
492,100347,2000131,300024,40000010,מודיעין-מכבים-רעות,הפרחים,4,43,1013655,,,,,,,,,99,35.011234,31.904208
491,100348,2000129,300024,40000010,מודיעין-מכבים-רעות,שכונות הציפורים ואבני חן,4,43,4656287,,,,,,,,,99,34.988041,31.902748
553,100349,2000131,300024,40000010,מודיעין-מכבים-רעות,הכרמים והנביאים,4,43,1555212,,,,,,,,,99,35.006202,31.916397
545,100350,2000131,300024,40000010,מודיעין-מכבים-רעות,המגינים,4,43,913763,,,,,,,,,99,34.997339,31.907967
543,100351,2000129,300024,40000010,מודיעין-מכבים-רעות,השבטים,4,43,8662072,,,,,,,,,99,35.017111,31.875517
527,100352,2000129,300024,40000010,מודיעין-מכבים-רעות,רכבת פאתי מודיעין,4,43,11598038,,,,,,,,,99,34.969152,31.882375
526,100353,2000129,300024,40000010,מודיעין-מכבים-רעות,יער מודיעין- צפונית למחלף פאתי מודיעין,4,43,7662526,,,,,,,,,99,34.959304,31.907317
523,100354,2000129,300024,40000010,מודיעין-מכבים-רעות,עמק האלה,4,43,7178035,,,,,,,,,99,34.979959,31.920498
521,100355,2000211,300026,40000011,אשדוד,נמל אשדוד,6,61,13475758,,,,,,,,,99,34.657025,31.837817
534,100356,2000211,300026,40000011,אשדוד,אזור התעשיה סמוך לנמל,6,61,8101950,,,,,,,,,99,34.686134,31.844806
531,100357,2000211,300026,40000011,אשדוד,קרית איתנים וקרית חלוצים,6,61,3526932,,,,,,,,,99,34.659168,31.810923
530,100358,2000212,300026,40000011,אשדוד,רובע א',6,61,1786435,,,,,,,,,99,34.643094,31.809859
528,100359,2000212,300026,40000011,אשדוד,"רובע א' מזרח), רובע ב' (דרום)",6,61,1136956,,,,,,,,,99,34.654699,31.805297
577,100360,2000212,300026,40000011,אשדוד,רובע ג',6,61,843341,,,,,,,,,99,34.65973,31.800889
576,100361,2000212,300026,40000011,אשדוד,אלתא,6,61,219970,,,,,,,,,99,34.664683,31.795102
574,100362,2000208,300026,40000011,אשדוד,רובע ז',6,61,627713,,,,,,,,,99,34.662717,31.790342
563,100363,2000209,300026,40000011,אשדוד,רובע ט',6,61,767426,,,,,,,,,99,34.660656,31.783285
561,100364,2000209,300026,40000011,אשדוד,רובע ח',6,61,636228,,,,,,,,,99,34.651834,31.786663
559,100365,2000208,300026,40000011,אשדוד,רובע ו',6,61,650415,,,,,,,,,99,34.654546,31.793316
557,100366,2000208,300026,40000011,אשדוד,רובע ה',6,61,792494,,,,,,,,,99,34.64754,31.796737
568,100367,2000212,300026,40000011,אשדוד,רובע ד' ואזור המרינה,6,61,2146556,,,,,,,,,99,34.634664,31.797964
567,100368,2000209,300026,40000011,אשדוד,"הקריה-מער (צפון ודרום)""",6,61,628177,,,,,,,,,99,34.635529,31.790616
565,100369,2000209,300026,40000011,אשדוד,הקריה-מגורים (דרום),6,61,392422,,,,,,,,,99,34.641236,31.785207
598,100370,2000209,300026,40000011,אשדוד,הקריה-מגורים (צפון),6,61,451709,,,,,,,,,99,34.644311,31.790112
597,100371,2000209,300026,40000011,אשדוד,רובע י',6,61,635597,,,,,,,,,99,34.648525,31.781217
596,100372,2000210,300026,40000011,אשדוד,"רובע טז ורובע י""ד (בתכנון)""",6,61,5017420,,,,,,,,,99,34.646145,31.764615
594,100373,2000210,300026,40000011,אשדוד,בית חולים אסותא,6,61,983292,,,,,,,,,99,34.657927,31.776399
584,100374,2000218,300029,40000013,מועצה אזורית באר טוביה,באר טוביה ואורות,6,61,7549610,,,,,,,,,99,34.72221,31.736263
583,100375,2000210,300026,40000011,אשדוד,"רובע וב וי""ג""",6,61,1558485,,,,,,,,,99,34.640201,31.777311
582,100376,2000210,300026,40000011,אשדוד,"רובע יא""",6,61,1501087,,,,,,,,,99,34.628306,31.783839
580,100377,2000210,300026,40000011,אשדוד,רובע יא (מערב),6,61,2180728,,,,,,,,,99,34.62264,31.772892
588,100378,2000151,300025,40000011,גדרה,צפון גדרה,4,44,13498936,,,,,,,,,99,34.786401,31.816201
587,100379,2000151,300025,40000011,גדרה,מחנה חפץ חיים,4,44,1435050,,,,,,,,,99,34.774794,31.798898
610,100380,2000151,300025,40000011,גדרה,דרום גדרה,4,44,3747399,,,,,,,,,99,34.779302,31.807547
618,100381,2000144,300025,40000011,המרכז למחקר גרעיני שורק,בסיס פלמחים,4,44,39003156,,,,,,,,,99,34.699378,31.892189
617,100382,2000144,300025,40000011,יבנה,אזור התעשיה,4,44,2038150,,,,,,,,,99,34.733781,31.893016
616,100383,2000144,300025,40000011,יבנה,"אזור המלאכה,רכבת יבנה מזרח",4,44,403451,,,,,,,,,99,34.742868,31.864027
614,100384,2000144,300025,40000011,יבנה,נווה אילן (דרום),4,44,1921199,,,,,,,,,99,34.729661,31.877906
605,100385,2000144,300025,40000011,יבנה,נאות אשכול,4,44,770606,,,,,,,,,99,34.740114,31.876553
604,100386,2000144,300025,40000011,יבנה,רמות בן צבי,4,44,1373219,,,,,,,,,99,34.747886,31.871665
603,100387,2000144,300025,40000011,יבנה,נאות בגין,4,44,470335,,,,,,,,,99,34.73709,31.871069
601,100388,2000152,300023,40000010,מועצה מקומית קרית עקרון,קרית עקרון,4,44,1696603,,,,,,,,,99,34.823626,31.860771
608,100389,2000152,300023,40000010,מזכרת בתיה,מזכרת בתיה,4,44,7404023,,,,,,,,,99,34.848367,31.853687
631,100390,2000156,300012,40000006,מועצה אזורית עמק חפר,חופית נעורים כפר ויתקין בית ינאי מכמורת בית חירות מבואות ים,4,41,14391307,,,,,,,,,99,34.879935,32.388802
629,100391,2000156,300012,40000006,מועצה אזורית עמק חפר,מפעלי חפר,4,41,1180020,,,,,,,,,99,34.895108,32.40106
637,100392,2000156,300012,40000006,אליכין ומועצה אזורית עמק חפר,כפר הראה חיבת ציון חרב לאת גאולי תימן אליכין אלישב,4,41,9530346,,,,,,,,,99,34.911642,32.389661
636,100393,2000156,300012,40000006,מועצה אזורית עמק חפר,עין החורש גבעת חיים (מאוחד) חגלה גבעת חיים (איחוד),4,41,23221168,,,,,,,,,99,34.953193,32.379934
635,100394,2000156,300012,40000006,מועצה אזורית עמק חפר,המעפיל אחיטוב אומץ גן יאשיה,4,41,17978769,,,,,,,,,99,34.989919,32.372289
634,100395,2000154,300012,40000006,מועצה מקומית זמר,זמר,4,41,8168798,,,,,,,,,99,35.032569,32.361839
625,100396,2000156,300012,40000006,מועצה אזורית עמק חפר,שושנת העמקים חבצלת השרון ביתן אהרן גבעת שפירא צוקי ים בת חן אביחיל,4,41,5974340,,,,,,,,,99,34.869373,32.356677
624,100397,2000156,300012,40000006,מועצה אזורית עמק חפר,הדר עם כפר חיים משמר השרון מעברות כפר ידידיה בית יצחק,4,41,15346720,,,,,,,,,99,34.894709,32.346177
623,100398,2000156,300012,40000006,מועצה אזורית עמק חפר,כפר מונש מדרשת רופין בית הלוי העוגן,4,41,13212836,,,,,,,,,99,34.925181,32.354615
622,100399,2000155,300012,40000006,מועצה אזורית עמק חפר,בארותיים עולש בורגתה חניאל,4,41,20088872,,,,,,,,,99,34.96942,32.333384
762,100400,2000160,300012,40000006,מועצה אזורית לב השרון,נורדייה גנות הדר,4,41,4467733,,,,,,,,,99,34.886587,32.304963
761,100401,2000162,300012,40000006,מועצה מקומית אבן יהודה,אבן יהודה,4,41,8494165,,,,,,,,,99,34.880584,32.267433
760,100402,2000162,300012,40000006,מועצה אזורית חוף השרון,אודים,4,41,2380305,,,,,,,,,99,34.849088,32.265298
759,100403,2000162,300012,40000006,מועצה אזורית חוף השרון,בית יהושע כפר נטר תל יצחק,4,41,9493850,,,,,,,,,99,34.866431,32.263654
815,100404,2000162,300012,40000006,מועצה אזורית חוף השרון,שפיים געש ארסוף רשפון יקום,4,41,17371898,,,,,,,,,99,34.831208,32.225754
813,100405,2000162,300012,40000006,מועצה אזורית חוף השרון,בצרה קריית שלמה בני ציון חרוצים,4,41,16284168,,,,,,,,,99,34.857805,32.215092
812,100406,2000155,300012,40000006,מועצה אזורית לב השרון,גאולים ינוב תנובות,4,41,7960453,,,,,,,,,99,34.950135,32.30353
811,100407,2000160,300012,40000006,מועצה מקומית פרדסיה,פרדסיה וצור משה,4,41,4757878,,,,,,,,,99,34.915052,32.301611
825,100408,2000154,300012,40000006,מועצה אזורית עמק חפר,יד חנה בת חפר ניצני עוז בחן,4,41,14630786,,,,,,,,,99,35.0111,32.330941
822,100409,2000154,300012,40000006,מועצה אזורית לב השרון,שער אפרים,4,41,2551816,,,,,,,,,99,35.00152,32.28945
794,100410,2000149,300012,40000006,טייבה,טייבה: שטח פתוח,4,41,6291360,,,,,,,,,99,34.983796,32.261176
800,100411,2000149,300012,40000006,טייבה,צפון טייבה,4,41,5514442,,,,,,,,,99,35.009358,32.271757
799,100412,2000149,300012,40000006,טייבה,דרום טייבה,4,41,6430690,,,,,,,,,99,35.004937,32.254451
798,100413,2000157,300012,40000006,טירה,מזרח טירה,4,41,9156492,,,,,,,,,99,34.966664,32.232963
797,100414,2000157,300012,40000006,טירה,מערב טירה,4,41,2772955,,,,,,,,,99,34.944564,32.235441
842,100415,2000146,300012,40000006,מועצה מקומית תל מונד,תל מונד ובני דרור,4,41,7627402,,,,,,,,,99,34.907148,32.254467
840,100416,2000160,300012,40000006,מועצה אזורית לב השרון,כפר יעבץ עזריאל יעף עין ורד פורת עין שריד,4,41,16690869,,,,,,,,,99,34.945292,32.267653
839,100417,2000146,300012,40000006,מועצה אזורית לב השרון,חירות כפר הס משמרת כפר עבודה,4,41,15386259,,,,,,,,,99,34.919327,32.23801
838,100418,2000147,300012,40000006,מועצה מקומית כוכב יאיר צור יגאל,כוכב יאיר צור יגאל,4,42,10564981,,,,,,,,,99,34.983328,32.214502
847,100419,2000147,300012,40000006,מועצה אזורית דרום השרון,צור נתן צור יצחק,4,42,3745770,,,,,,,,,99,35.001859,32.24063
829,100420,2000146,300012,40000006,מועצה אזורית דרום השרון,צופית גן חיים שדה ורבורג,4,42,13005489,,,,,,,,,99,34.911786,32.206982
827,100421,2000146,300012,40000006,בית ברל,המכללה האקדמית בית ברל,4,42,1676587,,,,,,,,,99,34.92642,32.201622
834,100422,2000146,300012,40000006,מועצה אזורית דרום השרון,רמת הכובש וניר אליהו,4,42,8296646,,,,,,,,,99,34.945939,32.207604
833,100423,2000148,300014,40000006,מועצה אזורית דרום השרון,נוה ירק אלישמע עדנים,4,42,12439097,,,,,,,,,99,34.913733,32.139386
832,100424,2000148,300014,40000006,מועצה אזורית דרום השרון,נווה ימין ושדי חמד,4,42,7698432,,,,,,,,,99,34.949,32.169567
831,100425,2000148,300014,40000006,מועצה אזורית דרום השרון,ירחיב נירית מתן חגור חורשים,4,42,12002239,,,,,,,,,99,34.9624,32.141155
871,100426,2000159,300015,40000007,כפר ברא,כפר ברא,4,42,1922358,,,,,,,,,99,34.974602,32.128715
869,100427,2000141,300015,40000007,כפר קאסם,אזור תעשיה לב הארץ,4,42,4509188,,,,,,,,,99,34.955968,32.117363
868,100428,2000159,300015,40000007,כפר קאסם,כפר קאסם,4,42,4919243,,,,,,,,,99,34.975984,32.114622
867,100429,2000161,300024,40000010,מועצה אזורית חבל מודיעין,נופך נחלים בארות יצחק מזור רינתיה מגשימים,4,42,15651232,,,,,,,,,99,34.913318,32.046892
853,100430,2000161,300024,40000010,מועצה אזורית חבל מודיעין,טירת יהודה גבעת כח ברקת בני עטרות,4,42,13245460,,,,,,,,,99,34.927486,32.026285
851,100431,2000163,300024,40000010,נמל תעופה בן גוריון,התעשיה האווירית,4,43,2875899,,,,,,,,,99,34.906457,32.002715
849,100432,2000143,300015,40000007,מועצה אזורית דרום השרון,נחשונים,4,42,4138731,,,,,,,,,99,34.955801,32.064993
859,100433,2000143,300015,40000007,אלעד,רובע A,4,42,929332,,,,,,,,,99,34.960082,32.056271
858,100434,2000143,300015,40000007,אלעד,"רובע E, רובע H, רובע F, רובע G",4,42,894510,,,,,,,,,99,34.94859,32.049795
857,100435,2000143,300015,40000007,אלעד,"רובע B, רובע C",4,42,1013906,,,,,,,,,99,34.960075,32.04816
855,100436,2000161,300024,40000010,מועצה אזורית חבל מודיעין,אזור התעשיה חבל מודיעין,4,43,16209512,,,,,,,,,99,34.978431,32.019021
911,100437,2000161,300024,40000010,מועצה אזורית חבל מודיעין,בית עריף,4,43,5393358,,,,,,,,,99,34.924982,31.996998
909,100438,2000161,300024,40000010,מועצה אזורית חבל מודיעין,כפר טרומן בית נחמיה,4,43,9923011,,,,,,,,,99,34.933077,31.982971
908,100439,2000010,300027,40000012,ירושלים,מאה שערים,1,11,688901,,,,,,,,,99,35.216604,31.785097
887,100440,2000153,300024,40000010,מועצה אזורית חבל מודיעין,כפר דניאל גמזו,4,43,12113443,,,,,,,,,99,34.938112,31.927392
885,100441,2000132,300024,40000010,מועצה אזורית חבל מודיעין,כרם בן שמן גינתון בן שמן (כפר נוער) בן שמן (מושב),4,43,7813751,,,,,,,,,99,34.921071,31.957219
883,100442,2000161,300024,40000010,מועצה אזורית חבל מודיעין,מבוא מודיעים,4,43,34287322,,,,,,,,,99,34.967534,31.966207
881,100443,2000130,300024,40000010,מועצה אזורית חבל מודיעין,שילת כפר רות לפיד,4,43,6370784,,,,,,,,,99,35.015872,31.918056
897,100444,2000135,300024,40000010,רמלה,קרית האומנים,4,43,623010,,,,,,,,,99,34.870914,31.915246
894,100445,2000152,300023,40000010,מועצה אזורית גזר,ישרש,4,43,2766068,,,,,,,,,99,34.845895,31.913619
891,100446,2000152,300023,40000010,מועצה אזורית גזר,מצליח,4,43,3738098,,,,,,,,,99,34.869454,31.907125
889,100447,2000153,300024,40000010,מפעל נשר,תחנת הכח גזר,4,43,6887794,,,,,,,,,99,34.915934,31.912871
950,100448,2000153,300024,40000010,מועצה אזורית גזר,יד רמבם גזר עזריה כפר שמואל בית חשמונאי משמר איילון וכפר בן נון,4,43,31444715,,,,,,,,,99,34.932251,31.87944
949,100449,2000161,300024,40000010,בסיס נחשונים,מחנה נחשונים,4,42,8388860,,,,,,,,,99,34.975958,32.040772
947,100450,2000153,300024,40000010,מועצה אזורית גזר,בית עוזיאל פדיה פתחיה,4,43,11729395,,,,,,,,,99,34.890634,31.865624
925,100451,2000153,300024,40000010,מועצה אזורית גזר,חולדה משמר דוד ככרמי יוסף יסודות נצר חזני,4,43,35722874,,,,,,,,,99,34.866072,31.827458
924,100452,2000152,300023,40000010,מועצה אזורית גזר,נען סתרייה רמות מאיר גני הדר,4,43,18169507,,,,,,,,,99,34.859766,31.884939
921,100453,2000220,300028,40000013,מועצה אזורית נחל שורק,חפץ חיים יד בנימין גני טל בית חלקיה בני ראם ורבדים,4,44,14906017,,,,,,,,,99,34.801529,31.780941
920,100454,2000153,300024,40000010,בסיס חיל האוויר תל נוף,בסיס חיל האוויר תל נוף,4,44,12947192,,,,,,,,,99,34.827168,31.835758
935,100455,2000151,300025,40000011,מועצה אזורית ברנר,בית אלעזרי גבעת ברנר,4,44,20352966,,,,,,,,,99,34.788545,31.856163
931,100456,2000144,300025,40000011,מועצה אזורית גן רווה,בית חנן בית עובד אירוס עיינות פלמחים כפר הנגיד נטעים גן שורק,4,44,25772158,,,,,,,,,99,34.736955,31.915645
929,100457,2000220,300028,40000013,מועצה מקומית בני עייש,בני עיש,4,44,854180,,,,,,,,,99,34.760597,31.791382
927,100458,2000207,300025,40000011,גן יבנה,נאות הדרים,4,44,3983575,,,,,,,,,99,34.71405,31.793638
1146,100459,2000207,300025,40000011,גן יבנה,נאות הפרחים וגבעת שמשון,4,44,6931262,,,,,,,,,99,34.691211,31.786392
1145,100460,2000151,300025,40000011,מועצה אזורית גדרות,שדמה עשרת מישר כפר מרדכי משגב דב כפר אביב בן זכאי,4,44,24750859,,,,,,,,,99,34.728584,31.833257
1143,100461,2000207,300025,40000011,מועצה אזורית חבל יבנה,ניר גלים בני דרום גן דרום,4,44,13113150,,,,,,,,,99,34.685306,31.804469
1131,100462,2000184,300021,40000010,תל אביב,חניון אוטובסים,5,51,1367240,,,,,,,,,99,34.788082,32.03917
1130,100463,2000177,300024,40000010,תל אביב,פארק אריאל שרון,5,51,4762708,,,,,,,,,99,34.809629,32.030588
1128,100464,2000107,300016,40000007,פתח תקוה,כפר גנים ונווה עוז,4,42,906545,,,,,,,,,99,34.864168,32.07459
1127,100465,2000108,300016,40000007,פתח תקוה,כפר גנים ב',4,42,1204975,,,,,,,,,99,34.879388,32.073301
1137,100466,2000107,300016,40000007,פתח תקוה,כפר גנים א',4,42,620512,,,,,,,,,99,34.875448,32.082076
1135,100467,2000108,300016,40000007,פתח תקוה,"בן יהודה, התשעים ושלוש, כהן חיים, כץ מיכל לייב",4,42,406847,,,,,,,,,99,34.881141,32.080892
1133,100468,2000108,300016,40000007,פתח תקוה,המרכז השקט,4,42,539498,,,,,,,,,99,34.885969,32.080038
1132,100469,2000111,300016,40000007,מועצה אזורית דרום השרון,גבעת השלושה כפר סירקין עינת,4,42,14831178,,,,,,,,,99,34.927898,32.088806
1167,100470,2000127,300014,40000006,כפר סבא,כפר סבא הצעירה,4,42,1834313,,,,,,,,,99,34.918435,32.188642
1166,100471,2000128,300014,40000006,כפר סבא,גאולים ותקומה,4,42,839253,,,,,,,,,99,34.919869,32.168917
1165,100472,2000115,300013,40000006,נתניה,קרית רבין וקדמה,4,41,1437079,,,,,,,,,99,34.883276,32.315523
1153,100473,2000081,300005,40000001,קרית שמונה,"אשכול, זאב ז'בוטינסקי. אזור תעשיה דרומי",2,21,1499391,414,32,3208,5,1,4,100473,2000081,32,35.572765,33.200343
1152,100474,2000160,300012,40000006,קדימה- צורן,קדימה,4,41,9107307,,,,,,,,,99,34.910389,32.282196
1151,100475,2000160,300012,40000006,קדימה- צורן,תעשיון השרון,4,41,266714,,,,,,,,,99,34.92013,32.27472
1149,100476,2000160,300012,40000006,קדימה- צורן,צורן,4,41,2466444,,,,,,,,,99,34.94279,32.291226
1158,100477,2000144,300025,40000011,יבנה,נאות רבין,4,44,3699623,,,,,,,,,99,34.726379,31.863105
1156,100478,2000151,300025,40000011,מועצה אזורית חבל יבנה,בניה ובית גמליאל,4,44,9321738,,,,,,,,,99,34.749107,31.855062
1154,100479,2000144,300025,40000011,מועצה אזורית גן רווה,גאליה,4,44,3953043,,,,,,,,,99,34.763935,31.882749
1193,100480,2000193,300020,40000009,רמת גן,"מרכז רפואי ע''ש שיבא, תל השומר",5,51,801398,,,,,,,,,99,34.846203,32.047104
1191,100481,2000193,300020,40000009,רמת גן,"נווה אפעל, רמת אפעל",5,51,2088827,,,,,,,,,99,34.836965,32.04597
1189,100482,2000189,300017,40000007,רמת גן,"כפר אזר""",5,51,1174887,,,,,,,,,99,34.839501,32.057647
1186,100483,2000171,300019,40000008,תל אביב,מונטיפיורי והרכבת,5,51,679640,,,,,,,,,99,34.785318,32.063911
1174,100484,2000174,300019,40000008,תל אביב,יד אליהו (דרום-מערב) - היכל נוקיה,5,51,225326,,,,,,,,,99,34.788762,32.061538
1173,100485,2000178,300019,40000008,תל אביב,קרית עתידים,5,51,1529019,,,,,,,,,99,34.839114,32.112379
1172,100486,2000202,300018,40000006,רמת השרון,המוסד וחניון סינמה סיטי,5,51,692792,,,,,,,,,99,34.805577,32.143861
1170,100487,2000205,300018,40000006,רמת השרון,הכפר הירוק,5,51,805032,,,,,,,,,99,34.825665,32.132816
1179,100488,2000169,300019,40000008,תל אביב,רכבת מרכז,5,51,247243,,,,,,,,,99,34.795734,32.081814
1176,100489,2000202,300018,40000006,רמת השרון,מחנה גלילות,5,51,1904301,,,,,,,,,99,34.822005,32.143072
1208,100490,2000202,300018,40000006,תל אביב,פי גלילות,5,51,1337697,,,,,,,,,99,34.802313,32.133605
1220,100491,2000206,300017,40000007,תל השומר,מחנה יעקב דורי,5,51,2864534,,,,,,,,,99,34.854707,32.041941
1218,100492,2000205,300018,40000006,רמת השרון,"תעש רמת השרון""",4,42,4383975,,,,,,,,,99,34.867085,32.137401
1216,100493,2000139,300014,40000006,הוד השרון,נווה נאמן ופארק הוד השרון,4,42,1631529,,,,,,,,,99,34.891342,32.129399
1213,100494,2000183,300021,40000009,חולון,מולדת צפון,5,51,2268671,,,,,,,,,99,34.792148,32.000309
1202,100495,2000183,300021,40000009,חולון,מולדת דרום,5,51,1632654,,,,,,,,,99,34.786996,31.993236
1201,100496,2000244,300011,40000005,אריאל,"פארק תעשיות ברקן, אריאל מערב",7,71,8692968,,,,,,,,,99,35.117124,32.100243
1200,100497,2000132,300024,40000010,לוד,אחיסמך,4,43,4724229,,,,,,,,,99,34.902289,31.937985
1198,100498,2000158,300024,40000010,מחנה ידין - צריפין,צריפין,4,43,1394841,,,,,,,,,99,34.83901,31.95533
1206,100499,2000163,300024,40000010,קרית שדה התעופה,קרית שדה התעופה,4,43,1012557,,,,,,,,,99,34.912342,31.9898
65,100500,2000171,300019,40000008,תל אביב,תל אביב -יפו: קניון עזריאלי,5,51,220141,,,,,,,,,99,34.793442,32.076405
64,100501,2000171,300019,40000008,תל אביב,שכונת מונטיפיורי,5,51,230926,,,,,,,,,99,34.790101,32.070292
63,100502,2000174,300019,40000008,תל אביב,"נחלת יצחק, את נחלת יצחק""",5,51,555253,,,,,,,,,99,34.797315,32.074998
114,100503,2000154,300012,40000006,קלנסווה,קלנסווה,4,41,8385753,,,,,,,,,99,34.977561,32.292883
110,100504,2000148,300014,40000006,ג'לג'וליה,ג'לג'וליה,4,42,2179698,,,,,,,,,99,34.948073,32.149502
108,100505,2000002,300027,40000012,ירושלים,אזור תעשיה עטרות,1,11,3761045,,,,,,,,,99,35.215423,31.864498
106,100506,2000002,300027,40000012,ירושלים,כפר עקב,1,11,2045850,,,,,,,,,99,35.216585,31.872784
119,100507,2000011,300027,40000012,ירושלים,מצודת נחמיה,1,11,342796,,,,,,,,,99,35.236312,31.841183
118,100508,2000011,300027,40000012,ירושלים,נווה יעקב,1,11,1379952,,,,,,,,,99,35.24391,31.839536
117,100509,2000011,300027,40000012,ירושלים,פסגת זאב מזרח,1,11,2820427,,,,,,,,,99,35.248474,31.820305
93,100510,2000003,300027,40000012,ירושלים,מזרח שועפאט,1,11,721303,,,,,,,,,99,35.232685,31.812813
92,100511,2000003,300027,40000012,ירושלים,מערב שועפאט,1,11,1403875,,,,,,,,,99,35.224148,31.812741
91,100512,2000002,300027,40000012,ירושלים,דרום בית חנינא,1,11,1812642,,,,,,,,,99,35.224951,31.823987
90,100513,2000003,300027,40000012,ירושלים,שועפט- ענתות,1,11,430716,,,,,,,,,99,35.237548,31.813317
145,100514,2000002,300027,40000012,ירושלים,צפון בית חנינא,1,11,1830616,,,,,,,,,99,35.225183,31.833698
143,100515,2000002,300027,40000012,ירושלים,בית חנינא- ביסאן,1,11,1665978,,,,,,,,,99,35.2233,31.842599
141,100516,2000003,300027,40000012,ירושלים,עיסוויא,1,11,1929252,,,,,,,,,99,35.252141,31.793808
139,100517,2000003,300027,40000012,ירושלים,ענתות- ענאתא,1,11,1710561,,,,,,,,,99,35.24842,31.808751
153,100518,2000005,300027,40000012,ירושלים,רובעי העיר העתיקה,1,11,957531,,,,,,,,,99,35.230543,31.778047
151,100519,2000009,300027,40000012,ירושלים,אוניברסיטה העברית- הר הצופים,1,11,930731,,,,,,,,,99,35.242932,31.795023
122,100520,2000004,300027,40000012,ירושלים,"שייח ג'ארח, ואדי ג'וז",1,11,1072829,,,,,,,,,99,35.233797,31.79132
128,100521,2000004,300027,40000012,ירושלים,באב א זהרה,1,11,777168,,,,,,,,,99,35.231257,31.786276
127,100522,2000006,300027,40000012,ירושלים,הר הזיתים,1,11,2316385,,,,,,,,,99,35.24885,31.77905
126,100523,2000008,300027,40000012,ירושלים,רמות ב',1,11,1042954,,,,,,,,,99,35.194246,31.812132
125,100524,2000008,300027,40000012,ירושלים,רמות ד',1,11,1030687,,,,,,,,,99,35.187496,31.81953
170,100525,2000008,300027,40000012,ירושלים,רמות אלון ונווה אורות,1,11,1051386,,,,,,,,,99,35.203352,31.814134
168,100526,2000008,300027,40000012,ירושלים,רמות פולין,1,11,1419479,,,,,,,,,99,35.197706,31.820382
167,100527,2000009,300027,40000012,ירושלים,צמרת הבירה,1,11,1264686,,,,,,,,,99,35.235768,31.801973
166,100528,2000009,300027,40000012,ירושלים,רמת אשכול,1,11,1198102,,,,,,,,,99,35.221625,31.800996
175,100529,2000009,300027,40000012,ירושלים,מעלות דפנה,1,11,631904,,,,,,,,,99,35.225658,31.79319
157,100530,2000008,300027,40000012,ירושלים,רמת שלמה,1,11,1131411,,,,,,,,,99,35.218547,31.811999
155,100531,2000008,300027,40000012,ירושלים,"רמת שלמה, הר חוצבים, קרית תעשיות עתירות מדע",1,11,1022138,,,,,,,,,99,35.209677,31.805013
162,100532,2000006,300027,40000012,ירושלים,אבו תור,1,11,1045143,,,,,,,,,99,35.231199,31.766756
161,100533,2000006,300027,40000012,ירושלים,סילוואן- כפר השילוח,1,11,1044132,,,,,,,,,99,35.234596,31.773118
160,100534,2000006,300027,40000012,ירושלים,ראס אל עמוד,1,11,1279351,,,,,,,,,99,35.245875,31.76726
159,100535,2000007,300027,40000012,ירושלים,ערב א סוואחרה ואום ליטון,1,11,6073877,,,,,,,,,99,35.247027,31.744942
198,100536,2000001,300027,40000012,ירושלים,סור באהר ואום טובא,1,11,3877164,,,,,,,,,99,35.233278,31.732437
196,100537,2000010,300027,40000012,ירושלים,ירושלים: תחנה מרכזית,1,11,103659,,,,,,,,,99,35.201774,31.788853
195,100538,2000010,300027,40000012,ירושלים,מוסררה ונחלת השבעה,1,11,672988,,,,,,,,,99,35.221149,31.780841
194,100539,2000010,300027,40000012,ירושלים,שכונת הבוכרים,1,11,636537,,,,,,,,,99,35.219923,31.790826
181,100540,2000010,300027,40000012,ירושלים,רחביה וקרית וולפסון,1,11,671335,,,,,,,,,99,35.212577,31.774914
179,100541,2000012,300027,40000012,ירושלים,קרית הלאום,1,11,1301766,,,,,,,,,99,35.201263,31.780777
177,100542,2000012,300027,40000012,ירושלים,מוזיאון ישראל עמק המצלבה,1,11,608675,,,,,,,,,99,35.204047,31.770866
187,100543,2000012,300027,40000012,ירושלים,האוניברסיטה העברית- גבעת רם,1,11,1003413,,,,,,,,,99,35.197191,31.773642
185,100544,2000010,300027,40000012,ירושלים,נחלאות,1,11,509714,,,,,,,,,99,35.21157,31.782588
184,100545,2000010,300027,40000012,ירושלים,רוממה,1,11,830871,,,,,,,,,99,35.206832,31.790406
182,100546,2000017,300027,40000012,ירושלים,רוממה עילית וקרית מטרסדורף,1,11,458914,,,,,,,,,99,35.200687,31.793791
232,100547,2000009,300027,40000012,ירושלים,קרית בעלאז ועזרת תורה,1,11,946218,,,,,,,,,99,35.210313,31.796623
231,100548,2000017,300027,40000012,ירושלים,גבעת שאול א',1,11,1233354,,,,,,,,,99,35.191282,31.790546
230,100549,2000018,300027,40000012,ירושלים,גבעת שאול ב',1,11,788948,,,,,,,,,99,35.185353,31.787633
209,100550,2000017,300027,40000012,ירושלים,הר המנוחות,1,11,1260642,,,,,,,,,99,35.177741,31.796581
208,100551,2000017,300027,40000012,ירושלים,יער רמות,1,11,1757416,,,,,,,,,99,35.184088,31.804921
206,100552,2000017,300027,40000012,ירושלים,ירושלים:ליפתא,1,11,454254,,,,,,,,,99,35.19436,31.795577
204,100553,2000017,300027,40000012,ירושלים,נחל שורק / פארק  תמנע,1,11,1006136,,,,,,,,,99,35.193734,31.801723
219,100554,2000017,300027,40000012,ירושלים,בית זית וגבעת הברושים,1,11,2591696,,,,,,,,,99,35.165424,31.786853
216,100555,2000012,300027,40000012,ירושלים,בית וגן,1,11,1079692,,,,,,,,,99,35.183941,31.764232
212,100556,2000012,300027,40000012,ירושלים,הר הרצל,1,11,1548555,,,,,,,,,99,35.172594,31.774086
211,100557,2000012,300027,40000012,ירושלים,בית הכרם ויפה נוף,1,11,1534425,,,,,,,,,99,35.187416,31.775187
267,100558,2000017,300027,40000012,ירושלים,כפר שאול והר נוף,1,11,1489191,,,,,,,,,99,35.176825,31.785724
266,100559,2000013,300027,40000012,מועצה אזורית מטה יהודה,עמידנב ואורה,1,11,15864211,,,,,,,,,99,35.125166,31.747094
264,100560,2000013,300027,40000012,מועצה אזורית מטה יהודה,אבן ספיר,1,11,1961927,,,,,,,,,99,35.129518,31.762837
244,100561,2000017,300027,40000012,מבשרת ציון,גן לאומי הר חרות,1,11,6522643,,,,,,,,,99,35.143192,31.778212
243,100562,2000013,300027,40000012,ירושלים,הדסה עין כרם,1,11,1155101,,,,,,,,,99,35.146006,31.766304
242,100563,2000001,300027,40000012,ירושלים,חומת שמואל הר חומה,1,11,5434752,,,,,,,,,99,35.223032,31.724372
240,100564,2000001,300027,40000012,ירושלים,ירושלים: גבעת המטוס,1,11,369437,,,,,,,,,99,35.208622,31.737191
255,100565,2000015,300027,40000012,ירושלים,מזרח גילה,1,11,3072257,,,,,,,,,99,35.191007,31.730264
252,100566,2000015,300027,40000012,ירושלים,מערב גילה,1,11,2467382,,,,,,,,,99,35.179701,31.738124
249,100567,2000020,300028,40000013,ירושלים,נופי אביב וגבעת שרת,1,11,986758,,,,,,,,,99,34.983214,31.736925
246,100568,2000242,300028,40000013,ירושלים,אל ולג'ה,1,11,4879939,,,,,,,,,99,35.16497,31.733036
293,100569,2000016,300027,40000012,ירושלים,גבעת מרדכי,1,11,426087,,,,,,,,,99,35.197984,31.762892
292,100570,2000016,300027,40000012,ירושלים,עמק הצבאים,1,11,322011,,,,,,,,,99,35.194807,31.760291
291,100571,2000016,300027,40000012,ירושלים,איצטדיון טדי,1,11,263750,,,,,,,,,99,35.191113,31.752342
278,100572,2000012,300027,40000012,ירושלים,הולילנד ורמת שרת,1,11,525015,,,,,,,,,99,35.187662,31.757957
277,100573,2000013,300027,40000012,ירושלים,קרית היובל,1,11,586333,,,,,,,,,99,35.175795,31.756504
276,100574,2000013,300027,40000012,ירושלים,עין כרם,1,11,2717828,,,,,,,,,99,35.167269,31.76606
274,100575,2000013,300027,40000012,ירושלים,עיר גנים וגבעת משואה,1,11,2559883,,,,,,,,,99,35.173382,31.751668
285,100576,2000014,300027,40000012,ירושלים,ימין משה ( קניון ממילא),1,11,265438,,,,,,,,,99,35.224107,31.773831
283,100577,2000014,300027,40000012,ירושלים,"מתחם ימקא""",1,11,262205,,,,,,,,,99,35.220542,31.774287
280,100578,2000014,300027,40000012,ירושלים,ארנונה ותלפיות,1,11,1212202,,,,,,,,,99,35.22188,31.74794
279,100579,2000014,300027,40000012,מועצה אזורית מטה יהודה,רמת רחל,1,11,905642,,,,,,,,,99,35.218461,31.738402
500,100580,2000014,300027,40000012,ירושלים,תלפיות מזרח,1,11,1356339,,,,,,,,,99,35.232794,31.747287
499,100581,2000016,300027,40000012,ירושלים,קטמונים,1,11,1704246,,,,,,,,,99,35.20566,31.757492
496,100582,2000016,300027,40000012,ירושלים,קטמון הישנה,1,11,680146,,,,,,,,,99,35.209916,31.764963
483,100583,2000014,300027,40000012,ירושלים,צמרת אלנבי (מתחם אלנבי) ויער השלום,1,11,914072,,,,,,,,,99,35.225872,31.756675
482,100584,2000014,300027,40000012,ירושלים,עמק רפאים ובקעה,1,11,1287867,,,,,,,,,99,35.21544,31.758986
481,100585,2000017,300027,40000012,ירושלים,ירושלים,1,11,598178,,,,,,,,,99,35.167999,31.797317
478,100586,2000016,300027,40000012,ירושלים,גונן ט' וח',1,11,405888,,,,,,,,,99,35.194985,31.753444
488,100587,2000014,300027,40000012,ירושלים,תלפיות- תעשיה ומסחר,1,11,1186006,,,,,,,,,99,35.212003,31.747262
486,100588,2000243,300011,40000005,מעלה אדומים,אזור תעשייה מישור אדומים,7,71,8938113,,,,,,,,,99,35.336514,31.794054
484,100589,2000243,300011,40000005,מעלה אדומים,המצדים ואבני חושן,7,71,1380166,,,,,,,,,99,35.299551,31.779056
540,100590,2000243,300011,40000005,מעלה אדומים,כלי שיר ומצפה נבו,7,71,2381986,,,,,,,,,99,35.299003,31.787218
538,100591,2000243,300011,40000005,מעלה אדומים,נופי הסלע,7,71,4433804,,,,,,,,,99,35.315937,31.787039
536,100592,2000246,300011,40000005,אבו דיס,א זעים עזרייה אבו דיס דאר סלאח ג'והזם,7,71,50709714,,,,,,,,,99,35.279728,31.734155
533,100593,2000243,300011,40000005,מעלה אדומים,מגדים ומשואה,7,71,2340846,,,,,,,,,99,35.301717,31.772829
520,100594,2000023,300028,40000013,מועצה אזורית מטה יהודה,רמת רזיאל צובה גבעת יערים כסלון איתנים,1,11,36408931,,,,,,,,,99,35.067353,31.774456
519,100595,2000022,300028,40000013,מועצה אזורית מטה יהודה,בר גיורא נס הרים מטע,1,11,33101608,,,,,,,,,99,35.063107,31.738592
517,100596,2000022,300028,40000013,מועצה אזורית מטה יהודה,מחסיה ושמורת טבע נחל דולב,1,11,3317467,,,,,,,,,99,35.011334,31.738331
514,100597,2000023,300028,40000013,מועצה אזורית מטה יהודה,שורש שואבה בית מאיר,1,11,12710860,,,,,,,,,99,35.052041,31.79811
525,100598,2000011,300027,40000012,ירושלים,מרכז פסגת זאב,1,11,2746654,,,,,,,,,99,35.243722,31.830878
522,100599,2000023,300028,40000013,מועצה אזורית מטה יהודה,קריית ענבים מעלה החמישה בית נקופה הר אדר נווה אילן יד השמונה נטף,1,11,40626893,,,,,,,,,99,35.085457,31.827803
971,100600,2000023,300028,40000013,קרית יערים,קריית יערים,1,11,544016,,,,,,,,,99,35.098104,31.803427
970,100601,2000250,300011,40000005,מועצה מקומית גבעת זאב,גבעת זאב גבעון החדשה בית חורון,7,71,14205074,,,,,,,,,99,35.153336,31.856636
978,100602,2000244,300011,40000005,מועצה אזורית מטה בנימין,כוכב יעקב ופסגות,7,71,16637139,,,,,,,,,99,35.247388,31.890302
977,100603,2000244,300011,40000005,מועצה אזורית מטה בנימין,עפרה,7,71,7552592,,,,,,,,,99,35.278521,31.965059
976,100604,2000244,300011,40000005,מועצה אזורית מטה בנימין,גבע בנימין,7,71,3723675,,,,,,,,,99,35.280222,31.851048
975,100605,2000244,300011,40000005,מועצה אזורית מטה בנימין,עלמון,7,71,2919564,,,,,,,,,99,35.292123,31.826372
982,100606,2000244,300011,40000005,מועצה מקומית בית אל,בית אל,7,71,4944161,,,,,,,,,99,35.227469,31.936299
981,100607,2000244,300011,40000005,א ראם,א ראם,7,71,15181651,,,,,,,,,99,35.258438,31.860032
980,100608,2000250,300011,40000005,נבי סמואל,נבי סמואל קובייבה בית סוריכ,7,71,37017162,,,,,,,,,99,35.119489,31.835464
979,100609,2000241,300011,40000005,מועצה אזורית מטה בנימין,"דולב נחליאל טלמון נילי נעלה""",7,71,152196378,,,,,,,,,99,35.088853,31.97071
974,100610,2000244,300011,40000005,רמאללה,רמאללה בית ע'ור בית ליקיא בית חנינא ספא ג'יב,7,71,117911905,,,,,,,,,99,35.132855,31.882307
973,100611,2000244,300011,40000005,מחנה קלנדיה,מחנה פליטים קלנדיה,7,71,530541,,,,,,,,,99,35.229507,31.866987
972,100612,2000021,300028,40000013,בית שמש,אזור תעשיה ברוש מערב,1,11,5581230,,,,,,,,,99,34.96458,31.737663
713,100613,2000020,300028,40000013,מועצה אזורית מטה יהודה,בית ג'אמל,1,11,3698304,,,,,,,,,99,34.975097,31.726287
711,100614,2000019,300028,40000013,בית שמש,אזור תעשיה צפוני,1,11,175282,,,,,,,,,99,34.987183,31.756294
709,100615,2000019,300028,40000013,בית שמש,"רמבם והרובע""",1,11,1010257,,,,,,,,,99,34.986122,31.751577
705,100616,2000019,300028,40000013,בית שמש,"רמת לחי""",1,11,1196433,,,,,,,,,99,34.98411,31.746196
718,100617,2000019,300028,40000013,בית שמש,קנה הבושם,1,11,880059,,,,,,,,,99,34.997421,31.744563
717,100618,2000020,300028,40000013,בית שמש,גבעת סביון ונווה ספיר,1,11,1441351,,,,,,,,,99,34.986392,31.7408
715,100619,2000020,300028,40000013,בית שמש,רמת בית שמש ב',1,11,1224285,,,,,,,,,99,34.990076,31.728206
692,100620,2000021,300028,40000013,בית שמש,רמת בית שמש א' ויצחק בן צבי,1,11,3785785,,,,,,,,,99,34.992325,31.713584
691,100621,2000021,300028,40000013,בית שמש,רמת אברהם,1,11,678482,,,,,,,,,99,34.983896,31.718068
690,100622,2000021,300028,40000013,בית שמש,רמת בית שמש ד' צפון,1,11,2103297,,,,,,,,,99,34.969187,31.709724
689,100623,2000021,300028,40000013,בית שמש,רמת בית שמש ד' דרום,1,11,4642003,,,,,,,,,99,34.963553,31.701808
744,100624,2000021,300028,40000013,בית שמש,רמת בית שמש ג',1,11,1698508,,,,,,,,,99,34.986316,31.705137
741,100625,2000021,300028,40000013,בית שמש,רמת בית שמש ה',1,11,3031860,,,,,,,,,99,34.995834,31.696913
740,100626,2000023,300028,40000013,הר-טוב,הר טוב,1,11,1577504,,,,,,,,,99,34.997764,31.775788
738,100627,2000023,300028,40000013,מועצה אזורית מטה יהודה,כפר אוריה הראל תעוז תרום צלפון גיזו אשתאול מסילת ציון,1,11,39183321,,,,,,,,,99,34.970036,31.792046
748,100628,2000020,300028,40000013,מוצעה אזורית מטה יהודה,זנוח,1,11,1544747,,,,,,,,,99,34.999893,31.72918
746,100629,2000019,300028,40000013,בית שמש,אזור תעשיה צפוני,1,11,316334,,,,,,,,,99,34.994027,31.754374
719,100630,2000019,300028,40000013,אזור תעשיה שורק-נחם,מפעלי נשר (מלט),1,11,1495809,,,,,,,,,99,34.992652,31.765125
725,100631,2000019,300028,40000013,מחצבות שורק-נחם,מחצבות שורק-נחם,1,11,2897735,,,,,,,,,99,35.013292,31.758734
724,100632,2000023,300028,40000013,מועצה אזורית מטה יהודה,נחם,1,11,1630497,,,,,,,,,99,35.002471,31.767415
723,100633,2000022,300028,40000013,מועצה אזורית מטה יהודה,"נתיב הלה אביעזר נווה מיכאל אדרת""",1,11,78820127,,,,,,,,,99,35.016052,31.667873
722,100634,2000022,300028,40000013,מועצה אזורית מטה יהודה,לוזית נחושה עגור גבעת ישעיהו צפרירים שריגים (לי-און) כפר זוהרים בית ניר בית גוברין,1,11,72038021,,,,,,,,,99,34.911985,31.662948
779,100635,2000021,300028,40000013,שמורת טבע נחל דולב,מחצבת זנוח,1,11,1770925,,,,,,,,,99,35.013968,31.708822
777,100636,2000220,300028,40000013,בסיס שדות מיכה,בסיס שדות מיכה,1,11,46820590,,,,,,,,,99,34.888099,31.767014
776,100637,2000023,300028,40000013,מועצה אזורית מטה יהודה,דייר ראפאת גבעת שמש צרעה ישעי,1,11,20413355,,,,,,,,,99,34.93734,31.771441
772,100638,2000023,300028,40000013,מוצעה אזורית מטה בנימין,מבוא חורון,7,71,17711940,,,,,,,,,99,35.016019,31.837202
783,100639,2000022,300028,40000013,מועצה אזורית מטה יהודה,תירוש שדות מיכה גפן זכריה,1,11,30648176,,,,,,,,,99,34.910706,31.720118
752,100640,2000242,300028,40000013,חוסאן,בתיר חוסאן נחאלין,7,71,20045177,,,,,,,,,99,35.137477,31.702848
750,100641,2000242,300028,40000013,מועצה אזורית גוש עציון,הר גילה,7,71,648477,,,,,,,,,99,35.168781,31.722326
758,100642,2000242,300028,40000013,ביתר עילית,האתרוג הדס הדקל,7,71,2755258,,,,,,,,,99,35.113797,31.695963
757,100643,2000242,300028,40000013,ביתר עילית,הגפן והתמר,7,71,3133418,,,,,,,,,99,35.108539,31.700029
756,100644,2000242,300028,40000013,ואדי פוכין,ואדי פוכין,7,71,2917681,,,,,,,,,99,35.111963,31.714364
755,100645,2000241,300011,40000005,מועצה אזורית מטה בנימין,כפר האורנים,7,71,1981058,,,,,,,,,99,35.038938,31.913283
808,100646,2000241,300011,40000005,מודיעין עילית,נאות פסגה וגרין פארק,7,71,3130934,,,,,,,,,99,35.049828,31.92281
807,100647,2000241,300011,40000005,מודיעין עילית,"אחוזת ברכפלד, מתתיהו וקרית ספר",7,71,3360489,,,,,,,,,99,35.039263,31.933405
806,100648,2000241,300011,40000005,חשמונאים,רמת מודיעין וגני מודיעין,7,71,1970687,,,,,,,,,99,35.021008,31.932974
805,100649,2000024,300028,40000013,מבשרת ציון,נוף הרים ועמק הארזים,1,11,2487486,,,,,,,,,99,35.153204,31.799986
788,100650,2000024,300028,40000013,מבשרת ציון,שכונה ד' ורכס חלילים,1,11,1496982,,,,,,,,,99,35.156453,31.807414
787,100651,2000024,300028,40000013,מבשרת ציון,מעוז ציון ב' ומחצבת אבן סיד,1,11,611656,,,,,,,,,99,35.138651,31.789304
785,100652,2000024,300028,40000013,מבשרת ציון,"מוצא עילית ושכונה יא""",1,11,2540355,,,,,,,,,99,35.143513,31.793986
796,100653,2000246,300011,40000005,מועצה אזורית גוש עציון,כרמי צור חלחול בית אומר תרקומיא,7,71,246003222,,,,,,,,,99,35.102527,31.599853
795,100654,2000243,300011,40000005,קידר,קידר וואדי אווג' אבו נוואר ואדי אבו הינדי,7,71,12500822,,,,,,,,,99,35.315024,31.76182
793,100655,2000244,300011,40000005,ענתא,מחנה ענתות ענתא ואדי אל ביק אבו דאהוק,7,71,7943359,,,,,,,,,99,35.273706,31.809039
791,100656,2000244,300011,40000005,מעלה אדומים שטח קיי,ע'וואילה נח'ילה ביר אל מסקוב ואדי סניסל,7,71,11904057,,,,,,,,,99,35.303149,31.80282
837,100657,2000246,300011,40000005,בית לחם,בית לחם בית ג'אלא זעתרה אל חדר,7,71,47765361,,,,,,,,,99,35.212562,31.692275
836,100658,2000246,300011,40000005,מועצה אזורית גוש עציון,תקוע מעלה עמוס מצד שמעון ג'ורת א שמעה,7,71,41841739,,,,,,,,,99,35.200855,31.627869
835,100659,2000246,300011,40000005,מועצה מקומית אפרת,אפרת נווה דניאל ראש צורים בת עין כפר עציון אלעזר מגדל עוז,7,71,33565180,,,,,,,,,99,35.129464,31.660955
821,100660,2000246,300011,40000005,מועצה אזורית גוש עציון,תקוע נוקדים,7,71,12959952,,,,,,,,,99,35.239947,31.646275
818,100661,2000243,300011,40000005,מועצה אזורית מגילות,אלמוג קליה בית הערבה מצפה שלם אבנת מצפה יריחו ורד יריחו,7,71,977778676,,,,,,,,,99,35.352439,31.602035
817,100662,2000246,300011,40000005,קרית ארבע,גבעת חרסינה גבעת אבות וגל,7,71,6834535,,,,,,,,,99,35.117916,31.531128
814,100663,2000246,300011,40000005,חברון,חברון תפוח הפלסטינית תלם אדורה,7,71,61540854,,,,,,,,,99,35.07124,31.534908
830,100664,2000244,300011,40000005,מועצה אזורית מטה בנימין,מעלה מכמש,7,71,3443550,,,,,,,,,99,35.30859,31.875445
828,100665,2000244,300011,40000005,מועצה אזורית מטה בנימין,כפר אדומים,7,71,44297852,,,,,,,,,99,35.360572,31.837693
826,100666,2000244,300011,40000005,מועצה אזורית מטה בנימין,כוכב השחר רימונים,7,71,8192430,,,,,,,,,99,35.344382,31.946038
824,100667,2000001,300027,40000012,ירושלים,בית צפפא,1,11,1694837,,,,,,,,,99,35.203575,31.741203
866,100668,2000006,300027,40000012,ירושלים,א סוונא,1,11,1034497,,,,,,,,,99,35.243215,31.783878
865,100669,2000015,300027,40000012,ירושלים,שרפאת,1,11,1326836,,,,,,,,,99,35.189525,31.743646
860,100670,2000023,300028,40000013,אבו גוש ומועצה אזורית מטה יהודה,אבו גוש ידידה קריית יערים (מוסד) עין ראפה עין נקובא,1,11,4953003,,,,,,,,,99,35.111968,31.800753
845,100671,2000249,300011,40000005,אורנית,אורנית אלקנה שערי תקוה עץ אפרים חבלה,7,71,34188366,,,,,,,,,99,35.011935,32.13684
844,100672,2000023,300028,40000013,מועצה אזורית מטה יהודה,טל שחר נחשון בקוע נווה שלום,1,11,37470982,,,,,,,,,99,34.935307,31.822288
843,100673,2000247,300011,40000005,ג'נין,ג'נין בורקין  כפר דאן עראבה ג'למה כפר ראעי זבאבידה,7,71,391280338,,,,,,,,,99,35.282264,32.440287
841,100674,2000247,300011,40000005,מועצה אזורית שומרון,שבי שומרון ענב אבני חפץ טולכרם סאנור,7,71,335076107,,,,,,,,,99,35.166963,32.299107
852,100675,2000247,300011,40000005,מועצה אזורית שומרון,מבוא דותן חרמש ריחן חיננית שקד ברטעה יעבד,7,71,163290395,,,,,,,,,99,35.113569,32.41048
850,100676,2000248,300011,40000005,אלפי מנשה,אלפי מנשה קדומים כפר קדום עזון כפר ג'אמל באקה כפר ת'ולת ג'יסנאפוט,7,71,129377500,,,,,,,,,99,35.071564,32.197049
848,100677,2000248,300011,40000005,קלקיליה,קלקיליה,7,71,9855014,,,,,,,,,99,34.984406,32.18834
846,100678,2000147,300012,40000006,מועצה אזורית שומרון,סלעית צופים,7,71,16665726,,,,,,,,,99,35.019397,32.22142
907,100679,2000247,300011,40000005,מועצה אזורית שומרון,אלון מורה ברכה יצהר איתמר שכם,7,71,513607049,,,,,,,,,99,35.288732,32.227841
899,100680,2000247,300011,40000005,מועצה אזורית ערבות הירדן,שדמות מחולה ארגמן מחולה בקעות רועי חמדת רותם משכיות פרוש בית דג'ן,7,71,357561595,,,,,,,,,99,35.482809,32.269372
896,100681,2000244,300011,40000005,מעלה אפרים,"מעלה אפרים ננתיב הגדוד תומר יפית משואה גלגל ייטב פצאל נירן נעמ""ה חמרה גיתית מכורה""",7,71,531975133,,,,,,,,,99,35.42893,32.041552
876,100682,2000247,300011,40000005,מועצה אזורית מטה בנימין,כפר תפוח שילה מגדלים עלי רחלים מעלה לבונה,7,71,52776228,,,,,,,,,99,35.27773,32.075112
875,100683,2000244,300011,40000005,סינג'יל,סינג'יל דיר דיבוואן רמון טייבה דיר דיוואן,7,71,122170811,,,,,,,,,99,35.300105,31.945383
873,100684,2000245,300011,40000005,מועצה אזורית שומרון,בידיה,7,71,25203853,,,,,,,,,99,35.0722,32.116397
870,100685,2000246,300011,40000005,מועצה אזורית הר חברון,נגוהות אשכולות טנא,7,71,252623198,,,,,,,,,99,34.973581,31.472616
884,100686,2000247,300011,40000005,מועצה אזורית שומרון,מעלה שומרון קרני שומרון יקיר נופים עמנואל,7,71,32044448,,,,,,,,,99,35.109697,32.158629
882,100687,2000244,300011,40000005,ביר זית,ביר זית רואבי דיר אבו משעל בורוקין וכפר א דיכ קראות בני זיד,7,71,246497092,,,,,,,,,99,35.163269,32.017941
880,100688,2000246,300011,40000005,מועצה אזורית הר חברון,עתניאל שמעה חגי סוסיה,7,71,232747777,,,,,,,,,99,35.077348,31.427157
878,100689,2000244,300011,40000005,יריחו,יריחו עקבת ג'אבר נועימה גשר אלנבי,7,71,154408928,,,,,,,,,99,35.473105,31.865836
941,100690,2000030,300004,40000003,חיפה,עין הים,3,31,473152,113,15,1510,4,4,1,100690,2000030,15,34.962118,32.827532
939,100691,2000030,300004,40000003,חיפה,קרית שפרינצק,3,31,812965,115,15,1513,4,4,1,100691,2000030,15,34.962552,32.819383
939,100691,2000030,300004,40000003,חיפה,קרית שפרינצק,3,31,812965,114,15,1511,4,4,1,100691,2000030,15,34.958918,32.81552
934,100692,2000030,300004,40000003,חיפה,נווה דוד ושער העלייה,3,31,1491234,544,15,1523,4,4,1,100692,2000030,15,34.964889,32.799314
934,100692,2000030,300004,40000003,חיפה,נווה דוד ושער העלייה,3,31,1491234,117,15,1514,4,4,1,100692,2000030,15,34.958731,32.791053
934,100692,2000030,300004,40000003,חיפה,נווה דוד ושער העלייה,3,31,1491234,116,15,1512,4,4,1,100692,2000030,15,34.966546,32.784499
917,100693,2000036,300004,40000003,חיפה,בית קברות שדה יהושוע,3,31,1202246,650,15,1516,4,4,1,100693,2000036,15,34.968206,32.784288
917,100693,2000036,300004,40000003,חיפה,בית קברות שדה יהושוע,3,31,1202246,545,15,1515,4,4,1,100693,2000036,15,34.956957,32.795868
915,100694,2000036,300004,40000003,חיפה,מרכז תעשיות מדע (מת''ם) - מערב,3,31,635012,566,15,1517,4,4,1,100694,2000036,15,34.967511,32.776922
913,100695,2000036,300004,40000003,חיפה,קניון חיפה ואצטדיון סמי עופר,3,31,928868,672,15,1524,4,4,1,100695,2000036,15,34.990086,32.820315
913,100695,2000036,300004,40000003,חיפה,קניון חיפה ואצטדיון סמי עופר,3,31,928868,615,15,1518,4,4,1,100695,2000036,15,34.995101,32.815761
910,100696,2000035,300004,40000003,חיפה,נאות פרס (תחילת אכילוס),3,31,223220,649,15,1519,4,4,1,100696,2000035,15,35.001272,32.814727
923,100697,2000036,300004,40000003,חיפה,"החוף הדרומי, חוף כרמל",3,31,1099505,569,15,1520,4,4,1,100697,2000036,15,35.012316,32.802083
922,100698,2000036,300004,40000003,חיפה,מחנה טירה,3,31,581976,564,15,1521,4,4,1,100698,2000036,15,34.997995,32.819122
919,100699,2000029,300004,40000003,חיפה,המושבה הגרמנית ובית החולים האיטלקי,3,31,562772,300,13,1304,4,4,1,100699,2000029,13,34.997067,32.813465
919,100699,2000029,300004,40000003,חיפה,המושבה הגרמנית ובית החולים האיטלקי,3,31,562772,252,13,1303,4,4,1,100699,2000029,13,34.992678,32.811337
919,100699,2000029,300004,40000003,חיפה,המושבה הגרמנית ובית החולים האיטלקי,3,31,562772,109,13,1302,4,4,1,100699,2000029,13,34.98725,32.813408
299,100700,2000029,300004,40000003,חיפה,"ואדי ניסנאס, עיר תחתית",3,31,213932,543,13,1306,4,4,1,100700,2000029,13,35.000519,32.797554
299,100700,2000029,300004,40000003,חיפה,"ואדי ניסנאס, עיר תחתית",3,31,213932,108,13,1305,4,4,1,100700,2000029,13,34.993439,32.805164
306,100701,2000029,300004,40000003,חיפה,חיפה: קריית הממשלה,3,31,164026,619,13,1308,4,4,1,100701,2000029,13,34.994324,32.801213
306,100701,2000029,300004,40000003,חיפה,חיפה: קריית הממשלה,3,31,164026,595,13,1313,4,4,1,100701,2000029,13,34.998509,32.804954
305,100702,2000029,300004,40000003,חיפה,"ואדי רושמייה, עיר תחתית (מזרח)",3,31,254319,107,13,1311,4,4,1,100702,2000029,13,35.00289,32.80863
304,100703,2000029,300004,40000003,חיפה,"רכבת מרכז, מרכז אקדמי כרמל, יפו",3,31,269883,617,13,1312,4,4,1,100703,2000029,13,35.004855,32.791187
304,100703,2000029,300004,40000003,חיפה,"רכבת מרכז, מרכז אקדמי כרמל, יפו",3,31,269883,301,13,1307,4,4,1,100703,2000029,13,35.011273,32.798036
303,100704,2000032,300004,40000003,חיפה,"הדר (צפון-מזרח), מרכז הדר (צפון)",3,31,224869,274,14,1401,4,4,1,100704,2000032,14,35.00996,32.792992
303,100704,2000032,300004,40000003,חיפה,"הדר (צפון-מזרח), מרכז הדר (צפון)",3,31,224869,135,14,1416,4,4,1,100704,2000032,14,35.572822,32.973799
310,100705,2000032,300004,40000003,חיפה,"מרכז הדר (דרום - מערב), הרצליה",3,31,302359,273,14,1407,4,4,1,100705,2000032,14,35.016545,32.79268
310,100705,2000032,300004,40000003,חיפה,"מרכז הדר (דרום - מערב), הרצליה",3,31,302359,134,14,1402,4,4,1,100705,2000032,14,35.017283,32.78841
310,100705,2000032,300004,40000003,חיפה,"מרכז הדר (דרום - מערב), הרצליה",3,31,302359,130,14,1406,4,4,1,100705,2000032,14,35.020158,32.792315
309,100706,2000032,300004,40000003,חיפה,"גן הבהאים, הדר (צפון - מזרח)",3,31,384179,256,14,1403,4,4,1,100706,2000032,14,35.022881,32.785056
308,100707,2000032,300004,40000003,חיפה,"רמת ויז'ניץ, מעונות גאולה",3,31,411968,139,14,1405,4,4,1,100707,2000032,14,35.002313,32.786227
307,100708,2000031,300004,40000003,חיפה,גאולה וגולומב,3,31,765187,294,16,1633,4,4,1,100708,2000031,16,35.012884,32.783452
307,100708,2000031,300004,40000003,חיפה,גאולה וגולומב,3,31,765187,293,14,1413,4,4,1,100708,2000031,14,35.008493,32.776318
307,100708,2000031,300004,40000003,חיפה,גאולה וגולומב,3,31,765187,250,14,1412,4,4,1,100708,2000031,14,35.021749,32.776057
307,100708,2000031,300004,40000003,חיפה,גאולה וגולומב,3,31,765187,132,14,1418,4,4,1,100708,2000031,14,34.997946,32.783599
307,100708,2000031,300004,40000003,חיפה,גאולה וגולומב,3,31,765187,131,14,1414,4,4,1,100708,2000031,14,34.977778,32.811297
302,100709,2000031,300004,40000003,חיפה,כרמל מרכזי (צפון) ובית חולים אלישע,3,31,368652,251,16,1631,4,4,1,100709,2000031,16,34.974178,32.81044
302,100709,2000031,300004,40000003,חיפה,כרמל מרכזי (צפון) ובית חולים אלישע,3,31,368652,122,16,1632,4,4,1,100709,2000031,16,34.974303,32.804553
301,100710,2000032,300004,40000003,חיפה,הדר הכרמל,3,31,321739,138,14,1415,4,4,1,100710,2000032,14,34.978864,32.795458
301,100710,2000032,300004,40000003,חיפה,הדר הכרמל,3,31,321739,133,14,1411,4,4,1,100710,2000032,14,34.993653,32.79507
300,100711,2000029,300004,40000003,חיפה,עיר תחת מזרח- ואדי סליב,3,31,742682,292,14,1417,4,4,1,100711,2000029,14,34.986184,32.801486
300,100711,2000029,300004,40000003,חיפה,עיר תחת מזרח- ואדי סליב,3,31,742682,265,14,1409,4,4,1,100711,2000029,14,34.975926,32.82036
300,100711,2000029,300004,40000003,חיפה,עיר תחת מזרח- ואדי סליב,3,31,742682,137,14,1410,4,4,1,100711,2000029,14,34.996324,32.790271
300,100711,2000029,300004,40000003,חיפה,עיר תחת מזרח- ואדי סליב,3,31,742682,136,14,1408,4,4,1,100711,2000029,14,34.99455,32.78182
300,100711,2000029,300004,40000003,חיפה,עיר תחת מזרח- ואדי סליב,3,31,742682,228,13,1309,4,4,1,100711,2000029,13,34.995488,32.764286
300,100711,2000029,300004,40000003,חיפה,עיר תחת מזרח- ואדי סליב,3,31,742682,227,13,1310,4,4,1,100711,2000029,13,35.020074,32.762115
318,100712,2000033,300004,40000003,חיפה,חיפה: גרנד קניון,3,31,170605,616,17,1709,4,4,1,100712,2000033,17,35.00401,32.77151
316,100713,2000033,300004,40000003,חיפה,"חליסה, תל עמל",3,31,341853,317,17,1725,4,4,1,100713,2000033,17,34.980913,32.787234
316,100713,2000033,300004,40000003,חיפה,"חליסה, תל עמל",3,31,341853,316,17,1724,4,4,1,100713,2000033,17,34.983921,32.77649
316,100713,2000033,300004,40000003,חיפה,"חליסה, תל עמל",3,31,341853,314,17,1722,4,4,1,100713,2000033,17,34.979383,32.778566
316,100713,2000033,300004,40000003,חיפה,"חליסה, תל עמל",3,31,341853,313,17,1721,4,4,1,100713,2000033,17,35.049744,32.823551
316,100713,2000033,300004,40000003,חיפה,"חליסה, תל עמל",3,31,341853,141,17,1702,4,4,1,100713,2000033,17,35.066647,32.812961
316,100713,2000033,300004,40000003,חיפה,"חליסה, תל עמל",3,31,341853,140,17,1701,4,4,1,100713,2000033,17,35.050713,32.802047
315,100714,2000033,300004,40000003,חיפה,יזרעאליה,3,31,682084,327,17,1738,4,4,1,100714,2000033,17,35.033912,32.775173
315,100714,2000033,300004,40000003,חיפה,יזרעאליה,3,31,682084,326,17,1737,4,4,1,100714,2000033,17,35.026427,32.768509
315,100714,2000033,300004,40000003,חיפה,יזרעאליה,3,31,682084,325,17,1736,4,4,1,100714,2000033,17,35.038656,32.756376
315,100714,2000033,300004,40000003,חיפה,יזרעאליה,3,31,682084,321,17,1730,4,4,1,100714,2000033,17,35.040428,32.767925
315,100714,2000033,300004,40000003,חיפה,יזרעאליה,3,31,682084,320,17,1729,4,4,1,100714,2000033,17,35.044603,32.782063
315,100714,2000033,300004,40000003,חיפה,יזרעאליה,3,31,682084,319,17,1704,4,4,1,100714,2000033,17,35.060316,32.768916
315,100714,2000033,300004,40000003,חיפה,יזרעאליה,3,31,682084,149,17,1708,4,4,1,100714,2000033,17,35.045713,32.771664
315,100714,2000033,300004,40000003,חיפה,יזרעאליה,3,31,682084,148,17,1707,4,4,1,100714,2000033,17,34.965239,32.764166
314,100715,2000069,300005,40000001,ראש פינה,נמל תעופה ראש פינה,2,21,4938070,758,32,3214,5,1,4,100715,2000069,32,34.97471,32.764795
324,100716,2000033,300004,40000003,חיפה,נווה יוסף,3,31,576839,344,17,1735,4,4,1,100716,2000033,17,34.974548,32.752237
324,100716,2000033,300004,40000003,חיפה,נווה יוסף,3,31,576839,324,17,1734,4,4,1,100716,2000033,17,34.958481,32.767451
324,100716,2000033,300004,40000003,חיפה,נווה יוסף,3,31,576839,323,17,1733,4,4,1,100716,2000033,17,34.965129,32.752321
324,100716,2000033,300004,40000003,חיפה,נווה יוסף,3,31,576839,322,17,1732,4,4,1,100716,2000033,17,34.956896,32.77602
324,100716,2000033,300004,40000003,חיפה,נווה יוסף,3,31,576839,147,17,1706,4,4,1,100716,2000033,17,34.967898,32.769951
324,100716,2000033,300004,40000003,חיפה,נווה יוסף,3,31,576839,143,17,1705,4,4,1,100716,2000033,17,35.068772,32.835675
323,100717,2000033,300004,40000003,חיפה,נווה שאנן (מרכז),3,31,246276,332,17,1746,4,4,1,100717,2000033,17,35.057854,32.830262
323,100717,2000033,300004,40000003,חיפה,נווה שאנן (מרכז),3,31,246276,331,17,1745,4,4,1,100717,2000033,17,35.0711,32.824451
323,100717,2000033,300004,40000003,חיפה,נווה שאנן (מרכז),3,31,246276,330,17,1744,4,4,1,100717,2000033,17,35.068822,32.818534
323,100717,2000033,300004,40000003,חיפה,נווה שאנן (מרכז),3,31,246276,146,17,1713,4,4,1,100717,2000033,17,35.086542,32.855701
322,100718,2000033,300004,40000003,חיפה,נווה פז,3,31,549356,653,17,1728,4,4,1,100718,2000033,17,35.071799,32.855933
322,100718,2000033,300004,40000003,חיפה,נווה פז,3,31,549356,652,17,1726,4,4,1,100718,2000033,17,35.06297,32.841174
322,100718,2000033,300004,40000003,חיפה,נווה פז,3,31,549356,636,17,1719,4,4,1,100718,2000033,17,35.073539,32.845899
322,100718,2000033,300004,40000003,חיפה,נווה פז,3,31,549356,318,17,1727,4,4,1,100718,2000033,17,35.067778,32.849711
322,100718,2000033,300004,40000003,חיפה,נווה פז,3,31,549356,315,17,1723,4,4,1,100718,2000033,17,35.08091,32.850281
322,100718,2000033,300004,40000003,חיפה,נווה פז,3,31,549356,142,17,1703,4,4,1,100718,2000033,17,35.084906,32.845797
320,100719,2000033,300004,40000003,חיפה,נווה שאנן,3,31,681668,335,17,1749,4,4,1,100719,2000033,17,35.078982,32.838836
320,100719,2000033,300004,40000003,חיפה,נווה שאנן,3,31,681668,334,17,1748,4,4,1,100719,2000033,17,35.076149,32.829047
320,100719,2000033,300004,40000003,חיפה,נווה שאנן,3,31,681668,333,17,1747,4,4,1,100719,2000033,17,35.081546,32.872712
320,100719,2000033,300004,40000003,חיפה,נווה שאנן,3,31,681668,145,17,1714,4,4,1,100719,2000033,17,35.098772,32.866917
320,100719,2000033,300004,40000003,חיפה,נווה שאנן,3,31,681668,144,17,1731,4,4,1,100719,2000033,17,35.097782,32.857322
313,100720,2000034,300004,40000003,חיפה,רמת ספיר,3,31,309191,155,17,1710,4,4,1,100720,2000034,17,35.095063,32.850006
312,100721,2000034,300004,40000003,חיפה,זיו ורמת חן,3,31,1082798,656,17,1743,4,4,1,100721,2000034,17,35.094571,32.842534
312,100721,2000034,300004,40000003,חיפה,זיו ורמת חן,3,31,1082798,655,17,1742,4,4,1,100721,2000034,17,35.08295,32.820076
312,100721,2000034,300004,40000003,חיפה,זיו ורמת חן,3,31,1082798,654,17,1740,4,4,1,100721,2000034,17,35.107055,32.839177
312,100721,2000034,300004,40000003,חיפה,זיו ורמת חן,3,31,1082798,329,17,1741,4,4,1,100721,2000034,17,35.103716,32.831697
312,100721,2000034,300004,40000003,חיפה,זיו ורמת חן,3,31,1082798,328,17,1739,4,4,1,100721,2000034,17,35.089886,32.832739
312,100721,2000034,300004,40000003,חיפה,זיו ורמת חן,3,31,1082798,154,17,1711,4,4,1,100721,2000034,17,35.083467,32.811136
312,100721,2000034,300004,40000003,חיפה,זיו ורמת חן,3,31,1082798,153,17,1716,4,4,1,100721,2000034,17,35.103323,32.85309
312,100721,2000034,300004,40000003,חיפה,זיו ורמת חן,3,31,1082798,150,17,1712,4,4,1,100721,2000034,17,35.11606,32.83371
311,100722,2000034,300004,40000003,חיפה,"רמת אלון, רמות רמז (דרום)",3,31,687814,342,17,1750,4,4,1,100722,2000034,17,35.283659,31.837815
311,100722,2000034,300004,40000003,חיפה,"רמת אלון, רמות רמז (דרום)",3,31,687814,152,17,1715,4,4,1,100722,2000034,17,35.105839,32.483098
311,100722,2000034,300004,40000003,חיפה,"רמת אלון, רמות רמז (דרום)",3,31,687814,151,17,1717,4,4,1,100722,2000034,17,35.126024,32.810546
340,100723,2000034,300004,40000003,חיפה,קרית הטכניון,3,31,1293226,546,17,1718,4,4,1,100723,2000034,17,35.111911,32.816109
339,100724,2000034,300004,40000003,חיפה,רוממה החדשה,3,31,627049,676,17,1751,4,4,1,100724,2000034,17,35.119177,32.810571
339,100724,2000034,300004,40000003,חיפה,רוממה החדשה,3,31,627049,547,17,1720,4,4,1,100724,2000034,17,35.125373,32.815392
339,100724,2000034,300004,40000003,חיפה,רוממה החדשה,3,31,627049,156,16,1618,4,4,1,100724,2000034,16,35.141061,32.812613
338,100725,2000037,300004,40000003,חיפה,רמת התישבי,3,31,751676,264,16,1603,4,4,1,100725,2000037,16,35.137082,32.803048
338,100725,2000037,300004,40000003,חיפה,רמת התישבי,3,31,751676,263,16,1606,4,4,1,100725,2000037,16,35.141633,32.820943
337,100726,2000037,300004,40000003,חיפה,כרמל מערבי,3,31,1078839,127,16,1604,4,4,1,100726,2000037,16,34.806394,32.014922
337,100726,2000037,300004,40000003,חיפה,כרמל מערבי,3,31,1078839,126,16,1605,4,4,1,100726,2000037,16,35.092145,32.818563
345,100727,2000037,300004,40000003,חיפה,"כבירים, כרמל מרכזי (מערב), כבאביר",3,31,1071083,125,16,1607,4,4,1,100727,2000037,16,35.22301,31.762609
344,100728,2000031,300004,40000003,חיפה,כרמליה,3,31,1592335,268,16,1609,4,4,1,100728,2000031,16,35.101429,32.809319
344,100728,2000031,300004,40000003,חיפה,כרמליה,3,31,1592335,119,16,1611,4,4,1,100728,2000031,16,35.090152,32.800153
344,100728,2000031,300004,40000003,חיפה,כרמליה,3,31,1592335,118,16,1610,4,4,1,100728,2000031,16,35.110386,32.807152
343,100729,2000031,300004,40000003,חיפה,ורדיה,3,31,736477,121,16,1613,4,4,1,100729,2000031,16,35.105208,32.801116
343,100729,2000031,300004,40000003,חיפה,ורדיה,3,31,736477,120,16,1612,4,4,1,100729,2000031,16,35.1088,32.822469
333,100730,2000031,300004,40000003,חיפה,מרכז הכרמל,3,31,674926,124,16,1630,4,4,1,100730,2000031,16,35.185197,31.751458
333,100730,2000031,300004,40000003,חיפה,מרכז הכרמל,3,31,674926,123,16,1608,4,4,1,100730,2000031,16,34.928735,31.969928
331,100731,2000037,300004,40000003,חיפה,כרמל צרפתי ומכללת גורדון,3,31,1642689,275,16,1634,4,4,1,100731,2000037,16,35.068673,32.804961
331,100731,2000037,300004,40000003,חיפה,כרמל צרפתי ומכללת גורדון,3,31,1642689,255,16,1601,4,4,1,100731,2000037,16,35.070171,32.78037
331,100731,2000037,300004,40000003,חיפה,כרמל צרפתי ומכללת גורדון,3,31,1642689,128,16,1602,4,4,1,100731,2000037,16,34.959385,32.743531
331,100731,2000037,300004,40000003,חיפה,כרמל צרפתי ומכללת גורדון,3,31,1642689,129,14,1404,4,4,1,100731,2000037,14,35.069951,32.713671
329,100732,2000035,300004,40000003,חיפה,רוממה,3,31,518608,157,16,1614,4,4,1,100732,2000035,16,35.05278,32.674672
328,100733,2000035,300004,40000003,חיפה,גבעת דאונס,3,31,757806,674,16,1641,4,4,1,100733,2000035,16,34.944037,32.686711
328,100733,2000035,300004,40000003,חיפה,גבעת דאונס,3,31,757806,162,16,1617,4,4,1,100733,2000035,16,34.937964,32.712821
328,100733,2000035,300004,40000003,חיפה,גבעת דאונס,3,31,757806,161,16,1619,4,4,1,100733,2000035,16,34.986941,32.633981
79,100734,2000035,300004,40000003,חיפה,הוד הכרמל (דניה),3,31,2994708,165,16,1623,4,4,1,100734,2000035,16,34.938458,32.61133
78,100735,2000035,300004,40000003,חיפה,אוניברסיטת חיפה,3,31,813328,550,16,1624,4,4,1,100735,2000035,16,34.97813,32.685656
77,100736,2000035,300004,40000003,חיפה,רמת גולדה וסביוני הכרמל,3,31,1363712,549,16,1627,4,4,1,100736,2000035,16,34.947592,32.597072
77,100736,2000035,300004,40000003,חיפה,רמת גולדה וסביוני הכרמל,3,31,1363712,339,16,1639,4,4,1,100736,2000035,16,34.937034,32.583779
77,100736,2000035,300004,40000003,חיפה,רמת גולדה וסביוני הכרמל,3,31,1363712,295,16,1621,4,4,1,100736,2000035,16,34.978106,32.557863
77,100736,2000035,300004,40000003,חיפה,רמת גולדה וסביוני הכרמל,3,31,1363712,164,16,1622,4,4,1,100736,2000035,16,34.944982,32.561816
77,100736,2000035,300004,40000003,חיפה,רמת גולדה וסביוני הכרמל,3,31,1363712,163,16,1625,4,4,1,100736,2000035,16,35.000791,32.597916
74,100737,2000035,300004,40000003,חיפה,אחוזה,3,31,1847408,614,16,1628,4,4,1,100737,2000035,16,35.059029,32.634893
74,100737,2000035,300004,40000003,חיפה,אחוזה,3,31,1847408,159,16,1616,4,4,1,100737,2000035,16,35.095658,32.647944
74,100737,2000035,300004,40000003,חיפה,אחוזה,3,31,1847408,158,16,1615,4,4,1,100737,2000035,16,35.108445,32.655765
83,100738,2000035,300004,40000003,חיפה,רמת בגין,3,31,1592437,675,16,1640,4,4,1,100738,2000035,16,35.08488,32.641247
83,100738,2000035,300004,40000003,חיפה,רמת בגין,3,31,1592437,613,16,1629,4,4,1,100738,2000035,16,35.121877,32.665225
83,100738,2000035,300004,40000003,חיפה,רמת בגין,3,31,1592437,341,16,1636,4,4,1,100738,2000035,16,35.114293,32.765475
83,100738,2000035,300004,40000003,חיפה,רמת בגין,3,31,1592437,340,16,1635,4,4,1,100738,2000035,16,35.107524,32.749388
83,100738,2000035,300004,40000003,חיפה,רמת בגין,3,31,1592437,160,16,1626,4,4,1,100738,2000035,16,35.07087,32.754668
81,100739,2000035,300004,40000003,חיפה,רמת אשכול,3,31,950493,673,16,1638,4,4,1,100739,2000035,16,35.089939,32.75358
81,100739,2000035,300004,40000003,חיפה,רמת אשכול,3,31,950493,548,16,1637,4,4,1,100739,2000035,16,35.109371,32.731938
81,100739,2000035,300004,40000003,חיפה,רמת אשכול,3,31,950493,338,16,1620,4,4,1,100739,2000035,16,35.101306,32.782239
58,100740,2000028,300004,40000003,חיפה,אזור תעשיה- חוות המיכלים,3,31,2121634,610,12,1202,4,4,1,100740,2000028,12,35.172873,32.7773
58,100740,2000028,300004,40000003,חיפה,אזור תעשיה- חוות המיכלים,3,31,2121634,577,12,1204,4,4,1,100740,2000028,12,35.134166,32.727216
58,100740,2000028,300004,40000003,חיפה,אזור תעשיה- חוות המיכלים,3,31,2121634,542,12,1201,4,4,1,100740,2000028,12,35.116477,32.702945
62,100741,2000028,300004,40000003,חיפה,"אזור תעשיה מפרץ חיפה (צפון - מזרח), שכ' עירוני מפרץ",3,31,1068049,583,12,1203,4,4,1,100741,2000028,12,35.135145,32.754879
61,100742,2000028,300004,40000003,חיפה,חוצות המפרץ - אזור מסחר ותעשיה,3,31,342748,578,12,1210,4,4,1,100742,2000028,12,35.169811,32.727997
60,100743,2000078,300004,40000003,נשר,"בן דור, גבעת עמוס",3,31,408721,96,18,1804,4,8,1,100743,2000078,18,35.172723,32.747013
59,100744,2000078,300004,40000003,נשר,רמות יצחק (מערב),3,31,1575951,99,18,1805,4,8,1,100744,2000078,18,35.138616,32.686217
105,100745,2000078,300004,40000003,נשר,גבעת נשר,3,31,5285321,634,18,1810,4,8,1,100745,2000078,18,35.17108,32.696901
105,100745,2000078,300004,40000003,נשר,גבעת נשר,3,31,5285321,596,18,1808,4,8,1,100745,2000078,18,35.206746,32.719505
105,100745,2000078,300004,40000003,נשר,גבעת נשר,3,31,5285321,266,18,1807,4,8,1,100745,2000078,18,35.25941,32.758708
104,100746,2000078,300004,40000003,נשר,רמות יצחק,3,31,648760,98,18,1817,4,8,1,100746,2000078,18,35.308051,32.759105
104,100746,2000078,300004,40000003,נשר,רמות יצחק,3,31,648760,97,18,1806,4,8,1,100746,2000078,18,35.245705,32.706875
103,100747,2000026,300004,40000003,נשר,חברת חשמל אתר קישון,3,31,867181,671,18,1814,4,4,1,100747,2000026,18,35.20719,32.652005
103,100747,2000026,300004,40000003,נשר,חברת חשמל אתר קישון,3,31,867181,598,18,1801,4,4,1,100747,2000026,18,35.258564,32.69126
101,100748,2000078,300004,40000003,נשר,תעשיות מלט ואצטדיון העירוני,3,31,2199906,677,18,1815,4,8,1,100748,2000078,18,35.24013,32.684481
101,100748,2000078,300004,40000003,נשר,תעשיות מלט ואצטדיון העירוני,3,31,2199906,582,18,1802,8,8,1,100748,2000078,18,35.251508,32.676733
111,100749,2000078,300004,40000003,נשר,תל חנן,3,31,991277,597,18,1809,4,8,1,100749,2000078,18,35.234518,32.678613
111,100749,2000078,300004,40000003,נשר,תל חנן,3,31,991277,343,18,1816,4,8,1,100749,2000078,18,35.237859,32.665641
111,100749,2000078,300004,40000003,נשר,תל חנן,3,31,991277,95,18,1803,4,8,1,100749,2000078,18,35.270357,32.683363
85,100750,2000083,300004,40000003,טירת הכרמל,גלי כרמל והפרחים,3,31,960008,679,24,2420,4,4,1,100750,2000083,24,35.299243,32.695113
85,100750,2000083,300004,40000003,טירת הכרמל,גלי כרמל והפרחים,3,31,960008,541,24,2412,4,4,1,100750,2000083,24,35.301489,32.704218
85,100750,2000083,300004,40000003,טירת הכרמל,גלי כרמל והפרחים,3,31,960008,345,24,2421,4,4,1,100750,2000083,24,35.284809,32.715603
85,100750,2000083,300004,40000003,טירת הכרמל,גלי כרמל והפרחים,3,31,960008,88,24,2404,4,4,1,100750,2000083,24,35.292244,32.685466
84,100751,2000083,300004,40000003,טירת הכרמל,"רמבם ונווה אליאס""",3,31,988621,267,24,2415,4,4,1,100751,2000083,24,35.26274,32.720134
84,100751,2000083,300004,40000003,טירת הכרמל,"רמבם ונווה אליאס""",3,31,988621,260,24,2403,4,4,1,100751,2000083,24,35.33065,32.673206
84,100751,2000083,300004,40000003,טירת הכרמל,"רמבם ונווה אליאס""",3,31,988621,89,24,2405,4,4,1,100751,2000083,24,35.367968,32.731891
89,100752,2000083,300004,40000003,טירת הכרמל,אשכול ובן צבי,3,31,1557490,91,24,2407,4,4,1,100752,2000083,24,35.320464,32.708476
89,100752,2000083,300004,40000003,טירת הכרמל,אשכול ובן צבי,3,31,1557490,90,24,2406,4,4,1,100752,2000083,24,35.341844,32.702366
88,100753,2000090,300008,40000004,מועצה אזורית חוף כרמל,כפר גלים,3,31,617082,521,24,2408,4,4,2,100753,2000090,24,35.335827,32.716017
87,100754,2000083,300004,40000003,טירת הכרמל,נוף ים,3,31,608455,680,24,2426,4,4,1,100754,2000083,24,35.320562,32.702841
87,100754,2000083,300004,40000003,טירת הכרמל,נוף ים,3,31,608455,563,24,2413,4,4,1,100754,2000083,24,35.304912,32.728066
86,100755,2000036,300004,40000003,טירת הכרמל,"בסיס ציוד, משא- מפונה""",3,31,1618777,562,24,2401,4,4,1,100755,2000036,24,35.290367,32.724725
138,100756,2000036,300004,40000003,טירת הכרמל,"אזור תעשיה ועסקים, נאות כרמל",3,31,394521,565,24,2402,4,4,1,100756,2000036,24,35.356098,32.717893
137,100757,2000027,300004,40000003,חיפה,קרית שמואל,3,31,757336,101,8,802,4,4,1,100757,2000027,8,35.346989,32.752954
137,100757,2000027,300004,40000003,חיפה,קרית שמואל,3,31,757336,100,8,801,4,4,1,100757,2000027,8,35.335932,32.762381
136,100758,2000027,300004,40000003,חיפה,קרית חיים מערבית,3,31,1632813,103,8,803,4,4,1,100758,2000027,8,35.321863,32.75306
136,100758,2000027,300004,40000003,חיפה,קרית חיים מערבית,3,31,1632813,102,8,804,4,4,1,100758,2000027,8,35.336832,32.783518
134,100759,2000027,300004,40000003,חיפה,קרית חיים מזרחית,3,31,1088404,106,8,806,4,4,1,100759,2000027,8,35.163305,32.81651
134,100759,2000027,300004,40000003,חיפה,קרית חיים מזרחית,3,31,1088404,105,8,805,4,4,1,100759,2000027,8,35.182839,32.791124
134,100759,2000027,300004,40000003,חיפה,קרית חיים מזרחית,3,31,1088404,104,8,807,4,4,1,100759,2000027,8,35.198556,32.835363
116,100760,2000027,300004,40000003,חיפה,קרית חיים מזרחית- קרית החשמל,3,31,952491,233,8,808,4,4,1,100760,2000027,8,35.173793,32.827778
116,100760,2000027,300004,40000003,חיפה,קרית חיים מזרחית- קרית החשמל,3,31,952491,232,8,809,4,4,1,100760,2000027,8,35.203637,32.876373
115,100761,2000052,300004,40000003,קרית מוצקין,נווה גנים וסביוני ים,3,31,1091253,234,6,601,4,4,1,100761,2000052,6,35.222584,32.88259
115,100761,2000052,300004,40000003,קרית מוצקין,נווה גנים וסביוני ים,3,31,1091253,236,5,501,4,4,1,100761,2000052,5,35.176546,32.850047
113,100762,2000065,300004,40000003,קרית ים,אלמוגים,3,31,1004421,285,5,504,4,4,1,100762,2000065,5,35.131969,32.838548
124,100763,2000065,300004,40000003,קרית ים,קרית ים א',3,31,1125888,223,5,513,4,4,1,100763,2000065,5,35.161628,32.887167
124,100763,2000065,300004,40000003,קרית ים,קרית ים א',3,31,1125888,222,5,512,4,4,1,100763,2000065,5,35.120387,32.885147
124,100763,2000065,300004,40000003,קרית ים,קרית ים א',3,31,1125888,221,5,511,4,4,1,100763,2000065,5,35.103874,32.922059
124,100763,2000065,300004,40000003,קרית ים,קרית ים א',3,31,1125888,220,5,510,4,4,1,100763,2000065,5,35.079033,32.938582
123,100764,2000065,300004,40000003,קרית ים,"בנה ביתך, פסגות ים",3,31,599445,559,5,514,4,4,1,100764,2000065,5,35.075637,32.931045
123,100764,2000065,300004,40000003,קרית ים,"בנה ביתך, פסגות ים",3,31,599445,215,5,505,4,4,1,100764,2000065,5,35.080233,32.925903
121,100765,2000065,300004,40000003,קרית ים,קרית ים ב',3,31,847363,219,5,509,4,4,1,100765,2000065,5,35.071778,32.924438
121,100765,2000065,300004,40000003,קרית ים,קרית ים ב',3,31,847363,218,5,508,4,4,1,100765,2000065,5,35.079446,32.917508
121,100765,2000065,300004,40000003,קרית ים,קרית ים ב',3,31,847363,217,5,507,4,4,1,100765,2000065,5,35.085621,32.89872
121,100765,2000065,300004,40000003,קרית ים,קרית ים ב',3,31,847363,216,5,506,4,4,1,100765,2000065,5,35.100678,32.971499
120,100766,2000065,300004,40000003,קרית ים,"אזור התעשיה וביס מפלסים""",3,31,411451,214,5,503,4,4,1,100766,2000065,5,35.114928,32.99618
165,100767,2000052,300004,40000003,קרית מוצקין,משכנות אמנים ואביבים,3,31,1270982,271,6,602,4,4,1,100767,2000052,6,35.09292,33.007485
165,100767,2000052,300004,40000003,קרית מוצקין,משכנות אמנים ואביבים,3,31,1270982,235,6,604,4,4,1,100767,2000052,6,35.089492,32.995879
165,100767,2000052,300004,40000003,קרית מוצקין,משכנות אמנים ואביבים,3,31,1270982,187,6,603,4,4,1,100767,2000052,6,35.096368,33.019286
164,100768,2000052,300004,40000003,קרית מוצקין,"גן העצמאות, הגדוד העברי, ז'בוטינסקי",3,31,939293,190,6,609,4,4,1,100768,2000052,6,35.118093,33.011219
164,100768,2000052,300004,40000003,קרית מוצקין,"גן העצמאות, הגדוד העברי, ז'בוטינסקי",3,31,939293,189,6,607,4,4,1,100768,2000052,6,35.114042,33.031895
164,100768,2000052,300004,40000003,קרית מוצקין,"גן העצמאות, הגדוד העברי, ז'בוטינסקי",3,31,939293,188,6,606,4,4,1,100768,2000052,6,35.099857,33.035043
164,100768,2000052,300004,40000003,קרית מוצקין,"גן העצמאות, הגדוד העברי, ז'בוטינסקי",3,31,939293,186,6,605,4,4,1,100768,2000052,6,35.114822,33.071803
163,100769,2000052,300004,40000003,קרית מוצקין,אחי אילת,3,31,923676,194,6,612,4,4,1,100769,2000052,6,35.155707,33.069534
163,100769,2000052,300004,40000003,קרית מוצקין,אחי אילת,3,31,923676,193,6,608,4,4,1,100769,2000052,6,35.175265,33.042847
163,100769,2000052,300004,40000003,קרית מוצקין,אחי אילת,3,31,923676,192,6,610,4,4,1,100769,2000052,6,35.401105,33.032177
163,100769,2000052,300004,40000003,קרית מוצקין,אחי אילת,3,31,923676,191,6,611,4,4,1,100769,2000052,6,35.316075,33.056623
150,100770,2000065,300004,40000003,"רפאל- מכון דוד""","רפאל- מכון דוד""",3,31,5709331,558,6,613,4,4,1,100770,2000065,6,35.226693,33.06791
150,100770,2000065,300004,40000003,"רפאל- מכון דוד""","רפאל- מכון דוד""",3,31,5709331,635,5,502,4,4,1,100770,2000065,5,35.215078,32.941423
149,100771,2000045,300004,40000003,קרית ביאליק,אזור תעשיה קרית ביאליק,3,31,923267,659,7,721,4,4,1,100771,2000045,7,35.184162,33.026492
149,100771,2000045,300004,40000003,קרית ביאליק,אזור תעשיה קרית ביאליק,3,31,923267,584,7,701,4,4,1,100771,2000045,7,35.16892,32.98739
147,100772,2000045,300004,40000003,קרית ביאליק,צור שלום (צפון),3,31,403546,237,7,702,4,4,1,100772,2000045,7,35.154809,32.966489
144,100773,2000045,300004,40000003,קרית ביאליק,צור שלום (דרום),3,31,473105,270,7,703,4,4,1,100773,2000045,7,35.142871,32.951458
158,100774,2000045,300004,40000003,קרית ביאליק,הפרפר,3,31,866758,280,7,712,4,4,1,100774,2000045,7,35.151422,32.933116
158,100774,2000045,300004,40000003,קרית ביאליק,הפרפר,3,31,866758,277,7,704,4,4,1,100774,2000045,7,35.13456,32.931119
156,100775,2000045,300004,40000003,קרית ביאליק,דרום ביאליק וכפר ביאליק,3,31,1498768,298,7,714,4,4,1,100775,2000045,7,35.143241,32.918986
156,100775,2000045,300004,40000003,קרית ביאליק,דרום ביאליק וכפר ביאליק,3,31,1498768,213,7,709,4,4,1,100775,2000045,7,35.210114,32.958329
154,100776,2000045,300004,40000003,קרית ביאליק,בית קברות צור שלום,3,31,1160699,640,7,724,4,4,1,100776,2000045,7,35.191847,32.930428
154,100776,2000045,300004,40000003,קרית ביאליק,בית קברות צור שלום,3,31,1160699,639,7,710,4,4,1,100776,2000045,7,35.243677,32.978348
154,100776,2000045,300004,40000003,קרית ביאליק,בית קברות צור שלום,3,31,1160699,586,7,725,4,4,1,100776,2000045,7,35.274854,32.974927
152,100777,2000045,300004,40000003,קרית ביאליק,גבעת הרקפות,3,31,740375,665,7,720,4,4,1,100777,2000045,7,35.260044,32.998587
152,100777,2000045,300004,40000003,קרית ביאליק,גבעת הרקפות,3,31,740375,279,7,711,4,4,1,100777,2000045,7,35.229317,33.026531
193,100778,2000045,300004,40000003,קרית ביאליק,מרכז העיר,3,31,2194841,590,7,719,4,4,1,100778,2000045,7,35.263628,33.025175
193,100778,2000045,300004,40000003,קרית ביאליק,מרכז העיר,3,31,2194841,354,7,706,4,4,1,100778,2000045,7,35.280048,33.021896
193,100778,2000045,300004,40000003,קרית ביאליק,מרכז העיר,3,31,2194841,278,7,708,4,4,1,100778,2000045,7,35.288553,33.009416
193,100778,2000045,300004,40000003,קרית ביאליק,מרכז העיר,3,31,2194841,246,7,713,4,4,1,100778,2000045,7,35.254522,33.008716
193,100778,2000045,300004,40000003,קרית ביאליק,מרכז העיר,3,31,2194841,212,7,707,4,4,1,100778,2000045,7,35.303863,33.006874
193,100778,2000045,300004,40000003,קרית ביאליק,מרכז העיר,3,31,2194841,211,7,726,4,4,1,100778,2000045,7,35.344377,33.022825
193,100778,2000045,300004,40000003,קרית ביאליק,מרכז העיר,3,31,2194841,210,7,705,4,4,1,100778,2000045,7,35.294816,32.971471
192,100779,2000045,300004,40000003,קרית ביאליק,קריית ביאליק:שטח פתוח,3,31,907950,633,7,715,4,4,1,100779,2000045,7,35.318336,32.976637
186,100780,2000045,300004,40000003,קרית ביאליק,נאות אפק,3,31,1026336,646,7,717,4,4,1,100780,2000045,7,35.334201,32.634798
186,100780,2000045,300004,40000003,קרית ביאליק,נאות אפק,3,31,1026336,632,7,716,4,4,1,100780,2000045,7,35.375816,32.980545
173,100781,2000045,300004,40000003,מועצה אזורית מטה אשר,מועצה אזורית מטה אשר,2,24,1042204,648,7,718,4,4,1,100781,2000045,7,35.40105,32.940095
172,100782,2000244,300011,40000005,חיזמא,חיזמא,7,71,11310415,,,,,,,,,99,35.372317,32.933394
171,100783,2000066,300009,40000004,חריש,קציר-חריש,3,32,3105072,495,38,3821,9,9,4,100783,2000066,38,35.343035,32.940185
169,100784,2000043,300004,40000003,קרית אתא,קרית אתא- גבעת הרקפות,3,31,532261,269,9,901,4,4,1,100784,2000043,9,35.316186,32.934756
180,100785,2000043,300004,40000003,קרית אתא,"יוספטל, רופין, בן יוסף, אצטדיון עירוני",3,31,683731,299,9,902,4,4,1,100785,2000043,9,35.303591,32.951194
178,100786,2000043,300004,40000003,קרית אתא,"טביב, שפיצר, שזר, שמחוני",3,31,599963,166,9,907,4,4,1,100786,2000043,9,35.277977,32.928516
176,100787,2000043,300004,40000003,קרית אתא,גבעת המשטרה,3,31,1504435,628,9,911,4,4,1,100787,2000043,9,35.274304,32.94398
176,100787,2000043,300004,40000003,קרית אתא,גבעת המשטרה,3,31,1504435,627,9,914,4,4,1,100787,2000043,9,35.238608,32.94452
174,100788,2000043,300004,40000003,קרית אתא,גבעת אלונים,3,31,1444929,641,9,924,4,4,1,100788,2000043,9,35.204753,32.904473
174,100788,2000043,300004,40000003,קרית אתא,גבעת אלונים,3,31,1444929,630,9,923,4,4,1,100788,2000043,9,35.244573,32.901625
174,100788,2000043,300004,40000003,קרית אתא,גבעת אלונים,3,31,1444929,244,9,912,4,4,1,100788,2000043,9,35.228129,32.915338
229,100789,2000043,300004,40000003,קרית אתא,"גבעת טל, גבעת רם",3,31,1739959,284,9,913,4,4,1,100789,2000043,9,35.269924,32.911626
221,100790,2000043,300004,40000003,קרית אתא,הוסטל גלעם,3,31,832989,629,9,922,4,4,1,100790,2000043,9,35.307058,32.908896
218,100791,2000183,300021,40000009,חולון,אזור תעשיה ב',5,51,696618,,,,,,,,,99,35.290316,32.912405
201,100792,2000045,300004,40000003,קרית ביאליק,קריית ביאליק:שטח פתוח,3,31,701780,662,7,722,4,4,1,100792,2000045,7,35.28973,32.900605
200,100793,2000014,300027,40000012,ירושלים,המושבה הגרמנית- מרים החשמונאית,1,11,251812,,,,,,,,,99,35.276366,32.902265
199,100794,2000044,300004,40000003,קרית אתא,אברמסקי,3,31,484457,168,9,903,4,4,1,100794,2000044,9,35.33115,32.92009
197,100795,2000044,300004,40000003,קרית אתא,פרוסטיג וקרית בנימין,3,31,3431824,243,9,904,4,4,1,100795,2000044,9,35.356604,32.904992
197,100795,2000044,300004,40000003,קרית אתא,פרוסטיג וקרית בנימין,3,31,3431824,169,9,909,4,4,1,100795,2000044,9,35.279401,32.883653
207,100796,2000043,300004,40000003,קרית אתא,מרכז העיר,3,31,1066748,258,9,921,4,4,1,100796,2000043,9,35.223359,32.785034
207,100796,2000043,300004,40000003,קרית אתא,מרכז העיר,3,31,1066748,257,9,906,4,4,1,100796,2000043,9,35.219532,32.809076
205,100797,2000044,300004,40000003,קרית אתא,בית וגן,3,31,1069440,291,9,910,4,4,1,100797,2000044,9,35.260707,32.806076
205,100797,2000044,300004,40000003,קרית אתא,בית וגן,3,31,1069440,167,9,908,4,4,1,100797,2000044,9,35.239619,32.77271
203,100798,2000045,300004,40000003,קרית אתא,צפון קרית אתא,3,31,3417231,664,9,919,4,4,1,100798,2000045,9,35.345578,32.824219
203,100798,2000045,300004,40000003,קרית אתא,צפון קרית אתא,3,31,3417231,647,9,918,4,4,1,100798,2000045,9,35.389333,32.802983
203,100798,2000045,300004,40000003,קרית אתא,צפון קרית אתא,3,31,3417231,594,9,917,4,4,1,100798,2000045,9,35.373466,32.812313
203,100798,2000045,300004,40000003,קרית אתא,צפון קרית אתא,3,31,3417231,663,7,723,4,4,1,100798,2000045,7,35.24982,32.865418
202,100799,2000012,300027,40000012,ירושלים,מלחה,1,11,747089,,,,,,,,,99,35.275116,32.839405
999,100800,2000161,300024,40000010,מועצה אזורית חבל מודיעין,חדיד,4,43,3193934,,,,,,,,,99,35.317108,32.859132
998,100801,2000026,300004,40000003,קרית אתא,"אזור התעשיה, קרית נחום",3,31,1947533,587,9,905,4,4,1,100801,2000026,9,35.294889,32.865388
997,100802,2000026,300004,40000003,קרית אתא,"אזור התעשיה, מפעל דשנים",3,31,827885,561,9,925,4,4,1,100802,2000026,9,35.33979,32.855438
996,100803,2000090,300008,40000004,מועצה אזורית חוף הכרמל,החותרים מגדים,3,32,7711312,225,24,2409,8,8,2,100803,2000090,24,35.366885,32.863919
1003,100804,2000088,300008,40000004,מועצה מקומית עוספיא,עוספיא,3,31,28281245,18,23,2301,8,8,2,100804,2000088,23,35.401565,32.842089
1003,100804,2000088,300008,40000004,מועצה מקומית עוספיא,עוספיא,3,31,28281245,17,23,2307,8,8,2,100804,2000088,23,35.436511,32.880271
1002,100805,2000088,300008,40000004,דאלית אל-כרמל,דאלית אל-כרמל,3,31,40953653,289,23,2305,8,8,2,100805,2000088,23,35.410666,32.887694
1002,100805,2000088,300008,40000004,דאלית אל-כרמל,דאלית אל-כרמל,3,31,40953653,288,23,2306,8,8,2,100805,2000088,23,35.414784,32.869217
1002,100805,2000088,300008,40000004,דאלית אל-כרמל,דאלית אל-כרמל,3,31,40953653,276,23,2304,8,8,2,100805,2000088,23,35.44375,32.938616
1002,100805,2000088,300008,40000004,דאלית אל-כרמל,דאלית אל-כרמל,3,31,40953653,24,23,2303,8,8,2,100805,2000088,23,35.51836,32.970211
1001,100806,2000090,300008,40000004,עתלית,"עתלית,  נווה ים",3,32,11464988,230,24,2410,8,8,2,100806,2000090,24,35.500897,32.966087
1000,100807,2000090,300008,40000004,עתלית,בסיס עתלית,3,32,3859233,625,24,2414,8,8,2,100807,2000090,24,35.491701,32.951139
993,100808,2000090,300008,40000004,מועצה אזורית חוף הכרמל,"כרם מהר""ל צרופה הבונים עופר עין איילה",3,32,54610813,571,24,2427,8,8,2,100808,2000090,24,35.509439,32.955651
993,100808,2000090,300008,40000004,מועצה אזורית חוף הכרמל,"כרם מהר""ל צרופה הבונים עופר עין איילה",3,32,54610813,52,24,2411,8,8,2,100808,2000090,24,35.523251,32.942876
990,100809,2000090,300008,40000004,מועצה אזורית חוף הכרמל,נחשולים דור,3,32,7897681,573,24,2418,8,8,2,100809,2000090,24,35.496984,32.93726
990,100809,2000090,300008,40000004,מועצה אזורית חוף הכרמל,נחשולים דור,3,32,7897681,572,24,2417,8,8,2,100809,2000090,24,35.432408,33.022891
983,100810,2000088,300008,40000004,מועצה אזורית חוף הכרמל,עין הוד בית צבי ניר עציון עין חוד עין כרמל גבע כרמל,3,32,37331951,570,24,2425,8,8,2,100810,2000088,24,35.442641,32.989463
983,100810,2000088,300008,40000004,מועצה אזורית חוף הכרמל,עין הוד בית צבי ניר עציון עין חוד עין כרמל גבע כרמל,3,32,37331951,261,24,2419,8,8,2,100810,2000088,24,35.492809,33.022768
1020,100811,2000090,300008,40000004,פוריידיס,פוריידיס,3,32,2749679,249,24,2423,8,8,3,100811,2000090,24,35.485515,32.961581
1020,100811,2000090,300008,40000004,פוריידיס,פוריידיס,3,32,2749679,231,24,2422,8,8,3,100811,2000090,24,35.440407,33.060384
1020,100811,2000090,300008,40000004,פוריידיס,פוריידיס,3,32,2749679,48,24,2416,8,8,3,100811,2000090,24,35.531258,33.11726
1019,100812,2000080,300008,40000004,זכרון יעקב,"המושבה, נווה שלו וגבעת עדן",3,32,14362098,574,25,2424,8,8,3,100812,2000080,25,35.548316,33.211917
1019,100812,2000080,300008,40000004,זכרון יעקב,"המושבה, נווה שלו וגבעת עדן",3,32,14362098,208,25,2503,8,8,3,100812,2000080,25,35.580152,33.25771
1019,100812,2000080,300008,40000004,זכרון יעקב,"המושבה, נווה שלו וגבעת עדן",3,32,14362098,207,25,2501,8,8,3,100812,2000080,25,35.590297,33.210271
1018,100813,2000080,300008,40000004,זכרון יעקב,אחוזת נילי,3,32,19971467,209,25,2504,8,8,3,100814,2000080,25,35.578322,33.215491
1017,100814,2000080,300008,40000004,זכרון יעקב,נווה הברון ומעין צבי,3,32,2138131,678,25,2506,8,8,3,100814,2000080,25,35.559358,33.202598
1017,100814,2000080,300008,40000004,זכרון יעקב,נווה הברון ומעין צבי,3,32,2138131,286,25,2505,8,8,4,100814,2000080,25,35.631155,33.209655
1024,100815,2000090,300008,40000004,מועצה אזורית חוף הכרמל,בת שלמה מאיר שפיה,3,32,22863384,516,25,2502,8,8,3,100815,2000090,25,35.58363,33.016917
1023,100816,2000064,300007,40000004,מועצה אזורית מגידו,אליקים,2,23,4958525,54,22,2213,7,7,2,100816,2000064,22,35.539706,32.985053
1022,100817,2000077,300008,40000004,יוקנעם,רמת יוקנעם וגבעת הכלניות,2,23,2510883,377,22,2214,8,7,2,100817,2000077,22,35.603906,32.971861
1022,100817,2000077,300008,40000004,יוקנעם,רמת יוקנעם וגבעת הכלניות,2,23,2510883,9,22,2222,8,7,2,100817,2000077,22,35.575736,32.9113
1022,100817,2000077,300008,40000004,יוקנעם,רמת יוקנעם וגבעת הכלניות,2,23,2510883,7,22,2215,8,7,2,100817,2000077,22,35.716193,33.285262
1021,100818,2000077,300008,40000004,יוקנעם,נוף העמק,2,23,1189809,6,22,2211,8,7,2,100818,2000077,22,35.767322,33.219318
1014,100819,2000077,300008,40000004,יוקנעם,גבעת יערה וגבעת אלונים,2,23,2232612,378,22,2216,8,7,2,100819,2000077,22,35.735593,33.127674
1014,100819,2000077,300008,40000004,יוקנעם,גבעת יערה וגבעת אלונים,2,23,2232612,8,22,2221,8,7,2,100819,2000077,22,35.768646,33.050909
1005,100820,2000064,300007,40000004,יקנעם (מושבה),יקנעם (מושבה),2,23,8062077,242,22,2212,7,7,2,100820,2000064,22,35.691944,32.994033
1004,100821,2000098,300008,40000004,מועצה אזורית זבולון,אבטין,3,31,3943808,523,11,1103,8,8,2,100821,2000098,11,35.694923,32.923008
1041,100822,2000098,300008,40000004,מועצה מקומית רכסים,רכסים,3,31,2905757,370,11,1107,8,8,2,100822,2000098,11,35.798911,32.955503
1041,100822,2000098,300008,40000004,מועצה מקומית רכסים,רכסים,3,31,2905757,61,11,1104,8,8,2,100822,2000098,11,35.498744,32.851796
1040,100823,2000098,300008,40000004,מועצה אזורית זבולון,יגור,3,31,5217618,626,11,1105,8,8,2,100823,2000098,11,35.464457,32.865074
1039,100824,2000098,300008,40000004,מועצה אזורית זבולון,כפר חסידים א' כפר חסידים ב' כפר הנוער הדתי,3,31,3563119,60,11,1106,8,8,2,100824,2000098,11,35.376945,32.769107
1038,100825,2000098,300008,40000004,מועצה אזורית זבולון,שער העמקים אורנים,3,31,12165458,526,22,2207,8,8,2,100825,2000098,22,35.453229,32.806732
1045,100826,2000098,300008,40000004,מועצה אזורית זבולון,רמת יוחנן כפר המכבי אושה,3,31,20407543,517,11,1101,8,8,2,100826,2000098,11,35.513307,32.776897
1045,100826,2000098,300008,40000004,מועצה אזורית זבולון,רמת יוחנן כפר המכבי אושה,3,31,20407543,642,9,916,4,4,1,100826,2000098,9,35.522268,32.800733
1045,100826,2000098,300008,40000004,מועצה אזורית זבולון,רמת יוחנן כפר המכבי אושה,3,31,20407543,588,9,915,4,4,1,100826,2000098,9,35.540946,32.782362
1044,100827,2000063,300008,40000004,מועצה אזורית עמק יזרעאל,סואעד (חמרייה)* ראס עלי עדי הרדוף ח'ואלד,2,24,23647905,64,11,1102,8,2,2,100827,2000063,11,35.52541,32.788508
1043,100828,2000063,300008,40000004,קרית טבעון,מרכז טבעון (טבעון העתיקה),3,31,3535681,253,22,2203,8,8,2,100828,2000063,22,35.504774,32.725308
1043,100828,2000063,300008,40000004,קרית טבעון,מרכז טבעון (טבעון העתיקה),3,31,3535681,92,22,2204,8,8,2,100828,2000063,22,35.568406,32.63975
1042,100829,2000063,300008,40000004,קרית טבעון,קרית עמל אלרואי קרית החרושת,3,31,4661901,94,22,2206,8,8,2,100829,2000063,22,35.536762,32.565044
1042,100829,2000063,300008,40000004,קרית טבעון,קרית עמל אלרואי קרית החרושת,3,31,4661901,93,22,2205,8,8,2,100829,2000063,22,35.501582,32.496051
1027,100830,2000063,300008,40000004,מועצה אזורית זבולון,נופית,3,31,7584062,540,22,2217,8,8,2,100830,2000063,22,35.496459,32.51212
1026,100831,2000062,300006,40000004,מועצה אזורית עמק יזרעאל,אלונים אלוני אבא בית לחם הגלילית,2,23,19722513,11,22,2201,6,6,2,100831,2000062,22,35.521184,32.452704
1025,100832,2000063,300008,40000004,כעביה-טבאש-חג'אג'רה,כעביה-טבאש-חג'אג'רה בסמת טבעון חילף זבידאת,2,23,10994390,226,22,2202,8,8,2,100832,2000063,22,35.432596,32.719433
1025,100832,2000063,300008,40000004,כעביה-טבאש-חג'אג'רה,כעביה-טבאש-חג'אג'רה בסמת טבעון חילף זבידאת,2,23,10994390,63,22,2220,8,6,2,100832,2000063,22,35.400749,32.707432
1073,100833,2000062,300006,40000004,מועצה אזורית עמק יזרעאל,כפר יהושע שדה יעקב בית זיד,2,23,17741658,4,22,2209,6,8,2,100833,2000062,22,35.380581,32.68748
1072,100834,2000062,300006,40000004,רמת ישי,רמת ישי בית שערים,2,23,6910392,3,22,2208,6,7,2,100834,2000062,22,35.466496,32.660597
1070,100835,2000062,300006,40000004,מועצה מקומית זרזיר,זרזיר מנשית זבדה,2,23,12805033,62,21,2102,6,6,3,100835,2000062,21,35.370866,32.618165
1069,100836,2000062,300006,40000004,מועצה אזורית עמק יזרעאל,ציפורי הסוללים הושעיה שמשית,2,23,39080989,290,21,2101,6,6,3,100836,2000062,21,35.39322,32.616221
1076,100837,2000059,300006,40000004,נוף הגליל,נוף הגליל: אזור תעשיה ציפורית,2,23,3510187,528,20,2006,6,6,3,100837,2000059,20,35.455098,32.603968
1075,100838,2000062,300006,40000004,מועצה אזורית עמק יזרעאל,כפר החורש תמרת,2,23,12863158,5,21,2103,6,6,3,100838,2000062,21,35.35294,32.651572
1074,100839,2000062,300006,40000004,מועצה אזורית עמק יזרעאל,נהלל גיניגר שריד כפר ברוך גבת יפעת רמת דוד,2,23,73525976,1,21,2112,6,7,3,100839,2000062,21,35.347325,32.623239
1049,100840,2000072,300006,40000004,מגדל העמק,מגדל העמק: אזור תעשיה רמת גבריאל,2,23,3480746,525,21,2104,6,6,3,100840,2000072,21,35.317603,32.621819
1048,100841,2000072,300006,40000004,מגדל העמק,"יערת העמק, קרית חינוך. קרית רבין",2,23,1049377,59,21,2106,6,6,3,100841,2000072,21,35.322125,32.633759
1047,100842,2000072,300006,40000004,מגדל העמק,נוף העמק ושכונת שלום,2,23,2461154,58,21,2109,6,6,3,100842,2000072,21,35.315453,32.625487
1047,100842,2000072,300006,40000004,מגדל העמק,נוף העמק ושכונת שלום,2,23,2461154,57,21,2108,6,6,3,100842,2000072,21,35.286731,32.647638
1046,100843,2000072,300006,40000004,מגדל העמק,שכונה מערבית ומצפה העמק,2,23,1677295,56,21,2110,6,6,3,100843,2000072,21,35.2955,32.620795
1046,100843,2000072,300006,40000004,מגדל העמק,שכונה מערבית ומצפה העמק,2,23,1677295,55,21,2105,6,6,3,100843,2000072,21,35.296349,32.596914
1095,100844,2000072,300006,40000004,מגדל העמק,אזור תעשיה דרום,2,23,938411,524,21,2111,6,6,3,100844,2000072,21,35.269288,32.596946
1094,100845,2000041,300006,40000004,יפיע,יפיע,2,23,4086419,22,19,1934,6,6,3,100845,2000041,19,35.274032,32.579357
1094,100845,2000041,300006,40000004,יפיע,יפיע,2,23,4086419,21,19,1933,6,6,3,100845,2000041,19,35.28546,32.547385
1094,100845,2000041,300006,40000004,יפיע,יפיע,2,23,4086419,20,19,1911,6,6,3,100845,2000041,19,35.168762,32.597914
1093,100846,2000042,300006,40000004,נצרת,הרובע המזרחי,2,23,1489512,551,19,1927,6,6,3,100846,2000042,19,35.129918,32.540488
1093,100846,2000042,300006,40000004,נצרת,הרובע המזרחי,2,23,1489512,172,19,1926,6,6,3,100846,2000042,19,35.076446,32.589195
1092,100847,2000042,300006,40000004,נצרת,הרובע הלטיני וא רום,2,23,1915032,173,19,1928,6,6,3,100847,2000042,19,35.159148,32.554061
1092,100847,2000042,300006,40000004,נצרת,הרובע הלטיני וא רום,2,23,1915032,171,19,1929,6,6,3,100847,2000042,19,35.191642,32.547273
1092,100847,2000042,300006,40000004,נצרת,הרובע הלטיני וא רום,2,23,1915032,170,19,1909,6,6,3,100847,2000042,19,35.17509,32.535477
1097,100848,2000040,300006,40000004,נצרת,רובע הפועלים וכרם א סחאב,2,23,6728441,552,19,1925,6,6,3,100848,2000040,19,35.146707,32.519383
1097,100848,2000040,300006,40000004,נצרת,רובע הפועלים וכרם א סחאב,2,23,6728441,176,19,1924,6,6,3,100848,2000040,19,35.129,32.517035
1097,100848,2000040,300006,40000004,נצרת,רובע הפועלים וכרם א סחאב,2,23,6728441,175,19,1923,6,6,3,100848,2000040,19,35.145454,32.511586
1096,100849,2000041,300006,40000004,נצרת,ביר אבו אל גוש,2,23,3805164,638,20,2013,6,6,3,100849,2000041,20,35.088051,32.491126
1096,100849,2000041,300006,40000004,נצרת,ביר אבו אל גוש,2,23,3805164,554,19,1932,6,6,3,100849,2000041,19,35.594112,33.005753
1096,100849,2000041,300006,40000004,נצרת,ביר אבו אל גוש,2,23,3805164,553,19,1910,6,6,3,100849,2000041,19,35.09369,32.523531
1096,100849,2000041,300006,40000004,נצרת,ביר אבו אל גוש,2,23,3805164,178,19,1931,6,6,3,100849,2000041,19,35.046413,32.505012
1096,100849,2000041,300006,40000004,נצרת,ביר אבו אל גוש,2,23,3805164,177,19,1930,6,6,3,100849,2000041,19,35.059573,32.463643
1077,100850,2000040,300006,40000004,עילוט,עילוט,2,23,3076605,35,19,1907,6,6,3,100850,2000040,19,35.044389,32.444509
1081,100851,2000089,300007,40000004,אכאסל,אכאסל,2,23,9912640,376,19,1936,7,7,3,100851,2000089,19,35.036759,32.41661
1081,100851,2000089,300007,40000004,אכאסל,אכאסל,2,23,9912640,375,19,1935,7,7,3,100851,2000089,19,35.027763,32.403122
1081,100851,2000089,300007,40000004,אכאסל,אכאסל,2,23,9912640,14,19,1912,7,7,3,100851,2000089,19,35.010698,32.404026
1080,100852,2000061,300006,40000004,נוף הגליל,הר יונה,2,23,10278598,259,20,2012,6,6,3,100852,2000061,20,35.002379,32.450968
1080,100852,2000061,300006,40000004,נוף הגליל,הר יונה,2,23,10278598,68,20,2005,6,6,3,100852,2000061,20,35.009344,32.485706
1079,100853,2000060,300006,40000004,נוף הגליל,שכונה צפונית,2,23,1891893,70,20,2003,6,6,3,100853,2000060,20,35.04232,32.462736
1079,100853,2000060,300006,40000004,נוף הגליל,שכונה צפונית,2,23,1891893,69,20,2002,6,6,3,100853,2000060,20,35.034555,32.548242
1078,100854,2000060,300006,40000004,נוף הגליל,שכונה דרומית ופנחס ספיר,2,23,14090728,75,20,2009,6,6,3,100854,2000060,20,35.01156,32.505405
1078,100854,2000060,300006,40000004,נוף הגליל,שכונה דרומית ופנחס ספיר,2,23,14090728,74,20,2011,6,6,3,100854,2000060,20,34.997577,32.479394
1078,100854,2000060,300006,40000004,נוף הגליל,שכונה דרומית ופנחס ספיר,2,23,14090728,73,20,2007,6,6,3,100854,2000060,20,34.967473,32.459839
1078,100854,2000060,300006,40000004,נוף הגליל,שכונה דרומית ופנחס ספיר,2,23,14090728,72,20,2004,6,6,3,100854,2000060,20,34.973975,32.488538
879,100855,2000061,300006,40000004,נוף הגליל,אזור תעשיה חרושת ג' (צפון),2,23,1641823,529,20,2001,6,6,3,100855,2000061,20,34.991491,32.518122
877,100856,2000060,300006,40000004,נוף הגליל,נוף יזראעל ואזור תעשיה ב',2,23,782739,530,20,2010,6,6,3,100856,2000060,20,34.944523,32.519072
877,100856,2000060,300006,40000004,נוף הגליל,נוף יזראעל ואזור תעשיה ב',2,23,782739,71,20,2008,6,6,3,100856,2000060,20,34.930584,32.548845
874,100857,2000082,300006,40000004,ריינה,ריינה,2,23,10520383,687,19,1922,6,6,3,100857,2000082,19,34.919821,32.516765
874,100857,2000082,300006,40000004,ריינה,ריינה,2,23,10520383,623,19,1921,6,6,3,100857,2000082,19,34.900952,32.503255
874,100857,2000082,300006,40000004,ריינה,ריינה,2,23,10520383,174,19,1908,6,6,3,100857,2000082,19,34.919808,32.492693
874,100857,2000082,300006,40000004,ריינה,ריינה,2,23,10520383,50,19,1906,6,6,3,100857,2000082,19,34.928891,32.47894
872,100858,2000082,300006,40000004,ריינה,אזור תעשיה ריינה,2,23,676344,522,19,1920,6,6,3,100858,2000082,19,34.901153,32.440625
886,100859,2000061,300006,40000004,עין מאהל,עין מאהל,2,23,5270874,374,19,1919,6,6,3,100859,2000061,19,34.896362,32.450733
886,100859,2000061,300006,40000004,עין מאהל,עין מאהל,2,23,5270874,373,19,1918,6,6,3,100859,2000061,19,34.89044,32.461927
886,100859,2000061,300006,40000004,עין מאהל,עין מאהל,2,23,5270874,47,19,1905,6,6,3,100859,2000061,19,34.953503,32.432528
856,100860,2000059,300006,40000004,כפר כנא,כפר כנא,2,23,7329991,32,19,1917,6,6,3,100860,2000059,19,34.922977,32.419622
856,100860,2000059,300006,40000004,כפר כנא,כפר כנא,2,23,7329991,31,19,1916,6,6,3,100860,2000059,19,34.92152,32.44239
856,100860,2000059,300006,40000004,כפר כנא,כפר כנא,2,23,7329991,30,19,1903,6,6,3,100860,2000059,19,34.879997,32.428051
854,100861,2000059,300006,40000004,כפר כנא,כפר כנא,2,23,2816249,624,19,1915,6,6,3,100861,2000059,19,34.975488,32.833453
864,100862,2000059,300006,40000004,משהד,משהד,2,23,7551081,37,19,1904,6,6,3,100862,2000059,19,34.984481,32.833437
863,100863,2000084,300006,40000004,מועצה אזורית גליל תחתון,עוזייר רומאנה רומת הייב בית רימון,2,23,16049551,40,19,1902,6,6,3,100863,2000084,19,34.979201,32.824518
862,100864,2000057,300002,40000002,שפרעם,מערב שפרעם,2,24,7826255,365,4,421,2,2,2,100864,2000057,4,34.993299,32.827923
862,100864,2000057,300002,40000002,שפרעם,מערב שפרעם,2,24,7826255,245,4,408,2,2,2,100864,2000057,4,35.006366,32.816857
862,100864,2000057,300002,40000002,שפרעם,מערב שפרעם,2,24,7826255,197,4,407,2,2,2,100864,2000057,4,35.01553,32.730084
862,100864,2000057,300002,40000002,שפרעם,מערב שפרעם,2,24,7826255,196,4,406,2,2,2,100864,2000057,4,35.089425,32.940117
861,100865,2000057,300002,40000002,שפרעם,מזרח שפרעם,2,24,11945701,589,4,423,2,2,2,100865,2000057,4,35.088676,32.927727
861,100865,2000057,300002,40000002,שפרעם,מזרח שפרעם,2,24,11945701,367,4,409,2,2,2,100865,2000057,4,35.089314,32.913771
861,100865,2000057,300002,40000002,שפרעם,מזרח שפרעם,2,24,11945701,366,4,420,2,2,2,100865,2000057,4,35.10144,32.939815
861,100865,2000057,300002,40000002,שפרעם,מזרח שפרעם,2,24,11945701,282,4,422,2,2,2,100865,2000057,4,35.103161,32.929858
861,100865,2000057,300002,40000002,שפרעם,מזרח שפרעם,2,24,11945701,195,4,405,2,2,2,100865,2000057,4,35.103843,33.001033
918,100866,2000067,300002,40000002,מועצה אזורית משגב,"מצפה אבי""ב",2,24,1365031,539,4,410,2,2,2,100866,2000067,4,35.105801,33.015695
916,100867,2000067,300002,40000002,אעבלין,אעבלין,2,24,12086537,43,4,419,2,2,2,100867,2000067,4,35.197854,33.004992
916,100867,2000067,300002,40000002,אעבלין,אעבלין,2,24,12086537,42,4,418,2,2,2,100867,2000067,4,35.395036,32.903868
916,100867,2000067,300002,40000002,אעבלין,אעבלין,2,24,12086537,41,4,404,2,2,2,100867,2000067,4,35.531428,33.005499
914,100868,2000094,300002,40000002,כאבול,כאבול,2,24,7191914,364,4,411,2,2,2,100868,2000094,4,35.613136,33.135357
914,100868,2000094,300002,40000002,כאבול,כאבול,2,24,7191914,27,4,402,2,2,2,100868,2000094,4,35.512053,32.903632
912,100869,2000094,300002,40000002,שעב,שעב,2,24,10794550,49,4,401,2,2,2,100869,2000094,4,35.742298,32.790551
893,100870,2000067,300002,40000002,טמרה,טמרה,2,24,29265056,622,4,417,2,2,2,100870,2000067,4,35.627347,32.719348
893,100870,2000067,300002,40000002,טמרה,טמרה,2,24,29265056,556,4,416,2,2,2,100870,2000067,4,35.564025,32.725745
893,100870,2000067,300002,40000002,טמרה,טמרה,2,24,29265056,368,4,414,2,2,2,100870,2000067,4,35.539996,32.75249
893,100870,2000067,300002,40000002,טמרה,טמרה,2,24,29265056,201,4,415,2,2,2,100870,2000067,4,35.449897,32.464404
893,100870,2000067,300002,40000002,טמרה,טמרה,2,24,29265056,200,4,413,2,2,2,100870,2000067,4,35.43174,32.749329
893,100870,2000067,300002,40000002,טמרה,טמרה,2,24,29265056,199,4,412,2,2,2,100870,2000067,4,35.426373,32.547019
893,100870,2000067,300002,40000002,טמרה,טמרה,2,24,29265056,198,4,403,2,2,2,100870,2000067,4,35.244688,32.719044
890,100871,2000073,300003,40000002,מועצה אזורית מטה אשר,אפק,2,24,9263608,666,9,920,3,3,1,100871,2000073,9,35.336545,32.537822
890,100871,2000073,300003,40000002,מועצה אזורית מטה אשר,אפק,2,24,9263608,593,7,727,3,3,1,100871,2000073,7,35.324421,32.59368
888,100872,2000073,300003,40000002,מועצה אזורית מטה אשר,יסעור אחיהוד,2,24,21871521,247,2,205,3,3,2,100872,2000073,2,34.969364,32.431833
904,100873,2000073,300003,40000002,מועצה אזורית מטה אשר,עין המפרץ כפר מסריק,2,24,26808847,661,2,245,3,3,2,100873,2000073,2,35.048593,32.8117
904,100873,2000073,300003,40000002,מועצה אזורית מטה אשר,עין המפרץ כפר מסריק,2,24,26808847,660,2,206,3,3,2,100873,2000073,2,35.042699,32.796696
904,100873,2000073,300003,40000002,מועצה אזורית מטה אשר,עין המפרץ כפר מסריק,2,24,26808847,585,2,243,3,3,2,100873,2000073,2,35.01434,32.806498
904,100873,2000073,300003,40000002,מועצה אזורית מטה אשר,עין המפרץ כפר מסריק,2,24,26808847,337,2,229,3,3,2,100873,2000073,2,35.028064,32.7933
902,100874,2000051,300003,40000002,עכו,עכו,2,24,871129,681,2,244,3,3,2,100874,2000051,2,35.041445,32.786874
900,100875,2000051,300003,40000002,עכו,מנחם בגין וצפון הכרם,2,24,1378408,310,2,219,3,3,2,100875,2000051,2,35.033723,32.812373
900,100875,2000051,300003,40000002,עכו,מנחם בגין וצפון הכרם,2,24,1378408,309,2,220,3,3,2,100875,2000051,2,35.059322,32.787115
900,100875,2000051,300003,40000002,עכו,מנחם בגין וצפון הכרם,2,24,1378408,308,2,203,3,3,2,100875,2000051,2,34.907709,32.53821
898,100876,2000051,300003,40000002,עכו,קרית וולפסון,2,24,673792,307,2,222,3,3,2,100876,2000051,2,35.466694,32.770144
898,100876,2000051,300003,40000002,עכו,קרית וולפסון,2,24,673792,306,2,221,3,3,2,100876,2000051,2,35.152026,32.508416
898,100876,2000051,300003,40000002,עכו,קרית וולפסון,2,24,673792,305,2,223,3,3,2,100876,2000051,2,34.624751,31.308336
955,100877,2000051,300003,40000002,עכו,רכבת עכו,2,24,134800,304,2,224,3,3,2,100877,2000051,2,34.76665,31.258923
953,100878,2000051,300003,40000002,עכו,עכו הוותיקה. העיר העתיקה,2,24,922028,303,2,225,3,3,2,100878,2000051,2,34.778333,31.264664
951,100879,2000051,300003,40000002,עכו,"אזורי תעשיה: אלרום, דרום, נעמן, קרית הפלדה בית עלמין ישן",2,24,655603,336,2,204,3,3,2,100879,2000051,2,34.780107,31.272368
937,100880,2000051,300003,40000002,עכו,אזור תעשיה שער נעמן,2,24,3035349,658,2,228,3,3,2,100880,2000051,2,34.760936,31.264867
937,100880,2000051,300003,40000002,עכו,אזור תעשיה שער נעמן,2,24,3035349,657,2,226,3,3,2,100880,2000051,2,34.76596,31.289904
937,100880,2000051,300003,40000002,עכו,אזור תעשיה שער נעמן,2,24,3035349,560,2,227,3,3,2,100880,2000051,2,34.728571,31.284431
933,100881,2000073,300003,40000002,מועצה אזורית מטה אשר,שבי ציון רגבה לוחמי הגיטאות נס עמים,2,24,13100604,10,1,108,3,3,3,100881,2000073,1,34.730181,31.305395
928,100882,2000047,300003,40000002,מועצה אזורית מטה אשר,עברון מזרעה בן עמי,2,24,7953076,238,1,107,3,3,3,100882,2000047,1,34.803912,31.25723
926,100883,2000046,300003,40000002,נהריה,המרכז (מרכז ב' ודרום),2,24,818949,205,1,106,3,3,3,100883,2000046,1,34.787588,31.239519
945,100884,2000046,300003,40000002,נהריה,עין שרה ומנחם בגין,2,24,2186754,355,1,118,3,3,3,100884,2000046,1,34.797307,31.241252
945,100884,2000046,300003,40000002,נהריה,עין שרה ומנחם בגין,2,24,2186754,239,1,117,3,3,3,100884,2000046,1,34.798512,31.245378
945,100884,2000046,300003,40000002,נהריה,עין שרה ומנחם בגין,2,24,2186754,206,1,116,3,3,3,100884,2000046,1,34.801029,31.234813
943,100885,2000046,300003,40000002,נהריה,שיכון ותיקים ונווה אלון,2,24,2290244,240,1,111,3,3,3,100885,2000046,1,34.821756,31.245631
943,100885,2000046,300003,40000002,נהריה,שיכון ותיקים ונווה אלון,2,24,2290244,204,1,115,3,3,3,100885,2000046,1,34.820404,31.254811
940,100886,2000047,300003,40000002,נהריה,נהרייה:מרכז רפואי לגליל,2,24,825838,637,1,113,3,3,3,100886,2000047,1,34.800678,31.220926
938,100887,2000047,300003,40000002,מועצה אזורית מטה אשר,סער גשר הזיו,2,24,6928608,241,1,102,3,3,3,100887,2000047,1,34.813866,31.220772
968,100888,2000046,300003,40000002,נהריה,קרית גרשון טץ. אזור התעשיה,2,24,1343926,557,1,103,3,3,3,100888,2000046,1,34.816598,31.233043
967,100889,2000073,300003,40000002,מועצה אזורית מטה אשר,כפר ראש הנקרה לימן,2,24,9417769,,,,,,,,,1,34.830711,31.225466
966,100890,2000073,300003,40000002,שלומי ומועצה אזורית מטה אשר,חניתה מצובה בצת שלומי,2,24,17080072,53,1,101,3,3,3,100890,2000073,1,34.807722,31.205643
961,100891,2000073,300003,40000002,מועצה אזורית מטה אשר,כברי עבדון מנות,2,24,35485037,537,1,109,3,2,3,100891,2000073,1,34.805369,31.268738
960,100892,2000081,300005,40000001,מועצה אזורית גליל עליון,סאסא צבעון,2,21,20460960,722,33,3304,5,2,4,100892,2000081,33,34.816685,31.27032
959,100893,2000099,300002,40000002,מועצה אזורית מעלה יוסף,שומרה שתולה אבן מנחם כפר רוזנואלד (זרעית) פסוטה אלקוש נטועה מתת אבירים,2,24,69872102,709,34,3401,2,2,4,100893,2000099,34,34.807018,31.293234
959,100893,2000099,300002,40000002,מועצה אזורית מעלה יוסף,שומרה שתולה אבן מנחם כפר רוזנואלד (זרעית) פסוטה אלקוש נטועה מתת אבירים,2,24,69872102,431,34,3404,2,2,4,100893,2000099,34,34.823033,31.306597
958,100894,2000073,300003,40000002,מועצה אזורית מטה אשר,אילון גורן יערה גורנות הגליל אדמית עראמשה*,2,24,38958274,459,34,3402,3,2,4,100894,2000073,34,34.792226,31.262041
958,100894,2000073,300003,40000002,מועצה אזורית מטה אשר,אילון גורן יערה גורנות הגליל אדמית עראמשה*,2,24,38958274,422,34,3403,3,2,4,100894,2000073,34,34.795221,31.269472
965,100895,2000076,300002,40000002,מחנה גילון,מחנה גילון,2,24,2225412,,34,,,,,,,34,34.789085,31.270673
964,100896,2000071,300002,40000002,מועצה אזורית מעלה יוסף,נווה זיו,2,24,1539754,774,34,3430,2,2,4,100896,2000071,34,34.806845,31.252494
964,100896,2000071,300002,40000002,מועצה אזורית מעלה יוסף,נווה זיו,2,24,1539754,509,34,3429,2,2,4,100896,2000071,34,34.789797,31.247603
963,100897,2000073,300003,40000002,מועצה אזורית מטה אשר,בית העמק שייח' דנון עמקה נתיב השיירה כליל אשרת,2,24,31821663,12,1,110,3,3,3,100897,2000073,1,34.777817,31.252044
962,100898,2000079,300003,40000002,אבו סנאן,אבו סנאן,2,24,6752739,686,2,207,3,3,2,100898,2000079,2,34.781106,31.255199
962,100898,2000079,300003,40000002,אבו סנאן,אבו סנאן,2,24,6752739,356,2,230,3,3,2,100898,2000079,2,34.792125,31.254579
962,100898,2000079,300003,40000002,אבו סנאן,אבו סנאן,2,24,6752739,13,2,231,3,3,2,100898,2000079,2,34.774683,31.246352
969,100899,2000079,300003,40000002,כפר יאסיף,כפר יאסיף,2,24,6498087,296,2,232,3,3,2,100899,2000079,2,34.762073,31.248616
969,100899,2000079,300003,40000002,כפר יאסיף,כפר יאסיף,2,24,6498087,29,2,208,3,3,2,100899,2000079,2,34.76921,31.231333
327,100900,2000079,300003,40000002,ג'דיידה-מכר,השכונה הצפונית והשכונה הדרומית,2,24,4083218,358,2,233,3,3,2,100900,2000079,2,34.745757,31.255793
327,100900,2000079,300003,40000002,ג'דיידה-מכר,השכונה הצפונית והשכונה הדרומית,2,24,4083218,248,2,209,3,3,2,100900,2000079,2,34.745828,31.2389
326,100901,2000079,300003,40000002,ג'דיידה-מכר,השכונה המזרחית והשכונה הדרומית- מכר,2,24,5181889,357,2,235,3,3,2,100901,2000079,2,34.780527,31.224126
326,100901,2000079,300003,40000002,ג'דיידה-מכר,השכונה המזרחית והשכונה הדרומית- מכר,2,24,5181889,86,2,236,3,3,2,100901,2000079,2,34.794361,31.216858
325,100902,2000079,300003,40000002,ג'דיידה-מכר,גבעת טנטור,2,24,2707819,631,2,234,3,3,2,100902,2000079,2,34.768651,31.215103
325,100902,2000079,300003,40000002,ג'דיידה-מכר,גבעת טנטור,2,24,2707819,592,2,238,3,3,2,100902,2000079,2,34.838358,31.201473
325,100902,2000079,300003,40000002,ג'דיידה-מכר,גבעת טנטור,2,24,2707819,591,2,237,3,3,2,100902,2000079,2,34.885273,31.124281
335,100903,2000076,300002,40000002,ירכא,ירכא,2,24,15780325,621,2,241,2,2,2,100903,2000076,2,34.812866,31.362229
335,100903,2000076,300002,40000002,ירכא,ירכא,2,24,15780325,26,2,240,2,2,2,100903,2000076,2,35.210545,31.268776
335,100903,2000076,300002,40000002,ירכא,ירכא,2,24,15780325,25,2,239,2,2,2,100903,2000076,2,35.184032,31.224492
335,100903,2000076,300002,40000002,ירכא,ירכא,2,24,15780325,23,2,210,2,2,2,100903,2000076,2,34.749376,31.39636
334,100904,2000076,300002,40000002,ג'ולס,טל אל וג'ולס,2,24,17101497,15,2,242,2,2,2,100904,2000076,2,34.605317,31.520642
332,100905,2000097,300002,40000002,מועצה מקומית יאנוח-ג'ת,גיתה יאנוח-ג'ת,2,24,13839722,430,34,3426,2,2,4,100905,2000097,34,34.594373,31.528269
330,100906,2000097,300002,40000002,מגדל תפן,מגדל תפן,2,24,2810472,726,34,3425,2,2,4,100906,2000097,34,34.579175,31.42482
321,100907,2000071,300002,40000002,כפר ורדים,כפר ורדים,2,24,4879423,725,34,3421,2,2,4,100907,2000071,34,34.848064,31.272927
319,100908,2000071,300002,40000002,מעיליא,מעיליא,2,24,15440666,773,34,3428,2,2,4,100908,2000071,34,34.774642,31.138708
319,100908,2000071,300002,40000002,מעיליא,מעיליא,2,24,15440666,767,34,3418,2,2,4,100908,2000071,34,34.934492,31.323849
319,100908,2000071,300002,40000002,מעיליא,מעיליא,2,24,15440666,505,34,3419,2,2,4,100908,2000071,34,34.930596,30.986679
317,100909,2000071,300002,40000002,מעלות-תרשיחא,אזור תעשיה מעיליא,2,24,509162,764,34,3420,2,2,4,100909,2000071,34,34.786236,31.59379
349,100910,2000071,300002,40000002,מעלות-תרשיחא,גבעת הרקפות וסביונים,2,24,2271811,717,34,3413,2,2,4,100910,2000071,34,34.77072,31.609001
349,100910,2000071,300002,40000002,מעלות-תרשיחא,גבעת הרקפות וסביונים,2,24,2271811,506,34,3412,2,2,4,100910,2000071,34,34.76442,31.625158
349,100910,2000071,300002,40000002,מעלות-תרשיחא,גבעת הרקפות וסביונים,2,24,2271811,427,34,3414,2,2,4,100910,2000071,34,34.761047,31.613781
348,100911,2000071,300002,40000002,מעלות-תרשיחא,יפה נוף והראשונים,2,24,4368802,429,34,3416,2,2,4,100911,2000071,34,34.75629,31.602917
348,100911,2000071,300002,40000002,מעלות-תרשיחא,יפה נוף והראשונים,2,24,4368802,428,34,3415,2,2,4,100911,2000071,34,34.580488,31.701692
347,100912,2000071,300002,40000002,מעלות-תרשיחא,תרשיחא,2,24,2846505,460,34,3417,2,2,4,100912,2000071,34,34.573207,31.684227
346,100913,2000099,300002,40000002,מועצה אזורית מעלה יוסף,חוסן צוריאל,2,24,9308373,711,34,3411,2,2,4,100913,2000099,34,34.599013,31.667254
353,100914,2000099,300002,40000002,חורפיש,חורפיש,2,24,5061786,510,34,3406,2,2,4,100914,2000099,34,34.555437,31.679559
353,100914,2000099,300002,40000002,חורפיש,חורפיש,2,24,5061786,401,34,3405,2,2,4,100914,2000099,34,34.56641,31.673194
352,100915,2000097,300002,40000002,כסרא-סמיע,כסרא-סמיע,2,24,14165832,483,34,3424,2,2,4,100915,2000097,34,34.578658,31.668188
351,100916,2000099,300002,40000002,פקיעין,פקיעין חדשה פקיעין (בוקייעה),2,24,7550712,482,34,3423,2,2,4,100916,2000099,34,34.588692,31.666945
350,100917,2000049,300007,40000004,חורפיש,אזור תעשיה ג',2,23,417993,747,36,3611,7,7,4,100917,2000049,36,34.563689,31.666666
342,100918,2000092,300002,40000002,בית ג'ן,בית ג'ן,2,24,60597213,512,34,3409,2,2,4,100918,2000092,34,34.584433,31.647905
342,100918,2000092,300002,40000002,בית ג'ן,בית ג'ן,2,24,60597213,511,34,3408,2,2,4,100918,2000092,34,34.56148,31.649171
342,100918,2000092,300002,40000002,בית ג'ן,בית ג'ן,2,24,60597213,395,34,3407,2,2,4,100918,2000092,34,34.554388,31.657969
341,100919,2000092,300002,40000002,עין אל-אסד,עין אל-אסד,2,24,2570466,504,34,3427,2,2,4,100919,2000092,34,35.031345,31.066415
336,100920,2000096,300002,40000002,ראמה,ראמה,2,24,6414069,51,3,318,2,2,3,100920,2000096,3,35.011154,31.064893
370,100921,2000096,300002,40000002,מוצעה אזורית מרום גליל,סאג'ור שזור,2,24,6633924,39,3,317,2,2,3,100921,2000096,3,34.558527,31.661787
369,100922,2000096,300002,40000002,נחף,נחף,2,24,6156425,363,3,337,2,2,3,100922,2000096,3,34.53989,31.638172
369,100922,2000096,300002,40000002,נחף,נחף,2,24,6156425,362,3,316,2,2,3,100922,2000096,3,34.669539,31.416655
369,100922,2000096,300002,40000002,נחף,נחף,2,24,6156425,38,3,338,2,2,3,100922,2000096,3,34.748806,31.453384
368,100923,2000097,300002,40000002,מועצה אזורית משגב,לבון חלוץ חרשים,2,24,8295627,776,34,3410,2,2,4,100923,2000097,34,34.732673,31.413085
368,100923,2000097,300002,40000002,מועצה אזורית משגב,לבון חלוץ חרשים,2,24,8295627,538,3,312,2,2,3,100923,2000097,3,34.718119,31.367238
367,100924,2000097,300002,40000002,בענה,בענה,2,24,3494394,66,3,315,2,2,3,100924,2000097,3,34.8155,31.388397
374,100925,2000097,300002,40000002,דייר אל אסד,דייר אל אסד,2,24,5057288,361,3,314,2,2,3,100925,2000097,3,34.909839,31.330945
374,100925,2000097,300002,40000002,דייר אל אסד,דייר אל אסד,2,24,5057288,36,3,336,2,2,3,100925,2000097,3,34.743916,31.339976
373,100926,2000076,300002,40000002,מועצה אזורית משגב,כישור תובל לפידות פלך,2,24,13612342,534,3,311,2,2,3,100926,2000076,3,34.870492,31.294537
372,100927,2000094,300002,40000002,מועצה אזורית משגב,פארק תעשיות בר לב,2,24,4852519,618,3,308,2,2,3,100927,2000094,3,34.611865,31.327956
371,100928,2000075,300002,40000002,מועצה אזורית משגב,גילון צורית,2,24,4777847,84,3,309,2,2,3,100928,2000075,3,34.697009,31.324525
364,100929,2000097,300002,40000002,מג'ד אל כרום,מג'ד אל כרום,2,24,9272820,360,3,313,2,2,3,100929,2000097,3,34.742714,31.730751
364,100929,2000097,300002,40000002,מג'ד אל כרום,מג'ד אל כרום,2,24,9272820,359,3,334,2,2,2,100929,2000097,3,34.75621,31.727724
364,100929,2000097,300002,40000002,מג'ד אל כרום,מג'ד אל כרום,2,24,9272820,67,3,335,2,2,3,100929,2000097,3,34.553838,31.356338
355,100930,2000053,300002,40000002,כרמיאל,גבעת רם,2,24,2566933,533,3,333,2,2,3,100930,2000053,3,34.643281,31.237465
355,100930,2000053,300002,40000002,כרמיאל,גבעת רם,2,24,2566933,349,3,304,2,2,3,100930,2000053,3,34.733392,31.0039
354,100931,2000053,300002,40000002,כרמיאל,המייסדים,2,24,3674917,348,3,322,2,2,3,100931,2000053,3,34.933064,31.023136
354,100931,2000053,300002,40000002,כרמיאל,המייסדים,2,24,3674917,347,3,303,2,2,3,100931,2000053,3,35.121937,30.984962
354,100931,2000053,300002,40000002,כרמיאל,המייסדים,2,24,3674917,346,3,323,2,2,3,100931,2000053,3,34.870497,31.321677
354,100931,2000053,300002,40000002,כרמיאל,המייסדים,2,24,3674917,77,3,324,2,2,3,100931,2000053,3,35.090003,31.239635
354,100931,2000053,300002,40000002,כרמיאל,המייסדים,2,24,3674917,76,3,321,2,2,3,100931,2000053,3,35.016003,31.158592
391,100932,2000053,300002,40000002,כרמיאל,מגדים והגליל,2,24,3677765,350,3,325,2,2,3,100932,2000053,3,34.939442,31.295235
391,100932,2000053,300002,40000002,כרמיאל,מגדים והגליל,2,24,3677765,80,3,328,2,2,3,100932,2000053,3,35.088481,31.290636
391,100932,2000053,300002,40000002,כרמיאל,מגדים והגליל,2,24,3677765,79,3,327,2,2,3,100932,2000053,3,35.034414,31.311522
391,100932,2000053,300002,40000002,כרמיאל,מגדים והגליל,2,24,3677765,78,3,326,2,2,3,100932,2000053,3,34.873243,31.225429
390,100933,2000053,300002,40000002,כרמיאל,גבעת מכוש והאירוסים,2,24,2070517,532,3,330,2,2,3,100933,2000053,3,34.935582,31.234584
390,100933,2000053,300002,40000002,כרמיאל,גבעת מכוש והאירוסים,2,24,2070517,351,3,329,2,2,3,100933,2000053,3,34.959791,31.106181
389,100934,2000053,300002,40000002,כרמיאל,רמת רבין,2,24,1844319,82,3,332,2,2,3,100934,2000053,3,34.890136,31.16827
389,100934,2000053,300002,40000002,כרמיאל,רמת רבין,2,24,1844319,81,3,331,2,2,3,100934,2000053,3,34.596403,31.691595
388,100935,2000054,300002,40000002,כרמיאל,אזור התעשיה,2,24,8071300,685,3,319,2,2,3,100935,2000054,3,34.58239,31.675592
388,100935,2000054,300002,40000002,כרמיאל,אזור התעשיה,2,24,8071300,684,3,320,2,2,3,100935,2000054,3,35.029949,31.196824
388,100935,2000054,300002,40000002,כרמיאל,אזור התעשיה,2,24,8071300,531,3,302,2,2,3,100935,2000054,3,34.858007,31.250553
395,100936,2000075,300002,40000002,מועצה אזורית משגב,מורן לוטם צביה כמון מכמנים סלמה כמאנה חוסנייה ראס אל-עין,2,24,35876127,83,3,301,2,2,3,100936,2000075,3,34.94396,29.587306
394,100937,2000075,300002,40000002,מועצה אזורית משגב,אשחר יובלים שורשים אשבל ערב אל נעים,2,24,12208859,85,3,305,2,2,3,100937,2000075,3,34.925747,29.518487
393,100938,2000057,300002,40000002,ביר אל-מכסור,ביר אל-מכסור,2,24,4648585,65,10,1002,2,2,3,100938,2000057,10,34.864423,31.515012
392,100939,2000084,300006,40000004,מועצה אזורית משגב,דמיידה,2,24,8171759,87,10,1001,6,2,3,100939,2000084,10,34.82096,30.626161
377,100940,2000084,300006,40000004,כפר מנדא,כפר מנדא,2,24,11037081,369,10,1006,6,2,3,100940,2000084,10,34.734895,31.789949
377,100940,2000084,300006,40000004,כפר מנדא,כפר מנדא,2,24,11037081,34,10,1004,6,2,3,100940,2000084,10,34.731632,31.764732
377,100940,2000084,300006,40000004,כפר מנדא,כפר מנדא,2,24,11037081,33,10,1003,6,2,3,100940,2000084,10,34.769125,31.752648
376,100941,2000062,300006,40000004,מועצה אזורית עמק יזרעאל,אלון הגליל חנתון,2,23,11195836,302,10,1005,6,2,3,100941,2000062,10,34.754355,31.772448
375,100942,2000084,300006,40000004,מועצה אזורית משגב,הררית אבטליון,2,24,39196521,536,3,307,6,6,3,100942,2000084,3,34.701172,31.69657
403,100943,2000093,300005,40000001,מועצה אזורית משגב,מצפה נטופה,2,23,3679036,535,19,1937,5,6,3,100943,2000093,19,34.715474,31.654331
402,100944,2000084,300006,40000004,בועיינה-נוג'ידאת,בועיינה-נוג'ידאת,2,23,7083343,281,19,1938,6,6,3,100944,2000084,19,34.745731,31.637435
401,100945,2000075,300002,40000002,מועצה אזורית משגב,עצמון שגב יעד רקפת,2,24,9563433,527,3,306,2,2,3,100945,2000075,3,34.769477,31.581956
400,100946,2000075,300002,40000002,מועצה אזורית משגב,"כאוכב אבו אל-היג'א יודפת מורשת קורנית, שכניה, מנוף",2,24,34267548,182,30,3009,2,2,3,100946,2000075,30,34.798466,31.734224
400,100946,2000075,300002,40000002,מועצה אזורית משגב,"כאוכב אבו אל-היג'א יודפת מורשת קורנית, שכניה, מנוף",2,24,34267548,28,3,310,2,2,3,100946,2000075,3,34.615921,31.715969
406,100947,2000070,300002,40000002,סח'נין,מזרח סחנין,2,24,6600284,179,30,3001,2,2,3,100947,2000070,30,34.565171,31.52261
405,100948,2000070,300002,40000002,סח'נין,מערב סח'נין,2,24,3181302,382,30,3006,2,2,3,100948,2000070,30,34.648783,31.502342
405,100948,2000070,300002,40000002,סח'נין,מערב סח'נין,2,24,3181302,381,30,3007,2,2,3,100948,2000070,30,34.460314,31.128245
405,100948,2000070,300002,40000002,סח'נין,מערב סח'נין,2,24,3181302,380,30,3005,2,2,3,100948,2000070,30,34.408092,31.283848
405,100948,2000070,300002,40000002,סח'נין,מערב סח'נין,2,24,3181302,181,30,3008,2,2,3,100948,2000070,30,34.462476,31.350164
405,100948,2000070,300002,40000002,סח'נין,מערב סח'נין,2,24,3181302,180,30,3004,2,2,3,100948,2000070,30,35.172622,31.077288
404,100949,2000074,300002,40000002,עראבה,עראבה,2,24,8099456,379,30,3010,2,2,3,100949,2000074,30,34.707871,31.554567
404,100949,2000074,300002,40000002,עראבה,עראבה,2,24,8099456,46,30,3012,2,2,3,100949,2000074,30,34.723089,31.055116
404,100949,2000074,300002,40000002,עראבה,עראבה,2,24,8099456,45,30,3011,2,2,3,100949,2000074,30,34.827095,30.895319
404,100949,2000074,300002,40000002,עראבה,עראבה,2,24,8099456,44,30,3002,2,2,3,100949,2000074,30,34.557308,30.949196
399,100950,2000074,300002,40000002,דייר חנא,דייר חנא,2,24,9069395,297,30,3013,2,5,3,100950,2000074,30,35.271599,31.243604
399,100950,2000074,300002,40000002,דייר חנא,דייר חנא,2,24,9069395,16,30,3003,2,5,3,100950,2000074,30,35.22813,30.826344
398,100951,2000084,300006,40000004,עילבון,עיילבון,2,22,5890075,461,35,3510,6,5,4,100951,2000084,35,35.056501,29.944819
397,100952,2000085,300005,40000001,מועצה אזורית מרום גליל,טפחות כלנית,2,22,9663592,723,35,3504,5,5,4,100952,2000085,35,35.009172,29.724175
396,100953,2000085,300005,40000001,מג'אר,צפון מג'אר,2,22,5684368,397,35,3507,5,5,4,100953,2000085,35,34.676362,30.475333
396,100953,2000085,300005,40000001,מג'אר,צפון מג'אר,2,22,5684368,396,35,3506,5,5,4,100953,2000085,35,35.057267,30.138852
423,100954,2000085,300005,40000001,מג'אר,דרום מג'אר,2,22,15030746,399,35,3509,5,5,4,100954,2000085,35,34.867935,29.94428
423,100954,2000085,300005,40000001,מג'אר,דרום מג'אר,2,22,15030746,398,35,3508,5,5,4,100954,2000085,35,34.94533,29.937639
421,100955,2000092,300002,40000002,מועצה אזורית מרום גליל,פרוד כפר שמאי שפר אמירים כפר חנניה,2,21,43620992,404,33,3322,2,1,4,100955,2000092,33,34.909761,29.690525
419,100956,2000069,300005,40000001,צפת,"מרום כנען (איביקור), נווה אורנים, קרית שרה",2,21,6323205,446,33,3310,5,1,4,100956,2000069,33,34.660259,31.748217
418,100957,2000068,300005,40000001,צפת,"קרית חבד ושיכון עממי""",2,21,1759171,449,33,3313,5,1,4,100957,2000068,33,34.834701,31.63269
418,100957,2000068,300005,40000001,צפת,"קרית חבד ושיכון עממי""",2,21,1759171,448,33,3312,5,1,4,100957,2000068,33,34.564383,31.59608
418,100957,2000068,300005,40000001,צפת,"קרית חבד ושיכון עממי""",2,21,1759171,447,33,3311,5,1,4,100957,2000068,33,34.530639,31.444197
427,100958,2000068,300005,40000001,צפת,בנה ביתך ושקמה ובית חולים זיו,2,21,2618541,452,33,3316,5,1,4,100958,2000068,33,34.875866,30.705649
426,100959,2000068,300005,40000001,צפת,רמת בגין ורבין,2,21,3440520,735,33,3318,5,1,4,100959,2000068,33,35.090825,30.467699
426,100959,2000068,300005,40000001,צפת,רמת בגין ורבין,2,21,3440520,453,33,3317,5,1,4,100959,2000068,33,34.710414,31.616168
407,100960,2000068,300005,40000001,צפת,"מרום כנרת, נוף הכינרת",2,21,4925061,454,33,3319,5,1,4,100960,2000068,33,35.067216,30.852709
411,100961,2000068,300005,40000001,צפת,עכברה,2,21,5050819,736,33,3320,5,1,4,100961,2000068,33,34.921006,30.468446
410,100962,2000092,300002,40000002,ג'ש (גוש חלב),ג'ש (גוש חלב),2,21,8039872,400,33,3307,2,1,4,100962,2000092,33,34.841197,30.162108
409,100963,2000092,300002,40000002,מועצה אזורית מרום גולן,מירון כפר חושן בר יוחאי אור הגנוז,2,21,20422762,708,33,3309,2,1,4,100963,2000092,33,34.615918,30.703246
408,100964,2000068,300005,40000001,מועצה אזורית מרום גליל,דלתון ריחאנייה כרם בן זמרה עלמה כדיתה כרם בן זמרה,2,21,60950826,762,33,3306,5,1,4,100964,2000068,33,34.786372,30.284384
408,100964,2000068,300005,40000001,מועצה אזורית מרום גליל,דלתון ריחאנייה כרם בן זמרה עלמה כדיתה כרם בן זמרה,2,21,60950826,391,33,3305,5,1,4,100964,2000068,33,34.880158,31.914718
446,100965,2000068,300005,40000001,צפת,"אזור תעשיה חדש, גני הדר, מאור חיים, עופר",2,21,960878,451,33,3315,5,1,4,100965,2000068,33,34.59398,31.506028
444,100966,2000081,300005,40000001,מועצה אזורית גליל עליון,יראון ברעם דובב אביבים,2,21,31693837,712,33,3303,5,1,4,100966,2000081,33,34.614945,31.642974
441,100967,2000081,300005,40000001,מועצה אזורית מבואות החרמון,רמות נפתלי יפתח מלכייה דישון,2,21,59586451,703,33,3302,5,1,4,100967,2000081,33,34.759412,31.378932
440,100968,2000081,300005,40000001,מועצה אזורית גליל עליון,מנרה משגב עם מרגליות,2,21,16311979,699,33,3301,5,1,4,100968,2000081,33,34.789013,31.377072
449,100969,2000081,300005,40000001,מטולה,מטולה כפר גלעדי יובל ומכללת תל חי,2,21,17258909,383,32,3201,5,1,4,100969,2000081,32,34.934866,29.543388
429,100970,2000081,300005,40000001,קרית שמונה,אזור תעשיה צפוני ושדה התעופה קרית שמונה,2,21,2755719,710,32,3204,5,1,4,100970,2000081,32,35.08494,32.659963
428,100971,2000081,300005,40000001,קרית שמונה,מרכז העיר ושיכון ב',2,21,6671432,496,32,3206,5,1,4,100971,2000081,32,35.47656,32.971585
428,100971,2000081,300005,40000001,קרית שמונה,מרכז העיר ושיכון ב',2,21,6671432,413,32,3205,5,1,4,100971,2000081,32,35.109929,31.720792
433,100972,2000081,300005,40000001,קרית שמונה,בנה ביתך. מרכז העיר. אזור תעשיה צפוני,2,21,3761485,497,32,3207,5,1,4,100972,2000081,32,35.114353,32.119578
432,100973,2000081,300005,40000001,מועצה אזורית גליל עליון,דפנה דן שאר ישוב כפר סאלד שניר בית הלל הגושרים מעיין ברוך,2,21,50680791,700,32,3203,5,1,4,100973,2000081,32,35.181335,32.097578
432,100973,2000081,300005,40000001,מועצה אזורית גליל עליון,דפנה דן שאר ישוב כפר סאלד שניר בית הלל הגושרים מעיין ברוך,2,21,50680791,697,32,3202,5,1,4,100973,2000081,32,34.812748,31.863401
431,100974,2000069,300005,40000001,ראש פינה,ראש פינה יסוד המעלה שדה אליעזר איילת השחר,2,21,58114819,462,32,3215,5,1,4,100974,2000069,32,34.923329,32.453258
431,100974,2000069,300005,40000001,ראש פינה,ראש פינה יסוד המעלה שדה אליעזר איילת השחר,2,21,58114819,384,32,3210,5,1,4,100974,2000069,32,35.214999,31.770936
430,100975,2000069,300005,40000001,חצור הגלילית,חצור הגלילית,2,21,5286872,433,32,3213,5,1,4,100975,2000069,32,35.055187,32.056051
238,100976,2000069,300005,40000001,מועצה אזורית גליל עליון,כפר הנשיא טובא-זנגרייה,2,21,19153302,393,32,3212,5,1,4,100976,2000069,32,35.187374,31.76771
237,100977,2000069,300005,40000001,מועצה אזורית עמק הירדן,עמיעד אליפלט כורזים אלמגור אמנון כרכום,2,21,70385482,719,35,3501,5,5,4,100977,2000069,35,34.844143,31.991944
237,100977,2000069,300005,40000001,מועצה אזורית עמק הירדן,עמיעד אליפלט כורזים אלמגור אמנון כרכום,2,21,70385482,713,32,3216,5,5,4,100977,2000069,32,34.931515,32.176271
235,100978,2000025,300001,40000001,מועצה אזורית גולן,מג'דל שמס נווה אטיב עג'ר,2,29,114287717,733,31,3102,1,1,4,100978,2000025,31,34.786727,32.076261
235,100978,2000025,300001,40000001,מועצה אזורית גולן,מג'דל שמס נווה אטיב עג'ר,2,29,114287717,436,31,3101,1,1,4,100978,2000025,31,34.760782,32.062314
233,100979,2000025,300001,40000001,מועצה מקומית מסעדה,מסעדה עין קנייא בוקעאתא,2,29,41340060,501,31,3104,1,1,4,100979,2000025,31,34.812185,32.061473
233,100979,2000025,300001,40000001,מועצה מקומית מסעדה,מסעדה עין קנייא בוקעאתא,2,29,41340060,500,31,3103,1,1,4,100979,2000025,31,34.787932,31.895266
215,100980,2000025,300001,40000001,מועצה אזורית גולן,אל -רום שעל אודם קלע מרום גולן,2,29,262432619,732,31,3105,1,1,4,100980,2000025,31,34.931856,32.164268
214,100981,2000025,300001,40000001,מועצה אזורית גולן,אורטל אלוני הבשן קדמת צבי עין זיוון,2,29,148805557,434,31,3106,1,1,4,100981,2000025,31,34.886943,31.923543
210,100982,2000025,300001,40000001,קצרין,קצרין,2,29,10402261,499,31,3107,1,1,4,100982,2000025,31,34.78781,31.92088
227,100983,2000025,300001,40000001,מועצה אזורית גולן,מעלה גמלא חד-נס כנף רמות,2,29,186212084,435,31,3108,1,1,4,100983,2000025,31,34.816361,31.261377
224,100984,2000025,300001,40000001,מועצה אזורית גולן,קשת יונתן אניעם,2,29,151754162,435,31,3108,1,1,4,,,31,0,0
222,100985,2000093,300005,40000001,מועצה אזורית עמק הירדן,מגדל גינוסר חוקוק חמאם לבנים,2,22,31965231,424,35,3502,5,5,4,100985,2000093,35,0,0
220,100986,2000093,300005,40000001,מועצה אזורית גליל עליון,קדרים רביד מסד,2,22,30934012,724,35,3503,5,5,4,100986,2000093,35,0,0
220,100986,2000093,300005,40000001,מועצה אזורית גליל עליון,קדרים רביד מסד,2,22,30934012,721,33,3321,5,5,4,100986,2000093,33,0,0
272,100987,2000093,300005,40000001,טורעאן,טורעאן,2,23,18115347,372,19,1901,5,5,3,100987,2000093,19,0,0
272,100987,2000093,300005,40000001,טורעאן,טורעאן,2,23,18115347,371,19,1914,5,5,3,100987,2000093,19,0,0
272,100987,2000093,300005,40000001,טורעאן,טורעאן,2,23,18115347,19,19,1913,5,5,3,100987,2000093,19,0,0
270,100988,2000093,300005,40000001,מועצה אזורית הגליל התחתון,"מצפה כפר חיטים ארבל כפר זיתים לביא, גבעת אבני, מחנה נטפים",2,22,57016471,463,35,3511,5,5,4,100988,2000093,35,0,0
270,100988,2000093,300005,40000001,מועצה אזורית הגליל התחתון,"מצפה כפר חיטים ארבל כפר זיתים לביא, גבעת אבני, מחנה נטפים",2,22,57016471,403,35,3512,5,5,4,100988,2000093,35,0,0
268,100989,2000055,300005,40000001,טבריה,שיכונים ג' וד',2,22,5079214,734,35,3522,5,5,4,100989,2000055,35,0,0
268,100989,2000055,300005,40000001,טבריה,שיכונים ג' וד',2,22,5079214,445,35,3521,5,5,4,100989,2000055,35,0,0
268,100989,2000055,300005,40000001,טבריה,שיכונים ג' וד',2,22,5079214,444,35,3520,5,5,4,100989,2000055,35,0,0
254,100990,2000055,300005,40000001,טבריה,שיכון עובדים,2,22,2156591,513,35,3515,5,5,4,100990,2000055,35,0,0
254,100990,2000055,300005,40000001,טבריה,שיכון עובדים,2,22,2156591,442,35,3514,5,5,4,100990,2000055,35,0,0
251,100991,2000055,300005,40000001,טבריה,"אזור תעשיה ומלאכה, אחווה",2,22,6428163,464,35,3516,5,5,4,100991,2000055,35,0,0
248,100992,2000055,300005,40000001,טבריה,שיכון עממי ורמת טבריה,2,22,2279791,515,35,3518,5,5,4,100992,2000055,35,0,0
248,100992,2000055,300005,40000001,טבריה,שיכון עממי ורמת טבריה,2,22,2279791,514,35,3517,5,5,4,100992,2000055,35,0,0
248,100992,2000055,300005,40000001,טבריה,שיכון עממי ורמת טבריה,2,22,2279791,443,35,3519,5,5,4,100992,2000055,35,0,0
245,100993,2000055,300005,40000001,מועצה אזורית עמק הירדן,הזורעים אלומות פורייה - כפר עבודה פורייה - נווה עובד פורייה עילית יבנאל שרונה משמר השלושה סמדר,2,22,71565002,689,35,3527,5,5,4,100993,2000055,35,0,0
245,100993,2000055,300005,40000001,מועצה אזורית עמק הירדן,הזורעים אלומות פורייה - כפר עבודה פורייה - נווה עובד פורייה עילית יבנאל שרונה משמר השלושה סמדר,2,22,71565002,388,35,3526,5,5,4,100993,2000055,35,0,0
263,100994,2000055,300005,40000001,מועצה אזורית עמק הירדן,מנחמיה אשדות יעקב (מאוחד) אשדות יעקב (איחוד),2,22,26540159,387,35,3532,5,5,4,100994,2000055,35,0,0
260,100995,2000087,300007,40000004,מועצה אזורית עמק המעיינות,בית יוסף חמדיה נווה אור ירדנה גשר,2,23,62251818,759,37,3702,7,7,4,100995,2000087,37,0,0
260,100995,2000087,300007,40000004,מועצה אזורית עמק המעיינות,בית יוסף חמדיה נווה אור ירדנה גשר,2,23,62251818,695,37,3701,7,7,4,100995,2000087,37,0,0
258,100996,2000087,300007,40000004,בית שאן,בית שאן,2,23,6013776,458,37,3708,7,7,4,100996,2000087,37,0,0
258,100996,2000087,300007,40000004,בית שאן,בית שאן,2,23,6013776,457,37,3707,7,7,4,100996,2000087,37,0,0
258,100996,2000087,300007,40000004,בית שאן,בית שאן,2,23,6013776,456,37,3706,7,7,4,100996,2000087,37,0,0
258,100996,2000087,300007,40000004,בית שאן,בית שאן,2,23,6013776,455,37,3704,7,7,4,100996,2000087,37,0,0
257,100997,2000087,300007,40000004,בית שאן,אזור תעשיה צפוני,2,23,1323562,770,37,3705,7,7,4,100997,2000087,37,0,0
296,100998,2000087,300007,40000004,מועצה אזורית עמק המעיינות,מעוז חיים כפר רופין נווה איתן טירת צבי שדה אליהו עין הנציב רחוב תל תאומים רוויה שדי תרומות,2,23,91422595,757,37,3703,7,7,4,100998,2000087,37,0,0
296,100998,2000087,300007,40000004,מועצה אזורית עמק המעיינות,מעוז חיים כפר רופין נווה איתן טירת צבי שדה אליהו עין הנציב רחוב תל תאומים רוויה שדי תרומות,2,23,91422595,715,37,3711,7,7,4,100998,2000087,37,0,0
296,100998,2000087,300007,40000004,מועצה אזורית עמק המעיינות,מעוז חיים כפר רופין נווה איתן טירת צבי שדה אליהו עין הנציב רחוב תל תאומים רוויה שדי תרומות,2,23,91422595,386,37,3710,7,7,4,100998,2000087,37,0,0
294,100999,2000093,300005,40000001,כפר כמא,כפר כמא,2,22,8850502,706,35,3529,5,5,4,100999,2000093,35,0,0
716,101000,2000093,300005,40000001,מועצה אזורית גליל תחתון,בית קשת כדורי,2,22,11039232,705,36,3602,7,7,4,,,36,0,0
698,101001,2000089,300007,40000004,מועצה מקומית שבלי – אום אל-גנם,שיבלי,2,23,11956143,705,36,3602,7,7,4,101001,2000089,36,0,0
698,101001,2000089,300007,40000004,מועצה מקומית שבלי – אום אל-גנם,שיבלי,2,23,11956143,423,36,3601,7,7,4,101001,2000089,36,0,0
697,101002,2000050,300007,40000004,מועצה אזורית עמק יזרעאל,כפר תבור שדמות דבורה כפר קיש עין דור גזית כפר מצר,2,22,118580102,394,36,3603,7,7,4,101002,2000050,36,0,0
697,101002,2000050,300007,40000004,מועצה אזורית עמק יזרעאל,כפר תבור שדמות דבורה כפר קיש עין דור גזית כפר מצר,2,22,118580102,389,35,3528,7,5,4,101002,2000050,35,0,0
696,101003,2000050,300007,40000004,עפולה,אזור תעשיה אלון התבור,2,23,11163485,752,36,3607,7,7,4,101003,2000050,36,0,0
695,101004,2000050,300007,40000004,מועצה אזורית גלבוע,נאעורה טמרה (יזרעאל),2,23,10495059,402,36,3606,7,7,4,101004,2000050,36,0,0
707,101005,2000050,300007,40000004,מועצה אזורית גלבוע,מולדת רמת צבי טייבה (בעמק),2,23,45158367,385,36,3605,7,7,4,101005,2000050,36,0,0
704,101006,2000050,300007,40000004,מועצה אזורית עמק יזרעאל,דברת ניין אחוזת ברק,2,23,20600492,390,36,3604,7,7,4,101006,2000050,36,0,0
702,101007,2000049,300007,40000004,עפולה,נווה יוסף וגבעת המורה,2,23,7602411,507,36,3608,7,7,4,101007,2000049,36,0,0
702,101007,2000049,300007,40000004,עפולה,נווה יוסף וגבעת המורה,2,23,7602411,484,36,3609,7,7,4,101007,2000049,36,0,0
700,101008,2000049,300007,40000004,עפולה,בית חולים העמק,2,23,494642,769,36,3610,7,7,4,101008,2000049,36,0,0
763,101009,2000049,300007,40000004,עפולה,"עפולה הצעירה, עפולה עילית",2,23,2421890,485,36,3612,7,7,4,101009,2000049,36,0,0
749,101010,2000049,300007,40000004,עפולה,אזור תעשיה ב',2,23,521633,744,36,3613,7,7,4,101010,2000049,36,0,0
747,101011,2000062,300006,40000004,מועצה אזורית עמק יזרעאל,בלפוריה תל עדשים מזרע כפר גדעון ומכללת עמק יזראעל,2,23,32466993,2,21,2107,6,7,3,101011,2000062,21,0,0
730,101012,2000049,300007,40000004,עפולה,מרכז העיר וסביוני העמק,2,23,5847431,475,36,3614,7,7,4,101012,2000049,36,0,0
730,101012,2000049,300007,40000004,עפולה,מרכז העיר וסביוני העמק,2,23,5847431,474,36,3615,7,7,4,101012,2000049,36,0,0
729,101013,2000049,300007,40000004,עפולה,אזור תעשיה א',2,23,1206917,474,36,3615,7,7,4,,,36,0,0
728,101014,2000049,300007,40000004,עפולה,עפולה דרום ובנה ביתך,2,23,11968329,479,36,3619,7,7,4,101014,2000049,36,0,0
728,101014,2000049,300007,40000004,עפולה,עפולה דרום ובנה ביתך,2,23,11968329,478,36,3618,7,7,4,101014,2000049,36,0,0
728,101014,2000049,300007,40000004,עפולה,עפולה דרום ובנה ביתך,2,23,11968329,477,36,3617,7,7,4,101014,2000049,36,0,0
727,101015,2000050,300007,40000004,אזור תעשיה תבור,אזור תעשיה תבור,2,23,11454303,746,36,3625,7,7,4,101015,2000050,36,0,0
739,101016,2000050,300007,40000004,מועצה אזורית מועצה אזורית גלבוע,יזרעאל יעל אביטל פרזון מיטב מוקייבלה צנדלה מגן שאול אדירים ברק גדיש דבורה מלאה ניר יפה רם-און אומן חבראדירים ברק גדיש דבורה מלאה ניר יפה רם-און אומן חבר,2,23,53335460,745,36,3624,7,7,4,101016,2000050,36,0,0
739,101016,2000050,300007,40000004,מועצה אזורית מועצה אזורית גלבוע,יזרעאל יעל אביטל פרזון מיטב מוקייבלה צנדלה מגן שאול אדירים ברק גדיש דבורה מלאה ניר יפה רם-און אומן חבראדירים ברק גדיש דבורה מלאה ניר יפה רם-און אומן חבר,2,23,53335460,718,36,3628,7,7,4,101016,2000050,36,0,0
739,101016,2000050,300007,40000004,מועצה אזורית מועצה אזורית גלבוע,יזרעאל יעל אביטל פרזון מיטב מוקייבלה צנדלה מגן שאול אדירים ברק גדיש דבורה מלאה ניר יפה רם-און אומן חבראדירים ברק גדיש דבורה מלאה ניר יפה רם-און אומן חבר,2,23,53335460,480,36,3627,7,7,4,101016,2000050,36,0,0
736,101017,2000064,300007,40000004,מועצה אזורית מגידו,משמר העמק הזורע מגידו היוגב גבעת עוז מדרך עוז,2,23,111696434,519,22,2218,7,7,3,101017,2000064,22,0,0
734,101018,2000048,300009,40000004,אום אל פאחם,עין איברהים,3,32,4909738,503,38,3804,9,9,4,101018,2000048,38,0,0
732,101019,2000064,300007,40000004,מועצה אזורית מגידו,עין השופט דלייה רמת השופט עין העמק גלעד (אבן יצחק) רמות מנשה,2,23,59735653,520,22,2219,7,7,3,101019,2000064,22,0,0
784,101020,2000048,300009,40000004,מעלה עירון,"מוסמוס, ביאדה, מושיירפה",3,32,4692102,492,38,3802,9,9,4,101020,2000048,38,0,0
782,101021,2000048,300009,40000004,מעלה עירון,זאלפה וסאלם,3,32,3349770,432,38,3801,9,9,4,101021,2000048,38,0,0
781,101022,2000048,300009,40000004,אום אל פאחם,צפון העיר,3,32,14159490,729,38,3805,9,9,4,101022,2000048,38,0,0
781,101022,2000048,300009,40000004,אום אל פאחם,צפון העיר,3,32,14159490,409,38,3807,9,9,4,101022,2000048,38,0,0
781,101022,2000048,300009,40000004,אום אל פאחם,צפון העיר,3,32,14159490,408,38,3806,9,9,4,101022,2000048,38,0,0
768,101023,2000048,300009,40000004,אום אל פאחם,מרכז העיר,3,32,1005134,411,38,3809,9,9,4,101023,2000048,38,0,0
768,101023,2000048,300009,40000004,אום אל פאחם,מרכז העיר,3,32,1005134,410,38,3808,9,9,4,101023,2000048,38,0,0
766,101024,2000048,300009,40000004,אום אל פאחם,מערב העיר,3,32,5127231,491,38,3810,9,9,4,101024,2000048,38,0,0
765,101025,2000048,300009,40000004,אום אל פאחם,דרום העיר,3,32,2796785,490,38,3812,9,9,4,101025,2000048,38,0,0
765,101025,2000048,300009,40000004,אום אל פאחם,דרום העיר,3,32,2796785,412,38,3811,9,9,4,101025,2000048,38,0,0
764,101026,2000066,300009,40000004,ערערה,ערערה ואל אריאן,3,32,22739219,772,38,3822,9,9,4,101026,2000066,38,0,0
764,101026,2000066,300009,40000004,ערערה,ערערה ואל אריאן,3,32,22739219,756,38,3823,9,9,4,101026,2000066,38,0,0
764,101026,2000066,300009,40000004,ערערה,ערערה ואל אריאן,3,32,22739219,754,38,3814,9,9,4,101026,2000066,38,0,0
764,101026,2000066,300009,40000004,ערערה,ערערה ואל אריאן,3,32,22739219,407,38,3817,9,9,4,101026,2000066,38,0,0
764,101026,2000066,300009,40000004,ערערה,ערערה ואל אריאן,3,32,22739219,406,38,3816,9,9,4,101026,2000066,38,0,0
764,101026,2000066,300009,40000004,ערערה,ערערה ואל אריאן,3,32,22739219,405,38,3815,9,9,4,101026,2000066,38,0,0
775,101027,2000069,300005,40000001,מועצה אזורית מבואות החרמון,גדות מחניים משמר הירדן,2,21,19155483,688,32,3211,5,1,4,101027,2000069,32,0,0
773,101028,2000066,300009,40000004,בסמה,מועאוויה,3,32,10710903,775,38,3803,9,9,4,101028,2000066,38,0,0
771,101029,2000064,300007,40000004,כפר קרע,כפר קרע,3,32,7823424,417,38,3820,7,9,4,101029,2000064,38,0,0
771,101029,2000064,300007,40000004,כפר קרע,כפר קרע,3,32,7823424,416,38,3819,7,9,4,101029,2000064,38,0,0
771,101029,2000064,300007,40000004,כפר קרע,כפר קרע,3,32,7823424,415,38,3818,7,9,4,101029,2000064,38,0,0
425,101030,2000095,300009,40000004,חריש,חריש מצפה אילן ואום אל קוטוף,3,32,9439987,781,38,3827,9,9,4,101030,2000095,38,0,0
425,101030,2000095,300009,40000004,חריש,חריש מצפה אילן ואום אל קוטוף,3,32,9439987,780,38,3829,9,9,4,101030,2000095,38,0,0
425,101030,2000095,300009,40000004,חריש,חריש מצפה אילן ואום אל קוטוף,3,32,9439987,779,38,3828,9,9,4,101030,2000095,38,0,0
425,101030,2000095,300009,40000004,חריש,חריש מצפה אילן ואום אל קוטוף,3,32,9439987,778,38,3830,9,9,4,101030,2000095,38,0,0
425,101030,2000095,300009,40000004,חריש,חריש מצפה אילן ואום אל קוטוף,3,32,9439987,777,38,3825,9,9,4,101030,2000095,38,0,0
425,101030,2000095,300009,40000004,חריש,חריש מצפה אילן ואום אל קוטוף,3,32,9439987,489,38,3824,9,9,4,101030,2000095,38,0,0
425,101030,2000095,300009,40000004,חריש,חריש מצפה אילן ואום אל קוטוף,3,32,9439987,488,38,3826,9,9,4,101030,2000095,38,0,0
424,101031,2000095,300009,40000004,מועצה אזורית מנשה,מצר מייסר,3,32,6061844,487,38,3831,9,9,4,101031,2000095,38,0,0
422,101032,2000058,300009,40000004,באקה אל גרבייה,באקה אל גרבייה,3,32,9557307,751,40,4018,9,9,4,101032,2000058,40,0,0
422,101032,2000058,300009,40000004,באקה אל גרבייה,באקה אל גרבייה,3,32,9557307,494,40,4020,9,9,4,101032,2000058,40,0,0
422,101032,2000058,300009,40000004,באקה אל גרבייה,באקה אל גרבייה,3,32,9557307,419,40,4019,9,9,4,101032,2000058,40,0,0
422,101032,2000058,300009,40000004,באקה אל גרבייה,באקה אל גרבייה,3,32,9557307,418,40,4017,9,9,4,101032,2000058,40,0,0
420,101033,2000058,300009,40000004,באקה אל גרבייה,גית,3,32,6733476,755,40,4021,9,9,4,101033,2000058,40,0,0
415,101034,2000095,300009,40000004,מועצה אזורית מנשה,מגל להבות חביבה שדה יצחק מאור,3,32,18733907,728,40,4022,9,9,4,101034,2000095,40,0,0
414,101035,2000095,300009,40000004,מועצה אזורית מנשה,עין שמר גן השומרון שער מנשה,3,32,10767018,738,40,4002,9,9,4,101035,2000095,40,0,0
413,101036,2000095,300009,40000004,מועצה אזורית מנשה,כפר פינס עין עירון,3,32,4112244,694,39,3915,9,9,4,101036,2000095,39,0,0
412,101037,2000095,300009,40000004,מועצה אזורית מנשה,מענית ברקאי,3,32,13579256,750,40,4001,9,9,4,101037,2000095,40,0,0
417,101038,2000064,300007,40000004,מועצה אזורית אלונה,גבעת נילי רגבים אביאל עמיקם,3,32,45299106,701,39,3901,7,9,4,101038,2000064,39,0,0
416,101039,2000095,300009,40000004,מועצה אזורית מנשה,כפר גליקסון אלוני יצחק,3,32,6479879,749,39,3902,9,9,4,101039,2000095,39,0,0
439,101040,2000056,300010,40000004,פרדס חנה- כרכור,"הבנים, המייסדים, דגניה, אחוזה, נעורים",3,32,4826825,420,39,3916,9,9,4,101040,2000056,39,0,0
448,101041,2000056,300010,40000004,פרדס חנה- כרכור,פרחי הדר נווה פרדסים ומגד,3,32,9249298,498,39,3918,10,10,4,101041,2000056,39,0,0
448,101041,2000056,300010,40000004,פרדס חנה- כרכור,פרחי הדר נווה פרדסים ומגד,3,32,9249298,421,39,3917,10,10,4,101041,2000056,39,0,0
447,101042,2000056,300010,40000004,פרדס חנה- כרכור,פרדס חנה רסקו ומשמרות,3,32,11819282,748,39,3920,10,10,4,101042,2000056,39,0,0
447,101042,2000056,300010,40000004,פרדס חנה- כרכור,פרדס חנה רסקו ומשמרות,3,32,11819282,470,39,3919,10,10,4,101042,2000056,39,0,0
445,101043,2000091,300008,40000004,בנימינה-גבעת עדה,גבעת עדה,3,32,12007647,486,39,3903,8,9,4,101043,2000091,39,0,0
442,101044,2000091,300008,40000004,בנימינה-גבעת עדה,בנימינה,3,32,12768178,468,39,3907,8,10,4,101044,2000091,39,0,0
442,101044,2000091,300008,40000004,בנימינה-גבעת עדה,בנימינה,3,32,12768178,467,39,3906,8,10,4,101044,2000091,39,0,0
442,101044,2000091,300008,40000004,בנימינה-גבעת עדה,בנימינה,3,32,12768178,465,39,3904,8,10,4,101044,2000091,39,0,0
437,101045,2000091,300008,40000004,מועצה אזורית חוף הכרמל,מעגן מיכאל בית חנניה גני הברון ואמפי שוני (בנימינה),3,32,16398054,740,39,3905,8,8,4,101045,2000091,39,0,0
437,101045,2000091,300008,40000004,מועצה אזורית חוף הכרמל,מעגן מיכאל בית חנניה גני הברון ואמפי שוני (בנימינה),3,32,16398054,466,39,3908,8,8,4,101045,2000091,39,0,0
437,101045,2000091,300008,40000004,מועצה אזורית חוף הכרמל,מעגן מיכאל בית חנניה גני הברון ואמפי שוני (בנימינה),3,32,16398054,575,25,2507,8,8,3,101045,2000091,25,0,0
436,101046,2000086,300010,40000004,אור עקיבא,היובל ונווה אלון,3,32,2849254,426,39,3911,10,10,4,101046,2000086,39,0,0
436,101046,2000086,300010,40000004,אור עקיבא,היובל ונווה אלון,3,32,2849254,425,39,3910,10,10,4,101046,2000086,39,0,0
435,101047,2000086,300010,40000004,קיסריה,קיסריה,3,32,12502985,761,39,3922,10,10,4,101047,2000086,39,0,0
435,101047,2000086,300010,40000004,קיסריה,קיסריה,3,32,12502985,741,39,3913,10,10,4,101047,2000086,39,0,0
435,101047,2000086,300010,40000004,קיסריה,קיסריה,3,32,12502985,737,39,3914,10,10,4,101047,2000086,39,0,0
434,101048,2000086,300010,40000004,אור עקיבא,"אורות (מזרח), גני אור. אורות (מערב), רבין",3,32,1912127,469,39,3912,10,10,4,101048,2000086,39,0,0
438,101049,2000086,300010,40000004,קיסריה,פארק תעשיה קיסריה,3,32,14203450,760,39,3921,10,10,4,101049,2000086,39,0,0
455,101050,2000039,300010,40000004,חדרה,וייצמן ונווה חיים,3,32,12638651,493,40,4007,10,10,4,101050,2000039,40,0,0
455,101050,2000039,300010,40000004,חדרה,וייצמן ונווה חיים,3,32,12638651,437,40,4010,10,10,4,101050,2000039,40,0,0
454,101051,2000039,300010,40000004,חדרה,חדרה בית חולים הילל יפה,3,32,354186,508,40,4008,10,10,4,101051,2000039,40,0,0
459,101052,2000039,300010,40000004,חדרה,חדרה:תחנת הכח,3,32,5265378,743,40,4009,10,10,4,101052,2000039,40,0,0
458,101053,2000038,300010,40000004,חדרה,נווה אליעזר ודניה,3,32,12433842,473,40,4004,10,10,4,101053,2000038,40,0,0
458,101053,2000038,300010,40000004,חדרה,נווה אליעזר ודניה,3,32,12433842,472,40,4005,10,10,4,101053,2000038,40,0,0
457,101054,2000038,300010,40000004,חדרה,חדרה הצעירה ושיכון ברנדייס,3,32,9053338,471,40,4013,10,10,4,101054,2000038,40,0,0
457,101054,2000038,300010,40000004,חדרה,חדרה הצעירה ושיכון ברנדייס,3,32,9053338,439,40,4014,10,10,4,101054,2000038,40,0,0
457,101054,2000038,300010,40000004,חדרה,חדרה הצעירה ושיכון ברנדייס,3,32,9053338,438,40,4012,10,10,4,101054,2000038,40,0,0
456,101055,2000038,300010,40000004,חדרה,גבעת בילו ורמבם,3,32,2946580,502,40,4011,10,10,4,101055,2000038,40,0,0
456,101055,2000038,300010,40000004,חדרה,גבעת בילו ורמבם,3,32,2946580,440,40,4015,10,10,4,101055,2000038,40,0,0
453,101056,2000039,300010,40000004,חדרה,אולגה כפר הים,3,32,5859640,441,40,4016,10,10,4,101056,2000039,40,0,0
452,101057,2000030,300004,40000003,חיפה,בת גלים (מערב),3,31,463704,224,15,1501,4,4,1,101057,2000030,15,0,0
451,101058,2000030,300004,40000003,חיפה,חיפה: בית חולים רמבם,3,31,384546,229,15,1502,4,4,1,101058,2000030,15,0,0
450,101059,2000030,300004,40000003,חיפה,קרית אליעזר,3,31,1607362,568,15,1503,4,4,1,101059,2000030,15,0,0
450,101059,2000030,300004,40000003,חיפה,קרית אליעזר,3,31,1607362,567,15,1522,4,4,1,101059,2000030,15,0,0
450,101059,2000030,300004,40000003,חיפה,קרית אליעזר,3,31,1607362,272,15,1507,4,4,1,101059,2000030,15,0,0
450,101059,2000030,300004,40000003,חיפה,קרית אליעזר,3,31,1607362,262,15,1505,4,4,1,101059,2000030,15,0,0
450,101059,2000030,300004,40000003,חיפה,קרית אליעזר,3,31,1607362,254,15,1508,4,4,1,101059,2000030,15,0,0
450,101059,2000030,300004,40000003,חיפה,קרית אליעזר,3,31,1607362,112,15,1509,4,4,1,101059,2000030,15,0,0
450,101059,2000030,300004,40000003,חיפה,קרית אליעזר,3,31,1607362,111,15,1506,4,4,1,101059,2000030,15,0,0
450,101059,2000030,300004,40000003,חיפה,קרית אליעזר,3,31,1607362,110,15,1504,4,4,1,101059,2000030,15,0,0
465,101060,2000028,300004,40000003,חיפה,בסיס חיל הים,3,31,1295276,645,12,1215,4,4,1,101060,2000028,12,0,0
464,101061,2000028,300004,40000003,חיפה,נמל חיפה,3,31,1501875,620,12,1225,4,4,1,101061,2000028,12,0,0
463,101062,2000088,300008,40000004,מועצה אזורית חוף כרמל,בית אורן,3,32,39023365,283,23,2302,8,8,2,101062,2000088,23,0,0
469,101063,2000051,300003,40000002,עכו,שיכון עמידר,2,24,1393201,651,2,213,3,3,2,101063,2000051,2,0,0
469,101063,2000051,300003,40000002,עכו,שיכון עמידר,2,24,1393201,312,2,202,3,3,2,101063,2000051,2,0,0
468,101064,2000051,300003,40000002,עכו,נאות ים,2,24,1945084,185,2,216,3,3,2,101064,2000051,2,0,0
468,101064,2000051,300003,40000002,עכו,נאות ים,2,24,1945084,184,2,215,3,3,2,101064,2000051,2,0,0
468,101064,2000051,300003,40000002,עכו,נאות ים,2,24,1945084,183,2,214,3,3,2,101064,2000051,2,0,0
467,101065,2000051,300003,40000002,עכו,מעברת נפוליאון,2,24,1953892,555,2,218,3,3,2,101065,2000051,2,0,0
467,101065,2000051,300003,40000002,עכו,מעברת נפוליאון,2,24,1953892,287,2,217,3,3,2,101065,2000051,2,0,0
466,101066,2000073,300003,40000002,מועצה אזורית מטה אשר,שמרת בוסתן הגליל,2,24,10697006,311,2,201,3,3,2,101066,2000073,2,0,0
462,101067,2000051,300003,40000002,עכו,מזרח עכו,2,24,1557767,683,2,211,3,3,2,101067,2000051,2,0,0
462,101067,2000051,300003,40000002,עכו,מזרח עכו,2,24,1557767,682,2,212,3,3,2,101067,2000051,2,0,0
461,101068,2000047,300003,40000002,נהריה,קרית בן גוריון. גבעת אוסישקין,2,24,1006538,682,2,212,3,3,2,101067,2000051,1,0,0
460,101069,2000047,300003,40000002,נהריה,גבעת טרומפלדור וגבעת שרת,2,24,2040045,353,1,114,3,3,3,101069,2000047,1,0,0
460,101069,2000047,300003,40000002,נהריה,גבעת טרומפלדור וגבעת שרת,2,24,2040045,352,1,104,3,3,3,101069,2000047,1,0,0
460,101069,2000047,300003,40000002,נהריה,גבעת טרומפלדור וגבעת שרת,2,24,2040045,202,1,112,3,3,3,101069,2000047,1,0,0
475,101070,2000073,300003,40000002,מועצה אזורית מטה אשר,יחיעם געתון עין יעקב,2,24,19157387,714,34,3422,3,2,4,101070,2000073,34,0,0
474,101071,2000092,300002,40000002,מועצה אזורית מרום גליל,חזון,2,21,4935937,716,35,3505,2,2,4,101071,2000092,35,0,0
473,101072,2000069,300005,40000001,מועצה אזורית מרום גליל,בירייה עמוקה,2,21,21251793,702,33,3308,5,1,4,101072,2000069,33,0,0
472,101073,2000081,300005,40000001,מועצה אזורית גליל עליון,עמיר שדה נחמיה כפר בלום שמיר להבות הבשן נאות מרדכי גונן,2,21,105841380,698,32,3209,5,1,4,101073,2000081,32,0,0
480,101074,2000093,300005,40000001,מועצה אזורית מבואות החרמון,כחל,2,21,20116575,698,32,3209,5,1,4,,,31,0,0
479,101075,2000025,300001,40000001,מועצה אזורית גולן,אלי-עד חספין אבני איתן גשור נוב רמת מגשימים נטור כפר חרוב בני יהודה מיצר גבעת יואב מבוא חמה אפיק נאות גולן,2,29,244234209,765,31,3110,1,5,4,101075,2000025,31,0,0
479,101075,2000025,300001,40000001,מועצה אזורית גולן,אלי-עד חספין אבני איתן גשור נוב רמת מגשימים נטור כפר חרוב בני יהודה מיצר גבעת יואב מבוא חמה אפיק נאות גולן,2,29,244234209,731,31,3111,1,5,4,101075,2000025,31,0,0
479,101075,2000025,300001,40000001,מועצה אזורית גולן,אלי-עד חספין אבני איתן גשור נוב רמת מגשימים נטור כפר חרוב בני יהודה מיצר גבעת יואב מבוא חמה אפיק נאות גולן,2,29,244234209,730,31,3109,1,1,4,101075,2000025,31,0,0
477,101076,2000055,300005,40000001,מועצה אזורית עמק הירדן,"עין גב מעגן האון תל קציר, מפעלי צמח ומכללת כנרת בית זרע אפיקים מסדה שער הגולן",2,22,48444658,696,35,3530,5,5,4,101076,2000055,35,0,0
477,101076,2000055,300005,40000001,מועצה אזורית עמק הירדן,"עין גב מעגן האון תל קציר, מפעלי צמח ומכללת כנרת בית זרע אפיקים מסדה שער הגולן",2,22,48444658,693,35,3531,5,5,4,101076,2000055,35,0,0
476,101077,2000055,300005,40000001,מועצה אזורית עמק הירדן,כנרת (קבוצה) דגניה א' כנרת (מושבה) דגניה ב',2,22,13694512,690,35,3524,5,5,4,101077,2000055,35,0,0
471,101078,2000055,300005,40000001,טבריה,בית חולים פוריה,2,22,222571,768,35,3525,5,5,4,101078,2000055,35,0,0
470,101079,2000087,300007,40000004,מועצה אזורית עמק המעיינות,ניר דוד (תל עמל) מסילות רשפים שלוחות מעלה גלבוע מירב,2,23,72142995,763,37,3713,7,7,4,101079,2000087,37,0,0
470,101079,2000087,300007,40000004,מועצה אזורית עמק המעיינות,ניר דוד (תל עמל) מסילות רשפים שלוחות מעלה גלבוע מירב,2,23,72142995,720,37,3712,7,7,4,101079,2000087,37,0,0
470,101079,2000087,300007,40000004,מועצה אזורית עמק המעיינות,ניר דוד (תל עמל) מסילות רשפים שלוחות מעלה גלבוע מירב,2,23,72142995,704,37,3709,7,7,4,101079,2000087,37,0,0
524,101080,2000093,300005,40000001,מועצה אזורית גליל תחתון,אילנייה שדה אילן,2,22,28156407,,,,,,,,,99,0,0
510,101081,2000050,300007,40000004,מועצה אזורית הגלבוע,חפצי-בה בית אלפא בית השיטה שדה נחום עין חרוד (מאוחד) תל יוסף עין חרוד (איחוד) כפר יחזקאל גבע גדעונה נורית,2,23,132452152,766,36,3620,7,7,4,101081,2000050,36,0,0
510,101081,2000050,300007,40000004,מועצה אזורית הגלבוע,חפצי-בה בית אלפא בית השיטה שדה נחום עין חרוד (מאוחד) תל יוסף עין חרוד (איחוד) כפר יחזקאל גבע גדעונה נורית,2,23,132452152,691,36,3621,7,7,4,101081,2000050,36,0,0
510,101081,2000050,300007,40000004,מועצה אזורית הגלבוע,חפצי-בה בית אלפא בית השיטה שדה נחום עין חרוד (מאוחד) תל יוסף עין חרוד (איחוד) כפר יחזקאל גבע גדעונה נורית,2,23,132452152,392,36,3622,7,7,4,101081,2000050,36,0,0
509,101082,2000062,300006,40000004,מועצה אזורית עמק יזרעאל,גבעת אלה,2,23,1595373,,,,,,,,,99,0,0
508,101083,2000050,300007,40000004,מועצה אזורית גלבוע,גן נר,2,23,10270001,481,36,3626,7,7,4,101083,2000050,36,0,0
507,101084,2000049,300007,40000004,מועצה אזורית עמק יזרעאל,מרחביה (קיבוץ) מרחביה (מושב) סולם,2,23,17807918,692,36,3623,7,7,4,101084,2000049,36,0,0
507,101084,2000049,300007,40000004,מועצה אזורית עמק יזרעאל,מרחביה (קיבוץ) מרחביה (מושב) סולם,2,23,17807918,476,36,3616,7,7,4,101084,2000049,36,0,0
518,101085,2000095,300009,40000004,מועצה אזורית מנשה,גן שמואל תלמי אלעזר,3,32,13077939,727,40,4003,9,10,4,101085,2000095,40,0,0
516,101086,2000028,300004,40000003,חיפה,המכללה הטכנולוגית חיל האויר ושדה התעופה חיפה,3,31,2917052,612,12,1209,4,4,1,101086,2000028,12,0,0
516,101086,2000028,300004,40000003,חיפה,המכללה הטכנולוגית חיל האויר ושדה התעופה חיפה,3,31,2917052,611,12,1208,4,4,1,101086,2000028,12,0,0
516,101086,2000028,300004,40000003,חיפה,המכללה הטכנולוגית חיל האויר ושדה התעופה חיפה,3,31,2917052,609,12,1207,4,4,1,101086,2000028,12,0,0
516,101086,2000028,300004,40000003,חיפה,המכללה הטכנולוגית חיל האויר ושדה התעופה חיפה,3,31,2917052,576,12,1206,4,4,1,101086,2000028,12,0,0
513,101087,2000028,300004,40000003,חיפה,תעשיית ביוכימיה גדות,3,31,236336,602,12,1211,4,4,1,101087,2000028,12,0,0
511,101088,2000028,300004,40000003,חיפה,אזור תעשיה חוף שמן,3,31,1994925,604,12,1214,4,4,1,101088,2000028,12,0,0
511,101088,2000028,300004,40000003,חיפה,אזור תעשיה חוף שמן,3,31,1994925,603,12,1216,4,4,1,101088,2000028,12,0,0
511,101088,2000028,300004,40000003,חיפה,אזור תעשיה חוף שמן,3,31,1994925,579,12,1217,4,4,1,101088,2000028,12,0,0
506,101089,2000028,300004,40000003,חיפה,מרכזית לב המפרץ,3,31,629443,600,12,1218,4,4,1,101089,2000028,12,0,0
506,101089,2000028,300004,40000003,חיפה,מרכזית לב המפרץ,3,31,629443,599,12,1219,4,4,1,101089,2000028,12,0,0
562,101090,2000026,300004,40000003,חיפה,צ'ק פוסט,3,31,3042750,670,18,1813,4,8,1,101090,2000026,18,0,0
562,101090,2000026,300004,40000003,חיפה,צ'ק פוסט,3,31,3042750,669,18,1812,4,8,1,101090,2000026,18,0,0
562,101090,2000026,300004,40000003,חיפה,צ'ק פוסט,3,31,3042750,668,18,1811,4,8,1,101090,2000026,18,0,0
562,101090,2000026,300004,40000003,חיפה,צ'ק פוסט,3,31,3042750,667,12,1223,4,4,1,101090,2000026,12,0,0
562,101090,2000026,300004,40000003,חיפה,צ'ק פוסט,3,31,3042750,601,12,1221,4,4,1,101090,2000026,12,0,0
562,101090,2000026,300004,40000003,חיפה,צ'ק פוסט,3,31,3042750,581,12,1220,4,4,1,101090,2000026,12,0,0
560,101091,2000028,300004,40000003,חיפה,פארק הקישון ונמל המפרץ,3,31,4733060,644,12,1227,4,4,1,101091,2000028,12,0,0
560,101091,2000028,300004,40000003,חיפה,פארק הקישון ונמל המפרץ,3,31,4733060,643,12,1226,4,4,1,101091,2000028,12,0,0
560,101091,2000028,300004,40000003,חיפה,פארק הקישון ונמל המפרץ,3,31,4733060,608,12,1205,4,4,1,101091,2000028,12,0,0
560,101091,2000028,300004,40000003,חיפה,פארק הקישון ונמל המפרץ,3,31,4733060,607,12,1212,4,4,1,101091,2000028,12,0,0
560,101091,2000028,300004,40000003,חיפה,פארק הקישון ונמל המפרץ,3,31,4733060,606,12,1213,4,4,1,101091,2000028,12,0,0
560,101091,2000028,300004,40000003,חיפה,פארק הקישון ונמל המפרץ,3,31,4733060,605,12,1224,4,4,1,101091,2000028,12,0,0
549,101092,2000026,300004,40000003,חיפה,שטח פתוח,3,31,5315417,580,12,1222,4,4,1,101092,2000026,12,0,0
548,101093,2000091,300008,40000004,ג'סר א-זרקא,ג'סר א-זרקא,3,32,1602630,707,39,3909,8,8,4,101093,2000091,39,0,0
547,101094,2000093,300005,40000001,פארק תעשיות קדמת גליל,פארק תעשיות קדמת גליל,2,22,17193724,739,35,3513,5,5,4,101094,2000093,35,0,0
546,101095,2000048,300009,40000004,מועצה אזורית מנשה,מי עמי,3,32,2366324,771,38,3813,9,9,4,101095,2000048,38,0,0
554,101096,2000232,300030,40000013,אופקים,אופקים,6,62,10541674,,,,,,,,,99,0,0
552,101097,2000222,300031,40000014,באר שבע,"שכונה יא""",6,62,1373753,,,,,,,,,99,0,0
551,101098,2000222,300031,40000014,באר שבע,שכונה ו',6,62,1980547,,,,,,,,,99,0,0
550,101099,2000222,300031,40000014,באר שבע,באר שבע: קרית הספורט,6,62,629086,,,,,,,,,99,0,0
15,101100,2000222,300031,40000014,באר שבע,נחל עשן,6,62,1805621,,,,,,,,,99,0,0
13,101101,2000222,300031,40000014,באר שבע,נווה מנחם וכלניות,6,62,20760230,,,,,,,,,99,0,0
12,101102,2000240,300030,40000013,מועצה אזורית בני שמעון,מנחת שדה תימן,6,62,4102578,,,,,,,,,99,0,0
10,101103,2000240,300030,40000013,"תשן מסוף האשל""","תשן מסוף האשל""",6,62,11380044,,,,,,,,,99,0,0
24,101104,2000226,300031,40000014,באר שבע,"אוניברסיטת בן גוריון, מרכז רפואי סורוקה",6,62,866238,,,,,,,,,99,0,0
22,101105,2000226,300031,40000014,באר שבע,העיר העתיקה,6,62,1576180,,,,,,,,,99,0,0
20,101106,2000226,300031,40000014,באר שבע,תחנה מרכזית ורכבת מרכז,6,62,160037,,,,,,,,,99,0,0
18,101107,2000226,300031,40000014,באר שבע,"קניון הנגב, כיכר נוואי",6,62,530534,,,,,,,,,99,0,0
67,101108,2000227,300031,40000014,באר שבע,אזור התעשיה,6,62,1225097,,,,,,,,,99,0,0
66,101109,2000227,300031,40000014,באר שבע,מרכז ביג,6,62,3392804,,,,,,,,,99,0,0
57,101110,2000227,300031,40000014,באר שבע,אזורי תעשיה: האורגים,6,62,1652674,,,,,,,,,99,0,0
42,101111,2000227,300031,40000014,באר שבע,אזורי תעשיה: קרית יהודית,6,62,862843,,,,,,,,,99,0,0
40,101112,2000227,300031,40000014,באר שבע,עמק שרה,6,62,3733378,,,,,,,,,99,0,0
38,101113,2000227,300031,40000014,באר שבע,פארק נחל באר שבע,6,62,3374648,,,,,,,,,99,0,0
35,101114,2000227,300031,40000014,באר שבע,מזרחית למחלף שרה,6,62,3870343,,,,,,,,,99,0,0
51,101115,2000227,300031,40000014,באר שבע,בית סוהר אוהלי קידר ובית סוהר אשל,6,62,1116856,,,,,,,,,99,0,0
49,101116,2000225,300031,40000014,באר שבע,רמות ד' וגב ים נגב,6,62,1534456,,,,,,,,,99,0,0
46,101117,2000225,300031,40000014,באר שבע,רמות צפון,6,62,3972594,,,,,,,,,99,0,0
43,101118,2000225,300031,40000014,באר שבע,רמות ב' ויער דודאים,6,62,9580364,,,,,,,,,99,0,0
94,101119,2000225,300031,40000014,באר שבע,שטח פתוח,6,62,9889488,,,,,,,,,99,0,0
82,101120,2000221,300031,40000014,באר שבע,שכונה ד',6,62,650178,,,,,,,,,99,0,0
80,101121,2000221,300031,40000014,באר שבע,שכונה ו' הישנה ושכונה ד' צפון,6,62,763970,,,,,,,,,99,0,0
71,101122,2000221,300031,40000014,באר שבע,מרכז אורן וסנהדרין,6,62,882889,,,,,,,,,99,0,0
70,101123,2000226,300031,40000014,באר שבע,שכונה ג',6,62,1349945,,,,,,,,,99,0,0
69,101124,2000223,300031,40000014,באר שבע,שכונה א',6,62,943742,,,,,,,,,99,0,0
68,101125,2000223,300031,40000014,באר שבע,שכונה ה',6,62,1076136,,,,,,,,,99,0,0
76,101126,2000223,300031,40000014,באר שבע,שכ' ב' (מערב),6,62,457245,,,,,,,,,99,0,0
75,101127,2000223,300031,40000014,באר שבע,שכונה ב',6,62,808260,,,,,,,,,99,0,0
73,101128,2000224,300031,40000014,באר שבע,שכונה ט',6,62,998049,,,,,,,,,99,0,0
72,101129,2000224,300031,40000014,באר שבע,נאות לון,6,62,1633994,,,,,,,,,99,0,0
112,101130,2000224,300031,40000014,באר שבע,נאות אילן,6,62,3447183,,,,,,,,,99,0,0
109,101131,2000224,300031,40000014,באר שבע,כפר רפאל ובית העלמין החדש,6,62,4982164,,,,,,,,,99,0,0
107,101132,2000224,300031,40000014,באר שבע,באר שבע:פי גלילות,6,62,1161840,,,,,,,,,99,0,0
98,101133,2000224,300031,40000014,באר שבע,נווה נוי,6,62,4624976,,,,,,,,,99,0,0
97,101134,2000224,300031,40000014,באר שבע,מחנה נתן,6,62,1602525,,,,,,,,,99,0,0
96,101135,2000224,300031,40000014,באר שבע,דרומית לנחל בקע,6,62,17857936,,,,,,,,,99,0,0
95,101136,2000238,300032,40000015,מועצה מקומית שגב- שלום,שגב-שלום,6,62,6003909,,,,,,,,,99,0,0
102,101137,2000238,300032,40000015,"אזהת רמת בקע""","אזהת רמת בקע""",6,62,31886757,,,,,,,,,99,0,0
100,101138,2000240,300030,40000013,להבים,להבים,6,62,5985675,,,,,,,,,99,0,0
99,101139,2000233,300032,40000015,ערד,"חלמיש, יהושפט. טללים",6,62,37040243,,,,,,,,,99,0,0
148,101140,2000233,300032,40000015,ערד,ערד: אזור תעשיה,6,62,36171531,,,,,,,,,99,0,0
146,101141,2000228,300030,40000013,רהט,צפון רהט,6,62,8557789,,,,,,,,,99,0,0
142,101142,2000217,300029,40000013,שדרות,אזור התעשיה שדרות,6,61,1457341,,,,,,,,,99,0,0
140,101143,2000217,300029,40000013,שדרות,שדרות,6,61,5414123,,,,,,,,,99,0,0
132,101144,2000230,300030,40000013,נתיבות,נתיבות,6,62,12212140,,,,,,,,,99,0,0
131,101145,2000225,300031,40000014,עומר,עומר,6,62,16266775,,,,,,,,,99,0,0
130,101146,2000238,300032,40000015,נאות חובב,נאות חובב,6,62,23156453,,,,,,,,,99,0,0
129,101147,2000240,300030,40000013,מיתר,מיתר,6,62,16493097,,,,,,,,,99,0,0
135,101148,2000238,300032,40000015,ירוחם,ירוחם,6,62,56125881,,,,,,,,,99,0,0
133,101149,2000216,300029,40000013,קרית גת,פארק התעשיה והמלאכה ע''ש רבין,6,61,6583079,,,,,,,,,99,0,0
1060,101150,2000216,300029,40000013,קרית גת,החורש והפרחים,6,61,1624266,,,,,,,,,99,0,0
1068,101151,2000216,300029,40000013,קרית גת,רמות דוד,6,61,3794410,,,,,,,,,99,0,0
1067,101152,2000216,300029,40000013,קרית גת,מלכי ישראל ורמות דוד,6,61,2316499,,,,,,,,,99,0,0
1066,101153,2000216,300029,40000013,קרית גת,שערי הדרום,6,61,1247352,,,,,,,,,99,0,0
1065,101154,2000214,300029,40000013,אשקלון,"ברנע ב', ברנע ג', כפר גולף, רמת כרמים",6,61,4024841,,,,,,,,,99,0,0
1054,101155,2000214,300029,40000013,אשקלון,ברנע,6,61,2095338,,,,,,,,,99,0,0
1053,101156,2000213,300029,40000013,אשקלון,אשקלון:אזור תעשיה צפוני,6,61,3663241,,,,,,,,,99,0,0
1052,101157,2000214,300029,40000013,אשקלון,מרינה וגן לאומי אשקלון,6,61,3468713,,,,,,,,,99,0,0
1051,101158,2000214,300029,40000013,אשקלון,אפרידר,6,61,1839241,,,,,,,,,99,0,0
1058,101159,2000213,300029,40000013,אשקלון,נווה אילן ונאות אשקלון,6,61,1408699,,,,,,,,,99,0,0
1087,101160,2000213,300029,40000013,אשקלון,כוכב הצפון ורמת אשכול,6,61,1061937,,,,,,,,,99,0,0
1086,101161,2000214,300029,40000013,אשקלון,מרכז נפתי,6,61,888212,,,,,,,,,99,0,0
1091,101162,2000213,300029,40000013,אשקלון,גבעת הפרחים,6,61,5217068,,,,,,,,,99,0,0
1090,101163,2000215,300029,40000013,אשקלון,רמת בן גוריון ושקמים,6,61,4103649,,,,,,,,,99,0,0
1089,101164,2000215,300029,40000013,אשקלון,נווה אלונים,6,61,1461431,,,,,,,,,99,0,0
1088,101165,2000231,300032,40000015,דימונה,דימונה מגורים,6,62,27743658,,,,,,,,,99,0,0
1085,101166,2000231,300032,40000015,דימונה,"אזור התעשיה, קריה למחקר גרעיני",6,62,8761809,,,,,,,,,99,0,0
1084,101167,2000215,300029,40000013,אשקלון,אשקלון:מרכז רפואי ברזילי,6,61,263854,,,,,,,,,99,0,0
1083,101168,2000215,300029,40000013,אשקלון,אזור תעשיה דרומי,6,61,9889703,,,,,,,,,99,0,0
1082,101169,2000230,300030,40000013,מועצה אזורית מרחבים,"אשבול קלחים יושיביה מבועים ניר משה ניר עקיבא שדה צבי תלמי בילו פעמי תש""ז זרועה""",6,62,142036973,,,,,,,,,99,0,0
1103,101170,2000240,300030,40000013,מועצה אזורית בני שמעון,בית קמה,6,62,5982620,,,,,,,,,99,0,0
1102,101171,2000240,300030,40000013,מועצה אזורית בני שמעון,שובל,6,62,6688217,,,,,,,,,99,0,0
1101,101172,2000230,300030,40000013,מועצה אזורית בני שמעון,משמר הנגב,6,62,8350407,,,,,,,,,99,0,0
1107,101173,2000240,300030,40000013,מועצה אזורית בני שמעון,"להב סנסנה דבירה מפעלי אבשלום""",6,62,79829194,,,,,,,,,99,0,0
1106,101174,2000240,300030,40000013,מועצה אזורית בני שמעון,כרמית כרמים,6,62,13886425,,,,,,,,,99,0,0
1105,101175,2000240,300030,40000013,מועצה אזורית בני שמעון,עידן הנגב גבעות בר תראבין א צאנה,6,62,51065174,,,,,,,,,99,0,0
1104,101176,2000225,300031,40000014,בסיס קרית המודיעין,קריית המודיעין,6,62,3383114,,,,,,,,,99,0,0
1100,101177,2000232,300030,40000013,מועצה אזורית מרחבים,מסלול פטיש פדויים רנן תפרח גילת בטחה,6,62,33406653,,,,,,,,,99,0,0
1099,101178,2000239,300030,40000013,מועצה אזורית מרחבים,אשל הנשיא,6,62,464091,,,,,,,,,99,0,0
1098,101179,2000218,300029,40000013,קרית מלאכי,קרית מלאכי,6,61,2912498,,,,,,,,,99,0,0
1113,101180,2000218,300029,40000013,קרית מלאכי,אזור התעשיה קרית מלאכי,6,61,3025064,,,,,,,,,99,0,0
1112,101181,2000239,300030,40000013,מועצה אזורית אשכול,אורים ברוש תדהר תאשור שרשרת שיבולים מעגלים גבעולים מלילות בית הגדי קרית חינוך עזתה קריית חינוך מרחבים*,6,62,159836513,,,,,,,,,99,0,0
1111,101182,2000239,300030,40000013,בסיס חצרים וקיבוץ חצרים,בסיס חצרים וקיבוץ חצרים,6,62,363042056,,,,,,,,,99,0,0
1110,101183,2000238,300032,40000015,מועצה אזורית רמת הנגב,משאבי שדה טללים אשלים רוח מדבר רביבים רתמים,6,62,73717063,,,,,,,,,99,0,0
1117,101184,2000238,300032,40000015,"עיר הבהדים""","עיר הבהדים""",6,62,253782886,,,,,,,,,99,0,0
1116,101185,2000231,300032,40000015,דימונה,הקריה למחקר גרעיני,6,62,112118727,,,,,,,,,99,0,0
1115,101186,2000240,300030,40000013,לקייה,לקיה,6,62,7925008,,,,,,,,,99,0,0
1114,101187,2000235,300032,40000015,כסייפה,כסיפה,6,62,13635011,,,,,,,,,99,0,0
1109,101188,2000235,300032,40000015,ערערה- בנגב,ערערה-בנגב,6,62,19522443,,,,,,,,,99,0,0
1108,101189,2000234,300032,40000015,חורה,חורה,6,62,8693380,,,,,,,,,99,0,0
1129,101190,2000235,300032,40000015,מועצה אזורית אל קסום,מכחול דריג'את כחלה,6,62,128179893,,,,,,,,,99,0,0
1122,101191,2000234,300032,40000015,מועצה אזורית תמר,מחנה יתיר הר עמשא שני,6,62,117445213,,,,,,,,,99,0,0
1121,101192,2000234,300032,40000015,נבטים,נבטים,6,62,7564851,,,,,,,,,99,0,0
1120,101193,2000234,300032,40000015,מועצה אזורית אל קסום,אום בטין אל סייד מולדה*,6,62,109330309,,,,,,,,,99,0,0
1119,101194,2000238,300032,40000015,מועצה אזורית נווה מדבר,אבו קורינאת (יישוב) קצר א-סר,6,62,104576275,,,,,,,,,99,0,0
1126,101195,2000238,300032,40000015,מועצה אזורית נווה מדבר,אבו תלול,6,62,113663872,,,,,,,,,99,0,0
1125,101196,2000213,300029,40000013,אשקלון,נווה דקלים (צפון),6,61,6282515,,,,,,,,,99,0,0
1124,101197,2000213,300029,40000013,אשקלון,נווה דקלים (דרום),6,61,299280,,,,,,,,,99,0,0
1123,101198,2000235,300032,40000015,בסיס חיל האוויר נבטים,בסיס חיל האוויר נבטים,6,62,47672743,,,,,,,,,99,0,0
1118,101199,2000236,300032,40000015,תל שבע,תל שבע,6,62,6136859,,,,,,,,,99,0,0
642,101200,2000229,300033,40000015,אילת,נווה מדבר ומרכז העיר,6,62,48710595,,,,,,,,,99,0,0
640,101201,2000229,300033,40000015,אילת,נמל אילת,6,62,10145336,,,,,,,,,99,0,0
638,101202,2000219,300029,40000013,מועצה אזורית לכיש,אמציה לכיש שקף שומרייה אליאב בני דקלים נטע כרמי קטיף,6,61,262129342,,,,,,,,,99,0,0
648,101203,2000237,300033,40000015,מצפה רמון,מצפה רמון,6,62,103316899,,,,,,,,,99,0,0
647,101204,2000220,300028,40000013,מועצה אזורית באר טוביה,ביצרון חצור-אשדוד נווה מבטח מפעלי כנות כנות,6,61,15072406,,,,,,,,,99,0,0
646,101205,2000220,300028,40000013,בסיס חיל האויר צור,בסיס חיל האוויר צור,6,61,9574233,,,,,,,,,99,0,0
645,101206,2000220,300028,40000013,מועצה אזורית באר טוביה,ערוגות כפר אחים חצב תלמי יחיאל אחווה ינון,6,61,22101742,,,,,,,,,99,0,0
673,101207,2000220,300028,40000013,מועצה אזורית באר טוביה,תעשיון מבצע*,6,61,3310029,,,,,,,,,99,0,0
672,101208,2000218,300029,40000013,מועצה אזורית באר טוביה,כפר ורבורג משואות יצחק עין צורים שפיר זרחיה מרכז שפירא,6,61,46220947,,,,,,,,,99,0,0
671,101209,2000219,300029,40000013,מועצה אזורית יואב,שדה יואב נגבה קוממיות יד נתן אלומה רווחה,6,61,37182461,,,,,,,,,99,0,0
660,101210,2000219,300029,40000013,מחנה פלוגות,מחנה פלוגות,6,61,2263228,,,,,,,,,99,0,0
658,101211,2000219,300029,40000013,מועצה אזורית שפיר,נועם איתן אבן שמואל אחוזם עוזה שלווה,6,61,33895003,,,,,,,,,99,0,0
656,101212,2000218,300029,40000013,מועצה אזורית מנחם,"תימורים כפר מנחם קדמה אביגדור כפר הריף אל -עזי תעשיון ראם*""",6,61,88229713,,,,,,,,,99,0,0
655,101213,2000219,300029,40000013,מועצה אזורית חוף אשקלון,ניצן ניצנים ניר ישראל באר גנים ניצן ב',6,61,37833671,,,,,,,,,99,0,0
666,101214,2000217,300029,40000013,מועצה אזורית שער הנגב,אור הנר איבים ניר עם מפלסים ארז,6,61,63985131,,,,,,,,,99,0,0
665,101215,2000217,300029,40000013,מועצה אזורית שער הנגב,דורות רוחמה  יכיני,6,61,102325495,,,,,,,,,99,0,0
664,101216,2000237,300033,40000015,מועצה אזורית רמת הנגב,"חולות חלוצה: מרכז לאמוני יבשה מלי""",6,62,297690781,,,,,,,,,99,0,0
662,101217,2000239,300030,40000013,מועצה אזורית אשכול,ניר עוז בארי נירים עין השלושה מגן רעים כיסופים עין הבשור מפעלי מעון עמיעוז גבולות ניר יצחק צאלים מבטחים ישע אוהד תלמי אליהו שדה ניצן כרם שלום צוחרשדי אברהם יתד פרי גן יבול תלמי יוסף סופהחולית דקל אבשלום בני נצרים שלומית נווה,6,62,390946494,,,,,,,,,99,0,0
694,101218,2000239,300030,40000013,בסיס רעים,בסיס רעים,6,62,17605969,,,,,,,,,99,0,0
693,101219,2000231,300032,40000015,מועצה אזורית תמר,מפעלי מישור רותם,6,62,353459028,,,,,,,,,99,0,0
688,101220,2000219,300029,40000013,מועצה אזורית לכיש,שדה דוד זוהר ברור חיל תלמים חלץ כוכב מיכאל,6,61,108391066,,,,,,,,,99,0,0
682,101221,2000238,300032,40000015,מועצה אזורית רמת הנגב,מועצה אזורית רמת הנגב,6,62,255317082,,,,,,,,,99,0,0
679,101222,2000237,300033,40000015,מועצה אזורית רמת נגב,שדה בוקר מדרשת בן גוריון מרחב עם,6,62,299701370,,,,,,,,,99,0,0
677,101223,2000237,300033,40000015,מועצה אזורית רמת הנגב,ניצנה (קהילת חינוך) באר מילכה ניצני סיני כמהין עזוז,6,62,940959273,,,,,,,,,99,0,0
676,101224,2000233,300032,40000015,מועצה אזורית תמר,עין גדי כפר הנוקדים נווה זוהר ים המלח - בתי מלון מפעלי ים המלח(סדום),6,62,1079074857,,,,,,,,,99,0,0
687,101225,2000237,300033,40000015,מועצה אזורית ערבה תיכונה,עין חצבה נאות הכיכר עין תמר חצבה עין יהב עידן עיר אובות,6,62,518640177,,,,,,,,,99,0,0
686,101226,2000237,300033,40000015,מועצה אזורית חבל אילות,באר אורה יטבתה קטורה אילות גרופית סמר יהל אליפז לוטן שחרות,6,62,357399248,,,,,,,,,99,0,0
685,101227,2000237,300033,40000015,נמל תעופה רמון,נמל תעופה רמון,6,62,12667686,,,,,,,,,99,0,0
683,101228,2000237,300033,40000015,מועצה אזורית רמת נגב,מועצה אזורית רמת הנגב,6,62,622589923,,,,,,,,,99,0,0
726,101229,2000237,300033,40000015,מועצה אזורית חבל אילות,נאות סמדר שיטים נווה חריף,6,62,323944722,,,,,,,,,99,0,0
721,101230,2000237,300033,40000015,בית הספר להנדסה צבאית,מחנה צוקי עובדה מחנה חיון ומחנה סיירים,6,62,239482084,,,,,,,,,99,0,0
720,101231,2000237,300033,40000015,בסיס חיל האוויר עובדה,בסיס חיל האוויר עובדה,6,62,186750081,,,,,,,,,99,0,0
706,101232,2000237,300033,40000015,מועצה אזורית חבל אילות,מועצה אזורית חבל אילות,6,62,389626630,,,,,,,,,99,0,0
703,101233,2000218,300029,40000013,מועצה אזורית באר טוביה,שדה עוזיהו בית עזרא שתולים אמונים גבעתי עזריקם עזר עד הלום,6,61,39539350,,,,,,,,,99,0,0
701,101234,2000218,300029,40000013,מועצה אזורית יואב,גת (קיבוץ) גלאון ניר בנים רדון מנוחה נחלה סגולה זבדיאל שדה משה,6,61,114220801,,,,,,,,,99,0,0
699,101235,2000219,300029,40000013,מועצה אזורית חוף אשקלון,גברעם יד מרדכי מבקיעים זיקים כרמייה נתיב העשרה,6,61,69738872,,,,,,,,,99,0,0
714,101236,2000239,300030,40000013,מועצה אזורית שדות נגב,שוקדה תקומה שובה נחל עוז זמרת תושייה כפר מימון עלומים כפר עזה סעד,6,62,60710404,,,,,,,,,99,0,0
712,101237,2000237,300033,40000015,מועצה אזורית רמת הנגב,שלווה במדבר,6,62,539211933,,,,,,,,,99,0,0
710,101238,2000237,300033,40000015,מועצה אזורית ערבה תיכונה,צופר פארן ספיר צוקים,6,62,785949089,,,,,,,,,99,0,0
708,101239,2000219,300029,40000013,מועצה אזורית לכיש,"שחר ניר חן עוצם נוגה נהורה""",6,61,25435360,,,,,,,,,99,0,0
754,101240,2000237,300033,40000015,אורון מפעלי צין - ערבה,אורון מפעלי צין - ערבה,6,62,812825644,,,,,,,,,99,0,0
753,101241,2000237,300033,40000015,מועצה אזורית רמת נגב,מועצה אזורית רמת הנגב- מנחת מישר,6,62,273191819,,,,,,,,,99,0,0
751,101242,2000237,300033,40000015,שמורת טבע נחלים גדולים,שמורת טבע נחלים גדולים,6,62,713626733,,,,,,,,,99,0,0
737,101243,2000237,300033,40000015,מחנה רמון,מחנה רמון,6,62,615691110,,,,,,,,,99,0,0
735,101244,2000237,300033,40000015,מועצה אזורית רמת הנגב,שמורת טבע הר הנגב,6,62,478909389,,,,,,,,,99,0,0
733,101245,2000135,300024,40000010,מחנה רחבעם,מחנה רחבעם,4,43,962913,,,,,,,,,99,0,0
731,101246,2000217,300029,40000013,מכללת ספיר וגבים,גבים ומכללת ספיר,6,61,1524652,,,,,,,,,99,0,0
745,101247,2000219,300029,40000013,מועצה אזורית חוף אשקלון,כפר סילבר גיאה הודייה תלמי יפה ברכיה בית שקמה משען בת הדר,6,61,43623154,,,,,,,,,99,0,0
743,101248,2000228,300030,40000013,רהט,דרום רהט,6,62,11030832,,,,,,,,,99,0,0
742,101249,2000234,300030,40000013,רהט,אזור התעשיה עידן הנגב,6,62,1454742,,,,,,,,,99,0,0
792,101250,2000229,300033,40000015,אילת,"בנה ביתך, צופית",6,62,4407661,,,,,,,,,99,0,0
790,101251,2000088,300008,40000004,יוקנעם,"אזור התעשיה לב יקנעם, פארק תעשיות מורדות הכרמל",2,23,2213699,518,22,2210,8,8,2,101251,2000088,22,0,0
789,101252,2000068,300005,40000001,צפת,"העיר העתיקה, קרית ברסלב ומכללת צפת",2,21,4164552,,,,,,,,,99,0,0
786,101253,2000022,300028,40000013,צור הדסה,צור הדסה ומבוא ביתר,1,11,8616727,,,,,,,,,99,0,0
774,101254,2000245,300011,40000005,מועצה אזורית שומרון,ברקן קרית נטפים רבבה,7,71,7357946,,,,,,,,,99,0,0
770,101255,2000244,300011,40000005,אריאל,אריאל,7,71,9785581,,,,,,,,,99,0,0
769,101256,2000152,300023,40000010,קרית עקרון,"אזור תעשיה ומסחר עקרון 2000, ביל''ו סנטר",4,44,625428,,,,,,,,,99,0,0
767,101257,2000039,300010,40000004,חדרה,אזור התעשיה צפון,3,32,2825745,742,40,4006,10,10,4,101257,2000039,40,0,0
780,101258,2000010,300027,40000012,ירושלים,קרית שמואל,1,11,636526,,,,,,,,,99,0,0
778,101259,2000245,300011,40000005,מועצה אזורית שומרון,בית אריה עלי זהב ברוכין פדואל,7,71,54798939,,,,,,,,,99,0,0
810,101260,2000012,300027,40000012,ירושלים,בית וגן,1,11,669589,,,,,,,,,99,0,0
823,101261,2000177,300024,40000010,כפר חבד,,4,43,4323040,,,,,,,,,99,0,0
820,101262,2000127,300014,40000006,כפר סבא,אזור תעשייה ואצטדיון עירוני,4,42,927306,,,,,,,,,99,0,0
819,101263,2000169,300019,40000008,תל אביב -יפו,תל אביב -יפו: הקריה- מחנה רבין,5,51,466679,,,,,,,,,99,0,0
816,101264,2000170,300019,40000008,תל אביב -יפו,"פארק צ'רלס קלור, מנשיה",5,51,527342,,,,,,,,,99,0,0
804,101265,2000204,300020,40000009,גבעתיים,"המאבק, משמר הירדן, תפוצות ישראל, אידמית",5,51,275516,,,,,,,,,99,0,0
803,101266,2000124,300023,40000010,רחובות,קרית רכטמן (אזור תעשייה),4,44,1783183,,,,,,,,,99,0,0
802,101267,2000128,300014,40000006,כפר סבא,פארק תעשייה עתיר ידע,4,42,347842,,,,,,,,,99,0,0
801,101268,2000135,300024,40000010,רמלה,אזור תעשייה א'-ב' ובית קברות בריטי,4,43,2912327,,,,,,,,,99,0,0
809,101269,2000142,300023,40000010,נס ציונה,אזור תעשיה ב' ואיצטדיון עירוני,4,44,828795,,,,,,,,,99,0,0
443,101270,2000225,300031,40000014,באר שבע,"קרית התקשוב ומפקדת פדם""",6,62,493972,,,,,,,,,99,0,0
