,405,406,407,408,409,420,421,422,423,501,502,503,504,505,506,507,510,511,512,513,514,601,602,605,607,608,610,612,702,703,704,705,706,707,708,709,714,715,722,726,801,802,804,806,807,808,809,902,903,905,911,912,913,914,917,918,919,920,922,923,924,1002,1005,1102,1201,1202,1203,1208,1209,1210,1211,1212,1215,1216,1217,1218,1219,1220,1221,1222,1224,1225,1302,1303,1304,1306,1307,1308,1309,1310,1311,1312,1313,1501,1502,1503,1504,1505,1506,1507,1508,1510,1511,1512,1513,1514,1515,1516,1517,1518,1519,1520,1521,1522,1523,1524,1628,1629,1638,1726,1903,1904,1905,1906,1907,1908,1909,1910,1911,1916,1917,1918,1919,1920,1921,1922,1923,1924,1925,1926,1927,1928,1929,1930,1931,1932,2001,2002,2003,2004,2005,2007,2008,2009,2010,2011,2012,2013,2101,2401,2402,2403,2404,2405,2406,2407,2408,2409,2412,2413,2415,2420,2421,2426
405,0.000,0.000,0.000,0.000,0.000,0.000,0.000,0.000,0.000,0.040,0.040,0.040,0.040,0.044,0.044,0.044,0.058,0.058,0.058,0.058,0.044,0.058,0.033,0.059,0.059,0.059,0.059,0.106,0.058,0.033,0.033,0.059,0.059,0.059,0.059,0.106,0.106,0.125,0.000,0.059,0.058,0.058,0.059,0.106,0.059,0.059,0.106,0.079,0.079,0.125,0.000,0.004,0.004,0.079,0.079,0.000,0.000,0.000,0.004,0.004,0.000,0.000,0.000,0.000,0.059,0.059,0.125,0.161,0.161,0.161,0.095,0.171,0.000,0.267,0.263,0.218,0.199,0.116,0.116,0.161,0.139,0.360,0.000,0.000,0.000,0.367,0.391,0.323,0.503,0.238,0.377,0.386,0.304,0.000,0.000,0.000,0.000,0.000,0.000,0.000,0.000,0.230,0.377,0.439,0.274,0.431,0.334,0.131,0.259,0.210,0.115,0.470,0.221,0.000,0.271,0.302,0.074,0.000,0.000,0.426,0.005,0.005,0.005,0.005,0.005,0.005,0.005,0.005,0.005,0.005,0.005,0.005,0.005,0.005,0.005,0.005,0.005,0.005,0.005,0.005,0.005,0.005,0.005,0.005,0.005,0.005,0.005,0.005,0.005,0.005,0.005,0.005,0.005,0.005,0.005,0.005,0.005,0.005,0.005,0.259,0.412,0.202,0.285,0.193,0.091,0.146,0.000,0.239,0.272,0.404,0.185,0.299,0.390,0.265
406,0.000,0.000,0.000,0.000,0.000,0.000,0.000,0.000,0.000,0.040,0.040,0.040,0.040,0.044,0.044,0.044,0.058,0.058,0.058,0.058,0.044,0.058,0.033,0.059,0.059,0.059,0.059,0.106,0.058,0.033,0.033,0.059,0.059,0.059,0.059,0.106,0.106,0.125,0.000,0.059,0.058,0.058,0.059,0.106,0.059,0.059,0.106,0.079,0.079,0.125,0.000,0.004,0.004,0.079,0.079,0.000,0.000,0.000,0.004,0.004,0.000,0.005,0.000,0.000,0.059,0.059,0.125,0.161,0.161,0.161,0.095,0.171,0.000,0.267,0.263,0.218,0.199,0.116,0.116,0.161,0.139,0.360,0.000,0.000,0.000,0.367,0.391,0.323,0.503,0.238,0.377,0.386,0.304,0.000,0.000,0.000,0.000,0.000,0.000,0.000,0.000,0.230,0.377,0.439,0.274,0.431,0.334,0.131,0.259,0.210,0.115,0.470,0.221,0.000,0.271,0.302,0.074,0.000,0.000,0.426,0.005,0.005,0.005,0.005,0.005,0.005,0.005,0.005,0.005,0.005,0.005,0.005,0.005,0.005,0.005,0.005,0.005,0.005,0.005,0.005,0.005,0.005,0.005,0.005,0.005,0.005,0.005,0.005,0.005,0.005,0.005,0.005,0.005,0.005,0.005,0.005,0.005,0.005,0.005,0.259,0.412,0.202,0.285,0.193,0.091,0.146,0.000,0.239,0.272,0.404,0.185,0.299,0.390,0.265
407,0.000,0.000,0.000,0.000,0.000,0.000,0.000,0.000,0.000,0.040,0.040,0.040,0.040,0.044,0.044,0.044,0.058,0.058,0.058,0.058,0.044,0.058,0.033,0.059,0.059,0.059,0.059,0.106,0.058,0.033,0.033,0.059,0.059,0.059,0.059,0.106,0.106,0.125,0.000,0.059,0.058,0.058,0.059,0.106,0.059,0.059,0.106,0.079,0.079,0.125,0.000,0.004,0.004,0.079,0.079,0.000,0.000,0.000,0.004,0.004,0.000,0.005,0.000,0.000,0.059,0.059,0.125,0.161,0.161,0.161,0.095,0.171,0.000,0.267,0.263,0.218,0.199,0.116,0.116,0.161,0.139,0.360,0.000,0.000,0.000,0.367,0.391,0.323,0.503,0.238,0.377,0.386,0.304,0.000,0.000,0.000,0.000,0.000,0.000,0.000,0.000,0.230,0.377,0.439,0.274,0.431,0.334,0.131,0.259,0.210,0.115,0.470,0.221,0.000,0.271,0.302,0.074,0.000,0.000,0.426,0.005,0.005,0.005,0.005,0.005,0.005,0.005,0.005,0.005,0.005,0.005,0.005,0.005,0.005,0.005,0.005,0.005,0.005,0.005,0.005,0.005,0.005,0.005,0.005,0.005,0.005,0.005,0.005,0.005,0.005,0.005,0.005,0.005,0.005,0.005,0.005,0.005,0.005,0.005,0.259,0.412,0.202,0.285,0.193,0.091,0.146,0.000,0.239,0.272,0.404,0.185,0.299,0.390,0.265
408,0.000,0.000,0.000,0.000,0.000,0.000,0.000,0.000,0.000,0.040,0.040,0.040,0.040,0.044,0.044,0.044,0.058,0.058,0.058,0.058,0.044,0.058,0.033,0.059,0.059,0.059,0.059,0.106,0.058,0.033,0.033,0.059,0.059,0.059,0.059,0.106,0.106,0.125,0.000,0.059,0.058,0.058,0.059,0.106,0.059,0.059,0.106,0.079,0.079,0.125,0.000,0.004,0.004,0.079,0.079,0.000,0.000,0.000,0.004,0.004,0.000,0.005,0.000,0.000,0.059,0.059,0.125,0.161,0.161,0.161,0.095,0.171,0.000,0.267,0.263,0.218,0.199,0.116,0.116,0.161,0.139,0.360,0.000,0.000,0.000,0.367,0.391,0.323,0.503,0.238,0.377,0.386,0.304,0.000,0.000,0.000,0.000,0.000,0.000,0.000,0.000,0.230,0.377,0.439,0.274,0.431,0.334,0.131,0.259,0.210,0.115,0.470,0.221,0.000,0.271,0.302,0.074,0.000,0.000,0.426,0.005,0.005,0.005,0.005,0.005,0.005,0.005,0.005,0.005,0.005,0.005,0.005,0.005,0.005,0.005,0.005,0.005,0.005,0.005,0.005,0.005,0.005,0.005,0.005,0.005,0.005,0.005,0.005,0.005,0.005,0.005,0.005,0.005,0.005,0.005,0.005,0.005,0.005,0.005,0.259,0.412,0.202,0.285,0.193,0.091,0.146,0.000,0.239,0.272,0.404,0.185,0.299,0.390,0.265
409,0.000,0.000,0.000,0.000,0.000,0.000,0.000,0.000,0.000,0.040,0.040,0.040,0.040,0.044,0.044,0.044,0.058,0.058,0.058,0.058,0.044,0.058,0.033,0.059,0.059,0.059,0.059,0.106,0.058,0.033,0.033,0.059,0.059,0.059,0.059,0.106,0.106,0.125,0.000,0.059,0.058,0.058,0.059,0.106,0.059,0.059,0.106,0.079,0.079,0.125,0.000,0.004,0.004,0.079,0.079,0.000,0.000,0.000,0.004,0.004,0.000,0.000,0.000,0.000,0.059,0.059,0.125,0.161,0.161,0.161,0.095,0.171,0.000,0.267,0.263,0.218,0.199,0.116,0.116,0.161,0.139,0.360,0.000,0.000,0.000,0.367,0.391,0.323,0.503,0.238,0.377,0.386,0.304,0.000,0.000,0.000,0.000,0.000,0.000,0.000,0.000,0.230,0.377,0.439,0.274,0.431,0.334,0.131,0.259,0.210,0.115,0.470,0.221,0.000,0.271,0.302,0.074,0.000,0.000,0.426,0.005,0.005,0.005,0.005,0.005,0.005,0.005,0.005,0.005,0.005,0.005,0.005,0.005,0.005,0.005,0.005,0.005,0.005,0.005,0.005,0.005,0.005,0.005,0.005,0.005,0.005,0.005,0.005,0.005,0.005,0.005,0.005,0.005,0.005,0.005,0.005,0.005,0.005,0.005,0.259,0.412,0.202,0.285,0.193,0.091,0.146,0.000,0.239,0.272,0.404,0.185,0.299,0.390,0.265
420,0.000,0.000,0.000,0.000,0.000,0.000,0.000,0.000,0.000,0.040,0.040,0.040,0.040,0.044,0.044,0.044,0.058,0.058,0.058,0.058,0.044,0.058,0.033,0.059,0.059,0.059,0.059,0.106,0.058,0.033,0.033,0.059,0.059,0.059,0.059,0.106,0.106,0.125,0.000,0.059,0.058,0.058,0.059,0.106,0.059,0.059,0.106,0.079,0.079,0.125,0.000,0.004,0.004,0.079,0.079,0.000,0.000,0.000,0.004,0.004,0.000,0.000,0.000,0.000,0.059,0.059,0.125,0.161,0.161,0.161,0.095,0.171,0.000,0.267,0.263,0.218,0.199,0.116,0.116,0.161,0.139,0.360,0.000,0.000,0.000,0.367,0.391,0.323,0.503,0.238,0.377,0.386,0.304,0.000,0.000,0.000,0.000,0.000,0.000,0.000,0.000,0.230,0.377,0.439,0.274,0.431,0.334,0.131,0.259,0.210,0.115,0.470,0.221,0.000,0.271,0.302,0.074,0.000,0.000,0.426,0.005,0.005,0.005,0.005,0.005,0.005,0.005,0.005,0.005,0.005,0.005,0.005,0.005,0.005,0.005,0.005,0.005,0.005,0.005,0.005,0.005,0.005,0.005,0.005,0.005,0.005,0.005,0.005,0.005,0.005,0.005,0.005,0.005,0.005,0.005,0.005,0.005,0.005,0.005,0.259,0.412,0.202,0.285,0.193,0.091,0.146,0.000,0.239,0.272,0.404,0.185,0.299,0.390,0.265
421,0.000,0.000,0.000,0.000,0.000,0.000,0.000,0.000,0.000,0.040,0.040,0.040,0.040,0.044,0.044,0.044,0.058,0.058,0.058,0.058,0.044,0.058,0.033,0.059,0.059,0.059,0.059,0.106,0.058,0.033,0.033,0.059,0.059,0.059,0.059,0.106,0.106,0.125,0.000,0.059,0.058,0.058,0.059,0.106,0.059,0.059,0.106,0.079,0.079,0.125,0.000,0.004,0.004,0.079,0.079,0.000,0.000,0.000,0.004,0.004,0.000,0.005,0.000,0.000,0.059,0.059,0.125,0.161,0.161,0.161,0.095,0.171,0.000,0.267,0.263,0.218,0.199,0.116,0.116,0.161,0.139,0.360,0.000,0.000,0.000,0.367,0.391,0.323,0.503,0.238,0.377,0.386,0.304,0.000,0.000,0.000,0.000,0.000,0.000,0.000,0.000,0.230,0.377,0.439,0.274,0.431,0.334,0.131,0.259,0.210,0.115,0.470,0.221,0.000,0.271,0.302,0.074,0.000,0.000,0.426,0.005,0.005,0.005,0.005,0.005,0.005,0.005,0.005,0.005,0.005,0.005,0.005,0.005,0.005,0.005,0.005,0.005,0.005,0.005,0.005,0.005,0.005,0.005,0.005,0.005,0.005,0.005,0.005,0.005,0.005,0.005,0.005,0.005,0.005,0.005,0.005,0.005,0.005,0.005,0.259,0.412,0.202,0.285,0.193,0.091,0.146,0.000,0.239,0.272,0.404,0.185,0.299,0.390,0.265
422,0.000,0.000,0.000,0.000,0.000,0.000,0.000,0.000,0.000,0.040,0.040,0.040,0.040,0.044,0.044,0.044,0.058,0.058,0.058,0.058,0.044,0.058,0.033,0.059,0.059,0.059,0.059,0.106,0.058,0.033,0.033,0.059,0.059,0.059,0.059,0.106,0.106,0.125,0.000,0.059,0.058,0.058,0.059,0.106,0.059,0.059,0.106,0.079,0.079,0.125,0.000,0.004,0.004,0.079,0.079,0.000,0.000,0.000,0.004,0.004,0.000,0.000,0.000,0.000,0.059,0.059,0.125,0.161,0.161,0.161,0.095,0.171,0.000,0.267,0.263,0.218,0.199,0.116,0.116,0.161,0.139,0.360,0.000,0.000,0.000,0.367,0.391,0.323,0.503,0.238,0.377,0.386,0.304,0.000,0.000,0.000,0.000,0.000,0.000,0.000,0.000,0.230,0.377,0.439,0.274,0.431,0.334,0.131,0.259,0.210,0.115,0.470,0.221,0.000,0.271,0.302,0.074,0.000,0.000,0.426,0.005,0.005,0.005,0.005,0.005,0.005,0.005,0.005,0.005,0.005,0.005,0.005,0.005,0.005,0.005,0.005,0.005,0.005,0.005,0.005,0.005,0.005,0.005,0.005,0.005,0.005,0.005,0.005,0.005,0.005,0.005,0.005,0.005,0.005,0.005,0.005,0.005,0.005,0.005,0.259,0.412,0.202,0.285,0.193,0.091,0.146,0.000,0.239,0.272,0.404,0.185,0.299,0.390,0.265
423,0.000,0.000,0.000,0.000,0.000,0.000,0.000,0.000,0.000,0.040,0.040,0.040,0.040,0.044,0.044,0.044,0.058,0.058,0.058,0.058,0.044,0.058,0.033,0.059,0.059,0.059,0.059,0.106,0.058,0.033,0.033,0.059,0.059,0.059,0.059,0.106,0.106,0.125,0.000,0.059,0.058,0.058,0.059,0.106,0.059,0.059,0.106,0.079,0.079,0.125,0.000,0.004,0.004,0.079,0.079,0.000,0.000,0.000,0.004,0.004,0.000,0.000,0.000,0.000,0.059,0.059,0.125,0.161,0.161,0.161,0.095,0.171,0.000,0.267,0.263,0.218,0.199,0.116,0.116,0.161,0.139,0.360,0.000,0.000,0.000,0.367,0.391,0.323,0.503,0.238,0.377,0.386,0.304,0.000,0.000,0.000,0.000,0.000,0.000,0.000,0.000,0.230,0.377,0.439,0.274,0.431,0.334,0.131,0.259,0.210,0.115,0.470,0.221,0.000,0.271,0.302,0.074,0.000,0.000,0.426,0.005,0.005,0.005,0.005,0.005,0.005,0.005,0.005,0.005,0.005,0.005,0.005,0.005,0.005,0.005,0.005,0.005,0.005,0.005,0.005,0.005,0.005,0.005,0.005,0.005,0.005,0.005,0.005,0.005,0.005,0.005,0.005,0.005,0.005,0.005,0.005,0.005,0.005,0.005,0.259,0.412,0.202,0.285,0.193,0.091,0.146,0.000,0.239,0.272,0.404,0.185,0.299,0.390,0.265
501,0.087,0.087,0.087,0.087,0.087,0.087,0.087,0.087,0.087,0.000,0.000,0.000,0.000,0.010,0.010,0.010,0.015,0.015,0.015,0.015,0.010,0.031,0.091,0.076,0.076,0.076,0.076,0.237,0.031,0.091,0.091,0.076,0.076,0.076,0.076,0.237,0.237,0.105,0.000,0.076,0.015,0.015,0.030,0.237,0.030,0.030,0.237,0.321,0.321,0.105,0.000,0.122,0.122,0.321,0.321,0.000,0.000,0.000,0.122,0.122,0.000,0.000,0.000,0.087,0.030,0.030,0.105,0.127,0.127,0.127,0.120,0.211,0.405,0.303,0.299,0.267,0.244,0.146,0.146,0.127,0.162,0.451,0.499,0.489,0.449,0.459,0.485,0.411,0.597,0.272,0.419,0.479,0.390,0.463,0.356,0.408,0.493,0.437,0.491,0.428,0.431,0.250,0.354,0.414,0.255,0.431,0.334,0.131,0.259,0.210,0.115,0.470,0.221,0.408,0.270,0.302,0.074,0.000,0.000,0.470,0.150,0.150,0.150,0.150,0.150,0.150,0.150,0.150,0.150,0.150,0.150,0.150,0.150,0.150,0.150,0.150,0.150,0.150,0.150,0.150,0.150,0.150,0.150,0.150,0.150,0.150,0.150,0.150,0.150,0.150,0.150,0.150,0.150,0.150,0.150,0.150,0.150,0.150,0.108,0.259,0.412,0.202,0.285,0.193,0.091,0.146,0.000,0.239,0.272,0.404,0.185,0.299,0.390,0.265
502,0.087,0.087,0.087,0.087,0.087,0.087,0.087,0.087,0.087,0.000,0.000,0.000,0.000,0.010,0.010,0.010,0.015,0.015,0.015,0.015,0.010,0.031,0.091,0.076,0.076,0.076,0.076,0.237,0.031,0.091,0.091,0.076,0.076,0.076,0.076,0.237,0.237,0.105,0.000,0.076,0.015,0.015,0.030,0.237,0.030,0.030,0.237,0.321,0.321,0.105,0.000,0.122,0.122,0.321,0.321,0.000,0.000,0.000,0.122,0.122,0.000,0.000,0.000,0.087,0.030,0.030,0.105,0.127,0.127,0.127,0.120,0.211,0.405,0.303,0.299,0.267,0.244,0.146,0.146,0.127,0.162,0.451,0.499,0.489,0.449,0.459,0.485,0.411,0.597,0.272,0.419,0.479,0.390,0.463,0.356,0.408,0.493,0.437,0.491,0.428,0.431,0.250,0.354,0.414,0.255,0.431,0.334,0.131,0.259,0.210,0.115,0.470,0.221,0.408,0.270,0.302,0.074,0.000,0.000,0.470,0.150,0.150,0.150,0.150,0.150,0.150,0.150,0.150,0.150,0.150,0.150,0.150,0.150,0.150,0.150,0.150,0.150,0.150,0.150,0.150,0.150,0.150,0.150,0.150,0.150,0.150,0.150,0.150,0.150,0.150,0.150,0.150,0.150,0.150,0.150,0.150,0.150,0.150,0.108,0.259,0.412,0.202,0.285,0.193,0.091,0.146,0.000,0.239,0.272,0.404,0.185,0.299,0.390,0.265
503,0.087,0.087,0.087,0.087,0.087,0.087,0.087,0.087,0.087,0.000,0.000,0.000,0.000,0.010,0.010,0.010,0.015,0.015,0.015,0.015,0.010,0.031,0.091,0.076,0.076,0.076,0.076,0.237,0.031,0.091,0.091,0.076,0.076,0.076,0.076,0.237,0.237,0.105,0.000,0.076,0.015,0.015,0.030,0.237,0.030,0.030,0.237,0.321,0.321,0.105,0.000,0.122,0.122,0.321,0.321,0.000,0.000,0.000,0.122,0.122,0.000,0.000,0.000,0.087,0.030,0.030,0.105,0.127,0.127,0.127,0.120,0.211,0.405,0.303,0.299,0.267,0.244,0.146,0.146,0.127,0.162,0.451,0.499,0.489,0.449,0.459,0.485,0.411,0.597,0.272,0.419,0.479,0.390,0.463,0.356,0.408,0.493,0.437,0.491,0.428,0.431,0.250,0.354,0.414,0.255,0.431,0.334,0.131,0.259,0.210,0.115,0.470,0.221,0.408,0.270,0.302,0.074,0.000,0.000,0.470,0.150,0.150,0.150,0.150,0.150,0.150,0.150,0.150,0.150,0.150,0.150,0.150,0.150,0.150,0.150,0.150,0.150,0.150,0.150,0.150,0.150,0.150,0.150,0.150,0.150,0.150,0.150,0.150,0.150,0.150,0.150,0.150,0.150,0.150,0.150,0.150,0.150,0.150,0.108,0.259,0.412,0.202,0.285,0.193,0.091,0.146,0.000,0.239,0.272,0.404,0.185,0.299,0.390,0.265
504,0.087,0.087,0.087,0.087,0.087,0.087,0.087,0.087,0.087,0.000,0.000,0.000,0.000,0.010,0.010,0.010,0.015,0.015,0.015,0.015,0.010,0.031,0.091,0.076,0.076,0.076,0.076,0.237,0.031,0.091,0.091,0.076,0.076,0.076,0.076,0.237,0.237,0.105,0.000,0.076,0.015,0.015,0.030,0.237,0.030,0.030,0.237,0.321,0.321,0.105,0.000,0.122,0.122,0.321,0.321,0.000,0.000,0.000,0.122,0.122,0.000,0.000,0.000,0.087,0.030,0.030,0.105,0.127,0.127,0.127,0.120,0.211,0.405,0.303,0.299,0.267,0.244,0.146,0.146,0.127,0.162,0.451,0.499,0.489,0.449,0.459,0.485,0.411,0.597,0.272,0.419,0.479,0.390,0.463,0.356,0.408,0.493,0.437,0.491,0.428,0.431,0.250,0.354,0.414,0.255,0.431,0.334,0.131,0.259,0.210,0.115,0.470,0.221,0.408,0.270,0.302,0.074,0.000,0.000,0.470,0.150,0.150,0.150,0.150,0.150,0.150,0.150,0.150,0.150,0.150,0.150,0.150,0.150,0.150,0.150,0.150,0.150,0.150,0.150,0.150,0.150,0.150,0.150,0.150,0.150,0.150,0.150,0.150,0.150,0.150,0.150,0.150,0.150,0.150,0.150,0.150,0.150,0.150,0.108,0.259,0.412,0.202,0.285,0.193,0.091,0.146,0.000,0.239,0.272,0.404,0.185,0.299,0.390,0.265
505,0.133,0.133,0.133,0.133,0.133,0.133,0.133,0.133,0.133,0.019,0.019,0.019,0.019,0.000,0.000,0.000,0.014,0.014,0.014,0.014,0.000,0.086,0.092,0.077,0.077,0.077,0.077,0.239,0.086,0.092,0.092,0.077,0.077,0.077,0.077,0.239,0.239,0.104,0.000,0.077,0.014,0.014,0.031,0.239,0.031,0.031,0.239,0.297,0.297,0.104,0.000,0.150,0.150,0.297,0.297,0.000,0.000,0.000,0.150,0.150,0.000,0.000,0.000,0.133,0.031,0.031,0.104,0.127,0.127,0.127,0.119,0.209,0.464,0.303,0.299,0.265,0.243,0.145,0.144,0.127,0.162,0.511,0.558,0.549,0.509,0.519,0.544,0.470,0.653,0.272,0.420,0.539,0.448,0.522,0.413,0.467,0.553,0.496,0.551,0.487,0.490,0.284,0.354,0.414,0.255,0.431,0.334,0.131,0.259,0.210,0.115,0.470,0.221,0.467,0.270,0.302,0.074,0.000,0.000,0.470,0.221,0.221,0.221,0.221,0.221,0.221,0.221,0.221,0.221,0.221,0.221,0.221,0.221,0.221,0.221,0.221,0.221,0.221,0.221,0.221,0.221,0.221,0.221,0.221,0.221,0.221,0.221,0.221,0.221,0.221,0.221,0.221,0.221,0.221,0.221,0.221,0.221,0.221,0.163,0.259,0.412,0.202,0.285,0.193,0.091,0.146,0.000,0.239,0.272,0.404,0.185,0.299,0.390,0.265
506,0.133,0.133,0.133,0.133,0.133,0.133,0.133,0.133,0.133,0.019,0.019,0.019,0.019,0.000,0.000,0.000,0.014,0.014,0.014,0.014,0.000,0.086,0.092,0.077,0.077,0.077,0.077,0.239,0.086,0.092,0.092,0.077,0.077,0.077,0.077,0.239,0.239,0.104,0.000,0.077,0.014,0.014,0.031,0.239,0.031,0.031,0.239,0.297,0.297,0.104,0.000,0.150,0.150,0.297,0.297,0.000,0.000,0.000,0.150,0.150,0.000,0.000,0.000,0.133,0.031,0.031,0.104,0.127,0.127,0.127,0.119,0.209,0.464,0.303,0.299,0.265,0.243,0.145,0.144,0.127,0.162,0.511,0.558,0.549,0.509,0.519,0.544,0.470,0.653,0.272,0.420,0.539,0.448,0.522,0.413,0.467,0.553,0.496,0.551,0.487,0.490,0.284,0.354,0.414,0.255,0.431,0.334,0.131,0.259,0.210,0.115,0.470,0.221,0.467,0.270,0.302,0.074,0.000,0.000,0.470,0.221,0.221,0.221,0.221,0.221,0.221,0.221,0.221,0.221,0.221,0.221,0.221,0.221,0.221,0.221,0.221,0.221,0.221,0.221,0.221,0.221,0.221,0.221,0.221,0.221,0.221,0.221,0.221,0.221,0.221,0.221,0.221,0.221,0.221,0.221,0.221,0.221,0.221,0.163,0.259,0.412,0.202,0.285,0.193,0.091,0.146,0.000,0.239,0.272,0.404,0.185,0.299,0.390,0.265
507,0.133,0.133,0.133,0.133,0.133,0.133,0.133,0.133,0.133,0.019,0.019,0.019,0.019,0.000,0.000,0.000,0.014,0.014,0.014,0.014,0.000,0.086,0.092,0.077,0.077,0.077,0.077,0.239,0.086,0.092,0.092,0.077,0.077,0.077,0.077,0.239,0.239,0.104,0.000,0.077,0.014,0.014,0.031,0.239,0.031,0.031,0.239,0.297,0.297,0.104,0.000,0.150,0.150,0.297,0.297,0.000,0.000,0.000,0.150,0.150,0.000,0.000,0.000,0.133,0.031,0.031,0.104,0.127,0.127,0.127,0.119,0.209,0.464,0.303,0.299,0.265,0.243,0.145,0.144,0.127,0.162,0.511,0.558,0.549,0.509,0.519,0.544,0.470,0.653,0.272,0.420,0.539,0.448,0.522,0.413,0.467,0.553,0.496,0.551,0.487,0.490,0.284,0.354,0.414,0.255,0.431,0.334,0.131,0.259,0.210,0.115,0.470,0.221,0.467,0.270,0.302,0.074,0.000,0.000,0.470,0.221,0.221,0.221,0.221,0.221,0.221,0.221,0.221,0.221,0.221,0.221,0.221,0.221,0.221,0.221,0.221,0.221,0.221,0.221,0.221,0.221,0.221,0.221,0.221,0.221,0.221,0.221,0.221,0.221,0.221,0.221,0.221,0.221,0.221,0.221,0.221,0.221,0.221,0.163,0.259,0.412,0.202,0.285,0.193,0.091,0.146,0.000,0.239,0.272,0.404,0.185,0.299,0.390,0.265
510,0.164,0.164,0.164,0.164,0.164,0.164,0.164,0.164,0.164,0.021,0.021,0.021,0.021,0.016,0.016,0.016,0.000,0.000,0.000,0.000,0.016,0.106,0.131,0.063,0.063,0.063,0.063,0.157,0.106,0.131,0.131,0.063,0.063,0.063,0.063,0.157,0.157,0.104,0.000,0.063,0.000,0.000,0.031,0.157,0.031,0.031,0.157,0.262,0.262,0.104,0.000,0.173,0.173,0.262,0.262,0.000,0.000,0.000,0.173,0.173,0.000,0.000,0.000,0.164,0.031,0.031,0.104,0.124,0.124,0.124,0.114,0.201,0.266,0.303,0.299,0.255,0.233,0.139,0.138,0.124,0.162,0.353,0.555,0.545,0.506,0.361,0.384,0.317,0.496,0.272,0.420,0.379,0.298,0.314,0.227,0.268,0.341,0.292,0.339,0.284,0.287,0.282,0.352,0.412,0.253,0.331,0.246,0.125,0.249,0.202,0.109,0.366,0.213,0.268,0.195,0.291,0.070,0.000,0.000,0.470,0.266,0.266,0.266,0.266,0.266,0.266,0.266,0.266,0.266,0.266,0.266,0.266,0.266,0.266,0.266,0.266,0.266,0.266,0.266,0.266,0.266,0.266,0.266,0.266,0.266,0.266,0.266,0.266,0.266,0.266,0.266,0.266,0.266,0.266,0.266,0.266,0.266,0.266,0.199,0.250,0.412,0.202,0.285,0.193,0.091,0.146,0.000,0.239,0.272,0.404,0.185,0.299,0.390,0.265
511,0.164,0.164,0.164,0.164,0.164,0.164,0.164,0.164,0.164,0.021,0.021,0.021,0.021,0.016,0.016,0.016,0.000,0.000,0.000,0.000,0.016,0.106,0.131,0.063,0.063,0.063,0.063,0.157,0.106,0.131,0.131,0.063,0.063,0.063,0.063,0.157,0.157,0.104,0.000,0.063,0.000,0.000,0.031,0.157,0.031,0.031,0.157,0.262,0.262,0.104,0.000,0.173,0.173,0.262,0.262,0.000,0.000,0.000,0.173,0.173,0.000,0.000,0.000,0.164,0.031,0.031,0.104,0.124,0.124,0.124,0.114,0.201,0.266,0.303,0.299,0.255,0.233,0.139,0.138,0.124,0.162,0.353,0.555,0.545,0.506,0.361,0.384,0.317,0.496,0.272,0.420,0.379,0.298,0.314,0.227,0.268,0.341,0.292,0.339,0.284,0.287,0.282,0.352,0.412,0.253,0.331,0.246,0.125,0.249,0.202,0.109,0.366,0.213,0.268,0.195,0.291,0.070,0.000,0.000,0.470,0.266,0.266,0.266,0.266,0.266,0.266,0.266,0.266,0.266,0.266,0.266,0.266,0.266,0.266,0.266,0.266,0.266,0.266,0.266,0.266,0.266,0.266,0.266,0.266,0.266,0.266,0.266,0.266,0.266,0.266,0.266,0.266,0.266,0.266,0.266,0.266,0.266,0.266,0.199,0.250,0.412,0.202,0.285,0.193,0.091,0.146,0.000,0.239,0.272,0.404,0.185,0.299,0.390,0.265
512,0.164,0.164,0.164,0.164,0.164,0.164,0.164,0.164,0.164,0.021,0.021,0.021,0.021,0.016,0.016,0.016,0.000,0.000,0.000,0.000,0.016,0.106,0.131,0.063,0.063,0.063,0.063,0.157,0.106,0.131,0.131,0.063,0.063,0.063,0.063,0.157,0.157,0.104,0.000,0.063,0.000,0.000,0.031,0.157,0.031,0.031,0.157,0.262,0.262,0.104,0.000,0.173,0.173,0.262,0.262,0.000,0.000,0.000,0.173,0.173,0.000,0.000,0.000,0.164,0.031,0.031,0.104,0.124,0.124,0.124,0.114,0.201,0.266,0.303,0.299,0.255,0.233,0.139,0.138,0.124,0.162,0.353,0.555,0.545,0.506,0.361,0.384,0.317,0.496,0.272,0.420,0.379,0.298,0.314,0.227,0.268,0.341,0.292,0.339,0.284,0.287,0.282,0.352,0.412,0.253,0.331,0.246,0.125,0.249,0.202,0.109,0.366,0.213,0.268,0.195,0.291,0.070,0.000,0.000,0.470,0.266,0.266,0.266,0.266,0.266,0.266,0.266,0.266,0.266,0.266,0.266,0.266,0.266,0.266,0.266,0.266,0.266,0.266,0.266,0.266,0.266,0.266,0.266,0.266,0.266,0.266,0.266,0.266,0.266,0.266,0.266,0.266,0.266,0.266,0.266,0.266,0.266,0.266,0.199,0.250,0.412,0.202,0.285,0.193,0.091,0.146,0.000,0.239,0.272,0.404,0.185,0.299,0.390,0.265
513,0.164,0.164,0.164,0.164,0.164,0.164,0.164,0.164,0.164,0.021,0.021,0.021,0.021,0.016,0.016,0.016,0.000,0.000,0.000,0.000,0.016,0.106,0.131,0.063,0.063,0.063,0.063,0.157,0.106,0.131,0.131,0.063,0.063,0.063,0.063,0.157,0.157,0.104,0.000,0.063,0.000,0.000,0.031,0.157,0.031,0.031,0.157,0.262,0.262,0.104,0.000,0.173,0.173,0.262,0.262,0.000,0.000,0.000,0.173,0.173,0.000,0.000,0.000,0.164,0.031,0.031,0.104,0.124,0.124,0.124,0.114,0.201,0.266,0.303,0.299,0.255,0.233,0.139,0.138,0.124,0.162,0.353,0.555,0.545,0.506,0.361,0.384,0.317,0.496,0.272,0.420,0.379,0.298,0.314,0.227,0.268,0.341,0.292,0.339,0.284,0.287,0.282,0.352,0.412,0.253,0.331,0.246,0.125,0.249,0.202,0.109,0.366,0.213,0.268,0.195,0.291,0.070,0.000,0.000,0.470,0.266,0.266,0.266,0.266,0.266,0.266,0.266,0.266,0.266,0.266,0.266,0.266,0.266,0.266,0.266,0.266,0.266,0.266,0.266,0.266,0.266,0.266,0.266,0.266,0.266,0.266,0.266,0.266,0.266,0.266,0.266,0.266,0.266,0.266,0.266,0.266,0.266,0.266,0.199,0.250,0.412,0.202,0.285,0.193,0.091,0.146,0.000,0.239,0.272,0.404,0.185,0.299,0.390,0.265
514,0.133,0.133,0.133,0.133,0.133,0.133,0.133,0.133,0.133,0.019,0.019,0.019,0.019,0.000,0.000,0.000,0.014,0.014,0.014,0.014,0.000,0.086,0.092,0.077,0.077,0.077,0.077,0.239,0.086,0.092,0.092,0.077,0.077,0.077,0.077,0.239,0.239,0.104,0.000,0.077,0.014,0.014,0.031,0.239,0.031,0.031,0.239,0.297,0.297,0.104,0.000,0.150,0.150,0.297,0.297,0.000,0.000,0.000,0.150,0.150,0.000,0.000,0.000,0.133,0.031,0.031,0.104,0.127,0.127,0.127,0.119,0.209,0.464,0.303,0.299,0.265,0.243,0.145,0.144,0.127,0.162,0.511,0.558,0.549,0.509,0.519,0.544,0.470,0.653,0.272,0.420,0.539,0.448,0.522,0.413,0.467,0.553,0.496,0.551,0.487,0.490,0.284,0.354,0.414,0.255,0.431,0.334,0.131,0.259,0.210,0.115,0.470,0.221,0.467,0.270,0.302,0.074,0.000,0.000,0.470,0.221,0.221,0.221,0.221,0.221,0.221,0.221,0.221,0.221,0.221,0.221,0.221,0.221,0.221,0.221,0.221,0.221,0.221,0.221,0.221,0.221,0.221,0.221,0.221,0.221,0.221,0.221,0.221,0.221,0.221,0.221,0.221,0.221,0.221,0.221,0.221,0.221,0.221,0.163,0.259,0.412,0.202,0.285,0.193,0.091,0.146,0.000,0.239,0.272,0.404,0.185,0.299,0.390,0.265
601,0.062,0.062,0.062,0.062,0.062,0.062,0.062,0.062,0.062,0.009,0.009,0.009,0.009,0.015,0.015,0.015,0.025,0.025,0.025,0.025,0.015,0.000,0.032,0.046,0.046,0.046,0.046,0.079,0.000,0.032,0.032,0.046,0.046,0.046,0.046,0.079,0.079,0.122,0.000,0.046,0.025,0.025,0.056,0.079,0.056,0.056,0.079,0.362,0.362,0.122,0.000,0.165,0.165,0.362,0.362,0.000,0.000,0.000,0.165,0.165,0.000,0.000,0.000,0.062,0.056,0.056,0.122,0.155,0.155,0.155,0.093,0.167,0.353,0.368,0.364,0.214,0.195,0.114,0.113,0.155,0.206,0.413,0.513,0.503,0.463,0.421,0.446,0.374,0.559,0.334,0.492,0.441,0.353,0.408,0.307,0.356,0.438,0.383,0.436,0.374,0.378,0.290,0.466,0.530,0.353,0.628,0.527,0.063,0.136,0.107,0.055,0.664,0.113,0.356,0.452,0.163,0.035,0.000,0.000,0.543,0.059,0.059,0.059,0.059,0.059,0.059,0.059,0.059,0.059,0.059,0.059,0.059,0.059,0.059,0.059,0.059,0.059,0.059,0.059,0.059,0.059,0.059,0.059,0.059,0.059,0.059,0.059,0.059,0.059,0.059,0.059,0.059,0.059,0.059,0.059,0.059,0.059,0.059,0.075,0.136,0.595,0.347,0.456,0.334,0.174,0.265,0.000,0.398,0.440,0.588,0.324,0.473,0.573,0.431
602,0.026,0.026,0.026,0.026,0.026,0.026,0.026,0.026,0.026,0.057,0.057,0.057,0.057,0.033,0.033,0.033,0.062,0.062,0.062,0.062,0.033,0.041,0.000,0.042,0.042,0.042,0.042,0.076,0.041,0.000,0.000,0.042,0.042,0.042,0.042,0.076,0.076,0.113,0.000,0.042,0.062,0.062,0.076,0.076,0.076,0.076,0.076,0.335,0.335,0.113,0.000,0.035,0.035,0.335,0.335,0.000,0.000,0.000,0.035,0.035,0.000,0.000,0.000,0.026,0.076,0.076,0.113,0.144,0.144,0.144,0.096,0.172,0.342,0.342,0.338,0.220,0.200,0.117,0.117,0.144,0.188,0.401,0.500,0.491,0.451,0.409,0.434,0.362,0.547,0.309,0.464,0.429,0.342,0.396,0.297,0.345,0.426,0.372,0.424,0.363,0.366,0.297,0.475,0.538,0.360,0.636,0.535,0.061,0.132,0.104,0.053,0.671,0.110,0.345,0.460,0.158,0.033,0.000,0.000,0.515,0.041,0.041,0.041,0.041,0.041,0.041,0.041,0.041,0.041,0.041,0.041,0.041,0.041,0.041,0.041,0.041,0.041,0.041,0.041,0.041,0.041,0.041,0.041,0.041,0.041,0.041,0.041,0.041,0.041,0.041,0.041,0.041,0.041,0.041,0.041,0.041,0.041,0.041,0.049,0.132,0.604,0.355,0.465,0.342,0.179,0.272,0.000,0.407,0.449,0.597,0.332,0.482,0.582,0.440
605,0.045,0.045,0.045,0.045,0.045,0.045,0.045,0.045,0.045,0.049,0.049,0.049,0.049,0.033,0.033,0.033,0.077,0.077,0.077,0.077,0.033,0.070,0.045,0.000,0.000,0.000,0.000,0.081,0.070,0.045,0.045,0.000,0.000,0.000,0.000,0.081,0.081,0.127,0.000,0.000,0.077,0.077,0.086,0.081,0.086,0.086,0.081,0.335,0.335,0.127,0.000,0.159,0.159,0.335,0.335,0.000,0.000,0.000,0.159,0.159,0.000,0.000,0.000,0.045,0.086,0.086,0.127,0.161,0.161,0.161,0.108,0.191,0.342,0.342,0.338,0.243,0.222,0.131,0.131,0.161,0.188,0.401,0.500,0.491,0.451,0.409,0.434,0.362,0.547,0.309,0.464,0.429,0.342,0.396,0.297,0.345,0.426,0.372,0.424,0.363,0.366,0.297,0.475,0.538,0.360,0.636,0.535,0.061,0.132,0.104,0.053,0.671,0.110,0.345,0.460,0.158,0.033,0.000,0.000,0.515,0.058,0.058,0.058,0.058,0.058,0.058,0.058,0.058,0.058,0.058,0.058,0.058,0.058,0.058,0.058,0.058,0.058,0.058,0.058,0.058,0.058,0.058,0.058,0.058,0.058,0.058,0.058,0.058,0.058,0.058,0.058,0.058,0.058,0.058,0.058,0.058,0.058,0.058,0.070,0.132,0.628,0.379,0.491,0.366,0.195,0.293,0.000,0.432,0.475,0.621,0.355,0.508,0.607,0.466
607,0.045,0.045,0.045,0.045,0.045,0.045,0.045,0.045,0.045,0.049,0.049,0.049,0.049,0.033,0.033,0.033,0.077,0.077,0.077,0.077,0.033,0.070,0.045,0.000,0.000,0.000,0.000,0.081,0.070,0.045,0.045,0.000,0.000,0.000,0.000,0.081,0.081,0.127,0.000,0.000,0.077,0.077,0.086,0.081,0.086,0.086,0.081,0.335,0.335,0.127,0.000,0.159,0.159,0.335,0.335,0.000,0.000,0.000,0.159,0.159,0.000,0.000,0.000,0.045,0.086,0.086,0.127,0.161,0.161,0.161,0.108,0.191,0.342,0.342,0.338,0.243,0.222,0.131,0.131,0.161,0.188,0.401,0.500,0.491,0.451,0.409,0.434,0.362,0.547,0.309,0.464,0.429,0.342,0.396,0.297,0.345,0.426,0.372,0.424,0.363,0.366,0.297,0.475,0.538,0.360,0.636,0.535,0.061,0.132,0.104,0.053,0.671,0.110,0.345,0.460,0.158,0.033,0.000,0.000,0.515,0.058,0.058,0.058,0.058,0.058,0.058,0.058,0.058,0.058,0.058,0.058,0.058,0.058,0.058,0.058,0.058,0.058,0.058,0.058,0.058,0.058,0.058,0.058,0.058,0.058,0.058,0.058,0.058,0.058,0.058,0.058,0.058,0.058,0.058,0.058,0.058,0.058,0.058,0.070,0.132,0.628,0.379,0.491,0.366,0.195,0.293,0.000,0.432,0.475,0.621,0.355,0.508,0.607,0.466
608,0.045,0.045,0.045,0.045,0.045,0.045,0.045,0.045,0.045,0.049,0.049,0.049,0.049,0.033,0.033,0.033,0.077,0.077,0.077,0.077,0.033,0.070,0.045,0.000,0.000,0.000,0.000,0.081,0.070,0.045,0.045,0.000,0.000,0.000,0.000,0.081,0.081,0.127,0.000,0.000,0.077,0.077,0.086,0.081,0.086,0.086,0.081,0.335,0.335,0.127,0.000,0.159,0.159,0.335,0.335,0.000,0.000,0.000,0.159,0.159,0.000,0.000,0.000,0.045,0.086,0.086,0.127,0.161,0.161,0.161,0.108,0.191,0.342,0.342,0.338,0.243,0.222,0.131,0.131,0.161,0.188,0.401,0.500,0.491,0.451,0.409,0.434,0.362,0.547,0.309,0.464,0.429,0.342,0.396,0.297,0.345,0.426,0.372,0.424,0.363,0.366,0.297,0.475,0.538,0.360,0.636,0.535,0.061,0.132,0.104,0.053,0.671,0.110,0.345,0.460,0.158,0.033,0.000,0.000,0.515,0.058,0.058,0.058,0.058,0.058,0.058,0.058,0.058,0.058,0.058,0.058,0.058,0.058,0.058,0.058,0.058,0.058,0.058,0.058,0.058,0.058,0.058,0.058,0.058,0.058,0.058,0.058,0.058,0.058,0.058,0.058,0.058,0.058,0.058,0.058,0.058,0.058,0.058,0.070,0.132,0.628,0.379,0.491,0.366,0.195,0.293,0.000,0.432,0.475,0.621,0.355,0.508,0.607,0.466
610,0.045,0.045,0.045,0.045,0.045,0.045,0.045,0.045,0.045,0.049,0.049,0.049,0.049,0.033,0.033,0.033,0.077,0.077,0.077,0.077,0.033,0.070,0.045,0.000,0.000,0.000,0.000,0.081,0.070,0.045,0.045,0.000,0.000,0.000,0.000,0.081,0.081,0.127,0.000,0.000,0.077,0.077,0.086,0.081,0.086,0.086,0.081,0.335,0.335,0.127,0.000,0.159,0.159,0.335,0.335,0.000,0.000,0.000,0.159,0.159,0.000,0.000,0.000,0.045,0.086,0.086,0.127,0.161,0.161,0.161,0.108,0.191,0.342,0.342,0.338,0.243,0.222,0.131,0.131,0.161,0.188,0.401,0.500,0.491,0.451,0.409,0.434,0.362,0.547,0.309,0.464,0.429,0.342,0.396,0.297,0.345,0.426,0.372,0.424,0.363,0.366,0.297,0.475,0.538,0.360,0.636,0.535,0.061,0.132,0.104,0.053,0.671,0.110,0.345,0.460,0.158,0.033,0.000,0.000,0.515,0.058,0.058,0.058,0.058,0.058,0.058,0.058,0.058,0.058,0.058,0.058,0.058,0.058,0.058,0.058,0.058,0.058,0.058,0.058,0.058,0.058,0.058,0.058,0.058,0.058,0.058,0.058,0.058,0.058,0.058,0.058,0.058,0.058,0.058,0.058,0.058,0.058,0.058,0.070,0.132,0.628,0.379,0.491,0.366,0.195,0.293,0.000,0.432,0.475,0.621,0.355,0.508,0.607,0.466
612,0.069,0.069,0.069,0.069,0.069,0.069,0.069,0.069,0.069,0.165,0.165,0.165,0.165,0.096,0.096,0.096,0.071,0.071,0.071,0.071,0.096,0.082,0.065,0.063,0.063,0.063,0.063,0.000,0.082,0.065,0.065,0.063,0.063,0.063,0.063,0.000,0.000,0.111,0.000,0.063,0.071,0.071,0.046,0.000,0.046,0.046,0.000,0.072,0.072,0.111,0.000,0.158,0.158,0.072,0.072,0.000,0.000,0.000,0.158,0.158,0.000,0.000,0.000,0.069,0.046,0.046,0.111,0.142,0.142,0.142,0.112,0.198,0.339,0.316,0.312,0.251,0.229,0.136,0.136,0.142,0.170,0.375,0.496,0.487,0.447,0.383,0.407,0.337,0.519,0.284,0.434,0.402,0.318,0.393,0.293,0.341,0.422,0.368,0.420,0.359,0.363,0.302,0.475,0.538,0.360,0.636,0.535,0.061,0.132,0.104,0.053,0.671,0.110,0.341,0.460,0.158,0.033,0.000,0.000,0.485,0.089,0.089,0.089,0.089,0.089,0.089,0.089,0.089,0.089,0.089,0.089,0.089,0.089,0.089,0.089,0.089,0.089,0.089,0.089,0.089,0.089,0.089,0.089,0.089,0.089,0.089,0.089,0.089,0.089,0.089,0.089,0.089,0.089,0.089,0.089,0.089,0.089,0.089,0.107,0.132,0.609,0.360,0.471,0.347,0.183,0.276,0.000,0.412,0.455,0.602,0.337,0.487,0.587,0.445
702,0.062,0.062,0.062,0.062,0.062,0.062,0.062,0.062,0.062,0.009,0.009,0.009,0.009,0.015,0.015,0.015,0.025,0.025,0.025,0.025,0.015,0.000,0.032,0.046,0.046,0.046,0.046,0.079,0.000,0.032,0.032,0.046,0.046,0.046,0.046,0.079,0.079,0.122,0.000,0.046,0.025,0.025,0.056,0.079,0.056,0.056,0.079,0.362,0.362,0.122,0.000,0.165,0.165,0.362,0.362,0.000,0.000,0.000,0.165,0.165,0.000,0.000,0.000,0.062,0.056,0.056,0.122,0.155,0.155,0.155,0.093,0.167,0.353,0.368,0.364,0.214,0.195,0.114,0.113,0.155,0.206,0.413,0.513,0.503,0.463,0.421,0.446,0.374,0.559,0.334,0.492,0.441,0.353,0.408,0.307,0.356,0.438,0.383,0.436,0.374,0.378,0.290,0.466,0.530,0.353,0.628,0.527,0.063,0.136,0.107,0.055,0.664,0.113,0.356,0.452,0.163,0.035,0.000,0.000,0.543,0.059,0.059,0.059,0.059,0.059,0.059,0.059,0.059,0.059,0.059,0.059,0.059,0.059,0.059,0.059,0.059,0.059,0.059,0.059,0.059,0.059,0.059,0.059,0.059,0.059,0.059,0.059,0.059,0.059,0.059,0.059,0.059,0.059,0.059,0.059,0.059,0.059,0.059,0.075,0.136,0.595,0.347,0.456,0.334,0.174,0.265,0.000,0.398,0.440,0.588,0.324,0.473,0.573,0.431
703,0.026,0.026,0.026,0.026,0.026,0.026,0.026,0.026,0.026,0.057,0.057,0.057,0.057,0.033,0.033,0.033,0.062,0.062,0.062,0.062,0.033,0.041,0.000,0.042,0.042,0.042,0.042,0.076,0.041,0.000,0.000,0.042,0.042,0.042,0.042,0.076,0.076,0.113,0.000,0.042,0.062,0.062,0.076,0.076,0.076,0.076,0.076,0.335,0.335,0.113,0.000,0.035,0.035,0.335,0.335,0.000,0.000,0.000,0.035,0.035,0.000,0.000,0.000,0.026,0.076,0.076,0.113,0.144,0.144,0.144,0.096,0.172,0.342,0.342,0.338,0.220,0.200,0.117,0.117,0.144,0.188,0.401,0.500,0.491,0.451,0.409,0.434,0.362,0.547,0.309,0.464,0.429,0.342,0.396,0.297,0.345,0.426,0.372,0.424,0.363,0.366,0.297,0.475,0.538,0.360,0.636,0.535,0.061,0.132,0.104,0.053,0.671,0.110,0.345,0.460,0.158,0.033,0.000,0.000,0.515,0.041,0.041,0.041,0.041,0.041,0.041,0.041,0.041,0.041,0.041,0.041,0.041,0.041,0.041,0.041,0.041,0.041,0.041,0.041,0.041,0.041,0.041,0.041,0.041,0.041,0.041,0.041,0.041,0.041,0.041,0.041,0.041,0.041,0.041,0.041,0.041,0.041,0.041,0.049,0.132,0.604,0.355,0.465,0.342,0.179,0.272,0.000,0.407,0.449,0.597,0.332,0.482,0.582,0.440
704,0.026,0.026,0.026,0.026,0.026,0.026,0.026,0.026,0.026,0.057,0.057,0.057,0.057,0.033,0.033,0.033,0.062,0.062,0.062,0.062,0.033,0.041,0.000,0.042,0.042,0.042,0.042,0.076,0.041,0.000,0.000,0.042,0.042,0.042,0.042,0.076,0.076,0.113,0.000,0.042,0.062,0.062,0.076,0.076,0.076,0.076,0.076,0.335,0.335,0.113,0.000,0.035,0.035,0.335,0.335,0.000,0.000,0.000,0.035,0.035,0.000,0.000,0.000,0.026,0.076,0.076,0.113,0.144,0.144,0.144,0.096,0.172,0.342,0.342,0.338,0.220,0.200,0.117,0.117,0.144,0.188,0.401,0.500,0.491,0.451,0.409,0.434,0.362,0.547,0.309,0.464,0.429,0.342,0.396,0.297,0.345,0.426,0.372,0.424,0.363,0.366,0.297,0.475,0.538,0.360,0.636,0.535,0.061,0.132,0.104,0.053,0.671,0.110,0.345,0.460,0.158,0.033,0.000,0.000,0.515,0.041,0.041,0.041,0.041,0.041,0.041,0.041,0.041,0.041,0.041,0.041,0.041,0.041,0.041,0.041,0.041,0.041,0.041,0.041,0.041,0.041,0.041,0.041,0.041,0.041,0.041,0.041,0.041,0.041,0.041,0.041,0.041,0.041,0.041,0.041,0.041,0.041,0.041,0.049,0.132,0.604,0.355,0.465,0.342,0.179,0.272,0.000,0.407,0.449,0.597,0.332,0.482,0.582,0.440
705,0.045,0.045,0.045,0.045,0.045,0.045,0.045,0.045,0.045,0.049,0.049,0.049,0.049,0.033,0.033,0.033,0.077,0.077,0.077,0.077,0.033,0.070,0.045,0.000,0.000,0.000,0.000,0.081,0.070,0.045,0.045,0.000,0.000,0.000,0.000,0.081,0.081,0.127,0.000,0.000,0.077,0.077,0.086,0.081,0.086,0.086,0.081,0.335,0.335,0.127,0.000,0.159,0.159,0.335,0.335,0.000,0.000,0.000,0.159,0.159,0.000,0.000,0.000,0.045,0.086,0.086,0.127,0.161,0.161,0.161,0.108,0.191,0.342,0.342,0.338,0.243,0.222,0.131,0.131,0.161,0.188,0.401,0.500,0.491,0.451,0.409,0.434,0.362,0.547,0.309,0.464,0.429,0.342,0.396,0.297,0.345,0.426,0.372,0.424,0.363,0.366,0.297,0.475,0.538,0.360,0.636,0.535,0.061,0.132,0.104,0.053,0.671,0.110,0.345,0.460,0.158,0.033,0.000,0.000,0.515,0.058,0.058,0.058,0.058,0.058,0.058,0.058,0.058,0.058,0.058,0.058,0.058,0.058,0.058,0.058,0.058,0.058,0.058,0.058,0.058,0.058,0.058,0.058,0.058,0.058,0.058,0.058,0.058,0.058,0.058,0.058,0.058,0.058,0.058,0.058,0.058,0.058,0.058,0.070,0.132,0.628,0.379,0.491,0.366,0.195,0.293,0.000,0.432,0.475,0.621,0.355,0.508,0.607,0.466
706,0.045,0.045,0.045,0.045,0.045,0.045,0.045,0.045,0.045,0.049,0.049,0.049,0.049,0.033,0.033,0.033,0.077,0.077,0.077,0.077,0.033,0.070,0.045,0.000,0.000,0.000,0.000,0.081,0.070,0.045,0.045,0.000,0.000,0.000,0.000,0.081,0.081,0.127,0.000,0.000,0.077,0.077,0.086,0.081,0.086,0.086,0.081,0.335,0.335,0.127,0.000,0.159,0.159,0.335,0.335,0.000,0.000,0.000,0.159,0.159,0.000,0.000,0.000,0.045,0.086,0.086,0.127,0.161,0.161,0.161,0.108,0.191,0.342,0.342,0.338,0.243,0.222,0.131,0.131,0.161,0.188,0.401,0.500,0.491,0.451,0.409,0.434,0.362,0.547,0.309,0.464,0.429,0.342,0.396,0.297,0.345,0.426,0.372,0.424,0.363,0.366,0.297,0.475,0.538,0.360,0.636,0.535,0.061,0.132,0.104,0.053,0.671,0.110,0.345,0.460,0.158,0.033,0.000,0.000,0.515,0.058,0.058,0.058,0.058,0.058,0.058,0.058,0.058,0.058,0.058,0.058,0.058,0.058,0.058,0.058,0.058,0.058,0.058,0.058,0.058,0.058,0.058,0.058,0.058,0.058,0.058,0.058,0.058,0.058,0.058,0.058,0.058,0.058,0.058,0.058,0.058,0.058,0.058,0.070,0.132,0.628,0.379,0.491,0.366,0.195,0.293,0.000,0.432,0.475,0.621,0.355,0.508,0.607,0.466
707,0.045,0.045,0.045,0.045,0.045,0.045,0.045,0.045,0.045,0.049,0.049,0.049,0.049,0.033,0.033,0.033,0.077,0.077,0.077,0.077,0.033,0.070,0.045,0.000,0.000,0.000,0.000,0.081,0.070,0.045,0.045,0.000,0.000,0.000,0.000,0.081,0.081,0.127,0.000,0.000,0.077,0.077,0.086,0.081,0.086,0.086,0.081,0.335,0.335,0.127,0.000,0.159,0.159,0.335,0.335,0.000,0.000,0.000,0.159,0.159,0.000,0.000,0.000,0.045,0.086,0.086,0.127,0.161,0.161,0.161,0.108,0.191,0.342,0.342,0.338,0.243,0.222,0.131,0.131,0.161,0.188,0.401,0.500,0.491,0.451,0.409,0.434,0.362,0.547,0.309,0.464,0.429,0.342,0.396,0.297,0.345,0.426,0.372,0.424,0.363,0.366,0.297,0.475,0.538,0.360,0.636,0.535,0.061,0.132,0.104,0.053,0.671,0.110,0.345,0.460,0.158,0.033,0.000,0.000,0.515,0.058,0.058,0.058,0.058,0.058,0.058,0.058,0.058,0.058,0.058,0.058,0.058,0.058,0.058,0.058,0.058,0.058,0.058,0.058,0.058,0.058,0.058,0.058,0.058,0.058,0.058,0.058,0.058,0.058,0.058,0.058,0.058,0.058,0.058,0.058,0.058,0.058,0.058,0.070,0.132,0.628,0.379,0.491,0.366,0.195,0.293,0.000,0.432,0.475,0.621,0.355,0.508,0.607,0.466
708,0.045,0.045,0.045,0.045,0.045,0.045,0.045,0.045,0.045,0.049,0.049,0.049,0.049,0.033,0.033,0.033,0.077,0.077,0.077,0.077,0.033,0.070,0.045,0.000,0.000,0.000,0.000,0.081,0.070,0.045,0.045,0.000,0.000,0.000,0.000,0.081,0.081,0.127,0.000,0.000,0.077,0.077,0.086,0.081,0.086,0.086,0.081,0.335,0.335,0.127,0.000,0.159,0.159,0.335,0.335,0.000,0.000,0.000,0.159,0.159,0.000,0.000,0.000,0.045,0.086,0.086,0.127,0.161,0.161,0.161,0.108,0.191,0.342,0.342,0.338,0.243,0.222,0.131,0.131,0.161,0.188,0.401,0.500,0.491,0.451,0.409,0.434,0.362,0.547,0.309,0.464,0.429,0.342,0.396,0.297,0.345,0.426,0.372,0.424,0.363,0.366,0.297,0.475,0.538,0.360,0.636,0.535,0.061,0.132,0.104,0.053,0.671,0.110,0.345,0.460,0.158,0.033,0.000,0.000,0.515,0.058,0.058,0.058,0.058,0.058,0.058,0.058,0.058,0.058,0.058,0.058,0.058,0.058,0.058,0.058,0.058,0.058,0.058,0.058,0.058,0.058,0.058,0.058,0.058,0.058,0.058,0.058,0.058,0.058,0.058,0.058,0.058,0.058,0.058,0.058,0.058,0.058,0.058,0.070,0.132,0.628,0.379,0.491,0.366,0.195,0.293,0.000,0.432,0.475,0.621,0.355,0.508,0.607,0.466
709,0.069,0.069,0.069,0.069,0.069,0.069,0.069,0.069,0.069,0.165,0.165,0.165,0.165,0.096,0.096,0.096,0.071,0.071,0.071,0.071,0.096,0.082,0.065,0.063,0.063,0.063,0.063,0.000,0.082,0.065,0.065,0.063,0.063,0.063,0.063,0.000,0.000,0.111,0.000,0.063,0.071,0.071,0.046,0.000,0.046,0.046,0.000,0.072,0.072,0.111,0.000,0.158,0.158,0.072,0.072,0.000,0.000,0.000,0.158,0.158,0.000,0.000,0.000,0.069,0.046,0.046,0.111,0.142,0.142,0.142,0.112,0.198,0.339,0.316,0.312,0.251,0.229,0.136,0.136,0.142,0.170,0.375,0.496,0.487,0.447,0.383,0.407,0.337,0.519,0.284,0.434,0.402,0.318,0.393,0.293,0.341,0.422,0.368,0.420,0.359,0.363,0.302,0.475,0.538,0.360,0.636,0.535,0.061,0.132,0.104,0.053,0.671,0.110,0.341,0.460,0.158,0.033,0.000,0.000,0.485,0.089,0.089,0.089,0.089,0.089,0.089,0.089,0.089,0.089,0.089,0.089,0.089,0.089,0.089,0.089,0.089,0.089,0.089,0.089,0.089,0.089,0.089,0.089,0.089,0.089,0.089,0.089,0.089,0.089,0.089,0.089,0.089,0.089,0.089,0.089,0.089,0.089,0.089,0.107,0.132,0.609,0.360,0.471,0.347,0.183,0.276,0.000,0.412,0.455,0.602,0.337,0.487,0.587,0.445
714,0.069,0.069,0.069,0.069,0.069,0.069,0.069,0.069,0.069,0.165,0.165,0.165,0.165,0.096,0.096,0.096,0.071,0.071,0.071,0.071,0.096,0.082,0.065,0.063,0.063,0.063,0.063,0.000,0.082,0.065,0.065,0.063,0.063,0.063,0.063,0.000,0.000,0.111,0.000,0.063,0.071,0.071,0.046,0.000,0.046,0.046,0.000,0.072,0.072,0.111,0.000,0.158,0.158,0.072,0.072,0.000,0.000,0.000,0.158,0.158,0.000,0.000,0.000,0.069,0.046,0.046,0.111,0.142,0.142,0.142,0.112,0.198,0.339,0.316,0.312,0.251,0.229,0.136,0.136,0.142,0.170,0.375,0.496,0.487,0.447,0.383,0.407,0.337,0.519,0.284,0.434,0.402,0.318,0.393,0.293,0.341,0.422,0.368,0.420,0.359,0.363,0.302,0.475,0.538,0.360,0.636,0.535,0.061,0.132,0.104,0.053,0.671,0.110,0.341,0.460,0.158,0.033,0.000,0.000,0.485,0.089,0.089,0.089,0.089,0.089,0.089,0.089,0.089,0.089,0.089,0.089,0.089,0.089,0.089,0.089,0.089,0.089,0.089,0.089,0.089,0.089,0.089,0.089,0.089,0.089,0.089,0.089,0.089,0.089,0.089,0.089,0.089,0.089,0.089,0.089,0.089,0.089,0.089,0.107,0.132,0.609,0.360,0.471,0.347,0.183,0.276,0.000,0.412,0.455,0.602,0.337,0.487,0.587,0.445
715,0.093,0.093,0.093,0.093,0.093,0.093,0.093,0.093,0.093,0.466,0.466,0.466,0.466,0.462,0.462,0.462,0.459,0.459,0.459,0.459,0.462,0.132,0.111,0.104,0.104,0.104,0.104,0.117,0.132,0.111,0.111,0.104,0.104,0.104,0.104,0.117,0.117,0.000,0.000,0.104,0.459,0.459,0.080,0.117,0.080,0.080,0.117,0.136,0.136,0.000,0.000,0.075,0.075,0.136,0.136,0.000,0.000,0.000,0.075,0.075,0.000,0.000,0.000,0.093,0.080,0.080,0.000,0.144,0.144,0.144,0.117,0.206,0.330,0.305,0.301,0.260,0.238,0.142,0.142,0.144,0.163,0.391,0.487,0.477,0.438,0.399,0.423,0.353,0.536,0.274,0.422,0.418,0.333,0.384,0.286,0.333,0.413,0.359,0.412,0.351,0.354,0.302,0.475,0.538,0.360,0.636,0.535,0.193,0.357,0.297,0.170,0.671,0.311,0.333,0.460,0.407,0.112,0.000,0.000,0.472,0.140,0.140,0.140,0.140,0.140,0.140,0.140,0.140,0.140,0.140,0.140,0.140,0.140,0.140,0.140,0.140,0.140,0.140,0.140,0.140,0.140,0.140,0.140,0.140,0.140,0.140,0.140,0.140,0.140,0.140,0.140,0.140,0.140,0.140,0.140,0.140,0.140,0.140,0.164,0.357,0.642,0.393,0.505,0.379,0.204,0.305,0.000,0.446,0.489,0.635,0.368,0.522,0.620,0.480
722,0.000,0.000,0.000,0.000,0.000,0.000,0.000,0.000,0.000,0.000,0.000,0.000,0.000,0.000,0.000,0.000,0.000,0.000,0.000,0.000,0.000,0.000,0.000,0.000,0.000,0.000,0.000,0.000,0.000,0.000,0.000,0.000,0.000,0.000,0.000,0.000,0.000,0.000,0.000,0.000,0.000,0.000,0.000,0.000,0.000,0.000,0.000,0.000,0.000,0.000,0.000,0.000,0.000,0.000,0.000,0.000,0.000,0.000,0.000,0.000,0.000,0.000,0.000,0.000,0.000,0.000,0.000,0.000,0.000,0.000,0.000,0.000,0.000,0.000,0.000,0.000,0.000,0.000,0.000,0.000,0.000,0.000,0.000,0.000,0.000,0.000,0.000,0.000,0.000,0.000,0.000,0.000,0.000,0.000,0.000,0.000,0.000,0.000,0.000,0.000,0.000,0.000,0.000,0.000,0.000,0.000,0.000,0.000,0.000,0.000,0.000,0.000,0.000,0.000,0.000,0.000,0.000,0.000,0.000,0.000,0.000,0.000,0.000,0.000,0.000,0.000,0.000,0.000,0.000,0.000,0.000,0.000,0.000,0.000,0.000,0.000,0.000,0.000,0.000,0.000,0.000,0.000,0.000,0.000,0.000,0.000,0.000,0.000,0.000,0.000,0.000,0.000,0.000,0.000,0.000,0.000,0.000,0.000,0.000,0.000,0.000,0.000,0.000,0.000,0.000,0.000,0.000,0.000,0.000,0.000,0.000,0.000,0.000,0.000
726,0.045,0.045,0.045,0.045,0.045,0.045,0.045,0.045,0.045,0.049,0.049,0.049,0.049,0.033,0.033,0.033,0.077,0.077,0.077,0.077,0.033,0.070,0.045,0.000,0.000,0.000,0.000,0.081,0.070,0.045,0.045,0.000,0.000,0.000,0.000,0.081,0.081,0.127,0.000,0.000,0.077,0.077,0.086,0.081,0.086,0.086,0.081,0.335,0.335,0.127,0.000,0.159,0.159,0.335,0.335,0.000,0.000,0.000,0.159,0.159,0.000,0.000,0.000,0.045,0.086,0.086,0.127,0.161,0.161,0.161,0.108,0.191,0.342,0.342,0.338,0.243,0.222,0.131,0.131,0.161,0.188,0.401,0.500,0.491,0.451,0.409,0.434,0.362,0.547,0.309,0.464,0.429,0.342,0.396,0.297,0.345,0.426,0.372,0.424,0.363,0.366,0.297,0.475,0.538,0.360,0.636,0.535,0.061,0.132,0.104,0.053,0.671,0.110,0.345,0.460,0.158,0.033,0.000,0.000,0.515,0.058,0.058,0.058,0.058,0.058,0.058,0.058,0.058,0.058,0.058,0.058,0.058,0.058,0.058,0.058,0.058,0.058,0.058,0.058,0.058,0.058,0.058,0.058,0.058,0.058,0.058,0.058,0.058,0.058,0.058,0.058,0.058,0.058,0.058,0.058,0.058,0.058,0.058,0.070,0.132,0.628,0.379,0.491,0.366,0.195,0.293,0.000,0.432,0.475,0.621,0.355,0.508,0.607,0.466
801,0.164,0.164,0.164,0.164,0.164,0.164,0.164,0.164,0.164,0.021,0.021,0.021,0.021,0.016,0.016,0.016,0.000,0.000,0.000,0.000,0.016,0.106,0.131,0.063,0.063,0.063,0.063,0.157,0.106,0.131,0.131,0.063,0.063,0.063,0.063,0.157,0.157,0.104,0.000,0.063,0.000,0.000,0.031,0.157,0.031,0.031,0.157,0.262,0.262,0.104,0.000,0.173,0.173,0.262,0.262,0.000,0.000,0.000,0.173,0.173,0.000,0.000,0.000,0.164,0.031,0.031,0.104,0.124,0.124,0.124,0.114,0.201,0.266,0.303,0.299,0.255,0.233,0.139,0.138,0.124,0.162,0.353,0.555,0.545,0.506,0.361,0.384,0.317,0.496,0.272,0.420,0.379,0.298,0.314,0.227,0.268,0.341,0.292,0.339,0.284,0.287,0.282,0.352,0.412,0.253,0.331,0.246,0.125,0.249,0.202,0.109,0.366,0.213,0.268,0.195,0.291,0.070,0.000,0.000,0.470,0.266,0.266,0.266,0.266,0.266,0.266,0.266,0.266,0.266,0.266,0.266,0.266,0.266,0.266,0.266,0.266,0.266,0.266,0.266,0.266,0.266,0.266,0.266,0.266,0.266,0.266,0.266,0.266,0.266,0.266,0.266,0.266,0.266,0.266,0.266,0.266,0.266,0.266,0.199,0.250,0.412,0.202,0.285,0.193,0.091,0.146,0.000,0.239,0.272,0.404,0.185,0.299,0.390,0.265
802,0.164,0.164,0.164,0.164,0.164,0.164,0.164,0.164,0.164,0.021,0.021,0.021,0.021,0.016,0.016,0.016,0.000,0.000,0.000,0.000,0.016,0.106,0.131,0.063,0.063,0.063,0.063,0.157,0.106,0.131,0.131,0.063,0.063,0.063,0.063,0.157,0.157,0.104,0.000,0.063,0.000,0.000,0.031,0.157,0.031,0.031,0.157,0.262,0.262,0.104,0.000,0.173,0.173,0.262,0.262,0.000,0.000,0.000,0.173,0.173,0.000,0.000,0.000,0.164,0.031,0.031,0.104,0.124,0.124,0.124,0.114,0.201,0.266,0.303,0.299,0.255,0.233,0.139,0.138,0.124,0.162,0.353,0.555,0.545,0.506,0.361,0.384,0.317,0.496,0.272,0.420,0.379,0.298,0.314,0.227,0.268,0.341,0.292,0.339,0.284,0.287,0.282,0.352,0.412,0.253,0.331,0.246,0.125,0.249,0.202,0.109,0.366,0.213,0.268,0.195,0.291,0.070,0.000,0.000,0.470,0.266,0.266,0.266,0.266,0.266,0.266,0.266,0.266,0.266,0.266,0.266,0.266,0.266,0.266,0.266,0.266,0.266,0.266,0.266,0.266,0.266,0.266,0.266,0.266,0.266,0.266,0.266,0.266,0.266,0.266,0.266,0.266,0.266,0.266,0.266,0.266,0.266,0.266,0.199,0.250,0.412,0.202,0.285,0.193,0.091,0.146,0.000,0.239,0.272,0.404,0.185,0.299,0.390,0.265
804,0.206,0.206,0.206,0.206,0.206,0.206,0.206,0.206,0.206,0.043,0.043,0.043,0.043,0.037,0.037,0.037,0.026,0.026,0.026,0.026,0.037,0.248,0.246,0.189,0.189,0.189,0.189,0.154,0.248,0.246,0.246,0.189,0.189,0.189,0.189,0.154,0.154,0.099,0.000,0.189,0.026,0.026,0.000,0.154,0.000,0.000,0.154,0.158,0.158,0.099,0.000,0.184,0.184,0.158,0.158,0.000,0.000,0.000,0.184,0.184,0.000,0.000,0.000,0.206,0.000,0.000,0.099,0.122,0.122,0.122,0.113,0.200,0.375,0.303,0.299,0.254,0.232,0.138,0.138,0.122,0.162,0.475,0.574,0.565,0.525,0.483,0.508,0.434,0.619,0.272,0.420,0.503,0.412,0.431,0.328,0.378,0.461,0.406,0.460,0.397,0.400,0.298,0.352,0.412,0.253,0.431,0.333,0.101,0.207,0.166,0.088,0.470,0.175,0.378,0.270,0.245,0.056,0.000,0.000,0.470,0.328,0.328,0.328,0.328,0.328,0.328,0.328,0.328,0.328,0.328,0.328,0.328,0.328,0.328,0.328,0.328,0.328,0.328,0.328,0.328,0.328,0.328,0.328,0.328,0.328,0.328,0.328,0.328,0.328,0.328,0.328,0.328,0.328,0.328,0.328,0.328,0.328,0.328,0.250,0.208,0.412,0.202,0.285,0.193,0.091,0.146,0.000,0.239,0.272,0.404,0.185,0.299,0.390,0.265
806,0.069,0.069,0.069,0.069,0.069,0.069,0.069,0.069,0.069,0.165,0.165,0.165,0.165,0.096,0.096,0.096,0.071,0.071,0.071,0.071,0.096,0.082,0.065,0.063,0.063,0.063,0.063,0.000,0.082,0.065,0.065,0.063,0.063,0.063,0.063,0.000,0.000,0.111,0.000,0.063,0.071,0.071,0.046,0.000,0.046,0.046,0.000,0.072,0.072,0.111,0.000,0.158,0.158,0.072,0.072,0.000,0.000,0.000,0.158,0.158,0.000,0.000,0.000,0.069,0.046,0.046,0.111,0.142,0.142,0.142,0.112,0.198,0.339,0.316,0.312,0.251,0.229,0.136,0.136,0.142,0.170,0.375,0.496,0.487,0.447,0.383,0.407,0.337,0.519,0.284,0.434,0.402,0.318,0.393,0.293,0.341,0.422,0.368,0.420,0.359,0.363,0.302,0.475,0.538,0.360,0.636,0.535,0.061,0.132,0.104,0.053,0.671,0.110,0.341,0.460,0.158,0.033,0.000,0.000,0.485,0.089,0.089,0.089,0.089,0.089,0.089,0.089,0.089,0.089,0.089,0.089,0.089,0.089,0.089,0.089,0.089,0.089,0.089,0.089,0.089,0.089,0.089,0.089,0.089,0.089,0.089,0.089,0.089,0.089,0.089,0.089,0.089,0.089,0.089,0.089,0.089,0.089,0.089,0.107,0.132,0.609,0.360,0.471,0.347,0.183,0.276,0.000,0.412,0.455,0.602,0.337,0.487,0.587,0.445
807,0.206,0.206,0.206,0.206,0.206,0.206,0.206,0.206,0.206,0.043,0.043,0.043,0.043,0.037,0.037,0.037,0.026,0.026,0.026,0.026,0.037,0.248,0.246,0.189,0.189,0.189,0.189,0.154,0.248,0.246,0.246,0.189,0.189,0.189,0.189,0.154,0.154,0.099,0.000,0.189,0.026,0.026,0.000,0.154,0.000,0.000,0.154,0.158,0.158,0.099,0.000,0.184,0.184,0.158,0.158,0.000,0.000,0.000,0.184,0.184,0.000,0.000,0.000,0.206,0.000,0.000,0.099,0.122,0.122,0.122,0.113,0.200,0.375,0.303,0.299,0.254,0.232,0.138,0.138,0.122,0.162,0.475,0.574,0.565,0.525,0.483,0.508,0.434,0.619,0.272,0.420,0.503,0.412,0.431,0.328,0.378,0.461,0.406,0.460,0.397,0.400,0.298,0.352,0.412,0.253,0.431,0.333,0.101,0.207,0.166,0.088,0.470,0.175,0.378,0.270,0.245,0.056,0.000,0.000,0.470,0.328,0.328,0.328,0.328,0.328,0.328,0.328,0.328,0.328,0.328,0.328,0.328,0.328,0.328,0.328,0.328,0.328,0.328,0.328,0.328,0.328,0.328,0.328,0.328,0.328,0.328,0.328,0.328,0.328,0.328,0.328,0.328,0.328,0.328,0.328,0.328,0.328,0.328,0.250,0.208,0.412,0.202,0.285,0.193,0.091,0.146,0.000,0.239,0.272,0.404,0.185,0.299,0.390,0.265
808,0.206,0.206,0.206,0.206,0.206,0.206,0.206,0.206,0.206,0.043,0.043,0.043,0.043,0.037,0.037,0.037,0.026,0.026,0.026,0.026,0.037,0.248,0.246,0.189,0.189,0.189,0.189,0.154,0.248,0.246,0.246,0.189,0.189,0.189,0.189,0.154,0.154,0.099,0.000,0.189,0.026,0.026,0.000,0.154,0.000,0.000,0.154,0.158,0.158,0.099,0.000,0.184,0.184,0.158,0.158,0.000,0.000,0.000,0.184,0.184,0.000,0.000,0.000,0.206,0.000,0.000,0.099,0.122,0.122,0.122,0.113,0.200,0.375,0.303,0.299,0.254,0.232,0.138,0.138,0.122,0.162,0.475,0.574,0.565,0.525,0.483,0.508,0.434,0.619,0.272,0.420,0.503,0.412,0.431,0.328,0.378,0.461,0.406,0.460,0.397,0.400,0.298,0.352,0.412,0.253,0.431,0.333,0.101,0.207,0.166,0.088,0.470,0.175,0.378,0.270,0.245,0.056,0.000,0.000,0.470,0.328,0.328,0.328,0.328,0.328,0.328,0.328,0.328,0.328,0.328,0.328,0.328,0.328,0.328,0.328,0.328,0.328,0.328,0.328,0.328,0.328,0.328,0.328,0.328,0.328,0.328,0.328,0.328,0.328,0.328,0.328,0.328,0.328,0.328,0.328,0.328,0.328,0.328,0.250,0.208,0.412,0.202,0.285,0.193,0.091,0.146,0.000,0.239,0.272,0.404,0.185,0.299,0.390,0.265
809,0.069,0.069,0.069,0.069,0.069,0.069,0.069,0.069,0.069,0.165,0.165,0.165,0.165,0.096,0.096,0.096,0.071,0.071,0.071,0.071,0.096,0.082,0.065,0.063,0.063,0.063,0.063,0.000,0.082,0.065,0.065,0.063,0.063,0.063,0.063,0.000,0.000,0.111,0.000,0.063,0.071,0.071,0.046,0.000,0.046,0.046,0.000,0.072,0.072,0.111,0.000,0.158,0.158,0.072,0.072,0.000,0.000,0.000,0.158,0.158,0.000,0.000,0.000,0.069,0.046,0.046,0.111,0.142,0.142,0.142,0.112,0.198,0.339,0.316,0.312,0.251,0.229,0.136,0.136,0.142,0.170,0.375,0.496,0.487,0.447,0.383,0.407,0.337,0.519,0.284,0.434,0.402,0.318,0.393,0.293,0.341,0.422,0.368,0.420,0.359,0.363,0.302,0.475,0.538,0.360,0.636,0.535,0.061,0.132,0.104,0.053,0.671,0.110,0.341,0.460,0.158,0.033,0.000,0.000,0.485,0.089,0.089,0.089,0.089,0.089,0.089,0.089,0.089,0.089,0.089,0.089,0.089,0.089,0.089,0.089,0.089,0.089,0.089,0.089,0.089,0.089,0.089,0.089,0.089,0.089,0.089,0.089,0.089,0.089,0.089,0.089,0.089,0.089,0.089,0.089,0.089,0.089,0.089,0.107,0.132,0.609,0.360,0.471,0.347,0.183,0.276,0.000,0.412,0.455,0.602,0.337,0.487,0.587,0.445
902,0.029,0.029,0.029,0.029,0.029,0.029,0.029,0.029,0.029,0.137,0.137,0.137,0.137,0.125,0.125,0.125,0.079,0.079,0.079,0.079,0.125,0.135,0.147,0.138,0.138,0.138,0.138,0.096,0.135,0.147,0.147,0.138,0.138,0.138,0.138,0.096,0.096,0.092,0.000,0.138,0.079,0.079,0.081,0.096,0.081,0.081,0.096,0.000,0.000,0.092,0.000,0.015,0.015,0.000,0.000,0.000,0.000,0.000,0.015,0.015,0.000,0.066,0.066,0.029,0.081,0.081,0.092,0.125,0.125,0.125,0.107,0.190,0.339,0.303,0.299,0.242,0.221,0.131,0.130,0.125,0.162,0.375,0.496,0.487,0.447,0.382,0.406,0.337,0.519,0.272,0.420,0.401,0.317,0.393,0.293,0.341,0.422,0.368,0.420,0.359,0.363,0.230,0.377,0.438,0.274,0.431,0.334,0.131,0.259,0.210,0.115,0.470,0.221,0.341,0.271,0.302,0.074,0.000,0.000,0.470,0.048,0.048,0.048,0.048,0.048,0.048,0.048,0.048,0.048,0.048,0.048,0.048,0.048,0.048,0.048,0.048,0.048,0.048,0.048,0.048,0.048,0.048,0.048,0.048,0.048,0.048,0.048,0.048,0.048,0.048,0.048,0.048,0.048,0.048,0.048,0.048,0.048,0.048,0.066,0.259,0.412,0.202,0.285,0.193,0.091,0.146,0.000,0.239,0.272,0.404,0.185,0.299,0.390,0.265
903,0.029,0.029,0.029,0.029,0.029,0.029,0.029,0.029,0.029,0.137,0.137,0.137,0.137,0.125,0.125,0.125,0.079,0.079,0.079,0.079,0.125,0.135,0.147,0.138,0.138,0.138,0.138,0.096,0.135,0.147,0.147,0.138,0.138,0.138,0.138,0.096,0.096,0.092,0.000,0.138,0.079,0.079,0.081,0.096,0.081,0.081,0.096,0.000,0.000,0.092,0.000,0.015,0.015,0.000,0.000,0.000,0.000,0.000,0.015,0.015,0.000,0.066,0.066,0.029,0.081,0.081,0.092,0.125,0.125,0.125,0.107,0.190,0.339,0.303,0.299,0.242,0.221,0.131,0.130,0.125,0.162,0.375,0.496,0.487,0.447,0.382,0.406,0.337,0.519,0.272,0.420,0.401,0.317,0.393,0.293,0.341,0.422,0.368,0.420,0.359,0.363,0.230,0.377,0.438,0.274,0.431,0.334,0.131,0.259,0.210,0.115,0.470,0.221,0.341,0.271,0.302,0.074,0.000,0.000,0.470,0.048,0.048,0.048,0.048,0.048,0.048,0.048,0.048,0.048,0.048,0.048,0.048,0.048,0.048,0.048,0.048,0.048,0.048,0.048,0.048,0.048,0.048,0.048,0.048,0.048,0.048,0.048,0.048,0.048,0.048,0.048,0.048,0.048,0.048,0.048,0.048,0.048,0.048,0.066,0.259,0.412,0.202,0.285,0.193,0.091,0.146,0.000,0.239,0.272,0.404,0.185,0.299,0.390,0.265
905,0.093,0.093,0.093,0.093,0.093,0.093,0.093,0.093,0.093,0.466,0.466,0.466,0.466,0.462,0.462,0.462,0.459,0.459,0.459,0.459,0.462,0.132,0.111,0.104,0.104,0.104,0.104,0.117,0.132,0.111,0.111,0.104,0.104,0.104,0.104,0.117,0.117,0.000,0.000,0.104,0.459,0.459,0.080,0.117,0.080,0.080,0.117,0.136,0.136,0.000,0.000,0.075,0.075,0.136,0.136,0.000,0.000,0.000,0.075,0.075,0.000,0.164,0.164,0.093,0.080,0.080,0.000,0.144,0.144,0.144,0.117,0.206,0.330,0.305,0.301,0.260,0.238,0.142,0.142,0.144,0.163,0.391,0.487,0.477,0.438,0.399,0.423,0.353,0.536,0.274,0.422,0.418,0.333,0.384,0.286,0.333,0.413,0.359,0.412,0.351,0.354,0.302,0.475,0.538,0.360,0.636,0.535,0.193,0.357,0.297,0.170,0.671,0.311,0.333,0.460,0.407,0.112,0.000,0.000,0.472,0.140,0.140,0.140,0.140,0.140,0.140,0.140,0.140,0.140,0.140,0.140,0.140,0.140,0.140,0.140,0.140,0.140,0.140,0.140,0.140,0.140,0.140,0.140,0.140,0.140,0.140,0.140,0.140,0.140,0.140,0.140,0.140,0.140,0.140,0.140,0.140,0.140,0.140,0.164,0.357,0.642,0.393,0.505,0.379,0.204,0.305,0.000,0.446,0.489,0.635,0.368,0.522,0.620,0.480
911,0.004,0.004,0.004,0.004,0.004,0.004,0.004,0.004,0.004,0.091,0.091,0.091,0.091,0.117,0.117,0.117,0.123,0.123,0.123,0.123,0.117,0.317,0.021,0.030,0.030,0.030,0.030,0.061,0.317,0.021,0.021,0.030,0.030,0.030,0.030,0.061,0.061,0.071,0.000,0.030,0.123,0.123,0.111,0.061,0.111,0.111,0.061,0.018,0.018,0.071,0.000,0.000,0.000,0.018,0.018,0.000,0.000,0.000,0.000,0.000,0.000,0.059,0.059,0.004,0.111,0.111,0.071,0.110,0.110,0.110,0.050,0.094,0.419,0.419,0.414,0.124,0.112,0.062,0.062,0.110,0.242,0.465,0.513,0.504,0.464,0.473,0.499,0.425,0.611,0.382,0.545,0.494,0.403,0.477,0.369,0.422,0.507,0.451,0.506,0.442,0.445,0.249,0.377,0.439,0.274,0.431,0.334,0.131,0.259,0.210,0.115,0.470,0.221,0.422,0.270,0.302,0.074,0.000,0.000,0.595,0.085,0.085,0.085,0.085,0.085,0.085,0.085,0.085,0.085,0.085,0.085,0.085,0.085,0.085,0.085,0.085,0.085,0.085,0.085,0.085,0.085,0.085,0.085,0.085,0.085,0.085,0.085,0.085,0.085,0.085,0.085,0.085,0.085,0.085,0.085,0.085,0.085,0.085,0.059,0.259,0.412,0.202,0.285,0.193,0.091,0.146,0.000,0.239,0.273,0.404,0.186,0.299,0.390,0.265
912,0.004,0.004,0.004,0.004,0.004,0.004,0.004,0.004,0.004,0.091,0.091,0.091,0.091,0.117,0.117,0.117,0.123,0.123,0.123,0.123,0.117,0.317,0.021,0.030,0.030,0.030,0.030,0.061,0.317,0.021,0.021,0.030,0.030,0.030,0.030,0.061,0.061,0.071,0.000,0.030,0.123,0.123,0.111,0.061,0.111,0.111,0.061,0.018,0.018,0.071,0.000,0.000,0.000,0.018,0.018,0.000,0.000,0.000,0.000,0.000,0.000,0.059,0.059,0.004,0.111,0.111,0.071,0.110,0.110,0.110,0.050,0.094,0.419,0.419,0.414,0.124,0.112,0.062,0.062,0.110,0.242,0.465,0.513,0.504,0.464,0.473,0.499,0.425,0.611,0.382,0.545,0.494,0.403,0.477,0.369,0.422,0.507,0.451,0.506,0.442,0.445,0.249,0.377,0.439,0.274,0.431,0.334,0.131,0.259,0.210,0.115,0.470,0.221,0.422,0.270,0.302,0.074,0.000,0.000,0.595,0.085,0.085,0.085,0.085,0.085,0.085,0.085,0.085,0.085,0.085,0.085,0.085,0.085,0.085,0.085,0.085,0.085,0.085,0.085,0.085,0.085,0.085,0.085,0.085,0.085,0.085,0.085,0.085,0.085,0.085,0.085,0.085,0.085,0.085,0.085,0.085,0.085,0.085,0.059,0.259,0.412,0.202,0.285,0.193,0.091,0.146,0.000,0.239,0.273,0.404,0.186,0.299,0.390,0.265
913,0.004,0.004,0.004,0.004,0.004,0.004,0.004,0.004,0.004,0.091,0.091,0.091,0.091,0.117,0.117,0.117,0.123,0.123,0.123,0.123,0.117,0.317,0.021,0.030,0.030,0.030,0.030,0.061,0.317,0.021,0.021,0.030,0.030,0.030,0.030,0.061,0.061,0.071,0.000,0.030,0.123,0.123,0.111,0.061,0.111,0.111,0.061,0.018,0.018,0.071,0.000,0.000,0.000,0.018,0.018,0.000,0.000,0.000,0.000,0.000,0.000,0.059,0.059,0.004,0.111,0.111,0.071,0.110,0.110,0.110,0.050,0.094,0.419,0.419,0.414,0.124,0.112,0.062,0.062,0.110,0.242,0.465,0.513,0.504,0.464,0.473,0.499,0.425,0.611,0.382,0.545,0.494,0.403,0.477,0.369,0.422,0.507,0.451,0.506,0.442,0.445,0.249,0.377,0.439,0.274,0.431,0.334,0.131,0.259,0.210,0.115,0.470,0.221,0.422,0.270,0.302,0.074,0.000,0.000,0.595,0.085,0.085,0.085,0.085,0.085,0.085,0.085,0.085,0.085,0.085,0.085,0.085,0.085,0.085,0.085,0.085,0.085,0.085,0.085,0.085,0.085,0.085,0.085,0.085,0.085,0.085,0.085,0.085,0.085,0.085,0.085,0.085,0.085,0.085,0.085,0.085,0.085,0.085,0.059,0.259,0.412,0.202,0.285,0.193,0.091,0.146,0.000,0.239,0.273,0.404,0.186,0.299,0.390,0.265
914,0.029,0.029,0.029,0.029,0.029,0.029,0.029,0.029,0.029,0.137,0.137,0.137,0.137,0.125,0.125,0.125,0.079,0.079,0.079,0.079,0.125,0.135,0.147,0.138,0.138,0.138,0.138,0.096,0.135,0.147,0.147,0.138,0.138,0.138,0.138,0.096,0.096,0.092,0.000,0.138,0.079,0.079,0.081,0.096,0.081,0.081,0.096,0.000,0.000,0.092,0.000,0.015,0.015,0.000,0.000,0.000,0.000,0.000,0.015,0.015,0.000,0.066,0.066,0.029,0.081,0.081,0.092,0.125,0.125,0.125,0.107,0.190,0.339,0.303,0.299,0.242,0.221,0.131,0.130,0.125,0.162,0.375,0.496,0.487,0.447,0.382,0.406,0.337,0.519,0.272,0.420,0.401,0.317,0.393,0.293,0.341,0.422,0.368,0.420,0.359,0.363,0.230,0.377,0.438,0.274,0.431,0.334,0.131,0.259,0.210,0.115,0.470,0.221,0.341,0.271,0.302,0.074,0.000,0.000,0.470,0.048,0.048,0.048,0.048,0.048,0.048,0.048,0.048,0.048,0.048,0.048,0.048,0.048,0.048,0.048,0.048,0.048,0.048,0.048,0.048,0.048,0.048,0.048,0.048,0.048,0.048,0.048,0.048,0.048,0.048,0.048,0.048,0.048,0.048,0.048,0.048,0.048,0.048,0.066,0.259,0.412,0.202,0.285,0.193,0.091,0.146,0.000,0.239,0.272,0.404,0.185,0.299,0.390,0.265
917,0.029,0.029,0.029,0.029,0.029,0.029,0.029,0.029,0.029,0.137,0.137,0.137,0.137,0.125,0.125,0.125,0.079,0.079,0.079,0.079,0.125,0.135,0.147,0.138,0.138,0.138,0.138,0.096,0.135,0.147,0.147,0.138,0.138,0.138,0.138,0.096,0.096,0.092,0.000,0.138,0.079,0.079,0.081,0.096,0.081,0.081,0.096,0.000,0.000,0.092,0.000,0.015,0.015,0.000,0.000,0.000,0.000,0.000,0.015,0.015,0.000,0.066,0.066,0.029,0.081,0.081,0.092,0.125,0.125,0.125,0.107,0.190,0.339,0.303,0.299,0.242,0.221,0.131,0.130,0.125,0.162,0.375,0.496,0.487,0.447,0.382,0.406,0.337,0.519,0.272,0.420,0.401,0.317,0.393,0.293,0.341,0.422,0.368,0.420,0.359,0.363,0.230,0.377,0.438,0.274,0.431,0.334,0.131,0.259,0.210,0.115,0.470,0.221,0.341,0.271,0.302,0.074,0.000,0.000,0.470,0.048,0.048,0.048,0.048,0.048,0.048,0.048,0.048,0.048,0.048,0.048,0.048,0.048,0.048,0.048,0.048,0.048,0.048,0.048,0.048,0.048,0.048,0.048,0.048,0.048,0.048,0.048,0.048,0.048,0.048,0.048,0.048,0.048,0.048,0.048,0.048,0.048,0.048,0.066,0.259,0.412,0.202,0.285,0.193,0.091,0.146,0.000,0.239,0.272,0.404,0.185,0.299,0.390,0.265
918,0.000,0.000,0.000,0.000,0.000,0.000,0.000,0.000,0.000,0.000,0.000,0.000,0.000,0.000,0.000,0.000,0.000,0.000,0.000,0.000,0.000,0.000,0.000,0.000,0.000,0.000,0.000,0.000,0.000,0.000,0.000,0.000,0.000,0.000,0.000,0.000,0.000,0.000,0.000,0.000,0.000,0.000,0.000,0.000,0.000,0.000,0.000,0.000,0.000,0.000,0.000,0.000,0.000,0.000,0.000,0.000,0.000,0.000,0.000,0.000,0.000,0.000,0.000,0.000,0.000,0.000,0.000,0.000,0.000,0.000,0.000,0.000,0.000,0.000,0.000,0.000,0.000,0.000,0.000,0.000,0.000,0.000,0.000,0.000,0.000,0.000,0.000,0.000,0.000,0.000,0.000,0.000,0.000,0.000,0.000,0.000,0.000,0.000,0.000,0.000,0.000,0.000,0.000,0.000,0.000,0.000,0.000,0.000,0.000,0.000,0.000,0.000,0.000,0.000,0.000,0.000,0.000,0.000,0.000,0.000,0.000,0.000,0.000,0.000,0.000,0.000,0.000,0.000,0.000,0.000,0.000,0.000,0.000,0.000,0.000,0.000,0.000,0.000,0.000,0.000,0.000,0.000,0.000,0.000,0.000,0.000,0.000,0.000,0.000,0.000,0.000,0.000,0.000,0.000,0.000,0.000,0.000,0.000,0.000,0.000,0.000,0.000,0.000,0.000,0.000,0.000,0.000,0.000,0.000,0.000,0.000,0.000,0.000,0.000
919,0.000,0.000,0.000,0.000,0.000,0.000,0.000,0.000,0.000,0.000,0.000,0.000,0.000,0.000,0.000,0.000,0.000,0.000,0.000,0.000,0.000,0.000,0.000,0.000,0.000,0.000,0.000,0.000,0.000,0.000,0.000,0.000,0.000,0.000,0.000,0.000,0.000,0.000,0.000,0.000,0.000,0.000,0.000,0.000,0.000,0.000,0.000,0.000,0.000,0.000,0.000,0.000,0.000,0.000,0.000,0.000,0.000,0.000,0.000,0.000,0.000,0.000,0.000,0.000,0.000,0.000,0.000,0.000,0.000,0.000,0.000,0.000,0.000,0.000,0.000,0.000,0.000,0.000,0.000,0.000,0.000,0.000,0.000,0.000,0.000,0.000,0.000,0.000,0.000,0.000,0.000,0.000,0.000,0.000,0.000,0.000,0.000,0.000,0.000,0.000,0.000,0.000,0.000,0.000,0.000,0.000,0.000,0.000,0.000,0.000,0.000,0.000,0.000,0.000,0.000,0.000,0.000,0.000,0.000,0.000,0.000,0.000,0.000,0.000,0.000,0.000,0.000,0.000,0.000,0.000,0.000,0.000,0.000,0.000,0.000,0.000,0.000,0.000,0.000,0.000,0.000,0.000,0.000,0.000,0.000,0.000,0.000,0.000,0.000,0.000,0.000,0.000,0.000,0.000,0.000,0.000,0.000,0.000,0.000,0.000,0.000,0.000,0.000,0.000,0.000,0.000,0.000,0.000,0.000,0.000,0.000,0.000,0.000,0.000
920,0.000,0.000,0.000,0.000,0.000,0.000,0.000,0.000,0.000,0.000,0.000,0.000,0.000,0.000,0.000,0.000,0.000,0.000,0.000,0.000,0.000,0.000,0.000,0.000,0.000,0.000,0.000,0.000,0.000,0.000,0.000,0.000,0.000,0.000,0.000,0.000,0.000,0.000,0.000,0.000,0.000,0.000,0.000,0.000,0.000,0.000,0.000,0.000,0.000,0.000,0.000,0.000,0.000,0.000,0.000,0.000,0.000,0.000,0.000,0.000,0.000,0.000,0.000,0.000,0.000,0.000,0.000,0.000,0.000,0.000,0.000,0.000,0.000,0.000,0.000,0.000,0.000,0.000,0.000,0.000,0.000,0.000,0.000,0.000,0.000,0.000,0.000,0.000,0.000,0.000,0.000,0.000,0.000,0.000,0.000,0.000,0.000,0.000,0.000,0.000,0.000,0.000,0.000,0.000,0.000,0.000,0.000,0.000,0.000,0.000,0.000,0.000,0.000,0.000,0.000,0.000,0.000,0.000,0.000,0.000,0.000,0.000,0.000,0.000,0.000,0.000,0.000,0.000,0.000,0.000,0.000,0.000,0.000,0.000,0.000,0.000,0.000,0.000,0.000,0.000,0.000,0.000,0.000,0.000,0.000,0.000,0.000,0.000,0.000,0.000,0.000,0.000,0.000,0.000,0.000,0.000,0.000,0.000,0.000,0.000,0.000,0.000,0.000,0.000,0.000,0.000,0.000,0.000,0.000,0.000,0.000,0.000,0.000,0.000
922,0.004,0.004,0.004,0.004,0.004,0.004,0.004,0.004,0.004,0.091,0.091,0.091,0.091,0.117,0.117,0.117,0.123,0.123,0.123,0.123,0.117,0.317,0.021,0.030,0.030,0.030,0.030,0.061,0.317,0.021,0.021,0.030,0.030,0.030,0.030,0.061,0.061,0.071,0.000,0.030,0.123,0.123,0.111,0.061,0.111,0.111,0.061,0.018,0.018,0.071,0.000,0.000,0.000,0.018,0.018,0.000,0.000,0.000,0.000,0.000,0.000,0.059,0.059,0.004,0.111,0.111,0.071,0.110,0.110,0.110,0.050,0.094,0.419,0.419,0.414,0.124,0.112,0.062,0.062,0.110,0.242,0.465,0.513,0.504,0.464,0.473,0.499,0.425,0.611,0.382,0.545,0.494,0.403,0.477,0.369,0.422,0.507,0.451,0.506,0.442,0.445,0.249,0.377,0.439,0.274,0.431,0.334,0.131,0.259,0.210,0.115,0.470,0.221,0.422,0.270,0.302,0.074,0.000,0.000,0.595,0.085,0.085,0.085,0.085,0.085,0.085,0.085,0.085,0.085,0.085,0.085,0.085,0.085,0.085,0.085,0.085,0.085,0.085,0.085,0.085,0.085,0.085,0.085,0.085,0.085,0.085,0.085,0.085,0.085,0.085,0.085,0.085,0.085,0.085,0.085,0.085,0.085,0.085,0.059,0.259,0.412,0.202,0.285,0.193,0.091,0.146,0.000,0.239,0.273,0.404,0.186,0.299,0.390,0.265
923,0.004,0.004,0.004,0.004,0.004,0.004,0.004,0.004,0.004,0.091,0.091,0.091,0.091,0.117,0.117,0.117,0.123,0.123,0.123,0.123,0.117,0.317,0.021,0.030,0.030,0.030,0.030,0.061,0.317,0.021,0.021,0.030,0.030,0.030,0.030,0.061,0.061,0.071,0.000,0.030,0.123,0.123,0.111,0.061,0.111,0.111,0.061,0.018,0.018,0.071,0.000,0.000,0.000,0.018,0.018,0.000,0.000,0.000,0.000,0.000,0.000,0.059,0.059,0.004,0.111,0.111,0.071,0.110,0.110,0.110,0.050,0.094,0.419,0.419,0.414,0.124,0.112,0.062,0.062,0.110,0.242,0.465,0.513,0.504,0.464,0.473,0.499,0.425,0.611,0.382,0.545,0.494,0.403,0.477,0.369,0.422,0.507,0.451,0.506,0.442,0.445,0.249,0.377,0.439,0.274,0.431,0.334,0.131,0.259,0.210,0.115,0.470,0.221,0.422,0.270,0.302,0.074,0.000,0.000,0.595,0.085,0.085,0.085,0.085,0.085,0.085,0.085,0.085,0.085,0.085,0.085,0.085,0.085,0.085,0.085,0.085,0.085,0.085,0.085,0.085,0.085,0.085,0.085,0.085,0.085,0.085,0.085,0.085,0.085,0.085,0.085,0.085,0.085,0.085,0.085,0.085,0.085,0.085,0.059,0.259,0.412,0.202,0.285,0.193,0.091,0.146,0.000,0.239,0.273,0.404,0.186,0.299,0.390,0.265
924,0.000,0.000,0.000,0.000,0.000,0.000,0.000,0.000,0.000,0.000,0.000,0.000,0.000,0.000,0.000,0.000,0.000,0.000,0.000,0.000,0.000,0.000,0.000,0.000,0.000,0.000,0.000,0.000,0.000,0.000,0.000,0.000,0.000,0.000,0.000,0.000,0.000,0.000,0.000,0.000,0.000,0.000,0.000,0.000,0.000,0.000,0.000,0.000,0.000,0.000,0.000,0.000,0.000,0.000,0.000,0.000,0.000,0.000,0.000,0.000,0.000,0.000,0.000,0.000,0.000,0.000,0.000,0.000,0.000,0.000,0.000,0.000,0.000,0.000,0.000,0.000,0.000,0.000,0.000,0.000,0.000,0.000,0.000,0.000,0.000,0.000,0.000,0.000,0.000,0.000,0.000,0.000,0.000,0.000,0.000,0.000,0.000,0.000,0.000,0.000,0.000,0.000,0.000,0.000,0.000,0.000,0.000,0.000,0.000,0.000,0.000,0.000,0.000,0.000,0.000,0.000,0.000,0.000,0.000,0.000,0.000,0.000,0.000,0.000,0.000,0.000,0.000,0.000,0.000,0.000,0.000,0.000,0.000,0.000,0.000,0.000,0.000,0.000,0.000,0.000,0.000,0.000,0.000,0.000,0.000,0.000,0.000,0.000,0.000,0.000,0.000,0.000,0.000,0.000,0.000,0.000,0.000,0.000,0.000,0.000,0.000,0.000,0.000,0.000,0.000,0.000,0.000,0.000,0.000,0.000,0.000,0.000,0.000,0.000
1002,0.004,0.004,0.004,0.004,0.004,0.004,0.004,0.004,0.004,0.000,0.000,0.000,0.000,0.000,0.000,0.000,0.000,0.000,0.000,0.000,0.000,0.071,0.053,0.079,0.079,0.079,0.079,0.137,0.000,0.000,0.000,0.000,0.000,0.000,0.000,0.000,0.000,0.000,0.000,0.000,0.000,0.000,0.000,0.000,0.000,0.000,0.000,0.000,0.000,0.000,0.000,0.000,0.000,0.000,0.000,0.000,0.000,0.000,0.000,0.000,0.000,0.000,0.000,0.000,0.000,0.000,0.000,0.205,0.205,0.000,0.000,0.000,0.000,0.273,0.270,0.000,0.000,0.000,0.000,0.000,0.000,0.000,0.000,0.000,0.000,0.000,0.000,0.000,0.000,0.000,0.000,0.000,0.000,0.000,0.000,0.000,0.000,0.000,0.000,0.000,0.000,0.000,0.000,0.000,0.000,0.000,0.000,0.000,0.000,0.000,0.000,0.000,0.000,0.000,0.000,0.000,0.074,0.000,0.000,0.000,0.002,0.000,0.000,0.000,0.002,0.000,0.000,0.000,0.000,0.002,0.002,0.000,0.000,0.000,0.000,0.000,0.000,0.000,0.000,0.000,0.000,0.000,0.000,0.000,0.000,0.000,0.000,0.002,0.002,0.000,0.000,0.000,0.000,0.000,0.000,0.000,0.000,0.000,0.000,0.000,0.000,0.000,0.285,0.000,0.000,0.000,0.000,0.000,0.000,0.000,0.000,0.000,0.390,0.000
1005,0.000,0.000,0.000,0.000,0.000,0.000,0.000,0.000,0.000,0.000,0.000,0.000,0.000,0.000,0.000,0.000,0.000,0.000,0.000,0.000,0.000,0.071,0.053,0.079,0.079,0.079,0.079,0.137,0.000,0.000,0.000,0.000,0.000,0.000,0.000,0.000,0.000,0.000,0.000,0.000,0.000,0.000,0.000,0.000,0.000,0.068,0.137,0.000,0.000,0.000,0.000,0.000,0.000,0.000,0.000,0.000,0.000,0.000,0.000,0.000,0.000,0.000,0.000,0.004,0.000,0.000,0.000,0.000,0.000,0.000,0.000,0.000,0.000,0.000,0.000,0.000,0.000,0.000,0.000,0.000,0.000,0.000,0.000,0.000,0.000,0.000,0.000,0.000,0.000,0.000,0.000,0.000,0.000,0.000,0.000,0.000,0.000,0.000,0.000,0.000,0.000,0.000,0.000,0.000,0.000,0.000,0.000,0.000,0.000,0.000,0.000,0.000,0.000,0.000,0.000,0.000,0.074,0.000,0.000,0.000,0.000,0.000,0.000,0.000,0.000,0.000,0.000,0.000,0.000,0.000,0.000,0.000,0.000,0.000,0.000,0.000,0.000,0.000,0.000,0.000,0.000,0.000,0.000,0.000,0.000,0.000,0.000,0.000,0.000,0.002,0.000,0.002,0.002,0.002,0.002,0.002,0.000,0.000,0.000,0.000,0.000,0.000,0.000,0.000,0.000,0.000,0.000,0.000,0.000,0.000,0.000,0.000,0.000,0.000
1102,0.000,0.000,0.000,0.000,0.000,0.000,0.000,0.000,0.000,0.040,0.040,0.040,0.040,0.044,0.044,0.044,0.058,0.058,0.058,0.058,0.044,0.058,0.033,0.059,0.059,0.059,0.059,0.106,0.058,0.033,0.033,0.059,0.059,0.059,0.059,0.106,0.106,0.125,0.000,0.059,0.058,0.058,0.059,0.106,0.059,0.059,0.106,0.079,0.079,0.125,0.000,0.004,0.004,0.079,0.079,0.000,0.000,0.000,0.004,0.004,0.000,0.005,0.005,0.000,0.059,0.059,0.125,0.161,0.161,0.161,0.095,0.171,0.000,0.267,0.263,0.218,0.199,0.116,0.116,0.161,0.139,0.360,0.000,0.000,0.000,0.367,0.391,0.323,0.503,0.238,0.377,0.386,0.304,0.000,0.000,0.000,0.000,0.000,0.000,0.000,0.000,0.230,0.377,0.439,0.274,0.431,0.334,0.131,0.259,0.210,0.115,0.470,0.221,0.000,0.271,0.302,0.074,0.000,0.000,0.426,0.005,0.005,0.005,0.005,0.005,0.005,0.005,0.005,0.005,0.005,0.005,0.005,0.005,0.005,0.005,0.005,0.005,0.005,0.005,0.005,0.005,0.005,0.005,0.005,0.005,0.005,0.005,0.005,0.005,0.005,0.005,0.005,0.005,0.005,0.005,0.005,0.005,0.005,0.005,0.259,0.412,0.202,0.285,0.193,0.091,0.146,0.000,0.239,0.272,0.404,0.185,0.299,0.390,0.265
1201,0.206,0.206,0.206,0.206,0.206,0.206,0.206,0.206,0.206,0.043,0.043,0.043,0.043,0.037,0.037,0.037,0.026,0.026,0.026,0.026,0.037,0.248,0.246,0.189,0.189,0.189,0.189,0.154,0.248,0.246,0.246,0.189,0.189,0.189,0.189,0.154,0.154,0.099,0.000,0.189,0.026,0.026,0.000,0.154,0.000,0.000,0.154,0.158,0.158,0.099,0.000,0.184,0.184,0.158,0.158,0.000,0.000,0.000,0.184,0.184,0.000,0.250,0.250,0.206,0.000,0.000,0.099,0.000,0.000,0.000,0.000,0.200,0.000,0.000,0.000,0.000,0.000,0.000,0.000,0.000,0.162,0.000,0.574,0.565,0.525,0.483,0.508,0.434,0.619,0.272,0.420,0.503,0.412,0.431,0.328,0.378,0.461,0.406,0.460,0.397,0.400,0.298,0.352,0.412,0.253,0.431,0.333,0.101,0.207,0.166,0.088,0.470,0.175,0.378,0.270,0.245,0.056,0.000,0.000,0.470,0.328,0.328,0.328,0.328,0.328,0.328,0.328,0.328,0.328,0.328,0.328,0.328,0.328,0.328,0.328,0.328,0.328,0.328,0.328,0.328,0.328,0.328,0.328,0.328,0.328,0.328,0.328,0.328,0.328,0.328,0.328,0.328,0.328,0.328,0.328,0.328,0.328,0.328,0.250,0.208,0.412,0.202,0.285,0.193,0.091,0.146,0.000,0.239,0.272,0.404,0.185,0.299,0.390,0.265
1202,0.206,0.206,0.206,0.206,0.206,0.206,0.206,0.206,0.206,0.043,0.043,0.043,0.043,0.037,0.037,0.037,0.026,0.026,0.026,0.026,0.037,0.248,0.246,0.189,0.189,0.189,0.189,0.154,0.248,0.246,0.246,0.189,0.189,0.189,0.189,0.154,0.154,0.099,0.000,0.189,0.026,0.026,0.000,0.154,0.000,0.000,0.154,0.158,0.158,0.099,0.000,0.184,0.184,0.158,0.158,0.000,0.000,0.000,0.184,0.184,0.000,0.250,0.250,0.206,0.000,0.000,0.099,0.000,0.000,0.000,0.000,0.200,0.000,0.000,0.000,0.000,0.000,0.000,0.000,0.000,0.162,0.000,0.574,0.565,0.525,0.483,0.508,0.434,0.619,0.272,0.420,0.503,0.412,0.431,0.328,0.378,0.461,0.406,0.460,0.397,0.400,0.298,0.352,0.412,0.253,0.431,0.333,0.101,0.207,0.166,0.088,0.470,0.175,0.378,0.270,0.245,0.056,0.000,0.000,0.470,0.328,0.328,0.328,0.328,0.328,0.328,0.328,0.328,0.328,0.328,0.328,0.328,0.328,0.328,0.328,0.328,0.328,0.328,0.328,0.328,0.328,0.328,0.328,0.328,0.328,0.328,0.328,0.328,0.328,0.328,0.328,0.328,0.328,0.328,0.328,0.328,0.328,0.328,0.250,0.208,0.412,0.202,0.285,0.193,0.091,0.146,0.000,0.239,0.272,0.404,0.185,0.299,0.390,0.265
1203,0.093,0.093,0.093,0.093,0.093,0.093,0.093,0.093,0.093,0.466,0.466,0.466,0.466,0.462,0.462,0.462,0.459,0.459,0.459,0.459,0.462,0.132,0.111,0.104,0.104,0.104,0.104,0.117,0.132,0.111,0.111,0.104,0.104,0.104,0.104,0.117,0.117,0.000,0.000,0.104,0.459,0.459,0.080,0.117,0.080,0.080,0.117,0.136,0.136,0.000,0.000,0.075,0.075,0.136,0.136,0.000,0.000,0.000,0.075,0.075,0.000,0.164,0.164,0.093,0.080,0.080,0.000,0.000,0.000,0.000,0.000,0.000,0.000,0.000,0.000,0.000,0.000,0.000,0.000,0.000,0.000,0.000,0.487,0.477,0.438,0.399,0.423,0.353,0.536,0.274,0.422,0.418,0.333,0.384,0.286,0.333,0.413,0.359,0.412,0.351,0.354,0.302,0.475,0.538,0.360,0.636,0.535,0.193,0.357,0.297,0.170,0.671,0.311,0.333,0.460,0.407,0.112,0.000,0.000,0.472,0.140,0.140,0.140,0.140,0.140,0.140,0.140,0.140,0.140,0.140,0.140,0.140,0.140,0.140,0.140,0.140,0.140,0.140,0.140,0.140,0.140,0.140,0.140,0.140,0.140,0.140,0.140,0.140,0.140,0.140,0.140,0.140,0.140,0.140,0.140,0.140,0.140,0.140,0.164,0.357,0.642,0.393,0.505,0.379,0.204,0.305,0.000,0.446,0.489,0.635,0.368,0.522,0.620,0.480
1208,0.118,0.118,0.118,0.118,0.118,0.118,0.118,0.118,0.118,0.473,0.473,0.473,0.473,0.090,0.090,0.090,0.079,0.079,0.079,0.079,0.090,0.157,0.133,0.127,0.127,0.127,0.127,0.139,0.157,0.133,0.133,0.127,0.127,0.127,0.127,0.139,0.139,0.144,0.000,0.127,0.079,0.079,0.069,0.139,0.069,0.069,0.139,0.160,0.160,0.144,0.000,0.126,0.126,0.160,0.160,0.000,0.000,0.000,0.126,0.126,0.000,0.213,0.213,0.118,0.000,0.000,0.000,0.000,0.000,0.000,0.000,0.194,0.000,0.000,0.000,0.000,0.000,0.000,0.000,0.000,0.163,0.386,0.489,0.479,0.439,0.393,0.418,0.348,0.531,0.274,0.422,0.413,0.328,0.381,0.284,0.331,0.411,0.357,0.409,0.349,0.352,0.302,0.475,0.538,0.360,0.616,0.515,0.193,0.357,0.297,0.170,0.653,0.311,0.331,0.440,0.407,0.112,0.000,0.000,0.472,0.183,0.183,0.183,0.183,0.183,0.183,0.183,0.183,0.183,0.183,0.183,0.183,0.183,0.183,0.183,0.183,0.183,0.183,0.183,0.183,0.183,0.183,0.183,0.183,0.183,0.183,0.183,0.183,0.183,0.183,0.183,0.183,0.183,0.183,0.183,0.183,0.183,0.183,0.213,0.357,0.631,0.382,0.494,0.368,0.197,0.295,0.000,0.435,0.478,0.624,0.357,0.510,0.609,0.468
1209,0.118,0.118,0.118,0.118,0.118,0.118,0.118,0.118,0.118,0.473,0.473,0.473,0.473,0.090,0.090,0.090,0.079,0.079,0.079,0.079,0.090,0.157,0.133,0.127,0.127,0.127,0.127,0.139,0.157,0.133,0.133,0.127,0.127,0.127,0.127,0.139,0.139,0.144,0.000,0.127,0.079,0.079,0.069,0.139,0.069,0.069,0.139,0.160,0.160,0.144,0.000,0.126,0.126,0.160,0.160,0.000,0.000,0.000,0.126,0.126,0.000,0.213,0.213,0.118,0.000,0.000,0.000,0.000,0.000,0.000,0.000,0.194,0.000,0.000,0.000,0.000,0.000,0.000,0.000,0.000,0.163,0.386,0.489,0.479,0.439,0.393,0.418,0.348,0.531,0.274,0.422,0.413,0.328,0.381,0.284,0.331,0.411,0.357,0.409,0.349,0.352,0.302,0.475,0.538,0.360,0.616,0.515,0.193,0.357,0.297,0.170,0.653,0.311,0.331,0.440,0.407,0.112,0.000,0.000,0.472,0.183,0.183,0.183,0.183,0.183,0.183,0.183,0.183,0.183,0.183,0.183,0.183,0.183,0.183,0.183,0.183,0.183,0.183,0.183,0.183,0.183,0.183,0.183,0.183,0.183,0.183,0.183,0.183,0.183,0.183,0.183,0.183,0.183,0.183,0.183,0.183,0.183,0.183,0.213,0.357,0.631,0.382,0.494,0.368,0.197,0.295,0.000,0.435,0.478,0.624,0.357,0.510,0.609,0.468
1210,0.118,0.118,0.118,0.118,0.118,0.118,0.118,0.118,0.118,0.473,0.473,0.473,0.473,0.090,0.090,0.090,0.079,0.079,0.079,0.079,0.090,0.157,0.133,0.127,0.127,0.127,0.127,0.139,0.157,0.133,0.133,0.127,0.127,0.127,0.127,0.139,0.139,0.144,0.000,0.127,0.079,0.079,0.069,0.139,0.069,0.069,0.139,0.160,0.160,0.144,0.000,0.126,0.126,0.160,0.160,0.000,0.000,0.000,0.126,0.126,0.000,0.213,0.213,0.118,0.000,0.000,0.144,0.000,0.000,0.000,0.000,0.000,0.000,0.000,0.000,0.247,0.226,0.000,0.000,0.000,0.000,0.000,0.489,0.479,0.439,0.393,0.418,0.348,0.531,0.274,0.422,0.413,0.328,0.381,0.284,0.331,0.411,0.357,0.409,0.349,0.352,0.302,0.475,0.538,0.360,0.616,0.515,0.193,0.357,0.297,0.170,0.653,0.311,0.331,0.440,0.407,0.112,0.000,0.000,0.472,0.183,0.183,0.183,0.183,0.183,0.183,0.183,0.183,0.183,0.183,0.183,0.183,0.183,0.183,0.183,0.183,0.183,0.183,0.183,0.183,0.183,0.183,0.183,0.183,0.183,0.183,0.183,0.183,0.183,0.183,0.183,0.183,0.183,0.183,0.183,0.183,0.183,0.183,0.213,0.357,0.631,0.382,0.494,0.368,0.197,0.295,0.000,0.435,0.478,0.624,0.357,0.510,0.609,0.468
1211,0.046,0.046,0.046,0.046,0.046,0.046,0.046,0.046,0.046,0.261,0.261,0.261,0.261,0.261,0.261,0.261,0.249,0.249,0.249,0.249,0.261,0.138,0.112,0.106,0.106,0.106,0.106,0.122,0.138,0.112,0.112,0.106,0.106,0.106,0.106,0.122,0.122,0.127,0.000,0.106,0.249,0.249,0.251,0.122,0.251,0.251,0.122,0.119,0.119,0.127,0.000,0.053,0.053,0.119,0.119,0.000,0.000,0.000,0.053,0.053,0.000,0.049,0.049,0.046,0.000,0.000,0.000,0.000,0.000,0.000,0.000,0.000,0.000,0.000,0.000,0.000,0.000,0.000,0.000,0.000,0.000,0.000,0.267,0.260,0.230,0.202,0.219,0.172,0.306,0.133,0.228,0.215,0.160,0.188,0.130,0.157,0.208,0.173,0.207,0.168,0.170,0.135,0.140,0.174,0.092,0.157,0.110,0.054,0.117,0.091,0.047,0.179,0.097,0.157,0.084,0.141,0.029,0.000,0.000,0.266,0.051,0.051,0.051,0.051,0.051,0.051,0.051,0.051,0.051,0.051,0.051,0.051,0.051,0.051,0.051,0.051,0.051,0.051,0.051,0.051,0.051,0.051,0.051,0.051,0.051,0.051,0.051,0.051,0.051,0.051,0.051,0.051,0.051,0.051,0.051,0.051,0.051,0.051,0.049,0.117,0.096,0.037,0.057,0.035,0.015,0.025,0.000,0.045,0.054,0.093,0.033,0.061,0.088,0.052
1212,0.086,0.086,0.086,0.086,0.086,0.086,0.086,0.086,0.086,0.409,0.409,0.409,0.409,0.409,0.409,0.409,0.393,0.393,0.393,0.393,0.409,0.239,0.199,0.188,0.188,0.188,0.188,0.213,0.239,0.199,0.199,0.188,0.188,0.188,0.188,0.213,0.213,0.221,0.000,0.188,0.393,0.393,0.396,0.213,0.396,0.396,0.213,0.209,0.209,0.221,0.000,0.098,0.098,0.209,0.209,0.000,0.000,0.000,0.098,0.098,0.000,0.092,0.092,0.086,0.396,0.396,0.000,0.000,0.000,0.000,0.000,0.000,0.000,0.000,0.000,0.000,0.000,0.000,0.000,0.000,0.134,0.324,0.416,0.407,0.369,0.331,0.354,0.289,0.463,0.230,0.367,0.349,0.271,0.312,0.226,0.267,0.339,0.290,0.338,0.283,0.286,0.233,0.242,0.291,0.166,0.268,0.194,0.100,0.205,0.165,0.087,0.300,0.174,0.267,0.152,0.242,0.056,0.000,0.000,0.415,0.096,0.096,0.096,0.096,0.096,0.096,0.096,0.096,0.096,0.096,0.096,0.096,0.096,0.096,0.096,0.096,0.096,0.096,0.096,0.096,0.096,0.096,0.096,0.096,0.096,0.096,0.096,0.096,0.096,0.096,0.096,0.096,0.096,0.096,0.096,0.096,0.096,0.096,0.092,0.206,0.171,0.069,0.106,0.066,0.029,0.048,0.000,0.085,0.100,0.167,0.063,0.112,0.159,0.096
1215,0.000,0.000,0.000,0.000,0.000,0.000,0.000,0.000,0.000,0.000,0.000,0.000,0.000,0.000,0.000,0.000,0.000,0.000,0.000,0.000,0.000,0.000,0.000,0.000,0.000,0.000,0.000,0.000,0.000,0.000,0.000,0.000,0.000,0.000,0.000,0.000,0.000,0.000,0.000,0.000,0.000,0.000,0.000,0.000,0.000,0.000,0.000,0.000,0.000,0.000,0.000,0.000,0.000,0.000,0.000,0.000,0.000,0.000,0.000,0.000,0.000,0.000,0.000,0.000,0.000,0.000,0.000,0.000,0.000,0.000,0.000,0.000,0.000,0.000,0.000,0.000,0.000,0.000,0.000,0.000,0.000,0.000,0.000,0.000,0.000,0.000,0.000,0.000,0.000,0.000,0.000,0.000,0.000,0.000,0.000,0.000,0.000,0.000,0.000,0.000,0.000,0.000,0.000,0.000,0.000,0.000,0.000,0.000,0.000,0.000,0.000,0.000,0.000,0.000,0.000,0.000,0.000,0.000,0.000,0.000,0.000,0.000,0.000,0.000,0.000,0.000,0.000,0.000,0.000,0.000,0.000,0.000,0.000,0.000,0.000,0.000,0.000,0.000,0.000,0.000,0.000,0.000,0.000,0.000,0.000,0.000,0.000,0.000,0.000,0.000,0.000,0.000,0.000,0.000,0.000,0.000,0.000,0.000,0.000,0.000,0.000,0.000,0.000,0.000,0.000,0.000,0.000,0.000,0.000,0.000,0.000,0.000,0.000,0.000
1216,0.442,0.442,0.442,0.442,0.442,0.442,0.442,0.442,0.442,0.216,0.216,0.216,0.216,0.175,0.175,0.175,0.275,0.275,0.275,0.275,0.175,0.295,0.323,0.324,0.324,0.324,0.324,0.298,0.295,0.323,0.323,0.324,0.324,0.324,0.324,0.298,0.298,0.289,0.000,0.324,0.275,0.275,0.233,0.298,0.233,0.233,0.298,0.285,0.285,0.289,0.000,0.408,0.408,0.285,0.285,0.000,0.000,0.000,0.408,0.408,0.000,0.425,0.425,0.442,0.000,0.000,0.000,0.000,0.000,0.000,0.000,0.000,0.000,0.000,0.000,0.000,0.000,0.000,0.000,0.000,0.000,0.000,0.315,0.307,0.274,0.240,0.259,0.206,0.355,0.000,0.000,0.255,0.192,0.230,0.161,0.193,0.253,0.212,0.251,0.206,0.208,0.139,0.163,0.201,0.108,0.207,0.147,0.077,0.163,0.129,0.067,0.234,0.136,0.194,0.113,0.194,0.042,0.000,0.000,0.000,0.304,0.304,0.304,0.304,0.304,0.304,0.304,0.304,0.304,0.304,0.304,0.304,0.304,0.304,0.304,0.304,0.304,0.304,0.304,0.304,0.304,0.304,0.304,0.304,0.304,0.304,0.304,0.304,0.304,0.304,0.304,0.304,0.304,0.304,0.304,0.304,0.304,0.304,0.425,0.163,0.186,0.076,0.115,0.072,0.032,0.053,0.000,0.093,0.109,0.181,0.069,0.122,0.172,0.105
1217,0.438,0.438,0.438,0.438,0.438,0.438,0.438,0.438,0.438,0.213,0.213,0.213,0.213,0.173,0.173,0.173,0.271,0.271,0.271,0.271,0.173,0.292,0.320,0.320,0.320,0.320,0.320,0.294,0.292,0.320,0.320,0.320,0.320,0.320,0.320,0.294,0.294,0.286,0.000,0.320,0.271,0.271,0.230,0.294,0.230,0.230,0.294,0.282,0.282,0.286,0.000,0.404,0.404,0.282,0.282,0.000,0.000,0.000,0.404,0.404,0.000,0.420,0.420,0.438,0.000,0.000,0.000,0.000,0.000,0.000,0.000,0.000,0.000,0.000,0.000,0.000,0.000,0.000,0.000,0.000,0.000,0.000,0.311,0.303,0.271,0.237,0.256,0.203,0.351,0.000,0.000,0.252,0.189,0.227,0.159,0.191,0.249,0.209,0.248,0.203,0.205,0.137,0.160,0.198,0.106,0.204,0.145,0.076,0.160,0.127,0.066,0.231,0.134,0.191,0.112,0.191,0.042,0.000,0.000,0.000,0.301,0.301,0.301,0.301,0.301,0.301,0.301,0.301,0.301,0.301,0.301,0.301,0.301,0.301,0.301,0.301,0.301,0.301,0.301,0.301,0.301,0.301,0.301,0.301,0.301,0.301,0.301,0.301,0.301,0.301,0.301,0.301,0.301,0.301,0.301,0.301,0.301,0.301,0.420,0.160,0.183,0.075,0.113,0.071,0.031,0.052,0.000,0.091,0.107,0.178,0.068,0.120,0.170,0.103
1218,0.114,0.114,0.114,0.114,0.114,0.114,0.114,0.114,0.114,0.484,0.484,0.484,0.484,0.484,0.484,0.484,0.468,0.468,0.468,0.468,0.484,0.299,0.252,0.240,0.240,0.240,0.240,0.269,0.299,0.252,0.252,0.240,0.240,0.240,0.240,0.269,0.269,0.278,0.000,0.240,0.468,0.468,0.471,0.269,0.471,0.471,0.269,0.265,0.265,0.278,0.000,0.129,0.129,0.265,0.265,0.000,0.000,0.000,0.129,0.129,0.000,0.121,0.121,0.114,0.000,0.000,0.000,0.278,0.278,0.000,0.000,0.000,0.000,0.000,0.000,0.000,0.000,0.000,0.000,0.000,0.000,0.000,0.492,0.483,0.443,0.402,0.427,0.356,0.540,0.289,0.441,0.422,0.336,0.382,0.284,0.331,0.411,0.357,0.409,0.349,0.352,0.293,0.302,0.359,0.213,0.332,0.247,0.132,0.260,0.211,0.115,0.368,0.222,0.331,0.195,0.303,0.074,0.000,0.000,0.491,0.126,0.126,0.126,0.126,0.126,0.126,0.126,0.126,0.126,0.126,0.126,0.126,0.126,0.126,0.126,0.126,0.126,0.126,0.126,0.126,0.126,0.126,0.126,0.126,0.126,0.126,0.126,0.126,0.126,0.126,0.126,0.126,0.126,0.126,0.126,0.126,0.126,0.126,0.121,0.260,0.219,0.092,0.138,0.087,0.039,0.064,0.000,0.112,0.131,0.214,0.084,0.146,0.204,0.126
1219,0.102,0.102,0.102,0.102,0.102,0.102,0.102,0.102,0.102,0.455,0.455,0.455,0.455,0.455,0.455,0.455,0.439,0.439,0.439,0.439,0.455,0.275,0.230,0.219,0.219,0.219,0.219,0.247,0.275,0.230,0.230,0.219,0.219,0.219,0.219,0.247,0.247,0.255,0.000,0.219,0.439,0.439,0.442,0.247,0.442,0.442,0.247,0.242,0.242,0.255,0.000,0.116,0.116,0.242,0.242,0.000,0.000,0.000,0.116,0.116,0.000,0.109,0.109,0.102,0.000,0.000,0.000,0.255,0.255,0.000,0.000,0.000,0.000,0.000,0.000,0.000,0.000,0.000,0.000,0.000,0.000,0.000,0.463,0.453,0.414,0.374,0.398,0.330,0.511,0.266,0.412,0.393,0.310,0.354,0.261,0.305,0.383,0.331,0.381,0.323,0.326,0.269,0.278,0.332,0.194,0.306,0.226,0.119,0.238,0.192,0.104,0.341,0.202,0.306,0.178,0.279,0.066,0.000,0.000,0.462,0.114,0.114,0.114,0.114,0.114,0.114,0.114,0.114,0.114,0.114,0.114,0.114,0.114,0.114,0.114,0.114,0.114,0.114,0.114,0.114,0.114,0.114,0.114,0.114,0.114,0.114,0.114,0.114,0.114,0.114,0.114,0.114,0.114,0.114,0.114,0.114,0.114,0.114,0.109,0.238,0.200,0.083,0.125,0.078,0.035,0.058,0.000,0.101,0.118,0.195,0.075,0.132,0.186,0.114
1220,0.057,0.057,0.057,0.057,0.057,0.057,0.057,0.057,0.057,0.306,0.306,0.306,0.306,0.306,0.306,0.306,0.293,0.293,0.293,0.293,0.306,0.167,0.137,0.129,0.129,0.129,0.129,0.148,0.167,0.137,0.137,0.129,0.129,0.129,0.129,0.148,0.148,0.153,0.000,0.129,0.293,0.293,0.296,0.148,0.296,0.296,0.148,0.145,0.145,0.153,0.000,0.065,0.065,0.145,0.145,0.000,0.000,0.000,0.065,0.065,0.000,0.061,0.061,0.057,0.000,0.000,0.000,0.153,0.153,0.000,0.000,0.000,0.000,0.000,0.000,0.000,0.000,0.000,0.000,0.000,0.090,0.000,0.313,0.305,0.272,0.241,0.259,0.206,0.356,0.161,0.270,0.256,0.192,0.225,0.157,0.189,0.247,0.207,0.246,0.201,0.203,0.163,0.169,0.208,0.113,0.189,0.134,0.067,0.142,0.112,0.058,0.215,0.118,0.189,0.102,0.170,0.036,0.000,0.000,0.312,0.063,0.063,0.063,0.063,0.063,0.063,0.063,0.063,0.063,0.063,0.063,0.063,0.063,0.063,0.063,0.063,0.063,0.063,0.063,0.063,0.063,0.063,0.063,0.063,0.063,0.063,0.063,0.063,0.063,0.063,0.063,0.063,0.063,0.063,0.063,0.063,0.063,0.063,0.061,0.142,0.117,0.046,0.070,0.043,0.019,0.031,0.000,0.056,0.066,0.114,0.041,0.075,0.108,0.064
1221,0.057,0.057,0.057,0.057,0.057,0.057,0.057,0.057,0.057,0.306,0.306,0.306,0.306,0.306,0.306,0.306,0.292,0.292,0.292,0.292,0.306,0.167,0.136,0.129,0.129,0.129,0.129,0.147,0.167,0.136,0.136,0.129,0.129,0.129,0.129,0.147,0.147,0.153,0.000,0.129,0.292,0.292,0.295,0.147,0.295,0.295,0.147,0.144,0.144,0.153,0.000,0.065,0.065,0.144,0.144,0.000,0.000,0.000,0.065,0.065,0.000,0.061,0.061,0.057,0.000,0.000,0.000,0.000,0.000,0.000,0.000,0.000,0.000,0.000,0.000,0.000,0.000,0.000,0.000,0.000,0.000,0.000,0.312,0.304,0.271,0.240,0.259,0.206,0.355,0.160,0.270,0.255,0.192,0.224,0.157,0.188,0.246,0.207,0.245,0.201,0.203,0.162,0.169,0.208,0.112,0.189,0.133,0.066,0.141,0.111,0.057,0.214,0.118,0.188,0.102,0.169,0.036,0.000,0.000,0.312,0.063,0.063,0.063,0.063,0.063,0.063,0.063,0.063,0.063,0.063,0.063,0.063,0.063,0.063,0.063,0.063,0.063,0.063,0.063,0.063,0.063,0.063,0.063,0.063,0.063,0.063,0.063,0.063,0.063,0.063,0.063,0.063,0.063,0.063,0.063,0.063,0.063,0.063,0.061,0.142,0.116,0.045,0.070,0.043,0.019,0.031,0.000,0.056,0.066,0.113,0.041,0.074,0.107,0.064
1222,0.118,0.118,0.118,0.118,0.118,0.118,0.118,0.118,0.118,0.473,0.473,0.473,0.473,0.090,0.090,0.090,0.079,0.079,0.079,0.079,0.090,0.157,0.133,0.127,0.127,0.127,0.127,0.139,0.157,0.133,0.133,0.127,0.127,0.127,0.127,0.139,0.139,0.144,0.000,0.127,0.079,0.079,0.069,0.139,0.069,0.069,0.139,0.160,0.160,0.144,0.000,0.126,0.126,0.160,0.160,0.000,0.000,0.000,0.126,0.126,0.000,0.213,0.213,0.118,0.000,0.000,0.000,0.000,0.000,0.000,0.000,0.000,0.000,0.000,0.000,0.000,0.000,0.000,0.000,0.000,0.000,0.000,0.489,0.479,0.439,0.393,0.418,0.348,0.531,0.274,0.422,0.413,0.328,0.381,0.284,0.331,0.411,0.357,0.409,0.349,0.352,0.302,0.475,0.538,0.360,0.616,0.515,0.193,0.357,0.297,0.170,0.653,0.311,0.331,0.440,0.407,0.112,0.000,0.000,0.472,0.183,0.183,0.183,0.183,0.183,0.183,0.183,0.183,0.183,0.183,0.183,0.183,0.183,0.183,0.183,0.183,0.183,0.183,0.183,0.183,0.183,0.183,0.183,0.183,0.183,0.183,0.183,0.183,0.183,0.183,0.183,0.183,0.183,0.183,0.183,0.183,0.183,0.183,0.213,0.357,0.631,0.382,0.494,0.368,0.197,0.295,0.000,0.435,0.478,0.624,0.357,0.510,0.609,0.468
1224,0.000,0.000,0.000,0.000,0.000,0.000,0.000,0.000,0.000,0.000,0.000,0.000,0.000,0.000,0.000,0.000,0.000,0.000,0.000,0.000,0.000,0.000,0.000,0.000,0.000,0.000,0.000,0.000,0.000,0.000,0.000,0.000,0.000,0.000,0.000,0.000,0.000,0.000,0.000,0.000,0.000,0.000,0.000,0.158,0.119,0.000,0.000,0.000,0.000,0.000,0.000,0.000,0.000,0.000,0.000,0.000,0.000,0.000,0.000,0.000,0.000,0.000,0.000,0.000,0.119,0.119,0.000,0.000,0.000,0.000,0.000,0.126,0.000,0.000,0.000,0.000,0.000,0.000,0.000,0.000,0.000,0.120,0.000,0.000,0.000,0.000,0.000,0.000,0.000,0.000,0.000,0.000,0.000,0.000,0.000,0.000,0.000,0.000,0.000,0.000,0.000,0.000,0.000,0.000,0.000,0.000,0.000,0.000,0.000,0.000,0.000,0.000,0.000,0.000,0.000,0.000,0.000,0.000,0.000,0.000,0.000,0.000,0.000,0.000,0.000,0.000,0.000,0.000,0.000,0.000,0.000,0.000,0.000,0.000,0.000,0.000,0.000,0.000,0.000,0.000,0.000,0.000,0.000,0.000,0.000,0.000,0.000,0.000,0.000,0.000,0.000,0.000,0.000,0.000,0.000,0.000,0.000,0.000,0.000,0.000,0.000,0.000,0.000,0.000,0.000,0.000,0.000,0.000,0.000,0.000,0.000,0.000,0.000,0.000
1225,0.000,0.000,0.000,0.000,0.000,0.000,0.000,0.000,0.000,0.000,0.000,0.000,0.000,0.000,0.000,0.000,0.000,0.000,0.000,0.000,0.000,0.000,0.000,0.000,0.000,0.000,0.000,0.000,0.000,0.000,0.000,0.000,0.000,0.000,0.000,0.394,0.394,0.000,0.000,0.000,0.000,0.000,0.000,0.000,0.000,0.000,0.000,0.000,0.000,0.410,0.000,0.000,0.000,0.000,0.000,0.000,0.000,0.000,0.000,0.000,0.000,0.000,0.000,0.000,0.000,0.000,0.000,0.000,0.000,0.000,0.000,0.327,0.000,0.250,0.247,0.000,0.000,0.000,0.000,0.000,0.129,0.000,0.000,0.000,0.000,0.000,0.000,0.000,0.000,0.000,0.000,0.000,0.000,0.000,0.000,0.000,0.000,0.000,0.000,0.000,0.000,0.000,0.000,0.000,0.000,0.000,0.000,0.000,0.000,0.000,0.000,0.000,0.000,0.000,0.000,0.000,0.000,0.000,0.000,0.000,0.000,0.000,0.000,0.000,0.000,0.000,0.000,0.000,0.000,0.000,0.000,0.000,0.000,0.000,0.000,0.000,0.000,0.000,0.000,0.000,0.000,0.000,0.000,0.000,0.000,0.000,0.000,0.000,0.000,0.000,0.000,0.000,0.000,0.000,0.000,0.000,0.000,0.000,0.000,0.000,0.000,0.000,0.000,0.000,0.000,0.000,0.000,0.000,0.000,0.000,0.000,0.000,0.000,0.000
1302,0.528,0.528,0.528,0.528,0.528,0.528,0.528,0.528,0.528,0.445,0.445,0.445,0.445,0.451,0.451,0.451,0.579,0.579,0.579,0.579,0.451,0.510,0.468,0.468,0.468,0.468,0.468,0.465,0.510,0.468,0.468,0.468,0.468,0.468,0.468,0.465,0.465,0.469,0.000,0.468,0.579,0.579,0.482,0.465,0.482,0.482,0.465,0.465,0.465,0.469,0.000,0.493,0.493,0.465,0.465,0.000,0.000,0.000,0.493,0.493,0.000,0.000,0.000,0.528,0.482,0.482,0.469,0.469,0.469,0.469,0.247,0.391,0.308,0.310,0.306,0.466,0.437,0.291,0.291,0.469,0.166,0.380,0.000,0.000,0.000,0.388,0.412,0.342,0.525,0.278,0.427,0.407,0.322,0.359,0.265,0.310,0.388,0.336,0.387,0.328,0.331,0.258,0.301,0.357,0.211,0.341,0.255,0.136,0.267,0.217,0.119,0.377,0.229,0.310,0.202,0.311,0.077,0.000,0.000,0.478,0.502,0.502,0.502,0.502,0.502,0.502,0.502,0.502,0.502,0.502,0.502,0.502,0.502,0.502,0.502,0.502,0.502,0.502,0.502,0.502,0.502,0.502,0.502,0.502,0.502,0.502,0.502,0.502,0.502,0.502,0.502,0.502,0.502,0.502,0.502,0.502,0.502,0.502,0.512,0.267,0.423,0.209,0.295,0.200,0.095,0.152,0.000,0.248,0.282,0.415,0.192,0.309,0.400,0.274
1303,0.519,0.519,0.519,0.519,0.519,0.519,0.519,0.519,0.519,0.436,0.436,0.436,0.436,0.442,0.442,0.442,0.570,0.570,0.570,0.570,0.442,0.501,0.459,0.459,0.459,0.459,0.459,0.456,0.501,0.459,0.459,0.459,0.459,0.459,0.459,0.456,0.456,0.459,0.000,0.459,0.570,0.570,0.473,0.456,0.473,0.473,0.456,0.456,0.456,0.459,0.000,0.484,0.484,0.456,0.456,0.000,0.000,0.000,0.484,0.484,0.000,0.000,0.000,0.519,0.473,0.473,0.459,0.460,0.460,0.460,0.240,0.382,0.300,0.302,0.298,0.457,0.428,0.284,0.283,0.460,0.161,0.371,0.000,0.000,0.000,0.379,0.403,0.334,0.515,0.271,0.418,0.398,0.314,0.351,0.258,0.302,0.379,0.327,0.378,0.319,0.322,0.251,0.293,0.348,0.205,0.332,0.247,0.131,0.260,0.211,0.115,0.368,0.222,0.302,0.196,0.303,0.074,0.000,0.000,0.468,0.493,0.493,0.493,0.493,0.493,0.493,0.493,0.493,0.493,0.493,0.493,0.493,0.493,0.493,0.493,0.493,0.493,0.493,0.493,0.493,0.493,0.493,0.493,0.493,0.493,0.493,0.493,0.493,0.493,0.493,0.493,0.493,0.493,0.493,0.493,0.493,0.493,0.493,0.502,0.260,0.413,0.203,0.287,0.194,0.092,0.147,0.000,0.241,0.274,0.406,0.187,0.301,0.391,0.266
1304,0.479,0.479,0.479,0.479,0.479,0.479,0.479,0.479,0.479,0.397,0.397,0.397,0.397,0.403,0.403,0.403,0.531,0.531,0.531,0.531,0.403,0.461,0.420,0.420,0.420,0.420,0.420,0.417,0.461,0.420,0.420,0.420,0.420,0.420,0.420,0.417,0.417,0.420,0.000,0.420,0.531,0.531,0.433,0.417,0.433,0.433,0.417,0.417,0.417,0.420,0.000,0.444,0.444,0.417,0.417,0.000,0.000,0.000,0.444,0.444,0.000,0.000,0.000,0.479,0.433,0.433,0.420,0.420,0.420,0.420,0.212,0.345,0.267,0.269,0.266,0.418,0.389,0.252,0.252,0.420,0.140,0.335,0.000,0.000,0.000,0.342,0.365,0.299,0.475,0.240,0.380,0.360,0.281,0.315,0.228,0.269,0.342,0.293,0.341,0.286,0.288,0.222,0.261,0.313,0.180,0.298,0.219,0.114,0.230,0.186,0.100,0.332,0.196,0.270,0.172,0.270,0.064,0.000,0.000,0.429,0.453,0.453,0.453,0.453,0.453,0.453,0.453,0.453,0.453,0.453,0.453,0.453,0.453,0.453,0.453,0.453,0.453,0.453,0.453,0.453,0.453,0.453,0.453,0.453,0.453,0.453,0.453,0.453,0.453,0.453,0.453,0.453,0.453,0.453,0.453,0.453,0.453,0.453,0.462,0.231,0.375,0.178,0.255,0.170,0.079,0.128,0.000,0.213,0.243,0.368,0.164,0.268,0.354,0.236
1306,0.487,0.487,0.487,0.487,0.487,0.487,0.487,0.487,0.487,0.350,0.350,0.350,0.350,0.411,0.411,0.411,0.195,0.195,0.195,0.195,0.411,0.449,0.408,0.408,0.408,0.408,0.408,0.401,0.449,0.408,0.408,0.408,0.408,0.408,0.408,0.401,0.401,0.418,0.000,0.408,0.195,0.195,0.232,0.401,0.232,0.232,0.401,0.401,0.401,0.418,0.000,0.453,0.453,0.401,0.401,0.000,0.000,0.000,0.453,0.453,0.000,0.000,0.000,0.487,0.232,0.232,0.418,0.410,0.410,0.410,0.204,0.334,0.241,0.256,0.253,0.405,0.377,0.242,0.242,0.410,0.133,0.000,0.386,0.377,0.341,0.000,0.000,0.000,0.000,0.228,0.364,0.000,0.000,0.286,0.205,0.243,0.312,0.265,0.310,0.258,0.261,0.201,0.237,0.286,0.162,0.270,0.196,0.109,0.220,0.177,0.095,0.302,0.187,0.243,0.153,0.259,0.060,0.000,0.000,0.413,0.342,0.342,0.342,0.342,0.342,0.342,0.342,0.342,0.342,0.342,0.342,0.342,0.342,0.342,0.342,0.342,0.342,0.342,0.342,0.342,0.342,0.342,0.342,0.342,0.342,0.342,0.342,0.342,0.342,0.342,0.342,0.342,0.342,0.342,0.342,0.342,0.342,0.342,0.471,0.221,0.317,0.144,0.210,0.137,0.062,0.102,0.000,0.173,0.199,0.311,0.131,0.221,0.298,0.193
1307,0.513,0.513,0.513,0.513,0.513,0.513,0.513,0.513,0.513,0.373,0.373,0.373,0.373,0.436,0.436,0.436,0.212,0.212,0.212,0.212,0.436,0.475,0.433,0.433,0.433,0.433,0.433,0.426,0.475,0.433,0.433,0.433,0.433,0.433,0.433,0.426,0.426,0.442,0.000,0.433,0.212,0.212,0.251,0.426,0.251,0.251,0.426,0.426,0.426,0.442,0.000,0.478,0.478,0.426,0.426,0.000,0.000,0.000,0.478,0.478,0.000,0.000,0.000,0.513,0.251,0.251,0.442,0.435,0.435,0.435,0.221,0.357,0.260,0.276,0.273,0.430,0.401,0.262,0.261,0.435,0.145,0.000,0.411,0.401,0.364,0.000,0.000,0.000,0.000,0.247,0.388,0.000,0.000,0.307,0.222,0.262,0.334,0.285,0.333,0.278,0.281,0.218,0.256,0.307,0.176,0.290,0.213,0.119,0.238,0.192,0.104,0.324,0.203,0.262,0.167,0.279,0.067,0.000,0.000,0.437,0.365,0.365,0.365,0.365,0.365,0.365,0.365,0.365,0.365,0.365,0.365,0.365,0.365,0.365,0.365,0.365,0.365,0.365,0.365,0.365,0.365,0.365,0.365,0.365,0.365,0.365,0.365,0.365,0.365,0.365,0.365,0.365,0.365,0.365,0.365,0.365,0.365,0.365,0.496,0.239,0.340,0.157,0.227,0.149,0.069,0.112,0.000,0.188,0.216,0.333,0.143,0.239,0.319,0.209
1308,0.438,0.438,0.438,0.438,0.438,0.438,0.438,0.438,0.438,0.306,0.306,0.306,0.306,0.365,0.365,0.365,0.166,0.166,0.166,0.166,0.365,0.401,0.362,0.362,0.362,0.362,0.362,0.355,0.401,0.362,0.362,0.362,0.362,0.362,0.362,0.355,0.355,0.371,0.000,0.362,0.166,0.166,0.199,0.355,0.199,0.199,0.355,0.355,0.355,0.371,0.000,0.405,0.405,0.355,0.355,0.000,0.000,0.000,0.405,0.405,0.000,0.000,0.000,0.438,0.199,0.199,0.371,0.364,0.364,0.364,0.174,0.291,0.207,0.221,0.218,0.359,0.332,0.208,0.208,0.364,0.112,0.000,0.341,0.332,0.298,0.000,0.000,0.000,0.000,0.196,0.320,0.000,0.000,0.248,0.175,0.209,0.271,0.229,0.270,0.222,0.225,0.171,0.203,0.248,0.137,0.233,0.167,0.091,0.188,0.150,0.079,0.262,0.159,0.209,0.129,0.223,0.050,0.000,0.000,0.366,0.299,0.299,0.299,0.299,0.299,0.299,0.299,0.299,0.299,0.299,0.299,0.299,0.299,0.299,0.299,0.299,0.299,0.299,0.299,0.299,0.299,0.299,0.299,0.299,0.299,0.299,0.299,0.299,0.299,0.299,0.299,0.299,0.299,0.299,0.299,0.299,0.299,0.299,0.422,0.189,0.276,0.121,0.179,0.115,0.052,0.086,0.000,0.147,0.170,0.270,0.111,0.189,0.258,0.164
1309,0.624,0.624,0.624,0.624,0.624,0.624,0.624,0.624,0.624,0.484,0.484,0.484,0.484,0.549,0.549,0.549,0.297,0.297,0.297,0.297,0.549,0.587,0.546,0.546,0.546,0.546,0.546,0.539,0.587,0.546,0.546,0.546,0.546,0.546,0.546,0.539,0.539,0.555,0.000,0.546,0.297,0.297,0.345,0.539,0.345,0.345,0.539,0.539,0.539,0.555,0.000,0.590,0.590,0.539,0.539,0.000,0.000,0.000,0.590,0.590,0.000,0.000,0.000,0.624,0.345,0.345,0.555,0.548,0.548,0.548,0.308,0.466,0.356,0.375,0.371,0.543,0.513,0.358,0.357,0.548,0.211,0.000,0.523,0.514,0.474,0.000,0.000,0.000,0.000,0.340,0.500,0.000,0.000,0.411,0.310,0.359,0.441,0.386,0.440,0.378,0.381,0.305,0.351,0.411,0.252,0.392,0.298,0.175,0.330,0.273,0.154,0.430,0.286,0.359,0.240,0.379,0.101,0.000,0.000,0.551,0.475,0.475,0.475,0.475,0.475,0.475,0.475,0.475,0.475,0.475,0.475,0.475,0.475,0.475,0.475,0.475,0.475,0.475,0.475,0.475,0.475,0.475,0.475,0.475,0.475,0.475,0.475,0.475,0.475,0.475,0.475,0.475,0.475,0.475,0.475,0.475,0.475,0.475,0.608,0.330,0.447,0.226,0.316,0.216,0.104,0.166,0.000,0.267,0.302,0.440,0.209,0.331,0.425,0.294
1310,0.405,0.405,0.405,0.405,0.405,0.405,0.405,0.405,0.405,0.192,0.192,0.192,0.192,0.154,0.154,0.154,0.246,0.246,0.246,0.246,0.154,0.265,0.291,0.291,0.291,0.291,0.291,0.267,0.265,0.291,0.291,0.291,0.291,0.291,0.291,0.267,0.267,0.259,0.000,0.291,0.246,0.246,0.207,0.267,0.207,0.207,0.267,0.256,0.256,0.259,0.000,0.372,0.372,0.256,0.256,0.000,0.000,0.000,0.372,0.372,0.000,0.000,0.000,0.405,0.207,0.207,0.259,0.259,0.259,0.259,0.125,0.218,0.169,0.000,0.000,0.275,0.252,0.151,0.151,0.259,0.000,0.208,0.283,0.276,0.245,0.214,0.231,0.182,0.321,0.000,0.000,0.227,0.170,0.205,0.142,0.171,0.225,0.188,0.224,0.182,0.185,0.122,0.143,0.177,0.094,0.183,0.129,0.067,0.143,0.113,0.058,0.208,0.119,0.171,0.099,0.171,0.037,0.000,0.000,0.000,0.273,0.273,0.273,0.273,0.273,0.273,0.273,0.273,0.273,0.273,0.273,0.273,0.273,0.273,0.273,0.273,0.273,0.273,0.273,0.273,0.273,0.273,0.273,0.273,0.273,0.273,0.273,0.273,0.273,0.273,0.273,0.273,0.273,0.273,0.273,0.273,0.273,0.273,0.388,0.143,0.164,0.066,0.101,0.063,0.027,0.046,0.000,0.081,0.095,0.160,0.060,0.107,0.152,0.092
1311,0.569,0.569,0.569,0.569,0.569,0.569,0.569,0.569,0.569,0.315,0.315,0.315,0.315,0.261,0.261,0.261,0.386,0.386,0.386,0.386,0.261,0.411,0.443,0.443,0.443,0.443,0.443,0.414,0.411,0.443,0.443,0.443,0.443,0.443,0.443,0.414,0.414,0.404,0.000,0.443,0.386,0.386,0.336,0.414,0.336,0.336,0.414,0.399,0.399,0.404,0.000,0.534,0.534,0.399,0.399,0.000,0.000,0.000,0.534,0.534,0.000,0.000,0.000,0.569,0.336,0.336,0.404,0.404,0.404,0.404,0.216,0.351,0.283,0.000,0.000,0.423,0.395,0.257,0.256,0.404,0.000,0.337,0.434,0.424,0.386,0.345,0.368,0.302,0.478,0.000,0.000,0.363,0.283,0.332,0.242,0.285,0.360,0.309,0.358,0.302,0.305,0.211,0.244,0.295,0.168,0.303,0.223,0.122,0.244,0.197,0.107,0.337,0.208,0.285,0.175,0.286,0.068,0.000,0.000,0.000,0.421,0.421,0.421,0.421,0.421,0.421,0.421,0.421,0.421,0.421,0.421,0.421,0.421,0.421,0.421,0.421,0.421,0.421,0.421,0.421,0.421,0.421,0.421,0.421,0.421,0.421,0.421,0.421,0.421,0.421,0.421,0.421,0.421,0.421,0.421,0.421,0.421,0.421,0.551,0.244,0.275,0.120,0.178,0.114,0.052,0.085,0.230,0.146,0.169,0.269,0.110,0.188,0.257,0.163
1312,0.507,0.507,0.507,0.507,0.507,0.507,0.507,0.507,0.507,0.368,0.368,0.368,0.368,0.431,0.431,0.431,0.208,0.208,0.208,0.208,0.431,0.469,0.428,0.428,0.428,0.428,0.428,0.421,0.469,0.428,0.428,0.428,0.428,0.428,0.428,0.421,0.421,0.437,0.000,0.428,0.208,0.208,0.247,0.421,0.247,0.247,0.421,0.421,0.421,0.437,0.000,0.473,0.473,0.421,0.421,0.000,0.000,0.000,0.473,0.473,0.000,0.000,0.000,0.507,0.247,0.247,0.437,0.430,0.430,0.430,0.217,0.352,0.256,0.272,0.268,0.425,0.396,0.258,0.257,0.430,0.142,0.000,0.406,0.396,0.359,0.000,0.000,0.000,0.000,0.243,0.383,0.000,0.000,0.303,0.218,0.258,0.329,0.281,0.328,0.274,0.277,0.214,0.252,0.303,0.173,0.286,0.209,0.117,0.234,0.189,0.102,0.319,0.199,0.258,0.164,0.275,0.065,0.000,0.000,0.432,0.360,0.360,0.360,0.360,0.360,0.360,0.360,0.360,0.360,0.360,0.360,0.360,0.360,0.360,0.360,0.360,0.360,0.360,0.360,0.360,0.360,0.360,0.360,0.360,0.360,0.360,0.360,0.360,0.360,0.360,0.360,0.360,0.360,0.360,0.360,0.360,0.360,0.360,0.491,0.235,0.335,0.154,0.223,0.147,0.067,0.110,0.000,0.185,0.212,0.328,0.141,0.235,0.315,0.206
1313,0.417,0.417,0.417,0.417,0.417,0.417,0.417,0.417,0.417,0.288,0.288,0.288,0.288,0.344,0.344,0.344,0.154,0.154,0.154,0.154,0.344,0.380,0.341,0.341,0.341,0.341,0.341,0.335,0.380,0.341,0.341,0.341,0.341,0.341,0.341,0.335,0.335,0.350,0.000,0.341,0.154,0.154,0.185,0.335,0.185,0.185,0.335,0.335,0.335,0.350,0.000,0.383,0.383,0.335,0.335,0.000,0.000,0.000,0.383,0.383,0.000,0.000,0.000,0.417,0.185,0.185,0.350,0.343,0.343,0.343,0.161,0.273,0.193,0.206,0.203,0.338,0.313,0.194,0.193,0.343,0.103,0.000,0.321,0.313,0.280,0.000,0.000,0.000,0.000,0.182,0.301,0.000,0.000,0.232,0.162,0.194,0.254,0.213,0.253,0.207,0.210,0.159,0.189,0.231,0.127,0.217,0.155,0.084,0.175,0.139,0.073,0.245,0.147,0.195,0.120,0.208,0.046,0.000,0.000,0.345,0.281,0.281,0.281,0.281,0.281,0.281,0.281,0.281,0.281,0.281,0.281,0.281,0.281,0.281,0.281,0.281,0.281,0.281,0.281,0.281,0.281,0.281,0.281,0.281,0.281,0.281,0.281,0.281,0.281,0.281,0.281,0.281,0.281,0.281,0.281,0.281,0.281,0.281,0.401,0.175,0.259,0.112,0.166,0.106,0.048,0.079,0.000,0.136,0.157,0.253,0.102,0.176,0.242,0.152
1501,0.423,0.423,0.423,0.423,0.423,0.423,0.423,0.423,0.423,0.372,0.372,0.372,0.372,0.372,0.372,0.372,0.278,0.278,0.278,0.278,0.372,0.458,0.422,0.422,0.422,0.422,0.422,0.420,0.458,0.422,0.422,0.422,0.422,0.422,0.422,0.420,0.420,0.418,0.000,0.422,0.278,0.278,0.303,0.420,0.303,0.303,0.420,0.416,0.416,0.418,0.000,0.390,0.390,0.416,0.416,0.000,0.000,0.000,0.390,0.390,0.000,0.407,0.407,0.423,0.303,0.303,0.418,0.413,0.413,0.413,0.204,0.334,0.000,0.264,0.260,0.405,0.377,0.243,0.242,0.413,0.137,0.331,0.410,0.401,0.363,0.338,0.361,0.296,0.471,0.235,0.373,0.357,0.277,0.000,0.000,0.000,0.000,0.000,0.000,0.000,0.000,0.250,0.294,0.350,0.206,0.333,0.248,0.135,0.266,0.216,0.118,0.369,0.228,0.000,0.196,0.310,0.076,0.000,0.000,0.422,0.409,0.409,0.409,0.409,0.409,0.409,0.409,0.409,0.409,0.409,0.409,0.409,0.409,0.409,0.409,0.409,0.409,0.409,0.409,0.409,0.409,0.409,0.409,0.409,0.409,0.409,0.409,0.409,0.409,0.409,0.409,0.409,0.409,0.409,0.409,0.409,0.409,0.409,0.407,0.266,0.401,0.195,0.277,0.186,0.088,0.141,0.345,0.232,0.264,0.394,0.179,0.290,0.379,0.257
1502,0.321,0.321,0.321,0.321,0.321,0.321,0.321,0.321,0.321,0.276,0.276,0.276,0.276,0.276,0.276,0.276,0.199,0.199,0.199,0.199,0.276,0.352,0.319,0.319,0.319,0.319,0.319,0.318,0.352,0.319,0.319,0.319,0.319,0.319,0.319,0.318,0.318,0.315,0.000,0.319,0.199,0.199,0.218,0.318,0.218,0.218,0.318,0.314,0.314,0.315,0.000,0.291,0.291,0.314,0.314,0.000,0.000,0.000,0.291,0.291,0.000,0.306,0.306,0.321,0.218,0.218,0.315,0.311,0.311,0.311,0.141,0.244,0.000,0.187,0.184,0.304,0.280,0.171,0.170,0.311,0.093,0.241,0.309,0.301,0.268,0.247,0.267,0.213,0.364,0.165,0.277,0.263,0.198,0.000,0.000,0.000,0.000,0.000,0.000,0.000,0.000,0.176,0.211,0.257,0.143,0.243,0.175,0.091,0.189,0.151,0.079,0.273,0.159,0.000,0.136,0.224,0.050,0.000,0.000,0.319,0.308,0.308,0.308,0.308,0.308,0.308,0.308,0.308,0.308,0.308,0.308,0.308,0.308,0.308,0.308,0.308,0.308,0.308,0.308,0.308,0.308,0.308,0.308,0.308,0.308,0.308,0.308,0.308,0.308,0.308,0.308,0.308,0.308,0.308,0.308,0.308,0.308,0.308,0.306,0.189,0.301,0.135,0.197,0.128,0.058,0.095,0.000,0.162,0.187,0.295,0.123,0.208,0.282,0.182
1503,0.370,0.370,0.370,0.370,0.370,0.370,0.370,0.370,0.370,0.322,0.322,0.322,0.322,0.322,0.322,0.322,0.236,0.236,0.236,0.236,0.322,0.403,0.369,0.369,0.369,0.369,0.369,0.367,0.403,0.369,0.369,0.369,0.369,0.369,0.369,0.367,0.367,0.365,0.000,0.369,0.236,0.236,0.258,0.367,0.258,0.258,0.367,0.363,0.363,0.365,0.000,0.338,0.338,0.363,0.363,0.000,0.000,0.000,0.338,0.338,0.000,0.355,0.355,0.370,0.258,0.258,0.365,0.360,0.360,0.360,0.170,0.286,0.000,0.223,0.220,0.353,0.327,0.204,0.204,0.360,0.113,0.284,0.357,0.349,0.313,0.290,0.312,0.252,0.416,0.198,0.323,0.307,0.235,0.000,0.000,0.000,0.000,0.000,0.000,0.000,0.000,0.210,0.250,0.301,0.172,0.286,0.209,0.111,0.225,0.181,0.097,0.319,0.191,0.000,0.164,0.264,0.062,0.000,0.000,0.369,0.356,0.356,0.356,0.356,0.356,0.356,0.356,0.356,0.356,0.356,0.356,0.356,0.356,0.356,0.356,0.356,0.356,0.356,0.356,0.356,0.356,0.356,0.356,0.356,0.356,0.356,0.356,0.356,0.356,0.356,0.356,0.356,0.356,0.356,0.356,0.356,0.356,0.356,0.355,0.225,0.349,0.162,0.235,0.155,0.071,0.116,0.000,0.194,0.223,0.342,0.149,0.247,0.329,0.217
1504,0.454,0.454,0.454,0.454,0.454,0.454,0.454,0.454,0.454,0.401,0.401,0.401,0.401,0.401,0.401,0.401,0.304,0.304,0.304,0.304,0.401,0.488,0.452,0.452,0.452,0.452,0.452,0.450,0.488,0.452,0.452,0.452,0.452,0.452,0.452,0.450,0.450,0.448,0.000,0.452,0.304,0.304,0.329,0.450,0.329,0.329,0.450,0.446,0.446,0.448,0.000,0.419,0.419,0.446,0.446,0.000,0.000,0.000,0.419,0.419,0.000,0.437,0.437,0.454,0.329,0.329,0.448,0.443,0.443,0.443,0.224,0.362,0.000,0.288,0.284,0.435,0.406,0.266,0.265,0.443,0.152,0.359,0.440,0.430,0.392,0.366,0.390,0.322,0.502,0.258,0.402,0.385,0.303,0.000,0.000,0.000,0.000,0.000,0.000,0.000,0.000,0.273,0.320,0.378,0.227,0.361,0.271,0.150,0.291,0.238,0.132,0.398,0.250,0.000,0.216,0.336,0.085,0.000,0.000,0.452,0.439,0.439,0.439,0.439,0.439,0.439,0.439,0.439,0.439,0.439,0.439,0.439,0.439,0.439,0.439,0.439,0.439,0.439,0.439,0.439,0.439,0.439,0.439,0.439,0.439,0.439,0.439,0.439,0.439,0.439,0.439,0.439,0.439,0.439,0.439,0.439,0.439,0.439,0.437,0.291,0.431,0.215,0.302,0.205,0.098,0.156,0.000,0.254,0.288,0.423,0.198,0.316,0.409,0.281
1505,0.398,0.398,0.398,0.398,0.398,0.398,0.398,0.398,0.398,0.348,0.348,0.348,0.348,0.348,0.348,0.348,0.258,0.258,0.258,0.258,0.348,0.432,0.397,0.397,0.397,0.397,0.397,0.395,0.432,0.397,0.397,0.397,0.397,0.397,0.397,0.395,0.395,0.392,0.000,0.397,0.258,0.258,0.281,0.395,0.281,0.281,0.395,0.391,0.391,0.392,0.000,0.365,0.365,0.391,0.391,0.000,0.000,0.000,0.365,0.365,0.000,0.382,0.382,0.398,0.281,0.281,0.392,0.388,0.388,0.388,0.187,0.311,0.000,0.244,0.241,0.380,0.353,0.224,0.223,0.388,0.125,0.308,0.385,0.376,0.339,0.315,0.337,0.274,0.445,0.217,0.349,0.333,0.257,0.000,0.000,0.000,0.000,0.000,0.000,0.000,0.000,0.231,0.273,0.326,0.189,0.310,0.229,0.123,0.246,0.199,0.108,0.345,0.210,0.000,0.180,0.288,0.069,0.000,0.000,0.397,0.384,0.384,0.384,0.384,0.384,0.384,0.384,0.384,0.384,0.384,0.384,0.384,0.384,0.384,0.384,0.384,0.384,0.384,0.384,0.384,0.384,0.384,0.384,0.384,0.384,0.384,0.384,0.384,0.384,0.384,0.384,0.384,0.384,0.384,0.384,0.384,0.384,0.384,0.382,0.246,0.376,0.179,0.256,0.171,0.080,0.129,0.000,0.213,0.244,0.369,0.164,0.269,0.355,0.237
1506,0.452,0.452,0.452,0.452,0.452,0.452,0.452,0.452,0.452,0.399,0.399,0.399,0.399,0.399,0.399,0.399,0.302,0.302,0.302,0.302,0.399,0.486,0.450,0.450,0.450,0.450,0.450,0.448,0.486,0.450,0.450,0.450,0.450,0.450,0.450,0.448,0.448,0.446,0.000,0.450,0.302,0.302,0.328,0.448,0.328,0.328,0.448,0.444,0.444,0.446,0.000,0.418,0.418,0.444,0.444,0.000,0.000,0.000,0.418,0.418,0.000,0.436,0.436,0.452,0.328,0.328,0.446,0.441,0.441,0.441,0.223,0.360,0.000,0.287,0.283,0.433,0.405,0.265,0.264,0.441,0.151,0.357,0.438,0.429,0.390,0.365,0.388,0.320,0.500,0.257,0.401,0.383,0.301,0.000,0.000,0.000,0.000,0.000,0.000,0.000,0.000,0.272,0.319,0.376,0.226,0.359,0.270,0.149,0.289,0.237,0.131,0.396,0.248,0.000,0.215,0.335,0.085,0.000,0.000,0.450,0.437,0.437,0.437,0.437,0.437,0.437,0.437,0.437,0.437,0.437,0.437,0.437,0.437,0.437,0.437,0.437,0.437,0.437,0.437,0.437,0.437,0.437,0.437,0.437,0.437,0.437,0.437,0.437,0.437,0.437,0.437,0.437,0.437,0.437,0.437,0.437,0.437,0.437,0.436,0.290,0.429,0.214,0.300,0.204,0.097,0.156,0.000,0.253,0.287,0.422,0.197,0.315,0.407,0.279
1507,0.389,0.389,0.389,0.389,0.389,0.389,0.389,0.389,0.389,0.339,0.339,0.339,0.339,0.339,0.339,0.339,0.251,0.251,0.251,0.251,0.339,0.423,0.388,0.388,0.388,0.388,0.388,0.386,0.423,0.388,0.388,0.388,0.388,0.388,0.388,0.386,0.386,0.384,0.000,0.388,0.251,0.251,0.274,0.386,0.274,0.274,0.386,0.382,0.382,0.384,0.000,0.357,0.357,0.382,0.382,0.000,0.000,0.000,0.357,0.357,0.000,0.374,0.374,0.389,0.274,0.274,0.384,0.379,0.379,0.379,0.182,0.303,0.000,0.237,0.234,0.372,0.345,0.218,0.217,0.379,0.121,0.300,0.376,0.367,0.331,0.307,0.329,0.267,0.436,0.211,0.341,0.325,0.250,0.000,0.000,0.000,0.000,0.000,0.000,0.000,0.000,0.224,0.266,0.318,0.184,0.302,0.222,0.119,0.239,0.193,0.104,0.337,0.204,0.000,0.175,0.280,0.067,0.000,0.000,0.388,0.375,0.375,0.375,0.375,0.375,0.375,0.375,0.375,0.375,0.375,0.375,0.375,0.375,0.375,0.375,0.375,0.375,0.375,0.375,0.375,0.375,0.375,0.375,0.375,0.375,0.375,0.375,0.375,0.375,0.375,0.375,0.375,0.375,0.375,0.375,0.375,0.375,0.375,0.374,0.240,0.368,0.174,0.249,0.165,0.077,0.125,0.000,0.207,0.237,0.361,0.159,0.262,0.347,0.231
1508,0.393,0.393,0.393,0.393,0.393,0.393,0.393,0.393,0.393,0.343,0.343,0.343,0.343,0.343,0.343,0.343,0.253,0.253,0.253,0.253,0.343,0.426,0.391,0.391,0.391,0.391,0.391,0.389,0.426,0.391,0.391,0.391,0.391,0.391,0.391,0.389,0.389,0.387,0.000,0.391,0.253,0.253,0.277,0.389,0.277,0.277,0.389,0.385,0.385,0.387,0.000,0.360,0.360,0.385,0.385,0.000,0.000,0.000,0.360,0.360,0.000,0.377,0.377,0.393,0.277,0.277,0.387,0.382,0.382,0.382,0.184,0.306,0.000,0.240,0.236,0.375,0.348,0.220,0.219,0.382,0.123,0.303,0.379,0.370,0.334,0.310,0.332,0.270,0.440,0.213,0.344,0.328,0.253,0.000,0.000,0.000,0.000,0.000,0.000,0.000,0.000,0.227,0.268,0.321,0.186,0.305,0.225,0.121,0.242,0.196,0.106,0.340,0.206,0.000,0.177,0.283,0.068,0.000,0.000,0.391,0.378,0.378,0.378,0.378,0.378,0.378,0.378,0.378,0.378,0.378,0.378,0.378,0.378,0.378,0.378,0.378,0.378,0.378,0.378,0.378,0.378,0.378,0.378,0.378,0.378,0.378,0.378,0.378,0.378,0.378,0.378,0.378,0.378,0.378,0.378,0.378,0.378,0.378,0.377,0.242,0.371,0.176,0.252,0.167,0.078,0.126,0.000,0.210,0.240,0.364,0.161,0.265,0.350,0.233
1510,0.259,0.259,0.259,0.259,0.259,0.259,0.259,0.259,0.259,0.252,0.252,0.252,0.252,0.252,0.252,0.252,0.328,0.328,0.328,0.328,0.252,0.278,0.280,0.280,0.280,0.280,0.280,0.280,0.278,0.280,0.280,0.280,0.280,0.280,0.280,0.280,0.280,0.280,0.000,0.280,0.328,0.328,0.235,0.280,0.235,0.235,0.280,0.337,0.337,0.280,0.000,0.252,0.252,0.337,0.337,0.000,0.000,0.000,0.252,0.252,0.000,0.252,0.252,0.259,0.235,0.235,0.280,0.280,0.280,0.280,0.124,0.217,0.165,0.146,0.144,0.274,0.251,0.151,0.150,0.280,0.070,0.184,0.243,0.236,0.208,0.189,0.205,0.161,0.289,0.128,0.221,0.202,0.149,0.199,0.138,0.166,0.219,0.183,0.218,0.178,0.180,0.000,0.225,0.273,0.153,0.260,0.189,0.103,0.211,0.169,0.090,0.292,0.178,0.166,0.147,0.248,0.057,0.000,0.000,0.258,0.323,0.323,0.323,0.323,0.323,0.323,0.323,0.323,0.323,0.323,0.323,0.323,0.323,0.323,0.323,0.323,0.323,0.323,0.323,0.323,0.323,0.323,0.323,0.323,0.323,0.323,0.323,0.323,0.323,0.323,0.323,0.323,0.323,0.323,0.323,0.323,0.323,0.323,0.252,0.211,0.264,0.114,0.170,0.109,0.049,0.081,0.000,0.139,0.161,0.258,0.104,0.179,0.246,0.156
1511,0.371,0.371,0.371,0.371,0.371,0.371,0.371,0.371,0.371,0.371,0.371,0.371,0.371,0.371,0.371,0.371,0.422,0.422,0.422,0.422,0.371,0.427,0.429,0.429,0.429,0.429,0.429,0.429,0.427,0.429,0.429,0.429,0.429,0.429,0.429,0.429,0.429,0.429,0.000,0.429,0.422,0.422,0.371,0.429,0.371,0.371,0.429,0.393,0.393,0.429,0.000,0.371,0.371,0.393,0.393,0.000,0.000,0.000,0.371,0.371,0.000,0.371,0.371,0.371,0.371,0.371,0.429,0.429,0.429,0.429,0.122,0.213,0.228,0.181,0.178,0.269,0.247,0.148,0.147,0.429,0.089,0.285,0.366,0.357,0.321,0.291,0.313,0.252,0.417,0.159,0.268,0.308,0.236,0.271,0.193,0.230,0.296,0.251,0.295,0.244,0.247,0.215,0.000,0.000,0.000,0.383,0.291,0.158,0.303,0.249,0.139,0.421,0.261,0.230,0.233,0.350,0.090,0.000,0.000,0.310,0.378,0.378,0.378,0.378,0.378,0.378,0.378,0.378,0.378,0.378,0.378,0.378,0.378,0.378,0.378,0.378,0.378,0.378,0.378,0.378,0.378,0.378,0.378,0.378,0.378,0.378,0.378,0.378,0.378,0.378,0.378,0.378,0.378,0.378,0.378,0.378,0.378,0.378,0.371,0.303,0.368,0.174,0.250,0.166,0.077,0.125,0.000,0.208,0.238,0.361,0.159,0.262,0.347,0.231
1512,0.432,0.432,0.432,0.432,0.432,0.432,0.432,0.432,0.432,0.432,0.432,0.432,0.432,0.432,0.432,0.432,0.485,0.485,0.485,0.485,0.432,0.490,0.492,0.492,0.492,0.492,0.492,0.492,0.490,0.492,0.492,0.492,0.492,0.492,0.492,0.492,0.492,0.492,0.000,0.492,0.485,0.485,0.432,0.492,0.432,0.432,0.492,0.455,0.455,0.492,0.000,0.433,0.433,0.455,0.455,0.000,0.000,0.000,0.433,0.433,0.000,0.432,0.432,0.432,0.432,0.432,0.492,0.492,0.492,0.492,0.152,0.259,0.276,0.222,0.219,0.322,0.297,0.183,0.182,0.492,0.112,0.339,0.427,0.417,0.379,0.346,0.370,0.303,0.480,0.197,0.321,0.365,0.285,0.324,0.236,0.278,0.352,0.302,0.350,0.294,0.297,0.261,0.000,0.000,0.000,0.445,0.346,0.195,0.359,0.299,0.172,0.484,0.313,0.278,0.281,0.410,0.113,0.000,0.000,0.367,0.439,0.439,0.439,0.439,0.439,0.439,0.439,0.439,0.439,0.439,0.439,0.439,0.439,0.439,0.439,0.439,0.439,0.439,0.439,0.439,0.439,0.439,0.439,0.439,0.439,0.439,0.439,0.439,0.439,0.439,0.439,0.439,0.439,0.439,0.439,0.439,0.439,0.439,0.432,0.360,0.429,0.213,0.300,0.204,0.097,0.156,0.000,0.253,0.287,0.422,0.197,0.314,0.407,0.279
1513,0.269,0.269,0.269,0.269,0.269,0.269,0.269,0.269,0.269,0.269,0.269,0.269,0.269,0.269,0.269,0.269,0.312,0.312,0.312,0.312,0.269,0.317,0.319,0.319,0.319,0.319,0.319,0.319,0.317,0.319,0.319,0.319,0.319,0.319,0.319,0.319,0.319,0.319,0.000,0.319,0.312,0.312,0.269,0.319,0.269,0.269,0.319,0.287,0.287,0.319,0.000,0.269,0.269,0.287,0.287,0.000,0.000,0.000,0.269,0.269,0.000,0.269,0.269,0.269,0.269,0.269,0.319,0.319,0.319,0.319,0.080,0.145,0.155,0.121,0.119,0.187,0.170,0.098,0.097,0.319,0.058,0.199,0.264,0.257,0.228,0.204,0.221,0.174,0.309,0.106,0.186,0.217,0.161,0.188,0.130,0.157,0.208,0.173,0.207,0.168,0.170,0.146,0.000,0.000,0.000,0.279,0.203,0.105,0.213,0.171,0.091,0.312,0.180,0.157,0.159,0.251,0.058,0.000,0.000,0.219,0.275,0.275,0.275,0.275,0.275,0.275,0.275,0.275,0.275,0.275,0.275,0.275,0.275,0.275,0.275,0.275,0.275,0.275,0.275,0.275,0.275,0.275,0.275,0.275,0.275,0.275,0.275,0.275,0.275,0.275,0.275,0.275,0.275,0.275,0.275,0.275,0.275,0.275,0.269,0.213,0.266,0.116,0.172,0.110,0.050,0.082,0.000,0.140,0.163,0.261,0.106,0.181,0.249,0.158
1514,0.480,0.480,0.480,0.480,0.480,0.480,0.480,0.480,0.480,0.480,0.480,0.480,0.480,0.480,0.480,0.480,0.243,0.243,0.243,0.243,0.480,0.615,0.617,0.617,0.617,0.617,0.617,0.617,0.615,0.617,0.617,0.617,0.617,0.617,0.617,0.617,0.617,0.617,0.000,0.617,0.243,0.243,0.348,0.617,0.348,0.348,0.617,0.480,0.480,0.617,0.000,0.480,0.480,0.480,0.480,0.000,0.000,0.000,0.480,0.480,0.000,0.480,0.480,0.480,0.348,0.348,0.617,0.597,0.597,0.597,0.150,0.256,0.282,0.227,0.224,0.319,0.294,0.181,0.180,0.597,0.115,0.325,0.408,0.399,0.361,0.332,0.355,0.290,0.464,0.201,0.328,0.350,0.272,0.332,0.242,0.284,0.359,0.309,0.358,0.301,0.304,0.268,0.382,0.443,0.278,0.000,0.000,0.221,0.397,0.334,0.196,0.000,0.348,0.285,0.000,0.449,0.130,0.000,0.000,0.374,0.480,0.480,0.480,0.480,0.480,0.480,0.480,0.480,0.480,0.480,0.480,0.480,0.480,0.480,0.480,0.480,0.480,0.480,0.480,0.480,0.480,0.480,0.480,0.480,0.480,0.480,0.480,0.480,0.480,0.480,0.480,0.480,0.480,0.480,0.480,0.480,0.480,0.480,0.480,0.397,0.486,0.255,0.351,0.244,0.120,0.188,0.000,0.299,0.336,0.479,0.236,0.366,0.464,0.328
1515,0.378,0.378,0.378,0.378,0.378,0.378,0.378,0.378,0.378,0.378,0.378,0.378,0.378,0.378,0.378,0.378,0.175,0.175,0.175,0.175,0.378,0.513,0.515,0.515,0.515,0.515,0.515,0.515,0.513,0.515,0.515,0.515,0.515,0.515,0.515,0.515,0.515,0.515,0.000,0.515,0.175,0.175,0.260,0.515,0.260,0.260,0.515,0.378,0.378,0.515,0.000,0.378,0.378,0.378,0.378,0.000,0.000,0.000,0.378,0.378,0.000,0.378,0.378,0.378,0.260,0.260,0.515,0.494,0.494,0.494,0.104,0.185,0.206,0.162,0.160,0.236,0.216,0.127,0.127,0.494,0.079,0.241,0.313,0.305,0.272,0.247,0.267,0.212,0.364,0.143,0.244,0.262,0.198,0.247,0.174,0.208,0.270,0.228,0.269,0.221,0.224,0.195,0.290,0.345,0.203,0.000,0.000,0.158,0.303,0.249,0.138,0.000,0.261,0.208,0.000,0.350,0.090,0.000,0.000,0.283,0.378,0.378,0.378,0.378,0.378,0.378,0.378,0.378,0.378,0.378,0.378,0.378,0.378,0.378,0.378,0.378,0.378,0.378,0.378,0.378,0.378,0.378,0.378,0.378,0.378,0.378,0.378,0.378,0.378,0.378,0.378,0.378,0.378,0.378,0.378,0.378,0.378,0.378,0.378,0.303,0.385,0.184,0.263,0.176,0.082,0.133,0.000,0.220,0.251,0.378,0.169,0.276,0.363,0.244
1516,0.147,0.147,0.147,0.147,0.147,0.147,0.147,0.147,0.147,0.147,0.147,0.147,0.147,0.147,0.147,0.147,0.235,0.235,0.235,0.235,0.147,0.067,0.066,0.066,0.066,0.066,0.066,0.066,0.067,0.066,0.066,0.066,0.066,0.066,0.066,0.066,0.066,0.066,0.000,0.066,0.235,0.235,0.155,0.066,0.155,0.155,0.066,0.147,0.147,0.066,0.000,0.147,0.147,0.147,0.147,0.000,0.000,0.000,0.147,0.147,0.000,0.146,0.146,0.147,0.155,0.155,0.066,0.066,0.066,0.066,0.047,0.088,0.106,0.111,0.109,0.116,0.105,0.058,0.058,0.066,0.052,0.135,0.185,0.179,0.157,0.139,0.152,0.117,0.220,0.097,0.172,0.149,0.108,0.130,0.088,0.107,0.145,0.119,0.144,0.115,0.117,0.097,0.165,0.203,0.110,0.224,0.160,0.000,0.000,0.000,0.000,0.253,0.000,0.107,0.124,0.000,0.000,0.000,0.000,0.203,0.146,0.146,0.146,0.146,0.146,0.146,0.146,0.146,0.146,0.146,0.146,0.146,0.146,0.146,0.146,0.146,0.146,0.146,0.146,0.146,0.146,0.146,0.146,0.146,0.146,0.146,0.146,0.146,0.146,0.146,0.146,0.146,0.146,0.146,0.146,0.146,0.146,0.146,0.146,0.000,0.195,0.080,0.121,0.076,0.034,0.056,0.000,0.098,0.115,0.190,0.073,0.129,0.181,0.111
1517,0.286,0.286,0.286,0.286,0.286,0.286,0.286,0.286,0.286,0.286,0.286,0.286,0.286,0.286,0.286,0.286,0.415,0.415,0.415,0.415,0.286,0.142,0.141,0.141,0.141,0.141,0.141,0.141,0.142,0.141,0.141,0.141,0.141,0.141,0.141,0.141,0.141,0.141,0.000,0.141,0.415,0.415,0.299,0.141,0.299,0.299,0.141,0.286,0.286,0.141,0.000,0.286,0.286,0.286,0.286,0.000,0.000,0.000,0.286,0.286,0.000,0.285,0.285,0.286,0.299,0.299,0.141,0.141,0.141,0.141,0.103,0.183,0.216,0.224,0.221,0.233,0.213,0.125,0.125,0.141,0.114,0.266,0.344,0.336,0.301,0.273,0.293,0.235,0.395,0.199,0.325,0.289,0.220,0.258,0.183,0.218,0.282,0.238,0.281,0.232,0.234,0.200,0.315,0.372,0.223,0.401,0.307,0.000,0.000,0.000,0.000,0.440,0.000,0.218,0.247,0.000,0.000,0.000,0.000,0.371,0.285,0.285,0.285,0.285,0.285,0.285,0.285,0.285,0.285,0.285,0.285,0.285,0.285,0.285,0.285,0.285,0.285,0.285,0.285,0.285,0.285,0.285,0.285,0.285,0.285,0.285,0.285,0.285,0.285,0.285,0.285,0.285,0.285,0.285,0.285,0.285,0.285,0.285,0.285,0.000,0.360,0.169,0.243,0.161,0.075,0.121,0.000,0.202,0.231,0.353,0.155,0.255,0.339,0.224
1518,0.234,0.234,0.234,0.234,0.234,0.234,0.234,0.234,0.234,0.234,0.234,0.234,0.234,0.233,0.233,0.233,0.351,0.351,0.351,0.351,0.233,0.112,0.112,0.112,0.112,0.112,0.112,0.112,0.112,0.112,0.112,0.112,0.112,0.112,0.112,0.112,0.112,0.112,0.000,0.112,0.351,0.351,0.245,0.112,0.245,0.245,0.112,0.233,0.233,0.112,0.000,0.234,0.234,0.233,0.233,0.000,0.000,0.000,0.234,0.234,0.000,0.233,0.233,0.234,0.245,0.245,0.112,0.112,0.112,0.112,0.080,0.146,0.173,0.181,0.178,0.188,0.171,0.098,0.098,0.112,0.089,0.217,0.286,0.278,0.247,0.222,0.240,0.190,0.332,0.159,0.268,0.236,0.177,0.209,0.145,0.175,0.230,0.193,0.229,0.187,0.189,0.160,0.259,0.311,0.179,0.338,0.252,0.000,0.000,0.000,0.000,0.374,0.000,0.175,0.200,0.000,0.000,0.000,0.000,0.310,0.233,0.233,0.233,0.233,0.233,0.233,0.233,0.233,0.233,0.233,0.233,0.233,0.233,0.233,0.233,0.233,0.233,0.233,0.233,0.233,0.233,0.233,0.233,0.233,0.233,0.233,0.233,0.233,0.233,0.233,0.233,0.233,0.233,0.233,0.233,0.233,0.233,0.233,0.233,0.000,0.300,0.134,0.196,0.127,0.058,0.095,0.000,0.161,0.186,0.293,0.122,0.207,0.281,0.181
1519,0.129,0.129,0.129,0.129,0.129,0.129,0.129,0.129,0.129,0.129,0.129,0.129,0.129,0.129,0.129,0.129,0.208,0.208,0.208,0.208,0.129,0.058,0.058,0.058,0.058,0.058,0.058,0.058,0.058,0.058,0.058,0.058,0.058,0.058,0.058,0.058,0.058,0.058,0.000,0.058,0.208,0.208,0.136,0.058,0.136,0.136,0.058,0.129,0.129,0.058,0.000,0.129,0.129,0.129,0.129,0.000,0.000,0.000,0.129,0.129,0.000,0.128,0.128,0.129,0.136,0.136,0.058,0.058,0.058,0.058,0.041,0.077,0.093,0.097,0.095,0.101,0.091,0.050,0.050,0.058,0.045,0.118,0.163,0.158,0.138,0.122,0.133,0.102,0.195,0.084,0.151,0.131,0.094,0.114,0.076,0.093,0.127,0.104,0.126,0.100,0.102,0.085,0.145,0.180,0.096,0.199,0.141,0.000,0.000,0.000,0.000,0.225,0.000,0.094,0.108,0.000,0.000,0.000,0.000,0.179,0.128,0.128,0.128,0.128,0.128,0.128,0.128,0.128,0.128,0.128,0.128,0.128,0.128,0.128,0.128,0.128,0.128,0.128,0.128,0.128,0.128,0.128,0.128,0.128,0.128,0.128,0.128,0.128,0.128,0.128,0.128,0.128,0.128,0.128,0.128,0.128,0.128,0.128,0.128,0.000,0.172,0.070,0.106,0.066,0.029,0.048,0.000,0.086,0.100,0.168,0.063,0.113,0.159,0.097
1520,0.519,0.519,0.519,0.519,0.519,0.519,0.519,0.519,0.519,0.519,0.519,0.519,0.519,0.519,0.519,0.519,0.273,0.273,0.273,0.273,0.519,0.651,0.653,0.653,0.653,0.653,0.653,0.653,0.651,0.653,0.653,0.653,0.653,0.653,0.653,0.653,0.653,0.653,0.000,0.653,0.273,0.273,0.385,0.653,0.385,0.385,0.653,0.519,0.519,0.653,0.000,0.519,0.519,0.519,0.519,0.000,0.000,0.000,0.519,0.519,0.000,0.519,0.519,0.519,0.385,0.385,0.653,0.634,0.634,0.634,0.171,0.288,0.315,0.256,0.252,0.354,0.328,0.205,0.205,0.634,0.132,0.361,0.447,0.437,0.398,0.368,0.392,0.324,0.504,0.228,0.364,0.387,0.304,0.368,0.272,0.318,0.396,0.344,0.395,0.335,0.338,0.300,0.420,0.483,0.311,0.000,0.000,0.249,0.435,0.370,0.222,0.000,0.385,0.318,0.000,0.488,0.149,0.000,0.000,0.412,0.519,0.519,0.519,0.519,0.519,0.519,0.519,0.519,0.519,0.519,0.519,0.519,0.519,0.519,0.519,0.519,0.519,0.519,0.519,0.519,0.519,0.519,0.519,0.519,0.519,0.519,0.519,0.519,0.519,0.519,0.519,0.519,0.519,0.519,0.519,0.519,0.519,0.519,0.519,0.436,0.526,0.286,0.388,0.274,0.137,0.214,0.000,0.333,0.373,0.518,0.265,0.403,0.503,0.364
1521,0.245,0.245,0.245,0.245,0.245,0.245,0.245,0.245,0.245,0.245,0.245,0.245,0.245,0.245,0.245,0.245,0.366,0.366,0.366,0.366,0.245,0.119,0.118,0.118,0.118,0.118,0.118,0.118,0.119,0.118,0.118,0.118,0.118,0.118,0.118,0.118,0.118,0.118,0.000,0.118,0.366,0.366,0.258,0.118,0.258,0.258,0.118,0.245,0.245,0.118,0.000,0.245,0.245,0.245,0.245,0.000,0.000,0.000,0.245,0.245,0.000,0.244,0.244,0.245,0.258,0.258,0.118,0.118,0.118,0.118,0.085,0.154,0.183,0.190,0.188,0.198,0.180,0.104,0.104,0.118,0.094,0.228,0.299,0.291,0.259,0.233,0.252,0.200,0.347,0.168,0.281,0.248,0.186,0.220,0.154,0.184,0.242,0.203,0.241,0.197,0.199,0.169,0.272,0.325,0.189,0.352,0.264,0.000,0.000,0.000,0.000,0.389,0.000,0.185,0.210,0.000,0.000,0.000,0.000,0.324,0.244,0.244,0.244,0.244,0.244,0.244,0.244,0.244,0.244,0.244,0.244,0.244,0.244,0.244,0.244,0.244,0.244,0.244,0.244,0.244,0.244,0.244,0.244,0.244,0.244,0.244,0.244,0.244,0.244,0.244,0.244,0.244,0.244,0.244,0.244,0.244,0.244,0.244,0.244,0.000,0.313,0.141,0.207,0.135,0.061,0.101,0.000,0.170,0.196,0.307,0.129,0.218,0.294,0.190
1522,0.371,0.371,0.371,0.371,0.371,0.371,0.371,0.371,0.371,0.322,0.322,0.322,0.322,0.322,0.322,0.322,0.236,0.236,0.236,0.236,0.322,0.404,0.369,0.369,0.369,0.369,0.369,0.367,0.404,0.369,0.369,0.369,0.369,0.369,0.369,0.367,0.367,0.365,0.000,0.369,0.236,0.236,0.258,0.367,0.258,0.258,0.367,0.364,0.364,0.365,0.000,0.339,0.339,0.364,0.364,0.000,0.000,0.000,0.339,0.339,0.000,0.355,0.355,0.371,0.258,0.258,0.365,0.361,0.361,0.361,0.170,0.287,0.000,0.223,0.220,0.353,0.327,0.204,0.204,0.361,0.113,0.284,0.358,0.349,0.314,0.291,0.312,0.252,0.417,0.198,0.323,0.308,0.235,0.000,0.000,0.000,0.000,0.000,0.000,0.000,0.000,0.211,0.250,0.301,0.172,0.286,0.209,0.111,0.225,0.181,0.097,0.319,0.191,0.000,0.164,0.265,0.062,0.000,0.000,0.369,0.357,0.357,0.357,0.357,0.357,0.357,0.357,0.357,0.357,0.357,0.357,0.357,0.357,0.357,0.357,0.357,0.357,0.357,0.357,0.357,0.357,0.357,0.357,0.357,0.357,0.357,0.357,0.357,0.357,0.357,0.357,0.357,0.357,0.357,0.357,0.357,0.357,0.357,0.355,0.225,0.350,0.163,0.235,0.155,0.072,0.116,0.000,0.195,0.223,0.343,0.149,0.247,0.329,0.217
1523,0.311,0.311,0.311,0.311,0.311,0.311,0.311,0.311,0.311,0.311,0.311,0.311,0.311,0.311,0.311,0.311,0.136,0.136,0.136,0.136,0.311,0.438,0.440,0.440,0.440,0.440,0.440,0.440,0.438,0.440,0.440,0.440,0.440,0.440,0.440,0.440,0.440,0.440,0.000,0.440,0.136,0.136,0.207,0.440,0.207,0.207,0.440,0.311,0.311,0.440,0.000,0.311,0.311,0.311,0.311,0.000,0.000,0.000,0.311,0.311,0.000,0.311,0.311,0.311,0.207,0.207,0.440,0.420,0.420,0.420,0.079,0.144,0.161,0.125,0.124,0.186,0.169,0.097,0.097,0.420,0.060,0.191,0.252,0.245,0.217,0.196,0.212,0.167,0.298,0.110,0.193,0.209,0.154,0.195,0.135,0.163,0.215,0.179,0.214,0.174,0.176,0.152,0.232,0.280,0.158,0.000,0.000,0.122,0.243,0.197,0.106,0.000,0.207,0.163,0.000,0.285,0.068,0.000,0.000,0.226,0.311,0.311,0.311,0.311,0.311,0.311,0.311,0.311,0.311,0.311,0.311,0.311,0.311,0.311,0.311,0.311,0.311,0.311,0.311,0.311,0.311,0.311,0.311,0.311,0.311,0.311,0.311,0.311,0.311,0.311,0.311,0.311,0.311,0.311,0.311,0.311,0.311,0.311,0.311,0.244,0.316,0.143,0.209,0.136,0.062,0.102,0.000,0.172,0.199,0.310,0.131,0.220,0.297,0.193
1524,0.331,0.331,0.331,0.331,0.331,0.331,0.331,0.331,0.331,0.331,0.331,0.331,0.331,0.331,0.331,0.331,0.468,0.468,0.468,0.468,0.331,0.171,0.169,0.169,0.169,0.169,0.169,0.169,0.171,0.169,0.169,0.169,0.169,0.169,0.169,0.169,0.169,0.169,0.000,0.169,0.468,0.468,0.346,0.169,0.346,0.346,0.169,0.331,0.331,0.169,0.000,0.331,0.331,0.331,0.331,0.000,0.000,0.000,0.331,0.331,0.000,0.330,0.330,0.331,0.346,0.346,0.169,0.169,0.169,0.169,0.124,0.217,0.254,0.264,0.260,0.274,0.251,0.151,0.150,0.169,0.137,0.310,0.394,0.385,0.348,0.317,0.339,0.276,0.447,0.235,0.373,0.335,0.258,0.301,0.217,0.256,0.327,0.279,0.326,0.272,0.275,0.237,0.362,0.423,0.262,0.453,0.354,0.000,0.000,0.000,0.000,0.493,0.000,0.257,0.289,0.000,0.000,0.000,0.000,0.422,0.330,0.330,0.330,0.330,0.330,0.330,0.330,0.330,0.330,0.330,0.330,0.330,0.330,0.330,0.330,0.330,0.330,0.330,0.330,0.330,0.330,0.330,0.330,0.330,0.330,0.330,0.330,0.330,0.330,0.330,0.330,0.330,0.330,0.330,0.330,0.330,0.330,0.330,0.330,0.000,0.410,0.201,0.284,0.192,0.091,0.146,0.000,0.238,0.271,0.403,0.185,0.298,0.388,0.264
1628,0.083,0.083,0.083,0.083,0.083,0.083,0.083,0.083,0.083,0.083,0.083,0.083,0.083,0.083,0.083,0.083,0.139,0.139,0.139,0.139,0.083,0.036,0.036,0.036,0.036,0.036,0.036,0.036,0.036,0.036,0.036,0.036,0.036,0.036,0.036,0.036,0.036,0.036,0.000,0.036,0.139,0.139,0.089,0.036,0.089,0.089,0.036,0.083,0.083,0.036,0.000,0.083,0.083,0.083,0.083,0.000,0.000,0.000,0.083,0.083,0.000,0.000,0.000,0.083,0.089,0.089,0.036,0.036,0.036,0.036,0.025,0.049,0.059,0.062,0.061,0.065,0.058,0.032,0.031,0.036,0.028,0.076,0.107,0.103,0.089,0.079,0.086,0.066,0.129,0.054,0.099,0.085,0.060,0.073,0.048,0.060,0.082,0.067,0.082,0.064,0.065,0.054,0.095,0.119,0.061,0.132,0.092,0.000,0.000,0.000,0.000,0.152,0.000,0.060,0.069,0.000,0.000,0.000,0.000,0.118,0.083,0.083,0.083,0.083,0.083,0.083,0.083,0.083,0.083,0.083,0.083,0.083,0.083,0.083,0.083,0.083,0.083,0.083,0.083,0.083,0.083,0.083,0.083,0.083,0.083,0.083,0.083,0.083,0.083,0.083,0.083,0.083,0.083,0.083,0.083,0.083,0.083,0.083,0.083,0.000,0.113,0.044,0.068,0.042,0.018,0.030,0.000,0.054,0.064,0.110,0.040,0.072,0.104,0.062
1629,0.000,0.000,0.000,0.000,0.000,0.000,0.000,0.000,0.000,0.000,0.000,0.000,0.000,0.000,0.000,0.000,0.000,0.000,0.000,0.000,0.000,0.000,0.000,0.000,0.000,0.000,0.000,0.000,0.000,0.000,0.000,0.000,0.000,0.000,0.000,0.000,0.000,0.000,0.000,0.000,0.000,0.000,0.000,0.000,0.000,0.000,0.000,0.000,0.000,0.000,0.000,0.000,0.000,0.000,0.000,0.000,0.000,0.000,0.000,0.000,0.000,0.000,0.000,0.000,0.000,0.000,0.000,0.000,0.000,0.000,0.000,0.000,0.000,0.000,0.000,0.000,0.000,0.000,0.000,0.000,0.000,0.000,0.000,0.000,0.000,0.000,0.000,0.000,0.000,0.000,0.000,0.000,0.000,0.000,0.000,0.000,0.000,0.000,0.000,0.000,0.000,0.000,0.000,0.000,0.000,0.000,0.000,0.000,0.000,0.000,0.000,0.000,0.000,0.000,0.000,0.000,0.000,0.000,0.000,0.000,0.000,0.000,0.000,0.000,0.000,0.000,0.000,0.000,0.000,0.000,0.000,0.000,0.000,0.000,0.000,0.000,0.000,0.000,0.000,0.000,0.000,0.000,0.000,0.000,0.000,0.000,0.000,0.000,0.000,0.000,0.000,0.000,0.000,0.000,0.000,0.000,0.000,0.000,0.000,0.000,0.000,0.000,0.000,0.000,0.000,0.000,0.000,0.000,0.000,0.000,0.000,0.000,0.000,0.000
1638,0.000,0.000,0.000,0.000,0.000,0.000,0.000,0.000,0.000,0.000,0.000,0.000,0.000,0.000,0.000,0.000,0.000,0.000,0.000,0.000,0.000,0.000,0.000,0.000,0.000,0.000,0.000,0.000,0.000,0.000,0.000,0.000,0.000,0.000,0.000,0.000,0.000,0.000,0.000,0.000,0.000,0.000,0.000,0.000,0.000,0.000,0.000,0.000,0.000,0.000,0.000,0.000,0.000,0.000,0.000,0.000,0.000,0.000,0.000,0.000,0.000,0.000,0.000,0.000,0.000,0.000,0.000,0.000,0.000,0.000,0.000,0.000,0.000,0.000,0.000,0.000,0.000,0.000,0.000,0.000,0.000,0.000,0.000,0.000,0.000,0.000,0.000,0.000,0.000,0.000,0.000,0.000,0.000,0.000,0.000,0.000,0.000,0.000,0.000,0.000,0.000,0.000,0.000,0.000,0.000,0.000,0.000,0.000,0.000,0.000,0.000,0.000,0.000,0.000,0.000,0.000,0.000,0.000,0.000,0.000,0.000,0.000,0.000,0.000,0.000,0.000,0.000,0.000,0.000,0.000,0.000,0.000,0.000,0.000,0.000,0.000,0.000,0.000,0.000,0.000,0.000,0.000,0.000,0.000,0.000,0.000,0.000,0.000,0.000,0.000,0.000,0.000,0.000,0.000,0.000,0.000,0.000,0.000,0.000,0.000,0.000,0.000,0.000,0.000,0.000,0.000,0.000,0.000,0.000,0.000,0.000,0.000,0.000,0.000
1726,0.618,0.618,0.618,0.618,0.618,0.618,0.618,0.618,0.618,0.360,0.360,0.360,0.360,0.302,0.302,0.302,0.436,0.436,0.436,0.436,0.302,0.461,0.494,0.494,0.494,0.494,0.494,0.464,0.461,0.494,0.494,0.494,0.494,0.494,0.494,0.464,0.464,0.454,0.000,0.494,0.436,0.436,0.383,0.464,0.383,0.383,0.464,0.449,0.449,0.454,0.000,0.584,0.584,0.449,0.449,0.000,0.000,0.000,0.584,0.584,0.000,0.601,0.601,0.618,0.383,0.383,0.454,0.454,0.454,0.454,0.253,0.398,0.326,0.000,0.000,0.474,0.444,0.297,0.297,0.454,0.000,0.384,0.484,0.475,0.435,0.392,0.416,0.346,0.529,0.000,0.000,0.411,0.326,0.379,0.282,0.328,0.408,0.354,0.406,0.346,0.349,0.247,0.284,0.339,0.198,0.348,0.260,0.146,0.283,0.232,0.128,0.384,0.243,0.328,0.207,0.329,0.083,0.000,0.000,0.000,0.471,0.471,0.471,0.471,0.471,0.471,0.471,0.471,0.471,0.471,0.471,0.471,0.471,0.471,0.471,0.471,0.471,0.471,0.471,0.471,0.471,0.471,0.471,0.471,0.471,0.471,0.471,0.471,0.471,0.471,0.471,0.471,0.471,0.471,0.471,0.471,0.471,0.471,0.601,0.284,0.317,0.144,0.210,0.137,0.062,0.102,0.000,0.173,0.199,0.311,0.131,0.221,0.298,0.193
1903,0.009,0.009,0.009,0.009,0.009,0.009,0.009,0.009,0.009,0.000,0.000,0.000,0.000,0.000,0.000,0.000,0.000,0.000,0.000,0.000,0.000,0.101,0.104,0.297,0.297,0.297,0.297,0.444,0.101,0.104,0.104,0.297,0.297,0.297,0.297,0.444,0.444,0.395,0.000,0.297,0.093,0.093,0.086,0.444,0.086,0.086,0.444,0.168,0.168,0.395,0.000,0.017,0.017,0.168,0.168,0.000,0.000,0.000,0.017,0.017,0.000,0.005,0.005,0.009,0.086,0.086,0.395,0.531,0.531,0.531,0.159,0.270,0.284,0.111,0.110,0.334,0.309,0.191,0.191,0.531,0.053,0.456,0.449,0.440,0.401,0.464,0.489,0.416,0.601,0.097,0.173,0.484,0.394,0.334,0.244,0.286,0.362,0.311,0.360,0.303,0.306,0.230,0.377,0.439,0.274,0.431,0.334,0.131,0.259,0.210,0.115,0.470,0.221,0.287,0.271,0.302,0.074,0.000,0.000,0.204,0.000,0.000,0.000,0.000,0.000,0.000,0.000,0.000,0.000,0.000,0.000,0.000,0.000,0.000,0.000,0.000,0.000,0.000,0.000,0.000,0.000,0.000,0.000,0.000,0.000,0.000,0.000,0.000,0.000,0.000,0.000,0.000,0.000,0.000,0.000,0.000,0.000,0.000,0.005,0.259,0.412,0.202,0.285,0.193,0.091,0.146,0.000,0.239,0.272,0.404,0.185,0.299,0.390,0.265
1904,0.009,0.009,0.009,0.009,0.009,0.009,0.009,0.009,0.009,0.000,0.000,0.000,0.000,0.000,0.000,0.000,0.000,0.000,0.000,0.000,0.000,0.101,0.104,0.297,0.297,0.297,0.297,0.444,0.101,0.104,0.104,0.297,0.297,0.297,0.297,0.444,0.444,0.395,0.000,0.297,0.093,0.093,0.086,0.444,0.086,0.086,0.444,0.168,0.168,0.395,0.000,0.017,0.017,0.168,0.168,0.000,0.000,0.000,0.017,0.017,0.000,0.005,0.005,0.009,0.086,0.086,0.395,0.531,0.531,0.531,0.159,0.270,0.284,0.111,0.110,0.334,0.309,0.191,0.191,0.531,0.053,0.456,0.449,0.440,0.401,0.464,0.489,0.416,0.601,0.097,0.173,0.484,0.394,0.334,0.244,0.286,0.362,0.311,0.360,0.303,0.306,0.230,0.377,0.439,0.274,0.431,0.334,0.131,0.259,0.210,0.115,0.470,0.221,0.287,0.271,0.302,0.074,0.000,0.000,0.204,0.000,0.000,0.000,0.000,0.000,0.000,0.000,0.000,0.000,0.000,0.000,0.000,0.000,0.000,0.000,0.000,0.000,0.000,0.000,0.000,0.000,0.000,0.000,0.000,0.000,0.000,0.000,0.000,0.000,0.000,0.000,0.000,0.000,0.000,0.000,0.000,0.000,0.000,0.005,0.259,0.412,0.202,0.285,0.193,0.091,0.146,0.000,0.239,0.272,0.404,0.185,0.299,0.390,0.265
1905,0.009,0.009,0.009,0.009,0.009,0.009,0.009,0.009,0.009,0.000,0.000,0.000,0.000,0.000,0.000,0.000,0.000,0.000,0.000,0.000,0.000,0.101,0.104,0.297,0.297,0.297,0.297,0.444,0.101,0.104,0.104,0.297,0.297,0.297,0.297,0.444,0.444,0.395,0.000,0.297,0.093,0.093,0.086,0.444,0.086,0.086,0.444,0.168,0.168,0.395,0.000,0.017,0.017,0.168,0.168,0.000,0.000,0.000,0.017,0.017,0.000,0.005,0.005,0.009,0.086,0.086,0.395,0.531,0.531,0.531,0.159,0.270,0.284,0.111,0.110,0.334,0.309,0.191,0.191,0.531,0.053,0.456,0.449,0.440,0.401,0.464,0.489,0.416,0.601,0.097,0.173,0.484,0.394,0.334,0.244,0.286,0.362,0.311,0.360,0.303,0.306,0.230,0.377,0.439,0.274,0.431,0.334,0.131,0.259,0.210,0.115,0.470,0.221,0.287,0.271,0.302,0.074,0.000,0.000,0.204,0.000,0.000,0.000,0.000,0.000,0.000,0.000,0.000,0.000,0.000,0.000,0.000,0.000,0.000,0.000,0.000,0.000,0.000,0.000,0.000,0.000,0.000,0.000,0.000,0.000,0.000,0.000,0.000,0.000,0.000,0.000,0.000,0.000,0.000,0.000,0.000,0.000,0.000,0.005,0.259,0.412,0.202,0.285,0.193,0.091,0.146,0.000,0.239,0.272,0.404,0.185,0.299,0.390,0.265
1906,0.009,0.009,0.009,0.009,0.009,0.009,0.009,0.009,0.009,0.000,0.000,0.000,0.000,0.000,0.000,0.000,0.000,0.000,0.000,0.000,0.000,0.101,0.104,0.297,0.297,0.297,0.297,0.444,0.101,0.104,0.104,0.297,0.297,0.297,0.297,0.444,0.444,0.395,0.000,0.297,0.093,0.093,0.086,0.444,0.086,0.086,0.444,0.168,0.168,0.395,0.000,0.017,0.017,0.168,0.168,0.000,0.000,0.000,0.017,0.017,0.000,0.005,0.005,0.009,0.086,0.086,0.395,0.531,0.531,0.531,0.159,0.270,0.284,0.111,0.110,0.334,0.309,0.191,0.191,0.531,0.053,0.456,0.449,0.440,0.401,0.464,0.489,0.416,0.601,0.097,0.173,0.484,0.394,0.334,0.244,0.286,0.362,0.311,0.360,0.303,0.306,0.230,0.377,0.439,0.274,0.431,0.334,0.131,0.259,0.210,0.115,0.470,0.221,0.287,0.271,0.302,0.074,0.000,0.000,0.204,0.000,0.000,0.000,0.000,0.000,0.000,0.000,0.000,0.000,0.000,0.000,0.000,0.000,0.000,0.000,0.000,0.000,0.000,0.000,0.000,0.000,0.000,0.000,0.000,0.000,0.000,0.000,0.000,0.000,0.000,0.000,0.000,0.000,0.000,0.000,0.000,0.000,0.000,0.005,0.259,0.412,0.202,0.285,0.193,0.091,0.146,0.000,0.239,0.272,0.404,0.185,0.299,0.390,0.265
1907,0.009,0.009,0.009,0.009,0.009,0.009,0.009,0.009,0.009,0.000,0.000,0.000,0.000,0.000,0.000,0.000,0.000,0.000,0.000,0.000,0.000,0.101,0.104,0.297,0.297,0.297,0.297,0.444,0.101,0.104,0.104,0.297,0.297,0.297,0.297,0.444,0.444,0.395,0.000,0.297,0.093,0.093,0.086,0.444,0.086,0.086,0.444,0.168,0.168,0.395,0.000,0.017,0.017,0.168,0.168,0.000,0.000,0.000,0.017,0.017,0.000,0.005,0.005,0.009,0.086,0.086,0.395,0.531,0.531,0.531,0.159,0.270,0.284,0.111,0.110,0.334,0.309,0.191,0.191,0.531,0.053,0.456,0.449,0.440,0.401,0.464,0.489,0.416,0.601,0.097,0.173,0.484,0.394,0.334,0.244,0.286,0.362,0.311,0.360,0.303,0.306,0.230,0.377,0.439,0.274,0.431,0.334,0.131,0.259,0.210,0.115,0.470,0.221,0.287,0.271,0.302,0.074,0.000,0.000,0.204,0.000,0.000,0.000,0.000,0.000,0.000,0.000,0.000,0.000,0.000,0.000,0.000,0.000,0.000,0.000,0.000,0.000,0.000,0.000,0.000,0.000,0.000,0.000,0.000,0.000,0.000,0.000,0.000,0.000,0.000,0.000,0.000,0.000,0.000,0.000,0.000,0.000,0.000,0.005,0.259,0.412,0.202,0.285,0.193,0.091,0.146,0.000,0.239,0.272,0.404,0.185,0.299,0.390,0.265
1908,0.009,0.009,0.009,0.009,0.009,0.009,0.009,0.009,0.009,0.000,0.000,0.000,0.000,0.000,0.000,0.000,0.000,0.000,0.000,0.000,0.000,0.101,0.104,0.297,0.297,0.297,0.297,0.444,0.101,0.104,0.104,0.297,0.297,0.297,0.297,0.444,0.444,0.395,0.000,0.297,0.093,0.093,0.086,0.444,0.086,0.086,0.444,0.168,0.168,0.395,0.000,0.017,0.017,0.168,0.168,0.000,0.000,0.000,0.017,0.017,0.000,0.005,0.005,0.009,0.086,0.086,0.395,0.531,0.531,0.531,0.159,0.270,0.284,0.111,0.110,0.334,0.309,0.191,0.191,0.531,0.053,0.456,0.449,0.440,0.401,0.464,0.489,0.416,0.601,0.097,0.173,0.484,0.394,0.334,0.244,0.286,0.362,0.311,0.360,0.303,0.306,0.230,0.377,0.439,0.274,0.431,0.334,0.131,0.259,0.210,0.115,0.470,0.221,0.287,0.271,0.302,0.074,0.000,0.000,0.204,0.000,0.000,0.000,0.000,0.000,0.000,0.000,0.000,0.000,0.000,0.000,0.000,0.000,0.000,0.000,0.000,0.000,0.000,0.000,0.000,0.000,0.000,0.000,0.000,0.000,0.000,0.000,0.000,0.000,0.000,0.000,0.000,0.000,0.000,0.000,0.000,0.000,0.000,0.005,0.259,0.412,0.202,0.285,0.193,0.091,0.146,0.000,0.239,0.272,0.404,0.185,0.299,0.390,0.265
1909,0.009,0.009,0.009,0.009,0.009,0.009,0.009,0.009,0.009,0.000,0.000,0.000,0.000,0.000,0.000,0.000,0.000,0.000,0.000,0.000,0.000,0.101,0.104,0.297,0.297,0.297,0.297,0.444,0.101,0.104,0.104,0.297,0.297,0.297,0.297,0.444,0.444,0.395,0.000,0.297,0.093,0.093,0.086,0.444,0.086,0.086,0.444,0.168,0.168,0.395,0.000,0.017,0.017,0.168,0.168,0.000,0.000,0.000,0.017,0.017,0.000,0.005,0.005,0.009,0.086,0.086,0.395,0.531,0.531,0.531,0.159,0.270,0.284,0.111,0.110,0.334,0.309,0.191,0.191,0.531,0.053,0.456,0.449,0.440,0.401,0.464,0.489,0.416,0.601,0.097,0.173,0.484,0.394,0.334,0.244,0.286,0.362,0.311,0.360,0.303,0.306,0.230,0.377,0.439,0.274,0.431,0.334,0.131,0.259,0.210,0.115,0.470,0.221,0.287,0.271,0.302,0.074,0.000,0.000,0.204,0.000,0.000,0.000,0.000,0.000,0.000,0.000,0.000,0.000,0.000,0.000,0.000,0.000,0.000,0.000,0.000,0.000,0.000,0.000,0.000,0.000,0.000,0.000,0.000,0.000,0.000,0.000,0.000,0.000,0.000,0.000,0.000,0.000,0.000,0.000,0.000,0.000,0.000,0.005,0.259,0.412,0.202,0.285,0.193,0.091,0.146,0.000,0.239,0.272,0.404,0.185,0.299,0.390,0.265
1910,0.009,0.009,0.009,0.009,0.009,0.009,0.009,0.009,0.009,0.000,0.000,0.000,0.000,0.000,0.000,0.000,0.000,0.000,0.000,0.000,0.000,0.101,0.104,0.297,0.297,0.297,0.297,0.444,0.101,0.104,0.104,0.297,0.297,0.297,0.297,0.444,0.444,0.395,0.000,0.297,0.093,0.093,0.086,0.444,0.086,0.086,0.444,0.168,0.168,0.395,0.000,0.017,0.017,0.168,0.168,0.000,0.000,0.000,0.017,0.017,0.000,0.005,0.005,0.009,0.086,0.086,0.395,0.531,0.531,0.531,0.159,0.270,0.284,0.111,0.110,0.334,0.309,0.191,0.191,0.531,0.053,0.456,0.449,0.440,0.401,0.464,0.489,0.416,0.601,0.097,0.173,0.484,0.394,0.334,0.244,0.286,0.362,0.311,0.360,0.303,0.306,0.230,0.377,0.439,0.274,0.431,0.334,0.131,0.259,0.210,0.115,0.470,0.221,0.287,0.271,0.302,0.074,0.000,0.000,0.204,0.000,0.000,0.000,0.000,0.000,0.000,0.000,0.000,0.000,0.000,0.000,0.000,0.000,0.000,0.000,0.000,0.000,0.000,0.000,0.000,0.000,0.000,0.000,0.000,0.000,0.000,0.000,0.000,0.000,0.000,0.000,0.000,0.000,0.000,0.000,0.000,0.000,0.000,0.005,0.259,0.412,0.202,0.285,0.193,0.091,0.146,0.000,0.239,0.272,0.404,0.185,0.299,0.390,0.265
1911,0.009,0.009,0.009,0.009,0.009,0.009,0.009,0.009,0.009,0.000,0.000,0.000,0.000,0.000,0.000,0.000,0.000,0.000,0.000,0.000,0.000,0.101,0.104,0.297,0.297,0.297,0.297,0.444,0.101,0.104,0.104,0.297,0.297,0.297,0.297,0.444,0.444,0.395,0.000,0.297,0.093,0.093,0.086,0.444,0.086,0.086,0.444,0.168,0.168,0.395,0.000,0.017,0.017,0.168,0.168,0.000,0.000,0.000,0.017,0.017,0.000,0.005,0.005,0.009,0.086,0.086,0.395,0.531,0.531,0.531,0.159,0.270,0.284,0.111,0.110,0.334,0.309,0.191,0.191,0.531,0.053,0.456,0.449,0.440,0.401,0.464,0.489,0.416,0.601,0.097,0.173,0.484,0.394,0.334,0.244,0.286,0.362,0.311,0.360,0.303,0.306,0.230,0.377,0.439,0.274,0.431,0.334,0.131,0.259,0.210,0.115,0.470,0.221,0.287,0.271,0.302,0.074,0.000,0.000,0.204,0.000,0.000,0.000,0.000,0.000,0.000,0.000,0.000,0.000,0.000,0.000,0.000,0.000,0.000,0.000,0.000,0.000,0.000,0.000,0.000,0.000,0.000,0.000,0.000,0.000,0.000,0.000,0.000,0.000,0.000,0.000,0.000,0.000,0.000,0.000,0.000,0.000,0.000,0.005,0.259,0.412,0.202,0.285,0.193,0.091,0.146,0.000,0.239,0.272,0.404,0.185,0.299,0.390,0.265
1916,0.009,0.009,0.009,0.009,0.009,0.009,0.009,0.009,0.009,0.000,0.000,0.000,0.000,0.000,0.000,0.000,0.000,0.000,0.000,0.000,0.000,0.101,0.104,0.297,0.297,0.297,0.297,0.444,0.101,0.104,0.104,0.297,0.297,0.297,0.297,0.444,0.444,0.395,0.000,0.297,0.093,0.093,0.086,0.444,0.086,0.086,0.444,0.168,0.168,0.395,0.000,0.017,0.017,0.168,0.168,0.000,0.000,0.000,0.017,0.017,0.000,0.005,0.005,0.009,0.086,0.086,0.395,0.531,0.531,0.531,0.159,0.270,0.284,0.111,0.110,0.334,0.309,0.191,0.191,0.531,0.053,0.456,0.449,0.440,0.401,0.464,0.489,0.416,0.601,0.097,0.173,0.484,0.394,0.334,0.244,0.286,0.362,0.311,0.360,0.303,0.306,0.230,0.377,0.439,0.274,0.431,0.334,0.131,0.259,0.210,0.115,0.470,0.221,0.287,0.271,0.302,0.074,0.000,0.000,0.204,0.000,0.000,0.000,0.000,0.000,0.000,0.000,0.000,0.000,0.000,0.000,0.000,0.000,0.000,0.000,0.000,0.000,0.000,0.000,0.000,0.000,0.000,0.000,0.000,0.000,0.000,0.000,0.000,0.000,0.000,0.000,0.000,0.000,0.000,0.000,0.000,0.000,0.000,0.005,0.259,0.412,0.202,0.285,0.193,0.091,0.146,0.000,0.239,0.272,0.404,0.185,0.299,0.390,0.265
1917,0.009,0.009,0.009,0.009,0.009,0.009,0.009,0.009,0.009,0.000,0.000,0.000,0.000,0.000,0.000,0.000,0.000,0.000,0.000,0.000,0.000,0.101,0.104,0.297,0.297,0.297,0.297,0.444,0.101,0.104,0.104,0.297,0.297,0.297,0.297,0.444,0.444,0.395,0.000,0.297,0.093,0.093,0.086,0.444,0.086,0.086,0.444,0.168,0.168,0.395,0.000,0.017,0.017,0.168,0.168,0.000,0.000,0.000,0.017,0.017,0.000,0.005,0.005,0.009,0.086,0.086,0.395,0.531,0.531,0.531,0.159,0.270,0.284,0.111,0.110,0.334,0.309,0.191,0.191,0.531,0.053,0.456,0.449,0.440,0.401,0.464,0.489,0.416,0.601,0.097,0.173,0.484,0.394,0.334,0.244,0.286,0.362,0.311,0.360,0.303,0.306,0.230,0.377,0.439,0.274,0.431,0.334,0.131,0.259,0.210,0.115,0.470,0.221,0.287,0.271,0.302,0.074,0.000,0.000,0.204,0.000,0.000,0.000,0.000,0.000,0.000,0.000,0.000,0.000,0.000,0.000,0.000,0.000,0.000,0.000,0.000,0.000,0.000,0.000,0.000,0.000,0.000,0.000,0.000,0.000,0.000,0.000,0.000,0.000,0.000,0.000,0.000,0.000,0.000,0.000,0.000,0.000,0.000,0.005,0.259,0.412,0.202,0.285,0.193,0.091,0.146,0.000,0.239,0.272,0.404,0.185,0.299,0.390,0.265
1918,0.009,0.009,0.009,0.009,0.009,0.009,0.009,0.009,0.009,0.000,0.000,0.000,0.000,0.000,0.000,0.000,0.000,0.000,0.000,0.000,0.000,0.101,0.104,0.297,0.297,0.297,0.297,0.444,0.101,0.104,0.104,0.297,0.297,0.297,0.297,0.444,0.444,0.395,0.000,0.297,0.093,0.093,0.086,0.444,0.086,0.086,0.444,0.168,0.168,0.395,0.000,0.017,0.017,0.168,0.168,0.000,0.000,0.000,0.017,0.017,0.000,0.005,0.005,0.009,0.086,0.086,0.395,0.531,0.531,0.531,0.159,0.270,0.284,0.111,0.110,0.334,0.309,0.191,0.191,0.531,0.053,0.456,0.449,0.440,0.401,0.464,0.489,0.416,0.601,0.097,0.173,0.484,0.394,0.334,0.244,0.286,0.362,0.311,0.360,0.303,0.306,0.230,0.377,0.439,0.274,0.431,0.334,0.131,0.259,0.210,0.115,0.470,0.221,0.287,0.271,0.302,0.074,0.000,0.000,0.204,0.000,0.000,0.000,0.000,0.000,0.000,0.000,0.000,0.000,0.000,0.000,0.000,0.000,0.000,0.000,0.000,0.000,0.000,0.000,0.000,0.000,0.000,0.000,0.000,0.000,0.000,0.000,0.000,0.000,0.000,0.000,0.000,0.000,0.000,0.000,0.000,0.000,0.000,0.005,0.259,0.412,0.202,0.285,0.193,0.091,0.146,0.000,0.239,0.272,0.404,0.185,0.299,0.390,0.265
1919,0.009,0.009,0.009,0.009,0.009,0.009,0.009,0.009,0.009,0.000,0.000,0.000,0.000,0.000,0.000,0.000,0.000,0.000,0.000,0.000,0.000,0.101,0.104,0.297,0.297,0.297,0.297,0.444,0.101,0.104,0.104,0.297,0.297,0.297,0.297,0.444,0.444,0.395,0.000,0.297,0.093,0.093,0.086,0.444,0.086,0.086,0.444,0.168,0.168,0.395,0.000,0.017,0.017,0.168,0.168,0.000,0.000,0.000,0.017,0.017,0.000,0.005,0.005,0.009,0.086,0.086,0.395,0.531,0.531,0.531,0.159,0.270,0.284,0.111,0.110,0.334,0.309,0.191,0.191,0.531,0.053,0.456,0.449,0.440,0.401,0.464,0.489,0.416,0.601,0.097,0.173,0.484,0.394,0.334,0.244,0.286,0.362,0.311,0.360,0.303,0.306,0.230,0.377,0.439,0.274,0.431,0.334,0.131,0.259,0.210,0.115,0.470,0.221,0.287,0.271,0.302,0.074,0.000,0.000,0.204,0.000,0.000,0.000,0.000,0.000,0.000,0.000,0.000,0.000,0.000,0.000,0.000,0.000,0.000,0.000,0.000,0.000,0.000,0.000,0.000,0.000,0.000,0.000,0.000,0.000,0.000,0.000,0.000,0.000,0.000,0.000,0.000,0.000,0.000,0.000,0.000,0.000,0.000,0.005,0.259,0.412,0.202,0.285,0.193,0.091,0.146,0.000,0.239,0.272,0.404,0.185,0.299,0.390,0.265
1920,0.009,0.009,0.009,0.009,0.009,0.009,0.009,0.009,0.009,0.000,0.000,0.000,0.000,0.000,0.000,0.000,0.000,0.000,0.000,0.000,0.000,0.101,0.104,0.297,0.297,0.297,0.297,0.444,0.101,0.104,0.104,0.297,0.297,0.297,0.297,0.444,0.444,0.395,0.000,0.297,0.093,0.093,0.086,0.444,0.086,0.086,0.444,0.168,0.168,0.395,0.000,0.017,0.017,0.168,0.168,0.000,0.000,0.000,0.017,0.017,0.000,0.005,0.005,0.009,0.086,0.086,0.395,0.531,0.531,0.531,0.159,0.270,0.284,0.111,0.110,0.334,0.309,0.191,0.191,0.531,0.053,0.456,0.449,0.440,0.401,0.464,0.489,0.416,0.601,0.097,0.173,0.484,0.394,0.334,0.244,0.286,0.362,0.311,0.360,0.303,0.306,0.230,0.377,0.439,0.274,0.431,0.334,0.131,0.259,0.210,0.115,0.470,0.221,0.287,0.271,0.302,0.074,0.000,0.000,0.204,0.000,0.000,0.000,0.000,0.000,0.000,0.000,0.000,0.000,0.000,0.000,0.000,0.000,0.000,0.000,0.000,0.000,0.000,0.000,0.000,0.000,0.000,0.000,0.000,0.000,0.000,0.000,0.000,0.000,0.000,0.000,0.000,0.000,0.000,0.000,0.000,0.000,0.000,0.005,0.259,0.412,0.202,0.285,0.193,0.091,0.146,0.000,0.239,0.272,0.404,0.185,0.299,0.390,0.265
1921,0.009,0.009,0.009,0.009,0.009,0.009,0.009,0.009,0.009,0.000,0.000,0.000,0.000,0.000,0.000,0.000,0.000,0.000,0.000,0.000,0.000,0.101,0.104,0.297,0.297,0.297,0.297,0.444,0.101,0.104,0.104,0.297,0.297,0.297,0.297,0.444,0.444,0.395,0.000,0.297,0.093,0.093,0.086,0.444,0.086,0.086,0.444,0.168,0.168,0.395,0.000,0.017,0.017,0.168,0.168,0.000,0.000,0.000,0.017,0.017,0.000,0.005,0.005,0.009,0.086,0.086,0.395,0.531,0.531,0.531,0.159,0.270,0.284,0.111,0.110,0.334,0.309,0.191,0.191,0.531,0.053,0.456,0.449,0.440,0.401,0.464,0.489,0.416,0.601,0.097,0.173,0.484,0.394,0.334,0.244,0.286,0.362,0.311,0.360,0.303,0.306,0.230,0.377,0.439,0.274,0.431,0.334,0.131,0.259,0.210,0.115,0.470,0.221,0.287,0.271,0.302,0.074,0.000,0.000,0.204,0.000,0.000,0.000,0.000,0.000,0.000,0.000,0.000,0.000,0.000,0.000,0.000,0.000,0.000,0.000,0.000,0.000,0.000,0.000,0.000,0.000,0.000,0.000,0.000,0.000,0.000,0.000,0.000,0.000,0.000,0.000,0.000,0.000,0.000,0.000,0.000,0.000,0.000,0.005,0.259,0.412,0.202,0.285,0.193,0.091,0.146,0.000,0.239,0.272,0.404,0.185,0.299,0.390,0.265
1922,0.009,0.009,0.009,0.009,0.009,0.009,0.009,0.009,0.009,0.000,0.000,0.000,0.000,0.000,0.000,0.000,0.000,0.000,0.000,0.000,0.000,0.101,0.104,0.297,0.297,0.297,0.297,0.444,0.101,0.104,0.104,0.297,0.297,0.297,0.297,0.444,0.444,0.395,0.000,0.297,0.093,0.093,0.086,0.444,0.086,0.086,0.444,0.168,0.168,0.395,0.000,0.017,0.017,0.168,0.168,0.000,0.000,0.000,0.017,0.017,0.000,0.005,0.005,0.009,0.086,0.086,0.395,0.531,0.531,0.531,0.159,0.270,0.284,0.111,0.110,0.334,0.309,0.191,0.191,0.531,0.053,0.456,0.449,0.440,0.401,0.464,0.489,0.416,0.601,0.097,0.173,0.484,0.394,0.334,0.244,0.286,0.362,0.311,0.360,0.303,0.306,0.230,0.377,0.439,0.274,0.431,0.334,0.131,0.259,0.210,0.115,0.470,0.221,0.287,0.271,0.302,0.074,0.000,0.000,0.204,0.000,0.000,0.000,0.000,0.000,0.000,0.000,0.000,0.000,0.000,0.000,0.000,0.000,0.000,0.000,0.000,0.000,0.000,0.000,0.000,0.000,0.000,0.000,0.000,0.000,0.000,0.000,0.000,0.000,0.000,0.000,0.000,0.000,0.000,0.000,0.000,0.000,0.000,0.005,0.259,0.412,0.202,0.285,0.193,0.091,0.146,0.000,0.239,0.272,0.404,0.185,0.299,0.390,0.265
1923,0.009,0.009,0.009,0.009,0.009,0.009,0.009,0.009,0.009,0.000,0.000,0.000,0.000,0.000,0.000,0.000,0.000,0.000,0.000,0.000,0.000,0.101,0.104,0.297,0.297,0.297,0.297,0.444,0.101,0.104,0.104,0.297,0.297,0.297,0.297,0.444,0.444,0.395,0.000,0.297,0.093,0.093,0.086,0.444,0.086,0.086,0.444,0.168,0.168,0.395,0.000,0.017,0.017,0.168,0.168,0.000,0.000,0.000,0.017,0.017,0.000,0.005,0.005,0.009,0.086,0.086,0.395,0.531,0.531,0.531,0.159,0.270,0.284,0.111,0.110,0.334,0.309,0.191,0.191,0.531,0.053,0.456,0.449,0.440,0.401,0.464,0.489,0.416,0.601,0.097,0.173,0.484,0.394,0.334,0.244,0.286,0.362,0.311,0.360,0.303,0.306,0.230,0.377,0.439,0.274,0.431,0.334,0.131,0.259,0.210,0.115,0.470,0.221,0.287,0.271,0.302,0.074,0.000,0.000,0.204,0.000,0.000,0.000,0.000,0.000,0.000,0.000,0.000,0.000,0.000,0.000,0.000,0.000,0.000,0.000,0.000,0.000,0.000,0.000,0.000,0.000,0.000,0.000,0.000,0.000,0.000,0.000,0.000,0.000,0.000,0.000,0.000,0.000,0.000,0.000,0.000,0.000,0.000,0.005,0.259,0.412,0.202,0.285,0.193,0.091,0.146,0.000,0.239,0.272,0.404,0.185,0.299,0.390,0.265
1924,0.009,0.009,0.009,0.009,0.009,0.009,0.009,0.009,0.009,0.000,0.000,0.000,0.000,0.000,0.000,0.000,0.000,0.000,0.000,0.000,0.000,0.101,0.104,0.297,0.297,0.297,0.297,0.444,0.101,0.104,0.104,0.297,0.297,0.297,0.297,0.444,0.444,0.395,0.000,0.297,0.093,0.093,0.086,0.444,0.086,0.086,0.444,0.168,0.168,0.395,0.000,0.017,0.017,0.168,0.168,0.000,0.000,0.000,0.017,0.017,0.000,0.005,0.005,0.009,0.086,0.086,0.395,0.531,0.531,0.531,0.159,0.270,0.284,0.111,0.110,0.334,0.309,0.191,0.191,0.531,0.053,0.456,0.449,0.440,0.401,0.464,0.489,0.416,0.601,0.097,0.173,0.484,0.394,0.334,0.244,0.286,0.362,0.311,0.360,0.303,0.306,0.230,0.377,0.439,0.274,0.431,0.334,0.131,0.259,0.210,0.115,0.470,0.221,0.287,0.271,0.302,0.074,0.000,0.000,0.204,0.000,0.000,0.000,0.000,0.000,0.000,0.000,0.000,0.000,0.000,0.000,0.000,0.000,0.000,0.000,0.000,0.000,0.000,0.000,0.000,0.000,0.000,0.000,0.000,0.000,0.000,0.000,0.000,0.000,0.000,0.000,0.000,0.000,0.000,0.000,0.000,0.000,0.000,0.005,0.259,0.412,0.202,0.285,0.193,0.091,0.146,0.000,0.239,0.272,0.404,0.185,0.299,0.390,0.265
1925,0.009,0.009,0.009,0.009,0.009,0.009,0.009,0.009,0.009,0.000,0.000,0.000,0.000,0.000,0.000,0.000,0.000,0.000,0.000,0.000,0.000,0.101,0.104,0.297,0.297,0.297,0.297,0.444,0.101,0.104,0.104,0.297,0.297,0.297,0.297,0.444,0.444,0.395,0.000,0.297,0.093,0.093,0.086,0.444,0.086,0.086,0.444,0.168,0.168,0.395,0.000,0.017,0.017,0.168,0.168,0.000,0.000,0.000,0.017,0.017,0.000,0.005,0.005,0.009,0.086,0.086,0.395,0.531,0.531,0.531,0.159,0.270,0.284,0.111,0.110,0.334,0.309,0.191,0.191,0.531,0.053,0.456,0.449,0.440,0.401,0.464,0.489,0.416,0.601,0.097,0.173,0.484,0.394,0.334,0.244,0.286,0.362,0.311,0.360,0.303,0.306,0.230,0.377,0.439,0.274,0.431,0.334,0.131,0.259,0.210,0.115,0.470,0.221,0.287,0.271,0.302,0.074,0.000,0.000,0.204,0.000,0.000,0.000,0.000,0.000,0.000,0.000,0.000,0.000,0.000,0.000,0.000,0.000,0.000,0.000,0.000,0.000,0.000,0.000,0.000,0.000,0.000,0.000,0.000,0.000,0.000,0.000,0.000,0.000,0.000,0.000,0.000,0.000,0.000,0.000,0.000,0.000,0.000,0.005,0.259,0.412,0.202,0.285,0.193,0.091,0.146,0.000,0.239,0.272,0.404,0.185,0.299,0.390,0.265
1926,0.009,0.009,0.009,0.009,0.009,0.009,0.009,0.009,0.009,0.000,0.000,0.000,0.000,0.000,0.000,0.000,0.000,0.000,0.000,0.000,0.000,0.101,0.104,0.297,0.297,0.297,0.297,0.444,0.101,0.104,0.104,0.297,0.297,0.297,0.297,0.444,0.444,0.395,0.000,0.297,0.093,0.093,0.086,0.444,0.086,0.086,0.444,0.168,0.168,0.395,0.000,0.017,0.017,0.168,0.168,0.000,0.000,0.000,0.017,0.017,0.000,0.005,0.005,0.009,0.086,0.086,0.395,0.531,0.531,0.531,0.159,0.270,0.284,0.111,0.110,0.334,0.309,0.191,0.191,0.531,0.053,0.456,0.449,0.440,0.401,0.464,0.489,0.416,0.601,0.097,0.173,0.484,0.394,0.334,0.244,0.286,0.362,0.311,0.360,0.303,0.306,0.230,0.377,0.439,0.274,0.431,0.334,0.131,0.259,0.210,0.115,0.470,0.221,0.287,0.271,0.302,0.074,0.000,0.000,0.204,0.000,0.000,0.000,0.000,0.000,0.000,0.000,0.000,0.000,0.000,0.000,0.000,0.000,0.000,0.000,0.000,0.000,0.000,0.000,0.000,0.000,0.000,0.000,0.000,0.000,0.000,0.000,0.000,0.000,0.000,0.000,0.000,0.000,0.000,0.000,0.000,0.000,0.000,0.005,0.259,0.412,0.202,0.285,0.193,0.091,0.146,0.000,0.239,0.272,0.404,0.185,0.299,0.390,0.265
1927,0.009,0.009,0.009,0.009,0.009,0.009,0.009,0.009,0.009,0.000,0.000,0.000,0.000,0.000,0.000,0.000,0.000,0.000,0.000,0.000,0.000,0.101,0.104,0.297,0.297,0.297,0.297,0.444,0.101,0.104,0.104,0.297,0.297,0.297,0.297,0.444,0.444,0.395,0.000,0.297,0.093,0.093,0.086,0.444,0.086,0.086,0.444,0.168,0.168,0.395,0.000,0.017,0.017,0.168,0.168,0.000,0.000,0.000,0.017,0.017,0.000,0.005,0.005,0.009,0.086,0.086,0.395,0.531,0.531,0.531,0.159,0.270,0.284,0.111,0.110,0.334,0.309,0.191,0.191,0.531,0.053,0.456,0.449,0.440,0.401,0.464,0.489,0.416,0.601,0.097,0.173,0.484,0.394,0.334,0.244,0.286,0.362,0.311,0.360,0.303,0.306,0.230,0.377,0.439,0.274,0.431,0.334,0.131,0.259,0.210,0.115,0.470,0.221,0.287,0.271,0.302,0.074,0.000,0.000,0.204,0.000,0.000,0.000,0.000,0.000,0.000,0.000,0.000,0.000,0.000,0.000,0.000,0.000,0.000,0.000,0.000,0.000,0.000,0.000,0.000,0.000,0.000,0.000,0.000,0.000,0.000,0.000,0.000,0.000,0.000,0.000,0.000,0.000,0.000,0.000,0.000,0.000,0.000,0.005,0.259,0.412,0.202,0.285,0.193,0.091,0.146,0.000,0.239,0.272,0.404,0.185,0.299,0.390,0.265
1928,0.009,0.009,0.009,0.009,0.009,0.009,0.009,0.009,0.009,0.000,0.000,0.000,0.000,0.000,0.000,0.000,0.000,0.000,0.000,0.000,0.000,0.101,0.104,0.297,0.297,0.297,0.297,0.444,0.101,0.104,0.104,0.297,0.297,0.297,0.297,0.444,0.444,0.395,0.000,0.297,0.093,0.093,0.086,0.444,0.086,0.086,0.444,0.168,0.168,0.395,0.000,0.017,0.017,0.168,0.168,0.000,0.000,0.000,0.017,0.017,0.000,0.005,0.005,0.009,0.086,0.086,0.395,0.531,0.531,0.531,0.159,0.270,0.284,0.111,0.110,0.334,0.309,0.191,0.191,0.531,0.053,0.456,0.449,0.440,0.401,0.464,0.489,0.416,0.601,0.097,0.173,0.484,0.394,0.334,0.244,0.286,0.362,0.311,0.360,0.303,0.306,0.230,0.377,0.439,0.274,0.431,0.334,0.131,0.259,0.210,0.115,0.470,0.221,0.287,0.271,0.302,0.074,0.000,0.000,0.204,0.000,0.000,0.000,0.000,0.000,0.000,0.000,0.000,0.000,0.000,0.000,0.000,0.000,0.000,0.000,0.000,0.000,0.000,0.000,0.000,0.000,0.000,0.000,0.000,0.000,0.000,0.000,0.000,0.000,0.000,0.000,0.000,0.000,0.000,0.000,0.000,0.000,0.000,0.005,0.259,0.412,0.202,0.285,0.193,0.091,0.146,0.000,0.239,0.272,0.404,0.185,0.299,0.390,0.265
1929,0.009,0.009,0.009,0.009,0.009,0.009,0.009,0.009,0.009,0.000,0.000,0.000,0.000,0.000,0.000,0.000,0.000,0.000,0.000,0.000,0.000,0.101,0.104,0.297,0.297,0.297,0.297,0.444,0.101,0.104,0.104,0.297,0.297,0.297,0.297,0.444,0.444,0.395,0.000,0.297,0.093,0.093,0.086,0.444,0.086,0.086,0.444,0.168,0.168,0.395,0.000,0.017,0.017,0.168,0.168,0.000,0.000,0.000,0.017,0.017,0.000,0.005,0.005,0.009,0.086,0.086,0.395,0.531,0.531,0.531,0.159,0.270,0.284,0.111,0.110,0.334,0.309,0.191,0.191,0.531,0.053,0.456,0.449,0.440,0.401,0.464,0.489,0.416,0.601,0.097,0.173,0.484,0.394,0.334,0.244,0.286,0.362,0.311,0.360,0.303,0.306,0.230,0.377,0.439,0.274,0.431,0.334,0.131,0.259,0.210,0.115,0.470,0.221,0.287,0.271,0.302,0.074,0.000,0.000,0.204,0.000,0.000,0.000,0.000,0.000,0.000,0.000,0.000,0.000,0.000,0.000,0.000,0.000,0.000,0.000,0.000,0.000,0.000,0.000,0.000,0.000,0.000,0.000,0.000,0.000,0.000,0.000,0.000,0.000,0.000,0.000,0.000,0.000,0.000,0.000,0.000,0.000,0.000,0.005,0.259,0.412,0.202,0.285,0.193,0.091,0.146,0.000,0.239,0.272,0.404,0.185,0.299,0.390,0.265
1930,0.009,0.009,0.009,0.009,0.009,0.009,0.009,0.009,0.009,0.000,0.000,0.000,0.000,0.000,0.000,0.000,0.000,0.000,0.000,0.000,0.000,0.101,0.104,0.297,0.297,0.297,0.297,0.444,0.101,0.104,0.104,0.297,0.297,0.297,0.297,0.444,0.444,0.395,0.000,0.297,0.093,0.093,0.086,0.444,0.086,0.086,0.444,0.168,0.168,0.395,0.000,0.017,0.017,0.168,0.168,0.000,0.000,0.000,0.017,0.017,0.000,0.005,0.005,0.009,0.086,0.086,0.395,0.531,0.531,0.531,0.159,0.270,0.284,0.111,0.110,0.334,0.309,0.191,0.191,0.531,0.053,0.456,0.449,0.440,0.401,0.464,0.489,0.416,0.601,0.097,0.173,0.484,0.394,0.334,0.244,0.286,0.362,0.311,0.360,0.303,0.306,0.230,0.377,0.439,0.274,0.431,0.334,0.131,0.259,0.210,0.115,0.470,0.221,0.287,0.271,0.302,0.074,0.000,0.000,0.204,0.000,0.000,0.000,0.000,0.000,0.000,0.000,0.000,0.000,0.000,0.000,0.000,0.000,0.000,0.000,0.000,0.000,0.000,0.000,0.000,0.000,0.000,0.000,0.000,0.000,0.000,0.000,0.000,0.000,0.000,0.000,0.000,0.000,0.000,0.000,0.000,0.000,0.000,0.005,0.259,0.412,0.202,0.285,0.193,0.091,0.146,0.000,0.239,0.272,0.404,0.185,0.299,0.390,0.265
1931,0.009,0.009,0.009,0.009,0.009,0.009,0.009,0.009,0.009,0.000,0.000,0.000,0.000,0.000,0.000,0.000,0.000,0.000,0.000,0.000,0.000,0.101,0.104,0.297,0.297,0.297,0.297,0.444,0.101,0.104,0.104,0.297,0.297,0.297,0.297,0.444,0.444,0.395,0.000,0.297,0.093,0.093,0.086,0.444,0.086,0.086,0.444,0.168,0.168,0.395,0.000,0.017,0.017,0.168,0.168,0.000,0.000,0.000,0.017,0.017,0.000,0.005,0.005,0.009,0.086,0.086,0.395,0.531,0.531,0.531,0.159,0.270,0.284,0.111,0.110,0.334,0.309,0.191,0.191,0.531,0.053,0.456,0.449,0.440,0.401,0.464,0.489,0.416,0.601,0.097,0.173,0.484,0.394,0.334,0.244,0.286,0.362,0.311,0.360,0.303,0.306,0.230,0.377,0.439,0.274,0.431,0.334,0.131,0.259,0.210,0.115,0.470,0.221,0.287,0.271,0.302,0.074,0.000,0.000,0.204,0.000,0.000,0.000,0.000,0.000,0.000,0.000,0.000,0.000,0.000,0.000,0.000,0.000,0.000,0.000,0.000,0.000,0.000,0.000,0.000,0.000,0.000,0.000,0.000,0.000,0.000,0.000,0.000,0.000,0.000,0.000,0.000,0.000,0.000,0.000,0.000,0.000,0.000,0.005,0.259,0.412,0.202,0.285,0.193,0.091,0.146,0.000,0.239,0.272,0.404,0.185,0.299,0.390,0.265
1932,0.009,0.009,0.009,0.009,0.009,0.009,0.009,0.009,0.009,0.000,0.000,0.000,0.000,0.000,0.000,0.000,0.000,0.000,0.000,0.000,0.000,0.101,0.104,0.297,0.297,0.297,0.297,0.444,0.101,0.104,0.104,0.297,0.297,0.297,0.297,0.444,0.444,0.395,0.000,0.297,0.093,0.093,0.086,0.444,0.086,0.086,0.444,0.168,0.168,0.395,0.000,0.017,0.017,0.168,0.168,0.000,0.000,0.000,0.017,0.017,0.000,0.005,0.005,0.009,0.086,0.086,0.395,0.531,0.531,0.531,0.159,0.270,0.284,0.111,0.110,0.334,0.309,0.191,0.191,0.531,0.053,0.456,0.449,0.440,0.401,0.464,0.489,0.416,0.601,0.097,0.173,0.484,0.394,0.334,0.244,0.286,0.362,0.311,0.360,0.303,0.306,0.230,0.377,0.439,0.274,0.431,0.334,0.131,0.259,0.210,0.115,0.470,0.221,0.287,0.271,0.302,0.074,0.000,0.000,0.204,0.000,0.000,0.000,0.000,0.000,0.000,0.000,0.000,0.000,0.000,0.000,0.000,0.000,0.000,0.000,0.000,0.000,0.000,0.000,0.000,0.000,0.000,0.000,0.000,0.000,0.000,0.000,0.000,0.000,0.000,0.000,0.000,0.000,0.000,0.000,0.000,0.000,0.000,0.005,0.259,0.412,0.202,0.285,0.193,0.091,0.146,0.000,0.239,0.272,0.404,0.185,0.299,0.390,0.265
2001,0.009,0.009,0.009,0.009,0.009,0.009,0.009,0.009,0.009,0.051,0.051,0.051,0.051,0.043,0.043,0.043,0.093,0.093,0.093,0.093,0.043,0.101,0.104,0.297,0.297,0.297,0.297,0.444,0.101,0.104,0.104,0.297,0.297,0.297,0.297,0.444,0.444,0.395,0.000,0.297,0.000,0.000,0.000,0.000,0.000,0.000,0.000,0.168,0.168,0.395,0.000,0.017,0.017,0.168,0.168,0.000,0.000,0.000,0.017,0.017,0.000,0.005,0.005,0.009,0.086,0.086,0.395,0.531,0.531,0.531,0.159,0.270,0.284,0.111,0.110,0.334,0.309,0.191,0.191,0.531,0.053,0.456,0.449,0.440,0.401,0.464,0.489,0.416,0.601,0.097,0.173,0.484,0.394,0.334,0.244,0.286,0.362,0.311,0.360,0.303,0.306,0.230,0.377,0.439,0.274,0.431,0.334,0.131,0.259,0.210,0.115,0.470,0.221,0.287,0.271,0.302,0.074,0.000,0.000,0.204,0.000,0.000,0.000,0.000,0.000,0.000,0.000,0.000,0.000,0.000,0.000,0.000,0.000,0.000,0.000,0.000,0.000,0.000,0.000,0.000,0.000,0.000,0.000,0.000,0.000,0.000,0.000,0.000,0.000,0.000,0.000,0.000,0.000,0.000,0.000,0.000,0.000,0.000,0.005,0.259,0.412,0.202,0.285,0.193,0.091,0.146,0.000,0.239,0.272,0.404,0.185,0.299,0.390,0.265
2002,0.009,0.009,0.009,0.009,0.009,0.009,0.009,0.009,0.009,0.051,0.051,0.051,0.051,0.043,0.043,0.043,0.093,0.093,0.093,0.093,0.043,0.101,0.104,0.297,0.297,0.297,0.297,0.444,0.101,0.104,0.104,0.297,0.297,0.297,0.297,0.444,0.444,0.395,0.000,0.297,0.000,0.000,0.000,0.000,0.000,0.000,0.000,0.168,0.168,0.395,0.000,0.017,0.017,0.168,0.168,0.000,0.000,0.000,0.017,0.017,0.000,0.005,0.005,0.009,0.086,0.086,0.395,0.531,0.531,0.531,0.159,0.270,0.284,0.111,0.110,0.334,0.309,0.191,0.191,0.531,0.053,0.456,0.449,0.440,0.401,0.464,0.489,0.416,0.601,0.097,0.173,0.484,0.394,0.334,0.244,0.286,0.362,0.311,0.360,0.303,0.306,0.230,0.377,0.439,0.274,0.431,0.334,0.131,0.259,0.210,0.115,0.470,0.221,0.287,0.271,0.302,0.074,0.000,0.000,0.204,0.000,0.000,0.000,0.000,0.000,0.000,0.000,0.000,0.000,0.000,0.000,0.000,0.000,0.000,0.000,0.000,0.000,0.000,0.000,0.000,0.000,0.000,0.000,0.000,0.000,0.000,0.000,0.000,0.000,0.000,0.000,0.000,0.000,0.000,0.000,0.000,0.000,0.000,0.005,0.259,0.412,0.202,0.285,0.193,0.091,0.146,0.000,0.239,0.272,0.404,0.185,0.299,0.390,0.265
2003,0.009,0.009,0.009,0.009,0.009,0.009,0.009,0.009,0.009,0.051,0.051,0.051,0.051,0.043,0.043,0.043,0.093,0.093,0.093,0.093,0.043,0.101,0.104,0.297,0.297,0.297,0.297,0.444,0.101,0.104,0.104,0.297,0.297,0.297,0.297,0.444,0.444,0.395,0.000,0.297,0.000,0.000,0.000,0.000,0.000,0.000,0.000,0.168,0.168,0.395,0.000,0.017,0.017,0.168,0.168,0.000,0.000,0.000,0.017,0.017,0.000,0.005,0.005,0.009,0.086,0.086,0.395,0.531,0.531,0.531,0.159,0.270,0.284,0.111,0.110,0.334,0.309,0.191,0.191,0.531,0.053,0.456,0.449,0.440,0.401,0.464,0.489,0.416,0.601,0.097,0.173,0.484,0.394,0.334,0.244,0.286,0.362,0.311,0.360,0.303,0.306,0.230,0.377,0.439,0.274,0.431,0.334,0.131,0.259,0.210,0.115,0.470,0.221,0.287,0.271,0.302,0.074,0.000,0.000,0.204,0.000,0.000,0.000,0.000,0.000,0.000,0.000,0.000,0.000,0.000,0.000,0.000,0.000,0.000,0.000,0.000,0.000,0.000,0.000,0.000,0.000,0.000,0.000,0.000,0.000,0.000,0.000,0.000,0.000,0.000,0.000,0.000,0.000,0.000,0.000,0.000,0.000,0.000,0.005,0.259,0.412,0.202,0.285,0.193,0.091,0.146,0.000,0.239,0.272,0.404,0.185,0.299,0.390,0.265
2004,0.009,0.009,0.009,0.009,0.009,0.009,0.009,0.009,0.009,0.051,0.051,0.051,0.051,0.043,0.043,0.043,0.093,0.093,0.093,0.093,0.043,0.101,0.104,0.297,0.297,0.297,0.297,0.444,0.101,0.104,0.104,0.297,0.297,0.297,0.297,0.444,0.444,0.395,0.000,0.297,0.000,0.000,0.000,0.000,0.000,0.000,0.000,0.168,0.168,0.395,0.000,0.017,0.017,0.168,0.168,0.000,0.000,0.000,0.017,0.017,0.000,0.005,0.005,0.009,0.086,0.086,0.395,0.531,0.531,0.531,0.159,0.270,0.284,0.111,0.110,0.334,0.309,0.191,0.191,0.531,0.053,0.456,0.449,0.440,0.401,0.464,0.489,0.416,0.601,0.097,0.173,0.484,0.394,0.334,0.244,0.286,0.362,0.311,0.360,0.303,0.306,0.230,0.377,0.439,0.274,0.431,0.334,0.131,0.259,0.210,0.115,0.470,0.221,0.287,0.271,0.302,0.074,0.000,0.000,0.204,0.000,0.000,0.000,0.000,0.000,0.000,0.000,0.000,0.000,0.000,0.000,0.000,0.000,0.000,0.000,0.000,0.000,0.000,0.000,0.000,0.000,0.000,0.000,0.000,0.000,0.000,0.000,0.000,0.000,0.000,0.000,0.000,0.000,0.000,0.000,0.000,0.000,0.000,0.005,0.259,0.412,0.202,0.285,0.193,0.091,0.146,0.000,0.239,0.272,0.404,0.185,0.299,0.390,0.265
2005,0.009,0.009,0.009,0.009,0.009,0.009,0.009,0.009,0.009,0.051,0.051,0.051,0.051,0.043,0.043,0.043,0.093,0.093,0.093,0.093,0.043,0.101,0.104,0.297,0.297,0.297,0.297,0.444,0.101,0.104,0.104,0.297,0.297,0.297,0.297,0.444,0.444,0.395,0.000,0.297,0.000,0.000,0.000,0.000,0.000,0.000,0.000,0.168,0.168,0.395,0.000,0.017,0.017,0.168,0.168,0.000,0.000,0.000,0.017,0.017,0.000,0.005,0.005,0.009,0.086,0.086,0.395,0.531,0.531,0.531,0.159,0.270,0.284,0.111,0.110,0.334,0.309,0.191,0.191,0.531,0.053,0.456,0.449,0.440,0.401,0.464,0.489,0.416,0.601,0.097,0.173,0.484,0.394,0.334,0.244,0.286,0.362,0.311,0.360,0.303,0.306,0.230,0.377,0.439,0.274,0.431,0.334,0.131,0.259,0.210,0.115,0.470,0.221,0.287,0.271,0.302,0.074,0.000,0.000,0.204,0.000,0.000,0.000,0.000,0.000,0.000,0.000,0.000,0.000,0.000,0.000,0.000,0.000,0.000,0.000,0.000,0.000,0.000,0.000,0.000,0.000,0.000,0.000,0.000,0.000,0.000,0.000,0.000,0.000,0.000,0.000,0.000,0.000,0.000,0.000,0.000,0.000,0.000,0.005,0.259,0.412,0.202,0.285,0.193,0.091,0.146,0.000,0.239,0.272,0.404,0.185,0.299,0.390,0.265
2007,0.009,0.009,0.009,0.009,0.009,0.009,0.009,0.009,0.009,0.051,0.051,0.051,0.051,0.043,0.043,0.043,0.093,0.093,0.093,0.093,0.043,0.101,0.104,0.297,0.297,0.297,0.297,0.444,0.101,0.104,0.104,0.297,0.297,0.297,0.297,0.444,0.444,0.395,0.000,0.297,0.000,0.000,0.000,0.000,0.000,0.000,0.000,0.168,0.168,0.395,0.000,0.017,0.017,0.168,0.168,0.000,0.000,0.000,0.017,0.017,0.000,0.005,0.005,0.009,0.086,0.086,0.395,0.531,0.531,0.531,0.159,0.270,0.284,0.111,0.110,0.334,0.309,0.191,0.191,0.531,0.053,0.456,0.449,0.440,0.401,0.464,0.489,0.416,0.601,0.097,0.173,0.484,0.394,0.334,0.244,0.286,0.362,0.311,0.360,0.303,0.306,0.230,0.377,0.439,0.274,0.431,0.334,0.131,0.259,0.210,0.115,0.470,0.221,0.287,0.271,0.302,0.074,0.000,0.000,0.204,0.000,0.000,0.000,0.000,0.000,0.000,0.000,0.000,0.000,0.000,0.000,0.000,0.000,0.000,0.000,0.000,0.000,0.000,0.000,0.000,0.000,0.000,0.000,0.000,0.000,0.000,0.000,0.000,0.000,0.000,0.000,0.000,0.000,0.000,0.000,0.000,0.000,0.000,0.005,0.259,0.412,0.202,0.285,0.193,0.091,0.146,0.000,0.239,0.272,0.404,0.185,0.299,0.390,0.265
2008,0.009,0.009,0.009,0.009,0.009,0.009,0.009,0.009,0.009,0.051,0.051,0.051,0.051,0.043,0.043,0.043,0.093,0.093,0.093,0.093,0.043,0.101,0.104,0.297,0.297,0.297,0.297,0.444,0.101,0.104,0.104,0.297,0.297,0.297,0.297,0.444,0.444,0.395,0.000,0.297,0.000,0.000,0.000,0.000,0.000,0.000,0.000,0.168,0.168,0.395,0.000,0.017,0.017,0.168,0.168,0.000,0.000,0.000,0.017,0.017,0.000,0.005,0.005,0.009,0.086,0.086,0.395,0.531,0.531,0.531,0.159,0.270,0.284,0.111,0.110,0.334,0.309,0.191,0.191,0.531,0.053,0.456,0.449,0.440,0.401,0.464,0.489,0.416,0.601,0.097,0.173,0.484,0.394,0.334,0.244,0.286,0.362,0.311,0.360,0.303,0.306,0.230,0.377,0.439,0.274,0.431,0.334,0.131,0.259,0.210,0.115,0.470,0.221,0.287,0.271,0.302,0.074,0.000,0.000,0.204,0.000,0.000,0.000,0.000,0.000,0.000,0.000,0.000,0.000,0.000,0.000,0.000,0.000,0.000,0.000,0.000,0.000,0.000,0.000,0.000,0.000,0.000,0.000,0.000,0.000,0.000,0.000,0.000,0.000,0.000,0.000,0.000,0.000,0.000,0.000,0.000,0.000,0.000,0.005,0.259,0.412,0.202,0.285,0.193,0.091,0.146,0.000,0.239,0.272,0.404,0.185,0.299,0.390,0.265
2009,0.009,0.009,0.009,0.009,0.009,0.009,0.009,0.009,0.009,0.051,0.051,0.051,0.051,0.043,0.043,0.043,0.093,0.093,0.093,0.093,0.043,0.101,0.104,0.297,0.297,0.297,0.297,0.444,0.101,0.104,0.104,0.297,0.297,0.297,0.297,0.444,0.444,0.395,0.000,0.297,0.000,0.000,0.000,0.000,0.000,0.000,0.000,0.168,0.168,0.395,0.000,0.017,0.017,0.168,0.168,0.000,0.000,0.000,0.017,0.017,0.000,0.005,0.005,0.009,0.086,0.086,0.395,0.531,0.531,0.531,0.159,0.270,0.284,0.111,0.110,0.334,0.309,0.191,0.191,0.531,0.053,0.456,0.449,0.440,0.401,0.464,0.489,0.416,0.601,0.097,0.173,0.484,0.394,0.334,0.244,0.286,0.362,0.311,0.360,0.303,0.306,0.230,0.377,0.439,0.274,0.431,0.334,0.131,0.259,0.210,0.115,0.470,0.221,0.287,0.271,0.302,0.074,0.000,0.000,0.204,0.000,0.000,0.000,0.000,0.000,0.000,0.000,0.000,0.000,0.000,0.000,0.000,0.000,0.000,0.000,0.000,0.000,0.000,0.000,0.000,0.000,0.000,0.000,0.000,0.000,0.000,0.000,0.000,0.000,0.000,0.000,0.000,0.000,0.000,0.000,0.000,0.000,0.000,0.005,0.259,0.412,0.202,0.285,0.193,0.091,0.146,0.000,0.239,0.272,0.404,0.185,0.299,0.390,0.265
2010,0.009,0.009,0.009,0.009,0.009,0.009,0.009,0.009,0.009,0.051,0.051,0.051,0.051,0.043,0.043,0.043,0.093,0.093,0.093,0.093,0.043,0.101,0.104,0.297,0.297,0.297,0.297,0.444,0.101,0.104,0.104,0.297,0.297,0.297,0.297,0.444,0.444,0.395,0.000,0.297,0.000,0.000,0.000,0.000,0.000,0.000,0.000,0.168,0.168,0.395,0.000,0.017,0.017,0.168,0.168,0.000,0.000,0.000,0.017,0.017,0.000,0.005,0.005,0.009,0.086,0.086,0.395,0.531,0.531,0.531,0.159,0.270,0.284,0.111,0.110,0.334,0.309,0.191,0.191,0.531,0.053,0.456,0.449,0.440,0.401,0.464,0.489,0.416,0.601,0.097,0.173,0.484,0.394,0.334,0.244,0.286,0.362,0.311,0.360,0.303,0.306,0.230,0.377,0.439,0.274,0.431,0.334,0.131,0.259,0.210,0.115,0.470,0.221,0.287,0.271,0.302,0.074,0.000,0.000,0.204,0.000,0.000,0.000,0.000,0.000,0.000,0.000,0.000,0.000,0.000,0.000,0.000,0.000,0.000,0.000,0.000,0.000,0.000,0.000,0.000,0.000,0.000,0.000,0.000,0.000,0.000,0.000,0.000,0.000,0.000,0.000,0.000,0.000,0.000,0.000,0.000,0.000,0.000,0.005,0.259,0.412,0.202,0.285,0.193,0.091,0.146,0.000,0.239,0.272,0.404,0.185,0.299,0.390,0.265
2011,0.009,0.009,0.009,0.009,0.009,0.009,0.009,0.009,0.009,0.051,0.051,0.051,0.051,0.043,0.043,0.043,0.093,0.093,0.093,0.093,0.043,0.101,0.104,0.297,0.297,0.297,0.297,0.444,0.101,0.104,0.104,0.297,0.297,0.297,0.297,0.444,0.444,0.395,0.000,0.297,0.000,0.000,0.000,0.000,0.000,0.000,0.000,0.168,0.168,0.395,0.000,0.017,0.017,0.168,0.168,0.000,0.000,0.000,0.017,0.017,0.000,0.005,0.005,0.009,0.086,0.086,0.395,0.531,0.531,0.531,0.159,0.270,0.284,0.111,0.110,0.334,0.309,0.191,0.191,0.531,0.053,0.456,0.449,0.440,0.401,0.464,0.489,0.416,0.601,0.097,0.173,0.484,0.394,0.334,0.244,0.286,0.362,0.311,0.360,0.303,0.306,0.230,0.377,0.439,0.274,0.431,0.334,0.131,0.259,0.210,0.115,0.470,0.221,0.287,0.271,0.302,0.074,0.000,0.000,0.204,0.000,0.000,0.000,0.000,0.000,0.000,0.000,0.000,0.000,0.000,0.000,0.000,0.000,0.000,0.000,0.000,0.000,0.000,0.000,0.000,0.000,0.000,0.000,0.000,0.000,0.000,0.000,0.000,0.000,0.000,0.000,0.000,0.000,0.000,0.000,0.000,0.000,0.000,0.005,0.259,0.412,0.202,0.285,0.193,0.091,0.146,0.000,0.239,0.272,0.404,0.185,0.299,0.390,0.265
2012,0.009,0.009,0.009,0.009,0.009,0.009,0.009,0.009,0.009,0.051,0.051,0.051,0.051,0.043,0.043,0.043,0.093,0.093,0.093,0.093,0.043,0.101,0.104,0.297,0.297,0.297,0.297,0.444,0.101,0.104,0.104,0.297,0.297,0.297,0.297,0.444,0.444,0.395,0.000,0.297,0.000,0.000,0.000,0.000,0.000,0.000,0.000,0.168,0.168,0.395,0.000,0.017,0.017,0.168,0.168,0.000,0.000,0.000,0.017,0.017,0.000,0.005,0.005,0.009,0.086,0.086,0.395,0.531,0.531,0.531,0.159,0.270,0.284,0.111,0.110,0.334,0.309,0.191,0.191,0.531,0.053,0.456,0.449,0.440,0.401,0.464,0.489,0.416,0.601,0.097,0.173,0.484,0.394,0.334,0.244,0.286,0.362,0.311,0.360,0.303,0.306,0.230,0.377,0.439,0.274,0.431,0.334,0.131,0.259,0.210,0.115,0.470,0.221,0.287,0.271,0.302,0.074,0.000,0.000,0.204,0.000,0.000,0.000,0.000,0.000,0.000,0.000,0.000,0.000,0.000,0.000,0.000,0.000,0.000,0.000,0.000,0.000,0.000,0.000,0.000,0.000,0.000,0.000,0.000,0.000,0.000,0.000,0.000,0.000,0.000,0.000,0.000,0.000,0.000,0.000,0.000,0.000,0.000,0.005,0.259,0.412,0.202,0.285,0.193,0.091,0.146,0.000,0.239,0.272,0.404,0.185,0.299,0.390,0.265
2013,0.009,0.009,0.009,0.009,0.009,0.009,0.009,0.009,0.009,0.051,0.051,0.051,0.051,0.043,0.043,0.043,0.093,0.093,0.093,0.093,0.043,0.101,0.104,0.297,0.297,0.297,0.297,0.444,0.101,0.104,0.104,0.297,0.297,0.297,0.297,0.444,0.444,0.395,0.000,0.297,0.000,0.000,0.000,0.000,0.000,0.000,0.000,0.168,0.168,0.395,0.000,0.017,0.017,0.168,0.168,0.000,0.000,0.000,0.017,0.017,0.000,0.005,0.005,0.009,0.086,0.086,0.395,0.531,0.531,0.531,0.159,0.270,0.284,0.111,0.110,0.334,0.309,0.191,0.191,0.531,0.053,0.456,0.449,0.440,0.401,0.464,0.489,0.416,0.601,0.097,0.173,0.484,0.394,0.334,0.244,0.286,0.362,0.311,0.360,0.303,0.306,0.230,0.377,0.439,0.274,0.431,0.334,0.131,0.259,0.210,0.115,0.470,0.221,0.287,0.271,0.302,0.074,0.000,0.000,0.204,0.000,0.000,0.000,0.000,0.000,0.000,0.000,0.000,0.000,0.000,0.000,0.000,0.000,0.000,0.000,0.000,0.000,0.000,0.000,0.000,0.000,0.000,0.000,0.000,0.000,0.000,0.000,0.000,0.000,0.000,0.000,0.000,0.000,0.000,0.000,0.000,0.000,0.000,0.005,0.259,0.412,0.202,0.285,0.193,0.091,0.146,0.000,0.239,0.272,0.404,0.185,0.299,0.390,0.265
2101,0.004,0.004,0.004,0.004,0.004,0.004,0.004,0.004,0.004,0.044,0.044,0.044,0.044,0.048,0.048,0.048,0.061,0.061,0.061,0.061,0.048,0.071,0.053,0.079,0.079,0.079,0.079,0.137,0.000,0.000,0.000,0.000,0.000,0.000,0.000,0.000,0.000,0.000,0.000,0.000,0.061,0.061,0.068,0.137,0.068,0.068,0.137,0.051,0.051,0.164,0.000,0.005,0.005,0.051,0.051,0.000,0.000,0.000,0.005,0.005,0.000,0.000,0.000,0.004,0.068,0.068,0.164,0.205,0.205,0.205,0.092,0.166,0.382,0.273,0.270,0.213,0.194,0.113,0.113,0.205,0.143,0.360,0.444,0.435,0.396,0.367,0.391,0.323,0.503,0.244,0.385,0.386,0.304,0.438,0.334,0.385,0.468,0.413,0.467,0.404,0.407,0.230,0.377,0.439,0.274,0.431,0.334,0.131,0.259,0.210,0.115,0.470,0.221,0.385,0.270,0.302,0.074,0.000,0.000,0.434,0.002,0.002,0.002,0.002,0.002,0.002,0.002,0.002,0.002,0.002,0.002,0.002,0.002,0.002,0.002,0.002,0.002,0.002,0.002,0.002,0.002,0.002,0.002,0.002,0.002,0.002,0.002,0.002,0.002,0.002,0.002,0.002,0.002,0.002,0.002,0.002,0.002,0.002,0.000,0.259,0.412,0.202,0.285,0.193,0.091,0.146,0.000,0.239,0.272,0.404,0.185,0.299,0.390,0.265
2401,0.000,0.000,0.000,0.000,0.000,0.000,0.000,0.000,0.000,0.286,0.286,0.286,0.286,0.286,0.286,0.286,0.416,0.416,0.416,0.416,0.286,0.143,0.142,0.142,0.142,0.142,0.142,0.142,0.143,0.142,0.142,0.142,0.142,0.142,0.142,0.142,0.142,0.142,0.000,0.142,0.416,0.416,0.299,0.142,0.299,0.299,0.142,0.286,0.286,0.142,0.000,0.286,0.286,0.286,0.286,0.000,0.000,0.000,0.286,0.286,0.000,0.000,0.000,0.286,0.299,0.299,0.142,0.142,0.142,0.142,0.103,0.183,0.216,0.225,0.222,0.234,0.213,0.125,0.125,0.142,0.114,0.267,0.345,0.336,0.302,0.273,0.293,0.236,0.395,0.199,0.325,0.289,0.220,0.258,0.183,0.218,0.282,0.239,0.281,0.232,0.235,0.200,0.315,0.372,0.223,0.402,0.307,0.000,0.000,0.000,0.000,0.440,0.000,0.218,0.247,0.000,0.000,0.000,0.000,0.371,0.285,0.285,0.285,0.285,0.285,0.285,0.285,0.285,0.285,0.285,0.285,0.285,0.285,0.285,0.285,0.285,0.285,0.285,0.285,0.285,0.285,0.285,0.285,0.285,0.285,0.285,0.285,0.285,0.285,0.285,0.285,0.285,0.285,0.285,0.285,0.285,0.285,0.285,0.285,0.000,0.360,0.169,0.243,0.161,0.075,0.121,0.000,0.202,0.231,0.353,0.155,0.255,0.339,0.225
2402,0.000,0.000,0.000,0.000,0.000,0.000,0.000,0.000,0.000,0.410,0.410,0.410,0.410,0.410,0.410,0.410,0.410,0.410,0.410,0.410,0.410,0.766,0.768,0.775,0.775,0.775,0.775,0.767,0.766,0.768,0.768,0.775,0.775,0.775,0.775,0.767,0.767,0.724,0.000,0.775,0.410,0.410,0.410,0.767,0.410,0.410,0.767,0.409,0.409,0.724,0.000,0.410,0.410,0.409,0.409,0.000,0.000,0.000,0.410,0.410,0.000,0.000,0.000,0.410,0.410,0.410,0.724,0.790,0.790,0.790,0.235,0.376,0.354,0.455,0.450,0.450,0.421,0.278,0.277,0.790,0.270,0.374,0.451,0.441,0.403,0.382,0.406,0.337,0.519,0.417,0.581,0.401,0.317,0.409,0.308,0.356,0.439,0.384,0.437,0.375,0.378,0.380,0.514,0.577,0.398,0.607,0.505,0.381,0.588,0.521,0.346,0.644,0.537,0.357,0.431,0.639,0.245,0.000,0.000,0.630,0.409,0.409,0.409,0.409,0.409,0.409,0.409,0.409,0.409,0.409,0.409,0.409,0.409,0.409,0.409,0.409,0.409,0.409,0.409,0.409,0.409,0.409,0.409,0.409,0.409,0.409,0.409,0.409,0.409,0.409,0.409,0.409,0.409,0.409,0.409,0.409,0.409,0.409,0.410,0.588,0.000,0.000,0.000,0.000,0.000,0.000,0.000,0.000,0.000,0.000,0.000,0.000,0.000,0.000
2403,0.000,0.000,0.000,0.000,0.000,0.000,0.000,0.000,0.000,0.200,0.200,0.200,0.200,0.200,0.200,0.200,0.200,0.200,0.200,0.200,0.200,0.542,0.544,0.554,0.554,0.554,0.554,0.543,0.542,0.544,0.544,0.554,0.554,0.554,0.554,0.543,0.543,0.486,0.000,0.554,0.200,0.200,0.200,0.543,0.200,0.200,0.543,0.200,0.200,0.486,0.000,0.200,0.200,0.200,0.200,0.000,0.000,0.000,0.200,0.200,0.000,0.000,0.000,0.200,0.200,0.200,0.486,0.575,0.575,0.575,0.100,0.179,0.165,0.231,0.228,0.228,0.208,0.122,0.122,0.575,0.118,0.178,0.229,0.222,0.196,0.183,0.198,0.155,0.280,0.206,0.334,0.195,0.144,0.200,0.138,0.167,0.220,0.184,0.219,0.178,0.180,0.181,0.277,0.330,0.193,0.358,0.269,0.182,0.340,0.282,0.160,0.395,0.295,0.167,0.215,0.389,0.105,0.000,0.000,0.380,0.200,0.200,0.200,0.200,0.200,0.200,0.200,0.200,0.200,0.200,0.200,0.200,0.200,0.200,0.200,0.200,0.200,0.200,0.200,0.200,0.200,0.200,0.200,0.200,0.200,0.200,0.200,0.200,0.200,0.200,0.200,0.200,0.200,0.200,0.200,0.200,0.200,0.200,0.200,0.340,0.000,0.000,0.000,0.000,0.000,0.000,0.000,0.000,0.000,0.000,0.000,0.000,0.000,0.000
2404,0.000,0.000,0.000,0.000,0.000,0.000,0.000,0.000,0.000,0.284,0.284,0.284,0.284,0.284,0.284,0.284,0.284,0.284,0.284,0.284,0.284,0.652,0.653,0.663,0.663,0.663,0.663,0.653,0.652,0.653,0.653,0.663,0.663,0.663,0.663,0.653,0.653,0.599,0.000,0.663,0.284,0.284,0.284,0.653,0.284,0.284,0.653,0.284,0.284,0.599,0.000,0.284,0.284,0.284,0.284,0.000,0.000,0.000,0.284,0.284,0.000,0.000,0.000,0.284,0.284,0.284,0.599,0.682,0.682,0.682,0.149,0.256,0.238,0.322,0.319,0.318,0.293,0.180,0.180,0.682,0.174,0.255,0.319,0.311,0.278,0.261,0.281,0.225,0.381,0.290,0.442,0.277,0.210,0.283,0.202,0.240,0.308,0.262,0.307,0.255,0.258,0.259,0.377,0.438,0.274,0.469,0.368,0.260,0.449,0.383,0.232,0.508,0.398,0.240,0.302,0.502,0.156,0.000,0.000,0.492,0.284,0.284,0.284,0.284,0.284,0.284,0.284,0.284,0.284,0.284,0.284,0.284,0.284,0.284,0.284,0.284,0.284,0.284,0.284,0.284,0.284,0.284,0.284,0.284,0.284,0.284,0.284,0.284,0.284,0.284,0.284,0.284,0.284,0.284,0.284,0.284,0.284,0.284,0.284,0.449,0.000,0.000,0.000,0.000,0.000,0.000,0.000,0.000,0.000,0.000,0.000,0.000,0.000,0.000
2405,0.000,0.000,0.000,0.000,0.000,0.000,0.000,0.000,0.000,0.191,0.191,0.191,0.191,0.191,0.191,0.191,0.191,0.191,0.191,0.191,0.191,0.528,0.530,0.540,0.540,0.540,0.540,0.529,0.528,0.530,0.530,0.540,0.540,0.540,0.540,0.529,0.529,0.472,0.000,0.540,0.191,0.191,0.191,0.529,0.191,0.191,0.529,0.191,0.191,0.472,0.000,0.191,0.191,0.191,0.191,0.000,0.000,0.000,0.191,0.191,0.000,0.000,0.000,0.191,0.191,0.191,0.472,0.561,0.561,0.561,0.095,0.170,0.157,0.221,0.218,0.218,0.199,0.116,0.116,0.561,0.112,0.169,0.219,0.212,0.187,0.174,0.189,0.148,0.269,0.196,0.321,0.186,0.137,0.191,0.132,0.159,0.210,0.175,0.209,0.170,0.172,0.173,0.265,0.318,0.184,0.345,0.258,0.173,0.327,0.270,0.153,0.382,0.283,0.159,0.205,0.376,0.100,0.000,0.000,0.367,0.191,0.191,0.191,0.191,0.191,0.191,0.191,0.191,0.191,0.191,0.191,0.191,0.191,0.191,0.191,0.191,0.191,0.191,0.191,0.191,0.191,0.191,0.191,0.191,0.191,0.191,0.191,0.191,0.191,0.191,0.191,0.191,0.191,0.191,0.191,0.191,0.191,0.191,0.191,0.328,0.000,0.000,0.000,0.000,0.000,0.000,0.000,0.000,0.000,0.000,0.000,0.000,0.000,0.000
2406,0.000,0.000,0.000,0.000,0.000,0.000,0.000,0.000,0.000,0.090,0.090,0.090,0.090,0.090,0.090,0.090,0.090,0.090,0.090,0.090,0.090,0.320,0.321,0.330,0.330,0.330,0.330,0.321,0.320,0.321,0.321,0.330,0.330,0.330,0.330,0.321,0.321,0.273,0.000,0.330,0.090,0.090,0.090,0.321,0.090,0.090,0.321,0.090,0.090,0.273,0.000,0.090,0.090,0.090,0.090,0.000,0.000,0.000,0.090,0.090,0.000,0.000,0.000,0.090,0.090,0.090,0.273,0.350,0.350,0.350,0.042,0.079,0.073,0.107,0.105,0.105,0.094,0.052,0.052,0.350,0.050,0.079,0.105,0.102,0.088,0.081,0.089,0.068,0.134,0.093,0.166,0.088,0.062,0.090,0.060,0.074,0.101,0.082,0.100,0.079,0.080,0.081,0.132,0.164,0.087,0.182,0.128,0.081,0.170,0.135,0.070,0.206,0.143,0.074,0.098,0.202,0.045,0.000,0.000,0.196,0.090,0.090,0.090,0.090,0.090,0.090,0.090,0.090,0.090,0.090,0.090,0.090,0.090,0.090,0.090,0.090,0.090,0.090,0.090,0.090,0.090,0.090,0.090,0.090,0.090,0.090,0.090,0.090,0.090,0.090,0.090,0.090,0.090,0.090,0.090,0.090,0.090,0.090,0.090,0.170,0.000,0.000,0.000,0.000,0.000,0.000,0.000,0.000,0.000,0.000,0.000,0.000,0.000,0.000
2407,0.000,0.000,0.000,0.000,0.000,0.000,0.000,0.000,0.000,0.145,0.145,0.145,0.145,0.145,0.145,0.145,0.145,0.145,0.145,0.145,0.145,0.445,0.447,0.457,0.457,0.457,0.457,0.446,0.445,0.447,0.447,0.457,0.457,0.457,0.457,0.446,0.446,0.391,0.000,0.457,0.145,0.145,0.145,0.446,0.145,0.145,0.446,0.145,0.145,0.391,0.000,0.145,0.145,0.145,0.145,0.000,0.000,0.000,0.145,0.145,0.000,0.000,0.000,0.145,0.145,0.145,0.391,0.479,0.479,0.479,0.070,0.129,0.118,0.170,0.167,0.167,0.151,0.086,0.086,0.479,0.083,0.128,0.168,0.162,0.142,0.132,0.144,0.111,0.209,0.149,0.254,0.141,0.102,0.145,0.098,0.119,0.161,0.132,0.160,0.128,0.130,0.130,0.206,0.251,0.139,0.275,0.200,0.131,0.259,0.210,0.115,0.307,0.221,0.120,0.156,0.302,0.074,0.000,0.000,0.294,0.145,0.145,0.145,0.145,0.145,0.145,0.145,0.145,0.145,0.145,0.145,0.145,0.145,0.145,0.145,0.145,0.145,0.145,0.145,0.145,0.145,0.145,0.145,0.145,0.145,0.145,0.145,0.145,0.145,0.145,0.145,0.145,0.145,0.145,0.145,0.145,0.145,0.145,0.145,0.259,0.000,0.000,0.000,0.000,0.000,0.000,0.000,0.000,0.000,0.000,0.000,0.000,0.000,0.000
2408,0.000,0.000,0.000,0.000,0.000,0.000,0.000,0.000,0.000,0.000,0.000,0.000,0.000,0.000,0.000,0.000,0.000,0.000,0.000,0.000,0.000,0.000,0.000,0.000,0.000,0.000,0.000,0.000,0.000,0.000,0.000,0.000,0.000,0.000,0.000,0.000,0.000,0.000,0.000,0.000,0.000,0.000,0.000,0.000,0.000,0.000,0.000,0.000,0.000,0.000,0.000,0.000,0.000,0.000,0.000,0.000,0.000,0.000,0.000,0.000,0.000,0.000,0.000,0.000,0.000,0.000,0.000,0.000,0.000,0.000,0.000,0.000,0.000,0.000,0.000,0.000,0.000,0.000,0.000,0.000,0.000,0.000,0.000,0.000,0.000,0.000,0.000,0.000,0.000,0.000,0.000,0.000,0.000,0.000,0.000,0.000,0.000,0.000,0.000,0.000,0.000,0.000,0.000,0.000,0.000,0.000,0.000,0.000,0.000,0.000,0.000,0.000,0.000,0.000,0.000,0.000,0.000,0.000,0.000,0.000,0.000,0.000,0.000,0.000,0.000,0.000,0.000,0.000,0.000,0.000,0.000,0.000,0.000,0.000,0.000,0.000,0.000,0.000,0.000,0.000,0.000,0.000,0.000,0.000,0.000,0.000,0.000,0.000,0.000,0.000,0.000,0.000,0.000,0.000,0.000,0.000,0.000,0.000,0.000,0.000,0.000,0.000,0.000,0.000,0.000,0.000,0.000,0.000,0.000,0.000,0.000,0.000,0.000,0.000
2409,0.000,0.000,0.000,0.000,0.000,0.000,0.000,0.000,0.000,0.238,0.238,0.238,0.238,0.238,0.238,0.238,0.238,0.238,0.238,0.238,0.238,0.596,0.598,0.608,0.608,0.608,0.608,0.597,0.596,0.598,0.598,0.608,0.608,0.608,0.608,0.597,0.597,0.541,0.000,0.608,0.238,0.238,0.238,0.597,0.238,0.238,0.597,0.238,0.238,0.541,0.000,0.238,0.238,0.238,0.238,0.000,0.000,0.000,0.238,0.238,0.000,0.000,0.000,0.238,0.238,0.238,0.541,0.628,0.628,0.628,0.122,0.213,0.198,0.273,0.269,0.269,0.247,0.148,0.147,0.628,0.143,0.212,0.270,0.262,0.233,0.218,0.235,0.186,0.327,0.244,0.384,0.232,0.173,0.237,0.167,0.199,0.260,0.219,0.259,0.213,0.215,0.216,0.323,0.381,0.229,0.410,0.315,0.217,0.391,0.328,0.192,0.449,0.343,0.200,0.254,0.443,0.128,0.000,0.000,0.433,0.238,0.238,0.238,0.238,0.238,0.238,0.238,0.238,0.238,0.238,0.238,0.238,0.238,0.238,0.238,0.238,0.238,0.238,0.238,0.238,0.238,0.238,0.238,0.238,0.238,0.238,0.238,0.238,0.238,0.238,0.238,0.238,0.238,0.238,0.238,0.238,0.238,0.238,0.238,0.391,0.000,0.000,0.000,0.000,0.000,0.000,0.000,0.000,0.000,0.000,0.000,0.000,0.000,0.000
2412,0.000,0.000,0.000,0.000,0.000,0.000,0.000,0.000,0.000,0.271,0.271,0.271,0.271,0.271,0.271,0.271,0.271,0.271,0.271,0.271,0.271,0.637,0.639,0.648,0.648,0.648,0.648,0.638,0.637,0.639,0.639,0.648,0.648,0.648,0.648,0.638,0.638,0.584,0.000,0.648,0.271,0.271,0.271,0.638,0.271,0.271,0.638,0.271,0.271,0.584,0.000,0.271,0.271,0.271,0.271,0.000,0.000,0.000,0.271,0.271,0.000,0.000,0.000,0.271,0.271,0.271,0.584,0.668,0.668,0.668,0.141,0.244,0.227,0.309,0.305,0.305,0.280,0.171,0.170,0.668,0.165,0.243,0.305,0.297,0.265,0.249,0.268,0.214,0.366,0.277,0.426,0.264,0.199,0.270,0.192,0.229,0.295,0.250,0.294,0.243,0.246,0.247,0.362,0.423,0.261,0.453,0.353,0.248,0.433,0.368,0.220,0.492,0.383,0.229,0.288,0.486,0.148,0.000,0.000,0.476,0.271,0.271,0.271,0.271,0.271,0.271,0.271,0.271,0.271,0.271,0.271,0.271,0.271,0.271,0.271,0.271,0.271,0.271,0.271,0.271,0.271,0.271,0.271,0.271,0.271,0.271,0.271,0.271,0.271,0.271,0.271,0.271,0.271,0.271,0.271,0.271,0.271,0.271,0.271,0.433,0.000,0.000,0.000,0.000,0.000,0.000,0.000,0.000,0.000,0.000,0.000,0.000,0.000,0.000
2413,0.000,0.000,0.000,0.000,0.000,0.000,0.000,0.000,0.000,0.402,0.402,0.402,0.402,0.402,0.402,0.402,0.402,0.402,0.402,0.402,0.402,0.761,0.762,0.769,0.769,0.769,0.769,0.761,0.761,0.762,0.762,0.769,0.769,0.769,0.769,0.761,0.761,0.718,0.000,0.769,0.402,0.402,0.402,0.761,0.402,0.402,0.761,0.402,0.402,0.718,0.000,0.402,0.402,0.402,0.402,0.000,0.000,0.000,0.402,0.402,0.000,0.000,0.000,0.402,0.402,0.402,0.718,0.785,0.785,0.785,0.230,0.369,0.347,0.447,0.443,0.443,0.414,0.272,0.271,0.785,0.264,0.367,0.443,0.434,0.395,0.375,0.399,0.330,0.511,0.410,0.574,0.394,0.311,0.402,0.301,0.350,0.431,0.377,0.430,0.368,0.371,0.373,0.507,0.570,0.391,0.600,0.498,0.374,0.581,0.513,0.339,0.637,0.529,0.350,0.423,0.632,0.240,0.000,0.000,0.622,0.402,0.402,0.402,0.402,0.402,0.402,0.402,0.402,0.402,0.402,0.402,0.402,0.402,0.402,0.402,0.402,0.402,0.402,0.402,0.402,0.402,0.402,0.402,0.402,0.402,0.402,0.402,0.402,0.402,0.402,0.402,0.402,0.402,0.402,0.402,0.402,0.402,0.402,0.402,0.581,0.000,0.000,0.000,0.000,0.000,0.000,0.000,0.000,0.000,0.000,0.000,0.000,0.000,0.000
2415,0.000,0.000,0.000,0.000,0.000,0.000,0.000,0.000,0.000,0.184,0.184,0.184,0.184,0.184,0.184,0.184,0.184,0.184,0.184,0.184,0.184,0.516,0.518,0.528,0.528,0.528,0.528,0.517,0.516,0.518,0.518,0.528,0.528,0.528,0.528,0.517,0.517,0.460,0.000,0.528,0.184,0.184,0.184,0.517,0.184,0.184,0.517,0.184,0.184,0.460,0.000,0.184,0.184,0.184,0.184,0.000,0.000,0.000,0.184,0.184,0.000,0.000,0.000,0.184,0.184,0.184,0.460,0.550,0.550,0.550,0.091,0.164,0.151,0.213,0.210,0.210,0.192,0.111,0.111,0.550,0.107,0.163,0.211,0.205,0.180,0.168,0.182,0.142,0.260,0.189,0.311,0.179,0.131,0.184,0.126,0.153,0.203,0.169,0.202,0.163,0.165,0.166,0.256,0.308,0.177,0.335,0.249,0.167,0.317,0.261,0.147,0.371,0.274,0.153,0.198,0.365,0.096,0.000,0.000,0.356,0.184,0.184,0.184,0.184,0.184,0.184,0.184,0.184,0.184,0.184,0.184,0.184,0.184,0.184,0.184,0.184,0.184,0.184,0.184,0.184,0.184,0.184,0.184,0.184,0.184,0.184,0.184,0.184,0.184,0.184,0.184,0.184,0.184,0.184,0.184,0.184,0.184,0.184,0.184,0.318,0.000,0.000,0.000,0.000,0.000,0.000,0.000,0.000,0.000,0.000,0.000,0.000,0.000,0.000
2420,0.000,0.000,0.000,0.000,0.000,0.000,0.000,0.000,0.000,0.297,0.297,0.297,0.297,0.297,0.297,0.297,0.297,0.297,0.297,0.297,0.297,0.666,0.668,0.677,0.677,0.677,0.677,0.667,0.666,0.668,0.668,0.677,0.677,0.677,0.677,0.667,0.667,0.615,0.000,0.677,0.297,0.297,0.297,0.667,0.297,0.297,0.667,0.297,0.297,0.615,0.000,0.297,0.297,0.297,0.297,0.000,0.000,0.000,0.297,0.297,0.000,0.000,0.000,0.297,0.297,0.297,0.615,0.696,0.696,0.696,0.158,0.269,0.250,0.337,0.333,0.333,0.307,0.190,0.190,0.696,0.184,0.267,0.334,0.325,0.291,0.274,0.294,0.237,0.397,0.304,0.458,0.290,0.221,0.297,0.213,0.253,0.323,0.275,0.321,0.268,0.271,0.272,0.393,0.455,0.287,0.485,0.384,0.273,0.465,0.399,0.244,0.525,0.414,0.253,0.316,0.519,0.165,0.000,0.000,0.509,0.297,0.297,0.297,0.297,0.297,0.297,0.297,0.297,0.297,0.297,0.297,0.297,0.297,0.297,0.297,0.297,0.297,0.297,0.297,0.297,0.297,0.297,0.297,0.297,0.297,0.297,0.297,0.297,0.297,0.297,0.297,0.297,0.297,0.297,0.297,0.297,0.297,0.297,0.297,0.466,0.000,0.000,0.000,0.000,0.000,0.000,0.000,0.000,0.000,0.000,0.000,0.000,0.000,0.000
2421,0.000,0.000,0.000,0.000,0.000,0.000,0.000,0.000,0.000,0.388,0.388,0.388,0.388,0.388,0.388,0.388,0.388,0.388,0.388,0.388,0.388,0.749,0.751,0.758,0.758,0.758,0.758,0.750,0.749,0.751,0.751,0.758,0.758,0.758,0.758,0.750,0.750,0.705,0.000,0.758,0.388,0.388,0.388,0.750,0.388,0.388,0.750,0.387,0.387,0.705,0.000,0.388,0.388,0.387,0.387,0.000,0.000,0.000,0.388,0.388,0.000,0.000,0.000,0.388,0.388,0.388,0.705,0.774,0.774,0.774,0.219,0.355,0.333,0.432,0.428,0.427,0.399,0.260,0.259,0.774,0.252,0.353,0.428,0.419,0.381,0.361,0.384,0.317,0.496,0.395,0.558,0.379,0.298,0.387,0.289,0.336,0.416,0.362,0.415,0.354,0.357,0.358,0.491,0.555,0.376,0.585,0.482,0.360,0.565,0.498,0.325,0.623,0.514,0.336,0.408,0.617,0.229,0.000,0.000,0.608,0.387,0.387,0.387,0.387,0.387,0.387,0.387,0.387,0.387,0.387,0.387,0.387,0.387,0.387,0.387,0.387,0.387,0.387,0.387,0.387,0.387,0.387,0.387,0.387,0.387,0.387,0.387,0.387,0.387,0.387,0.387,0.387,0.387,0.387,0.387,0.387,0.387,0.387,0.388,0.566,0.000,0.000,0.000,0.000,0.000,0.000,0.000,0.000,0.000,0.000,0.000,0.000,0.000,0.000
2426,0.000,0.000,0.000,0.000,0.000,0.000,0.000,0.000,0.000,0.263,0.263,0.263,0.263,0.263,0.263,0.263,0.263,0.263,0.263,0.263,0.263,0.628,0.630,0.639,0.639,0.639,0.639,0.629,0.628,0.630,0.630,0.639,0.639,0.639,0.639,0.629,0.629,0.574,0.000,0.639,0.263,0.263,0.263,0.629,0.263,0.263,0.629,0.263,0.263,0.574,0.000,0.263,0.263,0.263,0.263,0.000,0.000,0.000,0.263,0.263,0.000,0.000,0.000,0.263,0.263,0.263,0.574,0.659,0.659,0.659,0.137,0.237,0.220,0.300,0.297,0.297,0.273,0.165,0.165,0.659,0.160,0.236,0.297,0.289,0.258,0.242,0.261,0.207,0.357,0.270,0.417,0.257,0.193,0.263,0.186,0.222,0.287,0.243,0.286,0.236,0.239,0.240,0.353,0.413,0.254,0.443,0.345,0.241,0.424,0.359,0.214,0.483,0.374,0.222,0.280,0.476,0.143,0.000,0.000,0.467,0.263,0.263,0.263,0.263,0.263,0.263,0.263,0.263,0.263,0.263,0.263,0.263,0.263,0.263,0.263,0.263,0.263,0.263,0.263,0.263,0.263,0.263,0.263,0.263,0.263,0.263,0.263,0.263,0.263,0.263,0.263,0.263,0.263,0.263,0.263,0.263,0.263,0.263,0.263,0.424,0.000,0.000,0.000,0.000,0.000,0.000,0.000,0.000,0.000,0.000,0.000,0.000,0.000,0.000
