PerID3,HHID,SurveyDay,placeno,o,d,share,w,comp,transit,new_wf,Age,age_grp,female,licence,HHnCars,licensed_drivers,car_seg,employed,student,paid_parking,sector,HHSIZE,purpose,mainmode,car_gc,bus_gc,brt_gc,bus_ivt,bus_walk,bus_wait,bus_transfers,car_ivt,tr_best_gc,has_brt,dGC,dGC_best,dist_km,band,w_norm,transit_lbl
3-20080000211-2,20080000211.00000,2,3,217,301,0.00000,0.00000,CAR,0,286.36498,47.00000,35-64,False,True,2.00000,2.00000,car_available,True,False,False,general,6.00000,NHB,10,56.82000,99.46000,,63.31000,9.08000,5.00000,1.00000,56.82000,99.46000,0,42.64000,42.64000,26.84971,20+,0.00000,car
3-20122000341-2,20122000341.00000,1,4,210,206,0.10671,37.14448,CAR,0,348.08037,69.00000,65+,True,True,1.00000,2.00000,competition,False,False,False,general,2.00000,NHB,11,20.07000,37.45000,38.95000,20.06000,7.94000,0.75000,0.00000,20.07000,37.45000,1,17.38000,17.38000,6.74928,6-10,0.64226,car
3-20220000003-2,20220000003.00000,1,2,104,210,1.00000,64.32792,CAR,0,64.32792,64.00000,35-64,False,True,2.00000,2.00000,car_available,True,False,False,general,2.00000,HBW,10,14.37000,34.00000,35.05000,12.46000,10.29000,0.47000,0.00000,14.37000,34.00000,1,19.63000,19.63000,5.07582,3-6,1.11228,car
3-20220000003-2,20220000003.00000,2,2,104,210,1.00000,64.32792,CAR,0,64.32792,64.00000,35-64,False,True,2.00000,2.00000,car_available,True,False,False,general,2.00000,HBW,10,14.37000,34.00000,35.05000,12.46000,10.29000,0.47000,0.00000,14.37000,34.00000,1,19.63000,19.63000,5.07582,3-6,1.11228,car
3-20220000026-1,20220000026.00000,2,2,104,202,1.00000,79.57399,CAR,0,79.57399,46.00000,35-64,False,True,2.00000,2.00000,car_available,True,False,False,general,2.00000,HBW,10,28.64000,39.50000,39.50000,24.95000,5.77000,1.50000,0.00000,28.64000,39.50000,1,10.86000,10.86000,11.31753,10-20,1.37590,car
3-20220000058-1,20220000058.00000,1,2,104,212,1.00000,59.78638,CAR,0,59.78638,35.00000,35-64,False,True,2.00000,2.00000,car_available,True,False,False,general,4.00000,HBO,10,6.79000,17.79000,19.00000,5.83000,5.62000,0.36000,0.00000,6.79000,17.79000,1,11.00000,11.00000,1.61683,<3,1.03376,car
3-20220000058-1,20220000058.00000,2,2,104,212,1.00000,59.78638,CAR,0,59.78638,35.00000,35-64,False,True,2.00000,2.00000,car_available,True,False,False,general,4.00000,HBO,10,6.79000,17.79000,19.00000,5.83000,5.62000,0.36000,0.00000,6.79000,17.79000,1,11.00000,11.00000,1.61683,<3,1.03376,car
3-20220000058-2,20220000058.00000,2,2,104,206,0.95646,57.18322,CAR,0,59.78638,35.00000,35-64,True,True,2.00000,2.00000,car_available,True,False,False,general,4.00000,HBW,10,32.40000,46.39000,46.39000,32.56000,5.42000,1.50000,0.00000,32.40000,46.39000,1,13.99000,13.99000,8.93118,6-10,0.98874,car
3-20220000058-3,20220000058.00000,1,2,104,212,1.00000,59.78638,CAR,0,59.78638,2.00000,0-17,False,False,2.00000,2.00000,no_licence,False,False,False,general,4.00000,HBE,11,6.79000,17.79000,19.00000,5.83000,5.62000,0.36000,0.00000,6.79000,17.79000,1,11.00000,11.00000,1.61683,<3,1.03376,car
3-20220000058-3,20220000058.00000,2,2,104,212,1.00000,59.78638,CAR,0,59.78638,2.00000,0-17,False,False,2.00000,2.00000,no_licence,False,False,False,general,4.00000,HBE,11,6.79000,17.79000,19.00000,5.83000,5.62000,0.36000,0.00000,6.79000,17.79000,1,11.00000,11.00000,1.61683,<3,1.03376,car
3-20220000058-4,20220000058.00000,2,2,104,212,1.00000,59.78638,CAR,0,59.78638,1.00000,0-17,False,False,2.00000,2.00000,no_licence,False,False,False,general,4.00000,HBE,11,6.79000,17.79000,19.00000,5.83000,5.62000,0.36000,0.00000,6.79000,17.79000,1,11.00000,11.00000,1.61683,<3,1.03376,car
3-20297000021-1,20297000021.00000,1,4,102,301,0.00000,0.00000,CAR,0,119.50511,31.00000,25-34,True,True,1.00000,2.00000,competition,True,False,False,general,3.00000,NHB,10,9.91000,44.49000,,27.37000,6.25000,2.31000,0.00000,9.91000,44.49000,0,34.58000,34.58000,1.67235,<3,0.00000,car
3-20434000038-2,20434000038.00000,1,2,201,202,1.00000,350.00000,CAR,0,350.00000,60.00000,35-64,True,True,1.00000,2.00000,competition,True,False,False,general,2.00000,HBO,11,12.27000,35.32000,,22.61000,5.42000,0.94000,0.00000,12.27000,35.32000,0,23.05000,23.05000,3.20984,3-6,6.05179,car
3-20434000038-2,20434000038.00000,1,3,202,102,0.12252,42.88079,BUS,1,350.00000,60.00000,35-64,True,True,1.00000,2.00000,competition,True,False,False,general,2.00000,NHB,5,32.73000,42.48000,42.48000,28.70000,5.46000,1.43000,0.00000,32.73000,42.48000,1,9.75000,9.75000,13.86114,10-20,0.74144,transit
3-20434000038-2,20434000038.00000,2,2,201,103,0.75595,264.58420,BUS,1,350.00000,60.00000,35-64,True,True,1.00000,2.00000,competition,True,False,False,general,2.00000,HBO,5,32.20000,75.45000,,47.04000,5.21000,5.00000,1.00000,32.20000,75.45000,0,43.25000,43.25000,13.57496,10-20,4.57488,transit
3-20434000065-2,20434000065.00000,1,3,201,202,1.00000,329.33237,CAR,0,329.33237,34.00000,25-34,False,True,2.00000,2.00000,car_available,True,False,False,general,5.00000,NHB,10,12.27000,35.32000,,22.61000,5.42000,0.94000,0.00000,12.27000,35.32000,0,23.05000,23.05000,3.20984,3-6,5.69443,car
3-20434000100-1,20434000100.00000,1,2,201,202,1.00000,273.81287,CAR,0,273.81287,33.00000,25-34,False,True,1.00000,2.00000,competition,True,False,False,general,4.00000,HBW,10,12.27000,35.32000,,22.61000,5.42000,0.94000,0.00000,12.27000,35.32000,0,23.05000,23.05000,3.20984,3-6,4.73445,car
3-20434000100-1,20434000100.00000,2,2,201,202,1.00000,273.81287,CAR,0,273.81287,33.00000,25-34,False,True,1.00000,2.00000,competition,True,False,False,general,4.00000,HBW,10,12.27000,35.32000,,22.61000,5.42000,0.94000,0.00000,12.27000,35.32000,0,23.05000,23.05000,3.20984,3-6,4.73445,car
3-20434000100-2,20434000100.00000,1,4,201,202,1.00000,273.81287,CAR,0,273.81287,33.00000,25-34,True,True,1.00000,2.00000,competition,True,False,False,general,4.00000,HBW,11,12.27000,35.32000,,22.61000,5.42000,0.94000,0.00000,12.27000,35.32000,0,23.05000,23.05000,3.20984,3-6,4.73445,car
3-20434000100-2,20434000100.00000,2,4,201,202,1.00000,273.81287,CAR,0,273.81287,33.00000,25-34,True,True,1.00000,2.00000,competition,True,False,False,general,4.00000,HBW,11,12.27000,35.32000,,22.61000,5.42000,0.94000,0.00000,12.27000,35.32000,0,23.05000,23.05000,3.20984,3-6,4.73445,car
3-20434000119-1,20434000119.00000,1,2,201,202,1.00000,350.00000,CAR,0,350.00000,51.00000,35-64,False,True,1.00000,1.00000,car_available,True,False,False,general,3.00000,HBW,10,12.27000,35.32000,,22.61000,5.42000,0.94000,0.00000,12.27000,35.32000,0,23.05000,23.05000,3.20984,3-6,6.05179,car
3-20434000119-1,20434000119.00000,2,3,201,202,1.00000,350.00000,CAR,0,350.00000,51.00000,35-64,False,True,1.00000,1.00000,car_available,True,False,False,general,3.00000,NHB,10,12.27000,35.32000,,22.61000,5.42000,0.94000,0.00000,12.27000,35.32000,0,23.05000,23.05000,3.20984,3-6,6.05179,car
3-20434000136-2,20434000136.00000,1,2,201,202,0.00000,0.00000,CAR,0,161.50335,27.00000,25-34,True,True,1.00000,2.00000,competition,True,False,False,general,2.00000,HBW,11,12.27000,35.32000,,22.61000,5.42000,0.94000,0.00000,12.27000,35.32000,0,23.05000,23.05000,3.20984,3-6,0.00000,car
3-20434000136-2,20434000136.00000,2,2,201,202,0.00000,0.00000,CAR,0,161.50335,27.00000,25-34,True,True,1.00000,2.00000,competition,True,False,False,general,2.00000,HBW,11,12.27000,35.32000,,22.61000,5.42000,0.94000,0.00000,12.27000,35.32000,0,23.05000,23.05000,3.20984,3-6,0.00000,car
3-20499000701-2,20499000701.00000,2,3,217,215,1.00000,350.00000,CAR,0,350.00000,35.00000,35-64,False,True,2.00000,2.00000,car_available,True,False,False,arab,5.00000,NHB,10,37.63000,57.49000,,31.48000,8.72000,4.29000,0.00000,37.63000,57.49000,0,19.86000,19.86000,16.43011,10-20,6.05179,car
3-20499000801-4,20499000801.00000,1,2,217,208,0.26084,91.29410,BUS,1,350.00000,18.00000,18-24,False,True,1.00000,3.00000,competition,False,True,False,arab,5.00000,HBW,3,62.05000,95.07000,,68.05000,6.01000,7.50000,0.00000,62.05000,95.07000,0,33.02000,33.02000,31.38329,20+,1.57855,transit
3-20499000801-4,20499000801.00000,2,2,217,208,0.26084,91.29410,BUS,1,350.00000,18.00000,18-24,False,True,1.00000,3.00000,competition,False,True,False,arab,5.00000,HBW,3,62.05000,95.07000,,68.05000,6.01000,7.50000,0.00000,62.05000,95.07000,0,33.02000,33.02000,31.38329,20+,1.57855,transit
3-20499001401-3,20499001401.00000,1,2,217,208,0.02541,8.89244,CAR,0,350.00000,29.00000,25-34,False,True,3.00000,4.00000,competition,True,False,False,arab,4.00000,HBW,10,62.05000,95.07000,,68.05000,6.01000,7.50000,0.00000,62.05000,95.07000,0,33.02000,33.02000,31.38329,20+,0.15376,car
3-20499001401-3,20499001401.00000,1,2,217,209,0.03951,13.82726,CAR,0,350.00000,29.00000,25-34,False,True,3.00000,4.00000,competition,True,False,False,arab,4.00000,HBW,10,61.95000,78.11000,,49.76000,6.67000,7.50000,0.00000,61.95000,78.11000,0,16.16000,16.16000,29.63985,20+,0.23908,car
3-20499001401-3,20499001401.00000,2,2,217,208,0.02541,8.89244,CAR,0,350.00000,29.00000,25-34,False,True,3.00000,4.00000,competition,True,False,False,arab,4.00000,HBW,10,62.05000,95.07000,,68.05000,6.01000,7.50000,0.00000,62.05000,95.07000,0,33.02000,33.02000,31.38329,20+,0.15376,car
3-20499001401-3,20499001401.00000,2,2,217,209,0.03951,13.82726,CAR,0,350.00000,29.00000,25-34,False,True,3.00000,4.00000,competition,True,False,False,arab,4.00000,HBW,10,61.95000,78.11000,,49.76000,6.67000,7.50000,0.00000,61.95000,78.11000,0,16.16000,16.16000,29.63985,20+,0.23908,car
3-20499001401-4,20499001401.00000,1,2,217,208,0.10293,36.02382,CAR,0,350.00000,23.00000,18-24,False,True,3.00000,4.00000,competition,True,False,False,arab,4.00000,HBW,10,62.05000,95.07000,,68.05000,6.01000,7.50000,0.00000,62.05000,95.07000,0,33.02000,33.02000,31.38329,20+,0.62288,car
3-20504000664-1,20504000664.00000,2,3,102,214,0.00000,0.00000,CAR,0,142.30152,64.00000,35-64,False,True,2.00000,2.00000,car_available,False,False,False,arab,5.00000,NHB,10,18.29000,39.67000,,9.44000,5.11000,10.00000,0.00000,18.29000,39.67000,0,21.38000,21.38000,6.07388,6-10,0.00000,car
3-20511000981-1,20511000981.00000,1,2,217,202,1.00000,350.00000,CAR,0,350.00000,43.00000,35-64,False,True,2.00000,2.00000,car_available,True,False,False,arab,6.00000,HBW,10,64.71000,101.51000,,69.22000,7.14000,5.00000,1.00000,64.71000,101.51000,0,36.80000,36.80000,33.73732,20+,6.05179,car
3-20511000981-1,20511000981.00000,2,2,217,202,1.00000,350.00000,CAR,0,350.00000,43.00000,35-64,False,True,2.00000,2.00000,car_available,True,False,False,arab,6.00000,HBW,10,64.71000,101.51000,,69.22000,7.14000,5.00000,1.00000,64.71000,101.51000,0,36.80000,36.80000,33.73732,20+,6.05179,car
3-20516001682-3,20516001682.00000,1,4,304,202,0.17766,16.55048,CAR,0,93.15873,29.00000,25-34,False,True,1.00000,1.00000,car_available,True,False,False,arab,5.00000,NHB,11,26.41000,52.22000,,25.00000,4.61000,5.00000,1.00000,26.41000,52.22000,0,25.81000,25.81000,10.34302,10-20,0.28617,car
3-20516001682-3,20516001682.00000,1,4,304,203,0.17766,16.55048,CAR,0,93.15873,29.00000,25-34,False,True,1.00000,1.00000,car_available,True,False,False,arab,5.00000,NHB,11,25.81000,61.55000,,28.04000,6.75000,10.00000,0.00000,25.81000,61.55000,0,35.74000,35.74000,9.90238,6-10,0.28617,car
3-20520000601-2,20520000601.00000,1,2,217,208,1.00000,267.34341,CAR,0,267.34341,47.00000,35-64,True,True,3.00000,3.00000,car_available,True,False,False,arab,6.00000,HBW,10,62.05000,95.07000,,68.05000,6.01000,7.50000,0.00000,62.05000,95.07000,0,33.02000,33.02000,31.38329,20+,4.62259,car
3-20542001233-1,20542001233.00000,1,2,217,215,1.00000,350.00000,CAR,0,350.00000,32.00000,25-34,False,True,1.00000,2.00000,competition,True,False,False,arab,4.00000,HBW,10,37.63000,57.49000,,31.48000,8.72000,4.29000,0.00000,37.63000,57.49000,0,19.86000,19.86000,16.43011,10-20,6.05179,car
3-20542001233-1,20542001233.00000,2,3,217,215,1.00000,350.00000,CAR,0,350.00000,32.00000,25-34,False,True,1.00000,2.00000,competition,True,False,False,arab,4.00000,NHB,10,37.63000,57.49000,,31.48000,8.72000,4.29000,0.00000,37.63000,57.49000,0,19.86000,19.86000,16.43011,10-20,6.05179,car
3-20595000057-2,20595000057.00000,1,3,212,104,0.54010,26.85042,CAR,0,49.71353,48.00000,35-64,False,True,2.00000,2.00000,car_available,True,False,False,general,4.00000,NHB,10,9.77000,20.24000,19.95000,2.50000,8.46000,0.41000,0.00000,9.77000,19.95000,1,10.47000,10.18000,1.61683,<3,0.46427,car
3-20595000057-2,20595000057.00000,1,3,212,304,0.45990,22.86310,CAR,0,49.71353,48.00000,35-64,False,True,2.00000,2.00000,car_available,True,False,False,general,4.00000,NHB,10,10.20000,30.04000,69.15000,12.38000,7.46000,1.36000,0.00000,10.20000,30.04000,1,19.84000,19.84000,1.82010,<3,0.39532,car
3-20595000057-2,20595000057.00000,1,4,104,212,0.59744,29.70093,CAR,0,49.71353,48.00000,35-64,False,True,2.00000,2.00000,car_available,True,False,False,general,4.00000,NHB,10,6.79000,17.79000,19.00000,5.83000,5.62000,0.36000,0.00000,6.79000,17.79000,1,11.00000,11.00000,1.61683,<3,0.51355,car
3-20595000057-2,20595000057.00000,1,4,304,212,0.40256,20.01259,CAR,0,49.71353,48.00000,35-64,False,True,2.00000,2.00000,car_available,True,False,False,general,4.00000,NHB,10,11.61000,16.14000,18.29000,5.09000,4.45000,1.07000,0.00000,11.61000,16.14000,1,4.53000,4.53000,1.82010,<3,0.34603,car
3-20922000721-2,20922000721.00000,1,3,208,209,0.15146,0.77944,BUS,1,5.14621,59.00000,35-64,True,False,0.00000,0.00000,no_car_hh,False,False,False,general,2.00000,NHB,3,9.62000,15.68000,17.01000,6.05000,3.98000,0.83000,0.00000,9.62000,15.68000,1,6.06000,6.06000,1.95148,<3,0.01348,transit
3-20922000786-2,20922000786.00000,2,3,211,303,0.86103,32.51829,CAR,0,37.76693,53.00000,35-64,True,True,1.00000,2.00000,competition,True,False,False,general,3.00000,NHB,10,13.19000,37.34000,77.02000,15.24000,9.85000,1.20000,0.00000,13.19000,37.34000,1,24.15000,24.15000,4.04818,3-6,0.56227,car
3-20922001666-1,20922001666.00000,1,5,103,104,0.30763,4.71015,CAR,0,15.31096,27.00000,25-34,False,True,2.00000,2.00000,car_available,True,False,False,general,4.00000,NHB,10,7.44000,17.02000,16.07000,4.47000,5.91000,0.36000,0.00000,7.44000,16.07000,1,9.58000,8.63000,1.66098,<3,0.08144,car
3-20942000061-3,20942000061.00000,1,2,215,210,1.00000,22.49382,CAR,0,22.49382,27.00000,25-34,False,False,1.00000,1.00000,no_licence,True,False,False,arab,6.00000,HBW,11,34.03000,65.80000,,36.63000,12.27000,2.31000,0.00000,34.03000,65.80000,0,31.77000,31.77000,12.69525,10-20,0.38894,car
3-20942000061-3,20942000061.00000,2,2,215,210,1.00000,22.49382,CAR,0,22.49382,27.00000,25-34,False,False,1.00000,1.00000,no_licence,True,False,False,arab,6.00000,HBW,11,34.03000,65.80000,,36.63000,12.27000,2.31000,0.00000,34.03000,65.80000,0,31.77000,31.77000,12.69525,10-20,0.38894,car
3-20998000004-4,20998000004.00000,1,2,216,217,1.00000,75.27722,CAR,0,75.27722,22.00000,18-24,False,True,3.00000,5.00000,competition,False,True,False,arab,6.00000,HBE,11,22.94000,39.72000,,7.38000,14.29000,1.88000,0.00000,22.94000,39.72000,0,16.78000,16.78000,9.38142,6-10,1.30160,car
3-20998000004-4,20998000004.00000,2,2,216,217,1.00000,75.27722,CAR,0,75.27722,22.00000,18-24,False,True,3.00000,5.00000,competition,False,True,False,arab,6.00000,HBE,11,22.94000,39.72000,,7.38000,14.29000,1.88000,0.00000,22.94000,39.72000,0,16.78000,16.78000,9.38142,6-10,1.30160,car
3-20998000075-1,20998000075.00000,1,3,216,215,1.00000,90.70747,CAR,0,90.70747,59.00000,35-64,True,True,1.00000,3.00000,competition,False,False,False,arab,4.00000,NHB,10,17.20000,41.31000,,7.10000,14.96000,2.15000,0.00000,17.20000,41.31000,0,24.11000,24.11000,7.24715,6-10,1.56841,car
3-20998000075-1,20998000075.00000,1,4,215,216,1.00000,90.70747,CAR,0,90.70747,59.00000,35-64,True,True,1.00000,3.00000,competition,False,False,False,arab,4.00000,HBO,10,20.33000,51.73000,,8.53000,19.29000,2.31000,0.00000,20.33000,51.73000,0,31.40000,31.40000,7.24715,6-10,1.56841,car
3-20998000075-1,20998000075.00000,2,3,216,215,1.00000,90.70747,CAR,0,90.70747,59.00000,35-64,True,True,1.00000,3.00000,competition,False,False,False,arab,4.00000,NHB,10,17.20000,41.31000,,7.10000,14.96000,2.15000,0.00000,17.20000,41.31000,0,24.11000,24.11000,7.24715,6-10,1.56841,car
3-20998000075-1,20998000075.00000,2,4,215,216,1.00000,90.70747,CAR,0,90.70747,59.00000,35-64,True,True,1.00000,3.00000,competition,False,False,False,arab,4.00000,NHB,10,20.33000,51.73000,,8.53000,19.29000,2.31000,0.00000,20.33000,51.73000,0,31.40000,31.40000,7.24715,6-10,1.56841,car
3-20998000075-4,20998000075.00000,1,3,216,215,1.00000,90.70747,CAR,0,90.70747,40.00000,35-64,False,False,1.00000,3.00000,no_licence,False,False,False,arab,4.00000,NHB,11,17.20000,41.31000,,7.10000,14.96000,2.15000,0.00000,17.20000,41.31000,0,24.11000,24.11000,7.24715,6-10,1.56841,car
3-20998000075-4,20998000075.00000,2,3,216,215,1.00000,90.70747,CAR,0,90.70747,40.00000,35-64,False,False,1.00000,3.00000,no_licence,False,False,False,arab,4.00000,NHB,11,17.20000,41.31000,,7.10000,14.96000,2.15000,0.00000,17.20000,41.31000,0,24.11000,24.11000,7.24715,6-10,1.56841,car
3-20998000255-1,20998000255.00000,2,2,216,217,1.00000,18.42014,CAR,0,18.42014,20.00000,18-24,True,True,1.00000,2.00000,competition,False,True,False,arab,2.00000,HBE,10,22.94000,39.72000,,7.38000,14.29000,1.88000,0.00000,22.94000,39.72000,0,16.78000,16.78000,9.38142,6-10,0.31850,car
3-20998000364-2,20998000364.00000,1,2,216,211,0.86103,57.68280,CAR,0,66.99313,43.00000,35-64,False,True,2.00000,4.00000,competition,True,False,False,arab,7.00000,HBW,10,34.55000,87.61000,,39.38000,18.11000,6.00000,0.00000,34.55000,87.61000,0,53.06000,53.06000,17.54257,10-20,0.99738,car
3-20998000364-2,20998000364.00000,2,2,216,211,0.86103,57.68280,CAR,0,66.99313,43.00000,35-64,False,True,2.00000,4.00000,competition,True,False,False,arab,7.00000,HBW,10,34.55000,87.61000,,39.38000,18.11000,6.00000,0.00000,34.55000,87.61000,0,53.06000,53.06000,17.54257,10-20,0.99738,car
3-20998000541-4,20998000541.00000,1,2,216,217,1.00000,193.36389,CAR,0,193.36389,30.00000,25-34,False,True,1.00000,4.00000,competition,True,False,False,arab,5.00000,HBW,10,22.94000,39.72000,,7.38000,14.29000,1.88000,0.00000,22.94000,39.72000,0,16.78000,16.78000,9.38142,6-10,3.34342,car
3-20998000541-4,20998000541.00000,2,2,216,217,1.00000,193.36389,CAR,0,193.36389,30.00000,25-34,False,True,1.00000,4.00000,competition,True,False,False,arab,5.00000,HBW,10,22.94000,39.72000,,7.38000,14.29000,1.88000,0.00000,22.94000,39.72000,0,16.78000,16.78000,9.38142,6-10,3.34342,car
3-20998000613-2,20998000613.00000,1,2,216,215,1.00000,35.93051,CAR,0,35.93051,37.00000,35-64,True,True,1.00000,2.00000,competition,True,False,False,arab,5.00000,HBW,11,17.20000,41.31000,,7.10000,14.96000,2.15000,0.00000,17.20000,41.31000,0,24.11000,24.11000,7.24715,6-10,0.62127,car
3-20998000613-2,20998000613.00000,2,2,216,215,1.00000,35.93051,CAR,0,35.93051,37.00000,35-64,True,True,1.00000,2.00000,competition,True,False,False,arab,5.00000,HBW,11,17.20000,41.31000,,7.10000,14.96000,2.15000,0.00000,17.20000,41.31000,0,24.11000,24.11000,7.24715,6-10,0.62127,car
3-20998001011-2,20998001011.00000,1,2,216,209,0.66551,24.74357,CAR,0,37.18014,26.00000,25-34,False,True,1.00000,1.00000,car_available,True,False,False,arab,3.00000,HBW,10,43.39000,83.25000,,39.41000,12.92000,5.00000,1.00000,43.39000,83.25000,0,39.86000,39.86000,21.52971,20+,0.42784,car
3-20998001011-2,20998001011.00000,2,2,216,209,0.66551,24.74357,CAR,0,37.18014,26.00000,25-34,False,True,1.00000,1.00000,car_available,True,False,False,arab,3.00000,HBW,10,43.39000,83.25000,,39.41000,12.92000,5.00000,1.00000,43.39000,83.25000,0,39.86000,39.86000,21.52971,20+,0.42784,car
3-20998001081-1,20998001081.00000,1,2,216,215,1.00000,52.34190,CAR,0,52.34190,45.00000,35-64,False,True,1.00000,2.00000,competition,False,False,False,arab,5.00000,HBW,11,17.20000,41.31000,,7.10000,14.96000,2.15000,0.00000,17.20000,41.31000,0,24.11000,24.11000,7.24715,6-10,0.90503,car
3-20998001081-1,20998001081.00000,2,2,216,215,1.00000,52.34190,CAR,0,52.34190,45.00000,35-64,False,True,1.00000,2.00000,competition,False,False,False,arab,5.00000,HBW,11,17.20000,41.31000,,7.10000,14.96000,2.15000,0.00000,17.20000,41.31000,0,24.11000,24.11000,7.24715,6-10,0.90503,car
3-20998001153-1,20998001153.00000,1,2,216,215,1.00000,62.10870,CAR,0,62.10870,43.00000,35-64,False,True,1.00000,1.00000,car_available,True,False,False,arab,6.00000,HBW,10,17.20000,41.31000,,7.10000,14.96000,2.15000,0.00000,17.20000,41.31000,0,24.11000,24.11000,7.24715,6-10,1.07391,car
3-20998001153-1,20998001153.00000,2,2,216,215,1.00000,62.10870,CAR,0,62.10870,43.00000,35-64,False,True,1.00000,1.00000,car_available,True,False,False,arab,6.00000,HBW,10,17.20000,41.31000,,7.10000,14.96000,2.15000,0.00000,17.20000,41.31000,0,24.11000,24.11000,7.24715,6-10,1.07391,car
3-20998001441-3,20998001441.00000,1,2,216,215,1.00000,144.17611,CAR,0,144.17611,26.00000,25-34,False,True,2.00000,5.00000,competition,True,False,False,arab,8.00000,HBW,10,17.20000,41.31000,,7.10000,14.96000,2.15000,0.00000,17.20000,41.31000,0,24.11000,24.11000,7.24715,6-10,2.49292,car
3-20998001441-3,20998001441.00000,2,2,216,215,1.00000,144.17611,CAR,0,144.17611,26.00000,25-34,False,True,2.00000,5.00000,competition,True,False,False,arab,8.00000,HBW,10,17.20000,41.31000,,7.10000,14.96000,2.15000,0.00000,17.20000,41.31000,0,24.11000,24.11000,7.24715,6-10,2.49292,car
3-20998001657-3,20998001657.00000,1,2,216,201,1.00000,95.10729,CAR,0,95.10729,26.00000,25-34,False,True,1.00000,3.00000,competition,True,False,False,arab,4.00000,HBW,11,50.14000,103.48000,,56.93000,14.28000,5.00000,1.00000,50.14000,103.48000,0,53.34000,53.34000,25.43434,20+,1.64448,car
3-20998001657-3,20998001657.00000,2,2,216,201,1.00000,95.10729,CAR,0,95.10729,26.00000,25-34,False,True,1.00000,3.00000,competition,True,False,False,arab,4.00000,HBW,11,50.14000,103.48000,,56.93000,14.28000,5.00000,1.00000,50.14000,103.48000,0,53.34000,53.34000,25.43434,20+,1.64448,car
3-21061003742-1,21061003742.00000,2,2,217,211,0.86103,92.09165,BUS,1,106.95576,41.00000,35-64,False,True,1.00000,2.00000,competition,True,False,False,general,4.00000,HBW,3,54.97000,115.12000,,76.38000,11.87000,7.50000,0.00000,54.97000,115.12000,0,60.15000,60.15000,25.85038,20+,1.59234,transit
3-21061009522-2,21061009522.00000,1,4,217,210,0.65982,197.12127,CAR,0,298.74878,43.00000,35-64,True,True,1.00000,2.00000,competition,True,False,False,general,5.00000,NHB,10,55.38000,93.03000,,61.14000,11.66000,4.29000,0.00000,55.38000,93.03000,0,37.65000,37.65000,27.03546,20+,3.40839,car
3-21061014621-1,21061014621.00000,1,2,217,216,1.00000,350.00000,CAR,0,350.00000,79.00000,65+,True,True,1.00000,1.00000,car_available,False,False,False,general,1.00000,HBO,10,24.90000,68.09000,,24.06000,18.68000,3.33000,0.00000,24.90000,68.09000,0,43.19000,43.19000,9.38142,6-10,6.05179,car
3-21061014621-1,21061014621.00000,2,2,217,216,1.00000,350.00000,CAR,0,350.00000,79.00000,65+,True,True,1.00000,1.00000,car_available,False,False,False,general,1.00000,HBO,10,24.90000,68.09000,,24.06000,18.68000,3.33000,0.00000,24.90000,68.09000,0,43.19000,43.19000,9.38142,6-10,6.05179,car
3-21061024991-2,21061024991.00000,1,2,217,102,1.00000,350.00000,BUS,1,350.00000,23.00000,18-24,True,False,0.00000,1.00000,no_car_hh,True,True,False,general,2.00000,HBW,3,53.72000,78.34000,,50.00000,6.67000,7.50000,0.00000,53.72000,78.34000,0,24.62000,24.62000,25.17819,20+,6.05179,transit
3-21061024991-2,21061024991.00000,2,2,217,102,1.00000,350.00000,BUS,1,350.00000,23.00000,18-24,True,False,0.00000,1.00000,no_car_hh,True,True,False,general,2.00000,HBW,3,53.72000,78.34000,,50.00000,6.67000,7.50000,0.00000,53.72000,78.34000,0,24.62000,24.62000,25.17819,20+,6.05179,transit
3-21061029241-2,21061029241.00000,1,4,217,216,1.00000,142.66814,CAR,0,142.66814,27.00000,25-34,True,True,1.00000,2.00000,competition,True,False,False,general,4.00000,NHB,10,24.90000,68.09000,,24.06000,18.68000,3.33000,0.00000,24.90000,68.09000,0,43.19000,43.19000,9.38142,6-10,2.46685,car
3-21182000046-2,21182000046.00000,2,2,216,217,1.00000,22.05637,CAR,0,22.05637,53.00000,35-64,True,True,2.00000,2.00000,car_available,True,False,False,general,4.00000,HBW,10,22.94000,39.72000,,7.38000,14.29000,1.88000,0.00000,22.94000,39.72000,0,16.78000,16.78000,9.38142,6-10,0.38137,car
3-21182000062-1,21182000062.00000,1,2,216,215,1.00000,22.75790,CAR,0,22.75790,57.00000,35-64,False,True,1.00000,2.00000,competition,True,False,False,general,4.00000,HBO,10,17.20000,41.31000,,7.10000,14.96000,2.15000,0.00000,17.20000,41.31000,0,24.11000,24.11000,7.24715,6-10,0.39350,car
3-21182000106-2,21182000106.00000,1,2,216,217,1.00000,18.74358,CAR,0,18.74358,61.00000,35-64,True,True,2.00000,2.00000,car_available,True,False,False,general,2.00000,HBW,10,22.94000,39.72000,,7.38000,14.29000,1.88000,0.00000,22.94000,39.72000,0,16.78000,16.78000,9.38142,6-10,0.32409,car
3-21182000106-2,21182000106.00000,2,2,216,217,1.00000,18.74358,CAR,0,18.74358,61.00000,35-64,True,True,2.00000,2.00000,car_available,True,False,False,general,2.00000,HBW,10,22.94000,39.72000,,7.38000,14.29000,1.88000,0.00000,22.94000,39.72000,0,16.78000,16.78000,9.38142,6-10,0.32409,car
3-21182000137-1,21182000137.00000,2,3,216,104,0.54010,12.89130,CAR,0,23.86823,52.00000,35-64,True,True,2.00000,2.00000,car_available,True,False,False,general,5.00000,HBW,10,39.72000,76.04000,,33.29000,13.87000,7.50000,0.00000,39.72000,76.04000,0,36.32000,36.32000,16.26477,10-20,0.22290,car
3-21182000137-1,21182000137.00000,2,3,216,304,0.45990,10.97693,CAR,0,23.86823,52.00000,35-64,True,True,2.00000,2.00000,car_available,True,False,False,general,5.00000,HBW,10,41.36000,82.02000,,38.27000,12.87000,5.00000,1.00000,41.36000,82.02000,0,40.66000,40.66000,17.51126,10-20,0.18980,car
3-21182000152-2,21182000152.00000,2,2,216,215,1.00000,67.27692,CAR,0,67.27692,77.00000,65+,False,True,2.00000,2.00000,car_available,False,False,False,general,2.00000,HBO,10,17.20000,41.31000,,7.10000,14.96000,2.15000,0.00000,17.20000,41.31000,0,24.11000,24.11000,7.24715,6-10,1.16327,car
3-21182000166-1,21182000166.00000,1,2,216,301,0.00000,0.00000,CAR,0,31.75351,29.00000,25-34,False,True,2.00000,2.00000,car_available,True,False,False,general,3.00000,HBW,10,39.76000,88.98000,,40.34000,15.32000,5.00000,1.00000,39.76000,88.98000,0,49.22000,49.22000,17.65192,10-20,0.00000,car
3-21182000166-1,21182000166.00000,2,2,216,301,0.00000,0.00000,CAR,0,31.75351,29.00000,25-34,False,True,2.00000,2.00000,car_available,True,False,False,general,3.00000,HBW,10,39.76000,88.98000,,40.34000,15.32000,5.00000,1.00000,39.76000,88.98000,0,49.22000,49.22000,17.65192,10-20,0.00000,car
3-21199000042-1,21199000042.00000,1,2,215,217,1.00000,161.23509,CAR,0,161.23509,41.00000,35-64,True,True,2.00000,2.00000,car_available,True,False,False,general,5.00000,HBE,10,49.24000,39.59000,,16.27000,8.66000,3.00000,0.00000,49.24000,39.59000,0,-9.65000,-9.65000,16.43011,10-20,2.78789,car
3-21199000284-1,21199000284.00000,1,2,215,103,1.00000,178.62528,CAR,0,178.62528,54.00000,35-64,True,True,3.00000,2.00000,car_available,True,False,False,general,3.00000,HBW,10,25.69000,49.57000,,24.49000,7.54000,5.00000,0.00000,25.69000,49.57000,0,23.88000,23.88000,8.91603,6-10,3.08858,car
3-21199000284-1,21199000284.00000,2,2,215,103,1.00000,178.62528,CAR,0,178.62528,54.00000,35-64,True,True,3.00000,2.00000,car_available,True,False,False,general,3.00000,HBW,10,25.69000,49.57000,,24.49000,7.54000,5.00000,0.00000,25.69000,49.57000,0,23.88000,23.88000,8.91603,6-10,3.08858,car
3-21199000362-1,21199000362.00000,1,2,215,103,0.75595,219.28484,CAR,0,290.07663,54.00000,35-64,False,True,2.00000,3.00000,competition,True,False,False,general,3.00000,HBW,10,25.69000,49.57000,,24.49000,7.54000,5.00000,0.00000,25.69000,49.57000,0,23.88000,23.88000,8.91603,6-10,3.79161,car
3-21199000362-1,21199000362.00000,2,2,215,101,0.92109,267.18548,CAR,0,290.07663,54.00000,35-64,False,True,2.00000,3.00000,competition,True,False,False,general,3.00000,HBW,10,26.21000,53.35000,,17.69000,7.83000,10.00000,0.00000,26.21000,53.35000,0,27.14000,27.14000,9.40180,6-10,4.61986,car
3-21199000362-1,21199000362.00000,2,2,215,301,0.07891,22.89115,CAR,0,290.07663,54.00000,35-64,False,True,2.00000,3.00000,competition,True,False,False,general,3.00000,HBW,10,26.52000,73.36000,,35.98000,9.69000,5.00000,1.00000,26.52000,73.36000,0,46.84000,46.84000,10.43219,10-20,0.39581,car
3-21199000362-3,21199000362.00000,1,2,215,102,1.00000,290.07663,CAR,0,290.07663,23.00000,18-24,True,True,2.00000,3.00000,competition,True,False,False,general,3.00000,HBW,10,22.93000,40.58000,,18.52000,7.28000,3.75000,0.00000,22.93000,40.58000,0,17.65000,17.65000,8.76458,6-10,5.01566,car
3-21199000362-3,21199000362.00000,2,2,215,102,1.00000,290.07663,CAR,0,290.07663,23.00000,18-24,True,True,2.00000,3.00000,competition,True,False,False,general,3.00000,HBW,10,22.93000,40.58000,,18.52000,7.28000,3.75000,0.00000,22.93000,40.58000,0,17.65000,17.65000,8.76458,6-10,5.01566,car
3-21320000009-1,21320000009.00000,1,3,210,215,0.11157,0.55785,CAR,0,5.00000,29.00000,25-34,False,True,1.00000,2.00000,competition,True,False,False,arab,2.00000,NHB,10,30.89000,49.26000,,25.76000,9.87000,1.88000,0.00000,30.89000,49.26000,0,18.37000,18.37000,12.69525,10-20,0.00965,car
3-21320000009-1,21320000009.00000,2,3,210,215,0.11157,0.55785,CAR,0,5.00000,29.00000,25-34,False,True,1.00000,2.00000,competition,True,False,False,arab,2.00000,NHB,10,30.89000,49.26000,,25.76000,9.87000,1.88000,0.00000,30.89000,49.26000,0,18.37000,18.37000,12.69525,10-20,0.00965,car
3-21320000021-1,21320000021.00000,1,3,206,201,0.76688,226.85430,CAR,0,295.81608,61.00000,35-64,False,True,3.00000,4.00000,competition,True,False,False,arab,6.00000,NHB,10,22.19000,49.74000,,21.08000,5.33000,5.00000,1.00000,22.19000,49.74000,0,27.55000,27.55000,7.67399,6-10,3.92250,car
3-21320000021-1,21320000021.00000,2,3,206,201,0.76688,226.85430,CAR,0,295.81608,61.00000,35-64,False,True,3.00000,4.00000,competition,True,False,False,arab,6.00000,NHB,10,22.19000,49.74000,,21.08000,5.33000,5.00000,1.00000,22.19000,49.74000,0,27.55000,27.55000,7.67399,6-10,3.92250,car
3-21337000351-1,21337000351.00000,1,2,216,212,1.00000,111.42693,CAR,0,111.42693,37.00000,35-64,True,True,2.00000,2.00000,car_available,True,False,False,general,5.00000,HBW,10,37.13000,76.64000,,38.17000,13.23000,6.00000,0.00000,37.13000,76.64000,0,39.51000,39.51000,16.64510,10-20,1.92666,car
3-21337000351-1,21337000351.00000,2,2,216,212,1.00000,111.42693,CAR,0,111.42693,37.00000,35-64,True,True,2.00000,2.00000,car_available,True,False,False,general,5.00000,HBW,10,37.13000,76.64000,,38.17000,13.23000,6.00000,0.00000,37.13000,76.64000,0,39.51000,39.51000,16.64510,10-20,1.92666,car
3-21337000351-2,21337000351.00000,1,3,216,210,0.65982,73.52203,CAR,0,111.42693,36.00000,35-64,False,True,2.00000,2.00000,car_available,True,False,False,general,5.00000,NHB,10,41.16000,79.89000,,37.41000,17.90000,3.33000,0.00000,41.16000,79.89000,0,38.73000,38.73000,19.13904,10-20,1.27126,car
3-21337000351-2,21337000351.00000,2,3,216,210,0.65982,73.52203,CAR,0,111.42693,36.00000,35-64,False,True,2.00000,2.00000,car_available,True,False,False,general,5.00000,NHB,10,41.16000,79.89000,,37.41000,17.90000,3.33000,0.00000,41.16000,79.89000,0,38.73000,38.73000,19.13904,10-20,1.27126,car
3-22100000002-2,22100000002.00000,1,2,204,201,1.00000,165.07108,CAR,0,165.07108,12.00000,0-17,False,False,1.00000,1.00000,no_licence,False,False,False,general,5.00000,HBE,11,18.79000,35.50000,,12.59000,5.46000,6.00000,0.00000,18.79000,35.50000,0,16.71000,16.71000,6.66762,6-10,2.85421,car
3-22100000002-3,22100000002.00000,1,2,204,201,1.00000,165.07108,CAR,0,165.07108,11.00000,0-17,True,False,1.00000,1.00000,no_licence,False,False,False,general,5.00000,HBE,11,18.79000,35.50000,,12.59000,5.46000,6.00000,0.00000,18.79000,35.50000,0,16.71000,16.71000,6.66762,6-10,2.85421,car
3-22100000002-4,22100000002.00000,1,2,204,201,1.00000,165.07108,CAR,0,165.07108,10.00000,0-17,True,False,1.00000,1.00000,no_licence,False,False,False,general,5.00000,HBE,11,18.79000,35.50000,,12.59000,5.46000,6.00000,0.00000,18.79000,35.50000,0,16.71000,16.71000,6.66762,6-10,2.85421,car
3-22100001622-3,22100001622.00000,1,2,201,202,1.00000,350.00000,CAR,0,350.00000,22.00000,18-24,False,True,2.00000,2.00000,car_available,False,False,False,general,6.00000,HBW,11,12.27000,35.32000,,22.61000,5.42000,0.94000,0.00000,12.27000,35.32000,0,23.05000,23.05000,3.20984,3-6,6.05179,car
3-22100001625-1,22100001625.00000,1,2,201,202,1.00000,350.00000,CAR,0,350.00000,56.00000,35-64,True,True,2.00000,2.00000,car_available,True,False,False,general,2.00000,HBO,10,12.27000,35.32000,,22.61000,5.42000,0.94000,0.00000,12.27000,35.32000,0,23.05000,23.05000,3.20984,3-6,6.05179,car
3-22100001625-1,22100001625.00000,1,3,202,208,1.00000,350.00000,CAR,0,350.00000,56.00000,35-64,True,True,2.00000,2.00000,car_available,True,False,False,general,2.00000,NHB,10,17.00000,38.40000,34.78000,26.81000,4.80000,1.00000,0.00000,17.00000,34.78000,1,21.40000,17.78000,4.74249,3-6,6.05179,car
3-22100001625-1,22100001625.00000,2,2,201,208,1.00000,350.00000,CAR,0,350.00000,56.00000,35-64,True,True,2.00000,2.00000,car_available,True,False,False,general,2.00000,HBW,10,21.02000,56.02000,,29.46000,4.28000,5.00000,1.00000,21.02000,56.02000,0,35.00000,35.00000,6.93218,6-10,6.05179,car
3-22100003605-2,22100003605.00000,1,2,201,206,1.00000,350.00000,BUS,1,350.00000,60.00000,35-64,True,True,1.00000,2.00000,competition,True,False,False,general,2.00000,HBW,5,21.73000,49.73000,,21.61000,5.06000,5.00000,1.00000,21.73000,49.73000,0,28.00000,28.00000,7.67399,6-10,6.05179,transit
3-22100003783-1,22100003783.00000,2,2,201,202,1.00000,350.00000,CAR,0,350.00000,51.00000,35-64,False,True,1.00000,1.00000,car_available,True,False,False,general,3.00000,HBW,10,12.27000,35.32000,,22.61000,5.42000,0.94000,0.00000,12.27000,35.32000,0,23.05000,23.05000,3.20984,3-6,6.05179,car
3-22100004146-1,22100004146.00000,2,2,201,212,1.00000,350.00000,CAR,0,350.00000,38.00000,35-64,False,True,1.00000,1.00000,car_available,False,False,False,general,2.00000,HBW,10,25.46000,65.94000,,37.41000,5.26000,5.00000,1.00000,25.46000,65.94000,0,40.48000,40.48000,10.67943,10-20,6.05179,car
3-22100004861-1,22100004861.00000,1,3,201,212,1.00000,129.54331,CAR,0,129.54331,34.00000,25-34,False,True,2.00000,2.00000,car_available,True,False,False,general,4.00000,NHB,10,25.46000,65.94000,,37.41000,5.26000,5.00000,1.00000,25.46000,65.94000,0,40.48000,40.48000,10.67943,10-20,2.23991,car
3-22100004861-1,22100004861.00000,2,3,201,212,1.00000,129.54331,CAR,0,129.54331,34.00000,25-34,False,True,2.00000,2.00000,car_available,True,False,False,general,4.00000,NHB,10,25.46000,65.94000,,37.41000,5.26000,5.00000,1.00000,25.46000,65.94000,0,40.48000,40.48000,10.67943,10-20,2.23991,car
3-22100004864-1,22100004864.00000,1,2,201,206,0.95646,334.76069,CAR,0,350.00000,45.00000,35-64,True,True,2.00000,2.00000,car_available,True,False,False,general,5.00000,HBW,10,21.73000,49.73000,,21.61000,5.06000,5.00000,1.00000,21.73000,49.73000,0,28.00000,28.00000,7.67399,6-10,5.78829,car
3-22100004864-1,22100004864.00000,2,2,201,206,0.95646,334.76069,CAR,0,350.00000,45.00000,35-64,True,True,2.00000,2.00000,car_available,True,False,False,general,5.00000,HBW,10,21.73000,49.73000,,21.61000,5.06000,5.00000,1.00000,21.73000,49.73000,0,28.00000,28.00000,7.67399,6-10,5.78829,car
3-22100004864-2,22100004864.00000,1,2,201,210,0.65982,230.93799,CAR,0,350.00000,48.00000,35-64,False,True,2.00000,2.00000,car_available,True,False,False,general,5.00000,HBW,10,21.85000,80.34000,,42.47000,9.94000,5.00000,1.00000,21.85000,80.34000,0,58.49000,58.49000,7.14972,6-10,3.99311,car
3-22100004864-2,22100004864.00000,2,2,201,210,0.65982,230.93799,CAR,0,350.00000,48.00000,35-64,False,True,2.00000,2.00000,car_available,True,False,False,general,5.00000,HBW,10,21.85000,80.34000,,42.47000,9.94000,5.00000,1.00000,21.85000,80.34000,0,58.49000,58.49000,7.14972,6-10,3.99311,car
3-22100004866-1,22100004866.00000,1,2,201,202,1.00000,350.00000,CAR,0,350.00000,70.00000,65+,False,True,1.00000,1.00000,car_available,False,False,False,general,2.00000,HBO,10,12.27000,35.32000,,22.61000,5.42000,0.94000,0.00000,12.27000,35.32000,0,23.05000,23.05000,3.20984,3-6,6.05179,car
3-22100004866-1,22100004866.00000,1,3,202,205,1.00000,350.00000,CAR,0,350.00000,70.00000,65+,False,True,1.00000,1.00000,car_available,False,False,False,general,2.00000,NHB,10,22.69000,18.34000,22.21000,9.01000,3.88000,0.79000,0.00000,22.69000,18.34000,1,-4.35000,-4.35000,4.36054,3-6,6.05179,car
3-22100004866-1,22100004866.00000,2,2,201,205,1.00000,350.00000,CAR,0,350.00000,70.00000,65+,False,True,1.00000,1.00000,car_available,False,False,False,general,2.00000,HBO,10,27.94000,42.51000,,25.78000,3.36000,5.00000,0.00000,27.94000,42.51000,0,14.57000,14.57000,7.51893,6-10,6.05179,car
3-22100005944-1,22100005944.00000,1,2,201,212,1.00000,174.98860,CAR,0,174.98860,60.00000,35-64,False,True,0.00000,1.00000,no_car_hh,True,False,False,general,1.00000,HBO,10,25.46000,65.94000,,37.41000,5.26000,5.00000,1.00000,25.46000,65.94000,0,40.48000,40.48000,10.67943,10-20,3.02570,car
3-22100005944-1,22100005944.00000,1,3,212,216,1.00000,174.98860,CAR,0,174.98860,60.00000,35-64,False,True,0.00000,1.00000,no_car_hh,True,False,False,general,1.00000,NHB,10,46.68000,74.14000,,25.11000,19.51000,5.00000,0.00000,46.68000,74.14000,0,27.46000,27.46000,16.64510,10-20,3.02570,car
3-22100005944-1,22100005944.00000,2,2,201,209,1.00000,174.98860,CAR,0,174.98860,60.00000,35-64,False,True,0.00000,1.00000,no_car_hh,True,False,False,general,1.00000,HBW,10,24.48000,75.01000,,45.12000,4.95000,10.00000,0.00000,24.48000,75.01000,0,50.53000,50.53000,6.41107,6-10,3.02570,car
3-22100007206-1,22100007206.00000,1,2,201,202,1.00000,343.94794,BUS,1,343.94794,22.00000,18-24,False,False,0.00000,0.00000,no_car_hh,True,False,False,general,3.00000,HBW,3,12.27000,35.32000,,22.61000,5.42000,0.94000,0.00000,12.27000,35.32000,0,23.05000,23.05000,3.20984,3-6,5.94714,transit
3-22100007206-1,22100007206.00000,2,2,201,202,1.00000,343.94794,BUS,1,343.94794,22.00000,18-24,False,False,0.00000,0.00000,no_car_hh,True,False,False,general,3.00000,HBW,3,12.27000,35.32000,,22.61000,5.42000,0.94000,0.00000,12.27000,35.32000,0,23.05000,23.05000,3.20984,3-6,5.94714,transit
3-22100007742-1,22100007742.00000,1,4,201,208,1.00000,292.19492,BUS,1,292.19492,40.00000,35-64,True,False,0.00000,0.00000,no_car_hh,True,False,False,general,3.00000,HBW,5,21.02000,56.02000,,29.46000,4.28000,5.00000,1.00000,21.02000,56.02000,0,35.00000,35.00000,6.93218,6-10,5.05229,transit
3-22100007742-1,22100007742.00000,2,4,201,208,1.00000,292.19492,BUS,1,292.19492,40.00000,35-64,True,False,0.00000,0.00000,no_car_hh,True,False,False,general,3.00000,HBW,5,21.02000,56.02000,,29.46000,4.28000,5.00000,1.00000,21.02000,56.02000,0,35.00000,35.00000,6.93218,6-10,5.05229,transit
3-22100008106-2,22100008106.00000,1,2,201,209,0.11342,39.69849,CAR,0,350.00000,58.00000,35-64,False,True,1.00000,2.00000,competition,True,False,False,general,3.00000,HBW,10,24.48000,75.01000,,45.12000,4.95000,10.00000,0.00000,24.48000,75.01000,0,50.53000,50.53000,6.41107,6-10,0.68642,car
3-22100008106-2,22100008106.00000,1,2,201,210,0.20101,70.35176,CAR,0,350.00000,58.00000,35-64,False,True,1.00000,2.00000,competition,True,False,False,general,3.00000,HBW,10,21.85000,80.34000,,42.47000,9.94000,5.00000,1.00000,21.85000,80.34000,0,58.49000,58.49000,7.14972,6-10,1.21644,car
3-22100008106-2,22100008106.00000,2,2,201,209,0.11342,39.69849,CAR,0,350.00000,58.00000,35-64,False,True,1.00000,2.00000,competition,True,False,False,general,3.00000,HBW,10,24.48000,75.01000,,45.12000,4.95000,10.00000,0.00000,24.48000,75.01000,0,50.53000,50.53000,6.41107,6-10,0.68642,car
3-22100008106-2,22100008106.00000,2,2,201,210,0.20101,70.35176,CAR,0,350.00000,58.00000,35-64,False,True,1.00000,2.00000,competition,True,False,False,general,3.00000,HBW,10,21.85000,80.34000,,42.47000,9.94000,5.00000,1.00000,21.85000,80.34000,0,58.49000,58.49000,7.14972,6-10,1.21644,car
3-22100011526-2,22100011526.00000,1,4,202,201,1.00000,234.58426,CAR,0,234.58426,24.00000,18-24,False,True,1.00000,1.00000,car_available,True,False,False,general,3.00000,NHB,10,11.12000,22.60000,,7.18000,6.83000,0.88000,0.00000,11.12000,22.60000,0,11.48000,11.48000,3.20984,3-6,4.05615,car
3-22300003751-1,22300003751.00000,1,4,208,217,1.00000,148.80118,CAR,0,148.80118,49.00000,35-64,False,True,2.00000,2.00000,car_available,True,False,False,general,6.00000,NHB,10,60.88000,69.71000,,47.00000,5.36000,6.00000,0.00000,60.88000,69.71000,0,8.83000,8.83000,31.38329,20+,2.57289,car
3-22300003751-1,22300003751.00000,2,3,208,217,1.00000,148.80118,CAR,0,148.80118,49.00000,35-64,False,True,2.00000,2.00000,car_available,True,False,False,general,6.00000,NHB,10,60.88000,69.71000,,47.00000,5.36000,6.00000,0.00000,60.88000,69.71000,0,8.83000,8.83000,31.38329,20+,2.57289,car
3-2250001314-2,2250001314.00000,1,3,210,202,0.11157,39.04959,CAR,0,350.00000,68.00000,65+,True,True,2.00000,2.00000,car_available,False,False,False,general,2.00000,NHB,10,22.09000,52.66000,32.08000,34.76000,8.30000,0.65000,0.00000,22.09000,32.08000,1,30.57000,9.99000,7.02822,6-10,0.67520,car
3-2250001314-2,2250001314.00000,2,3,210,202,0.11157,39.04959,CAR,0,350.00000,68.00000,65+,True,True,2.00000,2.00000,car_available,False,False,False,general,2.00000,NHB,10,22.09000,52.66000,32.08000,34.76000,8.30000,0.65000,0.00000,22.09000,32.08000,1,30.57000,9.99000,7.02822,6-10,0.67520,car
3-2250003344-1,2250003344.00000,1,5,202,211,0.86103,96.56623,CAR,0,112.15257,50.00000,35-64,True,True,1.00000,1.00000,car_available,True,False,False,general,2.00000,NHB,10,22.51000,42.90000,42.90000,18.73000,10.66000,1.43000,0.00000,22.51000,42.90000,1,20.39000,20.39000,9.01513,6-10,1.66971,car
3-2250008155-1,2250008155.00000,1,3,209,202,0.66551,8.48124,CAR,0,12.74406,33.00000,25-34,False,True,1.00000,1.00000,car_available,True,False,False,general,1.00000,NHB,10,16.55000,38.37000,40.84000,29.30000,3.92000,0.61000,0.00000,16.55000,38.37000,1,21.82000,21.82000,5.13402,3-6,0.14665,car
3-2250008155-1,2250008155.00000,1,5,202,201,1.00000,12.74406,CAR,0,12.74406,33.00000,25-34,False,True,1.00000,1.00000,car_available,True,False,False,general,1.00000,NHB,10,11.12000,22.60000,,7.18000,6.83000,0.88000,0.00000,11.12000,22.60000,0,11.48000,11.48000,3.20984,3-6,0.22036,car
3-2250008155-1,2250008155.00000,1,7,201,208,1.00000,12.74406,CAR,0,12.74406,33.00000,25-34,False,True,1.00000,1.00000,car_available,True,False,False,general,1.00000,NHB,10,21.02000,56.02000,,29.46000,4.28000,5.00000,1.00000,21.02000,56.02000,0,35.00000,35.00000,6.93218,6-10,0.22036,car
3-2250008163-1,2250008163.00000,1,3,201,208,1.00000,14.72476,CAR,0,14.72476,32.00000,25-34,False,True,1.00000,1.00000,car_available,True,False,False,general,2.00000,NHB,10,21.02000,56.02000,,29.46000,4.28000,5.00000,1.00000,21.02000,56.02000,0,35.00000,35.00000,6.93218,6-10,0.25460,car
3-2250008163-1,2250008163.00000,2,3,209,201,0.66551,9.79940,CAR,0,14.72476,32.00000,25-34,False,True,1.00000,1.00000,car_available,True,False,False,general,2.00000,NHB,10,30.73000,53.13000,,31.50000,4.82000,6.00000,0.00000,30.73000,53.13000,0,22.40000,22.40000,6.41107,6-10,0.16944,car
3-22800001471-1,22800001471.00000,2,6,216,212,1.00000,289.03661,CAR,0,289.03661,56.00000,35-64,False,True,1.00000,2.00000,competition,True,False,False,general,4.00000,NHB,10,37.13000,76.64000,,38.17000,13.23000,6.00000,0.00000,37.13000,76.64000,0,39.51000,39.51000,16.64510,10-20,4.99768,car
3-24000000246-2,24000000246.00000,1,2,304,303,0.50952,75.36355,CAR,0,147.91121,46.00000,35-64,True,True,2.00000,3.00000,competition,True,False,False,general,5.00000,HBO,10,8.08000,15.20000,70.31000,6.28000,3.39000,1.07000,0.00000,8.08000,15.20000,1,7.12000,7.12000,1.61472,<3,1.30310,car
3-24000000246-2,24000000246.00000,1,3,303,208,0.39459,58.36441,CAR,0,147.91121,46.00000,35-64,True,True,2.00000,3.00000,competition,True,False,False,general,5.00000,NHB,10,22.36000,38.62000,,19.67000,3.48000,6.00000,0.00000,22.36000,38.62000,0,16.26000,16.26000,6.63303,6-10,1.00917,car
3-24000000246-2,24000000246.00000,2,2,304,303,0.50952,75.36355,CAR,0,147.91121,46.00000,35-64,True,True,2.00000,3.00000,competition,True,False,False,general,5.00000,HBO,10,8.08000,15.20000,70.31000,6.28000,3.39000,1.07000,0.00000,8.08000,15.20000,1,7.12000,7.12000,1.61472,<3,1.30310,car
3-24000000246-2,24000000246.00000,2,3,303,208,1.00000,147.91121,CAR,0,147.91121,46.00000,35-64,True,True,2.00000,3.00000,competition,True,False,False,general,5.00000,NHB,10,22.36000,38.62000,,19.67000,3.48000,6.00000,0.00000,22.36000,38.62000,0,16.26000,16.26000,6.63303,6-10,2.55751,car
3-24000000246-4,24000000246.00000,1,2,304,302,0.50952,75.36355,BUS,1,147.91121,16.00000,0-17,True,False,2.00000,3.00000,no_licence,False,True,False,general,5.00000,HBE,3,11.95000,27.89000,77.22000,15.11000,4.89000,1.50000,0.00000,11.95000,27.89000,1,15.94000,15.94000,2.65329,<3,1.30310,transit
3-24000000246-4,24000000246.00000,2,2,304,302,0.50952,75.36355,BUS,1,147.91121,16.00000,0-17,True,False,2.00000,3.00000,no_licence,False,True,False,general,5.00000,HBE,3,11.95000,27.89000,77.22000,15.11000,4.89000,1.50000,0.00000,11.95000,27.89000,1,15.94000,15.94000,2.65329,<3,1.30310,transit
3-24000000246-5,24000000246.00000,1,2,304,303,0.50952,75.36355,CAR,0,147.91121,10.00000,0-17,True,False,2.00000,3.00000,no_licence,False,False,False,general,5.00000,HBE,11,8.08000,15.20000,70.31000,6.28000,3.39000,1.07000,0.00000,8.08000,15.20000,1,7.12000,7.12000,1.61472,<3,1.30310,car
3-24000000246-5,24000000246.00000,2,2,304,303,0.50952,75.36355,CAR,0,147.91121,10.00000,0-17,True,False,2.00000,3.00000,no_licence,False,False,False,general,5.00000,HBE,11,8.08000,15.20000,70.31000,6.28000,3.39000,1.07000,0.00000,8.08000,15.20000,1,7.12000,7.12000,1.61472,<3,1.30310,car
3-24000000299-1,24000000299.00000,2,2,209,304,0.04030,2.43651,CAR,0,60.45691,45.00000,35-64,False,True,1.00000,2.00000,competition,True,False,False,general,4.00000,NHB,10,16.54000,45.71000,45.71000,33.89000,3.41000,2.50000,0.00000,16.54000,45.71000,1,29.17000,29.17000,5.22219,3-6,0.04213,car
3-24000000299-1,24000000299.00000,2,2,210,304,0.07142,4.31787,CAR,0,60.45691,45.00000,35-64,False,True,1.00000,2.00000,competition,True,False,False,general,4.00000,NHB,10,15.33000,60.98000,62.23000,41.65000,7.79000,1.88000,0.00000,15.33000,60.98000,1,45.65000,45.65000,4.60641,3-6,0.07466,car
3-24000000299-1,24000000299.00000,2,4,304,104,0.27519,16.63730,CAR,0,60.45691,45.00000,35-64,False,True,1.00000,2.00000,competition,True,False,False,general,4.00000,HBO,10,6.78000,27.98000,,11.79000,5.09000,3.00000,0.00000,6.78000,27.98000,0,21.20000,21.20000,1.24683,<3,0.28767,car
3-24000000299-1,24000000299.00000,2,5,104,304,0.40125,24.25839,CAR,0,60.45691,45.00000,35-64,False,True,1.00000,2.00000,competition,True,False,False,general,4.00000,HBO,10,8.40000,22.05000,,6.52000,5.26000,2.50000,0.00000,8.40000,22.05000,0,13.65000,13.65000,1.24683,<3,0.41945,car
3-24000000299-2,24000000299.00000,1,2,304,303,0.50952,30.80393,CAR,0,60.45691,44.00000,35-64,True,True,1.00000,2.00000,competition,True,False,False,general,4.00000,HBO,10,8.08000,15.20000,70.31000,6.28000,3.39000,1.07000,0.00000,8.08000,15.20000,1,7.12000,7.12000,1.61472,<3,0.53263,car
3-24000000299-2,24000000299.00000,1,3,303,302,1.00000,60.45691,CAR,0,60.45691,44.00000,35-64,True,True,1.00000,2.00000,competition,True,False,False,general,4.00000,NHB,10,6.54000,17.11000,80.65000,5.92000,4.90000,0.70000,0.00000,6.54000,17.11000,1,10.57000,10.57000,1.14681,<3,1.04535,car
3-24000000299-2,24000000299.00000,1,4,302,304,0.67162,40.60378,CAR,0,60.45691,44.00000,35-64,True,True,1.00000,2.00000,competition,True,False,False,general,4.00000,HBO,10,12.37000,24.03000,20.35000,11.55000,5.20000,1.03000,0.00000,12.37000,20.35000,1,11.66000,7.98000,2.65329,<3,0.70207,car
3-24000000299-2,24000000299.00000,2,2,304,104,0.27519,16.63730,CAR,0,60.45691,44.00000,35-64,True,True,1.00000,2.00000,competition,True,False,False,general,4.00000,HBW,11,6.78000,27.98000,,11.79000,5.09000,3.00000,0.00000,6.78000,27.98000,0,21.20000,21.20000,1.24683,<3,0.28767,car
3-24000000299-3,24000000299.00000,1,2,304,303,0.50952,30.80393,CAR,0,60.45691,16.50000,0-17,False,False,1.00000,2.00000,no_licence,False,True,False,general,4.00000,HBO,11,8.08000,15.20000,70.31000,6.28000,3.39000,1.07000,0.00000,8.08000,15.20000,1,7.12000,7.12000,1.61472,<3,0.53263,car
3-24000000299-3,24000000299.00000,1,3,303,302,1.00000,60.45691,CAR,0,60.45691,16.50000,0-17,False,False,1.00000,2.00000,no_licence,False,True,False,general,4.00000,NHB,11,6.54000,17.11000,80.65000,5.92000,4.90000,0.70000,0.00000,6.54000,17.11000,1,10.57000,10.57000,1.14681,<3,1.04535,car
3-24000000299-3,24000000299.00000,2,2,304,302,0.50952,30.80393,CAR,0,60.45691,16.50000,0-17,False,False,1.00000,2.00000,no_licence,False,True,False,general,4.00000,HBE,11,11.95000,27.89000,77.22000,15.11000,4.89000,1.50000,0.00000,11.95000,27.89000,1,15.94000,15.94000,2.65329,<3,0.53263,car
3-24000000299-4,24000000299.00000,1,2,304,303,0.50952,30.80393,CAR,0,60.45691,13.50000,0-17,False,False,1.00000,2.00000,no_licence,False,False,False,general,4.00000,HBE,11,8.08000,15.20000,70.31000,6.28000,3.39000,1.07000,0.00000,8.08000,15.20000,1,7.12000,7.12000,1.61472,<3,0.53263,car
3-24000000373-1,24000000373.00000,2,3,304,206,0.50952,34.15228,CAR,0,67.02849,33.00000,25-34,True,True,0.00000,1.00000,no_car_hh,True,True,False,general,2.00000,NHB,10,28.08000,50.16000,,21.67000,4.25000,10.00000,0.00000,28.08000,50.16000,0,22.08000,22.08000,7.71921,6-10,0.59052,car
3-24000000505-1,24000000505.00000,1,3,304,202,0.00000,0.00000,CAR,0,84.99220,31.00000,25-34,False,True,1.00000,1.00000,car_available,True,False,False,general,5.00000,NHB,10,26.41000,52.22000,,25.00000,4.61000,5.00000,1.00000,26.41000,52.22000,0,25.81000,25.81000,10.34302,10-20,0.00000,car
3-24000000784-1,24000000784.00000,1,2,304,301,0.00000,0.00000,CAR,0,77.24394,35.00000,35-64,False,True,1.00000,1.00000,car_available,True,False,False,general,1.00000,HBW,10,14.02000,36.41000,83.51000,19.33000,6.54000,2.00000,0.00000,14.02000,36.41000,1,22.39000,22.39000,3.69791,3-6,0.00000,car
3-24000000784-1,24000000784.00000,2,2,304,301,0.00000,0.00000,CAR,0,77.24394,35.00000,35-64,False,True,1.00000,1.00000,car_available,True,False,False,general,1.00000,HBW,10,14.02000,36.41000,83.51000,19.33000,6.54000,2.00000,0.00000,14.02000,36.41000,1,22.39000,22.39000,3.69791,3-6,0.00000,car
3-24000001415-1,24000001415.00000,1,2,304,212,0.50952,178.33159,BUS,1,350.00000,22.00000,18-24,True,False,1.00000,1.00000,no_licence,True,False,False,general,2.00000,HBW,3,11.61000,16.14000,18.29000,5.09000,4.45000,1.07000,0.00000,11.61000,16.14000,1,4.53000,4.53000,1.82010,<3,3.08350,transit
3-24000001415-1,24000001415.00000,2,2,304,212,0.50952,178.33159,BUS,1,350.00000,22.00000,18-24,True,False,1.00000,1.00000,no_licence,True,False,False,general,2.00000,HBW,3,11.61000,16.14000,18.29000,5.09000,4.45000,1.07000,0.00000,11.61000,16.14000,1,4.53000,4.53000,1.82010,<3,3.08350,transit
3-24000001661-1,24000001661.00000,2,2,304,104,0.27519,27.38030,BUS,1,99.49504,53.00000,35-64,True,False,1.00000,1.00000,no_licence,True,False,False,general,2.00000,HBW,3,6.78000,27.98000,,11.79000,5.09000,3.00000,0.00000,6.78000,27.98000,0,21.20000,21.20000,1.24683,<3,0.47343,transit
3-24000001661-2,24000001661.00000,1,2,304,210,0.33619,33.44945,CAR,0,99.49504,30.00000,25-34,True,True,1.00000,1.00000,car_available,True,False,False,general,2.00000,HBW,10,15.60000,33.79000,35.58000,13.04000,9.13000,1.25000,0.00000,15.60000,33.79000,1,18.19000,18.19000,4.60641,3-6,0.57837,car
3-24000001661-2,24000001661.00000,2,2,304,210,0.33619,33.44945,CAR,0,99.49504,30.00000,25-34,True,True,1.00000,1.00000,car_available,True,False,False,general,2.00000,HBW,10,15.60000,33.79000,35.58000,13.04000,9.13000,1.25000,0.00000,15.60000,33.79000,1,18.19000,18.19000,4.60641,3-6,0.57837,car
3-24000001880-1,24000001880.00000,2,4,304,103,0.26860,21.99067,CAR,0,81.87014,66.00000,65+,False,False,0.00000,0.00000,no_car_hh,True,False,False,general,1.00000,NHB,11,10.90000,36.20000,,20.74000,4.39000,3.33000,0.00000,10.90000,36.20000,0,25.30000,25.30000,2.21445,<3,0.38024,car
3-24000001920-1,24000001920.00000,1,2,304,212,0.50952,26.88739,CAR,0,52.77016,39.00000,35-64,True,False,1.00000,1.00000,no_licence,True,False,False,general,6.00000,HBO,10,11.61000,16.14000,18.29000,5.09000,4.45000,1.07000,0.00000,11.61000,16.14000,1,4.53000,4.53000,1.82010,<3,0.46491,car
3-24000001920-1,24000001920.00000,1,3,212,304,0.35532,18.75018,CAR,0,52.77016,39.00000,35-64,True,False,1.00000,1.00000,no_licence,True,False,False,general,6.00000,NHB,11,10.20000,30.04000,69.15000,12.38000,7.46000,1.36000,0.00000,10.20000,30.04000,1,19.84000,19.84000,1.82010,<3,0.32421,car
3-24000001920-1,24000001920.00000,1,6,304,211,0.43871,23.15073,BUS,1,52.77016,39.00000,35-64,True,False,1.00000,1.00000,no_licence,True,False,False,general,6.00000,NHB,3,12.71000,26.50000,28.79000,5.84000,9.33000,1.00000,0.00000,12.71000,26.50000,1,13.79000,13.79000,2.45015,<3,0.40030,transit
3-24000001920-2,24000001920.00000,1,2,304,212,0.50952,26.88739,CAR,0,52.77016,39.00000,35-64,False,True,1.00000,1.00000,car_available,True,False,False,general,6.00000,HBO,10,11.61000,16.14000,18.29000,5.09000,4.45000,1.07000,0.00000,11.61000,16.14000,1,4.53000,4.53000,1.82010,<3,0.46491,car
3-24000001920-2,24000001920.00000,1,3,212,304,0.35532,18.75018,CAR,0,52.77016,39.00000,35-64,False,True,1.00000,1.00000,car_available,True,False,False,general,6.00000,NHB,10,10.20000,30.04000,69.15000,12.38000,7.46000,1.36000,0.00000,10.20000,30.04000,1,19.84000,19.84000,1.82010,<3,0.32421,car
3-24000001920-3,24000001920.00000,1,2,304,303,0.50952,26.88739,BUS,1,52.77016,9.00000,0-17,True,False,1.00000,1.00000,no_licence,False,False,False,general,6.00000,HBE,3,8.08000,15.20000,70.31000,6.28000,3.39000,1.07000,0.00000,8.08000,15.20000,1,7.12000,7.12000,1.61472,<3,0.46491,transit
3-24000001920-3,24000001920.00000,2,2,304,303,0.50952,26.88739,BUS,1,52.77016,9.00000,0-17,True,False,1.00000,1.00000,no_licence,False,False,False,general,6.00000,HBE,3,8.08000,15.20000,70.31000,6.28000,3.39000,1.07000,0.00000,8.08000,15.20000,1,7.12000,7.12000,1.61472,<3,0.46491,transit
3-24000001920-4,24000001920.00000,2,2,304,303,0.50952,26.88739,BUS,1,52.77016,9.00000,0-17,True,False,1.00000,1.00000,no_licence,False,False,False,general,6.00000,HBE,3,8.08000,15.20000,70.31000,6.28000,3.39000,1.07000,0.00000,8.08000,15.20000,1,7.12000,7.12000,1.61472,<3,0.46491,transit
3-24000001954-1,24000001954.00000,1,2,304,303,0.50952,147.50784,CAR,0,289.50420,68.00000,65+,False,True,1.00000,3.00000,competition,False,False,False,general,3.00000,HBO,10,8.08000,15.20000,70.31000,6.28000,3.39000,1.07000,0.00000,8.08000,15.20000,1,7.12000,7.12000,1.61472,<3,2.55053,car
3-24000001954-1,24000001954.00000,1,3,303,304,0.67162,194.43542,CAR,0,289.50420,68.00000,65+,False,True,1.00000,3.00000,competition,False,False,False,general,3.00000,HBO,10,9.26000,19.08000,15.91000,9.20000,4.10000,0.83000,0.00000,9.26000,15.91000,1,9.82000,6.65000,1.61472,<3,3.36195,car
3-24000001954-1,24000001954.00000,2,2,304,303,0.50952,147.50784,CAR,0,289.50420,68.00000,65+,False,True,1.00000,3.00000,competition,False,False,False,general,3.00000,HBO,10,8.08000,15.20000,70.31000,6.28000,3.39000,1.07000,0.00000,8.08000,15.20000,1,7.12000,7.12000,1.61472,<3,2.55053,car
3-24000001954-1,24000001954.00000,2,3,303,304,0.67162,194.43542,CAR,0,289.50420,68.00000,65+,False,True,1.00000,3.00000,competition,False,False,False,general,3.00000,HBO,10,9.26000,19.08000,15.91000,9.20000,4.10000,0.83000,0.00000,9.26000,15.91000,1,9.82000,6.65000,1.61472,<3,3.36195,car
3-24000001954-2,24000001954.00000,2,2,304,206,0.48733,141.08522,CAR,0,289.50420,66.00000,65+,True,True,1.00000,3.00000,competition,True,False,False,general,3.00000,HBO,10,28.08000,50.16000,,21.67000,4.25000,10.00000,0.00000,28.08000,50.16000,0,22.08000,22.08000,7.71921,6-10,2.43948,car
3-24000002126-1,24000002126.00000,2,2,304,102,0.50952,51.39360,CAR,0,100.86693,71.00000,65+,True,True,1.00000,1.00000,car_available,False,False,False,general,2.00000,HBO,10,15.21000,42.79000,,27.85000,4.13000,3.33000,0.00000,15.21000,42.79000,0,27.58000,27.58000,3.64818,3-6,0.88864,car
3-24000002126-2,24000002126.00000,2,2,304,102,0.50952,51.39360,CAR,0,100.86693,73.00000,65+,False,False,1.00000,1.00000,no_licence,False,False,False,general,2.00000,HBO,11,15.21000,42.79000,,27.85000,4.13000,3.33000,0.00000,15.21000,42.79000,0,27.58000,27.58000,3.64818,3-6,0.88864,car
3-24000002943-2,24000002943.00000,2,3,304,212,0.50952,55.16841,CAR,0,108.27551,37.00000,35-64,False,True,4.00000,2.00000,car_available,True,False,False,general,5.00000,NHB,10,11.61000,16.14000,18.29000,5.09000,4.45000,1.07000,0.00000,11.61000,16.14000,1,4.53000,4.53000,1.82010,<3,0.95391,car
3-24000002943-3,24000002943.00000,1,2,304,104,0.25597,27.71516,BUS,1,108.27551,12.50000,0-17,True,False,4.00000,2.00000,no_licence,False,False,False,general,5.00000,HBE,3,6.78000,27.98000,,11.79000,5.09000,3.00000,0.00000,6.78000,27.98000,0,21.20000,21.20000,1.24683,<3,0.47922,transit
3-24000002943-3,24000002943.00000,2,2,304,104,0.25597,27.71516,BUS,1,108.27551,12.50000,0-17,True,False,4.00000,2.00000,no_licence,False,False,False,general,5.00000,HBE,3,6.78000,27.98000,,11.79000,5.09000,3.00000,0.00000,6.78000,27.98000,0,21.20000,21.20000,1.24683,<3,0.47922,transit
3-24000003163-1,24000003163.00000,2,2,304,102,0.06242,13.38212,CAR,0,214.37289,69.00000,65+,False,True,2.00000,2.00000,car_available,False,False,False,general,2.00000,HBO,10,15.21000,42.79000,,27.85000,4.13000,3.33000,0.00000,15.21000,42.79000,0,27.58000,27.58000,3.64818,3-6,0.23139,car
3-24000003242-1,24000003242.00000,1,2,304,104,0.50952,85.50704,CAR,0,167.81919,70.00000,65+,True,True,1.00000,1.00000,car_available,False,False,False,general,1.00000,HBO,10,6.78000,27.98000,,11.79000,5.09000,3.00000,0.00000,6.78000,27.98000,0,21.20000,21.20000,1.24683,<3,1.47849,car
3-24000003242-1,24000003242.00000,1,3,104,102,1.00000,167.81919,CAR,0,167.81919,70.00000,65+,True,True,1.00000,1.00000,car_available,False,False,False,general,1.00000,NHB,10,13.37000,17.52000,19.21000,6.01000,5.30000,0.46000,0.00000,13.37000,17.52000,1,4.15000,4.15000,3.18021,3-6,2.90173,car
3-24000003242-1,24000003242.00000,2,2,304,104,0.27519,46.18261,CAR,0,167.81919,70.00000,65+,True,True,1.00000,1.00000,car_available,False,False,False,general,1.00000,HBO,10,6.78000,27.98000,,11.79000,5.09000,3.00000,0.00000,6.78000,27.98000,0,21.20000,21.20000,1.24683,<3,0.79854,car
3-24000003349-1,24000003349.00000,1,2,304,211,0.43871,42.25140,CAR,0,96.30855,46.00000,35-64,False,True,1.00000,1.00000,car_available,False,False,False,general,3.00000,HBO,10,12.71000,26.50000,28.79000,5.84000,9.33000,1.00000,0.00000,12.71000,26.50000,1,13.79000,13.79000,2.45015,<3,0.73056,car
3-24000003349-2,24000003349.00000,1,2,303,104,0.50237,48.38289,BUS,1,96.30855,15.00000,0-17,False,False,1.00000,1.00000,no_licence,False,False,False,general,3.00000,HBE,3,11.20000,31.81000,,15.61000,5.10000,3.00000,0.00000,11.20000,31.81000,0,20.61000,20.61000,2.24488,<3,0.83658,transit
3-24000003349-2,24000003349.00000,1,2,303,304,0.31852,30.67575,BUS,1,96.30855,15.00000,0-17,False,False,1.00000,1.00000,no_licence,False,False,False,general,3.00000,HBE,3,9.26000,19.08000,15.91000,9.20000,4.10000,0.83000,0.00000,9.26000,15.91000,1,9.82000,6.65000,1.61472,<3,0.53041,transit
3-24000003349-2,24000003349.00000,2,2,304,104,0.25597,24.65199,BUS,1,96.30855,15.00000,0-17,False,False,1.00000,1.00000,no_licence,False,False,False,general,3.00000,HBE,3,6.78000,27.98000,,11.79000,5.09000,3.00000,0.00000,6.78000,27.98000,0,21.20000,21.20000,1.24683,<3,0.42625,transit
3-24000003349-3,24000003349.00000,1,2,304,104,0.27519,26.50341,BUS,1,96.30855,12.00000,0-17,False,False,1.00000,1.00000,no_licence,False,False,False,general,3.00000,HBE,3,6.78000,27.98000,,11.79000,5.09000,3.00000,0.00000,6.78000,27.98000,0,21.20000,21.20000,1.24683,<3,0.45827,transit
3-24000003349-3,24000003349.00000,2,2,304,104,0.27519,26.50341,BUS,1,96.30855,12.00000,0-17,False,False,1.00000,1.00000,no_licence,False,False,False,general,3.00000,HBE,3,6.78000,27.98000,,11.79000,5.09000,3.00000,0.00000,6.78000,27.98000,0,21.20000,21.20000,1.24683,<3,0.45827,transit
3-24000003408-1,24000003408.00000,2,4,304,208,0.04963,8.68766,CAR,0,175.05080,54.00000,35-64,False,True,1.00000,1.00000,car_available,True,False,False,general,1.00000,HBW,10,21.32000,43.61000,,16.67000,3.47000,10.00000,0.00000,21.32000,43.61000,0,22.29000,22.29000,6.07859,6-10,0.15022,car
3-24000003408-1,24000003408.00000,2,4,304,209,0.07717,13.50883,CAR,0,175.05080,54.00000,35-64,False,True,1.00000,1.00000,car_available,True,False,False,general,1.00000,HBW,10,16.57000,33.37000,33.37000,20.81000,4.14000,2.15000,0.00000,16.57000,33.37000,1,16.80000,16.80000,5.22219,3-6,0.23358,car
3-24000003780-1,24000003780.00000,1,4,303,202,0.50000,29.81354,CAR,0,59.62708,40.00000,35-64,True,True,2.00000,2.00000,car_available,True,False,False,general,5.00000,HBO,10,31.31000,54.34000,,27.11000,4.61000,5.00000,1.00000,31.31000,54.34000,0,23.03000,23.03000,11.19482,10-20,0.51550,car
3-24000003780-1,24000003780.00000,1,4,303,203,0.50000,29.81354,CAR,0,59.62708,40.00000,35-64,True,True,2.00000,2.00000,car_available,True,False,False,general,5.00000,HBO,10,26.29000,56.57000,,31.04000,6.76000,6.00000,0.00000,26.29000,56.57000,0,30.28000,30.28000,10.45698,10-20,0.51550,car
3-24000004093-1,24000004093.00000,1,2,303,206,1.00000,115.24923,CAR,0,115.24923,52.00000,35-64,True,True,2.00000,2.00000,car_available,True,False,False,general,2.00000,HBW,10,23.44000,45.18000,,24.67000,4.26000,6.00000,0.00000,23.44000,45.18000,0,21.74000,21.74000,7.94231,6-10,1.99275,car
3-24000004093-1,24000004093.00000,2,2,303,206,1.00000,115.24923,CAR,0,115.24923,52.00000,35-64,True,True,2.00000,2.00000,car_available,True,False,False,general,2.00000,HBW,10,23.44000,45.18000,,24.67000,4.26000,6.00000,0.00000,23.44000,45.18000,0,21.74000,21.74000,7.94231,6-10,1.99275,car
3-24000004093-2,24000004093.00000,1,2,303,104,1.00000,115.24923,CAR,0,115.24923,60.00000,35-64,False,True,2.00000,2.00000,car_available,True,False,False,general,2.00000,HBW,10,11.20000,31.81000,,15.61000,5.10000,3.00000,0.00000,11.20000,31.81000,0,20.61000,20.61000,2.24488,<3,1.99275,car
3-24000004093-2,24000004093.00000,2,2,303,104,1.00000,115.24923,CAR,0,115.24923,60.00000,35-64,False,True,2.00000,2.00000,car_available,True,False,False,general,2.00000,HBW,10,11.20000,31.81000,,15.61000,5.10000,3.00000,0.00000,11.20000,31.81000,0,20.61000,20.61000,2.24488,<3,1.99275,car
3-24000004225-1,24000004225.00000,1,2,303,102,0.12252,14.11994,CAR,0,115.24923,61.00000,35-64,True,True,2.00000,2.00000,car_available,True,False,False,general,2.00000,HBO,10,12.50000,33.30000,,22.01000,4.14000,1.50000,0.00000,12.50000,33.30000,0,20.80000,20.80000,2.72961,<3,0.24415,car
3-24000004225-1,24000004225.00000,1,3,102,303,0.28127,32.41653,CAR,0,115.24923,61.00000,35-64,True,True,2.00000,2.00000,car_available,True,False,False,general,2.00000,NHB,10,13.18000,33.68000,,23.96000,3.10000,1.76000,0.00000,13.18000,33.68000,0,20.50000,20.50000,2.72961,<3,0.56051,car
3-24000004225-1,24000004225.00000,2,2,303,102,0.12252,14.11994,CAR,0,115.24923,61.00000,35-64,True,True,2.00000,2.00000,car_available,True,False,False,general,2.00000,HBO,10,12.50000,33.30000,,22.01000,4.14000,1.50000,0.00000,12.50000,33.30000,0,20.80000,20.80000,2.72961,<3,0.24415,car
3-24000004465-1,24000004465.00000,1,3,214,104,0.00000,0.00000,CAR,0,48.26367,61.00000,35-64,True,True,1.00000,1.00000,car_available,False,False,False,general,1.00000,HBO,10,18.08000,34.77000,,17.77000,6.35000,2.15000,0.00000,18.08000,34.77000,0,16.69000,16.69000,5.96041,3-6,0.00000,car
3-24000004465-1,24000004465.00000,1,3,214,304,0.00000,0.00000,CAR,0,48.26367,61.00000,35-64,True,True,1.00000,1.00000,car_available,False,False,False,general,1.00000,HBO,10,20.39000,62.44000,,33.73000,5.35000,5.00000,1.00000,20.39000,62.44000,0,42.05000,42.05000,7.20693,6-10,0.00000,car
3-24000004465-1,24000004465.00000,1,4,104,103,0.15329,7.39810,CAR,0,48.26367,61.00000,35-64,True,True,1.00000,1.00000,car_available,False,False,False,general,1.00000,HBO,10,6.92000,15.99000,18.19000,4.07000,5.56000,0.40000,0.00000,6.92000,15.99000,1,9.07000,9.07000,1.66098,<3,0.12792,car
3-24000004465-1,24000004465.00000,1,4,304,103,0.10468,5.05236,CAR,0,48.26367,61.00000,35-64,True,True,1.00000,1.00000,car_available,False,False,False,general,1.00000,HBO,10,10.90000,36.20000,,20.74000,4.39000,3.33000,0.00000,10.90000,36.20000,0,25.30000,25.30000,2.21445,<3,0.08736,car
3-24000004465-1,24000004465.00000,1,4,304,104,0.15393,7.42918,CAR,0,48.26367,61.00000,35-64,True,True,1.00000,1.00000,car_available,False,False,False,general,1.00000,HBO,10,6.78000,27.98000,,11.79000,5.09000,3.00000,0.00000,6.78000,27.98000,0,21.20000,21.20000,1.24683,<3,0.12846,car
3-24000004504-2,24000004504.00000,1,2,104,303,0.42329,19.29321,CAR,0,45.57945,44.00000,35-64,False,True,1.00000,2.00000,competition,True,False,False,general,4.00000,HBO,10,8.36000,32.24000,,14.56000,4.56000,4.29000,0.00000,8.36000,32.24000,0,23.88000,23.88000,2.24488,<3,0.33360,car
3-24000004504-2,24000004504.00000,1,2,304,303,0.28907,13.17585,CAR,0,45.57945,44.00000,35-64,False,True,1.00000,2.00000,competition,True,False,False,general,4.00000,HBO,10,8.08000,15.20000,70.31000,6.28000,3.39000,1.07000,0.00000,8.08000,15.20000,1,7.12000,7.12000,1.61472,<3,0.22782,car
3-24000004504-2,24000004504.00000,1,3,303,211,1.00000,45.57945,CAR,0,45.57945,44.00000,35-64,False,True,1.00000,2.00000,competition,True,False,False,general,4.00000,NHB,10,14.65000,30.15000,32.22000,9.25000,9.34000,1.11000,0.00000,14.65000,30.15000,1,15.50000,15.50000,4.04818,3-6,0.78811,car
3-24000004504-2,24000004504.00000,2,2,104,303,0.42329,19.29321,CAR,0,45.57945,44.00000,35-64,False,True,1.00000,2.00000,competition,True,False,False,general,4.00000,HBO,10,8.36000,32.24000,,14.56000,4.56000,4.29000,0.00000,8.36000,32.24000,0,23.88000,23.88000,2.24488,<3,0.33360,car
3-24000004504-2,24000004504.00000,2,2,304,303,0.28907,13.17585,CAR,0,45.57945,44.00000,35-64,False,True,1.00000,2.00000,competition,True,False,False,general,4.00000,HBO,10,8.08000,15.20000,70.31000,6.28000,3.39000,1.07000,0.00000,8.08000,15.20000,1,7.12000,7.12000,1.61472,<3,0.22782,car
3-24000004504-2,24000004504.00000,2,3,303,211,1.00000,45.57945,CAR,0,45.57945,44.00000,35-64,False,True,1.00000,2.00000,competition,True,False,False,general,4.00000,NHB,10,14.65000,30.15000,32.22000,9.25000,9.34000,1.11000,0.00000,14.65000,30.15000,1,15.50000,15.50000,4.04818,3-6,0.78811,car
3-24000004504-3,24000004504.00000,1,2,104,303,0.42329,19.29321,CAR,0,45.57945,3.00000,0-17,True,False,1.00000,2.00000,no_licence,False,False,False,general,4.00000,HBE,11,8.36000,32.24000,,14.56000,4.56000,4.29000,0.00000,8.36000,32.24000,0,23.88000,23.88000,2.24488,<3,0.33360,car
3-24000004504-3,24000004504.00000,1,2,304,303,0.28907,13.17585,CAR,0,45.57945,3.00000,0-17,True,False,1.00000,2.00000,no_licence,False,False,False,general,4.00000,HBE,11,8.08000,15.20000,70.31000,6.28000,3.39000,1.07000,0.00000,8.08000,15.20000,1,7.12000,7.12000,1.61472,<3,0.22782,car
3-24000004504-3,24000004504.00000,2,2,104,303,0.42329,19.29321,CAR,0,45.57945,3.00000,0-17,True,False,1.00000,2.00000,no_licence,False,False,False,general,4.00000,HBE,11,8.36000,32.24000,,14.56000,4.56000,4.29000,0.00000,8.36000,32.24000,0,23.88000,23.88000,2.24488,<3,0.33360,car
3-24000004504-3,24000004504.00000,2,2,304,303,0.28907,13.17585,CAR,0,45.57945,3.00000,0-17,True,False,1.00000,2.00000,no_licence,False,False,False,general,4.00000,HBE,11,8.08000,15.20000,70.31000,6.28000,3.39000,1.07000,0.00000,8.08000,15.20000,1,7.12000,7.12000,1.61472,<3,0.22782,car
3-24000004617-1,24000004617.00000,1,2,104,304,0.27476,13.18083,CAR,0,47.97187,36.00000,35-64,False,True,1.00000,2.00000,competition,True,False,False,general,4.00000,HBO,10,8.40000,22.05000,,6.52000,5.26000,2.50000,0.00000,8.40000,22.05000,0,13.65000,13.65000,1.24683,<3,0.22791,car
3-24000004617-1,24000004617.00000,1,2,304,104,0.21742,10.43019,CAR,0,47.97187,36.00000,35-64,False,True,1.00000,2.00000,competition,True,False,False,general,4.00000,HBO,10,6.78000,27.98000,,11.79000,5.09000,3.00000,0.00000,6.78000,27.98000,0,21.20000,21.20000,1.24683,<3,0.18035,car
3-24000004617-1,24000004617.00000,1,3,104,304,0.27476,13.18083,CAR,0,47.97187,36.00000,35-64,False,True,1.00000,2.00000,competition,True,False,False,general,4.00000,NHB,10,8.40000,22.05000,,6.52000,5.26000,2.50000,0.00000,8.40000,22.05000,0,13.65000,13.65000,1.24683,<3,0.22791,car
3-24000004617-1,24000004617.00000,1,3,304,104,0.21742,10.43019,CAR,0,47.97187,36.00000,35-64,False,True,1.00000,2.00000,competition,True,False,False,general,4.00000,NHB,10,6.78000,27.98000,,11.79000,5.09000,3.00000,0.00000,6.78000,27.98000,0,21.20000,21.20000,1.24683,<3,0.18035,car
3-24000004617-1,24000004617.00000,1,4,104,202,0.59744,28.66040,CAR,0,47.97187,36.00000,35-64,False,True,1.00000,2.00000,competition,True,False,False,general,4.00000,NHB,10,28.64000,39.50000,39.50000,24.95000,5.77000,1.50000,0.00000,28.64000,39.50000,1,10.86000,10.86000,11.31753,10-20,0.49556,car
3-24000004617-1,24000004617.00000,1,4,304,202,0.40256,19.31148,CAR,0,47.97187,36.00000,35-64,False,True,1.00000,2.00000,competition,True,False,False,general,4.00000,NHB,10,26.41000,52.22000,,25.00000,4.61000,5.00000,1.00000,26.41000,52.22000,0,25.81000,25.81000,10.34302,10-20,0.33391,car
3-24000004617-1,24000004617.00000,2,2,104,202,0.59744,28.66040,RAIL,1,47.97187,36.00000,35-64,False,True,1.00000,2.00000,competition,True,False,False,general,4.00000,HBW,7,28.64000,39.50000,39.50000,24.95000,5.77000,1.50000,0.00000,28.64000,39.50000,1,10.86000,10.86000,11.31753,10-20,0.49556,transit
3-24000004617-1,24000004617.00000,2,2,304,202,0.40256,19.31148,RAIL,1,47.97187,36.00000,35-64,False,True,1.00000,2.00000,competition,True,False,False,general,4.00000,HBW,7,26.41000,52.22000,,25.00000,4.61000,5.00000,1.00000,26.41000,52.22000,0,25.81000,25.81000,10.34302,10-20,0.33391,transit
3-24000004617-3,24000004617.00000,1,2,104,304,0.27476,13.18083,CAR,0,47.97187,5.00000,0-17,False,False,1.00000,2.00000,no_licence,False,False,False,general,4.00000,HBE,11,8.40000,22.05000,,6.52000,5.26000,2.50000,0.00000,8.40000,22.05000,0,13.65000,13.65000,1.24683,<3,0.22791,car
3-24000004617-3,24000004617.00000,1,2,304,104,0.21742,10.43019,CAR,0,47.97187,5.00000,0-17,False,False,1.00000,2.00000,no_licence,False,False,False,general,4.00000,HBE,11,6.78000,27.98000,,11.79000,5.09000,3.00000,0.00000,6.78000,27.98000,0,21.20000,21.20000,1.24683,<3,0.18035,car
3-24000004617-3,24000004617.00000,2,2,104,304,0.27476,13.18083,CAR,0,47.97187,5.00000,0-17,False,False,1.00000,2.00000,no_licence,False,False,False,general,4.00000,HBE,11,8.40000,22.05000,,6.52000,5.26000,2.50000,0.00000,8.40000,22.05000,0,13.65000,13.65000,1.24683,<3,0.22791,car
3-24000004617-3,24000004617.00000,2,2,304,104,0.21742,10.43019,CAR,0,47.97187,5.00000,0-17,False,False,1.00000,2.00000,no_licence,False,False,False,general,4.00000,HBE,11,6.78000,27.98000,,11.79000,5.09000,3.00000,0.00000,6.78000,27.98000,0,21.20000,21.20000,1.24683,<3,0.18035,car
3-24000004617-4,24000004617.00000,1,2,104,304,0.27476,13.18083,CAR,0,47.97187,3.00000,0-17,False,False,1.00000,2.00000,no_licence,False,False,False,general,4.00000,HBO,11,8.40000,22.05000,,6.52000,5.26000,2.50000,0.00000,8.40000,22.05000,0,13.65000,13.65000,1.24683,<3,0.22791,car
3-24000004617-4,24000004617.00000,1,2,304,104,0.21742,10.43019,CAR,0,47.97187,3.00000,0-17,False,False,1.00000,2.00000,no_licence,False,False,False,general,4.00000,HBO,11,6.78000,27.98000,,11.79000,5.09000,3.00000,0.00000,6.78000,27.98000,0,21.20000,21.20000,1.24683,<3,0.18035,car
3-24000004617-4,24000004617.00000,1,3,104,304,0.27476,13.18083,CAR,0,47.97187,3.00000,0-17,False,False,1.00000,2.00000,no_licence,False,False,False,general,4.00000,NHB,11,8.40000,22.05000,,6.52000,5.26000,2.50000,0.00000,8.40000,22.05000,0,13.65000,13.65000,1.24683,<3,0.22791,car
3-24000004617-4,24000004617.00000,1,3,304,104,0.21742,10.43019,CAR,0,47.97187,3.00000,0-17,False,False,1.00000,2.00000,no_licence,False,False,False,general,4.00000,NHB,11,6.78000,27.98000,,11.79000,5.09000,3.00000,0.00000,6.78000,27.98000,0,21.20000,21.20000,1.24683,<3,0.18035,car
3-24000004617-4,24000004617.00000,2,2,104,304,0.27476,13.18083,CAR,0,47.97187,3.00000,0-17,False,False,1.00000,2.00000,no_licence,False,False,False,general,4.00000,HBO,11,8.40000,22.05000,,6.52000,5.26000,2.50000,0.00000,8.40000,22.05000,0,13.65000,13.65000,1.24683,<3,0.22791,car
3-24000004617-4,24000004617.00000,2,2,304,104,0.21742,10.43019,CAR,0,47.97187,3.00000,0-17,False,False,1.00000,2.00000,no_licence,False,False,False,general,4.00000,HBO,11,6.78000,27.98000,,11.79000,5.09000,3.00000,0.00000,6.78000,27.98000,0,21.20000,21.20000,1.24683,<3,0.18035,car
3-24000004617-4,24000004617.00000,2,3,104,304,0.27476,13.18083,CAR,0,47.97187,3.00000,0-17,False,False,1.00000,2.00000,no_licence,False,False,False,general,4.00000,NHB,11,8.40000,22.05000,,6.52000,5.26000,2.50000,0.00000,8.40000,22.05000,0,13.65000,13.65000,1.24683,<3,0.22791,car
3-24000004617-4,24000004617.00000,2,3,304,104,0.21742,10.43019,CAR,0,47.97187,3.00000,0-17,False,False,1.00000,2.00000,no_licence,False,False,False,general,4.00000,NHB,11,6.78000,27.98000,,11.79000,5.09000,3.00000,0.00000,6.78000,27.98000,0,21.20000,21.20000,1.24683,<3,0.18035,car
3-24000004651-1,24000004651.00000,1,2,104,209,0.06025,3.02582,CAR,0,50.22419,35.00000,35-64,True,True,2.00000,2.00000,car_available,True,False,False,general,3.00000,HBW,10,17.57000,33.84000,33.84000,20.23000,5.30000,1.50000,0.00000,17.57000,33.84000,1,16.27000,16.27000,6.18558,6-10,0.05232,car
3-24000004651-1,24000004651.00000,1,2,304,209,0.04059,2.03881,CAR,0,50.22419,35.00000,35-64,True,True,2.00000,2.00000,car_available,True,False,False,general,3.00000,HBW,10,16.57000,33.37000,33.37000,20.81000,4.14000,2.15000,0.00000,16.57000,33.37000,1,16.80000,16.80000,5.22219,3-6,0.03525,car
3-24000004651-1,24000004651.00000,2,2,104,209,0.06025,3.02582,CAR,0,50.22419,35.00000,35-64,True,True,2.00000,2.00000,car_available,True,False,False,general,3.00000,HBW,10,17.57000,33.84000,33.84000,20.23000,5.30000,1.50000,0.00000,17.57000,33.84000,1,16.27000,16.27000,6.18558,6-10,0.05232,car
3-24000004651-1,24000004651.00000,2,2,304,209,0.04059,2.03881,CAR,0,50.22419,35.00000,35-64,True,True,2.00000,2.00000,car_available,True,False,False,general,3.00000,HBW,10,16.57000,33.37000,33.37000,20.81000,4.14000,2.15000,0.00000,16.57000,33.37000,1,16.80000,16.80000,5.22219,3-6,0.03525,car
3-24000004651-2,24000004651.00000,1,2,104,304,0.27476,13.79968,CAR,0,50.22419,35.00000,35-64,False,True,2.00000,2.00000,car_available,True,False,False,general,3.00000,HBO,10,8.40000,22.05000,,6.52000,5.26000,2.50000,0.00000,8.40000,22.05000,0,13.65000,13.65000,1.24683,<3,0.23861,car
3-24000004651-2,24000004651.00000,1,2,304,104,0.21742,10.91989,CAR,0,50.22419,35.00000,35-64,False,True,2.00000,2.00000,car_available,True,False,False,general,3.00000,HBO,10,6.78000,27.98000,,11.79000,5.09000,3.00000,0.00000,6.78000,27.98000,0,21.20000,21.20000,1.24683,<3,0.18881,car
3-24000004651-2,24000004651.00000,2,2,104,304,0.27476,13.79968,CAR,0,50.22419,35.00000,35-64,False,True,2.00000,2.00000,car_available,True,False,False,general,3.00000,HBO,10,8.40000,22.05000,,6.52000,5.26000,2.50000,0.00000,8.40000,22.05000,0,13.65000,13.65000,1.24683,<3,0.23861,car
3-24000004651-2,24000004651.00000,2,2,304,104,0.21742,10.91989,CAR,0,50.22419,35.00000,35-64,False,True,2.00000,2.00000,car_available,True,False,False,general,3.00000,HBO,10,6.78000,27.98000,,11.79000,5.09000,3.00000,0.00000,6.78000,27.98000,0,21.20000,21.20000,1.24683,<3,0.18881,car
3-24000004651-3,24000004651.00000,1,2,104,304,0.27476,13.79968,CAR,0,50.22419,1.00000,0-17,False,False,2.00000,2.00000,no_licence,False,False,False,general,3.00000,HBE,11,8.40000,22.05000,,6.52000,5.26000,2.50000,0.00000,8.40000,22.05000,0,13.65000,13.65000,1.24683,<3,0.23861,car
3-24000004651-3,24000004651.00000,1,2,304,104,0.21742,10.91989,CAR,0,50.22419,1.00000,0-17,False,False,2.00000,2.00000,no_licence,False,False,False,general,3.00000,HBE,11,6.78000,27.98000,,11.79000,5.09000,3.00000,0.00000,6.78000,27.98000,0,21.20000,21.20000,1.24683,<3,0.18881,car
3-24000004651-3,24000004651.00000,2,2,104,304,0.27476,13.79968,CAR,0,50.22419,1.00000,0-17,False,False,2.00000,2.00000,no_licence,False,False,False,general,3.00000,HBE,11,8.40000,22.05000,,6.52000,5.26000,2.50000,0.00000,8.40000,22.05000,0,13.65000,13.65000,1.24683,<3,0.23861,car
3-24000004651-3,24000004651.00000,2,2,304,104,0.21742,10.91989,CAR,0,50.22419,1.00000,0-17,False,False,2.00000,2.00000,no_licence,False,False,False,general,3.00000,HBE,11,6.78000,27.98000,,11.79000,5.09000,3.00000,0.00000,6.78000,27.98000,0,21.20000,21.20000,1.24683,<3,0.18881,car
3-24000004670-1,24000004670.00000,1,2,104,210,0.39421,19.57104,CAR,0,49.64677,47.00000,35-64,False,True,1.00000,2.00000,competition,True,False,False,general,3.00000,HBW,11,14.37000,34.00000,35.05000,12.46000,10.29000,0.47000,0.00000,14.37000,34.00000,1,19.63000,19.63000,5.07582,3-6,0.33840,car
3-24000004670-1,24000004670.00000,1,2,304,210,0.26562,13.18703,CAR,0,49.64677,47.00000,35-64,False,True,1.00000,2.00000,competition,True,False,False,general,3.00000,HBW,11,15.60000,33.79000,35.58000,13.04000,9.13000,1.25000,0.00000,15.60000,33.79000,1,18.19000,18.19000,4.60641,3-6,0.22801,car
3-24000004670-1,24000004670.00000,2,2,104,210,0.39421,19.57104,CAR,0,49.64677,47.00000,35-64,False,True,1.00000,2.00000,competition,True,False,False,general,3.00000,HBW,10,14.37000,34.00000,35.05000,12.46000,10.29000,0.47000,0.00000,14.37000,34.00000,1,19.63000,19.63000,5.07582,3-6,0.33840,car
3-24000004670-1,24000004670.00000,2,2,304,210,0.26562,13.18703,CAR,0,49.64677,47.00000,35-64,False,True,1.00000,2.00000,competition,True,False,False,general,3.00000,HBW,10,15.60000,33.79000,35.58000,13.04000,9.13000,1.25000,0.00000,15.60000,33.79000,1,18.19000,18.19000,4.60641,3-6,0.22801,car
3-24000004670-2,24000004670.00000,1,2,104,210,0.39421,19.57104,CAR,0,49.64677,47.00000,35-64,True,True,1.00000,2.00000,competition,True,False,False,general,3.00000,HBO,10,14.37000,34.00000,35.05000,12.46000,10.29000,0.47000,0.00000,14.37000,34.00000,1,19.63000,19.63000,5.07582,3-6,0.33840,car
3-24000004670-2,24000004670.00000,1,2,304,210,0.26562,13.18703,CAR,0,49.64677,47.00000,35-64,True,True,1.00000,2.00000,competition,True,False,False,general,3.00000,HBO,10,15.60000,33.79000,35.58000,13.04000,9.13000,1.25000,0.00000,15.60000,33.79000,1,18.19000,18.19000,4.60641,3-6,0.22801,car
3-24000004710-1,24000004710.00000,1,2,104,102,0.05186,8.86413,CAR,0,170.92512,70.00000,65+,False,True,1.00000,2.00000,competition,False,False,False,general,2.00000,HBO,10,13.37000,17.52000,19.21000,6.01000,5.30000,0.46000,0.00000,13.37000,17.52000,1,4.15000,4.15000,3.18021,3-6,0.15327,car
3-24000004710-1,24000004710.00000,1,2,304,102,0.03542,6.05355,CAR,0,170.92512,70.00000,65+,False,True,1.00000,2.00000,competition,False,False,False,general,2.00000,HBO,10,15.21000,42.79000,,27.85000,4.13000,3.33000,0.00000,15.21000,42.79000,0,27.58000,27.58000,3.64818,3-6,0.10467,car
3-24000004710-1,24000004710.00000,1,3,102,104,0.14130,24.15246,CAR,0,170.92512,70.00000,65+,False,True,1.00000,2.00000,competition,False,False,False,general,2.00000,HBO,10,12.62000,17.98000,18.30000,7.60000,4.80000,0.39000,0.00000,12.62000,17.98000,1,5.36000,5.36000,3.18021,3-6,0.41762,car
3-24000004710-1,24000004710.00000,1,3,102,304,0.08959,15.31316,CAR,0,170.92512,70.00000,65+,False,True,1.00000,2.00000,competition,False,False,False,general,2.00000,HBO,10,13.91000,34.88000,,21.82000,3.80000,2.73000,0.00000,13.91000,34.88000,0,20.97000,20.97000,3.64818,3-6,0.26478,car
3-24000004710-2,24000004710.00000,1,2,104,102,0.05186,8.86413,CAR,0,170.92512,70.00000,65+,True,True,1.00000,2.00000,competition,False,False,False,general,2.00000,HBO,11,13.37000,17.52000,19.21000,6.01000,5.30000,0.46000,0.00000,13.37000,17.52000,1,4.15000,4.15000,3.18021,3-6,0.15327,car
3-24000004710-2,24000004710.00000,1,2,304,102,0.03542,6.05355,CAR,0,170.92512,70.00000,65+,True,True,1.00000,2.00000,competition,False,False,False,general,2.00000,HBO,11,15.21000,42.79000,,27.85000,4.13000,3.33000,0.00000,15.21000,42.79000,0,27.58000,27.58000,3.64818,3-6,0.10467,car
3-24000004710-2,24000004710.00000,1,3,102,104,0.14130,24.15246,CAR,0,170.92512,70.00000,65+,True,True,1.00000,2.00000,competition,False,False,False,general,2.00000,HBO,11,12.62000,17.98000,18.30000,7.60000,4.80000,0.39000,0.00000,12.62000,17.98000,1,5.36000,5.36000,3.18021,3-6,0.41762,car
3-24000004710-2,24000004710.00000,1,3,102,304,0.08959,15.31316,CAR,0,170.92512,70.00000,65+,True,True,1.00000,2.00000,competition,False,False,False,general,2.00000,HBO,11,13.91000,34.88000,,21.82000,3.80000,2.73000,0.00000,13.91000,34.88000,0,20.97000,20.97000,3.64818,3-6,0.26478,car
3-24000004710-2,24000004710.00000,2,2,104,102,0.05186,8.86413,CAR,0,170.92512,70.00000,65+,True,True,1.00000,2.00000,competition,False,False,False,general,2.00000,HBO,10,13.37000,17.52000,19.21000,6.01000,5.30000,0.46000,0.00000,13.37000,17.52000,1,4.15000,4.15000,3.18021,3-6,0.15327,car
3-24000004710-2,24000004710.00000,2,2,304,102,0.03542,6.05355,CAR,0,170.92512,70.00000,65+,True,True,1.00000,2.00000,competition,False,False,False,general,2.00000,HBO,10,15.21000,42.79000,,27.85000,4.13000,3.33000,0.00000,15.21000,42.79000,0,27.58000,27.58000,3.64818,3-6,0.10467,car
3-24000004710-2,24000004710.00000,2,3,102,104,0.14130,24.15246,CAR,0,170.92512,70.00000,65+,True,True,1.00000,2.00000,competition,False,False,False,general,2.00000,HBO,10,12.62000,17.98000,18.30000,7.60000,4.80000,0.39000,0.00000,12.62000,17.98000,1,5.36000,5.36000,3.18021,3-6,0.41762,car
3-24000004710-2,24000004710.00000,2,3,102,304,0.08959,15.31316,CAR,0,170.92512,70.00000,65+,True,True,1.00000,2.00000,competition,False,False,False,general,2.00000,HBO,10,13.91000,34.88000,,21.82000,3.80000,2.73000,0.00000,13.91000,34.88000,0,20.97000,20.97000,3.64818,3-6,0.26478,car
3-24000004856-2,24000004856.00000,1,2,104,102,0.42329,73.78132,CAR,0,174.30544,58.00000,35-64,True,True,2.00000,3.00000,competition,True,False,False,general,3.00000,HBW,10,13.37000,17.52000,19.21000,6.01000,5.30000,0.46000,0.00000,13.37000,17.52000,1,4.15000,4.15000,3.18021,3-6,1.27574,car
3-24000004856-2,24000004856.00000,1,2,304,102,0.28907,50.38724,CAR,0,174.30544,58.00000,35-64,True,True,2.00000,3.00000,competition,True,False,False,general,3.00000,HBW,10,15.21000,42.79000,,27.85000,4.13000,3.33000,0.00000,15.21000,42.79000,0,27.58000,27.58000,3.64818,3-6,0.87124,car
3-24000004856-2,24000004856.00000,2,2,104,102,0.42329,73.78132,CAR,0,174.30544,58.00000,35-64,True,True,2.00000,3.00000,competition,True,False,False,general,3.00000,HBW,10,13.37000,17.52000,19.21000,6.01000,5.30000,0.46000,0.00000,13.37000,17.52000,1,4.15000,4.15000,3.18021,3-6,1.27574,car
3-24000004856-2,24000004856.00000,2,2,304,102,0.28907,50.38724,CAR,0,174.30544,58.00000,35-64,True,True,2.00000,3.00000,competition,True,False,False,general,3.00000,HBW,10,15.21000,42.79000,,27.85000,4.13000,3.33000,0.00000,15.21000,42.79000,0,27.58000,27.58000,3.64818,3-6,0.87124,car
3-24000004969-1,24000004969.00000,1,2,104,101,0.38988,22.22577,CAR,0,57.00607,72.00000,65+,True,True,1.00000,1.00000,car_available,False,False,False,general,2.00000,HBO,10,16.38000,23.08000,23.32000,10.34000,5.85000,0.52000,0.00000,16.38000,23.08000,1,6.70000,6.70000,4.20004,3-6,0.38430,car
3-24000004969-1,24000004969.00000,1,2,104,301,0.03340,1.90420,CAR,0,57.00607,72.00000,65+,True,True,1.00000,1.00000,car_available,False,False,False,general,2.00000,HBO,10,14.26000,60.32000,,24.90000,7.71000,10.00000,0.00000,14.26000,60.32000,0,46.06000,46.06000,3.79450,3-6,0.03293,car
3-24000004969-1,24000004969.00000,1,2,304,101,0.26626,15.17857,CAR,0,57.00607,72.00000,65+,True,True,1.00000,1.00000,car_available,False,False,False,general,2.00000,HBO,10,16.39000,45.41000,86.34000,33.30000,4.69000,1.36000,0.00000,16.39000,45.41000,1,29.02000,29.02000,4.47726,3-6,0.26245,car
3-24000004969-1,24000004969.00000,1,2,304,301,0.02281,1.30043,CAR,0,57.00607,72.00000,65+,True,True,1.00000,1.00000,car_available,False,False,False,general,2.00000,HBO,10,14.02000,36.41000,83.51000,19.33000,6.54000,2.00000,0.00000,14.02000,36.41000,1,22.39000,22.39000,3.69791,3-6,0.02249,car
3-24000004969-1,24000004969.00000,1,3,101,104,0.30716,17.50972,CAR,0,57.00607,72.00000,65+,True,True,1.00000,1.00000,car_available,False,False,False,general,2.00000,HBO,10,13.28000,23.19000,23.93000,10.59000,5.89000,0.41000,0.00000,13.28000,23.19000,1,9.91000,9.91000,4.20004,3-6,0.30276,car
3-24000004969-1,24000004969.00000,1,3,101,304,0.19474,11.10152,CAR,0,57.00607,72.00000,65+,True,True,1.00000,1.00000,car_available,False,False,False,general,2.00000,HBO,10,15.02000,33.78000,26.54000,22.42000,4.89000,0.79000,0.00000,15.02000,26.54000,1,18.76000,11.52000,4.47726,3-6,0.19195,car
3-24000004969-1,24000004969.00000,1,3,301,104,0.19522,11.12864,CAR,0,57.00607,72.00000,65+,True,True,1.00000,1.00000,car_available,False,False,False,general,2.00000,HBO,10,15.15000,52.51000,,26.20000,7.16000,6.00000,0.00000,15.15000,52.51000,0,37.36000,37.36000,3.79450,3-6,0.19242,car
3-24000004969-1,24000004969.00000,1,3,301,304,0.12377,7.05579,CAR,0,57.00607,72.00000,65+,True,True,1.00000,1.00000,car_available,False,False,False,general,2.00000,HBO,10,13.73000,31.12000,28.11000,16.58000,6.16000,1.11000,0.00000,13.73000,28.11000,1,17.39000,14.38000,3.69791,3-6,0.12200,car
3-24000004989-1,24000004989.00000,1,2,104,304,0.19467,6.61607,CAR,0,33.98634,40.00000,35-64,False,True,2.00000,2.00000,car_available,True,False,False,general,5.00000,HBW,10,8.40000,22.05000,,6.52000,5.26000,2.50000,0.00000,8.40000,22.05000,0,13.65000,13.65000,1.24683,<3,0.11440,car
3-24000004989-1,24000004989.00000,1,2,304,104,0.15613,5.30629,CAR,0,33.98634,40.00000,35-64,False,True,2.00000,2.00000,car_available,True,False,False,general,5.00000,HBW,10,6.78000,27.98000,,11.79000,5.09000,3.00000,0.00000,6.78000,27.98000,0,21.20000,21.20000,1.24683,<3,0.09175,car
3-24000004989-1,24000004989.00000,2,2,104,304,0.19467,6.61607,CAR,0,33.98634,40.00000,35-64,False,True,2.00000,2.00000,car_available,True,False,False,general,5.00000,HBW,10,8.40000,22.05000,,6.52000,5.26000,2.50000,0.00000,8.40000,22.05000,0,13.65000,13.65000,1.24683,<3,0.11440,car
3-24000004989-1,24000004989.00000,2,2,304,104,0.15613,5.30629,CAR,0,33.98634,40.00000,35-64,False,True,2.00000,2.00000,car_available,True,False,False,general,5.00000,HBW,10,6.78000,27.98000,,11.79000,5.09000,3.00000,0.00000,6.78000,27.98000,0,21.20000,21.20000,1.24683,<3,0.09175,car
3-24000004989-2,24000004989.00000,1,2,104,102,0.05186,1.76252,CAR,0,33.98634,35.00000,35-64,True,True,2.00000,2.00000,car_available,True,False,False,general,5.00000,HBO,10,13.37000,17.52000,19.21000,6.01000,5.30000,0.46000,0.00000,13.37000,17.52000,1,4.15000,4.15000,3.18021,3-6,0.03048,car
3-24000004989-2,24000004989.00000,1,2,304,102,0.03542,1.20367,CAR,0,33.98634,35.00000,35-64,True,True,2.00000,2.00000,car_available,True,False,False,general,5.00000,HBO,10,15.21000,42.79000,,27.85000,4.13000,3.33000,0.00000,15.21000,42.79000,0,27.58000,27.58000,3.64818,3-6,0.02081,car
3-24000004989-2,24000004989.00000,1,3,102,103,0.10186,3.46176,CAR,0,33.98634,35.00000,35-64,True,True,2.00000,2.00000,car_available,True,False,False,general,5.00000,NHB,10,8.56000,13.06000,15.65000,4.20000,4.10000,0.33000,0.00000,8.56000,13.06000,1,4.50000,4.50000,1.52665,<3,0.05986,car
3-24000004989-2,24000004989.00000,1,3,102,104,0.14978,5.09030,CAR,0,33.98634,35.00000,35-64,True,True,2.00000,2.00000,car_available,True,False,False,general,5.00000,NHB,10,12.62000,17.98000,18.30000,7.60000,4.80000,0.39000,0.00000,12.62000,17.98000,1,5.36000,5.36000,3.18021,3-6,0.08802,car
3-24000004989-2,24000004989.00000,1,4,103,104,0.25119,8.53692,CAR,0,33.98634,35.00000,35-64,True,True,2.00000,2.00000,car_available,True,False,False,general,5.00000,NHB,10,7.44000,17.02000,16.07000,4.47000,5.91000,0.36000,0.00000,7.44000,16.07000,1,9.58000,8.63000,1.66098,<3,0.14761,car
3-24000004989-2,24000004989.00000,1,4,103,304,0.21389,7.26918,CAR,0,33.98634,35.00000,35-64,True,True,2.00000,2.00000,car_available,True,False,False,general,5.00000,NHB,10,9.52000,34.86000,,19.59000,4.91000,2.73000,0.00000,9.52000,34.86000,0,25.34000,25.34000,2.21445,<3,0.12569,car
3-24000004989-2,24000004989.00000,1,4,104,304,0.16647,5.65781,CAR,0,33.98634,35.00000,35-64,True,True,2.00000,2.00000,car_available,True,False,False,general,5.00000,NHB,10,8.40000,22.05000,,6.52000,5.26000,2.50000,0.00000,8.40000,22.05000,0,13.65000,13.65000,1.24683,<3,0.09783,car
3-24000004989-2,24000004989.00000,1,5,104,303,0.59744,20.30485,CAR,0,33.98634,35.00000,35-64,True,True,2.00000,2.00000,car_available,True,False,False,general,5.00000,NHB,10,8.36000,32.24000,,14.56000,4.56000,4.29000,0.00000,8.36000,32.24000,0,23.88000,23.88000,2.24488,<3,0.35109,car
3-24000004989-2,24000004989.00000,1,5,304,303,0.40256,13.68148,CAR,0,33.98634,35.00000,35-64,True,True,2.00000,2.00000,car_available,True,False,False,general,5.00000,NHB,10,8.08000,15.20000,70.31000,6.28000,3.39000,1.07000,0.00000,8.08000,15.20000,1,7.12000,7.12000,1.61472,<3,0.23656,car
3-24000004989-2,24000004989.00000,2,2,104,102,0.05186,1.76252,CAR,0,33.98634,35.00000,35-64,True,True,2.00000,2.00000,car_available,True,False,False,general,5.00000,HBO,10,13.37000,17.52000,19.21000,6.01000,5.30000,0.46000,0.00000,13.37000,17.52000,1,4.15000,4.15000,3.18021,3-6,0.03048,car
3-24000004989-2,24000004989.00000,2,2,304,102,0.03542,1.20367,CAR,0,33.98634,35.00000,35-64,True,True,2.00000,2.00000,car_available,True,False,False,general,5.00000,HBO,10,15.21000,42.79000,,27.85000,4.13000,3.33000,0.00000,15.21000,42.79000,0,27.58000,27.58000,3.64818,3-6,0.02081,car
3-24000004989-2,24000004989.00000,2,3,102,103,0.10186,3.46176,CAR,0,33.98634,35.00000,35-64,True,True,2.00000,2.00000,car_available,True,False,False,general,5.00000,NHB,10,8.56000,13.06000,15.65000,4.20000,4.10000,0.33000,0.00000,8.56000,13.06000,1,4.50000,4.50000,1.52665,<3,0.05986,car
3-24000004989-2,24000004989.00000,2,3,102,104,0.14978,5.09030,CAR,0,33.98634,35.00000,35-64,True,True,2.00000,2.00000,car_available,True,False,False,general,5.00000,NHB,10,12.62000,17.98000,18.30000,7.60000,4.80000,0.39000,0.00000,12.62000,17.98000,1,5.36000,5.36000,3.18021,3-6,0.08802,car
3-24000004989-2,24000004989.00000,2,4,103,104,0.25119,8.53692,CAR,0,33.98634,35.00000,35-64,True,True,2.00000,2.00000,car_available,True,False,False,general,5.00000,NHB,10,7.44000,17.02000,16.07000,4.47000,5.91000,0.36000,0.00000,7.44000,16.07000,1,9.58000,8.63000,1.66098,<3,0.14761,car
3-24000004989-2,24000004989.00000,2,4,103,304,0.21389,7.26918,CAR,0,33.98634,35.00000,35-64,True,True,2.00000,2.00000,car_available,True,False,False,general,5.00000,NHB,10,9.52000,34.86000,,19.59000,4.91000,2.73000,0.00000,9.52000,34.86000,0,25.34000,25.34000,2.21445,<3,0.12569,car
3-24000004989-2,24000004989.00000,2,4,104,304,0.16647,5.65781,CAR,0,33.98634,35.00000,35-64,True,True,2.00000,2.00000,car_available,True,False,False,general,5.00000,NHB,10,8.40000,22.05000,,6.52000,5.26000,2.50000,0.00000,8.40000,22.05000,0,13.65000,13.65000,1.24683,<3,0.09783,car
3-24000004989-2,24000004989.00000,2,5,104,304,0.19029,6.46741,CAR,0,33.98634,35.00000,35-64,True,True,2.00000,2.00000,car_available,True,False,False,general,5.00000,HBO,10,8.40000,22.05000,,6.52000,5.26000,2.50000,0.00000,8.40000,22.05000,0,13.65000,13.65000,1.24683,<3,0.11183,car
3-24000004989-2,24000004989.00000,2,5,304,104,0.20223,6.87322,CAR,0,33.98634,35.00000,35-64,True,True,2.00000,2.00000,car_available,True,False,False,general,5.00000,HBO,10,6.78000,27.98000,,11.79000,5.09000,3.00000,0.00000,6.78000,27.98000,0,21.20000,21.20000,1.24683,<3,0.11884,car
3-24000004989-3,24000004989.00000,1,2,104,102,0.05186,1.76252,CAR,0,33.98634,9.00000,0-17,False,False,2.00000,2.00000,no_licence,False,False,False,general,5.00000,HBO,11,13.37000,17.52000,19.21000,6.01000,5.30000,0.46000,0.00000,13.37000,17.52000,1,4.15000,4.15000,3.18021,3-6,0.03048,car
3-24000004989-3,24000004989.00000,1,2,304,102,0.03542,1.20367,CAR,0,33.98634,9.00000,0-17,False,False,2.00000,2.00000,no_licence,False,False,False,general,5.00000,HBO,11,15.21000,42.79000,,27.85000,4.13000,3.33000,0.00000,15.21000,42.79000,0,27.58000,27.58000,3.64818,3-6,0.02081,car
3-24000004989-3,24000004989.00000,1,3,102,103,0.10186,3.46176,CAR,0,33.98634,9.00000,0-17,False,False,2.00000,2.00000,no_licence,False,False,False,general,5.00000,NHB,11,8.56000,13.06000,15.65000,4.20000,4.10000,0.33000,0.00000,8.56000,13.06000,1,4.50000,4.50000,1.52665,<3,0.05986,car
3-24000004989-3,24000004989.00000,1,3,102,104,0.14978,5.09030,CAR,0,33.98634,9.00000,0-17,False,False,2.00000,2.00000,no_licence,False,False,False,general,5.00000,NHB,11,12.62000,17.98000,18.30000,7.60000,4.80000,0.39000,0.00000,12.62000,17.98000,1,5.36000,5.36000,3.18021,3-6,0.08802,car
3-24000004989-3,24000004989.00000,1,4,103,104,0.25119,8.53692,CAR,0,33.98634,9.00000,0-17,False,False,2.00000,2.00000,no_licence,False,False,False,general,5.00000,NHB,11,7.44000,17.02000,16.07000,4.47000,5.91000,0.36000,0.00000,7.44000,16.07000,1,9.58000,8.63000,1.66098,<3,0.14761,car
3-24000004989-3,24000004989.00000,1,4,103,304,0.21389,7.26918,CAR,0,33.98634,9.00000,0-17,False,False,2.00000,2.00000,no_licence,False,False,False,general,5.00000,NHB,11,9.52000,34.86000,,19.59000,4.91000,2.73000,0.00000,9.52000,34.86000,0,25.34000,25.34000,2.21445,<3,0.12569,car
3-24000004989-3,24000004989.00000,1,4,104,304,0.16647,5.65781,CAR,0,33.98634,9.00000,0-17,False,False,2.00000,2.00000,no_licence,False,False,False,general,5.00000,NHB,11,8.40000,22.05000,,6.52000,5.26000,2.50000,0.00000,8.40000,22.05000,0,13.65000,13.65000,1.24683,<3,0.09783,car
3-24000004989-3,24000004989.00000,2,2,104,102,0.05186,1.76252,CAR,0,33.98634,9.00000,0-17,False,False,2.00000,2.00000,no_licence,False,False,False,general,5.00000,HBO,11,13.37000,17.52000,19.21000,6.01000,5.30000,0.46000,0.00000,13.37000,17.52000,1,4.15000,4.15000,3.18021,3-6,0.03048,car
3-24000004989-3,24000004989.00000,2,2,304,102,0.03542,1.20367,CAR,0,33.98634,9.00000,0-17,False,False,2.00000,2.00000,no_licence,False,False,False,general,5.00000,HBO,11,15.21000,42.79000,,27.85000,4.13000,3.33000,0.00000,15.21000,42.79000,0,27.58000,27.58000,3.64818,3-6,0.02081,car
3-24000004989-3,24000004989.00000,2,3,102,103,0.10186,3.46176,CAR,0,33.98634,9.00000,0-17,False,False,2.00000,2.00000,no_licence,False,False,False,general,5.00000,NHB,11,8.56000,13.06000,15.65000,4.20000,4.10000,0.33000,0.00000,8.56000,13.06000,1,4.50000,4.50000,1.52665,<3,0.05986,car
3-24000004989-3,24000004989.00000,2,3,102,104,0.14978,5.09030,CAR,0,33.98634,9.00000,0-17,False,False,2.00000,2.00000,no_licence,False,False,False,general,5.00000,NHB,11,12.62000,17.98000,18.30000,7.60000,4.80000,0.39000,0.00000,12.62000,17.98000,1,5.36000,5.36000,3.18021,3-6,0.08802,car
3-24000004989-3,24000004989.00000,2,4,103,104,0.25119,8.53692,CAR,0,33.98634,9.00000,0-17,False,False,2.00000,2.00000,no_licence,False,False,False,general,5.00000,NHB,11,7.44000,17.02000,16.07000,4.47000,5.91000,0.36000,0.00000,7.44000,16.07000,1,9.58000,8.63000,1.66098,<3,0.14761,car
3-24000004989-3,24000004989.00000,2,4,103,304,0.21389,7.26918,CAR,0,33.98634,9.00000,0-17,False,False,2.00000,2.00000,no_licence,False,False,False,general,5.00000,NHB,11,9.52000,34.86000,,19.59000,4.91000,2.73000,0.00000,9.52000,34.86000,0,25.34000,25.34000,2.21445,<3,0.12569,car
3-24000004989-3,24000004989.00000,2,4,104,304,0.16647,5.65781,CAR,0,33.98634,9.00000,0-17,False,False,2.00000,2.00000,no_licence,False,False,False,general,5.00000,NHB,11,8.40000,22.05000,,6.52000,5.26000,2.50000,0.00000,8.40000,22.05000,0,13.65000,13.65000,1.24683,<3,0.09783,car
3-24000004989-4,24000004989.00000,1,2,104,102,0.05186,1.76252,CAR,0,33.98634,7.00000,0-17,True,False,2.00000,2.00000,no_licence,False,False,False,general,5.00000,HBE,11,13.37000,17.52000,19.21000,6.01000,5.30000,0.46000,0.00000,13.37000,17.52000,1,4.15000,4.15000,3.18021,3-6,0.03048,car
3-24000004989-4,24000004989.00000,1,2,304,102,0.03542,1.20367,CAR,0,33.98634,7.00000,0-17,True,False,2.00000,2.00000,no_licence,False,False,False,general,5.00000,HBE,11,15.21000,42.79000,,27.85000,4.13000,3.33000,0.00000,15.21000,42.79000,0,27.58000,27.58000,3.64818,3-6,0.02081,car
3-24000004989-4,24000004989.00000,2,2,104,102,0.05186,1.76252,CAR,0,33.98634,7.00000,0-17,True,False,2.00000,2.00000,no_licence,False,False,False,general,5.00000,HBE,11,13.37000,17.52000,19.21000,6.01000,5.30000,0.46000,0.00000,13.37000,17.52000,1,4.15000,4.15000,3.18021,3-6,0.03048,car
3-24000004989-4,24000004989.00000,2,2,304,102,0.03542,1.20367,CAR,0,33.98634,7.00000,0-17,True,False,2.00000,2.00000,no_licence,False,False,False,general,5.00000,HBE,11,15.21000,42.79000,,27.85000,4.13000,3.33000,0.00000,15.21000,42.79000,0,27.58000,27.58000,3.64818,3-6,0.02081,car
3-24000004989-5,24000004989.00000,1,2,104,102,0.05186,1.76252,CAR,0,33.98634,3.00000,0-17,True,False,2.00000,2.00000,no_licence,False,False,False,general,5.00000,HBO,11,13.37000,17.52000,19.21000,6.01000,5.30000,0.46000,0.00000,13.37000,17.52000,1,4.15000,4.15000,3.18021,3-6,0.03048,car
3-24000004989-5,24000004989.00000,1,2,304,102,0.03542,1.20367,CAR,0,33.98634,3.00000,0-17,True,False,2.00000,2.00000,no_licence,False,False,False,general,5.00000,HBO,11,15.21000,42.79000,,27.85000,4.13000,3.33000,0.00000,15.21000,42.79000,0,27.58000,27.58000,3.64818,3-6,0.02081,car
3-24000004989-5,24000004989.00000,1,3,102,103,0.10186,3.46176,CAR,0,33.98634,3.00000,0-17,True,False,2.00000,2.00000,no_licence,False,False,False,general,5.00000,NHB,11,8.56000,13.06000,15.65000,4.20000,4.10000,0.33000,0.00000,8.56000,13.06000,1,4.50000,4.50000,1.52665,<3,0.05986,car
3-24000004989-5,24000004989.00000,1,3,102,104,0.14978,5.09030,CAR,0,33.98634,3.00000,0-17,True,False,2.00000,2.00000,no_licence,False,False,False,general,5.00000,NHB,11,12.62000,17.98000,18.30000,7.60000,4.80000,0.39000,0.00000,12.62000,17.98000,1,5.36000,5.36000,3.18021,3-6,0.08802,car
3-24000004989-5,24000004989.00000,2,2,104,102,0.05186,1.76252,CAR,0,33.98634,3.00000,0-17,True,False,2.00000,2.00000,no_licence,False,False,False,general,5.00000,HBO,11,13.37000,17.52000,19.21000,6.01000,5.30000,0.46000,0.00000,13.37000,17.52000,1,4.15000,4.15000,3.18021,3-6,0.03048,car
3-24000004989-5,24000004989.00000,2,2,304,102,0.03542,1.20367,CAR,0,33.98634,3.00000,0-17,True,False,2.00000,2.00000,no_licence,False,False,False,general,5.00000,HBO,11,15.21000,42.79000,,27.85000,4.13000,3.33000,0.00000,15.21000,42.79000,0,27.58000,27.58000,3.64818,3-6,0.02081,car
3-24000004989-5,24000004989.00000,2,3,102,103,0.10186,3.46176,CAR,0,33.98634,3.00000,0-17,True,False,2.00000,2.00000,no_licence,False,False,False,general,5.00000,NHB,11,8.56000,13.06000,15.65000,4.20000,4.10000,0.33000,0.00000,8.56000,13.06000,1,4.50000,4.50000,1.52665,<3,0.05986,car
3-24000004989-5,24000004989.00000,2,3,102,104,0.14978,5.09030,CAR,0,33.98634,3.00000,0-17,True,False,2.00000,2.00000,no_licence,False,False,False,general,5.00000,NHB,11,12.62000,17.98000,18.30000,7.60000,4.80000,0.39000,0.00000,12.62000,17.98000,1,5.36000,5.36000,3.18021,3-6,0.08802,car
3-24000005062-1,24000005062.00000,1,2,104,304,0.19029,6.78947,CAR,0,35.67878,39.00000,35-64,True,True,1.00000,2.00000,competition,True,False,False,general,5.00000,HBO,10,8.40000,22.05000,,6.52000,5.26000,2.50000,0.00000,8.40000,22.05000,0,13.65000,13.65000,1.24683,<3,0.11740,car
3-24000005062-1,24000005062.00000,1,2,304,104,0.20223,7.21549,CAR,0,35.67878,39.00000,35-64,True,True,1.00000,2.00000,competition,True,False,False,general,5.00000,HBO,10,6.78000,27.98000,,11.79000,5.09000,3.00000,0.00000,6.78000,27.98000,0,21.20000,21.20000,1.24683,<3,0.12476,car
3-24000005062-1,24000005062.00000,1,3,104,304,0.19467,6.94554,CAR,0,35.67878,39.00000,35-64,True,True,1.00000,2.00000,competition,True,False,False,general,5.00000,HBO,10,8.40000,22.05000,,6.52000,5.26000,2.50000,0.00000,8.40000,22.05000,0,13.65000,13.65000,1.24683,<3,0.12009,car
3-24000005062-1,24000005062.00000,1,3,304,104,0.15613,5.57053,CAR,0,35.67878,39.00000,35-64,True,True,1.00000,2.00000,competition,True,False,False,general,5.00000,HBO,10,6.78000,27.98000,,11.79000,5.09000,3.00000,0.00000,6.78000,27.98000,0,21.20000,21.20000,1.24683,<3,0.09632,car
3-24000005062-1,24000005062.00000,2,2,104,303,0.59744,21.31599,CAR,0,35.67878,39.00000,35-64,True,True,1.00000,2.00000,competition,True,False,False,general,5.00000,HBO,10,8.36000,32.24000,,14.56000,4.56000,4.29000,0.00000,8.36000,32.24000,0,23.88000,23.88000,2.24488,<3,0.36857,car
3-24000005062-1,24000005062.00000,2,2,304,303,0.40256,14.36279,CAR,0,35.67878,39.00000,35-64,True,True,1.00000,2.00000,competition,True,False,False,general,5.00000,HBO,10,8.08000,15.20000,70.31000,6.28000,3.39000,1.07000,0.00000,8.08000,15.20000,1,7.12000,7.12000,1.61472,<3,0.24834,car
3-24000005062-1,24000005062.00000,2,3,303,104,0.54010,19.27022,CAR,0,35.67878,39.00000,35-64,True,True,1.00000,2.00000,competition,True,False,False,general,5.00000,HBO,10,11.20000,31.81000,,15.61000,5.10000,3.00000,0.00000,11.20000,31.81000,0,20.61000,20.61000,2.24488,<3,0.33320,car
3-24000005062-1,24000005062.00000,2,3,303,304,0.45990,16.40856,CAR,0,35.67878,39.00000,35-64,True,True,1.00000,2.00000,competition,True,False,False,general,5.00000,HBO,10,9.26000,19.08000,15.91000,9.20000,4.10000,0.83000,0.00000,9.26000,15.91000,1,9.82000,6.65000,1.61472,<3,0.28372,car
3-24000005062-1,24000005062.00000,2,4,104,304,0.27476,9.80316,CAR,0,35.67878,39.00000,35-64,True,True,1.00000,2.00000,competition,True,False,False,general,5.00000,HBO,10,8.40000,22.05000,,6.52000,5.26000,2.50000,0.00000,8.40000,22.05000,0,13.65000,13.65000,1.24683,<3,0.16950,car
3-24000005062-1,24000005062.00000,2,4,304,104,0.21742,7.75739,CAR,0,35.67878,39.00000,35-64,True,True,1.00000,2.00000,competition,True,False,False,general,5.00000,HBO,10,6.78000,27.98000,,11.79000,5.09000,3.00000,0.00000,6.78000,27.98000,0,21.20000,21.20000,1.24683,<3,0.13413,car
3-24000005062-1,24000005062.00000,2,5,104,211,0.51441,18.35361,CAR,0,35.67878,39.00000,35-64,True,True,1.00000,2.00000,competition,True,False,False,general,5.00000,NHB,10,12.76000,28.91000,29.96000,7.03000,10.50000,0.44000,0.00000,12.76000,28.91000,1,16.15000,16.15000,2.71063,<3,0.31735,car
3-24000005062-1,24000005062.00000,2,5,304,211,0.34661,12.36673,CAR,0,35.67878,39.00000,35-64,True,True,1.00000,2.00000,competition,True,False,False,general,5.00000,NHB,10,12.71000,26.50000,28.79000,5.84000,9.33000,1.00000,0.00000,12.71000,26.50000,1,13.79000,13.79000,2.45015,<3,0.21383,car
3-24000005082-1,24000005082.00000,2,2,104,208,0.59744,30.00603,CAR,0,50.22419,33.00000,25-34,False,True,1.00000,2.00000,competition,True,False,False,general,3.00000,HBW,10,33.01000,37.24000,37.24000,24.96000,4.64000,1.50000,0.00000,33.01000,37.24000,1,4.23000,4.23000,7.22264,6-10,0.51883,car
3-24000005082-1,24000005082.00000,2,2,304,208,0.40256,20.21817,CAR,0,50.22419,33.00000,25-34,False,True,1.00000,2.00000,competition,True,False,False,general,3.00000,HBW,10,21.32000,43.61000,,16.67000,3.47000,10.00000,0.00000,21.32000,43.61000,0,22.29000,22.29000,6.07859,6-10,0.34959,car
3-24000005102-1,24000005102.00000,1,2,104,304,0.19029,8.53801,CAR,0,44.86741,32.00000,25-34,True,True,1.00000,2.00000,competition,True,False,False,general,4.00000,HBO,10,8.40000,22.05000,,6.52000,5.26000,2.50000,0.00000,8.40000,22.05000,0,13.65000,13.65000,1.24683,<3,0.14763,car
3-24000005102-1,24000005102.00000,1,2,304,104,0.20223,9.07375,CAR,0,44.86741,32.00000,25-34,True,True,1.00000,2.00000,competition,True,False,False,general,4.00000,HBO,10,6.78000,27.98000,,11.79000,5.09000,3.00000,0.00000,6.78000,27.98000,0,21.20000,21.20000,1.24683,<3,0.15689,car
3-24000005102-1,24000005102.00000,2,2,104,304,0.19029,8.53801,CAR,0,44.86741,32.00000,25-34,True,True,1.00000,2.00000,competition,True,False,False,general,4.00000,HBO,10,8.40000,22.05000,,6.52000,5.26000,2.50000,0.00000,8.40000,22.05000,0,13.65000,13.65000,1.24683,<3,0.14763,car
3-24000005102-1,24000005102.00000,2,2,304,104,0.20223,9.07375,CAR,0,44.86741,32.00000,25-34,True,True,1.00000,2.00000,competition,True,False,False,general,4.00000,HBO,10,6.78000,27.98000,,11.79000,5.09000,3.00000,0.00000,6.78000,27.98000,0,21.20000,21.20000,1.24683,<3,0.15689,car
3-24000005102-1,24000005102.00000,2,3,104,304,0.19467,8.73428,CAR,0,44.86741,32.00000,25-34,True,True,1.00000,2.00000,competition,True,False,False,general,4.00000,HBO,10,8.40000,22.05000,,6.52000,5.26000,2.50000,0.00000,8.40000,22.05000,0,13.65000,13.65000,1.24683,<3,0.15102,car
3-24000005102-1,24000005102.00000,2,3,304,104,0.15613,7.00515,CAR,0,44.86741,32.00000,25-34,True,True,1.00000,2.00000,competition,True,False,False,general,4.00000,HBO,10,6.78000,27.98000,,11.79000,5.09000,3.00000,0.00000,6.78000,27.98000,0,21.20000,21.20000,1.24683,<3,0.12112,car
3-24000005102-3,24000005102.00000,1,2,104,304,0.19029,8.53801,CAR,0,44.86741,2.00000,0-17,True,False,1.00000,2.00000,no_licence,False,False,False,general,4.00000,HBE,11,8.40000,22.05000,,6.52000,5.26000,2.50000,0.00000,8.40000,22.05000,0,13.65000,13.65000,1.24683,<3,0.14763,car
3-24000005102-3,24000005102.00000,1,2,304,104,0.20223,9.07375,CAR,0,44.86741,2.00000,0-17,True,False,1.00000,2.00000,no_licence,False,False,False,general,4.00000,HBE,11,6.78000,27.98000,,11.79000,5.09000,3.00000,0.00000,6.78000,27.98000,0,21.20000,21.20000,1.24683,<3,0.15689,car
3-24000005102-3,24000005102.00000,2,2,104,304,0.19029,8.53801,CAR,0,44.86741,2.00000,0-17,True,False,1.00000,2.00000,no_licence,False,False,False,general,4.00000,HBE,11,8.40000,22.05000,,6.52000,5.26000,2.50000,0.00000,8.40000,22.05000,0,13.65000,13.65000,1.24683,<3,0.14763,car
3-24000005102-3,24000005102.00000,2,2,304,104,0.20223,9.07375,CAR,0,44.86741,2.00000,0-17,True,False,1.00000,2.00000,no_licence,False,False,False,general,4.00000,HBE,11,6.78000,27.98000,,11.79000,5.09000,3.00000,0.00000,6.78000,27.98000,0,21.20000,21.20000,1.24683,<3,0.15689,car
3-24000005102-4,24000005102.00000,1,2,104,304,0.19029,8.53801,CAR,0,44.86741,0.90000,0-17,True,False,1.00000,2.00000,no_licence,False,False,False,general,4.00000,HBE,11,8.40000,22.05000,,6.52000,5.26000,2.50000,0.00000,8.40000,22.05000,0,13.65000,13.65000,1.24683,<3,0.14763,car
3-24000005102-4,24000005102.00000,1,2,304,104,0.20223,9.07375,CAR,0,44.86741,0.90000,0-17,True,False,1.00000,2.00000,no_licence,False,False,False,general,4.00000,HBE,11,6.78000,27.98000,,11.79000,5.09000,3.00000,0.00000,6.78000,27.98000,0,21.20000,21.20000,1.24683,<3,0.15689,car
3-24000005102-4,24000005102.00000,2,2,104,304,0.19029,8.53801,CAR,0,44.86741,0.90000,0-17,True,False,1.00000,2.00000,no_licence,False,False,False,general,4.00000,HBE,11,8.40000,22.05000,,6.52000,5.26000,2.50000,0.00000,8.40000,22.05000,0,13.65000,13.65000,1.24683,<3,0.14763,car
3-24000005102-4,24000005102.00000,2,2,304,104,0.20223,9.07375,CAR,0,44.86741,0.90000,0-17,True,False,1.00000,2.00000,no_licence,False,False,False,general,4.00000,HBE,11,6.78000,27.98000,,11.79000,5.09000,3.00000,0.00000,6.78000,27.98000,0,21.20000,21.20000,1.24683,<3,0.15689,car
3-24000005116-1,24000005116.00000,1,2,104,304,0.19029,9.55738,CAR,0,50.22419,35.00000,35-64,True,True,2.00000,2.00000,car_available,True,True,False,general,3.00000,HBO,10,8.40000,22.05000,,6.52000,5.26000,2.50000,0.00000,8.40000,22.05000,0,13.65000,13.65000,1.24683,<3,0.16525,car
3-24000005116-1,24000005116.00000,1,2,304,104,0.20223,10.15708,CAR,0,50.22419,35.00000,35-64,True,True,2.00000,2.00000,car_available,True,True,False,general,3.00000,HBO,10,6.78000,27.98000,,11.79000,5.09000,3.00000,0.00000,6.78000,27.98000,0,21.20000,21.20000,1.24683,<3,0.17562,car
3-24000005116-1,24000005116.00000,2,2,104,303,0.59744,30.00603,CAR,0,50.22419,35.00000,35-64,True,True,2.00000,2.00000,car_available,True,True,False,general,3.00000,HBW,10,8.36000,32.24000,,14.56000,4.56000,4.29000,0.00000,8.36000,32.24000,0,23.88000,23.88000,2.24488,<3,0.51883,car
3-24000005116-1,24000005116.00000,2,2,304,303,0.40256,20.21817,CAR,0,50.22419,35.00000,35-64,True,True,2.00000,2.00000,car_available,True,True,False,general,3.00000,HBW,10,8.08000,15.20000,70.31000,6.28000,3.39000,1.07000,0.00000,8.08000,15.20000,1,7.12000,7.12000,1.61472,<3,0.34959,car
3-24000005116-2,24000005116.00000,1,2,104,101,0.55030,27.63813,CAR,0,50.22419,32.00000,25-34,False,True,2.00000,2.00000,car_available,True,False,False,general,3.00000,HBW,10,16.38000,23.08000,23.32000,10.34000,5.85000,0.52000,0.00000,16.38000,23.08000,1,6.70000,6.70000,4.20004,3-6,0.47789,car
3-24000005116-2,24000005116.00000,1,2,104,301,0.04715,2.36790,CAR,0,50.22419,32.00000,25-34,False,True,2.00000,2.00000,car_available,True,False,False,general,3.00000,HBW,10,14.26000,60.32000,,24.90000,7.71000,10.00000,0.00000,14.26000,60.32000,0,46.06000,46.06000,3.79450,3-6,0.04094,car
3-24000005116-2,24000005116.00000,1,2,304,101,0.37079,18.62267,CAR,0,50.22419,32.00000,25-34,False,True,2.00000,2.00000,car_available,True,False,False,general,3.00000,HBW,10,16.39000,45.41000,86.34000,33.30000,4.69000,1.36000,0.00000,16.39000,45.41000,1,29.02000,29.02000,4.47726,3-6,0.32200,car
3-24000005116-2,24000005116.00000,1,2,304,301,0.03177,1.59550,CAR,0,50.22419,32.00000,25-34,False,True,2.00000,2.00000,car_available,True,False,False,general,3.00000,HBW,10,14.02000,36.41000,83.51000,19.33000,6.54000,2.00000,0.00000,14.02000,36.41000,1,22.39000,22.39000,3.69791,3-6,0.02759,car
3-24000005116-2,24000005116.00000,2,2,104,304,0.19029,9.55738,CAR,0,50.22419,32.00000,25-34,False,True,2.00000,2.00000,car_available,True,False,False,general,3.00000,HBO,10,8.40000,22.05000,,6.52000,5.26000,2.50000,0.00000,8.40000,22.05000,0,13.65000,13.65000,1.24683,<3,0.16525,car
3-24000005116-2,24000005116.00000,2,2,304,104,0.20223,10.15708,CAR,0,50.22419,32.00000,25-34,False,True,2.00000,2.00000,car_available,True,False,False,general,3.00000,HBO,10,6.78000,27.98000,,11.79000,5.09000,3.00000,0.00000,6.78000,27.98000,0,21.20000,21.20000,1.24683,<3,0.17562,car
3-24000005116-2,24000005116.00000,2,3,104,101,0.38988,19.58162,CAR,0,50.22419,32.00000,25-34,False,True,2.00000,2.00000,car_available,True,False,False,general,3.00000,NHB,10,16.38000,23.08000,23.32000,10.34000,5.85000,0.52000,0.00000,16.38000,23.08000,1,6.70000,6.70000,4.20004,3-6,0.33858,car
3-24000005116-2,24000005116.00000,2,3,104,301,0.03340,1.67766,CAR,0,50.22419,32.00000,25-34,False,True,2.00000,2.00000,car_available,True,False,False,general,3.00000,NHB,10,14.26000,60.32000,,24.90000,7.71000,10.00000,0.00000,14.26000,60.32000,0,46.06000,46.06000,3.79450,3-6,0.02901,car
3-24000005116-2,24000005116.00000,2,3,304,101,0.26626,13.37281,CAR,0,50.22419,32.00000,25-34,False,True,2.00000,2.00000,car_available,True,False,False,general,3.00000,NHB,10,16.39000,45.41000,86.34000,33.30000,4.69000,1.36000,0.00000,16.39000,45.41000,1,29.02000,29.02000,4.47726,3-6,0.23123,car
3-24000005116-2,24000005116.00000,2,3,304,301,0.02281,1.14572,CAR,0,50.22419,32.00000,25-34,False,True,2.00000,2.00000,car_available,True,False,False,general,3.00000,NHB,10,14.02000,36.41000,83.51000,19.33000,6.54000,2.00000,0.00000,14.02000,36.41000,1,22.39000,22.39000,3.69791,3-6,0.01981,car
3-24000005116-3,24000005116.00000,1,2,104,304,0.19029,9.55738,CAR,0,50.22419,1.00000,0-17,True,False,2.00000,2.00000,no_licence,False,False,False,general,3.00000,HBE,11,8.40000,22.05000,,6.52000,5.26000,2.50000,0.00000,8.40000,22.05000,0,13.65000,13.65000,1.24683,<3,0.16525,car
3-24000005116-3,24000005116.00000,1,2,304,104,0.20223,10.15708,CAR,0,50.22419,1.00000,0-17,True,False,2.00000,2.00000,no_licence,False,False,False,general,3.00000,HBE,11,6.78000,27.98000,,11.79000,5.09000,3.00000,0.00000,6.78000,27.98000,0,21.20000,21.20000,1.24683,<3,0.17562,car
3-24000005116-3,24000005116.00000,2,2,104,304,0.19029,9.55738,CAR,0,50.22419,1.00000,0-17,True,False,2.00000,2.00000,no_licence,False,False,False,general,3.00000,HBE,11,8.40000,22.05000,,6.52000,5.26000,2.50000,0.00000,8.40000,22.05000,0,13.65000,13.65000,1.24683,<3,0.16525,car
3-24000005116-3,24000005116.00000,2,2,304,104,0.20223,10.15708,CAR,0,50.22419,1.00000,0-17,True,False,2.00000,2.00000,no_licence,False,False,False,general,3.00000,HBE,11,6.78000,27.98000,,11.79000,5.09000,3.00000,0.00000,6.78000,27.98000,0,21.20000,21.20000,1.24683,<3,0.17562,car
3-24000005175-1,24000005175.00000,1,2,104,102,0.07320,3.97543,CAR,0,54.31173,56.00000,35-64,True,False,0.00000,0.00000,no_car_hh,False,False,False,general,1.00000,HBO,11,13.37000,17.52000,19.21000,6.01000,5.30000,0.46000,0.00000,13.37000,17.52000,1,4.15000,4.15000,3.18021,3-6,0.06874,car
3-24000005175-1,24000005175.00000,1,2,304,102,0.04932,2.67866,CAR,0,54.31173,56.00000,35-64,True,False,0.00000,0.00000,no_car_hh,False,False,False,general,1.00000,HBO,11,15.21000,42.79000,,27.85000,4.13000,3.33000,0.00000,15.21000,42.79000,0,27.58000,27.58000,3.64818,3-6,0.04632,car
3-24000005414-1,24000005414.00000,2,2,104,102,0.59744,24.02995,CAR,0,40.22141,32.00000,25-34,True,True,1.00000,2.00000,competition,False,False,False,general,6.00000,HBO,11,13.37000,17.52000,19.21000,6.01000,5.30000,0.46000,0.00000,13.37000,17.52000,1,4.15000,4.15000,3.18021,3-6,0.41550,car
3-24000005414-1,24000005414.00000,2,2,304,102,0.40256,16.19146,CAR,0,40.22141,32.00000,25-34,True,True,1.00000,2.00000,competition,False,False,False,general,6.00000,HBO,11,15.21000,42.79000,,27.85000,4.13000,3.33000,0.00000,15.21000,42.79000,0,27.58000,27.58000,3.64818,3-6,0.27996,car
3-24000005414-2,24000005414.00000,1,2,104,304,0.27476,11.05130,CAR,0,40.22141,41.00000,35-64,False,True,1.00000,2.00000,competition,True,False,False,general,6.00000,HBO,10,8.40000,22.05000,,6.52000,5.26000,2.50000,0.00000,8.40000,22.05000,0,13.65000,13.65000,1.24683,<3,0.19109,car
3-24000005414-2,24000005414.00000,1,2,304,104,0.21742,8.74506,CAR,0,40.22141,41.00000,35-64,False,True,1.00000,2.00000,competition,True,False,False,general,6.00000,HBO,10,6.78000,27.98000,,11.79000,5.09000,3.00000,0.00000,6.78000,27.98000,0,21.20000,21.20000,1.24683,<3,0.15121,car
3-24000005414-2,24000005414.00000,1,3,104,303,0.59744,24.02995,CAR,0,40.22141,41.00000,35-64,False,True,1.00000,2.00000,competition,True,False,False,general,6.00000,NHB,10,8.36000,32.24000,,14.56000,4.56000,4.29000,0.00000,8.36000,32.24000,0,23.88000,23.88000,2.24488,<3,0.41550,car
3-24000005414-2,24000005414.00000,1,3,304,303,0.40256,16.19146,CAR,0,40.22141,41.00000,35-64,False,True,1.00000,2.00000,competition,True,False,False,general,6.00000,NHB,10,8.08000,15.20000,70.31000,6.28000,3.39000,1.07000,0.00000,8.08000,15.20000,1,7.12000,7.12000,1.61472,<3,0.27996,car
3-24000005414-2,24000005414.00000,1,5,303,104,0.54010,21.72371,CAR,0,40.22141,41.00000,35-64,False,True,1.00000,2.00000,competition,True,False,False,general,6.00000,HBO,10,11.20000,31.81000,,15.61000,5.10000,3.00000,0.00000,11.20000,31.81000,0,20.61000,20.61000,2.24488,<3,0.37562,car
3-24000005414-2,24000005414.00000,1,5,303,304,0.45990,18.49771,CAR,0,40.22141,41.00000,35-64,False,True,1.00000,2.00000,competition,True,False,False,general,6.00000,HBO,10,9.26000,19.08000,15.91000,9.20000,4.10000,0.83000,0.00000,9.26000,15.91000,1,9.82000,6.65000,1.61472,<3,0.31984,car
3-24000005414-2,24000005414.00000,2,2,104,304,0.19029,7.65391,CAR,0,40.22141,41.00000,35-64,False,True,1.00000,2.00000,competition,True,False,False,general,6.00000,HBO,10,8.40000,22.05000,,6.52000,5.26000,2.50000,0.00000,8.40000,22.05000,0,13.65000,13.65000,1.24683,<3,0.13234,car
3-24000005414-2,24000005414.00000,2,2,304,104,0.20223,8.13417,CAR,0,40.22141,41.00000,35-64,False,True,1.00000,2.00000,competition,True,False,False,general,6.00000,HBO,10,6.78000,27.98000,,11.79000,5.09000,3.00000,0.00000,6.78000,27.98000,0,21.20000,21.20000,1.24683,<3,0.14065,car
3-24000005414-2,24000005414.00000,2,3,104,304,0.19467,7.82985,CAR,0,40.22141,41.00000,35-64,False,True,1.00000,2.00000,competition,True,False,False,general,6.00000,NHB,10,8.40000,22.05000,,6.52000,5.26000,2.50000,0.00000,8.40000,22.05000,0,13.65000,13.65000,1.24683,<3,0.13538,car
3-24000005414-2,24000005414.00000,2,3,304,104,0.15613,6.27977,CAR,0,40.22141,41.00000,35-64,False,True,1.00000,2.00000,competition,True,False,False,general,6.00000,NHB,10,6.78000,27.98000,,11.79000,5.09000,3.00000,0.00000,6.78000,27.98000,0,21.20000,21.20000,1.24683,<3,0.10858,car
3-24000005414-2,24000005414.00000,2,4,104,304,0.27476,11.05130,CAR,0,40.22141,41.00000,35-64,False,True,1.00000,2.00000,competition,True,False,False,general,6.00000,NHB,10,8.40000,22.05000,,6.52000,5.26000,2.50000,0.00000,8.40000,22.05000,0,13.65000,13.65000,1.24683,<3,0.19109,car
3-24000005414-2,24000005414.00000,2,4,304,104,0.21742,8.74506,CAR,0,40.22141,41.00000,35-64,False,True,1.00000,2.00000,competition,True,False,False,general,6.00000,NHB,10,6.78000,27.98000,,11.79000,5.09000,3.00000,0.00000,6.78000,27.98000,0,21.20000,21.20000,1.24683,<3,0.15121,car
3-24000005414-2,24000005414.00000,2,5,104,303,0.59744,24.02995,CAR,0,40.22141,41.00000,35-64,False,True,1.00000,2.00000,competition,True,False,False,general,6.00000,NHB,10,8.36000,32.24000,,14.56000,4.56000,4.29000,0.00000,8.36000,32.24000,0,23.88000,23.88000,2.24488,<3,0.41550,car
3-24000005414-2,24000005414.00000,2,5,304,303,0.40256,16.19146,CAR,0,40.22141,41.00000,35-64,False,True,1.00000,2.00000,competition,True,False,False,general,6.00000,NHB,10,8.08000,15.20000,70.31000,6.28000,3.39000,1.07000,0.00000,8.08000,15.20000,1,7.12000,7.12000,1.61472,<3,0.27996,car
3-24000005414-2,24000005414.00000,2,6,303,104,0.54010,21.72371,CAR,0,40.22141,41.00000,35-64,False,True,1.00000,2.00000,competition,True,False,False,general,6.00000,HBO,10,11.20000,31.81000,,15.61000,5.10000,3.00000,0.00000,11.20000,31.81000,0,20.61000,20.61000,2.24488,<3,0.37562,car
3-24000005414-2,24000005414.00000,2,6,303,304,0.45990,18.49771,CAR,0,40.22141,41.00000,35-64,False,True,1.00000,2.00000,competition,True,False,False,general,6.00000,HBO,10,9.26000,19.08000,15.91000,9.20000,4.10000,0.83000,0.00000,9.26000,15.91000,1,9.82000,6.65000,1.61472,<3,0.31984,car
3-24000005414-2,24000005414.00000,2,7,104,102,0.59744,24.02995,CAR,0,40.22141,41.00000,35-64,False,True,1.00000,2.00000,competition,True,False,False,general,6.00000,HBO,10,13.37000,17.52000,19.21000,6.01000,5.30000,0.46000,0.00000,13.37000,17.52000,1,4.15000,4.15000,3.18021,3-6,0.41550,car
3-24000005414-2,24000005414.00000,2,7,304,102,0.40256,16.19146,CAR,0,40.22141,41.00000,35-64,False,True,1.00000,2.00000,competition,True,False,False,general,6.00000,HBO,10,15.21000,42.79000,,27.85000,4.13000,3.33000,0.00000,15.21000,42.79000,0,27.58000,27.58000,3.64818,3-6,0.27996,car
3-24000005414-3,24000005414.00000,1,2,104,304,0.27476,11.05130,CAR,0,40.22141,8.00000,0-17,False,False,1.00000,2.00000,no_licence,False,False,False,general,6.00000,HBO,11,8.40000,22.05000,,6.52000,5.26000,2.50000,0.00000,8.40000,22.05000,0,13.65000,13.65000,1.24683,<3,0.19109,car
3-24000005414-3,24000005414.00000,1,2,304,104,0.21742,8.74506,CAR,0,40.22141,8.00000,0-17,False,False,1.00000,2.00000,no_licence,False,False,False,general,6.00000,HBO,11,6.78000,27.98000,,11.79000,5.09000,3.00000,0.00000,6.78000,27.98000,0,21.20000,21.20000,1.24683,<3,0.15121,car
3-24000005414-3,24000005414.00000,1,3,104,303,0.59744,24.02995,CAR,0,40.22141,8.00000,0-17,False,False,1.00000,2.00000,no_licence,False,False,False,general,6.00000,NHB,11,8.36000,32.24000,,14.56000,4.56000,4.29000,0.00000,8.36000,32.24000,0,23.88000,23.88000,2.24488,<3,0.41550,car
3-24000005414-3,24000005414.00000,1,3,304,303,0.40256,16.19146,CAR,0,40.22141,8.00000,0-17,False,False,1.00000,2.00000,no_licence,False,False,False,general,6.00000,NHB,11,8.08000,15.20000,70.31000,6.28000,3.39000,1.07000,0.00000,8.08000,15.20000,1,7.12000,7.12000,1.61472,<3,0.27996,car
3-24000005414-3,24000005414.00000,2,2,104,303,0.59744,24.02995,CAR,0,40.22141,8.00000,0-17,False,False,1.00000,2.00000,no_licence,False,False,False,general,6.00000,HBE,11,8.36000,32.24000,,14.56000,4.56000,4.29000,0.00000,8.36000,32.24000,0,23.88000,23.88000,2.24488,<3,0.41550,car
3-24000005414-3,24000005414.00000,2,2,304,303,0.40256,16.19146,CAR,0,40.22141,8.00000,0-17,False,False,1.00000,2.00000,no_licence,False,False,False,general,6.00000,HBE,11,8.08000,15.20000,70.31000,6.28000,3.39000,1.07000,0.00000,8.08000,15.20000,1,7.12000,7.12000,1.61472,<3,0.27996,car
3-24000005414-4,24000005414.00000,1,2,104,304,0.27476,11.05130,CAR,0,40.22141,7.00000,0-17,False,False,1.00000,2.00000,no_licence,False,False,False,general,6.00000,HBO,11,8.40000,22.05000,,6.52000,5.26000,2.50000,0.00000,8.40000,22.05000,0,13.65000,13.65000,1.24683,<3,0.19109,car
3-24000005414-4,24000005414.00000,1,2,304,104,0.21742,8.74506,CAR,0,40.22141,7.00000,0-17,False,False,1.00000,2.00000,no_licence,False,False,False,general,6.00000,HBO,11,6.78000,27.98000,,11.79000,5.09000,3.00000,0.00000,6.78000,27.98000,0,21.20000,21.20000,1.24683,<3,0.15121,car
3-24000005414-4,24000005414.00000,1,3,104,303,0.59744,24.02995,CAR,0,40.22141,7.00000,0-17,False,False,1.00000,2.00000,no_licence,False,False,False,general,6.00000,NHB,11,8.36000,32.24000,,14.56000,4.56000,4.29000,0.00000,8.36000,32.24000,0,23.88000,23.88000,2.24488,<3,0.41550,car
3-24000005414-4,24000005414.00000,1,3,304,303,0.40256,16.19146,CAR,0,40.22141,7.00000,0-17,False,False,1.00000,2.00000,no_licence,False,False,False,general,6.00000,NHB,11,8.08000,15.20000,70.31000,6.28000,3.39000,1.07000,0.00000,8.08000,15.20000,1,7.12000,7.12000,1.61472,<3,0.27996,car
3-24000005414-4,24000005414.00000,2,2,104,102,0.59744,24.02995,CAR,0,40.22141,7.00000,0-17,False,False,1.00000,2.00000,no_licence,False,False,False,general,6.00000,HBO,11,13.37000,17.52000,19.21000,6.01000,5.30000,0.46000,0.00000,13.37000,17.52000,1,4.15000,4.15000,3.18021,3-6,0.41550,car
3-24000005414-4,24000005414.00000,2,2,304,102,0.40256,16.19146,CAR,0,40.22141,7.00000,0-17,False,False,1.00000,2.00000,no_licence,False,False,False,general,6.00000,HBO,11,15.21000,42.79000,,27.85000,4.13000,3.33000,0.00000,15.21000,42.79000,0,27.58000,27.58000,3.64818,3-6,0.27996,car
3-24000005414-5,24000005414.00000,1,2,104,304,0.27476,11.05130,CAR,0,40.22141,2.00000,0-17,False,False,1.00000,2.00000,no_licence,False,False,False,general,6.00000,HBE,11,8.40000,22.05000,,6.52000,5.26000,2.50000,0.00000,8.40000,22.05000,0,13.65000,13.65000,1.24683,<3,0.19109,car
3-24000005414-5,24000005414.00000,1,2,304,104,0.21742,8.74506,CAR,0,40.22141,2.00000,0-17,False,False,1.00000,2.00000,no_licence,False,False,False,general,6.00000,HBE,11,6.78000,27.98000,,11.79000,5.09000,3.00000,0.00000,6.78000,27.98000,0,21.20000,21.20000,1.24683,<3,0.15121,car
3-24000005414-5,24000005414.00000,2,2,104,102,0.59744,24.02995,CAR,0,40.22141,2.00000,0-17,False,False,1.00000,2.00000,no_licence,False,False,False,general,6.00000,HBO,11,13.37000,17.52000,19.21000,6.01000,5.30000,0.46000,0.00000,13.37000,17.52000,1,4.15000,4.15000,3.18021,3-6,0.41550,car
3-24000005414-5,24000005414.00000,2,2,304,102,0.40256,16.19146,CAR,0,40.22141,2.00000,0-17,False,False,1.00000,2.00000,no_licence,False,False,False,general,6.00000,HBO,11,15.21000,42.79000,,27.85000,4.13000,3.33000,0.00000,15.21000,42.79000,0,27.58000,27.58000,3.64818,3-6,0.27996,car
3-24000005414-6,24000005414.00000,1,2,104,304,0.27476,11.05130,CAR,0,40.22141,0.40000,0-17,False,False,1.00000,2.00000,no_licence,False,False,False,general,6.00000,HBO,11,8.40000,22.05000,,6.52000,5.26000,2.50000,0.00000,8.40000,22.05000,0,13.65000,13.65000,1.24683,<3,0.19109,car
3-24000005414-6,24000005414.00000,1,2,304,104,0.21742,8.74506,CAR,0,40.22141,0.40000,0-17,False,False,1.00000,2.00000,no_licence,False,False,False,general,6.00000,HBO,11,6.78000,27.98000,,11.79000,5.09000,3.00000,0.00000,6.78000,27.98000,0,21.20000,21.20000,1.24683,<3,0.15121,car
3-24000005414-6,24000005414.00000,1,3,104,303,0.59744,24.02995,CAR,0,40.22141,0.40000,0-17,False,False,1.00000,2.00000,no_licence,False,False,False,general,6.00000,NHB,11,8.36000,32.24000,,14.56000,4.56000,4.29000,0.00000,8.36000,32.24000,0,23.88000,23.88000,2.24488,<3,0.41550,car
3-24000005414-6,24000005414.00000,1,3,304,303,0.40256,16.19146,CAR,0,40.22141,0.40000,0-17,False,False,1.00000,2.00000,no_licence,False,False,False,general,6.00000,NHB,11,8.08000,15.20000,70.31000,6.28000,3.39000,1.07000,0.00000,8.08000,15.20000,1,7.12000,7.12000,1.61472,<3,0.27996,car
3-24000005414-6,24000005414.00000,1,5,303,104,0.54010,21.72371,CAR,0,40.22141,0.40000,0-17,False,False,1.00000,2.00000,no_licence,False,False,False,general,6.00000,HBO,11,11.20000,31.81000,,15.61000,5.10000,3.00000,0.00000,11.20000,31.81000,0,20.61000,20.61000,2.24488,<3,0.37562,car
3-24000005414-6,24000005414.00000,1,5,303,304,0.45990,18.49771,CAR,0,40.22141,0.40000,0-17,False,False,1.00000,2.00000,no_licence,False,False,False,general,6.00000,HBO,11,9.26000,19.08000,15.91000,9.20000,4.10000,0.83000,0.00000,9.26000,15.91000,1,9.82000,6.65000,1.61472,<3,0.31984,car
3-24000005414-6,24000005414.00000,2,2,104,102,0.59744,24.02995,CAR,0,40.22141,0.40000,0-17,False,False,1.00000,2.00000,no_licence,False,False,False,general,6.00000,HBO,11,13.37000,17.52000,19.21000,6.01000,5.30000,0.46000,0.00000,13.37000,17.52000,1,4.15000,4.15000,3.18021,3-6,0.41550,car
3-24000005414-6,24000005414.00000,2,2,304,102,0.40256,16.19146,CAR,0,40.22141,0.40000,0-17,False,False,1.00000,2.00000,no_licence,False,False,False,general,6.00000,HBO,11,15.21000,42.79000,,27.85000,4.13000,3.33000,0.00000,15.21000,42.79000,0,27.58000,27.58000,3.64818,3-6,0.27996,car
3-24000005860-1,24000005860.00000,1,2,104,304,0.27476,17.62587,CAR,0,64.14968,74.00000,65+,False,True,1.00000,2.00000,competition,True,False,False,general,2.00000,HBW,10,8.40000,22.05000,,6.52000,5.26000,2.50000,0.00000,8.40000,22.05000,0,13.65000,13.65000,1.24683,<3,0.30477,car
3-24000005860-1,24000005860.00000,1,2,304,104,0.21742,13.94761,CAR,0,64.14968,74.00000,65+,False,True,1.00000,2.00000,competition,True,False,False,general,2.00000,HBW,10,6.78000,27.98000,,11.79000,5.09000,3.00000,0.00000,6.78000,27.98000,0,21.20000,21.20000,1.24683,<3,0.24117,car
3-24000005860-1,24000005860.00000,1,3,104,304,0.27476,17.62587,CAR,0,64.14968,74.00000,65+,False,True,1.00000,2.00000,competition,True,False,False,general,2.00000,HBW,10,8.40000,22.05000,,6.52000,5.26000,2.50000,0.00000,8.40000,22.05000,0,13.65000,13.65000,1.24683,<3,0.30477,car
3-24000005860-1,24000005860.00000,1,3,304,104,0.21742,13.94761,CAR,0,64.14968,74.00000,65+,False,True,1.00000,2.00000,competition,True,False,False,general,2.00000,HBW,10,6.78000,27.98000,,11.79000,5.09000,3.00000,0.00000,6.78000,27.98000,0,21.20000,21.20000,1.24683,<3,0.24117,car
3-24000005899-1,24000005899.00000,1,4,104,304,0.27476,17.62587,CAR,0,64.14968,77.00000,65+,False,True,1.00000,2.00000,competition,False,False,False,general,2.00000,HBO,10,8.40000,22.05000,,6.52000,5.26000,2.50000,0.00000,8.40000,22.05000,0,13.65000,13.65000,1.24683,<3,0.30477,car
3-24000005899-1,24000005899.00000,1,4,304,104,0.21742,13.94761,CAR,0,64.14968,77.00000,65+,False,True,1.00000,2.00000,competition,False,False,False,general,2.00000,HBO,10,6.78000,27.98000,,11.79000,5.09000,3.00000,0.00000,6.78000,27.98000,0,21.20000,21.20000,1.24683,<3,0.24117,car
3-24000005919-2,24000005919.00000,1,2,104,206,0.57143,39.40636,CAR,0,68.96114,60.00000,35-64,True,True,2.00000,2.00000,car_available,True,False,False,general,2.00000,HBW,10,32.40000,46.39000,46.39000,32.56000,5.42000,1.50000,0.00000,32.40000,46.39000,1,13.99000,13.99000,8.93118,6-10,0.68137,car
3-24000005919-2,24000005919.00000,1,2,304,206,0.38503,26.55215,CAR,0,68.96114,60.00000,35-64,True,True,2.00000,2.00000,car_available,True,False,False,general,2.00000,HBW,10,28.08000,50.16000,,21.67000,4.25000,10.00000,0.00000,28.08000,50.16000,0,22.08000,22.08000,7.71921,6-10,0.45911,car
3-24000005919-2,24000005919.00000,2,2,104,206,0.57143,39.40636,CAR,0,68.96114,60.00000,35-64,True,True,2.00000,2.00000,car_available,True,False,False,general,2.00000,HBW,10,32.40000,46.39000,46.39000,32.56000,5.42000,1.50000,0.00000,32.40000,46.39000,1,13.99000,13.99000,8.93118,6-10,0.68137,car
3-24000005919-2,24000005919.00000,2,2,304,206,0.38503,26.55215,CAR,0,68.96114,60.00000,35-64,True,True,2.00000,2.00000,car_available,True,False,False,general,2.00000,HBW,10,28.08000,50.16000,,21.67000,4.25000,10.00000,0.00000,28.08000,50.16000,0,22.08000,22.08000,7.71921,6-10,0.45911,car
3-24000006032-2,24000006032.00000,2,5,104,208,0.42329,77.77703,CAR,0,183.74514,60.00000,35-64,True,True,2.00000,2.00000,car_available,False,False,False,general,2.00000,HBO,10,33.01000,37.24000,37.24000,24.96000,4.64000,1.50000,0.00000,33.01000,37.24000,1,4.23000,4.23000,7.22264,6-10,1.34483,car
3-24000006032-2,24000006032.00000,2,5,304,208,0.28907,53.11602,CAR,0,183.74514,60.00000,35-64,True,True,2.00000,2.00000,car_available,False,False,False,general,2.00000,HBO,10,21.32000,43.61000,,16.67000,3.47000,10.00000,0.00000,21.32000,43.61000,0,22.29000,22.29000,6.07859,6-10,0.91842,car
3-24000006178-1,24000006178.00000,1,2,104,211,0.36446,18.28989,CAR,0,50.18333,53.00000,35-64,True,True,2.00000,3.00000,competition,True,False,False,general,4.00000,HBW,11,12.76000,28.91000,29.96000,7.03000,10.50000,0.44000,0.00000,12.76000,28.91000,1,16.15000,16.15000,2.71063,<3,0.31625,car
3-24000006178-1,24000006178.00000,1,2,304,211,0.24890,12.49065,CAR,0,50.18333,53.00000,35-64,True,True,2.00000,3.00000,competition,True,False,False,general,4.00000,HBW,11,12.71000,26.50000,28.79000,5.84000,9.33000,1.00000,0.00000,12.71000,26.50000,1,13.79000,13.79000,2.45015,<3,0.21597,car
3-24000006178-1,24000006178.00000,2,2,104,211,0.36446,18.28989,CAR,0,50.18333,53.00000,35-64,True,True,2.00000,3.00000,competition,True,False,False,general,4.00000,HBW,11,12.76000,28.91000,29.96000,7.03000,10.50000,0.44000,0.00000,12.76000,28.91000,1,16.15000,16.15000,2.71063,<3,0.31625,car
3-24000006178-1,24000006178.00000,2,2,304,211,0.24890,12.49065,CAR,0,50.18333,53.00000,35-64,True,True,2.00000,3.00000,competition,True,False,False,general,4.00000,HBW,11,12.71000,26.50000,28.79000,5.84000,9.33000,1.00000,0.00000,12.71000,26.50000,1,13.79000,13.79000,2.45015,<3,0.21597,car
3-24000006178-2,24000006178.00000,2,2,104,211,0.36446,18.28989,CAR,0,50.18333,52.00000,35-64,False,True,2.00000,3.00000,competition,True,False,False,general,4.00000,HBO,10,12.76000,28.91000,29.96000,7.03000,10.50000,0.44000,0.00000,12.76000,28.91000,1,16.15000,16.15000,2.71063,<3,0.31625,car
3-24000006178-2,24000006178.00000,2,2,304,211,0.24890,12.49065,CAR,0,50.18333,52.00000,35-64,False,True,2.00000,3.00000,competition,True,False,False,general,4.00000,HBO,10,12.71000,26.50000,28.79000,5.84000,9.33000,1.00000,0.00000,12.71000,26.50000,1,13.79000,13.79000,2.45015,<3,0.21597,car
3-24000006178-3,24000006178.00000,1,2,104,101,0.38988,19.56569,CAR,0,50.18333,27.00000,25-34,True,True,2.00000,3.00000,competition,True,False,False,general,4.00000,HBW,10,16.38000,23.08000,23.32000,10.34000,5.85000,0.52000,0.00000,16.38000,23.08000,1,6.70000,6.70000,4.20004,3-6,0.33831,car
3-24000006178-3,24000006178.00000,1,2,104,301,0.03340,1.67629,CAR,0,50.18333,27.00000,25-34,True,True,2.00000,3.00000,competition,True,False,False,general,4.00000,HBW,10,14.26000,60.32000,,24.90000,7.71000,10.00000,0.00000,14.26000,60.32000,0,46.06000,46.06000,3.79450,3-6,0.02898,car
3-24000006178-3,24000006178.00000,1,2,304,101,0.26626,13.36193,CAR,0,50.18333,27.00000,25-34,True,True,2.00000,3.00000,competition,True,False,False,general,4.00000,HBW,10,16.39000,45.41000,86.34000,33.30000,4.69000,1.36000,0.00000,16.39000,45.41000,1,29.02000,29.02000,4.47726,3-6,0.23104,car
3-24000006178-3,24000006178.00000,1,2,304,301,0.02281,1.14479,CAR,0,50.18333,27.00000,25-34,True,True,2.00000,3.00000,competition,True,False,False,general,4.00000,HBW,10,14.02000,36.41000,83.51000,19.33000,6.54000,2.00000,0.00000,14.02000,36.41000,1,22.39000,22.39000,3.69791,3-6,0.01979,car
3-24000006271-1,24000006271.00000,1,2,104,304,0.19029,5.96373,CAR,0,31.33950,42.00000,35-64,True,True,2.00000,2.00000,car_available,True,False,False,general,5.00000,HBO,10,8.40000,22.05000,,6.52000,5.26000,2.50000,0.00000,8.40000,22.05000,0,13.65000,13.65000,1.24683,<3,0.10312,car
3-24000006271-1,24000006271.00000,1,2,304,104,0.20223,6.33794,CAR,0,31.33950,42.00000,35-64,True,True,2.00000,2.00000,car_available,True,False,False,general,5.00000,HBO,10,6.78000,27.98000,,11.79000,5.09000,3.00000,0.00000,6.78000,27.98000,0,21.20000,21.20000,1.24683,<3,0.10959,car
3-24000006271-1,24000006271.00000,1,3,104,211,0.36446,11.42204,CAR,0,31.33950,42.00000,35-64,True,True,2.00000,2.00000,car_available,True,False,False,general,5.00000,NHB,10,12.76000,28.91000,29.96000,7.03000,10.50000,0.44000,0.00000,12.76000,28.91000,1,16.15000,16.15000,2.71063,<3,0.19750,car
3-24000006271-1,24000006271.00000,1,3,304,211,0.24890,7.80042,CAR,0,31.33950,42.00000,35-64,True,True,2.00000,2.00000,car_available,True,False,False,general,5.00000,NHB,10,12.71000,26.50000,28.79000,5.84000,9.33000,1.00000,0.00000,12.71000,26.50000,1,13.79000,13.79000,2.45015,<3,0.13488,car
3-24000006271-1,24000006271.00000,2,2,104,304,0.19029,5.96373,CAR,0,31.33950,42.00000,35-64,True,True,2.00000,2.00000,car_available,True,False,False,general,5.00000,HBO,10,8.40000,22.05000,,6.52000,5.26000,2.50000,0.00000,8.40000,22.05000,0,13.65000,13.65000,1.24683,<3,0.10312,car
3-24000006271-1,24000006271.00000,2,2,304,104,0.20223,6.33794,CAR,0,31.33950,42.00000,35-64,True,True,2.00000,2.00000,car_available,True,False,False,general,5.00000,HBO,10,6.78000,27.98000,,11.79000,5.09000,3.00000,0.00000,6.78000,27.98000,0,21.20000,21.20000,1.24683,<3,0.10959,car
3-24000006271-1,24000006271.00000,2,3,104,211,0.36446,11.42204,CAR,0,31.33950,42.00000,35-64,True,True,2.00000,2.00000,car_available,True,False,False,general,5.00000,NHB,10,12.76000,28.91000,29.96000,7.03000,10.50000,0.44000,0.00000,12.76000,28.91000,1,16.15000,16.15000,2.71063,<3,0.19750,car
3-24000006271-1,24000006271.00000,2,3,304,211,0.24890,7.80042,CAR,0,31.33950,42.00000,35-64,True,True,2.00000,2.00000,car_available,True,False,False,general,5.00000,NHB,10,12.71000,26.50000,28.79000,5.84000,9.33000,1.00000,0.00000,12.71000,26.50000,1,13.79000,13.79000,2.45015,<3,0.13488,car
3-24000006271-3,24000006271.00000,1,2,104,304,0.13482,4.22530,CAR,0,31.33950,16.00000,0-17,True,False,2.00000,2.00000,no_licence,False,True,False,general,5.00000,HBE,11,8.40000,22.05000,,6.52000,5.26000,2.50000,0.00000,8.40000,22.05000,0,13.65000,13.65000,1.24683,<3,0.07306,car
3-24000006271-3,24000006271.00000,1,2,304,104,0.14522,4.55123,CAR,0,31.33950,16.00000,0-17,True,False,2.00000,2.00000,no_licence,False,True,False,general,5.00000,HBE,11,6.78000,27.98000,,11.79000,5.09000,3.00000,0.00000,6.78000,27.98000,0,21.20000,21.20000,1.24683,<3,0.07869,car
3-24000006271-3,24000006271.00000,2,2,104,304,0.13482,4.22530,CAR,0,31.33950,16.00000,0-17,True,False,2.00000,2.00000,no_licence,False,True,False,general,5.00000,HBE,11,8.40000,22.05000,,6.52000,5.26000,2.50000,0.00000,8.40000,22.05000,0,13.65000,13.65000,1.24683,<3,0.07306,car
3-24000006271-3,24000006271.00000,2,2,304,104,0.14522,4.55123,CAR,0,31.33950,16.00000,0-17,True,False,2.00000,2.00000,no_licence,False,True,False,general,5.00000,HBE,11,6.78000,27.98000,,11.79000,5.09000,3.00000,0.00000,6.78000,27.98000,0,21.20000,21.20000,1.24683,<3,0.07869,car
3-24000006384-1,24000006384.00000,1,2,104,304,0.19467,33.27377,CAR,0,170.92512,71.00000,65+,False,True,2.00000,2.00000,car_available,True,False,False,general,2.00000,HBO,10,8.40000,22.05000,,6.52000,5.26000,2.50000,0.00000,8.40000,22.05000,0,13.65000,13.65000,1.24683,<3,0.57533,car
3-24000006384-1,24000006384.00000,1,2,304,104,0.15613,26.68653,CAR,0,170.92512,71.00000,65+,False,True,2.00000,2.00000,car_available,True,False,False,general,2.00000,HBO,10,6.78000,27.98000,,11.79000,5.09000,3.00000,0.00000,6.78000,27.98000,0,21.20000,21.20000,1.24683,<3,0.46143,car
3-24000006404-1,24000006404.00000,1,2,104,304,0.15040,25.70742,CAR,0,170.92512,67.00000,65+,True,True,2.00000,2.00000,car_available,True,False,False,general,2.00000,HBW,10,8.40000,22.05000,,6.52000,5.26000,2.50000,0.00000,8.40000,22.05000,0,13.65000,13.65000,1.24683,<3,0.44450,car
3-24000006404-1,24000006404.00000,2,2,104,304,0.15040,25.70742,CAR,0,170.92512,67.00000,65+,True,True,2.00000,2.00000,car_available,True,False,False,general,2.00000,HBW,10,8.40000,22.05000,,6.52000,5.26000,2.50000,0.00000,8.40000,22.05000,0,13.65000,13.65000,1.24683,<3,0.44450,car
3-24000006457-2,24000006457.00000,2,2,104,210,0.27929,97.04204,CAR,0,347.45382,55.00000,35-64,False,True,2.00000,3.00000,competition,True,False,False,general,4.00000,HBW,10,14.37000,34.00000,35.05000,12.46000,10.29000,0.47000,0.00000,14.37000,34.00000,1,19.63000,19.63000,5.07582,3-6,1.67794,car
3-24000006457-2,24000006457.00000,2,2,304,210,0.19074,66.27261,CAR,0,347.45382,55.00000,35-64,False,True,2.00000,3.00000,competition,True,False,False,general,4.00000,HBW,10,15.60000,33.79000,35.58000,13.04000,9.13000,1.25000,0.00000,15.60000,33.79000,1,18.19000,18.19000,4.60641,3-6,1.14591,car
3-24000006570-1,24000006570.00000,1,2,104,103,0.15329,4.86000,CAR,0,31.70565,47.00000,35-64,True,True,1.00000,2.00000,competition,True,False,False,general,5.00000,HBO,10,6.92000,15.99000,18.19000,4.07000,5.56000,0.40000,0.00000,6.92000,15.99000,1,9.07000,9.07000,1.66098,<3,0.08403,car
3-24000006570-1,24000006570.00000,1,2,304,103,0.10468,3.31903,CAR,0,31.70565,47.00000,35-64,True,True,1.00000,2.00000,competition,True,False,False,general,5.00000,HBO,10,10.90000,36.20000,,20.74000,4.39000,3.33000,0.00000,10.90000,36.20000,0,25.30000,25.30000,2.21445,<3,0.05739,car
3-24000006570-1,24000006570.00000,1,2,304,104,0.15393,4.88042,CAR,0,31.70565,47.00000,35-64,True,True,1.00000,2.00000,competition,True,False,False,general,5.00000,HBO,10,6.78000,27.98000,,11.79000,5.09000,3.00000,0.00000,6.78000,27.98000,0,21.20000,21.20000,1.24683,<3,0.08439,car
3-24000006570-1,24000006570.00000,1,3,103,104,0.25119,7.96404,CAR,0,31.70565,47.00000,35-64,True,True,1.00000,2.00000,competition,True,False,False,general,5.00000,NHB,10,7.44000,17.02000,16.07000,4.47000,5.91000,0.36000,0.00000,7.44000,16.07000,1,9.58000,8.63000,1.66098,<3,0.13770,car
3-24000006570-1,24000006570.00000,1,3,103,304,0.21389,6.78137,CAR,0,31.70565,47.00000,35-64,True,True,1.00000,2.00000,competition,True,False,False,general,5.00000,NHB,10,9.52000,34.86000,,19.59000,4.91000,2.73000,0.00000,9.52000,34.86000,0,25.34000,25.34000,2.21445,<3,0.11726,car
3-24000006570-1,24000006570.00000,1,3,104,304,0.16647,5.27814,CAR,0,31.70565,47.00000,35-64,True,True,1.00000,2.00000,competition,True,False,False,general,5.00000,NHB,10,8.40000,22.05000,,6.52000,5.26000,2.50000,0.00000,8.40000,22.05000,0,13.65000,13.65000,1.24683,<3,0.09126,car
3-24000006570-1,24000006570.00000,1,4,104,304,0.27476,8.71150,CAR,0,31.70565,47.00000,35-64,True,True,1.00000,2.00000,competition,True,False,False,general,5.00000,NHB,10,8.40000,22.05000,,6.52000,5.26000,2.50000,0.00000,8.40000,22.05000,0,13.65000,13.65000,1.24683,<3,0.15063,car
3-24000006570-1,24000006570.00000,1,4,304,104,0.21742,6.89354,CAR,0,31.70565,47.00000,35-64,True,True,1.00000,2.00000,competition,True,False,False,general,5.00000,NHB,10,6.78000,27.98000,,11.79000,5.09000,3.00000,0.00000,6.78000,27.98000,0,21.20000,21.20000,1.24683,<3,0.11919,car
3-24000006570-1,24000006570.00000,2,2,104,103,0.15329,4.86000,CAR,0,31.70565,47.00000,35-64,True,True,1.00000,2.00000,competition,True,False,False,general,5.00000,HBO,10,6.92000,15.99000,18.19000,4.07000,5.56000,0.40000,0.00000,6.92000,15.99000,1,9.07000,9.07000,1.66098,<3,0.08403,car
3-24000006570-1,24000006570.00000,2,2,304,103,0.10468,3.31903,CAR,0,31.70565,47.00000,35-64,True,True,1.00000,2.00000,competition,True,False,False,general,5.00000,HBO,10,10.90000,36.20000,,20.74000,4.39000,3.33000,0.00000,10.90000,36.20000,0,25.30000,25.30000,2.21445,<3,0.05739,car
3-24000006570-1,24000006570.00000,2,2,304,104,0.15393,4.88042,CAR,0,31.70565,47.00000,35-64,True,True,1.00000,2.00000,competition,True,False,False,general,5.00000,HBO,10,6.78000,27.98000,,11.79000,5.09000,3.00000,0.00000,6.78000,27.98000,0,21.20000,21.20000,1.24683,<3,0.08439,car
3-24000006570-1,24000006570.00000,2,3,103,104,0.25119,7.96404,CAR,0,31.70565,47.00000,35-64,True,True,1.00000,2.00000,competition,True,False,False,general,5.00000,NHB,10,7.44000,17.02000,16.07000,4.47000,5.91000,0.36000,0.00000,7.44000,16.07000,1,9.58000,8.63000,1.66098,<3,0.13770,car
3-24000006570-1,24000006570.00000,2,3,103,304,0.21389,6.78137,CAR,0,31.70565,47.00000,35-64,True,True,1.00000,2.00000,competition,True,False,False,general,5.00000,NHB,10,9.52000,34.86000,,19.59000,4.91000,2.73000,0.00000,9.52000,34.86000,0,25.34000,25.34000,2.21445,<3,0.11726,car
3-24000006570-1,24000006570.00000,2,3,104,304,0.16647,5.27814,CAR,0,31.70565,47.00000,35-64,True,True,1.00000,2.00000,competition,True,False,False,general,5.00000,NHB,10,8.40000,22.05000,,6.52000,5.26000,2.50000,0.00000,8.40000,22.05000,0,13.65000,13.65000,1.24683,<3,0.09126,car
3-24000006570-1,24000006570.00000,2,4,104,304,0.27476,8.71150,CAR,0,31.70565,47.00000,35-64,True,True,1.00000,2.00000,competition,True,False,False,general,5.00000,NHB,10,8.40000,22.05000,,6.52000,5.26000,2.50000,0.00000,8.40000,22.05000,0,13.65000,13.65000,1.24683,<3,0.15063,car
3-24000006570-1,24000006570.00000,2,4,304,104,0.21742,6.89354,CAR,0,31.70565,47.00000,35-64,True,True,1.00000,2.00000,competition,True,False,False,general,5.00000,NHB,10,6.78000,27.98000,,11.79000,5.09000,3.00000,0.00000,6.78000,27.98000,0,21.20000,21.20000,1.24683,<3,0.11919,car
3-24000006570-3,24000006570.00000,1,2,104,103,0.15329,4.86000,CAR,0,31.70565,12.00000,0-17,False,False,1.00000,2.00000,no_licence,False,False,False,general,5.00000,HBO,11,6.92000,15.99000,18.19000,4.07000,5.56000,0.40000,0.00000,6.92000,15.99000,1,9.07000,9.07000,1.66098,<3,0.08403,car
3-24000006570-3,24000006570.00000,1,2,304,103,0.10468,3.31903,CAR,0,31.70565,12.00000,0-17,False,False,1.00000,2.00000,no_licence,False,False,False,general,5.00000,HBO,11,10.90000,36.20000,,20.74000,4.39000,3.33000,0.00000,10.90000,36.20000,0,25.30000,25.30000,2.21445,<3,0.05739,car
3-24000006570-3,24000006570.00000,1,2,304,104,0.15393,4.88042,CAR,0,31.70565,12.00000,0-17,False,False,1.00000,2.00000,no_licence,False,False,False,general,5.00000,HBO,11,6.78000,27.98000,,11.79000,5.09000,3.00000,0.00000,6.78000,27.98000,0,21.20000,21.20000,1.24683,<3,0.08439,car
3-24000006570-3,24000006570.00000,1,3,103,104,0.25119,7.96404,CAR,0,31.70565,12.00000,0-17,False,False,1.00000,2.00000,no_licence,False,False,False,general,5.00000,NHB,11,7.44000,17.02000,16.07000,4.47000,5.91000,0.36000,0.00000,7.44000,16.07000,1,9.58000,8.63000,1.66098,<3,0.13770,car
3-24000006570-3,24000006570.00000,1,3,103,304,0.21389,6.78137,CAR,0,31.70565,12.00000,0-17,False,False,1.00000,2.00000,no_licence,False,False,False,general,5.00000,NHB,11,9.52000,34.86000,,19.59000,4.91000,2.73000,0.00000,9.52000,34.86000,0,25.34000,25.34000,2.21445,<3,0.11726,car
3-24000006570-3,24000006570.00000,1,3,104,304,0.16647,5.27814,CAR,0,31.70565,12.00000,0-17,False,False,1.00000,2.00000,no_licence,False,False,False,general,5.00000,NHB,11,8.40000,22.05000,,6.52000,5.26000,2.50000,0.00000,8.40000,22.05000,0,13.65000,13.65000,1.24683,<3,0.09126,car
3-24000006570-3,24000006570.00000,1,4,104,304,0.27476,8.71150,CAR,0,31.70565,12.00000,0-17,False,False,1.00000,2.00000,no_licence,False,False,False,general,5.00000,NHB,11,8.40000,22.05000,,6.52000,5.26000,2.50000,0.00000,8.40000,22.05000,0,13.65000,13.65000,1.24683,<3,0.15063,car
3-24000006570-3,24000006570.00000,1,4,304,104,0.21742,6.89354,CAR,0,31.70565,12.00000,0-17,False,False,1.00000,2.00000,no_licence,False,False,False,general,5.00000,NHB,11,6.78000,27.98000,,11.79000,5.09000,3.00000,0.00000,6.78000,27.98000,0,21.20000,21.20000,1.24683,<3,0.11919,car
3-24000006570-3,24000006570.00000,2,2,104,103,0.15329,4.86000,CAR,0,31.70565,12.00000,0-17,False,False,1.00000,2.00000,no_licence,False,False,False,general,5.00000,HBO,11,6.92000,15.99000,18.19000,4.07000,5.56000,0.40000,0.00000,6.92000,15.99000,1,9.07000,9.07000,1.66098,<3,0.08403,car
3-24000006570-3,24000006570.00000,2,2,304,103,0.10468,3.31903,CAR,0,31.70565,12.00000,0-17,False,False,1.00000,2.00000,no_licence,False,False,False,general,5.00000,HBO,11,10.90000,36.20000,,20.74000,4.39000,3.33000,0.00000,10.90000,36.20000,0,25.30000,25.30000,2.21445,<3,0.05739,car
3-24000006570-3,24000006570.00000,2,2,304,104,0.15393,4.88042,CAR,0,31.70565,12.00000,0-17,False,False,1.00000,2.00000,no_licence,False,False,False,general,5.00000,HBO,11,6.78000,27.98000,,11.79000,5.09000,3.00000,0.00000,6.78000,27.98000,0,21.20000,21.20000,1.24683,<3,0.08439,car
3-24000006570-3,24000006570.00000,2,3,103,104,0.25119,7.96404,CAR,0,31.70565,12.00000,0-17,False,False,1.00000,2.00000,no_licence,False,False,False,general,5.00000,NHB,11,7.44000,17.02000,16.07000,4.47000,5.91000,0.36000,0.00000,7.44000,16.07000,1,9.58000,8.63000,1.66098,<3,0.13770,car
3-24000006570-3,24000006570.00000,2,3,103,304,0.21389,6.78137,CAR,0,31.70565,12.00000,0-17,False,False,1.00000,2.00000,no_licence,False,False,False,general,5.00000,NHB,11,9.52000,34.86000,,19.59000,4.91000,2.73000,0.00000,9.52000,34.86000,0,25.34000,25.34000,2.21445,<3,0.11726,car
3-24000006570-3,24000006570.00000,2,3,104,304,0.16647,5.27814,CAR,0,31.70565,12.00000,0-17,False,False,1.00000,2.00000,no_licence,False,False,False,general,5.00000,NHB,11,8.40000,22.05000,,6.52000,5.26000,2.50000,0.00000,8.40000,22.05000,0,13.65000,13.65000,1.24683,<3,0.09126,car
3-24000006570-3,24000006570.00000,2,4,104,304,0.27476,8.71150,CAR,0,31.70565,12.00000,0-17,False,False,1.00000,2.00000,no_licence,False,False,False,general,5.00000,NHB,11,8.40000,22.05000,,6.52000,5.26000,2.50000,0.00000,8.40000,22.05000,0,13.65000,13.65000,1.24683,<3,0.15063,car
3-24000006570-3,24000006570.00000,2,4,304,104,0.21742,6.89354,CAR,0,31.70565,12.00000,0-17,False,False,1.00000,2.00000,no_licence,False,False,False,general,5.00000,NHB,11,6.78000,27.98000,,11.79000,5.09000,3.00000,0.00000,6.78000,27.98000,0,21.20000,21.20000,1.24683,<3,0.11919,car
3-24000006570-4,24000006570.00000,1,2,104,103,0.15329,4.86000,CAR,0,31.70565,10.00000,0-17,True,False,1.00000,2.00000,no_licence,False,False,False,general,5.00000,HBO,11,6.92000,15.99000,18.19000,4.07000,5.56000,0.40000,0.00000,6.92000,15.99000,1,9.07000,9.07000,1.66098,<3,0.08403,car
3-24000006570-4,24000006570.00000,1,2,304,103,0.10468,3.31903,CAR,0,31.70565,10.00000,0-17,True,False,1.00000,2.00000,no_licence,False,False,False,general,5.00000,HBO,11,10.90000,36.20000,,20.74000,4.39000,3.33000,0.00000,10.90000,36.20000,0,25.30000,25.30000,2.21445,<3,0.05739,car
3-24000006570-4,24000006570.00000,1,2,304,104,0.15393,4.88042,CAR,0,31.70565,10.00000,0-17,True,False,1.00000,2.00000,no_licence,False,False,False,general,5.00000,HBO,11,6.78000,27.98000,,11.79000,5.09000,3.00000,0.00000,6.78000,27.98000,0,21.20000,21.20000,1.24683,<3,0.08439,car
3-24000006570-4,24000006570.00000,1,3,103,104,0.25119,7.96404,CAR,0,31.70565,10.00000,0-17,True,False,1.00000,2.00000,no_licence,False,False,False,general,5.00000,NHB,11,7.44000,17.02000,16.07000,4.47000,5.91000,0.36000,0.00000,7.44000,16.07000,1,9.58000,8.63000,1.66098,<3,0.13770,car
3-24000006570-4,24000006570.00000,1,3,103,304,0.21389,6.78137,CAR,0,31.70565,10.00000,0-17,True,False,1.00000,2.00000,no_licence,False,False,False,general,5.00000,NHB,11,9.52000,34.86000,,19.59000,4.91000,2.73000,0.00000,9.52000,34.86000,0,25.34000,25.34000,2.21445,<3,0.11726,car
3-24000006570-4,24000006570.00000,1,3,104,304,0.16647,5.27814,CAR,0,31.70565,10.00000,0-17,True,False,1.00000,2.00000,no_licence,False,False,False,general,5.00000,NHB,11,8.40000,22.05000,,6.52000,5.26000,2.50000,0.00000,8.40000,22.05000,0,13.65000,13.65000,1.24683,<3,0.09126,car
3-24000006570-4,24000006570.00000,2,2,104,103,0.15329,4.86000,CAR,0,31.70565,10.00000,0-17,True,False,1.00000,2.00000,no_licence,False,False,False,general,5.00000,HBO,11,6.92000,15.99000,18.19000,4.07000,5.56000,0.40000,0.00000,6.92000,15.99000,1,9.07000,9.07000,1.66098,<3,0.08403,car
3-24000006570-4,24000006570.00000,2,2,304,103,0.10468,3.31903,CAR,0,31.70565,10.00000,0-17,True,False,1.00000,2.00000,no_licence,False,False,False,general,5.00000,HBO,11,10.90000,36.20000,,20.74000,4.39000,3.33000,0.00000,10.90000,36.20000,0,25.30000,25.30000,2.21445,<3,0.05739,car
3-24000006570-4,24000006570.00000,2,2,304,104,0.15393,4.88042,CAR,0,31.70565,10.00000,0-17,True,False,1.00000,2.00000,no_licence,False,False,False,general,5.00000,HBO,11,6.78000,27.98000,,11.79000,5.09000,3.00000,0.00000,6.78000,27.98000,0,21.20000,21.20000,1.24683,<3,0.08439,car
3-24000006570-4,24000006570.00000,2,3,103,104,0.25119,7.96404,CAR,0,31.70565,10.00000,0-17,True,False,1.00000,2.00000,no_licence,False,False,False,general,5.00000,NHB,11,7.44000,17.02000,16.07000,4.47000,5.91000,0.36000,0.00000,7.44000,16.07000,1,9.58000,8.63000,1.66098,<3,0.13770,car
3-24000006570-4,24000006570.00000,2,3,103,304,0.21389,6.78137,CAR,0,31.70565,10.00000,0-17,True,False,1.00000,2.00000,no_licence,False,False,False,general,5.00000,NHB,11,9.52000,34.86000,,19.59000,4.91000,2.73000,0.00000,9.52000,34.86000,0,25.34000,25.34000,2.21445,<3,0.11726,car
3-24000006570-4,24000006570.00000,2,3,104,304,0.16647,5.27814,CAR,0,31.70565,10.00000,0-17,True,False,1.00000,2.00000,no_licence,False,False,False,general,5.00000,NHB,11,8.40000,22.05000,,6.52000,5.26000,2.50000,0.00000,8.40000,22.05000,0,13.65000,13.65000,1.24683,<3,0.09126,car
3-24000006570-5,24000006570.00000,1,2,104,103,0.15329,4.86000,CAR,0,31.70565,2.00000,0-17,False,False,1.00000,2.00000,no_licence,False,False,False,general,5.00000,HBE,11,6.92000,15.99000,18.19000,4.07000,5.56000,0.40000,0.00000,6.92000,15.99000,1,9.07000,9.07000,1.66098,<3,0.08403,car
3-24000006570-5,24000006570.00000,1,2,304,103,0.10468,3.31903,CAR,0,31.70565,2.00000,0-17,False,False,1.00000,2.00000,no_licence,False,False,False,general,5.00000,HBE,11,10.90000,36.20000,,20.74000,4.39000,3.33000,0.00000,10.90000,36.20000,0,25.30000,25.30000,2.21445,<3,0.05739,car
3-24000006570-5,24000006570.00000,1,2,304,104,0.15393,4.88042,CAR,0,31.70565,2.00000,0-17,False,False,1.00000,2.00000,no_licence,False,False,False,general,5.00000,HBE,11,6.78000,27.98000,,11.79000,5.09000,3.00000,0.00000,6.78000,27.98000,0,21.20000,21.20000,1.24683,<3,0.08439,car
3-24000006570-5,24000006570.00000,2,2,104,103,0.15329,4.86000,CAR,0,31.70565,2.00000,0-17,False,False,1.00000,2.00000,no_licence,False,False,False,general,5.00000,HBE,11,6.92000,15.99000,18.19000,4.07000,5.56000,0.40000,0.00000,6.92000,15.99000,1,9.07000,9.07000,1.66098,<3,0.08403,car
3-24000006570-5,24000006570.00000,2,2,304,103,0.10468,3.31903,CAR,0,31.70565,2.00000,0-17,False,False,1.00000,2.00000,no_licence,False,False,False,general,5.00000,HBE,11,10.90000,36.20000,,20.74000,4.39000,3.33000,0.00000,10.90000,36.20000,0,25.30000,25.30000,2.21445,<3,0.05739,car
3-24000006570-5,24000006570.00000,2,2,304,104,0.15393,4.88042,CAR,0,31.70565,2.00000,0-17,False,False,1.00000,2.00000,no_licence,False,False,False,general,5.00000,HBE,11,6.78000,27.98000,,11.79000,5.09000,3.00000,0.00000,6.78000,27.98000,0,21.20000,21.20000,1.24683,<3,0.08439,car
3-24000006623-1,24000006623.00000,1,2,104,304,0.19467,5.81142,CAR,0,29.85290,35.00000,35-64,False,True,2.00000,2.00000,car_available,True,False,False,general,5.00000,HBO,10,8.40000,22.05000,,6.52000,5.26000,2.50000,0.00000,8.40000,22.05000,0,13.65000,13.65000,1.24683,<3,0.10048,car
3-24000006623-1,24000006623.00000,1,2,304,104,0.15613,4.66093,CAR,0,29.85290,35.00000,35-64,False,True,2.00000,2.00000,car_available,True,False,False,general,5.00000,HBO,10,6.78000,27.98000,,11.79000,5.09000,3.00000,0.00000,6.78000,27.98000,0,21.20000,21.20000,1.24683,<3,0.08059,car
3-24000006623-1,24000006623.00000,2,2,104,304,0.19467,5.81142,CAR,0,29.85290,35.00000,35-64,False,True,2.00000,2.00000,car_available,True,False,False,general,5.00000,HBO,10,8.40000,22.05000,,6.52000,5.26000,2.50000,0.00000,8.40000,22.05000,0,13.65000,13.65000,1.24683,<3,0.10048,car
3-24000006623-1,24000006623.00000,2,2,304,104,0.15613,4.66093,CAR,0,29.85290,35.00000,35-64,False,True,2.00000,2.00000,car_available,True,False,False,general,5.00000,HBO,10,6.78000,27.98000,,11.79000,5.09000,3.00000,0.00000,6.78000,27.98000,0,21.20000,21.20000,1.24683,<3,0.08059,car
3-24000006623-1,24000006623.00000,2,3,104,304,0.19029,5.68084,CAR,0,29.85290,35.00000,35-64,False,True,2.00000,2.00000,car_available,True,False,False,general,5.00000,NHB,10,8.40000,22.05000,,6.52000,5.26000,2.50000,0.00000,8.40000,22.05000,0,13.65000,13.65000,1.24683,<3,0.09823,car
3-24000006623-1,24000006623.00000,2,3,304,104,0.20223,6.03729,CAR,0,29.85290,35.00000,35-64,False,True,2.00000,2.00000,car_available,True,False,False,general,5.00000,NHB,10,6.78000,27.98000,,11.79000,5.09000,3.00000,0.00000,6.78000,27.98000,0,21.20000,21.20000,1.24683,<3,0.10439,car
3-24000006623-2,24000006623.00000,1,2,104,304,0.13482,4.02487,CAR,0,29.85290,40.00000,35-64,True,True,2.00000,2.00000,car_available,True,False,False,general,5.00000,HBO,10,8.40000,22.05000,,6.52000,5.26000,2.50000,0.00000,8.40000,22.05000,0,13.65000,13.65000,1.24683,<3,0.06959,car
3-24000006623-2,24000006623.00000,1,2,304,104,0.14522,4.33534,CAR,0,29.85290,40.00000,35-64,True,True,2.00000,2.00000,car_available,True,False,False,general,5.00000,HBO,10,6.78000,27.98000,,11.79000,5.09000,3.00000,0.00000,6.78000,27.98000,0,21.20000,21.20000,1.24683,<3,0.07496,car
3-24000006623-2,24000006623.00000,1,3,104,208,0.42329,12.63636,CAR,0,29.85290,40.00000,35-64,True,True,2.00000,2.00000,car_available,True,False,False,general,5.00000,NHB,10,33.01000,37.24000,37.24000,24.96000,4.64000,1.50000,0.00000,33.01000,37.24000,1,4.23000,4.23000,7.22264,6-10,0.21849,car
3-24000006623-2,24000006623.00000,1,3,304,208,0.28907,8.62971,CAR,0,29.85290,40.00000,35-64,True,True,2.00000,2.00000,car_available,True,False,False,general,5.00000,NHB,10,21.32000,43.61000,,16.67000,3.47000,10.00000,0.00000,21.32000,43.61000,0,22.29000,22.29000,6.07859,6-10,0.14921,car
3-24000006623-3,24000006623.00000,1,2,104,304,0.19467,5.81142,CAR,0,29.85290,12.00000,0-17,True,False,2.00000,2.00000,no_licence,False,False,False,general,5.00000,HBE,11,8.40000,22.05000,,6.52000,5.26000,2.50000,0.00000,8.40000,22.05000,0,13.65000,13.65000,1.24683,<3,0.10048,car
3-24000006623-3,24000006623.00000,1,2,304,104,0.15613,4.66093,CAR,0,29.85290,12.00000,0-17,True,False,2.00000,2.00000,no_licence,False,False,False,general,5.00000,HBE,11,6.78000,27.98000,,11.79000,5.09000,3.00000,0.00000,6.78000,27.98000,0,21.20000,21.20000,1.24683,<3,0.08059,car
3-24000006623-3,24000006623.00000,2,2,104,304,0.19467,5.81142,CAR,0,29.85290,12.00000,0-17,True,False,2.00000,2.00000,no_licence,False,False,False,general,5.00000,HBE,11,8.40000,22.05000,,6.52000,5.26000,2.50000,0.00000,8.40000,22.05000,0,13.65000,13.65000,1.24683,<3,0.10048,car
3-24000006623-3,24000006623.00000,2,2,304,104,0.15613,4.66093,CAR,0,29.85290,12.00000,0-17,True,False,2.00000,2.00000,no_licence,False,False,False,general,5.00000,HBE,11,6.78000,27.98000,,11.79000,5.09000,3.00000,0.00000,6.78000,27.98000,0,21.20000,21.20000,1.24683,<3,0.08059,car
3-24000006623-4,24000006623.00000,1,2,104,304,0.19467,5.81142,CAR,0,29.85290,15.00000,0-17,False,False,2.00000,2.00000,no_licence,False,False,False,general,5.00000,HBE,11,8.40000,22.05000,,6.52000,5.26000,2.50000,0.00000,8.40000,22.05000,0,13.65000,13.65000,1.24683,<3,0.10048,car
3-24000006623-4,24000006623.00000,1,2,304,104,0.15613,4.66093,CAR,0,29.85290,15.00000,0-17,False,False,2.00000,2.00000,no_licence,False,False,False,general,5.00000,HBE,11,6.78000,27.98000,,11.79000,5.09000,3.00000,0.00000,6.78000,27.98000,0,21.20000,21.20000,1.24683,<3,0.08059,car
3-24000006623-4,24000006623.00000,2,2,104,304,0.19467,5.81142,CAR,0,29.85290,15.00000,0-17,False,False,2.00000,2.00000,no_licence,False,False,False,general,5.00000,HBE,11,8.40000,22.05000,,6.52000,5.26000,2.50000,0.00000,8.40000,22.05000,0,13.65000,13.65000,1.24683,<3,0.10048,car
3-24000006623-4,24000006623.00000,2,2,304,104,0.15613,4.66093,CAR,0,29.85290,15.00000,0-17,False,False,2.00000,2.00000,no_licence,False,False,False,general,5.00000,HBE,11,6.78000,27.98000,,11.79000,5.09000,3.00000,0.00000,6.78000,27.98000,0,21.20000,21.20000,1.24683,<3,0.08059,car
3-24000006623-5,24000006623.00000,1,2,104,304,0.13482,4.02487,CAR,0,29.85290,6.00000,0-17,True,False,2.00000,2.00000,no_licence,False,False,False,general,5.00000,HBE,11,8.40000,22.05000,,6.52000,5.26000,2.50000,0.00000,8.40000,22.05000,0,13.65000,13.65000,1.24683,<3,0.06959,car
3-24000006623-5,24000006623.00000,1,2,304,104,0.14522,4.33534,CAR,0,29.85290,6.00000,0-17,True,False,2.00000,2.00000,no_licence,False,False,False,general,5.00000,HBE,11,6.78000,27.98000,,11.79000,5.09000,3.00000,0.00000,6.78000,27.98000,0,21.20000,21.20000,1.24683,<3,0.07496,car
3-24000006623-5,24000006623.00000,2,2,104,304,0.19467,5.81142,CAR,0,29.85290,6.00000,0-17,True,False,2.00000,2.00000,no_licence,False,False,False,general,5.00000,HBO,11,8.40000,22.05000,,6.52000,5.26000,2.50000,0.00000,8.40000,22.05000,0,13.65000,13.65000,1.24683,<3,0.10048,car
3-24000006623-5,24000006623.00000,2,2,304,104,0.15613,4.66093,CAR,0,29.85290,6.00000,0-17,True,False,2.00000,2.00000,no_licence,False,False,False,general,5.00000,HBO,11,6.78000,27.98000,,11.79000,5.09000,3.00000,0.00000,6.78000,27.98000,0,21.20000,21.20000,1.24683,<3,0.08059,car
3-24000006623-5,24000006623.00000,2,3,104,304,0.19029,5.68084,CAR,0,29.85290,6.00000,0-17,True,False,2.00000,2.00000,no_licence,False,False,False,general,5.00000,NHB,11,8.40000,22.05000,,6.52000,5.26000,2.50000,0.00000,8.40000,22.05000,0,13.65000,13.65000,1.24683,<3,0.09823,car
3-24000006623-5,24000006623.00000,2,3,304,104,0.20223,6.03729,CAR,0,29.85290,6.00000,0-17,True,False,2.00000,2.00000,no_licence,False,False,False,general,5.00000,NHB,11,6.78000,27.98000,,11.79000,5.09000,3.00000,0.00000,6.78000,27.98000,0,21.20000,21.20000,1.24683,<3,0.10439,car
3-24000006776-1,24000006776.00000,1,2,104,304,0.13482,8.26222,CAR,0,61.28174,58.00000,35-64,False,True,1.00000,2.00000,competition,True,False,False,general,2.00000,HBO,10,8.40000,22.05000,,6.52000,5.26000,2.50000,0.00000,8.40000,22.05000,0,13.65000,13.65000,1.24683,<3,0.14286,car
3-24000006776-1,24000006776.00000,1,2,304,104,0.14522,8.89954,CAR,0,61.28174,58.00000,35-64,False,True,1.00000,2.00000,competition,True,False,False,general,2.00000,HBO,10,6.78000,27.98000,,11.79000,5.09000,3.00000,0.00000,6.78000,27.98000,0,21.20000,21.20000,1.24683,<3,0.15388,car
3-24000006776-1,24000006776.00000,1,3,104,304,0.13482,8.26222,CAR,0,61.28174,58.00000,35-64,False,True,1.00000,2.00000,competition,True,False,False,general,2.00000,HBO,10,8.40000,22.05000,,6.52000,5.26000,2.50000,0.00000,8.40000,22.05000,0,13.65000,13.65000,1.24683,<3,0.14286,car
3-24000006776-1,24000006776.00000,1,3,304,104,0.14522,8.89954,CAR,0,61.28174,58.00000,35-64,False,True,1.00000,2.00000,competition,True,False,False,general,2.00000,HBO,10,6.78000,27.98000,,11.79000,5.09000,3.00000,0.00000,6.78000,27.98000,0,21.20000,21.20000,1.24683,<3,0.15388,car
3-24000006776-2,24000006776.00000,1,2,104,304,0.28429,17.42156,CAR,0,61.28174,57.00000,35-64,True,True,1.00000,2.00000,competition,True,False,False,general,2.00000,HBW,10,8.40000,22.05000,,6.52000,5.26000,2.50000,0.00000,8.40000,22.05000,0,13.65000,13.65000,1.24683,<3,0.30123,car
3-24000006776-2,24000006776.00000,2,2,104,304,0.19467,11.92963,CAR,0,61.28174,57.00000,35-64,True,True,1.00000,2.00000,competition,True,False,False,general,2.00000,HBW,10,8.40000,22.05000,,6.52000,5.26000,2.50000,0.00000,8.40000,22.05000,0,13.65000,13.65000,1.24683,<3,0.20627,car
3-24000006776-2,24000006776.00000,2,2,304,104,0.15613,9.56792,CAR,0,61.28174,57.00000,35-64,True,True,1.00000,2.00000,competition,True,False,False,general,2.00000,HBW,10,6.78000,27.98000,,11.79000,5.09000,3.00000,0.00000,6.78000,27.98000,0,21.20000,21.20000,1.24683,<3,0.16544,car
3-24000006790-1,24000006790.00000,2,2,304,104,0.28907,8.05060,CAR,0,27.84959,43.00000,35-64,True,True,2.00000,2.00000,car_available,True,False,False,general,5.00000,HBW,10,6.78000,27.98000,,11.79000,5.09000,3.00000,0.00000,6.78000,27.98000,0,21.20000,21.20000,1.24683,<3,0.13920,car
3-24000006790-2,24000006790.00000,2,2,104,304,0.19467,5.42144,BUS,1,27.84959,43.00000,35-64,False,True,2.00000,2.00000,car_available,True,False,False,general,5.00000,HBW,3,8.40000,22.05000,,6.52000,5.26000,2.50000,0.00000,8.40000,22.05000,0,13.65000,13.65000,1.24683,<3,0.09374,transit
3-24000006790-2,24000006790.00000,2,2,304,104,0.15613,4.34816,BUS,1,27.84959,43.00000,35-64,False,True,2.00000,2.00000,car_available,True,False,False,general,5.00000,HBW,3,6.78000,27.98000,,11.79000,5.09000,3.00000,0.00000,6.78000,27.98000,0,21.20000,21.20000,1.24683,<3,0.07518,transit
3-24000006790-3,24000006790.00000,1,2,104,304,0.19467,5.42144,BUS,1,27.84959,14.00000,0-17,False,False,2.00000,2.00000,no_licence,False,False,False,general,5.00000,HBE,3,8.40000,22.05000,,6.52000,5.26000,2.50000,0.00000,8.40000,22.05000,0,13.65000,13.65000,1.24683,<3,0.09374,transit
3-24000006790-3,24000006790.00000,1,2,304,104,0.15613,4.34816,BUS,1,27.84959,14.00000,0-17,False,False,2.00000,2.00000,no_licence,False,False,False,general,5.00000,HBE,3,6.78000,27.98000,,11.79000,5.09000,3.00000,0.00000,6.78000,27.98000,0,21.20000,21.20000,1.24683,<3,0.07518,transit
3-24000006790-3,24000006790.00000,2,2,104,304,0.19467,5.42144,BUS,1,27.84959,14.00000,0-17,False,False,2.00000,2.00000,no_licence,False,False,False,general,5.00000,HBE,3,8.40000,22.05000,,6.52000,5.26000,2.50000,0.00000,8.40000,22.05000,0,13.65000,13.65000,1.24683,<3,0.09374,transit
3-24000006790-3,24000006790.00000,2,2,304,104,0.15613,4.34816,BUS,1,27.84959,14.00000,0-17,False,False,2.00000,2.00000,no_licence,False,False,False,general,5.00000,HBE,3,6.78000,27.98000,,11.79000,5.09000,3.00000,0.00000,6.78000,27.98000,0,21.20000,21.20000,1.24683,<3,0.07518,transit
3-24000006809-1,24000006809.00000,1,2,104,208,0.04123,2.43691,CAR,0,59.10526,57.00000,35-64,True,True,1.00000,2.00000,competition,True,False,False,general,2.00000,HBW,10,33.01000,37.24000,37.24000,24.96000,4.64000,1.50000,0.00000,33.01000,37.24000,1,4.23000,4.23000,7.22264,6-10,0.04214,car
3-24000006809-1,24000006809.00000,1,2,104,209,0.06411,3.78926,CAR,0,59.10526,57.00000,35-64,True,True,1.00000,2.00000,competition,True,False,False,general,2.00000,HBW,10,17.57000,33.84000,33.84000,20.23000,5.30000,1.50000,0.00000,17.57000,33.84000,1,16.27000,16.27000,6.18558,6-10,0.06552,car
3-24000006809-1,24000006809.00000,1,2,304,208,0.02816,1.66423,CAR,0,59.10526,57.00000,35-64,True,True,1.00000,2.00000,competition,True,False,False,general,2.00000,HBW,10,21.32000,43.61000,,16.67000,3.47000,10.00000,0.00000,21.32000,43.61000,0,22.29000,22.29000,6.07859,6-10,0.02878,car
3-24000006809-1,24000006809.00000,1,2,304,209,0.04378,2.58779,CAR,0,59.10526,57.00000,35-64,True,True,1.00000,2.00000,competition,True,False,False,general,2.00000,HBW,10,16.57000,33.37000,33.37000,20.81000,4.14000,2.15000,0.00000,16.57000,33.37000,1,16.80000,16.80000,5.22219,3-6,0.04475,car
3-24000006809-1,24000006809.00000,2,2,104,208,0.04123,2.43691,CAR,0,59.10526,57.00000,35-64,True,True,1.00000,2.00000,competition,True,False,False,general,2.00000,HBW,10,33.01000,37.24000,37.24000,24.96000,4.64000,1.50000,0.00000,33.01000,37.24000,1,4.23000,4.23000,7.22264,6-10,0.04214,car
3-24000006809-1,24000006809.00000,2,2,104,209,0.06411,3.78926,CAR,0,59.10526,57.00000,35-64,True,True,1.00000,2.00000,competition,True,False,False,general,2.00000,HBW,10,17.57000,33.84000,33.84000,20.23000,5.30000,1.50000,0.00000,17.57000,33.84000,1,16.27000,16.27000,6.18558,6-10,0.06552,car
3-24000006809-1,24000006809.00000,2,2,304,208,0.02816,1.66423,CAR,0,59.10526,57.00000,35-64,True,True,1.00000,2.00000,competition,True,False,False,general,2.00000,HBW,10,21.32000,43.61000,,16.67000,3.47000,10.00000,0.00000,21.32000,43.61000,0,22.29000,22.29000,6.07859,6-10,0.02878,car
3-24000006809-1,24000006809.00000,2,2,304,209,0.04378,2.58779,CAR,0,59.10526,57.00000,35-64,True,True,1.00000,2.00000,competition,True,False,False,general,2.00000,HBW,10,16.57000,33.37000,33.37000,20.81000,4.14000,2.15000,0.00000,16.57000,33.37000,1,16.80000,16.80000,5.22219,3-6,0.04475,car
3-24000006829-2,24000006829.00000,1,2,104,212,0.42329,71.48330,CAR,0,168.87645,61.00000,35-64,True,True,3.00000,3.00000,car_available,True,False,False,general,3.00000,HBW,10,6.79000,17.79000,19.00000,5.83000,5.62000,0.36000,0.00000,6.79000,17.79000,1,11.00000,11.00000,1.61683,<3,1.23600,car
3-24000006829-2,24000006829.00000,1,2,304,212,0.28907,48.81786,CAR,0,168.87645,61.00000,35-64,True,True,3.00000,3.00000,car_available,True,False,False,general,3.00000,HBW,10,11.61000,16.14000,18.29000,5.09000,4.45000,1.07000,0.00000,11.61000,16.14000,1,4.53000,4.53000,1.82010,<3,0.84410,car
3-24000006869-2,24000006869.00000,1,2,104,103,0.42329,12.03918,CAR,0,28.44208,46.00000,35-64,False,True,2.00000,2.00000,car_available,True,False,False,general,5.00000,HBW,10,6.92000,15.99000,18.19000,4.07000,5.56000,0.40000,0.00000,6.92000,15.99000,1,9.07000,9.07000,1.66098,<3,0.20817,car
3-24000006869-2,24000006869.00000,1,2,304,103,0.28907,8.22188,CAR,0,28.44208,46.00000,35-64,False,True,2.00000,2.00000,car_available,True,False,False,general,5.00000,HBW,10,10.90000,36.20000,,20.74000,4.39000,3.33000,0.00000,10.90000,36.20000,0,25.30000,25.30000,2.21445,<3,0.14216,car
3-24000006869-2,24000006869.00000,2,2,104,103,0.42329,12.03918,CAR,0,28.44208,46.00000,35-64,False,True,2.00000,2.00000,car_available,True,False,False,general,5.00000,HBO,10,6.92000,15.99000,18.19000,4.07000,5.56000,0.40000,0.00000,6.92000,15.99000,1,9.07000,9.07000,1.66098,<3,0.20817,car
3-24000006869-2,24000006869.00000,2,2,304,103,0.28907,8.22188,CAR,0,28.44208,46.00000,35-64,False,True,2.00000,2.00000,car_available,True,False,False,general,5.00000,HBO,10,10.90000,36.20000,,20.74000,4.39000,3.33000,0.00000,10.90000,36.20000,0,25.30000,25.30000,2.21445,<3,0.14216,car
3-24000006869-5,24000006869.00000,1,2,104,103,0.42329,12.03918,CAR,0,28.44208,11.00000,0-17,False,False,2.00000,2.00000,no_licence,False,False,False,general,5.00000,HBE,11,6.92000,15.99000,18.19000,4.07000,5.56000,0.40000,0.00000,6.92000,15.99000,1,9.07000,9.07000,1.66098,<3,0.20817,car
3-24000006869-5,24000006869.00000,1,2,304,103,0.28907,8.22188,CAR,0,28.44208,11.00000,0-17,False,False,2.00000,2.00000,no_licence,False,False,False,general,5.00000,HBE,11,10.90000,36.20000,,20.74000,4.39000,3.33000,0.00000,10.90000,36.20000,0,25.30000,25.30000,2.21445,<3,0.14216,car
3-24000006869-5,24000006869.00000,2,2,104,103,0.42329,12.03918,CAR,0,28.44208,11.00000,0-17,False,False,2.00000,2.00000,no_licence,False,False,False,general,5.00000,HBE,11,6.92000,15.99000,18.19000,4.07000,5.56000,0.40000,0.00000,6.92000,15.99000,1,9.07000,9.07000,1.66098,<3,0.20817,car
3-24000006869-5,24000006869.00000,2,2,304,103,0.28907,8.22188,CAR,0,28.44208,11.00000,0-17,False,False,2.00000,2.00000,no_licence,False,False,False,general,5.00000,HBE,11,10.90000,36.20000,,20.74000,4.39000,3.33000,0.00000,10.90000,36.20000,0,25.30000,25.30000,2.21445,<3,0.14216,car
3-24000006869-6,24000006869.00000,1,2,104,103,0.42329,12.03918,CAR,0,28.44208,48.00000,35-64,True,True,2.00000,2.00000,car_available,False,False,False,general,5.00000,HBO,10,6.92000,15.99000,18.19000,4.07000,5.56000,0.40000,0.00000,6.92000,15.99000,1,9.07000,9.07000,1.66098,<3,0.20817,car
3-24000006869-6,24000006869.00000,1,2,304,103,0.28907,8.22188,CAR,0,28.44208,48.00000,35-64,True,True,2.00000,2.00000,car_available,False,False,False,general,5.00000,HBO,10,10.90000,36.20000,,20.74000,4.39000,3.33000,0.00000,10.90000,36.20000,0,25.30000,25.30000,2.21445,<3,0.14216,car
3-24000007201-1,24000007201.00000,2,2,104,304,0.13482,21.25008,CAR,0,157.61399,30.00000,25-34,True,True,3.00000,2.00000,car_available,True,False,False,general,4.00000,HBO,10,8.40000,22.05000,,6.52000,5.26000,2.50000,0.00000,8.40000,22.05000,0,13.65000,13.65000,1.24683,<3,0.36743,car
3-24000007201-1,24000007201.00000,2,2,304,104,0.14522,22.88924,CAR,0,157.61399,30.00000,25-34,True,True,3.00000,2.00000,car_available,True,False,False,general,4.00000,HBO,10,6.78000,27.98000,,11.79000,5.09000,3.00000,0.00000,6.78000,27.98000,0,21.20000,21.20000,1.24683,<3,0.39577,car
3-24000007201-1,24000007201.00000,2,3,104,304,0.19467,30.68251,CAR,0,157.61399,30.00000,25-34,True,True,3.00000,2.00000,car_available,True,False,False,general,4.00000,NHB,10,8.40000,22.05000,,6.52000,5.26000,2.50000,0.00000,8.40000,22.05000,0,13.65000,13.65000,1.24683,<3,0.53053,car
3-24000007201-1,24000007201.00000,2,3,304,104,0.15613,24.60827,CAR,0,157.61399,30.00000,25-34,True,True,3.00000,2.00000,car_available,True,False,False,general,4.00000,NHB,10,6.78000,27.98000,,11.79000,5.09000,3.00000,0.00000,6.78000,27.98000,0,21.20000,21.20000,1.24683,<3,0.42550,car
3-24000007201-2,24000007201.00000,1,2,104,304,0.13482,21.25008,CAR,0,157.61399,32.00000,25-34,False,True,3.00000,2.00000,car_available,True,False,False,general,4.00000,HBO,10,8.40000,22.05000,,6.52000,5.26000,2.50000,0.00000,8.40000,22.05000,0,13.65000,13.65000,1.24683,<3,0.36743,car
3-24000007201-2,24000007201.00000,1,2,304,104,0.14522,22.88924,CAR,0,157.61399,32.00000,25-34,False,True,3.00000,2.00000,car_available,True,False,False,general,4.00000,HBO,10,6.78000,27.98000,,11.79000,5.09000,3.00000,0.00000,6.78000,27.98000,0,21.20000,21.20000,1.24683,<3,0.39577,car
3-24000007201-2,24000007201.00000,1,3,104,304,0.15040,23.70540,CAR,0,157.61399,32.00000,25-34,False,True,3.00000,2.00000,car_available,True,False,False,general,4.00000,NHB,10,8.40000,22.05000,,6.52000,5.26000,2.50000,0.00000,8.40000,22.05000,0,13.65000,13.65000,1.24683,<3,0.40989,car
3-24000007201-2,24000007201.00000,2,2,104,304,0.13482,21.25008,CAR,0,157.61399,32.00000,25-34,False,True,3.00000,2.00000,car_available,True,False,False,general,4.00000,HBO,10,8.40000,22.05000,,6.52000,5.26000,2.50000,0.00000,8.40000,22.05000,0,13.65000,13.65000,1.24683,<3,0.36743,car
3-24000007201-2,24000007201.00000,2,2,304,104,0.14522,22.88924,CAR,0,157.61399,32.00000,25-34,False,True,3.00000,2.00000,car_available,True,False,False,general,4.00000,HBO,10,6.78000,27.98000,,11.79000,5.09000,3.00000,0.00000,6.78000,27.98000,0,21.20000,21.20000,1.24683,<3,0.39577,car
3-24000007201-2,24000007201.00000,2,3,104,304,0.15040,23.70540,CAR,0,157.61399,32.00000,25-34,False,True,3.00000,2.00000,car_available,True,False,False,general,4.00000,NHB,10,8.40000,22.05000,,6.52000,5.26000,2.50000,0.00000,8.40000,22.05000,0,13.65000,13.65000,1.24683,<3,0.40989,car
3-24000007201-3,24000007201.00000,1,2,104,304,0.13482,21.25008,CAR,0,157.61399,5.00000,0-17,False,False,3.00000,2.00000,no_licence,False,False,False,general,4.00000,HBE,11,8.40000,22.05000,,6.52000,5.26000,2.50000,0.00000,8.40000,22.05000,0,13.65000,13.65000,1.24683,<3,0.36743,car
3-24000007201-3,24000007201.00000,1,2,304,104,0.14522,22.88924,CAR,0,157.61399,5.00000,0-17,False,False,3.00000,2.00000,no_licence,False,False,False,general,4.00000,HBE,11,6.78000,27.98000,,11.79000,5.09000,3.00000,0.00000,6.78000,27.98000,0,21.20000,21.20000,1.24683,<3,0.39577,car
3-24000007201-3,24000007201.00000,2,2,104,304,0.13482,21.25008,CAR,0,157.61399,5.00000,0-17,False,False,3.00000,2.00000,no_licence,False,False,False,general,4.00000,HBE,11,8.40000,22.05000,,6.52000,5.26000,2.50000,0.00000,8.40000,22.05000,0,13.65000,13.65000,1.24683,<3,0.36743,car
3-24000007201-3,24000007201.00000,2,2,304,104,0.14522,22.88924,CAR,0,157.61399,5.00000,0-17,False,False,3.00000,2.00000,no_licence,False,False,False,general,4.00000,HBE,11,6.78000,27.98000,,11.79000,5.09000,3.00000,0.00000,6.78000,27.98000,0,21.20000,21.20000,1.24683,<3,0.39577,car
3-24000007201-4,24000007201.00000,1,2,104,304,0.13482,21.25008,CAR,0,157.61399,3.00000,0-17,False,False,3.00000,2.00000,no_licence,False,False,False,general,4.00000,HBE,11,8.40000,22.05000,,6.52000,5.26000,2.50000,0.00000,8.40000,22.05000,0,13.65000,13.65000,1.24683,<3,0.36743,car
3-24000007201-4,24000007201.00000,1,2,304,104,0.14522,22.88924,CAR,0,157.61399,3.00000,0-17,False,False,3.00000,2.00000,no_licence,False,False,False,general,4.00000,HBE,11,6.78000,27.98000,,11.79000,5.09000,3.00000,0.00000,6.78000,27.98000,0,21.20000,21.20000,1.24683,<3,0.39577,car
3-24000007201-4,24000007201.00000,2,2,104,304,0.13482,21.25008,CAR,0,157.61399,3.00000,0-17,False,False,3.00000,2.00000,no_licence,False,False,False,general,4.00000,HBE,11,8.40000,22.05000,,6.52000,5.26000,2.50000,0.00000,8.40000,22.05000,0,13.65000,13.65000,1.24683,<3,0.36743,car
3-24000007201-4,24000007201.00000,2,2,304,104,0.14522,22.88924,CAR,0,157.61399,3.00000,0-17,False,False,3.00000,2.00000,no_licence,False,False,False,general,4.00000,HBE,11,6.78000,27.98000,,11.79000,5.09000,3.00000,0.00000,6.78000,27.98000,0,21.20000,21.20000,1.24683,<3,0.39577,car
3-24000007255-1,24000007255.00000,1,2,304,104,0.28907,41.96261,CAR,0,145.16196,40.00000,35-64,True,True,1.00000,1.00000,car_available,True,True,False,general,3.00000,HBO,10,6.78000,27.98000,,11.79000,5.09000,3.00000,0.00000,6.78000,27.98000,0,21.20000,21.20000,1.24683,<3,0.72557,car
3-24000007255-1,24000007255.00000,2,2,304,104,0.28907,41.96261,CAR,0,145.16196,40.00000,35-64,True,True,1.00000,1.00000,car_available,True,True,False,general,3.00000,HBO,10,6.78000,27.98000,,11.79000,5.09000,3.00000,0.00000,6.78000,27.98000,0,21.20000,21.20000,1.24683,<3,0.72557,car
3-24000007255-2,24000007255.00000,1,2,304,104,0.28907,41.96261,CAR,0,145.16196,1.00000,0-17,False,False,1.00000,1.00000,no_licence,False,False,False,general,3.00000,HBE,11,6.78000,27.98000,,11.79000,5.09000,3.00000,0.00000,6.78000,27.98000,0,21.20000,21.20000,1.24683,<3,0.72557,car
3-24000007255-2,24000007255.00000,2,2,304,104,0.28907,41.96261,CAR,0,145.16196,1.00000,0-17,False,False,1.00000,1.00000,no_licence,False,False,False,general,3.00000,HBE,11,6.78000,27.98000,,11.79000,5.09000,3.00000,0.00000,6.78000,27.98000,0,21.20000,21.20000,1.24683,<3,0.72557,car
3-24000007255-3,24000007255.00000,1,2,304,104,0.28907,41.96261,CAR,0,145.16196,1.00000,0-17,False,False,1.00000,1.00000,no_licence,False,False,False,general,3.00000,HBE,11,6.78000,27.98000,,11.79000,5.09000,3.00000,0.00000,6.78000,27.98000,0,21.20000,21.20000,1.24683,<3,0.72557,car
3-24000007255-3,24000007255.00000,2,2,304,104,0.28907,41.96261,CAR,0,145.16196,1.00000,0-17,False,False,1.00000,1.00000,no_licence,False,False,False,general,3.00000,HBE,11,6.78000,27.98000,,11.79000,5.09000,3.00000,0.00000,6.78000,27.98000,0,21.20000,21.20000,1.24683,<3,0.72557,car
3-24000007294-2,24000007294.00000,1,3,208,212,1.00000,279.99870,CAR,0,279.99870,49.00000,35-64,True,True,2.00000,3.00000,competition,True,False,False,general,4.00000,NHB,10,18.57000,33.59000,33.59000,22.00000,4.29000,1.50000,0.00000,18.57000,33.59000,1,15.02000,15.02000,6.46877,6-10,4.84141,car
3-24000007441-2,24000007441.00000,1,2,104,103,0.15329,20.78606,CAR,0,135.60390,49.00000,35-64,False,True,0.00000,1.00000,no_car_hh,True,False,False,general,2.00000,HBW,11,6.92000,15.99000,18.19000,4.07000,5.56000,0.40000,0.00000,6.92000,15.99000,1,9.07000,9.07000,1.66098,<3,0.35941,car
3-24000007441-2,24000007441.00000,1,2,304,103,0.10468,14.19536,CAR,0,135.60390,49.00000,35-64,False,True,0.00000,1.00000,no_car_hh,True,False,False,general,2.00000,HBW,11,10.90000,36.20000,,20.74000,4.39000,3.33000,0.00000,10.90000,36.20000,0,25.30000,25.30000,2.21445,<3,0.24545,car
3-24000007441-2,24000007441.00000,1,2,304,104,0.15393,20.87338,CAR,0,135.60390,49.00000,35-64,False,True,0.00000,1.00000,no_car_hh,True,False,False,general,2.00000,HBW,11,6.78000,27.98000,,11.79000,5.09000,3.00000,0.00000,6.78000,27.98000,0,21.20000,21.20000,1.24683,<3,0.36092,car
3-24000007441-2,24000007441.00000,2,2,104,103,0.15329,20.78606,BUS,1,135.60390,49.00000,35-64,False,True,0.00000,1.00000,no_car_hh,True,False,False,general,2.00000,HBW,3,6.92000,15.99000,18.19000,4.07000,5.56000,0.40000,0.00000,6.92000,15.99000,1,9.07000,9.07000,1.66098,<3,0.35941,transit
3-24000007441-2,24000007441.00000,2,2,304,103,0.10468,14.19536,BUS,1,135.60390,49.00000,35-64,False,True,0.00000,1.00000,no_car_hh,True,False,False,general,2.00000,HBW,3,10.90000,36.20000,,20.74000,4.39000,3.33000,0.00000,10.90000,36.20000,0,25.30000,25.30000,2.21445,<3,0.24545,transit
3-24000007441-2,24000007441.00000,2,2,304,104,0.15393,20.87338,BUS,1,135.60390,49.00000,35-64,False,True,0.00000,1.00000,no_car_hh,True,False,False,general,2.00000,HBW,3,6.78000,27.98000,,11.79000,5.09000,3.00000,0.00000,6.78000,27.98000,0,21.20000,21.20000,1.24683,<3,0.36092,transit
3-24000007779-1,24000007779.00000,1,2,104,304,0.19029,23.54232,CAR,0,123.71531,76.00000,65+,False,True,1.00000,2.00000,competition,False,False,False,general,2.00000,HBO,10,8.40000,22.05000,,6.52000,5.26000,2.50000,0.00000,8.40000,22.05000,0,13.65000,13.65000,1.24683,<3,0.40707,car
3-24000007779-1,24000007779.00000,1,2,304,104,0.20223,25.01953,CAR,0,123.71531,76.00000,65+,False,True,1.00000,2.00000,competition,False,False,False,general,2.00000,HBO,10,6.78000,27.98000,,11.79000,5.09000,3.00000,0.00000,6.78000,27.98000,0,21.20000,21.20000,1.24683,<3,0.43261,car
3-24000007779-2,24000007779.00000,2,2,216,104,0.54010,66.81901,CAR,0,123.71531,76.00000,65+,True,True,1.00000,2.00000,competition,False,False,False,general,2.00000,HBO,10,39.72000,76.04000,,33.29000,13.87000,7.50000,0.00000,39.72000,76.04000,0,36.32000,36.32000,16.26477,10-20,1.15536,car
3-24000007779-2,24000007779.00000,2,2,216,304,0.45990,56.89630,CAR,0,123.71531,76.00000,65+,True,True,1.00000,2.00000,competition,False,False,False,general,2.00000,HBO,10,41.36000,82.02000,,38.27000,12.87000,5.00000,1.00000,41.36000,82.02000,0,40.66000,40.66000,17.51126,10-20,0.98378,car
3-24000008576-1,24000008576.00000,2,2,104,304,0.19467,31.77037,CAR,0,163.20229,42.00000,35-64,False,True,1.00000,1.00000,car_available,True,False,False,general,2.00000,HBW,10,8.40000,22.05000,,6.52000,5.26000,2.50000,0.00000,8.40000,22.05000,0,13.65000,13.65000,1.24683,<3,0.54934,car
3-24000008576-1,24000008576.00000,2,2,304,104,0.15613,25.48077,CAR,0,163.20229,42.00000,35-64,False,True,1.00000,1.00000,car_available,True,False,False,general,2.00000,HBW,10,6.78000,27.98000,,11.79000,5.09000,3.00000,0.00000,6.78000,27.98000,0,21.20000,21.20000,1.24683,<3,0.44058,car
3-24000008576-2,24000008576.00000,1,2,104,304,0.28429,46.39618,CAR,0,163.20229,6.00000,0-17,False,False,1.00000,1.00000,no_licence,False,False,False,general,2.00000,HBE,11,8.40000,22.05000,,6.52000,5.26000,2.50000,0.00000,8.40000,22.05000,0,13.65000,13.65000,1.24683,<3,0.80223,car
3-24000008576-2,24000008576.00000,2,2,104,304,0.28429,46.39618,CAR,0,163.20229,6.00000,0-17,False,False,1.00000,1.00000,no_licence,False,False,False,general,2.00000,HBE,11,8.40000,22.05000,,6.52000,5.26000,2.50000,0.00000,8.40000,22.05000,0,13.65000,13.65000,1.24683,<3,0.80223,car
3-24000008650-1,24000008650.00000,2,2,104,304,0.40125,38.41811,CAR,0,95.74585,48.00000,35-64,True,True,2.00000,2.00000,car_available,True,True,False,general,3.00000,HBW,10,8.40000,22.05000,,6.52000,5.26000,2.50000,0.00000,8.40000,22.05000,0,13.65000,13.65000,1.24683,<3,0.66428,car
3-24000008650-2,24000008650.00000,1,2,104,304,0.40125,38.41811,CAR,0,95.74585,51.00000,35-64,False,True,2.00000,2.00000,car_available,True,False,False,general,3.00000,HBO,10,8.40000,22.05000,,6.52000,5.26000,2.50000,0.00000,8.40000,22.05000,0,13.65000,13.65000,1.24683,<3,0.66428,car
3-24000008650-2,24000008650.00000,1,3,304,104,0.27519,26.34855,CAR,0,95.74585,51.00000,35-64,False,True,2.00000,2.00000,car_available,True,False,False,general,3.00000,HBO,10,6.78000,27.98000,,11.79000,5.09000,3.00000,0.00000,6.78000,27.98000,0,21.20000,21.20000,1.24683,<3,0.45559,car
3-24000008650-2,24000008650.00000,2,2,104,304,0.40125,38.41811,CAR,0,95.74585,51.00000,35-64,False,True,2.00000,2.00000,car_available,True,False,False,general,3.00000,HBW,10,8.40000,22.05000,,6.52000,5.26000,2.50000,0.00000,8.40000,22.05000,0,13.65000,13.65000,1.24683,<3,0.66428,car
3-24000008650-2,24000008650.00000,2,3,304,303,0.50952,48.78431,CAR,0,95.74585,51.00000,35-64,False,True,2.00000,2.00000,car_available,True,False,False,general,3.00000,NHB,10,8.08000,15.20000,70.31000,6.28000,3.39000,1.07000,0.00000,8.08000,15.20000,1,7.12000,7.12000,1.61472,<3,0.84352,car
3-24000008650-3,24000008650.00000,1,2,104,304,0.40125,38.41811,CAR,0,95.74585,10.00000,0-17,False,False,2.00000,2.00000,no_licence,False,False,False,general,3.00000,HBE,11,8.40000,22.05000,,6.52000,5.26000,2.50000,0.00000,8.40000,22.05000,0,13.65000,13.65000,1.24683,<3,0.66428,car
3-24000008650-3,24000008650.00000,2,2,104,304,0.40125,38.41811,CAR,0,95.74585,10.00000,0-17,False,False,2.00000,2.00000,no_licence,False,False,False,general,3.00000,HBE,11,8.40000,22.05000,,6.52000,5.26000,2.50000,0.00000,8.40000,22.05000,0,13.65000,13.65000,1.24683,<3,0.66428,car
3-24000008836-1,24000008836.00000,1,2,104,304,0.40125,53.36413,CAR,0,132.99442,62.00000,35-64,False,True,1.00000,2.00000,competition,False,False,False,general,2.00000,HBO,10,8.40000,22.05000,,6.52000,5.26000,2.50000,0.00000,8.40000,22.05000,0,13.65000,13.65000,1.24683,<3,0.92271,car
3-24000008836-1,24000008836.00000,1,3,304,104,0.27519,36.59909,CAR,0,132.99442,62.00000,35-64,False,True,1.00000,2.00000,competition,False,False,False,general,2.00000,HBO,10,6.78000,27.98000,,11.79000,5.09000,3.00000,0.00000,6.78000,27.98000,0,21.20000,21.20000,1.24683,<3,0.63283,car
3-24000008836-1,24000008836.00000,2,2,104,304,0.40125,53.36413,CAR,0,132.99442,62.00000,35-64,False,True,1.00000,2.00000,competition,False,False,False,general,2.00000,HBO,10,8.40000,22.05000,,6.52000,5.26000,2.50000,0.00000,8.40000,22.05000,0,13.65000,13.65000,1.24683,<3,0.92271,car
3-24000008836-1,24000008836.00000,2,3,304,104,0.27519,36.59909,CAR,0,132.99442,62.00000,35-64,False,True,1.00000,2.00000,competition,False,False,False,general,2.00000,HBO,10,6.78000,27.98000,,11.79000,5.09000,3.00000,0.00000,6.78000,27.98000,0,21.20000,21.20000,1.24683,<3,0.63283,car
3-24000008855-1,24000008855.00000,1,2,104,102,0.07320,9.05553,CAR,0,123.71531,73.00000,65+,True,True,1.00000,2.00000,competition,False,False,False,general,2.00000,HBO,10,13.37000,17.52000,19.21000,6.01000,5.30000,0.46000,0.00000,13.37000,17.52000,1,4.15000,4.15000,3.18021,3-6,0.15658,car
3-24000008855-1,24000008855.00000,1,2,304,102,0.04932,6.10165,CAR,0,123.71531,73.00000,65+,True,True,1.00000,2.00000,competition,False,False,False,general,2.00000,HBO,10,15.21000,42.79000,,27.85000,4.13000,3.33000,0.00000,15.21000,42.79000,0,27.58000,27.58000,3.64818,3-6,0.10550,car
3-24000008855-1,24000008855.00000,2,2,104,102,0.07320,9.05553,CAR,0,123.71531,73.00000,65+,True,True,1.00000,2.00000,competition,False,False,False,general,2.00000,HBO,10,13.37000,17.52000,19.21000,6.01000,5.30000,0.46000,0.00000,13.37000,17.52000,1,4.15000,4.15000,3.18021,3-6,0.15658,car
3-24000008855-1,24000008855.00000,2,2,304,102,0.04932,6.10165,CAR,0,123.71531,73.00000,65+,True,True,1.00000,2.00000,competition,False,False,False,general,2.00000,HBO,10,15.21000,42.79000,,27.85000,4.13000,3.33000,0.00000,15.21000,42.79000,0,27.58000,27.58000,3.64818,3-6,0.10550,car
3-24000009061-1,24000009061.00000,1,2,104,304,0.27476,17.38614,CAR,0,63.27718,60.00000,35-64,True,True,2.00000,2.00000,car_available,False,False,False,general,2.00000,HBO,10,8.40000,22.05000,,6.52000,5.26000,2.50000,0.00000,8.40000,22.05000,0,13.65000,13.65000,1.24683,<3,0.30062,car
3-24000009061-1,24000009061.00000,1,2,304,104,0.21742,13.75791,CAR,0,63.27718,60.00000,35-64,True,True,2.00000,2.00000,car_available,False,False,False,general,2.00000,HBO,10,6.78000,27.98000,,11.79000,5.09000,3.00000,0.00000,6.78000,27.98000,0,21.20000,21.20000,1.24683,<3,0.23789,car
3-24000009061-1,24000009061.00000,1,3,104,304,0.27476,17.38614,CAR,0,63.27718,60.00000,35-64,True,True,2.00000,2.00000,car_available,False,False,False,general,2.00000,HBO,10,8.40000,22.05000,,6.52000,5.26000,2.50000,0.00000,8.40000,22.05000,0,13.65000,13.65000,1.24683,<3,0.30062,car
3-24000009061-1,24000009061.00000,1,3,304,104,0.21742,13.75791,CAR,0,63.27718,60.00000,35-64,True,True,2.00000,2.00000,car_available,False,False,False,general,2.00000,HBO,10,6.78000,27.98000,,11.79000,5.09000,3.00000,0.00000,6.78000,27.98000,0,21.20000,21.20000,1.24683,<3,0.23789,car
3-24000009061-1,24000009061.00000,1,4,104,304,0.19029,12.04129,CAR,0,63.27718,60.00000,35-64,True,True,2.00000,2.00000,car_available,False,False,False,general,2.00000,HBO,10,8.40000,22.05000,,6.52000,5.26000,2.50000,0.00000,8.40000,22.05000,0,13.65000,13.65000,1.24683,<3,0.20820,car
3-24000009061-1,24000009061.00000,1,4,304,104,0.20223,12.79684,CAR,0,63.27718,60.00000,35-64,True,True,2.00000,2.00000,car_available,False,False,False,general,2.00000,HBO,10,6.78000,27.98000,,11.79000,5.09000,3.00000,0.00000,6.78000,27.98000,0,21.20000,21.20000,1.24683,<3,0.22127,car
3-24000009061-1,24000009061.00000,1,5,104,304,0.19467,12.31808,CAR,0,63.27718,60.00000,35-64,True,True,2.00000,2.00000,car_available,False,False,False,general,2.00000,HBO,10,8.40000,22.05000,,6.52000,5.26000,2.50000,0.00000,8.40000,22.05000,0,13.65000,13.65000,1.24683,<3,0.21299,car
3-24000009061-1,24000009061.00000,1,5,304,104,0.15613,9.87946,CAR,0,63.27718,60.00000,35-64,True,True,2.00000,2.00000,car_available,False,False,False,general,2.00000,HBO,10,6.78000,27.98000,,11.79000,5.09000,3.00000,0.00000,6.78000,27.98000,0,21.20000,21.20000,1.24683,<3,0.17082,car
3-24000009061-1,24000009061.00000,2,2,104,304,0.27476,17.38614,CAR,0,63.27718,60.00000,35-64,True,True,2.00000,2.00000,car_available,False,False,False,general,2.00000,HBO,10,8.40000,22.05000,,6.52000,5.26000,2.50000,0.00000,8.40000,22.05000,0,13.65000,13.65000,1.24683,<3,0.30062,car
3-24000009061-1,24000009061.00000,2,2,304,104,0.21742,13.75791,CAR,0,63.27718,60.00000,35-64,True,True,2.00000,2.00000,car_available,False,False,False,general,2.00000,HBO,10,6.78000,27.98000,,11.79000,5.09000,3.00000,0.00000,6.78000,27.98000,0,21.20000,21.20000,1.24683,<3,0.23789,car
3-24000009061-1,24000009061.00000,2,3,104,304,0.19029,12.04129,CAR,0,63.27718,60.00000,35-64,True,True,2.00000,2.00000,car_available,False,False,False,general,2.00000,NHB,10,8.40000,22.05000,,6.52000,5.26000,2.50000,0.00000,8.40000,22.05000,0,13.65000,13.65000,1.24683,<3,0.20820,car
3-24000009061-1,24000009061.00000,2,3,304,104,0.20223,12.79684,CAR,0,63.27718,60.00000,35-64,True,True,2.00000,2.00000,car_available,False,False,False,general,2.00000,NHB,10,6.78000,27.98000,,11.79000,5.09000,3.00000,0.00000,6.78000,27.98000,0,21.20000,21.20000,1.24683,<3,0.22127,car
3-24000009061-1,24000009061.00000,2,4,104,304,0.19467,12.31808,CAR,0,63.27718,60.00000,35-64,True,True,2.00000,2.00000,car_available,False,False,False,general,2.00000,HBO,10,8.40000,22.05000,,6.52000,5.26000,2.50000,0.00000,8.40000,22.05000,0,13.65000,13.65000,1.24683,<3,0.21299,car
3-24000009061-1,24000009061.00000,2,4,304,104,0.15613,9.87946,CAR,0,63.27718,60.00000,35-64,True,True,2.00000,2.00000,car_available,False,False,False,general,2.00000,HBO,10,6.78000,27.98000,,11.79000,5.09000,3.00000,0.00000,6.78000,27.98000,0,21.20000,21.20000,1.24683,<3,0.17082,car
3-24000009487-1,24000009487.00000,1,2,104,211,0.51441,82.38142,CAR,0,160.14660,19.00000,18-24,False,True,1.00000,1.00000,car_available,True,True,False,general,4.00000,HBE,10,12.76000,28.91000,29.96000,7.03000,10.50000,0.44000,0.00000,12.76000,28.91000,1,16.15000,16.15000,2.71063,<3,1.42444,car
3-24000009487-1,24000009487.00000,1,2,304,211,0.34661,55.50889,CAR,0,160.14660,19.00000,18-24,False,True,1.00000,1.00000,car_available,True,True,False,general,4.00000,HBE,10,12.71000,26.50000,28.79000,5.84000,9.33000,1.00000,0.00000,12.71000,26.50000,1,13.79000,13.79000,2.45015,<3,0.95979,car
3-24000009487-1,24000009487.00000,2,2,104,211,0.51441,82.38142,CAR,0,160.14660,19.00000,18-24,False,True,1.00000,1.00000,car_available,True,True,False,general,4.00000,HBE,10,12.76000,28.91000,29.96000,7.03000,10.50000,0.44000,0.00000,12.76000,28.91000,1,16.15000,16.15000,2.71063,<3,1.42444,car
3-24000009487-1,24000009487.00000,2,2,304,211,0.34661,55.50889,CAR,0,160.14660,19.00000,18-24,False,True,1.00000,1.00000,car_available,True,True,False,general,4.00000,HBE,10,12.71000,26.50000,28.79000,5.84000,9.33000,1.00000,0.00000,12.71000,26.50000,1,13.79000,13.79000,2.45015,<3,0.95979,car
3-24000009487-2,24000009487.00000,2,2,104,304,0.19029,30.47499,BUS,1,160.14660,37.00000,35-64,True,False,1.00000,1.00000,no_licence,True,False,False,general,4.00000,HBW,3,8.40000,22.05000,,6.52000,5.26000,2.50000,0.00000,8.40000,22.05000,0,13.65000,13.65000,1.24683,<3,0.52694,transit
3-24000009487-2,24000009487.00000,2,2,304,104,0.20223,32.38720,BUS,1,160.14660,37.00000,35-64,True,False,1.00000,1.00000,no_licence,True,False,False,general,4.00000,HBW,3,6.78000,27.98000,,11.79000,5.09000,3.00000,0.00000,6.78000,27.98000,0,21.20000,21.20000,1.24683,<3,0.56000,transit
3-24000009487-3,24000009487.00000,1,2,104,211,0.51441,82.38142,CAR,0,160.14660,15.00000,0-17,True,False,1.00000,1.00000,no_licence,False,False,False,general,4.00000,HBE,11,12.76000,28.91000,29.96000,7.03000,10.50000,0.44000,0.00000,12.76000,28.91000,1,16.15000,16.15000,2.71063,<3,1.42444,car
3-24000009487-3,24000009487.00000,1,2,304,211,0.34661,55.50889,CAR,0,160.14660,15.00000,0-17,True,False,1.00000,1.00000,no_licence,False,False,False,general,4.00000,HBE,11,12.71000,26.50000,28.79000,5.84000,9.33000,1.00000,0.00000,12.71000,26.50000,1,13.79000,13.79000,2.45015,<3,0.95979,car
3-24000009487-3,24000009487.00000,2,2,104,211,0.51441,82.38142,CAR,0,160.14660,15.00000,0-17,True,False,1.00000,1.00000,no_licence,False,False,False,general,4.00000,HBE,11,12.76000,28.91000,29.96000,7.03000,10.50000,0.44000,0.00000,12.76000,28.91000,1,16.15000,16.15000,2.71063,<3,1.42444,car
3-24000009487-3,24000009487.00000,2,2,304,211,0.34661,55.50889,CAR,0,160.14660,15.00000,0-17,True,False,1.00000,1.00000,no_licence,False,False,False,general,4.00000,HBE,11,12.71000,26.50000,28.79000,5.84000,9.33000,1.00000,0.00000,12.71000,26.50000,1,13.79000,13.79000,2.45015,<3,0.95979,car
3-24000009580-2,24000009580.00000,1,2,104,209,0.39760,38.06860,BUS,1,95.74585,63.00000,35-64,False,False,0.00000,0.00000,no_car_hh,False,False,False,general,3.00000,HBO,5,17.57000,33.84000,33.84000,20.23000,5.30000,1.50000,0.00000,17.57000,33.84000,1,16.27000,16.27000,6.18558,6-10,0.65824,transit
3-24000009580-2,24000009580.00000,1,2,304,209,0.26790,25.65076,BUS,1,95.74585,63.00000,35-64,False,False,0.00000,0.00000,no_car_hh,False,False,False,general,3.00000,HBO,5,16.57000,33.37000,33.37000,20.81000,4.14000,2.15000,0.00000,16.57000,33.37000,1,16.80000,16.80000,5.22219,3-6,0.44352,transit
3-24000009580-2,24000009580.00000,1,3,209,104,0.35944,34.41502,BUS,1,95.74585,63.00000,35-64,False,False,0.00000,0.00000,no_car_hh,False,False,False,general,3.00000,HBO,5,18.39000,28.80000,28.80000,16.97000,4.41000,1.50000,0.00000,18.39000,28.80000,1,10.41000,10.41000,6.18558,6-10,0.59506,transit
3-24000009580-2,24000009580.00000,1,3,209,304,0.30606,29.30434,BUS,1,95.74585,63.00000,35-64,False,False,0.00000,0.00000,no_car_hh,False,False,False,general,3.00000,HBO,5,16.54000,45.71000,45.71000,33.89000,3.41000,2.50000,0.00000,16.54000,45.71000,1,29.17000,29.17000,5.22219,3-6,0.50670,transit
3-24000009659-1,24000009659.00000,1,2,104,102,0.59744,82.20380,BUS,1,137.59301,18.00000,18-24,True,False,0.00000,0.00000,no_car_hh,True,False,False,general,5.00000,NHB,5,13.37000,17.52000,19.21000,6.01000,5.30000,0.46000,0.00000,13.37000,17.52000,1,4.15000,4.15000,3.18021,3-6,1.42137,transit
3-24000009659-1,24000009659.00000,1,2,304,102,0.40256,55.38921,BUS,1,137.59301,18.00000,18-24,True,False,0.00000,0.00000,no_car_hh,True,False,False,general,5.00000,NHB,5,15.21000,42.79000,,27.85000,4.13000,3.33000,0.00000,15.21000,42.79000,0,27.58000,27.58000,3.64818,3-6,0.95772,transit
3-24000009659-1,24000009659.00000,1,3,102,304,0.67162,92.40956,BUS,1,137.59301,18.00000,18-24,True,False,0.00000,0.00000,no_car_hh,True,False,False,general,5.00000,NHB,3,13.91000,34.88000,,21.82000,3.80000,2.73000,0.00000,13.91000,34.88000,0,20.97000,20.97000,3.64818,3-6,1.59784,transit
3-24000009659-1,24000009659.00000,2,2,104,304,0.40125,55.20932,BUS,1,137.59301,18.00000,18-24,True,False,0.00000,0.00000,no_car_hh,True,False,False,general,5.00000,HBW,3,8.40000,22.05000,,6.52000,5.26000,2.50000,0.00000,8.40000,22.05000,0,13.65000,13.65000,1.24683,<3,0.95461,transit
3-24000009659-3,24000009659.00000,1,3,104,209,0.59744,82.20380,BUS,1,137.59301,42.00000,35-64,True,False,0.00000,0.00000,no_car_hh,True,False,False,general,5.00000,NHB,5,17.57000,33.84000,33.84000,20.23000,5.30000,1.50000,0.00000,17.57000,33.84000,1,16.27000,16.27000,6.18558,6-10,1.42137,transit
3-24000009659-3,24000009659.00000,1,3,304,209,0.40256,55.38921,BUS,1,137.59301,42.00000,35-64,True,False,0.00000,0.00000,no_car_hh,True,False,False,general,5.00000,NHB,5,16.57000,33.37000,33.37000,20.81000,4.14000,2.15000,0.00000,16.57000,33.37000,1,16.80000,16.80000,5.22219,3-6,0.95772,transit
3-24000009659-3,24000009659.00000,2,3,104,209,0.59744,82.20380,BUS,1,137.59301,42.00000,35-64,True,False,0.00000,0.00000,no_car_hh,True,False,False,general,5.00000,NHB,5,17.57000,33.84000,33.84000,20.23000,5.30000,1.50000,0.00000,17.57000,33.84000,1,16.27000,16.27000,6.18558,6-10,1.42137,transit
3-24000009659-3,24000009659.00000,2,3,304,209,0.40256,55.38921,BUS,1,137.59301,42.00000,35-64,True,False,0.00000,0.00000,no_car_hh,True,False,False,general,5.00000,NHB,5,16.57000,33.37000,33.37000,20.81000,4.14000,2.15000,0.00000,16.57000,33.37000,1,16.80000,16.80000,5.22219,3-6,0.95772,transit
3-24000009659-4,24000009659.00000,1,2,104,211,0.59744,82.20380,BUS,1,137.59301,23.00000,18-24,True,False,0.00000,0.00000,no_car_hh,False,False,False,general,5.00000,HBO,5,12.76000,28.91000,29.96000,7.03000,10.50000,0.44000,0.00000,12.76000,28.91000,1,16.15000,16.15000,2.71063,<3,1.42137,transit
3-24000009659-4,24000009659.00000,1,2,304,211,0.40256,55.38921,BUS,1,137.59301,23.00000,18-24,True,False,0.00000,0.00000,no_car_hh,False,False,False,general,5.00000,HBO,5,12.71000,26.50000,28.79000,5.84000,9.33000,1.00000,0.00000,12.71000,26.50000,1,13.79000,13.79000,2.45015,<3,0.95772,transit
3-24000009659-5,24000009659.00000,1,2,104,303,0.59744,82.20380,BUS,1,137.59301,11.00000,0-17,True,False,0.00000,0.00000,no_car_hh,False,False,False,general,5.00000,HBE,3,8.36000,32.24000,,14.56000,4.56000,4.29000,0.00000,8.36000,32.24000,0,23.88000,23.88000,2.24488,<3,1.42137,transit
3-24000009659-5,24000009659.00000,1,2,304,303,0.40256,55.38921,BUS,1,137.59301,11.00000,0-17,True,False,0.00000,0.00000,no_car_hh,False,False,False,general,5.00000,HBE,3,8.08000,15.20000,70.31000,6.28000,3.39000,1.07000,0.00000,8.08000,15.20000,1,7.12000,7.12000,1.61472,<3,0.95772,transit
3-24000009659-5,24000009659.00000,2,2,104,303,0.59744,82.20380,BUS,1,137.59301,11.00000,0-17,True,False,0.00000,0.00000,no_car_hh,False,False,False,general,5.00000,HBE,3,8.36000,32.24000,,14.56000,4.56000,4.29000,0.00000,8.36000,32.24000,0,23.88000,23.88000,2.24488,<3,1.42137,transit
3-24000009659-5,24000009659.00000,2,2,304,303,0.40256,55.38921,BUS,1,137.59301,11.00000,0-17,True,False,0.00000,0.00000,no_car_hh,False,False,False,general,5.00000,HBE,3,8.08000,15.20000,70.31000,6.28000,3.39000,1.07000,0.00000,8.08000,15.20000,1,7.12000,7.12000,1.61472,<3,0.95772,transit
3-24000009766-1,24000009766.00000,1,2,104,304,0.19029,23.54232,CAR,0,123.71531,72.00000,65+,True,True,1.00000,2.00000,competition,False,False,False,general,2.00000,HBO,10,8.40000,22.05000,,6.52000,5.26000,2.50000,0.00000,8.40000,22.05000,0,13.65000,13.65000,1.24683,<3,0.40707,car
3-24000009766-1,24000009766.00000,1,2,304,104,0.20223,25.01953,CAR,0,123.71531,72.00000,65+,True,True,1.00000,2.00000,competition,False,False,False,general,2.00000,HBO,10,6.78000,27.98000,,11.79000,5.09000,3.00000,0.00000,6.78000,27.98000,0,21.20000,21.20000,1.24683,<3,0.43261,car
3-24000009766-2,24000009766.00000,1,2,104,304,0.19029,23.54232,CAR,0,123.71531,81.00000,65+,False,True,1.00000,2.00000,competition,False,False,False,general,2.00000,HBO,11,8.40000,22.05000,,6.52000,5.26000,2.50000,0.00000,8.40000,22.05000,0,13.65000,13.65000,1.24683,<3,0.40707,car
3-24000009766-2,24000009766.00000,1,2,304,104,0.20223,25.01953,CAR,0,123.71531,81.00000,65+,False,True,1.00000,2.00000,competition,False,False,False,general,2.00000,HBO,11,6.78000,27.98000,,11.79000,5.09000,3.00000,0.00000,6.78000,27.98000,0,21.20000,21.20000,1.24683,<3,0.43261,car
3-24000009825-1,24000009825.00000,1,2,206,104,0.54010,56.57170,CAR,0,104.74243,36.00000,35-64,True,True,1.00000,1.00000,car_available,True,False,False,general,1.00000,HBW,10,23.25000,44.76000,44.76000,32.05000,4.93000,1.43000,0.00000,23.25000,44.76000,1,21.51000,21.51000,8.93118,6-10,0.97817,car
3-24000009825-1,24000009825.00000,1,2,206,304,0.45990,48.17073,CAR,0,104.74243,36.00000,35-64,True,True,1.00000,1.00000,car_available,True,False,False,general,1.00000,HBW,10,21.40000,48.50000,,20.65000,3.93000,10.00000,0.00000,21.40000,48.50000,0,27.10000,27.10000,7.71921,6-10,0.83291,car
3-24000009825-1,24000009825.00000,2,2,206,104,0.54010,56.57170,CAR,0,104.74243,36.00000,35-64,True,True,1.00000,1.00000,car_available,True,False,False,general,1.00000,HBW,10,23.25000,44.76000,44.76000,32.05000,4.93000,1.43000,0.00000,23.25000,44.76000,1,21.51000,21.51000,8.93118,6-10,0.97817,car
3-24000009825-1,24000009825.00000,2,2,206,304,0.45990,48.17073,CAR,0,104.74243,36.00000,35-64,True,True,1.00000,1.00000,car_available,True,False,False,general,1.00000,HBW,10,21.40000,48.50000,,20.65000,3.93000,10.00000,0.00000,21.40000,48.50000,0,27.10000,27.10000,7.71921,6-10,0.83291,car
3-24000009825-1,24000009825.00000,2,3,104,211,0.51441,53.88082,CAR,0,104.74243,36.00000,35-64,True,True,1.00000,1.00000,car_available,True,False,False,general,1.00000,HBO,10,12.76000,28.91000,29.96000,7.03000,10.50000,0.44000,0.00000,12.76000,28.91000,1,16.15000,16.15000,2.71063,<3,0.93164,car
3-24000009825-1,24000009825.00000,2,3,304,211,0.34661,36.30509,CAR,0,104.74243,36.00000,35-64,True,True,1.00000,1.00000,car_available,True,False,False,general,1.00000,HBO,10,12.71000,26.50000,28.79000,5.84000,9.33000,1.00000,0.00000,12.71000,26.50000,1,13.79000,13.79000,2.45015,<3,0.62774,car
3-24000010104-1,24000010104.00000,2,2,104,304,0.19467,68.13403,CAR,0,350.00000,29.00000,25-34,True,True,1.00000,2.00000,competition,True,False,False,general,3.00000,HBO,11,8.40000,22.05000,,6.52000,5.26000,2.50000,0.00000,8.40000,22.05000,0,13.65000,13.65000,1.24683,<3,1.17809,car
3-24000010104-1,24000010104.00000,2,2,304,104,0.15613,54.64549,CAR,0,350.00000,29.00000,25-34,True,True,1.00000,2.00000,competition,True,False,False,general,3.00000,HBO,11,6.78000,27.98000,,11.79000,5.09000,3.00000,0.00000,6.78000,27.98000,0,21.20000,21.20000,1.24683,<3,0.94487,car
3-24000010104-1,24000010104.00000,2,3,104,206,0.59744,209.10459,CAR,0,350.00000,29.00000,25-34,True,True,1.00000,2.00000,competition,True,False,False,general,3.00000,NHB,11,32.40000,46.39000,46.39000,32.56000,5.42000,1.50000,0.00000,32.40000,46.39000,1,13.99000,13.99000,8.93118,6-10,3.61559,car
3-24000010104-1,24000010104.00000,2,3,304,206,0.40256,140.89541,CAR,0,350.00000,29.00000,25-34,True,True,1.00000,2.00000,competition,True,False,False,general,3.00000,NHB,11,28.08000,50.16000,,21.67000,4.25000,10.00000,0.00000,28.08000,50.16000,0,22.08000,22.08000,7.71921,6-10,2.43620,car
3-24000010104-3,24000010104.00000,2,2,104,304,0.27476,96.16657,CAR,0,350.00000,53.00000,35-64,True,True,1.00000,2.00000,competition,True,False,False,general,3.00000,HBO,10,8.40000,22.05000,,6.52000,5.26000,2.50000,0.00000,8.40000,22.05000,0,13.65000,13.65000,1.24683,<3,1.66280,car
3-24000010104-3,24000010104.00000,2,2,304,104,0.21742,76.09804,CAR,0,350.00000,53.00000,35-64,True,True,1.00000,2.00000,competition,True,False,False,general,3.00000,HBO,10,6.78000,27.98000,,11.79000,5.09000,3.00000,0.00000,6.78000,27.98000,0,21.20000,21.20000,1.24683,<3,1.31580,car
3-24000010104-3,24000010104.00000,2,3,104,206,0.59744,209.10459,CAR,0,350.00000,53.00000,35-64,True,True,1.00000,2.00000,competition,True,False,False,general,3.00000,NHB,10,32.40000,46.39000,46.39000,32.56000,5.42000,1.50000,0.00000,32.40000,46.39000,1,13.99000,13.99000,8.93118,6-10,3.61559,car
3-24000010104-3,24000010104.00000,2,3,304,206,0.40256,140.89541,CAR,0,350.00000,53.00000,35-64,True,True,1.00000,2.00000,competition,True,False,False,general,3.00000,NHB,10,28.08000,50.16000,,21.67000,4.25000,10.00000,0.00000,28.08000,50.16000,0,22.08000,22.08000,7.71921,6-10,2.43620,car
3-24000010124-2,24000010124.00000,1,2,104,303,0.59744,112.56849,CAR,0,188.41753,30.00000,25-34,False,True,1.00000,1.00000,car_available,True,True,False,general,4.00000,HBO,10,8.36000,32.24000,,14.56000,4.56000,4.29000,0.00000,8.36000,32.24000,0,23.88000,23.88000,2.24488,<3,1.94640,car
3-24000010124-2,24000010124.00000,1,2,304,303,0.40256,75.84904,CAR,0,188.41753,30.00000,25-34,False,True,1.00000,1.00000,car_available,True,True,False,general,4.00000,HBO,10,8.08000,15.20000,70.31000,6.28000,3.39000,1.07000,0.00000,8.08000,15.20000,1,7.12000,7.12000,1.61472,<3,1.31149,car
3-24000010124-2,24000010124.00000,2,2,104,303,0.59744,112.56849,CAR,0,188.41753,30.00000,25-34,False,True,1.00000,1.00000,car_available,True,True,False,general,4.00000,HBO,10,8.36000,32.24000,,14.56000,4.56000,4.29000,0.00000,8.36000,32.24000,0,23.88000,23.88000,2.24488,<3,1.94640,car
3-24000010124-2,24000010124.00000,2,2,304,303,0.40256,75.84904,CAR,0,188.41753,30.00000,25-34,False,True,1.00000,1.00000,car_available,True,True,False,general,4.00000,HBO,10,8.08000,15.20000,70.31000,6.28000,3.39000,1.07000,0.00000,8.08000,15.20000,1,7.12000,7.12000,1.61472,<3,1.31149,car
3-24000010124-3,24000010124.00000,1,2,104,303,0.59744,112.56849,CAR,0,188.41753,1.00000,0-17,False,False,1.00000,1.00000,no_licence,False,False,False,general,4.00000,HBE,11,8.36000,32.24000,,14.56000,4.56000,4.29000,0.00000,8.36000,32.24000,0,23.88000,23.88000,2.24488,<3,1.94640,car
3-24000010124-3,24000010124.00000,1,2,304,303,0.40256,75.84904,CAR,0,188.41753,1.00000,0-17,False,False,1.00000,1.00000,no_licence,False,False,False,general,4.00000,HBE,11,8.08000,15.20000,70.31000,6.28000,3.39000,1.07000,0.00000,8.08000,15.20000,1,7.12000,7.12000,1.61472,<3,1.31149,car
3-24000010124-3,24000010124.00000,2,2,104,303,0.59744,112.56849,CAR,0,188.41753,1.00000,0-17,False,False,1.00000,1.00000,no_licence,False,False,False,general,4.00000,HBE,11,8.36000,32.24000,,14.56000,4.56000,4.29000,0.00000,8.36000,32.24000,0,23.88000,23.88000,2.24488,<3,1.94640,car
3-24000010124-3,24000010124.00000,2,2,304,303,0.40256,75.84904,CAR,0,188.41753,1.00000,0-17,False,False,1.00000,1.00000,no_licence,False,False,False,general,4.00000,HBE,11,8.08000,15.20000,70.31000,6.28000,3.39000,1.07000,0.00000,8.08000,15.20000,1,7.12000,7.12000,1.61472,<3,1.31149,car
3-24000010124-4,24000010124.00000,1,2,104,303,0.59744,112.56849,CAR,0,188.41753,,,False,False,1.00000,1.00000,no_licence,False,False,False,general,4.00000,HBE,11,8.36000,32.24000,,14.56000,4.56000,4.29000,0.00000,8.36000,32.24000,0,23.88000,23.88000,2.24488,<3,1.94640,car
3-24000010124-4,24000010124.00000,1,2,304,303,0.40256,75.84904,CAR,0,188.41753,,,False,False,1.00000,1.00000,no_licence,False,False,False,general,4.00000,HBE,11,8.08000,15.20000,70.31000,6.28000,3.39000,1.07000,0.00000,8.08000,15.20000,1,7.12000,7.12000,1.61472,<3,1.31149,car
3-24000010124-4,24000010124.00000,2,2,104,303,0.59744,112.56849,CAR,0,188.41753,,,False,False,1.00000,1.00000,no_licence,False,False,False,general,4.00000,HBE,11,8.36000,32.24000,,14.56000,4.56000,4.29000,0.00000,8.36000,32.24000,0,23.88000,23.88000,2.24488,<3,1.94640,car
3-24000010124-4,24000010124.00000,2,2,304,303,0.40256,75.84904,CAR,0,188.41753,,,False,False,1.00000,1.00000,no_licence,False,False,False,general,4.00000,HBE,11,8.08000,15.20000,70.31000,6.28000,3.39000,1.07000,0.00000,8.08000,15.20000,1,7.12000,7.12000,1.61472,<3,1.31149,car
3-24000010921-1,24000010921.00000,1,2,104,304,0.13482,5.74750,CAR,0,42.62980,34.00000,25-34,True,True,2.00000,2.00000,car_available,True,False,False,general,4.00000,HBO,10,8.40000,22.05000,,6.52000,5.26000,2.50000,0.00000,8.40000,22.05000,0,13.65000,13.65000,1.24683,<3,0.09938,car
3-24000010921-1,24000010921.00000,1,2,304,104,0.14522,6.19085,CAR,0,42.62980,34.00000,25-34,True,True,2.00000,2.00000,car_available,True,False,False,general,4.00000,HBO,10,6.78000,27.98000,,11.79000,5.09000,3.00000,0.00000,6.78000,27.98000,0,21.20000,21.20000,1.24683,<3,0.10704,car
3-24000010921-1,24000010921.00000,1,3,104,304,0.13482,5.74750,CAR,0,42.62980,34.00000,25-34,True,True,2.00000,2.00000,car_available,True,False,False,general,4.00000,NHB,10,8.40000,22.05000,,6.52000,5.26000,2.50000,0.00000,8.40000,22.05000,0,13.65000,13.65000,1.24683,<3,0.09938,car
3-24000010921-1,24000010921.00000,1,3,304,104,0.14522,6.19085,CAR,0,42.62980,34.00000,25-34,True,True,2.00000,2.00000,car_available,True,False,False,general,4.00000,NHB,10,6.78000,27.98000,,11.79000,5.09000,3.00000,0.00000,6.78000,27.98000,0,21.20000,21.20000,1.24683,<3,0.10704,car
3-24000010921-1,24000010921.00000,1,4,104,304,0.13482,5.74750,CAR,0,42.62980,34.00000,25-34,True,True,2.00000,2.00000,car_available,True,False,False,general,4.00000,NHB,10,8.40000,22.05000,,6.52000,5.26000,2.50000,0.00000,8.40000,22.05000,0,13.65000,13.65000,1.24683,<3,0.09938,car
3-24000010921-1,24000010921.00000,1,4,304,104,0.14522,6.19085,CAR,0,42.62980,34.00000,25-34,True,True,2.00000,2.00000,car_available,True,False,False,general,4.00000,NHB,10,6.78000,27.98000,,11.79000,5.09000,3.00000,0.00000,6.78000,27.98000,0,21.20000,21.20000,1.24683,<3,0.10704,car
3-24000010921-1,24000010921.00000,2,2,104,304,0.13482,5.74750,CAR,0,42.62980,34.00000,25-34,True,True,2.00000,2.00000,car_available,True,False,False,general,4.00000,HBO,10,8.40000,22.05000,,6.52000,5.26000,2.50000,0.00000,8.40000,22.05000,0,13.65000,13.65000,1.24683,<3,0.09938,car
3-24000010921-1,24000010921.00000,2,2,304,104,0.14522,6.19085,CAR,0,42.62980,34.00000,25-34,True,True,2.00000,2.00000,car_available,True,False,False,general,4.00000,HBO,10,6.78000,27.98000,,11.79000,5.09000,3.00000,0.00000,6.78000,27.98000,0,21.20000,21.20000,1.24683,<3,0.10704,car
3-24000010921-1,24000010921.00000,2,3,104,304,0.13482,5.74750,CAR,0,42.62980,34.00000,25-34,True,True,2.00000,2.00000,car_available,True,False,False,general,4.00000,NHB,10,8.40000,22.05000,,6.52000,5.26000,2.50000,0.00000,8.40000,22.05000,0,13.65000,13.65000,1.24683,<3,0.09938,car
3-24000010921-1,24000010921.00000,2,3,304,104,0.14522,6.19085,CAR,0,42.62980,34.00000,25-34,True,True,2.00000,2.00000,car_available,True,False,False,general,4.00000,NHB,10,6.78000,27.98000,,11.79000,5.09000,3.00000,0.00000,6.78000,27.98000,0,21.20000,21.20000,1.24683,<3,0.10704,car
3-24000010921-1,24000010921.00000,2,4,104,304,0.13482,5.74750,CAR,0,42.62980,34.00000,25-34,True,True,2.00000,2.00000,car_available,True,False,False,general,4.00000,NHB,10,8.40000,22.05000,,6.52000,5.26000,2.50000,0.00000,8.40000,22.05000,0,13.65000,13.65000,1.24683,<3,0.09938,car
3-24000010921-1,24000010921.00000,2,4,304,104,0.14522,6.19085,CAR,0,42.62980,34.00000,25-34,True,True,2.00000,2.00000,car_available,True,False,False,general,4.00000,NHB,10,6.78000,27.98000,,11.79000,5.09000,3.00000,0.00000,6.78000,27.98000,0,21.20000,21.20000,1.24683,<3,0.10704,car
3-24000010921-2,24000010921.00000,2,2,104,211,0.36446,15.53692,CAR,0,42.62980,39.00000,35-64,False,True,2.00000,2.00000,car_available,True,False,False,general,4.00000,HBO,10,12.76000,28.91000,29.96000,7.03000,10.50000,0.44000,0.00000,12.76000,28.91000,1,16.15000,16.15000,2.71063,<3,0.26865,car
3-24000010921-2,24000010921.00000,2,2,304,211,0.24890,10.61058,CAR,0,42.62980,39.00000,35-64,False,True,2.00000,2.00000,car_available,True,False,False,general,4.00000,HBO,10,12.71000,26.50000,28.79000,5.84000,9.33000,1.00000,0.00000,12.71000,26.50000,1,13.79000,13.79000,2.45015,<3,0.18347,car
3-24000010921-3,24000010921.00000,1,2,104,304,0.13482,5.74750,CAR,0,42.62980,4.00000,0-17,True,False,2.00000,2.00000,no_licence,False,False,False,general,4.00000,HBO,11,8.40000,22.05000,,6.52000,5.26000,2.50000,0.00000,8.40000,22.05000,0,13.65000,13.65000,1.24683,<3,0.09938,car
3-24000010921-3,24000010921.00000,1,2,304,104,0.14522,6.19085,CAR,0,42.62980,4.00000,0-17,True,False,2.00000,2.00000,no_licence,False,False,False,general,4.00000,HBO,11,6.78000,27.98000,,11.79000,5.09000,3.00000,0.00000,6.78000,27.98000,0,21.20000,21.20000,1.24683,<3,0.10704,car
3-24000010921-3,24000010921.00000,1,3,104,304,0.13482,5.74750,CAR,0,42.62980,4.00000,0-17,True,False,2.00000,2.00000,no_licence,False,False,False,general,4.00000,NHB,11,8.40000,22.05000,,6.52000,5.26000,2.50000,0.00000,8.40000,22.05000,0,13.65000,13.65000,1.24683,<3,0.09938,car
3-24000010921-3,24000010921.00000,1,3,304,104,0.14522,6.19085,CAR,0,42.62980,4.00000,0-17,True,False,2.00000,2.00000,no_licence,False,False,False,general,4.00000,NHB,11,6.78000,27.98000,,11.79000,5.09000,3.00000,0.00000,6.78000,27.98000,0,21.20000,21.20000,1.24683,<3,0.10704,car
3-24000010921-3,24000010921.00000,2,2,104,304,0.13482,5.74750,CAR,0,42.62980,4.00000,0-17,True,False,2.00000,2.00000,no_licence,False,False,False,general,4.00000,HBO,11,8.40000,22.05000,,6.52000,5.26000,2.50000,0.00000,8.40000,22.05000,0,13.65000,13.65000,1.24683,<3,0.09938,car
3-24000010921-3,24000010921.00000,2,2,304,104,0.14522,6.19085,CAR,0,42.62980,4.00000,0-17,True,False,2.00000,2.00000,no_licence,False,False,False,general,4.00000,HBO,11,6.78000,27.98000,,11.79000,5.09000,3.00000,0.00000,6.78000,27.98000,0,21.20000,21.20000,1.24683,<3,0.10704,car
3-24000010921-3,24000010921.00000,2,3,104,304,0.13482,5.74750,CAR,0,42.62980,4.00000,0-17,True,False,2.00000,2.00000,no_licence,False,False,False,general,4.00000,NHB,11,8.40000,22.05000,,6.52000,5.26000,2.50000,0.00000,8.40000,22.05000,0,13.65000,13.65000,1.24683,<3,0.09938,car
3-24000010921-3,24000010921.00000,2,3,304,104,0.14522,6.19085,CAR,0,42.62980,4.00000,0-17,True,False,2.00000,2.00000,no_licence,False,False,False,general,4.00000,NHB,11,6.78000,27.98000,,11.79000,5.09000,3.00000,0.00000,6.78000,27.98000,0,21.20000,21.20000,1.24683,<3,0.10704,car
3-24000010921-4,24000010921.00000,1,2,104,304,0.13482,5.74750,CAR,0,42.62980,7.00000,0-17,True,False,2.00000,2.00000,no_licence,False,False,False,general,4.00000,HBE,11,8.40000,22.05000,,6.52000,5.26000,2.50000,0.00000,8.40000,22.05000,0,13.65000,13.65000,1.24683,<3,0.09938,car
3-24000010921-4,24000010921.00000,1,2,304,104,0.14522,6.19085,CAR,0,42.62980,7.00000,0-17,True,False,2.00000,2.00000,no_licence,False,False,False,general,4.00000,HBE,11,6.78000,27.98000,,11.79000,5.09000,3.00000,0.00000,6.78000,27.98000,0,21.20000,21.20000,1.24683,<3,0.10704,car
3-24000010921-4,24000010921.00000,2,2,104,304,0.13482,5.74750,CAR,0,42.62980,7.00000,0-17,True,False,2.00000,2.00000,no_licence,False,False,False,general,4.00000,HBE,11,8.40000,22.05000,,6.52000,5.26000,2.50000,0.00000,8.40000,22.05000,0,13.65000,13.65000,1.24683,<3,0.09938,car
3-24000010921-4,24000010921.00000,2,2,304,104,0.14522,6.19085,CAR,0,42.62980,7.00000,0-17,True,False,2.00000,2.00000,no_licence,False,False,False,general,4.00000,HBE,11,6.78000,27.98000,,11.79000,5.09000,3.00000,0.00000,6.78000,27.98000,0,21.20000,21.20000,1.24683,<3,0.10704,car
3-24000011273-2,24000011273.00000,2,2,304,102,0.50952,53.28611,BUS,1,104.58123,71.00000,65+,True,False,0.00000,0.00000,no_car_hh,False,False,False,general,2.00000,HBO,3,15.21000,42.79000,,27.85000,4.13000,3.33000,0.00000,15.21000,42.79000,0,27.58000,27.58000,3.64818,3-6,0.92136,transit
3-24000011612-2,24000011612.00000,1,4,304,211,0.43871,26.38204,CAR,0,60.13565,37.00000,35-64,False,True,2.00000,2.00000,car_available,True,False,False,general,5.00000,NHB,10,12.71000,26.50000,28.79000,5.84000,9.33000,1.00000,0.00000,12.71000,26.50000,1,13.79000,13.79000,2.45015,<3,0.45617,car
3-24000011612-2,24000011612.00000,2,2,304,211,0.43871,26.38204,CAR,0,60.13565,37.00000,35-64,False,True,2.00000,2.00000,car_available,True,False,False,general,5.00000,HBW,10,12.71000,26.50000,28.79000,5.84000,9.33000,1.00000,0.00000,12.71000,26.50000,1,13.79000,13.79000,2.45015,<3,0.45617,car
3-24000011705-1,24000011705.00000,2,2,304,303,0.50952,39.77457,CAR,0,78.06301,42.00000,35-64,True,False,0.00000,1.00000,no_car_hh,False,False,False,general,3.00000,HBE,11,8.08000,15.20000,70.31000,6.28000,3.39000,1.07000,0.00000,8.08000,15.20000,1,7.12000,7.12000,1.61472,<3,0.68773,car
3-24000011705-2,24000011705.00000,1,2,304,212,0.50952,39.77457,BUS,1,78.06301,47.00000,35-64,False,True,0.00000,1.00000,no_car_hh,False,False,False,general,3.00000,HBW,3,11.61000,16.14000,18.29000,5.09000,4.45000,1.07000,0.00000,11.61000,16.14000,1,4.53000,4.53000,1.82010,<3,0.68773,transit
3-24000011705-2,24000011705.00000,2,2,304,212,0.50952,39.77457,BUS,1,78.06301,47.00000,35-64,False,True,0.00000,1.00000,no_car_hh,False,False,False,general,3.00000,HBW,3,11.61000,16.14000,18.29000,5.09000,4.45000,1.07000,0.00000,11.61000,16.14000,1,4.53000,4.53000,1.82010,<3,0.68773,transit
3-24000012110-1,24000012110.00000,1,2,303,104,0.54010,74.17666,CAR,0,137.33799,69.00000,65+,False,True,1.00000,1.00000,car_available,True,False,False,general,2.00000,HBW,10,11.20000,31.81000,,15.61000,5.10000,3.00000,0.00000,11.20000,31.81000,0,20.61000,20.61000,2.24488,<3,1.28258,car
3-24000012110-1,24000012110.00000,1,2,303,304,0.45990,63.16133,CAR,0,137.33799,69.00000,65+,False,True,1.00000,1.00000,car_available,True,False,False,general,2.00000,HBW,10,9.26000,19.08000,15.91000,9.20000,4.10000,0.83000,0.00000,9.26000,15.91000,1,9.82000,6.65000,1.61472,<3,1.09211,car
3-24000012110-1,24000012110.00000,2,2,303,104,0.54010,74.17666,CAR,0,137.33799,69.00000,65+,False,True,1.00000,1.00000,car_available,True,False,False,general,2.00000,HBW,10,11.20000,31.81000,,15.61000,5.10000,3.00000,0.00000,11.20000,31.81000,0,20.61000,20.61000,2.24488,<3,1.28258,car
3-24000012110-1,24000012110.00000,2,2,303,304,0.45990,63.16133,CAR,0,137.33799,69.00000,65+,False,True,1.00000,1.00000,car_available,True,False,False,general,2.00000,HBW,10,9.26000,19.08000,15.91000,9.20000,4.10000,0.83000,0.00000,9.26000,15.91000,1,9.82000,6.65000,1.61472,<3,1.09211,car
3-24000012130-1,24000012130.00000,1,2,303,208,1.00000,86.60235,BUS,1,86.60235,53.00000,35-64,False,True,0.00000,1.00000,no_car_hh,True,False,False,general,2.00000,HBW,5,22.36000,38.62000,,19.67000,3.48000,6.00000,0.00000,22.36000,38.62000,0,16.26000,16.26000,6.63303,6-10,1.49743,transit
3-24000012130-1,24000012130.00000,2,2,303,208,1.00000,86.60235,BUS,1,86.60235,53.00000,35-64,False,True,0.00000,1.00000,no_car_hh,True,False,False,general,2.00000,HBW,5,22.36000,38.62000,,19.67000,3.48000,6.00000,0.00000,22.36000,38.62000,0,16.26000,16.26000,6.63303,6-10,1.49743,transit
3-24000012635-2,24000012635.00000,1,4,104,208,0.05819,6.55226,CAR,0,112.59452,37.00000,35-64,True,False,0.00000,1.00000,no_car_hh,True,False,False,general,3.00000,HBW,11,33.01000,37.24000,37.24000,24.96000,4.64000,1.50000,0.00000,33.01000,37.24000,1,4.23000,4.23000,7.22264,6-10,0.11329,car
3-24000012635-2,24000012635.00000,1,4,104,209,0.09049,10.18840,CAR,0,112.59452,37.00000,35-64,True,False,0.00000,1.00000,no_car_hh,True,False,False,general,3.00000,HBW,11,17.57000,33.84000,33.84000,20.23000,5.30000,1.50000,0.00000,17.57000,33.84000,1,16.27000,16.27000,6.18558,6-10,0.17617,car
3-24000012635-2,24000012635.00000,1,4,304,208,0.03921,4.41494,CAR,0,112.59452,37.00000,35-64,True,False,0.00000,1.00000,no_car_hh,True,False,False,general,3.00000,HBW,11,21.32000,43.61000,,16.67000,3.47000,10.00000,0.00000,21.32000,43.61000,0,22.29000,22.29000,6.07859,6-10,0.07634,car
3-24000012635-2,24000012635.00000,1,4,304,209,0.06097,6.86498,CAR,0,112.59452,37.00000,35-64,True,False,0.00000,1.00000,no_car_hh,True,False,False,general,3.00000,HBW,11,16.57000,33.37000,33.37000,20.81000,4.14000,2.15000,0.00000,16.57000,33.37000,1,16.80000,16.80000,5.22219,3-6,0.11870,car
3-24000012635-2,24000012635.00000,2,4,104,208,0.05819,6.55226,CAR,0,112.59452,37.00000,35-64,True,False,0.00000,1.00000,no_car_hh,True,False,False,general,3.00000,HBW,11,33.01000,37.24000,37.24000,24.96000,4.64000,1.50000,0.00000,33.01000,37.24000,1,4.23000,4.23000,7.22264,6-10,0.11329,car
3-24000012635-2,24000012635.00000,2,4,104,209,0.09049,10.18840,CAR,0,112.59452,37.00000,35-64,True,False,0.00000,1.00000,no_car_hh,True,False,False,general,3.00000,HBW,11,17.57000,33.84000,33.84000,20.23000,5.30000,1.50000,0.00000,17.57000,33.84000,1,16.27000,16.27000,6.18558,6-10,0.17617,car
3-24000012635-2,24000012635.00000,2,4,304,208,0.03921,4.41494,CAR,0,112.59452,37.00000,35-64,True,False,0.00000,1.00000,no_car_hh,True,False,False,general,3.00000,HBW,11,21.32000,43.61000,,16.67000,3.47000,10.00000,0.00000,21.32000,43.61000,0,22.29000,22.29000,6.07859,6-10,0.07634,car
3-24000012635-2,24000012635.00000,2,4,304,209,0.06097,6.86498,CAR,0,112.59452,37.00000,35-64,True,False,0.00000,1.00000,no_car_hh,True,False,False,general,3.00000,HBW,11,16.57000,33.37000,33.37000,20.81000,4.14000,2.15000,0.00000,16.57000,33.37000,1,16.80000,16.80000,5.22219,3-6,0.11870,car
3-24000012874-1,24000012874.00000,1,2,104,209,0.06776,7.62990,CAR,0,112.59452,44.00000,35-64,False,True,1.00000,1.00000,car_available,True,False,False,general,3.00000,HBW,10,17.57000,33.84000,33.84000,20.23000,5.30000,1.50000,0.00000,17.57000,33.84000,1,16.27000,16.27000,6.18558,6-10,0.13193,car
3-24000012874-1,24000012874.00000,1,2,104,210,0.12009,13.52134,CAR,0,112.59452,44.00000,35-64,False,True,1.00000,1.00000,car_available,True,False,False,general,3.00000,HBW,10,14.37000,34.00000,35.05000,12.46000,10.29000,0.47000,0.00000,14.37000,34.00000,1,19.63000,19.63000,5.07582,3-6,0.23380,car
3-24000012874-1,24000012874.00000,1,2,304,209,0.04566,5.14105,CAR,0,112.59452,44.00000,35-64,False,True,1.00000,1.00000,car_available,True,False,False,general,3.00000,HBW,10,16.57000,33.37000,33.37000,20.81000,4.14000,2.15000,0.00000,16.57000,33.37000,1,16.80000,16.80000,5.22219,3-6,0.08889,car
3-24000012874-1,24000012874.00000,1,2,304,210,0.08092,9.11073,CAR,0,112.59452,44.00000,35-64,False,True,1.00000,1.00000,car_available,True,False,False,general,3.00000,HBW,10,15.60000,33.79000,35.58000,13.04000,9.13000,1.25000,0.00000,15.60000,33.79000,1,18.19000,18.19000,4.60641,3-6,0.15753,car
3-24000012874-1,24000012874.00000,2,2,104,209,0.06776,7.62990,CAR,0,112.59452,44.00000,35-64,False,True,1.00000,1.00000,car_available,True,False,False,general,3.00000,HBW,10,17.57000,33.84000,33.84000,20.23000,5.30000,1.50000,0.00000,17.57000,33.84000,1,16.27000,16.27000,6.18558,6-10,0.13193,car
3-24000012874-1,24000012874.00000,2,2,104,210,0.12009,13.52134,CAR,0,112.59452,44.00000,35-64,False,True,1.00000,1.00000,car_available,True,False,False,general,3.00000,HBW,10,14.37000,34.00000,35.05000,12.46000,10.29000,0.47000,0.00000,14.37000,34.00000,1,19.63000,19.63000,5.07582,3-6,0.23380,car
3-24000012874-1,24000012874.00000,2,2,304,209,0.04566,5.14105,CAR,0,112.59452,44.00000,35-64,False,True,1.00000,1.00000,car_available,True,False,False,general,3.00000,HBW,10,16.57000,33.37000,33.37000,20.81000,4.14000,2.15000,0.00000,16.57000,33.37000,1,16.80000,16.80000,5.22219,3-6,0.08889,car
3-24000012874-1,24000012874.00000,2,2,304,210,0.08092,9.11073,CAR,0,112.59452,44.00000,35-64,False,True,1.00000,1.00000,car_available,True,False,False,general,3.00000,HBW,10,15.60000,33.79000,35.58000,13.04000,9.13000,1.25000,0.00000,15.60000,33.79000,1,18.19000,18.19000,4.60641,3-6,0.15753,car
3-24000012894-1,24000012894.00000,1,2,104,201,0.59744,62.57749,CAR,0,104.74243,64.00000,35-64,False,True,2.00000,1.00000,car_available,True,False,False,general,1.00000,HBW,10,29.33000,63.12000,,31.79000,6.67000,5.00000,1.00000,29.33000,63.12000,0,33.79000,33.79000,12.11054,10-20,1.08202,car
3-24000012894-1,24000012894.00000,1,2,304,201,0.40256,42.16494,CAR,0,104.74243,64.00000,35-64,False,True,2.00000,1.00000,car_available,True,False,False,general,1.00000,HBW,10,28.18000,62.48000,,33.48000,5.50000,5.00000,1.00000,28.18000,62.48000,0,34.30000,34.30000,11.38260,10-20,0.72907,car
3-24000013060-2,24000013060.00000,1,4,303,103,0.36213,38.82331,BUS,1,107.20822,79.00000,65+,False,False,0.00000,0.00000,no_car_hh,False,False,False,general,2.00000,HBO,3,8.49000,18.98000,,7.17000,4.40000,1.50000,0.00000,8.49000,18.98000,0,10.49000,10.49000,1.83675,<3,0.67129,transit
3-24000013060-2,24000013060.00000,1,4,303,104,0.53249,57.08723,BUS,1,107.20822,79.00000,65+,False,False,0.00000,0.00000,no_car_hh,False,False,False,general,2.00000,HBO,3,11.20000,31.81000,,15.61000,5.10000,3.00000,0.00000,11.20000,31.81000,0,20.61000,20.61000,2.24488,<3,0.98708,transit
3-24000013765-1,24000013765.00000,1,3,210,209,0.01265,3.44109,CAR,0,271.92040,50.00000,35-64,False,True,2.00000,2.00000,car_available,True,False,False,general,3.00000,NHB,10,12.05000,24.38000,25.30000,7.76000,7.83000,0.47000,0.00000,12.05000,24.38000,1,12.33000,12.33000,2.72031,<3,0.05950,car
3-24000013765-1,24000013765.00000,1,4,209,104,0.05698,15.49440,CAR,0,271.92040,50.00000,35-64,False,True,2.00000,2.00000,car_available,True,False,False,general,3.00000,NHB,10,18.39000,28.80000,28.80000,16.97000,4.41000,1.50000,0.00000,18.39000,28.80000,1,10.41000,10.41000,6.18558,6-10,0.26791,car
3-24000013765-1,24000013765.00000,1,4,209,304,0.03613,9.82377,CAR,0,271.92040,50.00000,35-64,False,True,2.00000,2.00000,car_available,True,False,False,general,3.00000,NHB,10,16.54000,45.71000,45.71000,33.89000,3.41000,2.50000,0.00000,16.54000,45.71000,1,29.17000,29.17000,5.22219,3-6,0.16986,car
3-24000013765-1,24000013765.00000,1,4,210,104,0.10098,27.45843,CAR,0,271.92040,50.00000,35-64,False,True,2.00000,2.00000,car_available,True,False,False,general,3.00000,NHB,10,16.17000,29.31000,30.18000,10.61000,8.79000,0.56000,0.00000,16.17000,29.31000,1,13.14000,13.14000,5.07582,3-6,0.47478,car
3-24000013765-1,24000013765.00000,1,4,210,304,0.06402,17.40921,CAR,0,271.92040,50.00000,35-64,False,True,2.00000,2.00000,car_available,True,False,False,general,3.00000,NHB,10,15.33000,60.98000,62.23000,41.65000,7.79000,1.88000,0.00000,15.33000,60.98000,1,45.65000,45.65000,4.60641,3-6,0.30102,car
3-24000013765-1,24000013765.00000,1,5,104,103,0.31999,87.01080,CAR,0,271.92040,50.00000,35-64,False,True,2.00000,2.00000,car_available,True,False,False,general,3.00000,NHB,10,6.92000,15.99000,18.19000,4.07000,5.56000,0.40000,0.00000,6.92000,15.99000,1,9.07000,9.07000,1.66098,<3,1.50449,car
3-24000013765-1,24000013765.00000,1,5,304,103,0.21853,59.42201,CAR,0,271.92040,50.00000,35-64,False,True,2.00000,2.00000,car_available,True,False,False,general,3.00000,NHB,10,10.90000,36.20000,,20.74000,4.39000,3.33000,0.00000,10.90000,36.20000,0,25.30000,25.30000,2.21445,<3,1.02746,car
3-24000013765-1,24000013765.00000,1,6,103,102,0.07078,19.24676,CAR,0,271.92040,50.00000,35-64,False,True,2.00000,2.00000,car_available,True,False,False,general,3.00000,NHB,10,7.47000,13.36000,14.44000,2.72000,4.95000,0.37000,0.00000,7.47000,13.36000,1,5.89000,5.89000,1.52665,<3,0.33279,car
3-24000013765-1,24000013765.00000,1,8,102,212,0.28127,76.48394,CAR,0,271.92040,50.00000,35-64,False,True,2.00000,2.00000,car_available,True,False,False,general,3.00000,NHB,10,16.48000,21.86000,22.78000,12.63000,4.16000,0.46000,0.00000,16.48000,21.86000,1,5.38000,5.38000,4.79702,3-6,1.32247,car
3-24000013765-1,24000013765.00000,2,4,209,104,0.05698,15.49440,CAR,0,271.92040,50.00000,35-64,False,True,2.00000,2.00000,car_available,True,False,False,general,3.00000,NHB,10,18.39000,28.80000,28.80000,16.97000,4.41000,1.50000,0.00000,18.39000,28.80000,1,10.41000,10.41000,6.18558,6-10,0.26791,car
3-24000013765-1,24000013765.00000,2,4,209,304,0.03613,9.82377,CAR,0,271.92040,50.00000,35-64,False,True,2.00000,2.00000,car_available,True,False,False,general,3.00000,NHB,10,16.54000,45.71000,45.71000,33.89000,3.41000,2.50000,0.00000,16.54000,45.71000,1,29.17000,29.17000,5.22219,3-6,0.16986,car
3-24000013765-1,24000013765.00000,2,4,210,104,0.10098,27.45843,CAR,0,271.92040,50.00000,35-64,False,True,2.00000,2.00000,car_available,True,False,False,general,3.00000,NHB,10,16.17000,29.31000,30.18000,10.61000,8.79000,0.56000,0.00000,16.17000,29.31000,1,13.14000,13.14000,5.07582,3-6,0.47478,car
3-24000013765-1,24000013765.00000,2,4,210,304,0.06402,17.40921,CAR,0,271.92040,50.00000,35-64,False,True,2.00000,2.00000,car_available,True,False,False,general,3.00000,NHB,10,15.33000,60.98000,62.23000,41.65000,7.79000,1.88000,0.00000,15.33000,60.98000,1,45.65000,45.65000,4.60641,3-6,0.30102,car
3-24000013765-1,24000013765.00000,2,5,104,103,0.31999,87.01080,CAR,0,271.92040,50.00000,35-64,False,True,2.00000,2.00000,car_available,True,False,False,general,3.00000,NHB,10,6.92000,15.99000,18.19000,4.07000,5.56000,0.40000,0.00000,6.92000,15.99000,1,9.07000,9.07000,1.66098,<3,1.50449,car
3-24000013765-1,24000013765.00000,2,5,304,103,0.21853,59.42201,CAR,0,271.92040,50.00000,35-64,False,True,2.00000,2.00000,car_available,True,False,False,general,3.00000,NHB,10,10.90000,36.20000,,20.74000,4.39000,3.33000,0.00000,10.90000,36.20000,0,25.30000,25.30000,2.21445,<3,1.02746,car
3-24000013765-1,24000013765.00000,2,6,103,102,0.07078,19.24676,CAR,0,271.92040,50.00000,35-64,False,True,2.00000,2.00000,car_available,True,False,False,general,3.00000,NHB,10,7.47000,13.36000,14.44000,2.72000,4.95000,0.37000,0.00000,7.47000,13.36000,1,5.89000,5.89000,1.52665,<3,0.33279,car
3-24000013765-1,24000013765.00000,2,8,102,212,1.00000,271.92040,CAR,0,271.92040,50.00000,35-64,False,True,2.00000,2.00000,car_available,True,False,False,general,3.00000,NHB,10,16.48000,21.86000,22.78000,12.63000,4.16000,0.46000,0.00000,16.48000,21.86000,1,5.38000,5.38000,4.79702,3-6,4.70173,car
3-24000014827-1,24000014827.00000,2,2,208,209,0.01234,4.09070,CAR,0,331.54401,27.00000,25-34,False,False,0.00000,0.00000,no_car_hh,True,True,False,general,4.00000,HBO,11,9.62000,15.68000,17.01000,6.05000,3.98000,0.83000,0.00000,9.62000,15.68000,1,6.06000,6.06000,1.95148,<3,0.07073,car
3-24000014827-1,24000014827.00000,2,2,209,208,0.01187,3.93692,CAR,0,331.54401,27.00000,25-34,False,False,0.00000,0.00000,no_car_hh,True,True,False,general,4.00000,HBO,11,10.20000,11.86000,13.28000,4.70000,2.79000,0.79000,0.00000,10.20000,11.86000,1,1.66000,1.66000,1.95148,<3,0.06807,car
3-24000014827-2,24000014827.00000,1,2,208,209,0.01234,4.09070,CAR,0,331.54401,23.00000,18-24,True,False,0.00000,0.00000,no_car_hh,True,False,False,general,4.00000,HBO,11,9.62000,15.68000,17.01000,6.05000,3.98000,0.83000,0.00000,9.62000,15.68000,1,6.06000,6.06000,1.95148,<3,0.07073,car
3-24000014827-2,24000014827.00000,1,2,209,208,0.01187,3.93692,CAR,0,331.54401,23.00000,18-24,True,False,0.00000,0.00000,no_car_hh,True,False,False,general,4.00000,HBO,11,10.20000,11.86000,13.28000,4.70000,2.79000,0.79000,0.00000,10.20000,11.86000,1,1.66000,1.66000,1.95148,<3,0.06807,car
3-24000014827-2,24000014827.00000,1,3,208,209,0.01234,4.09070,CAR,0,331.54401,23.00000,18-24,True,False,0.00000,0.00000,no_car_hh,True,False,False,general,4.00000,NHB,11,9.62000,15.68000,17.01000,6.05000,3.98000,0.83000,0.00000,9.62000,15.68000,1,6.06000,6.06000,1.95148,<3,0.07073,car
3-24000014827-2,24000014827.00000,1,3,209,208,0.01187,3.93692,CAR,0,331.54401,23.00000,18-24,True,False,0.00000,0.00000,no_car_hh,True,False,False,general,4.00000,NHB,11,10.20000,11.86000,13.28000,4.70000,2.79000,0.79000,0.00000,10.20000,11.86000,1,1.66000,1.66000,1.95148,<3,0.06807,car
3-24000014827-2,24000014827.00000,2,2,208,209,0.01234,4.09070,CAR,0,331.54401,23.00000,18-24,True,False,0.00000,0.00000,no_car_hh,True,False,False,general,4.00000,HBO,11,9.62000,15.68000,17.01000,6.05000,3.98000,0.83000,0.00000,9.62000,15.68000,1,6.06000,6.06000,1.95148,<3,0.07073,car
3-24000014827-2,24000014827.00000,2,2,209,208,0.01187,3.93692,CAR,0,331.54401,23.00000,18-24,True,False,0.00000,0.00000,no_car_hh,True,False,False,general,4.00000,HBO,11,10.20000,11.86000,13.28000,4.70000,2.79000,0.79000,0.00000,10.20000,11.86000,1,1.66000,1.66000,1.95148,<3,0.06807,car
3-24000014827-2,24000014827.00000,2,3,208,209,0.01234,4.09070,CAR,0,331.54401,23.00000,18-24,True,False,0.00000,0.00000,no_car_hh,True,False,False,general,4.00000,NHB,11,9.62000,15.68000,17.01000,6.05000,3.98000,0.83000,0.00000,9.62000,15.68000,1,6.06000,6.06000,1.95148,<3,0.07073,car
3-24000014827-2,24000014827.00000,2,3,209,208,0.01187,3.93692,CAR,0,331.54401,23.00000,18-24,True,False,0.00000,0.00000,no_car_hh,True,False,False,general,4.00000,NHB,11,10.20000,11.86000,13.28000,4.70000,2.79000,0.79000,0.00000,10.20000,11.86000,1,1.66000,1.66000,1.95148,<3,0.06807,car
3-24000014827-2,24000014827.00000,2,4,208,209,0.01234,4.09070,CAR,0,331.54401,23.00000,18-24,True,False,0.00000,0.00000,no_car_hh,True,False,False,general,4.00000,HBO,11,9.62000,15.68000,17.01000,6.05000,3.98000,0.83000,0.00000,9.62000,15.68000,1,6.06000,6.06000,1.95148,<3,0.07073,car
3-24000014827-2,24000014827.00000,2,4,209,208,0.01187,3.93692,CAR,0,331.54401,23.00000,18-24,True,False,0.00000,0.00000,no_car_hh,True,False,False,general,4.00000,HBO,11,10.20000,11.86000,13.28000,4.70000,2.79000,0.79000,0.00000,10.20000,11.86000,1,1.66000,1.66000,1.95148,<3,0.06807,car
3-24000014827-3,24000014827.00000,1,2,208,209,0.01234,4.09070,CAR,0,331.54401,1.00000,0-17,False,False,0.00000,0.00000,no_car_hh,False,False,False,general,4.00000,HBO,11,9.62000,15.68000,17.01000,6.05000,3.98000,0.83000,0.00000,9.62000,15.68000,1,6.06000,6.06000,1.95148,<3,0.07073,car
3-24000014827-3,24000014827.00000,1,2,209,208,0.01187,3.93692,CAR,0,331.54401,1.00000,0-17,False,False,0.00000,0.00000,no_car_hh,False,False,False,general,4.00000,HBO,11,10.20000,11.86000,13.28000,4.70000,2.79000,0.79000,0.00000,10.20000,11.86000,1,1.66000,1.66000,1.95148,<3,0.06807,car
3-24000014827-3,24000014827.00000,2,2,208,209,0.01234,4.09070,CAR,0,331.54401,1.00000,0-17,False,False,0.00000,0.00000,no_car_hh,False,False,False,general,4.00000,HBO,11,9.62000,15.68000,17.01000,6.05000,3.98000,0.83000,0.00000,9.62000,15.68000,1,6.06000,6.06000,1.95148,<3,0.07073,car
3-24000014827-3,24000014827.00000,2,2,209,208,0.01187,3.93692,CAR,0,331.54401,1.00000,0-17,False,False,0.00000,0.00000,no_car_hh,False,False,False,general,4.00000,HBO,11,10.20000,11.86000,13.28000,4.70000,2.79000,0.79000,0.00000,10.20000,11.86000,1,1.66000,1.66000,1.95148,<3,0.06807,car
3-24000014827-3,24000014827.00000,2,3,208,209,0.01234,4.09070,CAR,0,331.54401,1.00000,0-17,False,False,0.00000,0.00000,no_car_hh,False,False,False,general,4.00000,NHB,11,9.62000,15.68000,17.01000,6.05000,3.98000,0.83000,0.00000,9.62000,15.68000,1,6.06000,6.06000,1.95148,<3,0.07073,car
3-24000014827-3,24000014827.00000,2,3,209,208,0.01187,3.93692,CAR,0,331.54401,1.00000,0-17,False,False,0.00000,0.00000,no_car_hh,False,False,False,general,4.00000,NHB,11,10.20000,11.86000,13.28000,4.70000,2.79000,0.79000,0.00000,10.20000,11.86000,1,1.66000,1.66000,1.95148,<3,0.06807,car
3-24000014827-4,24000014827.00000,1,2,208,209,0.01234,4.09070,CAR,0,331.54401,3.00000,0-17,True,False,0.00000,0.00000,no_car_hh,False,False,False,general,4.00000,HBE,11,9.62000,15.68000,17.01000,6.05000,3.98000,0.83000,0.00000,9.62000,15.68000,1,6.06000,6.06000,1.95148,<3,0.07073,car
3-24000014827-4,24000014827.00000,1,2,209,208,0.01187,3.93692,CAR,0,331.54401,3.00000,0-17,True,False,0.00000,0.00000,no_car_hh,False,False,False,general,4.00000,HBE,11,10.20000,11.86000,13.28000,4.70000,2.79000,0.79000,0.00000,10.20000,11.86000,1,1.66000,1.66000,1.95148,<3,0.06807,car
3-24000014827-4,24000014827.00000,2,2,208,209,0.01234,4.09070,CAR,0,331.54401,3.00000,0-17,True,False,0.00000,0.00000,no_car_hh,False,False,False,general,4.00000,HBE,11,9.62000,15.68000,17.01000,6.05000,3.98000,0.83000,0.00000,9.62000,15.68000,1,6.06000,6.06000,1.95148,<3,0.07073,car
3-24000014827-4,24000014827.00000,2,2,209,208,0.01187,3.93692,CAR,0,331.54401,3.00000,0-17,True,False,0.00000,0.00000,no_car_hh,False,False,False,general,4.00000,HBE,11,10.20000,11.86000,13.28000,4.70000,2.79000,0.79000,0.00000,10.20000,11.86000,1,1.66000,1.66000,1.95148,<3,0.06807,car
3-24000016183-1,24000016183.00000,1,2,206,210,0.50600,102.45968,CAR,0,202.48852,47.00000,35-64,False,True,1.00000,1.00000,car_available,True,False,False,general,1.00000,HBW,10,20.53000,41.13000,42.21000,21.51000,8.96000,0.85000,0.00000,20.53000,41.13000,1,20.60000,20.60000,6.74928,6-10,1.77161,car
3-24000016741-1,24000016741.00000,1,2,206,208,0.07470,5.97284,BUS,1,79.96082,43.00000,35-64,False,True,1.00000,2.00000,competition,True,False,False,general,4.00000,HBO,3,10.57000,16.70000,18.49000,9.03000,3.30000,0.54000,0.00000,10.57000,16.70000,1,6.13000,6.13000,2.10404,<3,0.10328,transit
3-24000016741-1,24000016741.00000,1,2,206,209,0.11615,9.28744,BUS,1,79.96082,43.00000,35-64,False,True,1.00000,2.00000,competition,True,False,False,general,4.00000,HBO,3,14.80000,24.78000,25.88000,15.21000,3.97000,0.81000,0.00000,14.80000,24.78000,1,9.98000,9.98000,4.03772,3-6,0.16059,transit
3-24000016741-1,24000016741.00000,2,2,206,208,0.07470,5.97284,BUS,1,79.96082,43.00000,35-64,False,True,1.00000,2.00000,competition,True,False,False,general,4.00000,HBO,3,10.57000,16.70000,18.49000,9.03000,3.30000,0.54000,0.00000,10.57000,16.70000,1,6.13000,6.13000,2.10404,<3,0.10328,transit
3-24000016741-1,24000016741.00000,2,2,206,209,0.11615,9.28744,BUS,1,79.96082,43.00000,35-64,False,True,1.00000,2.00000,competition,True,False,False,general,4.00000,HBO,3,14.80000,24.78000,25.88000,15.21000,3.97000,0.81000,0.00000,14.80000,24.78000,1,9.98000,9.98000,4.03772,3-6,0.16059,transit
3-24000017132-3,24000017132.00000,1,2,207,209,1.00000,350.00000,BUS,1,350.00000,22.00000,18-24,True,True,0.00000,2.00000,no_car_hh,True,False,False,general,3.00000,HBW,5,12.31000,19.61000,20.61000,9.84000,3.88000,1.00000,0.00000,12.31000,19.61000,1,7.30000,7.30000,2.87317,<3,6.05179,transit
3-24000017132-3,24000017132.00000,2,2,207,209,1.00000,350.00000,BUS,1,350.00000,22.00000,18-24,True,True,0.00000,2.00000,no_car_hh,True,False,False,general,3.00000,HBW,5,12.31000,19.61000,20.61000,9.84000,3.88000,1.00000,0.00000,12.31000,19.61000,1,7.30000,7.30000,2.87317,<3,6.05179,transit
3-24000018620-1,24000018620.00000,1,2,208,207,0.37663,18.91668,CAR,0,50.22654,45.00000,35-64,True,True,1.00000,1.00000,car_available,True,False,False,general,4.00000,HBO,10,7.07000,11.37000,15.43000,3.82000,3.29000,0.48000,0.00000,7.07000,11.37000,1,4.30000,4.30000,0.97962,<3,0.32708,car
3-24000019012-4,24000019012.00000,1,3,208,207,1.00000,59.88804,CAR,0,59.88804,50.00000,35-64,False,True,2.00000,4.00000,competition,True,False,False,general,4.00000,NHB,10,7.07000,11.37000,15.43000,3.82000,3.29000,0.48000,0.00000,7.07000,11.37000,1,4.30000,4.30000,0.97962,<3,1.03551,car
3-24000019012-4,24000019012.00000,2,3,208,207,1.00000,59.88804,CAR,0,59.88804,50.00000,35-64,False,True,2.00000,4.00000,competition,True,False,False,general,4.00000,NHB,10,7.07000,11.37000,15.43000,3.82000,3.29000,0.48000,0.00000,7.07000,11.37000,1,4.30000,4.30000,0.97962,<3,1.03551,car
3-24000019052-1,24000019052.00000,2,3,210,211,0.09606,5.14101,CAR,0,53.51600,49.00000,35-64,True,True,3.00000,4.00000,competition,True,False,False,general,4.00000,NHB,10,11.97000,33.06000,33.73000,6.25000,13.03000,0.38000,0.00000,11.97000,33.06000,1,21.09000,21.09000,2.37548,<3,0.08889,car
3-24000019052-3,24000019052.00000,1,3,208,212,1.00000,53.51600,CAR,0,53.51600,54.00000,35-64,False,True,3.00000,4.00000,competition,True,False,False,general,4.00000,NHB,10,18.57000,33.59000,33.59000,22.00000,4.29000,1.50000,0.00000,18.57000,33.59000,1,15.02000,15.02000,6.46877,6-10,0.92534,car
3-24000019052-3,24000019052.00000,2,3,208,210,0.65982,35.31108,CAR,0,53.51600,54.00000,35-64,False,True,3.00000,4.00000,competition,True,False,False,general,4.00000,NHB,10,17.96000,32.65000,33.34000,12.41000,8.97000,1.16000,0.00000,17.96000,32.65000,1,14.69000,14.69000,4.64884,3-6,0.61056,car
3-24000019810-2,24000019810.00000,1,2,206,217,0.76688,91.24793,CAR,0,118.98652,30.00000,25-34,True,True,1.00000,2.00000,competition,True,True,False,general,4.00000,HBW,10,62.20000,82.92000,,52.23000,5.34000,10.00000,0.00000,62.20000,82.92000,0,20.72000,20.72000,33.41883,20+,1.57775,car
3-24000019810-2,24000019810.00000,2,2,206,217,0.76688,91.24793,CAR,0,118.98652,30.00000,25-34,True,True,1.00000,2.00000,competition,True,True,False,general,4.00000,HBW,10,62.20000,82.92000,,52.23000,5.34000,10.00000,0.00000,62.20000,82.92000,0,20.72000,20.72000,33.41883,20+,1.57775,car
3-24000020407-3,24000020407.00000,1,2,208,212,0.08146,25.43913,CAR,0,312.27650,23.00000,18-24,False,True,2.00000,3.00000,competition,True,False,False,general,3.00000,HBW,10,18.57000,33.59000,33.59000,22.00000,4.29000,1.50000,0.00000,18.57000,33.59000,1,15.02000,15.02000,6.46877,6-10,0.43986,car
3-24000020407-3,24000020407.00000,1,2,209,212,0.12191,38.06944,CAR,0,312.27650,23.00000,18-24,False,True,2.00000,3.00000,competition,True,False,False,general,3.00000,HBW,10,16.30000,25.25000,25.37000,15.96000,3.77000,0.88000,0.00000,16.30000,25.25000,1,8.95000,8.95000,5.10379,3-6,0.65825,car
3-24000020407-3,24000020407.00000,2,2,208,212,0.08146,25.43913,CAR,0,312.27650,23.00000,18-24,False,True,2.00000,3.00000,competition,True,False,False,general,3.00000,HBW,10,18.57000,33.59000,33.59000,22.00000,4.29000,1.50000,0.00000,18.57000,33.59000,1,15.02000,15.02000,6.46877,6-10,0.43986,car
3-24000020407-3,24000020407.00000,2,2,209,212,0.12191,38.06944,CAR,0,312.27650,23.00000,18-24,False,True,2.00000,3.00000,competition,True,False,False,general,3.00000,HBW,10,16.30000,25.25000,25.37000,15.96000,3.77000,0.88000,0.00000,16.30000,25.25000,1,8.95000,8.95000,5.10379,3-6,0.65825,car
3-24000020985-1,24000020985.00000,1,2,205,304,0.35532,18.97469,CAR,0,53.40200,48.00000,35-64,False,True,1.00000,1.00000,car_available,True,False,False,general,5.00000,HBW,10,24.72000,55.69000,,31.77000,2.96000,5.00000,1.00000,24.72000,55.69000,0,30.97000,30.97000,9.43598,6-10,0.32809,car
3-24000020985-1,24000020985.00000,2,2,205,304,0.35532,18.97469,CAR,0,53.40200,48.00000,35-64,False,True,1.00000,1.00000,car_available,True,False,False,general,5.00000,HBW,10,24.72000,55.69000,,31.77000,2.96000,5.00000,1.00000,24.72000,55.69000,0,30.97000,30.97000,9.43598,6-10,0.32809,car
3-24000020985-2,24000020985.00000,1,4,205,206,0.95646,51.07683,BUS,1,53.40200,40.00000,35-64,True,False,1.00000,1.00000,no_licence,True,False,False,general,5.00000,NHB,5,10.29000,10.39000,13.93000,2.40000,3.12000,0.88000,0.00000,10.29000,10.39000,1,0.10000,0.10000,1.72515,<3,0.88316,transit
3-24000020985-2,24000020985.00000,1,5,206,205,0.76688,40.95272,BUS,1,53.40200,40.00000,35-64,True,False,1.00000,1.00000,no_licence,True,False,False,general,5.00000,NHB,5,10.22000,13.77000,15.39000,7.43000,2.38000,0.79000,0.00000,10.22000,13.77000,1,3.55000,3.55000,1.72515,<3,0.70811,transit
3-24000020985-2,24000020985.00000,2,4,205,208,0.09740,5.20159,BUS,1,53.40200,40.00000,35-64,True,False,1.00000,1.00000,no_licence,True,False,False,general,5.00000,NHB,3,12.18000,17.47000,21.40000,10.73000,2.34000,1.03000,0.00000,12.18000,17.47000,1,5.29000,5.29000,3.60260,3-6,0.08994,transit
3-24000020985-2,24000020985.00000,2,4,205,209,0.15146,8.08818,BUS,1,53.40200,40.00000,35-64,True,False,1.00000,1.00000,no_licence,True,False,False,general,5.00000,NHB,3,16.70000,26.31000,28.78000,16.77000,3.00000,1.76000,0.00000,16.70000,26.31000,1,9.61000,9.61000,5.39735,3-6,0.13985,transit
3-24000021670-1,24000021670.00000,1,2,202,208,0.00000,0.00000,CAR,0,58.79931,85.00000,65+,False,True,2.00000,2.00000,car_available,True,False,False,general,2.00000,HBW,10,17.00000,38.40000,34.78000,26.81000,4.80000,1.00000,0.00000,17.00000,34.78000,1,21.40000,17.78000,4.74249,3-6,0.00000,car
3-24000021875-1,24000021875.00000,1,2,202,203,0.00000,0.00000,CAR,0,86.57180,66.00000,65+,False,True,1.00000,1.00000,car_available,False,False,False,general,1.00000,HBO,10,11.50000,23.30000,26.81000,5.89000,8.08000,0.62000,0.00000,11.50000,23.30000,1,11.80000,11.80000,2.22215,<3,0.00000,car
3-24000021875-1,24000021875.00000,1,3,203,202,0.00000,0.00000,CAR,0,86.57180,66.00000,65+,False,True,1.00000,1.00000,car_available,False,False,False,general,1.00000,HBO,10,11.52000,17.50000,22.97000,5.47000,5.33000,0.68000,0.00000,11.52000,17.50000,1,5.98000,5.98000,2.22215,<3,0.00000,car
3-24000021875-1,24000021875.00000,2,2,202,203,0.00000,0.00000,CAR,0,86.57180,66.00000,65+,False,True,1.00000,1.00000,car_available,False,False,False,general,1.00000,HBO,10,11.50000,23.30000,26.81000,5.89000,8.08000,0.62000,0.00000,11.50000,23.30000,1,11.80000,11.80000,2.22215,<3,0.00000,car
3-24000021875-1,24000021875.00000,2,3,203,202,0.00000,0.00000,CAR,0,86.57180,66.00000,65+,False,True,1.00000,1.00000,car_available,False,False,False,general,1.00000,HBO,10,11.52000,17.50000,22.97000,5.47000,5.33000,0.68000,0.00000,11.52000,17.50000,1,5.98000,5.98000,2.22215,<3,0.00000,car
3-24000021895-2,24000021895.00000,2,2,202,205,0.00000,0.00000,CAR,0,53.44623,67.00000,65+,True,True,2.00000,2.00000,car_available,False,False,False,general,2.00000,HBO,10,22.69000,18.34000,22.21000,9.01000,3.88000,0.79000,0.00000,22.69000,18.34000,1,-4.35000,-4.35000,4.36054,3-6,0.00000,car
3-24000022546-2,24000022546.00000,1,2,206,212,0.76688,108.40496,BUS,1,141.35915,25.00000,25-34,True,False,1.00000,1.00000,no_licence,True,False,False,general,3.00000,HBW,5,22.57000,42.05000,42.46000,31.17000,4.29000,1.16000,0.00000,22.57000,42.05000,1,19.48000,19.48000,8.38075,6-10,1.87441,transit
3-24000022546-2,24000022546.00000,2,2,206,212,0.76688,108.40496,BUS,1,141.35915,25.00000,25-34,True,False,1.00000,1.00000,no_licence,True,False,False,general,3.00000,HBW,5,22.57000,42.05000,42.46000,31.17000,4.29000,1.16000,0.00000,22.57000,42.05000,1,19.48000,19.48000,8.38075,6-10,1.87441,transit
3-24000022546-3,24000022546.00000,1,2,206,204,0.76688,108.40496,BUS,1,141.35915,52.00000,35-64,True,False,1.00000,1.00000,no_licence,True,False,False,general,3.00000,HBW,5,8.36000,18.38000,20.04000,9.84000,3.57000,0.70000,0.00000,8.36000,18.38000,1,10.02000,10.02000,2.20998,<3,1.87441,transit
3-24000022546-3,24000022546.00000,2,3,206,204,0.76688,108.40496,BUS,1,141.35915,52.00000,35-64,True,False,1.00000,1.00000,no_licence,True,False,False,general,3.00000,NHB,5,8.36000,18.38000,20.04000,9.84000,3.57000,0.70000,0.00000,8.36000,18.38000,1,10.02000,10.02000,2.20998,<3,1.87441,transit
3-24000022586-1,24000022586.00000,2,2,206,202,0.00000,0.00000,CAR,0,83.67244,62.00000,35-64,False,True,1.00000,1.00000,car_available,False,False,False,general,2.00000,HBO,10,17.68000,27.41000,29.57000,16.59000,4.44000,0.97000,0.00000,17.68000,27.41000,1,9.73000,9.73000,4.80980,3-6,0.00000,car
3-24000022586-1,24000022586.00000,2,3,202,206,0.00000,0.00000,CAR,0,83.67244,62.00000,35-64,False,True,1.00000,1.00000,car_available,False,False,False,general,2.00000,NHB,10,16.47000,28.99000,27.30000,15.71000,5.57000,1.07000,0.00000,16.47000,27.30000,1,12.52000,10.83000,4.80980,3-6,0.00000,car
3-24000022772-2,24000022772.00000,1,2,206,211,0.66030,62.73233,CAR,0,95.00579,38.00000,35-64,True,True,2.00000,2.00000,car_available,True,False,False,general,5.00000,HBW,10,21.52000,48.16000,48.88000,27.76000,9.16000,1.03000,0.00000,21.52000,48.16000,1,26.64000,26.64000,7.56986,6-10,1.08469,car
3-24000022825-2,24000022825.00000,1,2,206,209,0.51036,36.12650,CAR,0,70.78629,38.00000,35-64,False,True,2.00000,1.00000,car_available,True,False,False,general,5.00000,HBW,10,14.80000,24.78000,25.88000,15.21000,3.97000,0.81000,0.00000,14.80000,24.78000,1,9.98000,9.98000,4.03772,3-6,0.62466,car
3-24000022825-2,24000022825.00000,2,2,206,209,0.51036,36.12650,CAR,0,70.78629,38.00000,35-64,False,True,2.00000,1.00000,car_available,True,False,False,general,5.00000,HBW,10,14.80000,24.78000,25.88000,15.21000,3.97000,0.81000,0.00000,14.80000,24.78000,1,9.98000,9.98000,4.03772,3-6,0.62466,car
3-24000023456-1,24000023456.00000,2,2,206,202,0.76688,122.25987,BUS,1,159.42583,34.00000,25-34,False,False,0.00000,0.00000,no_car_hh,True,False,False,general,1.00000,HBW,5,17.68000,27.41000,29.57000,16.59000,4.44000,0.97000,0.00000,17.68000,27.41000,1,9.73000,9.73000,4.80980,3-6,2.11397,transit
3-24000023682-1,24000023682.00000,1,2,206,203,0.76688,134.49514,BUS,1,175.38052,40.00000,35-64,False,False,0.00000,0.00000,no_car_hh,True,False,False,general,2.00000,HBW,5,13.60000,25.98000,27.57000,11.35000,6.59000,0.73000,0.00000,13.60000,25.98000,1,12.38000,12.38000,3.02113,3-6,2.32553,transit
3-24000023941-2,24000023941.00000,1,2,206,207,0.76688,82.40346,CAR,0,107.45340,35.00000,35-64,False,True,2.00000,2.00000,car_available,True,False,False,general,4.00000,HBO,10,7.88000,12.67000,14.65000,5.24000,3.28000,0.44000,0.00000,7.88000,12.67000,1,4.79000,4.79000,1.17370,<3,1.42482,car
3-24000023941-2,24000023941.00000,2,2,206,207,0.76688,82.40346,CAR,0,107.45340,35.00000,35-64,False,True,2.00000,2.00000,car_available,True,False,False,general,4.00000,HBO,10,7.88000,12.67000,14.65000,5.24000,3.28000,0.44000,0.00000,7.88000,12.67000,1,4.79000,4.79000,1.17370,<3,1.42482,car
3-24000023941-3,24000023941.00000,2,2,206,207,0.76688,82.40346,CAR,0,107.45340,2.00000,0-17,True,False,2.00000,2.00000,no_licence,False,False,False,general,4.00000,HBE,11,7.88000,12.67000,14.65000,5.24000,3.28000,0.44000,0.00000,7.88000,12.67000,1,4.79000,4.79000,1.17370,<3,1.42482,car
3-24000023941-4,24000023941.00000,1,2,206,207,0.76688,82.40346,CAR,0,107.45340,7.00000,0-17,True,False,2.00000,2.00000,no_licence,False,False,False,general,4.00000,HBE,11,7.88000,12.67000,14.65000,5.24000,3.28000,0.44000,0.00000,7.88000,12.67000,1,4.79000,4.79000,1.17370,<3,1.42482,car
3-24000023941-4,24000023941.00000,2,2,206,207,0.76688,82.40346,CAR,0,107.45340,7.00000,0-17,True,False,2.00000,2.00000,no_licence,False,False,False,general,4.00000,HBE,11,7.88000,12.67000,14.65000,5.24000,3.28000,0.44000,0.00000,7.88000,12.67000,1,4.79000,4.79000,1.17370,<3,1.42482,car
3-24000024240-1,24000024240.00000,1,2,207,206,1.00000,350.00000,CAR,0,350.00000,41.00000,35-64,True,True,1.00000,2.00000,competition,True,True,False,general,5.00000,HBO,10,10.11000,10.55000,12.89000,1.74000,4.00000,0.41000,0.00000,10.11000,10.55000,1,0.44000,0.44000,1.17370,<3,6.05179,car
3-24000024240-1,24000024240.00000,2,2,207,206,1.00000,350.00000,CAR,0,350.00000,41.00000,35-64,True,True,1.00000,2.00000,competition,True,True,False,general,5.00000,HBO,10,10.11000,10.55000,12.89000,1.74000,4.00000,0.41000,0.00000,10.11000,10.55000,1,0.44000,0.44000,1.17370,<3,6.05179,car
3-24000024240-3,24000024240.00000,1,2,207,206,1.00000,350.00000,CAR,0,350.00000,12.00000,0-17,False,False,1.00000,2.00000,no_licence,False,False,False,general,5.00000,HBE,11,10.11000,10.55000,12.89000,1.74000,4.00000,0.41000,0.00000,10.11000,10.55000,1,0.44000,0.44000,1.17370,<3,6.05179,car
3-24000024240-3,24000024240.00000,2,2,207,206,1.00000,350.00000,CAR,0,350.00000,12.00000,0-17,False,False,1.00000,2.00000,no_licence,False,False,False,general,5.00000,HBE,11,10.11000,10.55000,12.89000,1.74000,4.00000,0.41000,0.00000,10.11000,10.55000,1,0.44000,0.44000,1.17370,<3,6.05179,car
3-24000024240-4,24000024240.00000,1,2,207,206,1.00000,350.00000,CAR,0,350.00000,9.00000,0-17,True,False,1.00000,2.00000,no_licence,False,False,False,general,5.00000,HBE,11,10.11000,10.55000,12.89000,1.74000,4.00000,0.41000,0.00000,10.11000,10.55000,1,0.44000,0.44000,1.17370,<3,6.05179,car
3-24000024240-4,24000024240.00000,2,2,207,206,1.00000,350.00000,CAR,0,350.00000,9.00000,0-17,True,False,1.00000,2.00000,no_licence,False,False,False,general,5.00000,HBE,11,10.11000,10.55000,12.89000,1.74000,4.00000,0.41000,0.00000,10.11000,10.55000,1,0.44000,0.44000,1.17370,<3,6.05179,car
3-24000024240-5,24000024240.00000,1,2,207,206,1.00000,350.00000,CAR,0,350.00000,7.00000,0-17,False,False,1.00000,2.00000,no_licence,False,False,False,general,5.00000,HBE,11,10.11000,10.55000,12.89000,1.74000,4.00000,0.41000,0.00000,10.11000,10.55000,1,0.44000,0.44000,1.17370,<3,6.05179,car
3-24000024240-5,24000024240.00000,2,2,207,206,1.00000,350.00000,CAR,0,350.00000,7.00000,0-17,False,False,1.00000,2.00000,no_licence,False,False,False,general,5.00000,HBE,11,10.11000,10.55000,12.89000,1.74000,4.00000,0.41000,0.00000,10.11000,10.55000,1,0.44000,0.44000,1.17370,<3,6.05179,car
3-24000024665-1,24000024665.00000,1,2,206,211,0.66030,106.96582,BUS,1,161.99579,37.00000,35-64,False,True,0.00000,2.00000,no_car_hh,True,False,False,general,6.00000,HBW,3,21.52000,48.16000,48.88000,27.76000,9.16000,1.03000,0.00000,21.52000,48.16000,1,26.64000,26.64000,7.56986,6-10,1.84953,transit
3-24000026100-1,24000026100.00000,1,2,206,202,0.00000,0.00000,BUS,1,222.37181,24.00000,18-24,True,False,0.00000,0.00000,no_car_hh,True,False,False,general,2.00000,HBW,5,17.68000,27.41000,29.57000,16.59000,4.44000,0.97000,0.00000,17.68000,27.41000,1,9.73000,9.73000,4.80980,3-6,0.00000,transit
3-24000026100-2,24000026100.00000,1,2,206,208,0.76688,170.53164,BUS,1,222.37181,52.00000,35-64,True,False,0.00000,0.00000,no_car_hh,True,False,False,general,2.00000,HBO,3,10.57000,16.70000,18.49000,9.03000,3.30000,0.54000,0.00000,10.57000,16.70000,1,6.13000,6.13000,2.10404,<3,2.94863,transit
3-24000026100-2,24000026100.00000,1,3,208,209,1.00000,222.37181,BUS,1,222.37181,52.00000,35-64,True,False,0.00000,0.00000,no_car_hh,True,False,False,general,2.00000,NHB,3,9.62000,15.68000,17.01000,6.05000,3.98000,0.83000,0.00000,9.62000,15.68000,1,6.06000,6.06000,1.95148,<3,3.84499,transit
3-24000026100-2,24000026100.00000,2,2,206,208,0.76688,170.53164,BUS,1,222.37181,52.00000,35-64,True,False,0.00000,0.00000,no_car_hh,True,False,False,general,2.00000,HBW,3,10.57000,16.70000,18.49000,9.03000,3.30000,0.54000,0.00000,10.57000,16.70000,1,6.13000,6.13000,2.10404,<3,2.94863,transit
3-24000026506-1,24000026506.00000,1,2,206,202,0.00000,0.00000,BUS,1,73.73528,29.00000,25-34,False,True,0.00000,1.00000,no_car_hh,False,True,False,general,1.00000,HBE,3,17.68000,27.41000,29.57000,16.59000,4.44000,0.97000,0.00000,17.68000,27.41000,1,9.73000,9.73000,4.80980,3-6,0.00000,transit
3-24000026618-3,24000026618.00000,1,2,206,204,1.00000,44.92838,BUS,1,44.92838,5.00000,0-17,False,False,0.00000,2.00000,no_car_hh,False,False,False,general,5.00000,HBE,3,8.36000,18.38000,20.04000,9.84000,3.57000,0.70000,0.00000,8.36000,18.38000,1,10.02000,10.02000,2.20998,<3,0.77685,transit
3-24000026711-1,24000026711.00000,1,3,206,207,1.00000,64.11920,CAR,0,64.11920,28.00000,25-34,True,True,1.00000,2.00000,competition,True,True,False,general,2.00000,NHB,10,7.88000,12.67000,14.65000,5.24000,3.28000,0.44000,0.00000,7.88000,12.67000,1,4.79000,4.79000,1.17370,<3,1.10867,car
3-24000026711-2,24000026711.00000,1,2,206,207,1.00000,64.11920,CAR,0,64.11920,28.00000,25-34,True,True,1.00000,2.00000,competition,True,True,False,general,2.00000,HBE,10,7.88000,12.67000,14.65000,5.24000,3.28000,0.44000,0.00000,7.88000,12.67000,1,4.79000,4.79000,1.17370,<3,1.10867,car
3-24000026917-2,24000026917.00000,2,2,206,208,0.39459,21.92269,CAR,0,55.55802,34.00000,25-34,False,True,1.00000,2.00000,competition,True,False,False,general,3.00000,HBW,10,10.57000,16.70000,18.49000,9.03000,3.30000,0.54000,0.00000,10.57000,16.70000,1,6.13000,6.13000,2.10404,<3,0.37906,car
3-24000026990-2,24000026990.00000,1,2,206,208,1.00000,59.60984,BUS,1,59.60984,30.00000,25-34,True,True,0.00000,1.00000,no_car_hh,False,True,False,general,2.00000,HBE,3,10.57000,16.70000,18.49000,9.03000,3.30000,0.54000,0.00000,10.57000,16.70000,1,6.13000,6.13000,2.10404,<3,1.03070,transit
3-24000026990-2,24000026990.00000,2,2,206,208,1.00000,59.60984,BUS,1,59.60984,30.00000,25-34,True,True,0.00000,1.00000,no_car_hh,False,True,False,general,2.00000,HBE,3,10.57000,16.70000,18.49000,9.03000,3.30000,0.54000,0.00000,10.57000,16.70000,1,6.13000,6.13000,2.10404,<3,1.03070,transit
3-24000027050-1,24000027050.00000,1,2,206,208,1.00000,81.48017,BUS,1,81.48017,72.00000,65+,False,False,0.00000,0.00000,no_car_hh,False,False,False,general,2.00000,HBO,3,10.57000,16.70000,18.49000,9.03000,3.30000,0.54000,0.00000,10.57000,16.70000,1,6.13000,6.13000,2.10404,<3,1.40886,transit
3-24000027050-1,24000027050.00000,1,3,208,206,1.00000,81.48017,BUS,1,81.48017,72.00000,65+,False,False,0.00000,0.00000,no_car_hh,False,False,False,general,2.00000,HBO,3,12.15000,14.23000,18.78000,5.00000,4.09000,0.53000,0.00000,12.15000,14.23000,1,2.08000,2.08000,2.10404,<3,1.40886,transit
3-24000027269-1,24000027269.00000,1,2,206,202,1.00000,131.14483,BUS,1,131.14483,37.00000,35-64,False,True,1.00000,2.00000,competition,True,False,False,general,2.00000,HBO,5,17.68000,27.41000,29.57000,16.59000,4.44000,0.97000,0.00000,17.68000,27.41000,1,9.73000,9.73000,4.80980,3-6,2.26760,transit
3-24000027269-1,24000027269.00000,2,2,206,202,1.00000,131.14483,CAR,0,131.14483,37.00000,35-64,False,True,1.00000,2.00000,competition,True,False,False,general,2.00000,HBW,10,17.68000,27.41000,29.57000,16.59000,4.44000,0.97000,0.00000,17.68000,27.41000,1,9.73000,9.73000,4.80980,3-6,2.26760,car
3-24000027269-2,24000027269.00000,1,2,206,210,0.65982,86.53235,CAR,0,131.14483,31.00000,25-34,True,True,1.00000,2.00000,competition,True,False,False,general,2.00000,HBW,10,20.53000,41.13000,42.21000,21.51000,8.96000,0.85000,0.00000,20.53000,41.13000,1,20.60000,20.60000,6.74928,6-10,1.49622,car
3-24000027269-2,24000027269.00000,2,2,206,210,0.65982,86.53235,CAR,0,131.14483,31.00000,25-34,True,True,1.00000,2.00000,competition,True,False,False,general,2.00000,HBW,10,20.53000,41.13000,42.21000,21.51000,8.96000,0.85000,0.00000,20.53000,41.13000,1,20.60000,20.60000,6.74928,6-10,1.49622,car
3-24000027329-2,24000027329.00000,1,2,202,206,0.00000,0.00000,CAR,0,80.97378,51.00000,35-64,True,True,2.00000,2.00000,car_available,True,False,False,general,3.00000,HBW,10,16.47000,28.99000,27.30000,15.71000,5.57000,1.07000,0.00000,16.47000,27.30000,1,12.52000,10.83000,4.80980,3-6,0.00000,car
3-24000027329-2,24000027329.00000,2,2,206,202,0.00000,0.00000,CAR,0,80.97378,51.00000,35-64,True,True,2.00000,2.00000,car_available,True,False,False,general,3.00000,HBW,10,17.68000,27.41000,29.57000,16.59000,4.44000,0.97000,0.00000,17.68000,27.41000,1,9.73000,9.73000,4.80980,3-6,0.00000,car
3-24000027568-1,24000027568.00000,2,2,206,201,1.00000,64.11920,CAR,0,64.11920,26.00000,25-34,True,True,2.00000,2.00000,car_available,True,True,False,general,2.00000,HBW,10,22.19000,49.74000,,21.08000,5.33000,5.00000,1.00000,22.19000,49.74000,0,27.55000,27.55000,7.67399,6-10,1.10867,car
3-24000027901-1,24000027901.00000,1,2,206,204,0.76688,152.90224,CAR,0,199.38321,50.00000,35-64,True,True,1.00000,1.00000,car_available,True,False,False,general,2.00000,HBO,10,8.36000,18.38000,20.04000,9.84000,3.57000,0.70000,0.00000,8.36000,18.38000,1,10.02000,10.02000,2.20998,<3,2.64381,car
3-24000027901-1,24000027901.00000,2,2,206,204,0.76688,152.90224,CAR,0,199.38321,50.00000,35-64,True,True,1.00000,1.00000,car_available,True,False,False,general,2.00000,HBO,10,8.36000,18.38000,20.04000,9.84000,3.57000,0.70000,0.00000,8.36000,18.38000,1,10.02000,10.02000,2.20998,<3,2.64381,car
3-24000027901-2,24000027901.00000,1,2,206,204,0.76688,152.90224,CAR,0,199.38321,11.00000,0-17,False,False,1.00000,1.00000,no_licence,False,False,False,general,2.00000,HBE,11,8.36000,18.38000,20.04000,9.84000,3.57000,0.70000,0.00000,8.36000,18.38000,1,10.02000,10.02000,2.20998,<3,2.64381,car
3-24000027901-2,24000027901.00000,2,2,206,204,0.76688,152.90224,CAR,0,199.38321,11.00000,0-17,False,False,1.00000,1.00000,no_licence,False,False,False,general,2.00000,HBE,11,8.36000,18.38000,20.04000,9.84000,3.57000,0.70000,0.00000,8.36000,18.38000,1,10.02000,10.02000,2.20998,<3,2.64381,car
3-24000028180-2,24000028180.00000,1,2,206,208,0.76688,156.42537,CAR,0,203.97735,49.00000,35-64,False,True,1.00000,3.00000,competition,True,False,False,general,4.00000,HBW,10,10.57000,16.70000,18.49000,9.03000,3.30000,0.54000,0.00000,10.57000,16.70000,1,6.13000,6.13000,2.10404,<3,2.70472,car
3-24000028219-1,24000028219.00000,1,2,205,104,0.54010,27.94939,BUS,1,51.74826,57.00000,35-64,True,False,0.00000,0.00000,no_car_hh,False,False,False,general,1.00000,HBO,3,26.76000,47.67000,47.67000,33.75000,3.96000,3.00000,0.00000,26.76000,47.67000,1,20.91000,20.91000,10.64129,10-20,0.48327,transit
3-24000028219-1,24000028219.00000,1,2,205,304,0.45990,23.79887,BUS,1,51.74826,57.00000,35-64,True,False,0.00000,0.00000,no_car_hh,False,False,False,general,1.00000,HBO,3,24.72000,55.69000,,31.77000,2.96000,5.00000,1.00000,24.72000,55.69000,0,30.97000,30.97000,9.43598,6-10,0.41150,transit
3-24000028219-1,24000028219.00000,2,2,205,104,0.54010,27.94939,BUS,1,51.74826,57.00000,35-64,True,False,0.00000,0.00000,no_car_hh,False,False,False,general,1.00000,HBO,3,26.76000,47.67000,47.67000,33.75000,3.96000,3.00000,0.00000,26.76000,47.67000,1,20.91000,20.91000,10.64129,10-20,0.48327,transit
3-24000028219-1,24000028219.00000,2,2,205,304,0.45990,23.79887,BUS,1,51.74826,57.00000,35-64,True,False,0.00000,0.00000,no_car_hh,False,False,False,general,1.00000,HBO,3,24.72000,55.69000,,31.77000,2.96000,5.00000,1.00000,24.72000,55.69000,0,30.97000,30.97000,9.43598,6-10,0.41150,transit
3-24000028239-1,24000028239.00000,2,2,205,202,1.00000,59.88175,CAR,0,59.88175,56.00000,35-64,False,True,2.00000,3.00000,competition,True,False,False,general,3.00000,HBW,10,14.29000,18.60000,23.02000,10.07000,3.47000,0.79000,0.00000,14.29000,18.60000,1,4.31000,4.31000,4.36054,3-6,1.03540,car
3-24000028239-1,24000028239.00000,2,3,202,207,1.00000,59.88175,CAR,0,59.88175,56.00000,35-64,False,True,2.00000,3.00000,competition,True,False,False,general,3.00000,NHB,10,15.33000,34.90000,30.93000,23.36000,4.77000,1.00000,0.00000,15.33000,30.93000,1,19.57000,15.60000,4.42872,3-6,1.03540,car
3-24000028239-3,24000028239.00000,1,2,205,206,1.00000,59.88175,CAR,0,59.88175,22.00000,18-24,True,True,2.00000,3.00000,competition,False,True,False,general,3.00000,HBE,10,10.29000,10.39000,13.93000,2.40000,3.12000,0.88000,0.00000,10.29000,10.39000,1,0.10000,0.10000,1.72515,<3,1.03540,car
3-24000028239-3,24000028239.00000,2,2,205,206,1.00000,59.88175,CAR,0,59.88175,22.00000,18-24,True,True,2.00000,3.00000,competition,False,True,False,general,3.00000,HBE,10,10.29000,10.39000,13.93000,2.40000,3.12000,0.88000,0.00000,10.29000,10.39000,1,0.10000,0.10000,1.72515,<3,1.03540,car
3-24000028259-1,24000028259.00000,1,2,205,208,0.39459,19.77033,CAR,0,50.10338,45.00000,35-64,False,True,2.00000,2.00000,car_available,True,False,False,general,5.00000,HBO,10,12.18000,17.47000,21.40000,10.73000,2.34000,1.03000,0.00000,12.18000,17.47000,1,5.29000,5.29000,3.60260,3-6,0.34185,car
3-24000028259-1,24000028259.00000,1,3,208,207,0.37663,18.87029,CAR,0,50.10338,45.00000,35-64,False,True,2.00000,2.00000,car_available,True,False,False,general,5.00000,NHB,10,7.07000,11.37000,15.43000,3.82000,3.29000,0.48000,0.00000,7.07000,11.37000,1,4.30000,4.30000,0.97962,<3,0.32628,car
3-24000028259-1,24000028259.00000,2,2,205,208,0.39459,19.77033,CAR,0,50.10338,45.00000,35-64,False,True,2.00000,2.00000,car_available,True,False,False,general,5.00000,HBO,10,12.18000,17.47000,21.40000,10.73000,2.34000,1.03000,0.00000,12.18000,17.47000,1,5.29000,5.29000,3.60260,3-6,0.34185,car
3-24000028259-1,24000028259.00000,2,3,208,207,0.37663,18.87029,CAR,0,50.10338,45.00000,35-64,False,True,2.00000,2.00000,car_available,True,False,False,general,5.00000,NHB,10,7.07000,11.37000,15.43000,3.82000,3.29000,0.48000,0.00000,7.07000,11.37000,1,4.30000,4.30000,0.97962,<3,0.32628,car
3-24000028259-3,24000028259.00000,1,2,205,208,0.39459,19.77033,CAR,0,50.10338,13.00000,0-17,False,False,2.00000,2.00000,no_licence,False,False,False,general,5.00000,HBE,11,12.18000,17.47000,21.40000,10.73000,2.34000,1.03000,0.00000,12.18000,17.47000,1,5.29000,5.29000,3.60260,3-6,0.34185,car
3-24000028259-3,24000028259.00000,2,2,205,208,0.39459,19.77033,CAR,0,50.10338,13.00000,0-17,False,False,2.00000,2.00000,no_licence,False,False,False,general,5.00000,HBE,11,12.18000,17.47000,21.40000,10.73000,2.34000,1.03000,0.00000,12.18000,17.47000,1,5.29000,5.29000,3.60260,3-6,0.34185,car
3-24000028259-4,24000028259.00000,1,2,205,208,0.39459,19.77033,CAR,0,50.10338,11.00000,0-17,False,False,2.00000,2.00000,no_licence,False,False,False,general,5.00000,HBE,11,12.18000,17.47000,21.40000,10.73000,2.34000,1.03000,0.00000,12.18000,17.47000,1,5.29000,5.29000,3.60260,3-6,0.34185,car
3-24000028259-4,24000028259.00000,2,2,205,208,0.39459,19.77033,CAR,0,50.10338,11.00000,0-17,False,False,2.00000,2.00000,no_licence,False,False,False,general,5.00000,HBE,11,12.18000,17.47000,21.40000,10.73000,2.34000,1.03000,0.00000,12.18000,17.47000,1,5.29000,5.29000,3.60260,3-6,0.34185,car
3-24000028259-5,24000028259.00000,1,2,205,208,0.39459,19.77033,CAR,0,50.10338,5.00000,0-17,True,False,2.00000,2.00000,no_licence,False,False,False,general,5.00000,HBO,11,12.18000,17.47000,21.40000,10.73000,2.34000,1.03000,0.00000,12.18000,17.47000,1,5.29000,5.29000,3.60260,3-6,0.34185,car
3-24000028259-5,24000028259.00000,1,3,208,207,0.37663,18.87029,CAR,0,50.10338,5.00000,0-17,True,False,2.00000,2.00000,no_licence,False,False,False,general,5.00000,NHB,11,7.07000,11.37000,15.43000,3.82000,3.29000,0.48000,0.00000,7.07000,11.37000,1,4.30000,4.30000,0.97962,<3,0.32628,car
3-24000028259-5,24000028259.00000,2,2,208,207,0.37663,18.87029,CAR,0,50.10338,5.00000,0-17,True,False,2.00000,2.00000,no_licence,False,False,False,general,5.00000,NHB,11,7.07000,11.37000,15.43000,3.82000,3.29000,0.48000,0.00000,7.07000,11.37000,1,4.30000,4.30000,0.97962,<3,0.32628,car
3-24000028405-1,24000028405.00000,1,2,205,202,0.00000,0.00000,BUS,1,67.76003,57.00000,35-64,True,False,1.00000,1.00000,no_licence,True,False,False,general,3.00000,HBW,5,14.29000,18.60000,23.02000,10.07000,3.47000,0.79000,0.00000,14.29000,18.60000,1,4.31000,4.31000,4.36054,3-6,0.00000,transit
3-24000028405-1,24000028405.00000,2,2,205,202,0.00000,0.00000,BUS,1,67.76003,57.00000,35-64,True,False,1.00000,1.00000,no_licence,True,False,False,general,3.00000,HBW,5,14.29000,18.60000,23.02000,10.07000,3.47000,0.79000,0.00000,14.29000,18.60000,1,4.31000,4.31000,4.36054,3-6,0.00000,transit
3-24000028405-2,24000028405.00000,1,2,205,208,0.09740,6.60012,CAR,0,67.76003,23.00000,18-24,True,True,1.00000,1.00000,car_available,True,True,False,general,3.00000,HBO,10,12.18000,17.47000,21.40000,10.73000,2.34000,1.03000,0.00000,12.18000,17.47000,1,5.29000,5.29000,3.60260,3-6,0.11412,car
3-24000028405-2,24000028405.00000,1,2,205,209,0.15146,10.26282,CAR,0,67.76003,23.00000,18-24,True,True,1.00000,1.00000,car_available,True,True,False,general,3.00000,HBO,10,16.70000,26.31000,28.78000,16.77000,3.00000,1.76000,0.00000,16.70000,26.31000,1,9.61000,9.61000,5.39735,3-6,0.17745,car
3-24000028405-3,24000028405.00000,1,2,205,208,0.09740,6.60012,CAR,0,67.76003,18.00000,18-24,True,False,1.00000,1.00000,no_licence,False,True,False,general,3.00000,HBO,11,12.18000,17.47000,21.40000,10.73000,2.34000,1.03000,0.00000,12.18000,17.47000,1,5.29000,5.29000,3.60260,3-6,0.11412,car
3-24000028405-3,24000028405.00000,1,2,205,209,0.15146,10.26282,CAR,0,67.76003,18.00000,18-24,True,False,1.00000,1.00000,no_licence,False,True,False,general,3.00000,HBO,11,16.70000,26.31000,28.78000,16.77000,3.00000,1.76000,0.00000,16.70000,26.31000,1,9.61000,9.61000,5.39735,3-6,0.17745,car
3-24000028425-3,24000028425.00000,1,2,205,206,0.95646,67.95729,BUS,1,71.05091,18.00000,18-24,False,False,0.00000,2.00000,no_car_hh,False,True,False,general,4.00000,HBE,5,10.29000,10.39000,13.93000,2.40000,3.12000,0.88000,0.00000,10.29000,10.39000,1,0.10000,0.10000,1.72515,<3,1.17504,transit
3-24000028425-3,24000028425.00000,2,2,205,206,0.95646,67.95729,BUS,1,71.05091,18.00000,18-24,False,False,0.00000,2.00000,no_car_hh,False,True,False,general,4.00000,HBE,5,10.29000,10.39000,13.93000,2.40000,3.12000,0.88000,0.00000,10.29000,10.39000,1,0.10000,0.10000,1.72515,<3,1.17504,transit
3-24000028611-1,24000028611.00000,1,2,205,207,1.00000,54.42861,CAR,0,54.42861,49.00000,35-64,False,True,2.00000,2.00000,car_available,True,False,False,general,3.00000,HBW,10,16.99000,13.63000,17.56000,6.93000,2.31000,1.03000,0.00000,16.99000,13.63000,1,-3.36000,-3.36000,2.62693,<3,0.94112,car
3-24000028611-1,24000028611.00000,2,2,205,207,1.00000,54.42861,CAR,0,54.42861,49.00000,35-64,False,True,2.00000,2.00000,car_available,True,False,False,general,3.00000,HBO,10,16.99000,13.63000,17.56000,6.93000,2.31000,1.03000,0.00000,16.99000,13.63000,1,-3.36000,-3.36000,2.62693,<3,0.94112,car
3-24000028645-4,24000028645.00000,1,2,205,206,0.95646,63.93956,BUS,1,66.85028,19.00000,18-24,True,False,2.00000,2.00000,no_licence,True,False,False,general,5.00000,HBW,5,10.29000,10.39000,13.93000,2.40000,3.12000,0.88000,0.00000,10.29000,10.39000,1,0.10000,0.10000,1.72515,<3,1.10557,transit
3-24000028645-4,24000028645.00000,2,2,205,206,0.95646,63.93956,BUS,1,66.85028,19.00000,18-24,True,False,2.00000,2.00000,no_licence,True,False,False,general,5.00000,HBW,5,10.29000,10.39000,13.93000,2.40000,3.12000,0.88000,0.00000,10.29000,10.39000,1,0.10000,0.10000,1.72515,<3,1.10557,transit
3-24000029110-2,24000029110.00000,1,2,204,206,1.00000,121.41970,BUS,1,121.41970,53.00000,35-64,False,False,0.00000,0.00000,no_car_hh,True,False,False,general,2.00000,HBW,3,9.89000,17.76000,16.70000,7.92000,4.21000,0.71000,0.00000,9.89000,16.70000,1,7.87000,6.81000,2.20998,<3,2.09945,transit
3-24000029110-2,24000029110.00000,2,2,204,206,1.00000,121.41970,BUS,1,121.41970,53.00000,35-64,False,False,0.00000,0.00000,no_car_hh,True,False,False,general,2.00000,HBW,3,9.89000,17.76000,16.70000,7.92000,4.21000,0.71000,0.00000,9.89000,16.70000,1,7.87000,6.81000,2.20998,<3,2.09945,transit
3-24000029468-1,24000029468.00000,2,2,204,208,0.09740,8.50439,BUS,1,87.31023,50.00000,35-64,True,True,0.00000,1.00000,no_car_hh,True,False,False,general,3.00000,HBW,5,14.54000,27.59000,24.17000,19.02000,3.43000,0.85000,0.00000,14.54000,24.17000,1,13.05000,9.63000,3.68029,3-6,0.14705,transit
3-24000029468-1,24000029468.00000,2,2,204,209,0.15146,13.22387,BUS,1,87.31023,50.00000,35-64,True,True,0.00000,1.00000,no_car_hh,True,False,False,general,3.00000,HBW,5,17.52000,31.24000,31.56000,20.55000,4.09000,1.25000,0.00000,17.52000,31.24000,1,13.72000,13.72000,5.27695,3-6,0.22865,transit
3-24000029468-2,24000029468.00000,1,2,204,206,0.95646,83.50866,BUS,1,87.31023,17.00000,0-17,False,False,0.00000,1.00000,no_car_hh,False,True,False,general,3.00000,HBE,5,9.89000,17.76000,16.70000,7.92000,4.21000,0.71000,0.00000,9.89000,16.70000,1,7.87000,6.81000,2.20998,<3,1.44393,transit
3-24000029468-2,24000029468.00000,2,2,204,206,0.95646,83.50866,BUS,1,87.31023,17.00000,0-17,False,False,0.00000,1.00000,no_car_hh,False,True,False,general,3.00000,HBE,5,9.89000,17.76000,16.70000,7.92000,4.21000,0.71000,0.00000,9.89000,16.70000,1,7.87000,6.81000,2.20998,<3,1.44393,transit
3-24000029468-3,24000029468.00000,1,2,204,206,0.95646,83.50866,BUS,1,87.31023,15.00000,0-17,False,False,0.00000,1.00000,no_car_hh,False,False,False,general,3.00000,HBE,5,9.89000,17.76000,16.70000,7.92000,4.21000,0.71000,0.00000,9.89000,16.70000,1,7.87000,6.81000,2.20998,<3,1.44393,transit
3-24000029468-3,24000029468.00000,2,2,204,206,0.95646,83.50866,BUS,1,87.31023,15.00000,0-17,False,False,0.00000,1.00000,no_car_hh,False,False,False,general,3.00000,HBE,5,9.89000,17.76000,16.70000,7.92000,4.21000,0.71000,0.00000,9.89000,16.70000,1,7.87000,6.81000,2.20998,<3,1.44393,transit
3-24000029541-2,24000029541.00000,1,3,204,205,1.00000,73.21099,BUS,1,73.21099,46.00000,35-64,True,False,0.00000,0.00000,no_car_hh,True,False,False,general,6.00000,NHB,5,6.62000,7.44000,11.61000,1.22000,2.51000,0.60000,0.00000,6.62000,7.44000,1,0.82000,0.82000,0.91997,<3,1.26588,transit
3-24000029541-2,24000029541.00000,2,3,204,205,1.00000,73.21099,BUS,1,73.21099,46.00000,35-64,True,False,0.00000,0.00000,no_car_hh,True,False,False,general,6.00000,NHB,5,6.62000,7.44000,11.61000,1.22000,2.51000,0.60000,0.00000,6.62000,7.44000,1,0.82000,0.82000,0.91997,<3,1.26588,transit
3-24000029541-4,24000029541.00000,1,2,204,206,0.95646,70.02331,BUS,1,73.21099,17.00000,0-17,True,False,0.00000,0.00000,no_car_hh,True,True,False,general,6.00000,HBE,5,9.89000,17.76000,16.70000,7.92000,4.21000,0.71000,0.00000,9.89000,16.70000,1,7.87000,6.81000,2.20998,<3,1.21076,transit
3-24000029541-4,24000029541.00000,2,2,204,206,0.95646,70.02331,BUS,1,73.21099,17.00000,0-17,True,False,0.00000,0.00000,no_car_hh,True,True,False,general,6.00000,HBE,5,9.89000,17.76000,16.70000,7.92000,4.21000,0.71000,0.00000,9.89000,16.70000,1,7.87000,6.81000,2.20998,<3,1.21076,transit
3-24000029614-1,24000029614.00000,1,2,204,203,0.71314,70.86904,CAR,0,99.37576,85.00000,65+,False,True,1.00000,1.00000,car_available,False,False,False,general,2.00000,HBO,10,7.84000,17.69000,20.93000,3.19000,6.71000,0.54000,0.00000,7.84000,17.69000,1,9.85000,9.85000,1.26550,<3,1.22538,car
3-24000029614-1,24000029614.00000,1,3,203,204,0.64835,64.43011,CAR,0,99.37576,85.00000,65+,False,True,1.00000,1.00000,car_available,False,False,False,general,2.00000,HBO,10,8.50000,13.13000,18.15000,3.22000,4.47000,0.49000,0.00000,8.50000,13.13000,1,4.63000,4.63000,1.26550,<3,1.11405,car
3-24000029614-2,24000029614.00000,1,2,204,203,0.71314,70.86904,CAR,0,99.37576,82.00000,65+,True,False,1.00000,1.00000,no_licence,False,False,False,general,2.00000,HBO,11,7.84000,17.69000,20.93000,3.19000,6.71000,0.54000,0.00000,7.84000,17.69000,1,9.85000,9.85000,1.26550,<3,1.22538,car
3-24000029614-2,24000029614.00000,1,3,203,204,0.64835,64.43011,CAR,0,99.37576,82.00000,65+,True,False,1.00000,1.00000,no_licence,False,False,False,general,2.00000,HBO,11,8.50000,13.13000,18.15000,3.22000,4.47000,0.49000,0.00000,8.50000,13.13000,1,4.63000,4.63000,1.26550,<3,1.11405,car
3-24000029634-3,24000029634.00000,2,2,204,203,1.00000,84.39374,BUS,1,84.39374,68.00000,65+,False,True,2.00000,3.00000,competition,True,False,False,general,4.00000,HBW,3,7.84000,17.69000,20.93000,3.19000,6.71000,0.54000,0.00000,7.84000,17.69000,1,9.85000,9.85000,1.26550,<3,1.45924,transit
3-24000029747-3,24000029747.00000,1,2,204,207,1.00000,96.05774,BUS,1,96.05774,11.00000,0-17,True,False,1.00000,1.00000,no_licence,False,False,False,general,3.00000,HBE,5,12.16000,24.09000,20.33000,15.57000,3.40000,0.85000,0.00000,12.16000,20.33000,1,11.93000,8.17000,2.77141,<3,1.66092,transit
3-24000029747-3,24000029747.00000,2,2,204,207,1.00000,96.05774,BUS,1,96.05774,11.00000,0-17,True,False,1.00000,1.00000,no_licence,False,False,False,general,3.00000,HBE,5,12.16000,24.09000,20.33000,15.57000,3.40000,0.85000,0.00000,12.16000,20.33000,1,11.93000,8.17000,2.77141,<3,1.66092,transit
3-24000029780-2,24000029780.00000,1,2,204,206,0.95646,67.29448,BUS,1,70.35793,53.00000,35-64,True,True,1.00000,2.00000,competition,True,False,False,general,2.00000,HBW,3,9.89000,17.76000,16.70000,7.92000,4.21000,0.71000,0.00000,9.89000,16.70000,1,7.87000,6.81000,2.20998,<3,1.16358,transit
3-24000029947-2,24000029947.00000,1,2,204,206,0.95646,56.62059,CAR,0,59.19813,36.00000,35-64,True,True,2.00000,2.00000,car_available,True,True,False,general,3.00000,HBO,10,9.89000,17.76000,16.70000,7.92000,4.21000,0.71000,0.00000,9.89000,16.70000,1,7.87000,6.81000,2.20998,<3,0.97902,car
3-24000029947-2,24000029947.00000,1,3,206,207,0.76688,45.39764,CAR,0,59.19813,36.00000,35-64,True,True,2.00000,2.00000,car_available,True,True,False,general,3.00000,NHB,10,7.88000,12.67000,14.65000,5.24000,3.28000,0.44000,0.00000,7.88000,12.67000,1,4.79000,4.79000,1.17370,<3,0.78496,car
3-24000029947-2,24000029947.00000,2,2,204,206,0.95646,56.62059,CAR,0,59.19813,36.00000,35-64,True,True,2.00000,2.00000,car_available,True,True,False,general,3.00000,HBO,10,9.89000,17.76000,16.70000,7.92000,4.21000,0.71000,0.00000,9.89000,16.70000,1,7.87000,6.81000,2.20998,<3,0.97902,car
3-24000029947-2,24000029947.00000,2,3,206,207,0.76688,45.39764,CAR,0,59.19813,36.00000,35-64,True,True,2.00000,2.00000,car_available,True,True,False,general,3.00000,NHB,10,7.88000,12.67000,14.65000,5.24000,3.28000,0.44000,0.00000,7.88000,12.67000,1,4.79000,4.79000,1.17370,<3,0.78496,car
3-24000029947-3,24000029947.00000,1,2,204,206,0.95646,56.62059,CAR,0,59.19813,3.00000,0-17,False,False,2.00000,2.00000,no_licence,False,False,False,general,3.00000,HBE,11,9.89000,17.76000,16.70000,7.92000,4.21000,0.71000,0.00000,9.89000,16.70000,1,7.87000,6.81000,2.20998,<3,0.97902,car
3-24000029947-3,24000029947.00000,2,2,204,206,0.95646,56.62059,CAR,0,59.19813,3.00000,0-17,False,False,2.00000,2.00000,no_licence,False,False,False,general,3.00000,HBE,11,9.89000,17.76000,16.70000,7.92000,4.21000,0.71000,0.00000,9.89000,16.70000,1,7.87000,6.81000,2.20998,<3,0.97902,car
3-24000029966-1,24000029966.00000,2,2,204,208,0.09740,4.69397,CAR,0,48.19054,29.00000,25-34,True,True,1.00000,2.00000,competition,True,False,False,general,3.00000,NHB,10,14.54000,27.59000,24.17000,19.02000,3.43000,0.85000,0.00000,14.54000,24.17000,1,13.05000,9.63000,3.68029,3-6,0.08116,car
3-24000029966-1,24000029966.00000,2,2,204,209,0.15146,7.29886,CAR,0,48.19054,29.00000,25-34,True,True,1.00000,2.00000,competition,True,False,False,general,3.00000,NHB,10,17.52000,31.24000,31.56000,20.55000,4.09000,1.25000,0.00000,17.52000,31.24000,1,13.72000,13.72000,5.27695,3-6,0.12620,car
3-24000030059-1,24000030059.00000,2,3,204,208,1.00000,48.19054,BUS,1,48.19054,27.00000,25-34,True,True,1.00000,1.00000,car_available,True,False,False,general,3.00000,NHB,3,14.54000,27.59000,24.17000,19.02000,3.43000,0.85000,0.00000,14.54000,24.17000,1,13.05000,9.63000,3.68029,3-6,0.83325,transit
3-24000030059-2,24000030059.00000,1,2,204,202,1.00000,48.19054,BUS,1,48.19054,32.00000,25-34,False,False,1.00000,1.00000,no_licence,True,False,False,general,3.00000,HBW,5,12.77000,18.53000,22.93000,8.12000,4.56000,0.64000,0.00000,12.77000,18.53000,1,5.76000,5.76000,3.48100,3-6,0.83325,transit
3-24000030059-2,24000030059.00000,2,2,204,202,1.00000,48.19054,BUS,1,48.19054,32.00000,25-34,False,False,1.00000,1.00000,no_licence,True,False,False,general,3.00000,HBW,5,12.77000,18.53000,22.93000,8.12000,4.56000,0.64000,0.00000,12.77000,18.53000,1,5.76000,5.76000,3.48100,3-6,0.83325,transit
3-24000030245-1,24000030245.00000,1,2,204,206,1.00000,51.75719,CAR,0,51.75719,36.00000,35-64,True,True,1.00000,2.00000,competition,True,False,False,general,4.00000,HBO,10,9.89000,17.76000,16.70000,7.92000,4.21000,0.71000,0.00000,9.89000,16.70000,1,7.87000,6.81000,2.20998,<3,0.89492,car
3-24000030245-1,24000030245.00000,1,3,206,204,1.00000,51.75719,CAR,0,51.75719,36.00000,35-64,True,True,1.00000,2.00000,competition,True,False,False,general,4.00000,NHB,10,8.36000,18.38000,20.04000,9.84000,3.57000,0.70000,0.00000,8.36000,18.38000,1,10.02000,10.02000,2.20998,<3,0.89492,car
3-24000030245-1,24000030245.00000,2,2,204,206,1.00000,51.75719,CAR,0,51.75719,36.00000,35-64,True,True,1.00000,2.00000,competition,True,False,False,general,4.00000,HBO,10,9.89000,17.76000,16.70000,7.92000,4.21000,0.71000,0.00000,9.89000,16.70000,1,7.87000,6.81000,2.20998,<3,0.89492,car
3-24000030245-1,24000030245.00000,2,3,206,204,1.00000,51.75719,CAR,0,51.75719,36.00000,35-64,True,True,1.00000,2.00000,competition,True,False,False,general,4.00000,NHB,10,8.36000,18.38000,20.04000,9.84000,3.57000,0.70000,0.00000,8.36000,18.38000,1,10.02000,10.02000,2.20998,<3,0.89492,car
3-24000030245-3,24000030245.00000,1,2,204,206,1.00000,51.75719,CAR,0,51.75719,6.00000,0-17,True,False,1.00000,2.00000,no_licence,False,False,False,general,4.00000,HBE,11,9.89000,17.76000,16.70000,7.92000,4.21000,0.71000,0.00000,9.89000,16.70000,1,7.87000,6.81000,2.20998,<3,0.89492,car
3-24000030245-3,24000030245.00000,2,2,204,206,1.00000,51.75719,CAR,0,51.75719,6.00000,0-17,True,False,1.00000,2.00000,no_licence,False,False,False,general,4.00000,HBE,11,9.89000,17.76000,16.70000,7.92000,4.21000,0.71000,0.00000,9.89000,16.70000,1,7.87000,6.81000,2.20998,<3,0.89492,car
3-24000030245-4,24000030245.00000,1,2,204,206,1.00000,51.75719,CAR,0,51.75719,3.00000,0-17,True,False,1.00000,2.00000,no_licence,False,False,False,general,4.00000,HBO,11,9.89000,17.76000,16.70000,7.92000,4.21000,0.71000,0.00000,9.89000,16.70000,1,7.87000,6.81000,2.20998,<3,0.89492,car
3-24000030245-4,24000030245.00000,1,3,206,204,1.00000,51.75719,CAR,0,51.75719,3.00000,0-17,True,False,1.00000,2.00000,no_licence,False,False,False,general,4.00000,NHB,11,8.36000,18.38000,20.04000,9.84000,3.57000,0.70000,0.00000,8.36000,18.38000,1,10.02000,10.02000,2.20998,<3,0.89492,car
3-24000030245-4,24000030245.00000,2,2,204,206,1.00000,51.75719,CAR,0,51.75719,3.00000,0-17,True,False,1.00000,2.00000,no_licence,False,False,False,general,4.00000,HBO,11,9.89000,17.76000,16.70000,7.92000,4.21000,0.71000,0.00000,9.89000,16.70000,1,7.87000,6.81000,2.20998,<3,0.89492,car
3-24000030245-4,24000030245.00000,2,3,206,204,1.00000,51.75719,CAR,0,51.75719,3.00000,0-17,True,False,1.00000,2.00000,no_licence,False,False,False,general,4.00000,NHB,11,8.36000,18.38000,20.04000,9.84000,3.57000,0.70000,0.00000,8.36000,18.38000,1,10.02000,10.02000,2.20998,<3,0.89492,car
3-24000030285-1,24000030285.00000,1,2,204,206,0.95646,70.16506,BUS,1,73.35919,63.00000,35-64,True,False,0.00000,0.00000,no_car_hh,True,False,False,general,1.00000,HBW,3,9.89000,17.76000,16.70000,7.92000,4.21000,0.71000,0.00000,9.89000,16.70000,1,7.87000,6.81000,2.20998,<3,1.21321,transit
3-24000030285-1,24000030285.00000,2,2,204,203,0.71314,52.31553,BUS,1,73.35919,63.00000,35-64,True,False,0.00000,0.00000,no_car_hh,True,False,False,general,1.00000,HBW,3,7.84000,17.69000,20.93000,3.19000,6.71000,0.54000,0.00000,7.84000,17.69000,1,9.85000,9.85000,1.26550,<3,0.90458,transit
3-24000030431-1,24000030431.00000,1,2,204,206,0.95646,73.79934,BUS,1,77.15890,14.00000,0-17,True,False,1.00000,2.00000,no_licence,False,False,False,general,3.00000,HBE,3,9.89000,17.76000,16.70000,7.92000,4.21000,0.71000,0.00000,9.89000,16.70000,1,7.87000,6.81000,2.20998,<3,1.27605,transit
3-24000030431-1,24000030431.00000,2,2,204,206,0.95646,73.79934,CAR,0,77.15890,14.00000,0-17,True,False,1.00000,2.00000,no_licence,False,False,False,general,3.00000,HBE,11,9.89000,17.76000,16.70000,7.92000,4.21000,0.71000,0.00000,9.89000,16.70000,1,7.87000,6.81000,2.20998,<3,1.27605,car
3-24000030431-2,24000030431.00000,1,4,204,210,0.65982,50.91121,CAR,0,77.15890,47.00000,35-64,False,True,1.00000,2.00000,competition,True,False,False,general,3.00000,HBW,10,21.59000,45.42000,47.89000,23.73000,9.08000,1.76000,0.00000,21.59000,45.42000,1,23.83000,23.83000,7.91920,6-10,0.88030,car
3-24000030431-2,24000030431.00000,2,2,204,206,0.95646,73.79934,CAR,0,77.15890,47.00000,35-64,False,True,1.00000,2.00000,competition,True,False,False,general,3.00000,HBO,10,9.89000,17.76000,16.70000,7.92000,4.21000,0.71000,0.00000,9.89000,16.70000,1,7.87000,6.81000,2.20998,<3,1.27605,car
3-24000030431-2,24000030431.00000,2,3,206,210,0.50600,39.04259,CAR,0,77.15890,47.00000,35-64,False,True,1.00000,2.00000,competition,True,False,False,general,3.00000,NHB,10,20.53000,41.13000,42.21000,21.51000,8.96000,0.85000,0.00000,20.53000,41.13000,1,20.60000,20.60000,6.74928,6-10,0.67508,car
3-24000030451-1,24000030451.00000,1,2,204,203,0.71314,50.17520,CAR,0,70.35793,47.00000,35-64,False,True,1.00000,1.00000,car_available,True,False,False,general,2.00000,HBO,10,7.84000,17.69000,20.93000,3.19000,6.71000,0.54000,0.00000,7.84000,17.69000,1,9.85000,9.85000,1.26550,<3,0.86757,car
3-24000030451-1,24000030451.00000,1,3,203,202,0.64835,45.61645,CAR,0,70.35793,47.00000,35-64,False,True,1.00000,1.00000,car_available,True,False,False,general,2.00000,NHB,10,11.52000,17.50000,22.97000,5.47000,5.33000,0.68000,0.00000,11.52000,17.50000,1,5.98000,5.98000,2.22215,<3,0.78875,car
3-24000030451-1,24000030451.00000,1,3,204,202,0.35165,24.74148,CAR,0,70.35793,47.00000,35-64,False,True,1.00000,1.00000,car_available,True,False,False,general,2.00000,NHB,10,12.77000,18.53000,22.93000,8.12000,4.56000,0.64000,0.00000,12.77000,18.53000,1,5.76000,5.76000,3.48100,3-6,0.42780,car
3-24000030451-1,24000030451.00000,2,2,204,210,0.65982,46.42377,CAR,0,70.35793,47.00000,35-64,False,True,1.00000,1.00000,car_available,True,False,False,general,2.00000,HBW,10,21.59000,45.42000,47.89000,23.73000,9.08000,1.76000,0.00000,21.59000,45.42000,1,23.83000,23.83000,7.91920,6-10,0.80271,car
3-24000030451-1,24000030451.00000,2,3,210,202,0.11157,7.84985,CAR,0,70.35793,47.00000,35-64,False,True,1.00000,1.00000,car_available,True,False,False,general,2.00000,NHB,10,22.09000,52.66000,32.08000,34.76000,8.30000,0.65000,0.00000,22.09000,32.08000,1,30.57000,9.99000,7.02822,6-10,0.13573,car
3-24000030451-2,24000030451.00000,2,2,204,208,0.09740,6.85317,BUS,1,70.35793,46.00000,35-64,True,False,1.00000,1.00000,no_licence,False,False,False,general,2.00000,HBO,3,14.54000,27.59000,24.17000,19.02000,3.43000,0.85000,0.00000,14.54000,24.17000,1,13.05000,9.63000,3.68029,3-6,0.11850,transit
3-24000030451-2,24000030451.00000,2,2,204,209,0.15146,10.65630,BUS,1,70.35793,46.00000,35-64,True,False,1.00000,1.00000,no_licence,False,False,False,general,2.00000,HBO,3,17.52000,31.24000,31.56000,20.55000,4.09000,1.25000,0.00000,17.52000,31.24000,1,13.72000,13.72000,5.27695,3-6,0.18426,transit
3-24000030471-1,24000030471.00000,1,2,204,208,0.39459,39.21276,BUS,1,99.37576,70.00000,65+,True,True,1.00000,2.00000,competition,False,False,False,general,2.00000,HBE,3,14.54000,27.59000,24.17000,19.02000,3.43000,0.85000,0.00000,14.54000,24.17000,1,13.05000,9.63000,3.68029,3-6,0.67802,transit
3-24000030471-2,24000030471.00000,2,3,204,203,0.71314,70.86904,CAR,0,99.37576,75.00000,65+,False,True,1.00000,2.00000,competition,False,False,False,general,2.00000,HBO,10,7.84000,17.69000,20.93000,3.19000,6.71000,0.54000,0.00000,7.84000,17.69000,1,9.85000,9.85000,1.26550,<3,1.22538,car
3-24000030471-2,24000030471.00000,2,4,203,210,0.42780,42.51246,CAR,0,99.37576,75.00000,65+,False,True,1.00000,2.00000,competition,False,False,False,general,2.00000,NHB,10,20.51000,49.51000,52.65000,26.94000,9.85000,1.43000,0.00000,20.51000,49.51000,1,29.00000,29.00000,7.52024,6-10,0.73508,car
3-24000030471-2,24000030471.00000,2,4,204,210,0.23203,23.05794,CAR,0,99.37576,75.00000,65+,False,True,1.00000,2.00000,competition,False,False,False,general,2.00000,NHB,10,21.59000,45.42000,47.89000,23.73000,9.08000,1.76000,0.00000,21.59000,45.42000,1,23.83000,23.83000,7.91920,6-10,0.39869,car
3-24000031421-1,24000031421.00000,1,2,205,208,1.00000,71.02738,CAR,0,71.02738,48.00000,35-64,False,True,2.00000,3.00000,competition,True,False,False,general,5.00000,HBO,10,12.18000,17.47000,21.40000,10.73000,2.34000,1.03000,0.00000,12.18000,17.47000,1,5.29000,5.29000,3.60260,3-6,1.22812,car
3-24000031700-1,24000031700.00000,2,2,206,209,0.10084,7.81397,CAR,0,77.48849,40.00000,35-64,False,True,2.00000,2.00000,car_available,True,False,False,general,7.00000,HBW,10,14.80000,24.78000,25.88000,15.21000,3.97000,0.81000,0.00000,14.80000,24.78000,1,9.98000,9.98000,4.03772,3-6,0.13511,car
3-24000031700-1,24000031700.00000,2,3,209,210,0.12595,9.76000,CAR,0,77.48849,40.00000,35-64,False,True,2.00000,2.00000,car_available,True,False,False,general,7.00000,NHB,10,11.70000,24.43000,25.13000,6.36000,8.44000,0.59000,0.00000,11.70000,24.43000,1,12.73000,12.73000,2.72031,<3,0.16876,car
3-24000031700-2,24000031700.00000,2,4,206,210,0.65982,51.12868,CAR,0,77.48849,38.00000,35-64,True,True,2.00000,2.00000,car_available,True,False,False,general,7.00000,NHB,10,20.53000,41.13000,42.21000,21.51000,8.96000,0.85000,0.00000,20.53000,41.13000,1,20.60000,20.60000,6.74928,6-10,0.88406,car
3-24000031900-1,24000031900.00000,1,2,204,202,1.00000,76.19373,BUS,1,76.19373,35.00000,35-64,False,True,1.00000,2.00000,competition,True,False,False,general,5.00000,HBW,3,12.77000,18.53000,22.93000,8.12000,4.56000,0.64000,0.00000,12.77000,18.53000,1,5.76000,5.76000,3.48100,3-6,1.31745,transit
3-24000031900-2,24000031900.00000,1,2,204,205,1.00000,76.19373,CAR,0,76.19373,35.00000,35-64,True,True,1.00000,2.00000,competition,True,False,False,general,5.00000,HBO,10,6.62000,7.44000,11.61000,1.22000,2.51000,0.60000,0.00000,6.62000,7.44000,1,0.82000,0.82000,0.91997,<3,1.31745,car
3-24000031900-2,24000031900.00000,2,2,204,205,1.00000,76.19373,CAR,0,76.19373,35.00000,35-64,True,True,1.00000,2.00000,competition,True,False,False,general,5.00000,HBO,10,6.62000,7.44000,11.61000,1.22000,2.51000,0.60000,0.00000,6.62000,7.44000,1,0.82000,0.82000,0.91997,<3,1.31745,car
3-24000031900-2,24000031900.00000,2,3,205,204,1.00000,76.19373,CAR,0,76.19373,35.00000,35-64,True,True,1.00000,2.00000,competition,True,False,False,general,5.00000,NHB,10,7.37000,8.68000,13.48000,2.26000,2.61000,0.60000,0.00000,7.37000,8.68000,1,1.31000,1.31000,0.91997,<3,1.31745,car
3-24000031900-3,24000031900.00000,1,2,204,205,1.00000,76.19373,CAR,0,76.19373,5.00000,0-17,False,False,1.00000,2.00000,no_licence,False,False,False,general,5.00000,HBO,11,6.62000,7.44000,11.61000,1.22000,2.51000,0.60000,0.00000,6.62000,7.44000,1,0.82000,0.82000,0.91997,<3,1.31745,car
3-24000031900-3,24000031900.00000,1,3,205,204,1.00000,76.19373,CAR,0,76.19373,5.00000,0-17,False,False,1.00000,2.00000,no_licence,False,False,False,general,5.00000,NHB,11,7.37000,8.68000,13.48000,2.26000,2.61000,0.60000,0.00000,7.37000,8.68000,1,1.31000,1.31000,0.91997,<3,1.31745,car
3-24000031900-4,24000031900.00000,1,2,204,205,1.00000,76.19373,CAR,0,76.19373,1.00000,0-17,False,False,1.00000,2.00000,no_licence,False,False,False,general,5.00000,HBE,11,6.62000,7.44000,11.61000,1.22000,2.51000,0.60000,0.00000,6.62000,7.44000,1,0.82000,0.82000,0.91997,<3,1.31745,car
3-24000031900-4,24000031900.00000,2,2,204,205,1.00000,76.19373,CAR,0,76.19373,1.00000,0-17,False,False,1.00000,2.00000,no_licence,False,False,False,general,5.00000,HBE,11,6.62000,7.44000,11.61000,1.22000,2.51000,0.60000,0.00000,6.62000,7.44000,1,0.82000,0.82000,0.91997,<3,1.31745,car
3-24000033872-2,24000033872.00000,1,2,203,204,0.18598,22.29898,CAR,0,119.89740,60.00000,35-64,True,True,3.00000,4.00000,competition,False,False,False,general,7.00000,HBO,10,8.50000,13.13000,18.15000,3.22000,4.47000,0.49000,0.00000,8.50000,13.13000,1,4.63000,4.63000,1.26550,<3,0.38557,car
3-24000033872-2,24000033872.00000,1,2,204,203,0.25078,30.06758,CAR,0,119.89740,60.00000,35-64,True,True,3.00000,4.00000,competition,False,False,False,general,7.00000,HBO,10,7.84000,17.69000,20.93000,3.19000,6.71000,0.54000,0.00000,7.84000,17.69000,1,9.85000,9.85000,1.26550,<3,0.51989,car
3-24000033872-2,24000033872.00000,2,4,203,202,0.64835,77.73528,CAR,0,119.89740,60.00000,35-64,True,True,3.00000,4.00000,competition,False,False,False,general,7.00000,HBO,10,11.52000,17.50000,22.97000,5.47000,5.33000,0.68000,0.00000,11.52000,17.50000,1,5.98000,5.98000,2.22215,<3,1.34411,car
3-24000033872-2,24000033872.00000,2,4,204,202,0.35165,42.16212,CAR,0,119.89740,60.00000,35-64,True,True,3.00000,4.00000,competition,False,False,False,general,7.00000,HBO,10,12.77000,18.53000,22.93000,8.12000,4.56000,0.64000,0.00000,12.77000,18.53000,1,5.76000,5.76000,3.48100,3-6,0.72902,car
3-24000033912-1,24000033912.00000,1,2,203,202,0.64835,107.93710,CAR,0,166.48010,54.00000,35-64,False,True,1.00000,1.00000,car_available,True,False,False,general,1.00000,HBW,10,11.52000,17.50000,22.97000,5.47000,5.33000,0.68000,0.00000,11.52000,17.50000,1,5.98000,5.98000,2.22215,<3,1.86632,car
3-24000033912-1,24000033912.00000,1,2,204,202,0.35165,58.54300,CAR,0,166.48010,54.00000,35-64,False,True,1.00000,1.00000,car_available,True,False,False,general,1.00000,HBW,10,12.77000,18.53000,22.93000,8.12000,4.56000,0.64000,0.00000,12.77000,18.53000,1,5.76000,5.76000,3.48100,3-6,1.01226,car
3-24000033912-1,24000033912.00000,2,2,203,202,0.64835,107.93710,CAR,0,166.48010,54.00000,35-64,False,True,1.00000,1.00000,car_available,True,False,False,general,1.00000,HBW,10,11.52000,17.50000,22.97000,5.47000,5.33000,0.68000,0.00000,11.52000,17.50000,1,5.98000,5.98000,2.22215,<3,1.86632,car
3-24000033912-1,24000033912.00000,2,2,204,202,0.35165,58.54300,CAR,0,166.48010,54.00000,35-64,False,True,1.00000,1.00000,car_available,True,False,False,general,1.00000,HBW,10,12.77000,18.53000,22.93000,8.12000,4.56000,0.64000,0.00000,12.77000,18.53000,1,5.76000,5.76000,3.48100,3-6,1.01226,car
3-24000034058-2,24000034058.00000,1,3,205,201,1.00000,141.27947,BUS,1,141.27947,22.00000,18-24,True,False,1.00000,1.00000,no_licence,True,False,False,general,6.00000,NHB,5,20.61000,35.58000,,14.85000,4.37000,6.00000,0.00000,20.61000,35.58000,0,14.97000,14.97000,7.51893,6-10,2.44284,transit
3-24000034058-2,24000034058.00000,2,3,205,201,1.00000,141.27947,BUS,1,141.27947,22.00000,18-24,True,False,1.00000,1.00000,no_licence,True,False,False,general,6.00000,NHB,5,20.61000,35.58000,,14.85000,4.37000,6.00000,0.00000,20.61000,35.58000,0,14.97000,14.97000,7.51893,6-10,2.44284,transit
3-24000034058-3,24000034058.00000,1,2,203,206,0.62012,87.61004,BUS,1,141.27947,17.00000,0-17,True,False,1.00000,1.00000,no_licence,False,True,False,general,6.00000,HBE,5,12.93000,22.67000,21.45000,11.10000,4.97000,0.81000,0.00000,12.93000,21.45000,1,9.74000,8.52000,3.02113,3-6,1.51485,transit
3-24000034058-3,24000034058.00000,1,2,204,206,0.33634,47.51800,BUS,1,141.27947,17.00000,0-17,True,False,1.00000,1.00000,no_licence,False,True,False,general,6.00000,HBE,5,9.89000,17.76000,16.70000,7.92000,4.21000,0.71000,0.00000,9.89000,16.70000,1,7.87000,6.81000,2.20998,<3,0.82163,transit
3-24000034058-3,24000034058.00000,2,2,203,206,0.62012,87.61004,BUS,1,141.27947,17.00000,0-17,True,False,1.00000,1.00000,no_licence,False,True,False,general,6.00000,HBE,5,12.93000,22.67000,21.45000,11.10000,4.97000,0.81000,0.00000,12.93000,21.45000,1,9.74000,8.52000,3.02113,3-6,1.51485,transit
3-24000034058-3,24000034058.00000,2,2,204,206,0.33634,47.51800,BUS,1,141.27947,17.00000,0-17,True,False,1.00000,1.00000,no_licence,False,True,False,general,6.00000,HBE,5,9.89000,17.76000,16.70000,7.92000,4.21000,0.71000,0.00000,9.89000,16.70000,1,7.87000,6.81000,2.20998,<3,0.82163,transit
3-24000034058-4,24000034058.00000,1,2,203,208,0.25583,36.14385,BUS,1,141.27947,57.00000,35-64,True,False,1.00000,1.00000,no_licence,True,False,False,general,6.00000,HBW,3,14.15000,30.86000,28.93000,20.75000,4.20000,0.85000,0.00000,14.15000,28.93000,1,16.71000,14.78000,3.84100,3-6,0.62496,transit
3-24000034058-4,24000034058.00000,1,2,204,208,0.13876,19.60373,BUS,1,141.27947,57.00000,35-64,True,False,1.00000,1.00000,no_licence,True,False,False,general,6.00000,HBW,3,14.54000,27.59000,24.17000,19.02000,3.43000,0.85000,0.00000,14.54000,24.17000,1,13.05000,9.63000,3.68029,3-6,0.33896,transit
3-24000034058-4,24000034058.00000,2,2,203,208,0.25583,36.14385,BUS,1,141.27947,57.00000,35-64,True,False,1.00000,1.00000,no_licence,True,False,False,general,6.00000,HBW,3,14.15000,30.86000,28.93000,20.75000,4.20000,0.85000,0.00000,14.15000,28.93000,1,16.71000,14.78000,3.84100,3-6,0.62496,transit
3-24000034058-4,24000034058.00000,2,2,204,208,0.13876,19.60373,BUS,1,141.27947,57.00000,35-64,True,False,1.00000,1.00000,no_licence,True,False,False,general,6.00000,HBW,3,14.54000,27.59000,24.17000,19.02000,3.43000,0.85000,0.00000,14.54000,24.17000,1,13.05000,9.63000,3.68029,3-6,0.33896,transit
3-24000034862-1,24000034862.00000,1,2,206,210,0.65982,48.71904,CAR,0,73.83655,54.00000,35-64,False,True,0.00000,1.00000,no_car_hh,True,False,False,general,2.00000,HBW,10,20.53000,41.13000,42.21000,21.51000,8.96000,0.85000,0.00000,20.53000,41.13000,1,20.60000,20.60000,6.74928,6-10,0.84239,car
3-24000035307-1,24000035307.00000,1,2,205,207,1.00000,109.36281,CAR,0,109.36281,27.00000,25-34,True,False,1.00000,1.00000,no_licence,True,False,False,general,3.00000,HBO,11,16.99000,13.63000,17.56000,6.93000,2.31000,1.03000,0.00000,16.99000,13.63000,1,-3.36000,-3.36000,2.62693,<3,1.89097,car
3-24000035307-1,24000035307.00000,1,3,207,210,0.65982,72.16008,CAR,0,109.36281,27.00000,25-34,True,False,1.00000,1.00000,no_licence,True,False,False,general,3.00000,NHB,11,15.92000,36.34000,36.95000,16.20000,8.87000,1.20000,0.00000,15.92000,36.34000,1,20.42000,20.42000,5.59090,3-6,1.24771,car
3-24000035307-1,24000035307.00000,2,2,205,207,1.00000,109.36281,CAR,0,109.36281,27.00000,25-34,True,False,1.00000,1.00000,no_licence,True,False,False,general,3.00000,HBO,11,16.99000,13.63000,17.56000,6.93000,2.31000,1.03000,0.00000,16.99000,13.63000,1,-3.36000,-3.36000,2.62693,<3,1.89097,car
3-24000035307-1,24000035307.00000,2,3,207,210,0.65982,72.16008,CAR,0,109.36281,27.00000,25-34,True,False,1.00000,1.00000,no_licence,True,False,False,general,3.00000,NHB,11,15.92000,36.34000,36.95000,16.20000,8.87000,1.20000,0.00000,15.92000,36.34000,1,20.42000,20.42000,5.59090,3-6,1.24771,car
3-24000035307-2,24000035307.00000,1,2,205,207,1.00000,109.36281,CAR,0,109.36281,28.00000,25-34,False,True,1.00000,1.00000,car_available,True,True,False,general,3.00000,HBO,10,16.99000,13.63000,17.56000,6.93000,2.31000,1.03000,0.00000,16.99000,13.63000,1,-3.36000,-3.36000,2.62693,<3,1.89097,car
3-24000035307-2,24000035307.00000,1,3,207,210,0.65982,72.16008,CAR,0,109.36281,28.00000,25-34,False,True,1.00000,1.00000,car_available,True,True,False,general,3.00000,NHB,10,15.92000,36.34000,36.95000,16.20000,8.87000,1.20000,0.00000,15.92000,36.34000,1,20.42000,20.42000,5.59090,3-6,1.24771,car
3-24000035307-2,24000035307.00000,2,2,205,207,1.00000,109.36281,CAR,0,109.36281,28.00000,25-34,False,True,1.00000,1.00000,car_available,True,True,False,general,3.00000,HBO,10,16.99000,13.63000,17.56000,6.93000,2.31000,1.03000,0.00000,16.99000,13.63000,1,-3.36000,-3.36000,2.62693,<3,1.89097,car
3-24000035307-2,24000035307.00000,2,3,207,210,0.65982,72.16008,CAR,0,109.36281,28.00000,25-34,False,True,1.00000,1.00000,car_available,True,True,False,general,3.00000,NHB,10,15.92000,36.34000,36.95000,16.20000,8.87000,1.20000,0.00000,15.92000,36.34000,1,20.42000,20.42000,5.59090,3-6,1.24771,car
3-24000035307-3,24000035307.00000,1,2,205,207,1.00000,109.36281,CAR,0,109.36281,2.00000,0-17,False,False,1.00000,1.00000,no_licence,False,False,False,general,3.00000,HBO,11,16.99000,13.63000,17.56000,6.93000,2.31000,1.03000,0.00000,16.99000,13.63000,1,-3.36000,-3.36000,2.62693,<3,1.89097,car
3-24000035307-3,24000035307.00000,2,2,205,207,1.00000,109.36281,CAR,0,109.36281,2.00000,0-17,False,False,1.00000,1.00000,no_licence,False,False,False,general,3.00000,HBE,11,16.99000,13.63000,17.56000,6.93000,2.31000,1.03000,0.00000,16.99000,13.63000,1,-3.36000,-3.36000,2.62693,<3,1.89097,car
3-24000035752-1,24000035752.00000,2,2,204,202,0.00000,0.00000,BUS,1,83.16449,26.00000,25-34,True,True,2.00000,2.00000,car_available,True,False,False,general,3.00000,HBW,3,12.77000,18.53000,22.93000,8.12000,4.56000,0.64000,0.00000,12.77000,18.53000,1,5.76000,5.76000,3.48100,3-6,0.00000,transit
3-24000035958-2,24000035958.00000,1,2,204,202,1.00000,120.14040,BUS,1,120.14040,26.00000,25-34,True,False,0.00000,0.00000,no_car_hh,True,False,False,general,3.00000,HBW,3,12.77000,18.53000,22.93000,8.12000,4.56000,0.64000,0.00000,12.77000,18.53000,1,5.76000,5.76000,3.48100,3-6,2.07733,transit
3-24000035958-3,24000035958.00000,1,2,204,206,0.95646,114.90938,BUS,1,120.14040,17.00000,0-17,False,False,0.00000,0.00000,no_car_hh,False,True,False,general,3.00000,HBE,3,9.89000,17.76000,16.70000,7.92000,4.21000,0.71000,0.00000,9.89000,16.70000,1,7.87000,6.81000,2.20998,<3,1.98688,transit
3-24000035958-3,24000035958.00000,2,2,204,206,0.95646,114.90938,BUS,1,120.14040,17.00000,0-17,False,False,0.00000,0.00000,no_car_hh,False,True,False,general,3.00000,HBE,3,9.89000,17.76000,16.70000,7.92000,4.21000,0.71000,0.00000,9.89000,16.70000,1,7.87000,6.81000,2.20998,<3,1.98688,transit
3-24000036011-3,24000036011.00000,1,2,204,206,0.95646,87.35090,BUS,1,91.32737,11.00000,0-17,True,False,0.00000,1.00000,no_car_hh,False,False,False,general,5.00000,HBE,3,9.89000,17.76000,16.70000,7.92000,4.21000,0.71000,0.00000,9.89000,16.70000,1,7.87000,6.81000,2.20998,<3,1.51037,transit
3-24000036011-3,24000036011.00000,2,2,204,206,0.95646,87.35090,BUS,1,91.32737,11.00000,0-17,True,False,0.00000,1.00000,no_car_hh,False,False,False,general,5.00000,HBE,3,9.89000,17.76000,16.70000,7.92000,4.21000,0.71000,0.00000,9.89000,16.70000,1,7.87000,6.81000,2.20998,<3,1.51037,transit
3-24000036011-4,24000036011.00000,1,2,204,206,0.95646,87.35090,BUS,1,91.32737,6.00000,0-17,False,False,0.00000,1.00000,no_car_hh,False,False,False,general,5.00000,HBE,3,9.89000,17.76000,16.70000,7.92000,4.21000,0.71000,0.00000,9.89000,16.70000,1,7.87000,6.81000,2.20998,<3,1.51037,transit
3-24000036011-4,24000036011.00000,2,2,204,206,0.95646,87.35090,BUS,1,91.32737,6.00000,0-17,False,False,0.00000,1.00000,no_car_hh,False,False,False,general,5.00000,HBE,3,9.89000,17.76000,16.70000,7.92000,4.21000,0.71000,0.00000,9.89000,16.70000,1,7.87000,6.81000,2.20998,<3,1.51037,transit
3-24000036755-1,24000036755.00000,2,2,202,210,0.00000,0.00000,BUS,1,269.93144,38.00000,35-64,False,True,1.00000,2.00000,competition,True,False,False,general,8.00000,HBW,3,20.06000,54.59000,36.24000,32.14000,10.45000,0.77000,0.00000,20.06000,36.24000,1,34.53000,16.18000,7.02822,6-10,0.00000,transit
3-24000036755-2,24000036755.00000,1,6,207,206,1.00000,269.93144,CAR,0,269.93144,36.00000,35-64,True,True,1.00000,2.00000,competition,True,False,False,general,8.00000,NHB,10,10.11000,10.55000,12.89000,1.74000,4.00000,0.41000,0.00000,10.11000,10.55000,1,0.44000,0.44000,1.17370,<3,4.66734,car
3-24000036755-5,24000036755.00000,2,2,202,207,0.00000,0.00000,BUS,1,269.93144,12.00000,0-17,False,False,1.00000,2.00000,no_licence,False,False,False,general,8.00000,HBE,3,15.33000,34.90000,30.93000,23.36000,4.77000,1.00000,0.00000,15.33000,30.93000,1,19.57000,15.60000,4.42872,3-6,0.00000,transit
3-24000036755-6,24000036755.00000,2,2,202,207,0.00000,0.00000,BUS,1,269.93144,9.00000,0-17,True,False,1.00000,2.00000,no_licence,False,False,False,general,8.00000,HBE,3,15.33000,34.90000,30.93000,23.36000,4.77000,1.00000,0.00000,15.33000,30.93000,1,19.57000,15.60000,4.42872,3-6,0.00000,transit
3-24000037499-1,24000037499.00000,1,3,208,207,1.00000,249.18979,CAR,0,249.18979,54.00000,35-64,False,True,2.00000,4.00000,competition,True,False,False,general,4.00000,NHB,10,7.07000,11.37000,15.43000,3.82000,3.29000,0.48000,0.00000,7.07000,11.37000,1,4.30000,4.30000,0.97962,<3,4.30870,car
3-24000037499-1,24000037499.00000,2,3,208,207,1.00000,249.18979,CAR,0,249.18979,54.00000,35-64,False,True,2.00000,4.00000,competition,True,False,False,general,4.00000,NHB,10,7.07000,11.37000,15.43000,3.82000,3.29000,0.48000,0.00000,7.07000,11.37000,1,4.30000,4.30000,0.97962,<3,4.30870,car
3-24000037499-1,24000037499.00000,2,4,207,208,0.09740,24.27217,CAR,0,249.18979,54.00000,35-64,False,True,2.00000,4.00000,competition,True,False,False,general,4.00000,NHB,10,8.58000,11.34000,13.23000,3.79000,3.22000,0.56000,0.00000,8.58000,11.34000,1,2.76000,2.76000,0.97962,<3,0.41969,car
3-24000037499-1,24000037499.00000,2,4,207,209,0.15146,37.74188,CAR,0,249.18979,54.00000,35-64,False,True,2.00000,4.00000,competition,True,False,False,general,4.00000,NHB,10,12.31000,19.61000,20.61000,9.84000,3.88000,1.00000,0.00000,12.31000,19.61000,1,7.30000,7.30000,2.87317,<3,0.65259,car
3-24000037852-1,24000037852.00000,1,3,202,208,0.00000,0.00000,CAR,0,177.97364,43.00000,35-64,False,True,1.00000,2.00000,competition,False,False,False,general,4.00000,NHB,10,17.00000,38.40000,34.78000,26.81000,4.80000,1.00000,0.00000,17.00000,34.78000,1,21.40000,17.78000,4.74249,3-6,0.00000,car
3-24000037852-1,24000037852.00000,1,3,202,209,0.00000,0.00000,CAR,0,177.97364,43.00000,35-64,False,True,1.00000,2.00000,competition,False,False,False,general,4.00000,NHB,10,16.55000,48.10000,42.16000,35.46000,5.46000,0.85000,0.00000,16.55000,42.16000,1,31.55000,25.61000,5.13402,3-6,0.00000,car
3-24000038954-1,24000038954.00000,1,2,202,207,0.00000,0.00000,BUS,1,96.03850,24.00000,18-24,False,True,2.00000,6.00000,competition,False,True,False,general,6.00000,HBE,3,15.33000,34.90000,30.93000,23.36000,4.77000,1.00000,0.00000,15.33000,30.93000,1,19.57000,15.60000,4.42872,3-6,0.00000,transit
3-24000039419-2,24000039419.00000,1,3,202,201,0.00000,0.00000,BUS,1,53.44623,80.00000,65+,False,True,1.00000,2.00000,competition,False,False,False,general,2.00000,NHB,3,11.12000,22.60000,,7.18000,6.83000,0.88000,0.00000,11.12000,22.60000,0,11.48000,11.48000,3.20984,3-6,0.00000,transit
3-24000039419-2,24000039419.00000,1,4,201,208,1.00000,53.44623,BUS,1,53.44623,80.00000,65+,False,True,1.00000,2.00000,competition,False,False,False,general,2.00000,NHB,3,21.02000,56.02000,,29.46000,4.28000,5.00000,1.00000,21.02000,56.02000,0,35.00000,35.00000,6.93218,6-10,0.92413,transit
3-24000039452-1,24000039452.00000,1,2,202,203,0.00000,0.00000,CAR,0,53.44623,86.00000,65+,False,True,2.00000,2.00000,car_available,False,False,False,general,2.00000,HBO,10,11.50000,23.30000,26.81000,5.89000,8.08000,0.62000,0.00000,11.50000,23.30000,1,11.80000,11.80000,2.22215,<3,0.00000,car
3-24000039452-1,24000039452.00000,2,2,202,203,0.00000,0.00000,CAR,0,53.44623,86.00000,65+,False,True,2.00000,2.00000,car_available,False,False,False,general,2.00000,HBO,10,11.50000,23.30000,26.81000,5.89000,8.08000,0.62000,0.00000,11.50000,23.30000,1,11.80000,11.80000,2.22215,<3,0.00000,car
3-24000039492-1,24000039492.00000,1,2,202,210,0.00000,0.00000,CAR,0,53.44623,72.00000,65+,False,True,1.00000,2.00000,competition,False,False,False,general,2.00000,HBO,10,20.06000,54.59000,36.24000,32.14000,10.45000,0.77000,0.00000,20.06000,36.24000,1,34.53000,16.18000,7.02822,6-10,0.00000,car
3-24000039492-2,24000039492.00000,1,2,202,210,0.00000,0.00000,CAR,0,53.44623,69.00000,65+,True,True,1.00000,2.00000,competition,False,False,False,general,2.00000,HBO,11,20.06000,54.59000,36.24000,32.14000,10.45000,0.77000,0.00000,20.06000,36.24000,1,34.53000,16.18000,7.02822,6-10,0.00000,car
3-24000039585-1,24000039585.00000,1,2,202,210,0.00000,0.00000,CAR,0,71.11434,55.00000,35-64,False,True,0.00000,3.00000,no_car_hh,True,False,False,general,3.00000,HBW,10,20.06000,54.59000,36.24000,32.14000,10.45000,0.77000,0.00000,20.06000,36.24000,1,34.53000,16.18000,7.02822,6-10,0.00000,car
3-24000039585-1,24000039585.00000,1,4,210,204,0.11157,7.93424,CAR,0,71.11434,55.00000,35-64,False,True,0.00000,3.00000,no_car_hh,True,False,False,general,3.00000,NHB,10,21.94000,44.82000,47.82000,26.95000,7.43000,1.50000,0.00000,21.94000,44.82000,1,22.88000,22.88000,7.91920,6-10,0.13719,car
3-24000039585-1,24000039585.00000,2,3,210,202,1.00000,71.11434,CAR,0,71.11434,55.00000,35-64,False,True,0.00000,3.00000,no_car_hh,True,False,False,general,3.00000,NHB,10,22.09000,52.66000,32.08000,34.76000,8.30000,0.65000,0.00000,22.09000,32.08000,1,30.57000,9.99000,7.02822,6-10,1.22963,car
3-24000039791-1,24000039791.00000,1,2,202,210,0.00000,0.00000,CAR,0,48.38753,70.00000,65+,False,True,2.00000,2.00000,car_available,True,False,False,general,2.00000,HBW,10,20.06000,54.59000,36.24000,32.14000,10.45000,0.77000,0.00000,20.06000,36.24000,1,34.53000,16.18000,7.02822,6-10,0.00000,car
3-24000039884-1,24000039884.00000,1,2,215,202,0.00000,0.00000,BUS,1,121.14406,18.00000,18-24,False,False,0.00000,2.00000,no_car_hh,False,True,False,general,4.00000,HBO,3,43.57000,79.01000,,45.51000,7.75000,5.00000,1.00000,43.57000,79.01000,0,35.44000,35.44000,19.70376,10-20,0.00000,transit
3-24000039884-2,24000039884.00000,2,2,202,209,0.00000,0.00000,CAR,0,121.14406,52.00000,35-64,False,True,0.00000,2.00000,no_car_hh,True,False,False,general,4.00000,HBW,11,16.55000,48.10000,42.16000,35.46000,5.46000,0.85000,0.00000,16.55000,42.16000,1,31.55000,25.61000,5.13402,3-6,0.00000,car
3-24000040103-1,24000040103.00000,1,2,202,212,0.00000,0.00000,CAR,0,125.64756,33.00000,25-34,True,True,1.00000,2.00000,competition,True,False,False,general,3.00000,HBW,10,25.86000,36.49000,36.49000,22.07000,5.78000,1.43000,0.00000,25.86000,36.49000,1,10.63000,10.63000,10.15622,10-20,0.00000,car
3-24000040103-1,24000040103.00000,2,2,202,212,0.00000,0.00000,CAR,0,125.64756,33.00000,25-34,True,True,1.00000,2.00000,competition,True,False,False,general,3.00000,HBW,10,25.86000,36.49000,36.49000,22.07000,5.78000,1.43000,0.00000,25.86000,36.49000,1,10.63000,10.63000,10.15622,10-20,0.00000,car
3-24000040887-1,24000040887.00000,2,2,202,201,0.00000,0.00000,BUS,1,231.88482,24.00000,18-24,False,True,0.00000,1.00000,no_car_hh,True,True,False,general,1.00000,HBW,3,11.12000,22.60000,,7.18000,6.83000,0.88000,0.00000,11.12000,22.60000,0,11.48000,11.48000,3.20984,3-6,0.00000,transit
3-24000042595-1,24000042595.00000,2,3,208,210,0.05375,6.78483,CAR,0,126.22586,61.00000,35-64,True,True,2.00000,2.00000,car_available,True,False,False,general,2.00000,NHB,10,17.96000,32.65000,33.34000,12.41000,8.97000,1.16000,0.00000,17.96000,32.65000,1,14.69000,14.69000,4.64884,3-6,0.11732,car
3-24000042595-1,24000042595.00000,2,3,209,210,0.08044,10.15343,CAR,0,126.22586,61.00000,35-64,True,True,2.00000,2.00000,car_available,True,False,False,general,2.00000,NHB,10,11.70000,24.43000,25.13000,6.36000,8.44000,0.59000,0.00000,11.70000,24.43000,1,12.73000,12.73000,2.72031,<3,0.17556,car
3-24000043046-1,24000043046.00000,1,3,209,301,0.00000,0.00000,CAR,0,72.51928,29.00000,25-34,False,True,0.00000,2.00000,no_car_hh,True,False,False,general,3.00000,NHB,10,22.54000,60.34000,60.34000,43.62000,5.86000,2.50000,0.00000,22.54000,60.34000,1,37.80000,37.80000,8.36528,6-10,0.00000,car
3-24000043046-1,24000043046.00000,2,3,209,301,0.00000,0.00000,CAR,0,72.51928,29.00000,25-34,False,True,0.00000,2.00000,no_car_hh,True,False,False,general,3.00000,NHB,10,22.54000,60.34000,60.34000,43.62000,5.86000,2.50000,0.00000,22.54000,60.34000,1,37.80000,37.80000,8.36528,6-10,0.00000,car
3-24000043192-1,24000043192.00000,2,3,104,103,0.27364,21.64859,CAR,0,79.11337,29.00000,25-34,False,True,2.00000,2.00000,car_available,True,False,False,general,2.00000,NHB,10,6.92000,15.99000,18.19000,4.07000,5.56000,0.40000,0.00000,6.92000,15.99000,1,9.07000,9.07000,1.66098,<3,0.37432,car
3-24000044215-2,24000044215.00000,2,3,202,208,0.00000,0.00000,CAR,0,46.27595,35.00000,35-64,False,True,1.00000,2.00000,competition,True,False,False,general,4.00000,NHB,10,17.00000,38.40000,34.78000,26.81000,4.80000,1.00000,0.00000,17.00000,34.78000,1,21.40000,17.78000,4.74249,3-6,0.00000,car
3-24000045776-2,24000045776.00000,1,3,203,201,0.64835,16.86263,CAR,0,26.00859,39.00000,35-64,False,True,0.00000,2.00000,no_car_hh,True,False,False,general,4.00000,NHB,10,17.60000,35.66000,,11.21000,6.23000,6.00000,0.00000,17.60000,35.66000,0,18.06000,18.06000,5.42251,3-6,0.29157,car
3-24000045776-2,24000045776.00000,1,3,204,201,0.35165,9.14596,CAR,0,26.00859,39.00000,35-64,False,True,0.00000,2.00000,no_car_hh,True,False,False,general,4.00000,NHB,10,18.79000,35.50000,,12.59000,5.46000,6.00000,0.00000,18.79000,35.50000,0,16.71000,16.71000,6.66762,6-10,0.15814,car
3-24000045776-2,24000045776.00000,2,3,203,201,0.64835,16.86263,CAR,0,26.00859,39.00000,35-64,False,True,0.00000,2.00000,no_car_hh,True,False,False,general,4.00000,NHB,10,17.60000,35.66000,,11.21000,6.23000,6.00000,0.00000,17.60000,35.66000,0,18.06000,18.06000,5.42251,3-6,0.29157,car
3-24000045776-2,24000045776.00000,2,3,204,201,0.35165,9.14596,CAR,0,26.00859,39.00000,35-64,False,True,0.00000,2.00000,no_car_hh,True,False,False,general,4.00000,NHB,10,18.79000,35.50000,,12.59000,5.46000,6.00000,0.00000,18.79000,35.50000,0,16.71000,16.71000,6.66762,6-10,0.15814,car
3-24000045982-1,24000045982.00000,1,4,202,203,1.00000,200.50448,CAR,0,200.50448,43.00000,35-64,False,True,2.00000,2.00000,car_available,True,False,False,general,5.00000,NHB,10,11.50000,23.30000,26.81000,5.89000,8.08000,0.62000,0.00000,11.50000,23.30000,1,11.80000,11.80000,2.22215,<3,3.46689,car
3-24000046301-2,24000046301.00000,2,3,212,304,0.35532,31.44917,CAR,0,88.50996,68.00000,65+,False,True,2.00000,2.00000,car_available,True,False,False,general,2.00000,NHB,10,10.20000,30.04000,69.15000,12.38000,7.46000,1.36000,0.00000,10.20000,30.04000,1,19.84000,19.84000,1.82010,<3,0.54378,car
3-24000046301-2,24000046301.00000,2,4,304,212,0.35532,31.44917,CAR,0,88.50996,68.00000,65+,False,True,2.00000,2.00000,car_available,True,False,False,general,2.00000,NHB,10,11.61000,16.14000,18.29000,5.09000,4.45000,1.07000,0.00000,11.61000,16.14000,1,4.53000,4.53000,1.82010,<3,0.54378,car
3-24000047284-1,24000047284.00000,2,3,207,202,1.00000,192.56204,CAR,0,192.56204,57.00000,35-64,False,True,1.00000,2.00000,competition,True,False,False,general,5.00000,NHB,10,15.41000,27.97000,31.15000,17.44000,4.35000,0.91000,0.00000,15.41000,27.97000,1,12.56000,12.56000,4.42872,3-6,3.32956,car
3-24000047284-5,24000047284.00000,2,3,207,202,1.00000,192.56204,CAR,0,192.56204,3.00000,0-17,True,False,1.00000,2.00000,no_licence,False,False,False,general,5.00000,NHB,11,15.41000,27.97000,31.15000,17.44000,4.35000,0.91000,0.00000,15.41000,27.97000,1,12.56000,12.56000,4.42872,3-6,3.32956,car
3-24000047397-2,24000047397.00000,1,3,202,210,0.00000,0.00000,CAR,0,258.98778,69.00000,65+,False,True,0.00000,2.00000,no_car_hh,True,False,False,general,3.00000,NHB,10,20.06000,54.59000,36.24000,32.14000,10.45000,0.77000,0.00000,20.06000,36.24000,1,34.53000,16.18000,7.02822,6-10,0.00000,car
3-24000047397-2,24000047397.00000,2,3,202,210,0.00000,0.00000,CAR,0,258.98778,69.00000,65+,False,True,0.00000,2.00000,no_car_hh,True,False,False,general,3.00000,NHB,10,20.06000,54.59000,36.24000,32.14000,10.45000,0.77000,0.00000,20.06000,36.24000,1,34.53000,16.18000,7.02822,6-10,0.00000,car
3-24000047431-1,24000047431.00000,1,4,206,201,1.00000,154.55548,CAR,0,154.55548,70.00000,65+,False,True,1.00000,2.00000,competition,True,False,False,general,2.00000,NHB,10,22.19000,49.74000,,21.08000,5.33000,5.00000,1.00000,22.19000,49.74000,0,27.55000,27.55000,7.67399,6-10,2.67239,car
3-24000047431-1,24000047431.00000,2,4,209,201,1.00000,154.55548,CAR,0,154.55548,70.00000,65+,False,True,1.00000,2.00000,competition,True,False,False,general,2.00000,NHB,10,30.73000,53.13000,,31.50000,4.82000,6.00000,0.00000,30.73000,53.13000,0,22.40000,22.40000,6.41107,6-10,2.67239,car
3-24000050838-1,24000050838.00000,1,3,202,201,0.00000,0.00000,CAR,0,114.73429,80.00000,65+,False,True,1.00000,1.00000,car_available,True,False,False,general,2.00000,NHB,10,11.12000,22.60000,,7.18000,6.83000,0.88000,0.00000,11.12000,22.60000,0,11.48000,11.48000,3.20984,3-6,0.00000,car
3-24000051376-2,24000051376.00000,1,3,202,206,0.95646,44.39767,CAR,0,46.41878,62.00000,35-64,True,True,1.00000,2.00000,competition,True,False,False,general,2.00000,NHB,10,16.47000,28.99000,27.30000,15.71000,5.57000,1.07000,0.00000,16.47000,27.30000,1,12.52000,10.83000,4.80980,3-6,0.76767,car
3-24000051430-2,24000051430.00000,1,2,206,208,0.09740,9.35256,BUS,1,96.01789,52.00000,35-64,False,True,1.00000,2.00000,competition,True,False,False,general,4.00000,NHB,3,10.57000,16.70000,18.49000,9.03000,3.30000,0.54000,0.00000,10.57000,16.70000,1,6.13000,6.13000,2.10404,<3,0.16171,transit
3-24000051430-2,24000051430.00000,1,2,206,209,0.15146,14.54271,BUS,1,96.01789,52.00000,35-64,False,True,1.00000,2.00000,competition,True,False,False,general,4.00000,NHB,3,14.80000,24.78000,25.88000,15.21000,3.97000,0.81000,0.00000,14.80000,24.78000,1,9.98000,9.98000,4.03772,3-6,0.25146,transit
3-24000051509-1,24000051509.00000,1,4,206,208,0.76688,32.79491,CAR,0,42.76429,36.00000,35-64,True,True,1.00000,2.00000,competition,True,False,False,general,5.00000,NHB,10,10.57000,16.70000,18.49000,9.03000,3.30000,0.54000,0.00000,10.57000,16.70000,1,6.13000,6.13000,2.10404,<3,0.56705,car
3-24000051509-1,24000051509.00000,2,4,206,208,0.76688,32.79491,CAR,0,42.76429,36.00000,35-64,True,True,1.00000,2.00000,competition,True,False,False,general,5.00000,NHB,10,10.57000,16.70000,18.49000,9.03000,3.30000,0.54000,0.00000,10.57000,16.70000,1,6.13000,6.13000,2.10404,<3,0.56705,car
3-24000052918-1,24000052918.00000,1,4,212,206,0.95646,110.44595,CAR,0,115.47378,56.00000,35-64,False,False,1.00000,1.00000,no_licence,True,False,False,general,7.00000,NHB,11,24.77000,44.40000,45.00000,26.77000,7.62000,1.20000,0.00000,24.77000,44.40000,1,19.63000,19.63000,8.38075,6-10,1.90970,car
3-24000052918-1,24000052918.00000,2,3,212,304,0.67162,77.55395,CAR,0,115.47378,56.00000,35-64,False,False,1.00000,1.00000,no_licence,True,False,False,general,7.00000,NHB,11,10.20000,30.04000,69.15000,12.38000,7.46000,1.36000,0.00000,10.20000,30.04000,1,19.84000,19.84000,1.82010,<3,1.34097,car
3-24000054558-1,24000054558.00000,2,3,203,202,0.50000,38.74272,CAR,0,77.48544,83.00000,65+,False,True,1.00000,1.00000,car_available,False,False,False,general,2.00000,NHB,10,11.52000,17.50000,22.97000,5.47000,5.33000,0.68000,0.00000,11.52000,17.50000,1,5.98000,5.98000,2.22215,<3,0.66989,car
3-24000055973-2,24000055973.00000,1,3,206,202,1.00000,27.88493,CAR,0,27.88493,32.00000,25-34,False,True,1.00000,2.00000,competition,True,True,False,general,2.00000,NHB,10,17.68000,27.41000,29.57000,16.59000,4.44000,0.97000,0.00000,17.68000,27.41000,1,9.73000,9.73000,4.80980,3-6,0.48215,car
3-24000055973-2,24000055973.00000,2,3,206,202,1.00000,27.88493,CAR,0,27.88493,32.00000,25-34,False,True,1.00000,2.00000,competition,True,True,False,general,2.00000,NHB,10,17.68000,27.41000,29.57000,16.59000,4.44000,0.97000,0.00000,17.68000,27.41000,1,9.73000,9.73000,4.80980,3-6,0.48215,car
3-24000056638-1,24000056638.00000,2,5,202,207,0.00000,0.00000,CAR,0,134.70586,37.00000,35-64,True,True,2.00000,2.00000,car_available,True,False,False,general,5.00000,NHB,10,15.33000,34.90000,30.93000,23.36000,4.77000,1.00000,0.00000,15.33000,30.93000,1,19.57000,15.60000,4.42872,3-6,0.00000,car
3-24000057494-1,24000057494.00000,1,2,204,202,1.00000,74.39230,CAR,0,74.39230,33.00000,25-34,False,True,1.00000,2.00000,competition,True,False,False,general,4.00000,HBW,10,12.77000,18.53000,22.93000,8.12000,4.56000,0.64000,0.00000,12.77000,18.53000,1,5.76000,5.76000,3.48100,3-6,1.28630,car
3-24000057587-1,24000057587.00000,1,2,204,208,0.09740,14.05566,CAR,0,144.30217,70.00000,65+,False,True,1.00000,1.00000,car_available,False,False,False,general,2.00000,HBO,10,14.54000,27.59000,24.17000,19.02000,3.43000,0.85000,0.00000,14.54000,24.17000,1,13.05000,9.63000,3.68029,3-6,0.24303,car
3-24000057587-1,24000057587.00000,1,2,204,209,0.15146,21.85577,CAR,0,144.30217,70.00000,65+,False,True,1.00000,1.00000,car_available,False,False,False,general,2.00000,HBO,10,17.52000,31.24000,31.56000,20.55000,4.09000,1.25000,0.00000,17.52000,31.24000,1,13.72000,13.72000,5.27695,3-6,0.37790,car
3-24000057607-1,24000057607.00000,1,2,204,208,0.09740,19.51393,CAR,0,200.33944,25.00000,25-34,True,True,1.00000,2.00000,competition,True,False,False,general,2.00000,HBW,10,14.54000,27.59000,24.17000,19.02000,3.43000,0.85000,0.00000,14.54000,24.17000,1,13.05000,9.63000,3.68029,3-6,0.33741,car
3-24000057607-1,24000057607.00000,1,2,204,209,0.15146,30.34309,CAR,0,200.33944,25.00000,25-34,True,True,1.00000,2.00000,competition,True,False,False,general,2.00000,HBW,10,17.52000,31.24000,31.56000,20.55000,4.09000,1.25000,0.00000,17.52000,31.24000,1,13.72000,13.72000,5.27695,3-6,0.52466,car
3-24000057607-1,24000057607.00000,2,2,204,208,0.09740,19.51393,CAR,0,200.33944,25.00000,25-34,True,True,1.00000,2.00000,competition,True,False,False,general,2.00000,HBW,10,14.54000,27.59000,24.17000,19.02000,3.43000,0.85000,0.00000,14.54000,24.17000,1,13.05000,9.63000,3.68029,3-6,0.33741,car
3-24000057607-1,24000057607.00000,2,2,204,209,0.15146,30.34309,CAR,0,200.33944,25.00000,25-34,True,True,1.00000,2.00000,competition,True,False,False,general,2.00000,HBW,10,17.52000,31.24000,31.56000,20.55000,4.09000,1.25000,0.00000,17.52000,31.24000,1,13.72000,13.72000,5.27695,3-6,0.52466,car
3-24000057607-2,24000057607.00000,1,2,204,104,0.50237,100.64528,BUS,1,200.33944,25.00000,25-34,False,True,1.00000,2.00000,competition,True,False,False,general,2.00000,HBW,3,27.20000,50.44000,50.44000,34.34000,5.05000,3.00000,0.00000,27.20000,50.44000,1,23.24000,23.24000,10.87917,10-20,1.74024,transit
3-24000057607-2,24000057607.00000,1,2,204,304,0.31852,63.81118,BUS,1,200.33944,25.00000,25-34,False,True,1.00000,2.00000,competition,True,False,False,general,2.00000,HBW,3,25.02000,60.36000,,34.26000,4.05000,5.00000,1.00000,25.02000,60.36000,0,35.34000,35.34000,9.70621,6-10,1.10335,transit
3-24000057607-2,24000057607.00000,2,2,204,104,0.50237,100.64528,BUS,1,200.33944,25.00000,25-34,False,True,1.00000,2.00000,competition,True,False,False,general,2.00000,HBW,3,27.20000,50.44000,50.44000,34.34000,5.05000,3.00000,0.00000,27.20000,50.44000,1,23.24000,23.24000,10.87917,10-20,1.74024,transit
3-24000057607-2,24000057607.00000,2,2,204,304,0.31852,63.81118,BUS,1,200.33944,25.00000,25-34,False,True,1.00000,2.00000,competition,True,False,False,general,2.00000,HBW,3,25.02000,60.36000,,34.26000,4.05000,5.00000,1.00000,25.02000,60.36000,0,35.34000,35.34000,9.70621,6-10,1.10335,transit
3-24000057627-2,24000057627.00000,2,2,204,208,1.00000,121.41970,BUS,1,121.41970,55.00000,35-64,True,True,1.00000,2.00000,competition,True,False,False,general,2.00000,HBW,3,14.54000,27.59000,24.17000,19.02000,3.43000,0.85000,0.00000,14.54000,24.17000,1,13.05000,9.63000,3.68029,3-6,2.09945,transit
3-24000057847-2,24000057847.00000,2,3,211,102,0.86103,135.80117,CAR,0,157.72025,42.00000,35-64,False,True,2.00000,2.00000,car_available,True,False,False,general,5.00000,NHB,10,17.45000,33.16000,34.17000,10.72000,10.60000,0.62000,0.00000,17.45000,33.16000,1,15.71000,15.71000,5.85054,3-6,2.34811,car
3-24000059766-1,24000059766.00000,2,3,207,202,1.00000,43.59236,CAR,0,43.59236,42.00000,35-64,False,True,2.00000,2.00000,car_available,True,False,False,general,5.00000,NHB,10,15.41000,27.97000,31.15000,17.44000,4.35000,0.91000,0.00000,15.41000,27.97000,1,12.56000,12.56000,4.42872,3-6,0.75375,car
3-24000059766-2,24000059766.00000,1,3,207,215,1.00000,43.59236,CAR,0,43.59236,40.00000,35-64,True,True,2.00000,2.00000,car_available,True,False,False,general,5.00000,NHB,10,37.34000,72.56000,,42.70000,5.93000,5.00000,1.00000,37.34000,72.56000,0,35.22000,35.22000,17.14263,10-20,0.75375,car
3-24000061440-1,24000061440.00000,1,3,206,208,0.76688,111.25549,CAR,0,145.07621,64.00000,35-64,False,True,0.00000,1.00000,no_car_hh,True,False,False,general,4.00000,NHB,11,10.57000,16.70000,18.49000,9.03000,3.30000,0.54000,0.00000,10.57000,16.70000,1,6.13000,6.13000,2.10404,<3,1.92370,car
3-24000061440-3,24000061440.00000,1,3,206,208,0.76688,111.25549,CAR,0,145.07621,40.00000,35-64,True,False,0.00000,1.00000,no_car_hh,False,True,False,general,4.00000,NHB,11,10.57000,16.70000,18.49000,9.03000,3.30000,0.54000,0.00000,10.57000,16.70000,1,6.13000,6.13000,2.10404,<3,1.92370,car
3-24000061586-1,24000061586.00000,1,3,208,206,0.36023,19.25570,CAR,0,53.45414,35.00000,35-64,False,True,2.00000,2.00000,car_available,True,False,False,general,3.00000,NHB,10,12.15000,14.23000,18.78000,5.00000,4.09000,0.53000,0.00000,12.15000,14.23000,1,2.08000,2.08000,2.10404,<3,0.33295,car
3-24000061719-2,24000061719.00000,2,4,207,208,1.00000,49.17293,CAR,0,49.17293,34.00000,25-34,True,True,1.00000,1.00000,car_available,False,False,False,general,4.00000,NHB,10,8.58000,11.34000,13.23000,3.79000,3.22000,0.56000,0.00000,8.58000,11.34000,1,2.76000,2.76000,0.97962,<3,0.85024,car
3-24000061719-3,24000061719.00000,2,3,208,207,1.00000,49.17293,CAR,0,49.17293,3.00000,0-17,True,False,1.00000,1.00000,no_licence,False,False,False,general,4.00000,NHB,11,7.07000,11.37000,15.43000,3.82000,3.29000,0.48000,0.00000,7.07000,11.37000,1,4.30000,4.30000,0.97962,<3,0.85024,car
3-24000061719-4,24000061719.00000,1,3,208,207,1.00000,49.17293,CAR,0,49.17293,1.00000,0-17,True,False,1.00000,1.00000,no_licence,False,False,False,general,4.00000,NHB,11,7.07000,11.37000,15.43000,3.82000,3.29000,0.48000,0.00000,7.07000,11.37000,1,4.30000,4.30000,0.97962,<3,0.85024,car
3-24000061719-4,24000061719.00000,2,4,207,208,1.00000,49.17293,CAR,0,49.17293,1.00000,0-17,True,False,1.00000,1.00000,no_licence,False,False,False,general,4.00000,NHB,11,8.58000,11.34000,13.23000,3.79000,3.22000,0.56000,0.00000,8.58000,11.34000,1,2.76000,2.76000,0.97962,<3,0.85024,car
3-24000062609-1,24000062609.00000,1,3,209,208,0.11342,5.01425,CAR,0,44.20792,40.00000,35-64,False,True,2.00000,2.00000,car_available,True,False,False,general,4.00000,NHB,10,10.20000,11.86000,13.28000,4.70000,2.79000,0.79000,0.00000,10.20000,11.86000,1,1.66000,1.66000,1.95148,<3,0.08670,car
3-24000062609-1,24000062609.00000,1,3,210,208,0.20101,8.88601,CAR,0,44.20792,40.00000,35-64,False,True,2.00000,2.00000,car_available,True,False,False,general,4.00000,NHB,10,15.35000,28.86000,29.79000,12.47000,7.16000,1.03000,0.00000,15.35000,28.86000,1,13.51000,13.51000,4.64884,3-6,0.15365,car
3-24000062609-1,24000062609.00000,1,4,208,209,0.66551,29.42060,CAR,0,44.20792,40.00000,35-64,False,True,2.00000,2.00000,car_available,True,False,False,general,4.00000,NHB,10,9.62000,15.68000,17.01000,6.05000,3.98000,0.83000,0.00000,9.62000,15.68000,1,6.06000,6.06000,1.95148,<3,0.50871,car
3-24000062609-1,24000062609.00000,2,3,211,208,0.86103,38.06415,CAR,0,44.20792,40.00000,35-64,False,True,2.00000,2.00000,car_available,True,False,False,general,4.00000,NHB,10,17.50000,40.44000,40.83000,17.97000,9.93000,1.30000,0.00000,17.50000,40.44000,1,22.94000,22.94000,5.56636,3-6,0.65816,car
3-24000065904-1,24000065904.00000,2,3,206,208,0.76688,26.02023,BUS,1,33.93016,46.00000,35-64,True,True,0.00000,1.00000,no_car_hh,True,False,False,general,2.00000,NHB,3,10.57000,16.70000,18.49000,9.03000,3.30000,0.54000,0.00000,10.57000,16.70000,1,6.13000,6.13000,2.10404,<3,0.44991,transit
3-24000066496-2,24000066496.00000,1,3,209,208,0.06482,22.68808,BUS,1,350.00000,49.00000,35-64,True,False,0.00000,0.00000,no_car_hh,True,False,False,general,3.00000,NHB,3,10.20000,11.86000,13.28000,4.70000,2.79000,0.79000,0.00000,10.20000,11.86000,1,1.66000,1.66000,1.95148,<3,0.39230,transit
3-24000067299-1,24000067299.00000,1,2,208,202,0.08146,1.25781,BUS,1,15.44022,25.00000,25-34,True,False,0.00000,0.00000,no_car_hh,True,False,False,general,4.00000,HBW,3,16.10000,33.01000,37.19000,22.29000,4.45000,0.91000,0.00000,16.10000,33.01000,1,16.91000,16.91000,4.74249,3-6,0.02175,transit
3-24000067299-1,24000067299.00000,1,2,209,202,0.12191,1.88231,BUS,1,15.44022,25.00000,25-34,True,False,0.00000,0.00000,no_car_hh,True,False,False,general,4.00000,HBW,3,16.55000,38.37000,40.84000,29.30000,3.92000,0.61000,0.00000,16.55000,38.37000,1,21.82000,21.82000,5.13402,3-6,0.03255,transit
3-24000067319-1,24000067319.00000,1,2,208,206,0.07792,2.40200,BUS,1,30.82782,60.00000,35-64,True,False,0.00000,0.00000,no_car_hh,True,False,False,general,3.00000,HBW,3,12.15000,14.23000,18.78000,5.00000,4.09000,0.53000,0.00000,12.15000,14.23000,1,2.08000,2.08000,2.10404,<3,0.04153,transit
3-24000067319-1,24000067319.00000,1,2,209,206,0.11660,3.59457,BUS,1,30.82782,60.00000,35-64,True,False,0.00000,0.00000,no_car_hh,True,False,False,general,3.00000,HBW,3,14.51000,20.97000,22.43000,12.30000,3.56000,0.77000,0.00000,14.51000,20.97000,1,6.46000,6.46000,4.03772,3-6,0.06215,transit
3-24000067319-1,24000067319.00000,2,2,208,206,0.07792,2.40200,BUS,1,30.82782,60.00000,35-64,True,False,0.00000,0.00000,no_car_hh,True,False,False,general,3.00000,HBW,3,12.15000,14.23000,18.78000,5.00000,4.09000,0.53000,0.00000,12.15000,14.23000,1,2.08000,2.08000,2.10404,<3,0.04153,transit
3-24000067319-1,24000067319.00000,2,2,209,206,0.11660,3.59457,BUS,1,30.82782,60.00000,35-64,True,False,0.00000,0.00000,no_car_hh,True,False,False,general,3.00000,HBW,3,14.51000,20.97000,22.43000,12.30000,3.56000,0.77000,0.00000,14.51000,20.97000,1,6.46000,6.46000,4.03772,3-6,0.06215,transit
3-24000068209-2,24000068209.00000,1,2,202,210,0.00000,0.00000,CAR,0,93.53964,71.00000,65+,False,True,1.00000,2.00000,competition,False,False,False,general,2.00000,HBO,10,20.06000,54.59000,36.24000,32.14000,10.45000,0.77000,0.00000,20.06000,36.24000,1,34.53000,16.18000,7.02822,6-10,0.00000,car
3-24000068209-2,24000068209.00000,2,2,202,208,0.00000,0.00000,CAR,0,93.53964,71.00000,65+,False,True,1.00000,2.00000,competition,False,False,False,general,2.00000,HBO,10,17.00000,38.40000,34.78000,26.81000,4.80000,1.00000,0.00000,17.00000,34.78000,1,21.40000,17.78000,4.74249,3-6,0.00000,car
3-24000068728-2,24000068728.00000,1,2,208,211,0.07014,3.43053,CAR,0,48.90832,32.00000,25-34,False,False,1.00000,1.00000,no_licence,True,False,False,general,3.00000,HBW,10,17.45000,39.51000,40.01000,18.66000,9.17000,1.25000,0.00000,17.45000,39.51000,1,22.06000,22.06000,5.56636,3-6,0.05932,car
3-24000068728-2,24000068728.00000,1,2,209,211,0.10497,5.13376,CAR,0,48.90832,32.00000,25-34,False,False,1.00000,1.00000,no_licence,True,False,False,general,3.00000,HBW,10,14.84000,31.67000,31.79000,12.61000,8.65000,0.88000,0.00000,14.84000,31.67000,1,16.83000,16.83000,4.03560,3-6,0.08877,car
3-24000068728-2,24000068728.00000,2,2,208,211,0.07014,3.43053,CAR,0,48.90832,32.00000,25-34,False,False,1.00000,1.00000,no_licence,True,False,False,general,3.00000,HBW,11,17.45000,39.51000,40.01000,18.66000,9.17000,1.25000,0.00000,17.45000,39.51000,1,22.06000,22.06000,5.56636,3-6,0.05932,car
3-24000068728-2,24000068728.00000,2,2,209,211,0.10497,5.13376,CAR,0,48.90832,32.00000,25-34,False,False,1.00000,1.00000,no_licence,True,False,False,general,3.00000,HBW,11,14.84000,31.67000,31.79000,12.61000,8.65000,0.88000,0.00000,14.84000,31.67000,1,16.83000,16.83000,4.03560,3-6,0.08877,car
3-24000072600-2,24000072600.00000,2,3,208,206,0.36023,17.51393,CAR,0,48.61895,37.00000,35-64,True,True,2.00000,2.00000,car_available,True,False,False,general,3.00000,NHB,10,12.15000,14.23000,18.78000,5.00000,4.09000,0.53000,0.00000,12.15000,14.23000,1,2.08000,2.08000,2.10404,<3,0.30283,car
3-24000073138-2,24000073138.00000,1,3,208,209,0.01234,0.76502,CAR,0,62.00356,42.00000,35-64,False,True,1.00000,1.00000,car_available,True,False,False,general,2.00000,NHB,10,9.62000,15.68000,17.01000,6.05000,3.98000,0.83000,0.00000,9.62000,15.68000,1,6.06000,6.06000,1.95148,<3,0.01323,car
3-24000073138-2,24000073138.00000,1,3,209,208,0.01187,0.73626,CAR,0,62.00356,42.00000,35-64,False,True,1.00000,1.00000,car_available,True,False,False,general,2.00000,NHB,10,10.20000,11.86000,13.28000,4.70000,2.79000,0.79000,0.00000,10.20000,11.86000,1,1.66000,1.66000,1.95148,<3,0.01273,car
3-24000073138-2,24000073138.00000,1,4,208,209,0.01234,0.76502,CAR,0,62.00356,42.00000,35-64,False,True,1.00000,1.00000,car_available,True,False,False,general,2.00000,NHB,10,9.62000,15.68000,17.01000,6.05000,3.98000,0.83000,0.00000,9.62000,15.68000,1,6.06000,6.06000,1.95148,<3,0.01323,car
3-24000073138-2,24000073138.00000,1,4,209,208,0.01187,0.73626,CAR,0,62.00356,42.00000,35-64,False,True,1.00000,1.00000,car_available,True,False,False,general,2.00000,NHB,10,10.20000,11.86000,13.28000,4.70000,2.79000,0.79000,0.00000,10.20000,11.86000,1,1.66000,1.66000,1.95148,<3,0.01273,car
3-24000073138-2,24000073138.00000,2,5,208,209,0.01234,0.76502,CAR,0,62.00356,42.00000,35-64,False,True,1.00000,1.00000,car_available,True,False,False,general,2.00000,NHB,10,9.62000,15.68000,17.01000,6.05000,3.98000,0.83000,0.00000,9.62000,15.68000,1,6.06000,6.06000,1.95148,<3,0.01323,car
3-24000073138-2,24000073138.00000,2,5,209,208,0.01187,0.73626,CAR,0,62.00356,42.00000,35-64,False,True,1.00000,1.00000,car_available,True,False,False,general,2.00000,NHB,10,10.20000,11.86000,13.28000,4.70000,2.79000,0.79000,0.00000,10.20000,11.86000,1,1.66000,1.66000,1.95148,<3,0.01273,car
3-24000073178-1,24000073178.00000,1,4,208,202,0.08146,2.31728,CAR,0,28.44568,30.00000,25-34,False,True,1.00000,1.00000,car_available,True,False,False,general,5.00000,NHB,10,16.10000,33.01000,37.19000,22.29000,4.45000,0.91000,0.00000,16.10000,33.01000,1,16.91000,16.91000,4.74249,3-6,0.04007,car
3-24000073178-1,24000073178.00000,1,4,209,202,0.12191,3.46780,CAR,0,28.44568,30.00000,25-34,False,True,1.00000,1.00000,car_available,True,False,False,general,5.00000,NHB,10,16.55000,38.37000,40.84000,29.30000,3.92000,0.61000,0.00000,16.55000,38.37000,1,21.82000,21.82000,5.13402,3-6,0.05996,car
3-24000073178-1,24000073178.00000,2,4,208,202,0.08146,2.31728,CAR,0,28.44568,30.00000,25-34,False,True,1.00000,1.00000,car_available,True,False,False,general,5.00000,NHB,10,16.10000,33.01000,37.19000,22.29000,4.45000,0.91000,0.00000,16.10000,33.01000,1,16.91000,16.91000,4.74249,3-6,0.04007,car
3-24000073178-1,24000073178.00000,2,4,209,202,0.12191,3.46780,CAR,0,28.44568,30.00000,25-34,False,True,1.00000,1.00000,car_available,True,False,False,general,5.00000,NHB,10,16.55000,38.37000,40.84000,29.30000,3.92000,0.61000,0.00000,16.55000,38.37000,1,21.82000,21.82000,5.13402,3-6,0.05996,car
3-24000073178-2,24000073178.00000,1,4,208,202,0.08146,2.31728,CAR,0,28.44568,29.00000,25-34,True,False,1.00000,1.00000,no_licence,True,False,False,general,5.00000,NHB,11,16.10000,33.01000,37.19000,22.29000,4.45000,0.91000,0.00000,16.10000,33.01000,1,16.91000,16.91000,4.74249,3-6,0.04007,car
3-24000073178-2,24000073178.00000,1,4,209,202,0.12191,3.46780,CAR,0,28.44568,29.00000,25-34,True,False,1.00000,1.00000,no_licence,True,False,False,general,5.00000,NHB,11,16.55000,38.37000,40.84000,29.30000,3.92000,0.61000,0.00000,16.55000,38.37000,1,21.82000,21.82000,5.13402,3-6,0.05996,car
3-24000073178-2,24000073178.00000,2,4,208,202,0.08146,2.31728,CAR,0,28.44568,29.00000,25-34,True,False,1.00000,1.00000,no_licence,True,False,False,general,5.00000,NHB,11,16.10000,33.01000,37.19000,22.29000,4.45000,0.91000,0.00000,16.10000,33.01000,1,16.91000,16.91000,4.74249,3-6,0.04007,car
3-24000073178-2,24000073178.00000,2,4,209,202,0.12191,3.46780,CAR,0,28.44568,29.00000,25-34,True,False,1.00000,1.00000,no_licence,True,False,False,general,5.00000,NHB,11,16.55000,38.37000,40.84000,29.30000,3.92000,0.61000,0.00000,16.55000,38.37000,1,21.82000,21.82000,5.13402,3-6,0.05996,car
3-24000074108-2,24000074108.00000,1,3,208,209,0.01234,0.14237,CAR,0,11.53856,29.00000,25-34,False,True,1.00000,2.00000,competition,True,False,False,general,7.00000,NHB,10,9.62000,15.68000,17.01000,6.05000,3.98000,0.83000,0.00000,9.62000,15.68000,1,6.06000,6.06000,1.95148,<3,0.00246,car
3-24000074108-2,24000074108.00000,1,3,209,208,0.01187,0.13701,CAR,0,11.53856,29.00000,25-34,False,True,1.00000,2.00000,competition,True,False,False,general,7.00000,NHB,10,10.20000,11.86000,13.28000,4.70000,2.79000,0.79000,0.00000,10.20000,11.86000,1,1.66000,1.66000,1.95148,<3,0.00237,car
3-24000074108-2,24000074108.00000,2,3,208,209,0.01234,0.14237,CAR,0,11.53856,29.00000,25-34,False,True,1.00000,2.00000,competition,True,False,False,general,7.00000,NHB,10,9.62000,15.68000,17.01000,6.05000,3.98000,0.83000,0.00000,9.62000,15.68000,1,6.06000,6.06000,1.95148,<3,0.00246,car
3-24000074108-2,24000074108.00000,2,3,209,208,0.01187,0.13701,CAR,0,11.53856,29.00000,25-34,False,True,1.00000,2.00000,competition,True,False,False,general,7.00000,NHB,10,10.20000,11.86000,13.28000,4.70000,2.79000,0.79000,0.00000,10.20000,11.86000,1,1.66000,1.66000,1.95148,<3,0.00237,car
3-24000074274-1,24000074274.00000,2,3,103,209,0.30951,5.19680,CAR,0,16.79052,50.00000,35-64,False,True,0.00000,1.00000,no_car_hh,True,False,False,general,4.00000,NHB,10,21.10000,37.39000,37.39000,21.48000,4.95000,3.00000,0.00000,21.10000,37.39000,1,16.29000,16.29000,7.43212,6-10,0.08986,car
3-24000074274-1,24000074274.00000,2,3,104,209,0.24090,4.04482,CAR,0,16.79052,50.00000,35-64,False,True,0.00000,1.00000,no_car_hh,True,False,False,general,4.00000,NHB,10,17.57000,33.84000,33.84000,20.23000,5.30000,1.50000,0.00000,17.57000,33.84000,1,16.27000,16.27000,6.18558,6-10,0.06994,car
3-24000075224-1,24000075224.00000,2,2,208,209,0.01234,4.31841,CAR,0,350.00000,67.00000,65+,False,True,1.00000,1.00000,car_available,False,False,False,general,3.00000,HBO,10,9.62000,15.68000,17.01000,6.05000,3.98000,0.83000,0.00000,9.62000,15.68000,1,6.06000,6.06000,1.95148,<3,0.07467,car
3-24000075224-1,24000075224.00000,2,2,209,208,0.01187,4.15608,CAR,0,350.00000,67.00000,65+,False,True,1.00000,1.00000,car_available,False,False,False,general,3.00000,HBO,10,10.20000,11.86000,13.28000,4.70000,2.79000,0.79000,0.00000,10.20000,11.86000,1,1.66000,1.66000,1.95148,<3,0.07186,car
3-24000075224-1,24000075224.00000,2,3,209,208,0.12191,42.66829,CAR,0,350.00000,67.00000,65+,False,True,1.00000,1.00000,car_available,False,False,False,general,3.00000,NHB,10,10.20000,11.86000,13.28000,4.70000,2.79000,0.79000,0.00000,10.20000,11.86000,1,1.66000,1.66000,1.95148,<3,0.73777,car
3-24000076878-1,24000076878.00000,1,3,203,206,0.64835,24.68577,CAR,0,38.07486,31.00000,25-34,False,True,1.00000,2.00000,competition,True,False,False,general,3.00000,NHB,10,12.93000,22.67000,21.45000,11.10000,4.97000,0.81000,0.00000,12.93000,21.45000,1,9.74000,8.52000,3.02113,3-6,0.42684,car
3-24000076878-1,24000076878.00000,1,3,204,206,0.35165,13.38909,CAR,0,38.07486,31.00000,25-34,False,True,1.00000,2.00000,competition,True,False,False,general,3.00000,NHB,10,9.89000,17.76000,16.70000,7.92000,4.21000,0.71000,0.00000,9.89000,16.70000,1,7.87000,6.81000,2.20998,<3,0.23151,car
3-24000076878-2,24000076878.00000,2,3,206,203,0.71314,27.15279,CAR,0,38.07486,31.00000,25-34,True,True,1.00000,2.00000,competition,True,False,False,general,3.00000,NHB,10,13.60000,25.98000,27.57000,11.35000,6.59000,0.73000,0.00000,13.60000,25.98000,1,12.38000,12.38000,3.02113,3-6,0.46949,car
3-24000076878-2,24000076878.00000,2,3,206,204,0.28686,10.92208,CAR,0,38.07486,31.00000,25-34,True,True,1.00000,2.00000,competition,True,False,False,general,3.00000,NHB,10,8.36000,18.38000,20.04000,9.84000,3.57000,0.70000,0.00000,8.36000,18.38000,1,10.02000,10.02000,2.20998,<3,0.18885,car
3-24000076878-2,24000076878.00000,2,4,203,201,0.64835,24.68577,CAR,0,38.07486,31.00000,25-34,True,True,1.00000,2.00000,competition,True,False,False,general,3.00000,NHB,10,17.60000,35.66000,,11.21000,6.23000,6.00000,0.00000,17.60000,35.66000,0,18.06000,18.06000,5.42251,3-6,0.42684,car
3-24000076878-2,24000076878.00000,2,4,204,201,0.35165,13.38909,CAR,0,38.07486,31.00000,25-34,True,True,1.00000,2.00000,competition,True,False,False,general,3.00000,NHB,10,18.79000,35.50000,,12.59000,5.46000,6.00000,0.00000,18.79000,35.50000,0,16.71000,16.71000,6.66762,6-10,0.23151,car
3-24000076878-3,24000076878.00000,2,3,206,203,0.71314,27.15279,CAR,0,38.07486,3.00000,0-17,True,False,1.00000,2.00000,no_licence,False,False,False,general,3.00000,NHB,11,13.60000,25.98000,27.57000,11.35000,6.59000,0.73000,0.00000,13.60000,25.98000,1,12.38000,12.38000,3.02113,3-6,0.46949,car
3-24000076878-3,24000076878.00000,2,3,206,204,0.28686,10.92208,CAR,0,38.07486,3.00000,0-17,True,False,1.00000,2.00000,no_licence,False,False,False,general,3.00000,NHB,11,8.36000,18.38000,20.04000,9.84000,3.57000,0.70000,0.00000,8.36000,18.38000,1,10.02000,10.02000,2.20998,<3,0.18885,car
3-24000078273-1,24000078273.00000,1,2,205,104,1.00000,63.29606,BUS,1,63.29606,70.00000,65+,True,False,0.00000,0.00000,no_car_hh,True,False,False,general,1.00000,HBO,5,26.76000,47.67000,47.67000,33.75000,3.96000,3.00000,0.00000,26.76000,47.67000,1,20.91000,20.91000,10.64129,10-20,1.09444,transit
3-24000078326-1,24000078326.00000,1,2,205,208,0.09740,4.39450,BUS,1,45.11611,28.00000,25-34,False,False,0.00000,0.00000,no_car_hh,True,False,False,general,1.00000,HBO,3,12.18000,17.47000,21.40000,10.73000,2.34000,1.03000,0.00000,12.18000,17.47000,1,5.29000,5.29000,3.60260,3-6,0.07598,transit
3-24000078326-1,24000078326.00000,1,2,205,209,0.15146,6.83321,BUS,1,45.11611,28.00000,25-34,False,False,0.00000,0.00000,no_car_hh,True,False,False,general,1.00000,HBO,3,16.70000,26.31000,28.78000,16.77000,3.00000,1.76000,0.00000,16.70000,26.31000,1,9.61000,9.61000,5.39735,3-6,0.11815,transit
3-24000078326-1,24000078326.00000,1,3,208,103,0.02950,1.33094,BUS,1,45.11611,28.00000,25-34,False,False,0.00000,0.00000,no_car_hh,True,False,False,general,1.00000,NHB,3,22.18000,41.56000,41.56000,27.09000,4.24000,3.00000,0.00000,22.18000,41.56000,1,19.38000,19.38000,8.17102,6-10,0.02301,transit
3-24000078326-1,24000078326.00000,1,3,208,104,0.04338,1.95707,BUS,1,45.11611,28.00000,25-34,False,False,0.00000,0.00000,no_car_hh,True,False,False,general,1.00000,NHB,3,18.63000,35.89000,35.89000,23.02000,4.94000,1.50000,0.00000,18.63000,35.89000,1,17.26000,17.26000,7.22264,6-10,0.03384,transit
3-24000078326-1,24000078326.00000,1,3,209,103,0.04415,1.99174,BUS,1,45.11611,28.00000,25-34,False,False,0.00000,0.00000,no_car_hh,True,False,False,general,1.00000,NHB,3,20.81000,34.47000,34.47000,21.04000,3.71000,3.00000,0.00000,20.81000,34.47000,1,13.66000,13.66000,7.43212,6-10,0.03444,transit
3-24000078326-1,24000078326.00000,1,3,209,104,0.06492,2.92873,BUS,1,45.11611,28.00000,25-34,False,False,0.00000,0.00000,no_car_hh,True,False,False,general,1.00000,NHB,3,18.39000,28.80000,28.80000,16.97000,4.41000,1.50000,0.00000,18.39000,28.80000,1,10.41000,10.41000,6.18558,6-10,0.05064,transit
3-24000079389-1,24000079389.00000,1,2,205,203,0.71314,61.02066,CAR,0,85.56592,73.00000,65+,False,True,1.00000,2.00000,competition,False,False,False,general,2.00000,HBO,10,9.72000,16.44000,21.01000,3.77000,5.62000,0.71000,0.00000,9.72000,16.44000,1,6.72000,6.72000,2.16855,<3,1.05510,car
3-24000079389-1,24000079389.00000,1,2,205,204,0.28686,24.54526,CAR,0,85.56592,73.00000,65+,False,True,1.00000,2.00000,competition,False,False,False,general,2.00000,HBO,10,7.37000,8.68000,13.48000,2.26000,2.61000,0.60000,0.00000,7.37000,8.68000,1,1.31000,1.31000,0.91997,<3,0.42441,car
3-24000079389-1,24000079389.00000,1,3,203,205,0.64835,55.47652,CAR,0,85.56592,73.00000,65+,False,True,1.00000,2.00000,competition,False,False,False,general,2.00000,HBO,10,10.47000,12.41000,16.36000,4.40000,3.28000,0.73000,0.00000,10.47000,12.41000,1,1.94000,1.94000,2.16855,<3,0.95923,car
3-24000079389-1,24000079389.00000,1,3,204,205,0.35165,30.08940,CAR,0,85.56592,73.00000,65+,False,True,1.00000,2.00000,competition,False,False,False,general,2.00000,HBO,10,6.62000,7.44000,11.61000,1.22000,2.51000,0.60000,0.00000,6.62000,7.44000,1,0.82000,0.82000,0.91997,<3,0.52027,car
3-24000079688-1,24000079688.00000,1,2,205,207,1.00000,41.49370,BUS,1,41.49370,29.00000,25-34,True,False,1.00000,1.00000,no_licence,True,False,False,general,3.00000,HBO,5,16.99000,13.63000,17.56000,6.93000,2.31000,1.03000,0.00000,16.99000,13.63000,1,-3.36000,-3.36000,2.62693,<3,0.71746,transit
3-24000079688-1,24000079688.00000,1,3,207,210,0.65982,27.37849,BUS,1,41.49370,29.00000,25-34,True,False,1.00000,1.00000,no_licence,True,False,False,general,3.00000,NHB,5,15.92000,36.34000,36.95000,16.20000,8.87000,1.20000,0.00000,15.92000,36.34000,1,20.42000,20.42000,5.59090,3-6,0.47340,transit
3-24000079688-1,24000079688.00000,2,2,205,207,1.00000,41.49370,BUS,1,41.49370,29.00000,25-34,True,False,1.00000,1.00000,no_licence,True,False,False,general,3.00000,HBO,5,16.99000,13.63000,17.56000,6.93000,2.31000,1.03000,0.00000,16.99000,13.63000,1,-3.36000,-3.36000,2.62693,<3,0.71746,transit
3-24000079688-1,24000079688.00000,2,3,207,210,0.65982,27.37849,BUS,1,41.49370,29.00000,25-34,True,False,1.00000,1.00000,no_licence,True,False,False,general,3.00000,NHB,5,15.92000,36.34000,36.95000,16.20000,8.87000,1.20000,0.00000,15.92000,36.34000,1,20.42000,20.42000,5.59090,3-6,0.47340,transit
3-24000079688-2,24000079688.00000,2,2,205,202,1.00000,41.49370,CAR,0,41.49370,33.00000,25-34,False,True,1.00000,1.00000,car_available,True,False,False,general,3.00000,HBW,10,14.29000,18.60000,23.02000,10.07000,3.47000,0.79000,0.00000,14.29000,18.60000,1,4.31000,4.31000,4.36054,3-6,0.71746,car
3-24000079688-3,24000079688.00000,1,2,205,207,1.00000,41.49370,BUS,1,41.49370,5.00000,0-17,False,False,1.00000,1.00000,no_licence,False,False,False,general,3.00000,HBE,5,16.99000,13.63000,17.56000,6.93000,2.31000,1.03000,0.00000,16.99000,13.63000,1,-3.36000,-3.36000,2.62693,<3,0.71746,transit
3-24000079688-3,24000079688.00000,2,2,205,207,1.00000,41.49370,BUS,1,41.49370,5.00000,0-17,False,False,1.00000,1.00000,no_licence,False,False,False,general,3.00000,HBE,5,16.99000,13.63000,17.56000,6.93000,2.31000,1.03000,0.00000,16.99000,13.63000,1,-3.36000,-3.36000,2.62693,<3,0.71746,transit
3-24000079947-2,24000079947.00000,2,2,205,212,1.00000,75.08138,BUS,1,75.08138,41.00000,35-64,False,False,0.00000,0.00000,no_car_hh,True,False,False,general,6.00000,HBW,5,25.63000,45.37000,45.37000,32.73000,3.32000,3.00000,0.00000,25.63000,45.37000,1,19.74000,19.74000,10.03290,10-20,1.29822,transit
3-24000080339-2,24000080339.00000,2,2,205,206,0.95646,80.90219,BUS,1,84.58510,53.00000,35-64,True,False,0.00000,0.00000,no_car_hh,False,False,False,general,4.00000,HBO,5,10.29000,10.39000,13.93000,2.40000,3.12000,0.88000,0.00000,10.29000,10.39000,1,0.10000,0.10000,1.72515,<3,1.39887,transit
3-24000080339-3,24000080339.00000,1,2,205,201,1.00000,84.58510,BUS,1,84.58510,22.00000,18-24,False,False,0.00000,0.00000,no_car_hh,True,False,False,general,4.00000,HBW,3,20.61000,35.58000,,14.85000,4.37000,6.00000,0.00000,20.61000,35.58000,0,14.97000,14.97000,7.51893,6-10,1.46255,transit
3-24000080339-3,24000080339.00000,2,2,205,201,1.00000,84.58510,BUS,1,84.58510,22.00000,18-24,False,False,0.00000,0.00000,no_car_hh,True,False,False,general,4.00000,HBW,3,20.61000,35.58000,,14.85000,4.37000,6.00000,0.00000,20.61000,35.58000,0,14.97000,14.97000,7.51893,6-10,1.46255,transit
3-24000080485-1,24000080485.00000,2,2,205,206,1.00000,77.81657,CAR,0,77.81657,47.00000,35-64,True,True,1.00000,1.00000,car_available,True,False,False,general,2.00000,HBW,10,10.29000,10.39000,13.93000,2.40000,3.12000,0.88000,0.00000,10.29000,10.39000,1,0.10000,0.10000,1.72515,<3,1.34551,car
3-24000080651-1,24000080651.00000,1,4,205,203,0.71314,32.68017,CAR,0,45.82561,27.00000,25-34,True,False,0.00000,0.00000,no_car_hh,True,False,False,general,2.00000,HBW,11,9.72000,16.44000,21.01000,3.77000,5.62000,0.71000,0.00000,9.72000,16.44000,1,6.72000,6.72000,2.16855,<3,0.56507,car
3-24000080651-1,24000080651.00000,1,4,205,204,0.28686,13.14544,CAR,0,45.82561,27.00000,25-34,True,False,0.00000,0.00000,no_car_hh,True,False,False,general,2.00000,HBW,11,7.37000,8.68000,13.48000,2.26000,2.61000,0.60000,0.00000,7.37000,8.68000,1,1.31000,1.31000,0.91997,<3,0.22730,car
3-24000080671-1,24000080671.00000,1,2,205,206,0.95646,60.20934,BUS,1,62.95025,38.00000,35-64,True,True,0.00000,1.00000,no_car_hh,True,False,False,general,4.00000,HBW,5,10.29000,10.39000,13.93000,2.40000,3.12000,0.88000,0.00000,10.29000,10.39000,1,0.10000,0.10000,1.72515,<3,1.04107,transit
3-24000080764-1,24000080764.00000,2,2,205,206,0.95646,68.86262,CAR,0,71.99745,66.00000,65+,False,True,1.00000,2.00000,competition,False,False,False,general,2.00000,HBO,10,10.29000,10.39000,13.93000,2.40000,3.12000,0.88000,0.00000,10.29000,10.39000,1,0.10000,0.10000,1.72515,<3,1.19069,car
3-24000080764-1,24000080764.00000,2,3,206,208,0.07470,5.37800,CAR,0,71.99745,66.00000,65+,False,True,1.00000,2.00000,competition,False,False,False,general,2.00000,NHB,10,10.57000,16.70000,18.49000,9.03000,3.30000,0.54000,0.00000,10.57000,16.70000,1,6.13000,6.13000,2.10404,<3,0.09299,car
3-24000080764-1,24000080764.00000,2,3,206,209,0.11615,8.36249,CAR,0,71.99745,66.00000,65+,False,True,1.00000,2.00000,competition,False,False,False,general,2.00000,NHB,10,14.80000,24.78000,25.88000,15.21000,3.97000,0.81000,0.00000,14.80000,24.78000,1,9.98000,9.98000,4.03772,3-6,0.14459,car
3-24000080764-1,24000080764.00000,2,4,208,205,0.08146,5.86516,CAR,0,71.99745,66.00000,65+,False,True,1.00000,2.00000,competition,False,False,False,general,2.00000,HBO,10,13.83000,18.83000,23.01000,12.22000,2.39000,0.91000,0.00000,13.83000,18.83000,1,5.00000,5.00000,3.60260,3-6,0.10141,car
3-24000080764-1,24000080764.00000,2,4,209,205,0.12191,8.77717,CAR,0,71.99745,66.00000,65+,False,True,1.00000,2.00000,competition,False,False,False,general,2.00000,HBO,10,17.14000,23.06000,26.66000,16.93000,1.87000,1.20000,0.00000,17.14000,23.06000,1,5.92000,5.92000,5.39735,3-6,0.15176,car
3-24000080970-1,24000080970.00000,1,2,205,201,1.00000,60.58058,CAR,0,60.58058,64.00000,35-64,False,True,1.00000,1.00000,car_available,False,False,False,general,2.00000,HBO,10,20.61000,35.58000,,14.85000,4.37000,6.00000,0.00000,20.61000,35.58000,0,14.97000,14.97000,7.51893,6-10,1.04749,car
3-24000080970-1,24000080970.00000,1,3,201,202,1.00000,60.58058,CAR,0,60.58058,64.00000,35-64,False,True,1.00000,1.00000,car_available,False,False,False,general,2.00000,NHB,10,12.27000,35.32000,,22.61000,5.42000,0.94000,0.00000,12.27000,35.32000,0,23.05000,23.05000,3.20984,3-6,1.04749,car
3-24000080970-2,24000080970.00000,1,2,205,201,1.00000,60.58058,CAR,0,60.58058,54.00000,35-64,True,False,1.00000,1.00000,no_licence,True,False,False,general,2.00000,HBW,11,20.61000,35.58000,,14.85000,4.37000,6.00000,0.00000,20.61000,35.58000,0,14.97000,14.97000,7.51893,6-10,1.04749,car
3-24000080970-2,24000080970.00000,2,2,205,201,1.00000,60.58058,CAR,0,60.58058,54.00000,35-64,True,False,1.00000,1.00000,no_licence,True,False,False,general,2.00000,HBW,11,20.61000,35.58000,,14.85000,4.37000,6.00000,0.00000,20.61000,35.58000,0,14.97000,14.97000,7.51893,6-10,1.04749,car
3-24000081116-1,24000081116.00000,2,2,205,207,1.00000,44.56471,CAR,0,44.56471,37.00000,35-64,False,True,2.00000,2.00000,car_available,True,False,False,general,4.00000,HBO,10,16.99000,13.63000,17.56000,6.93000,2.31000,1.03000,0.00000,16.99000,13.63000,1,-3.36000,-3.36000,2.62693,<3,0.77056,car
3-24000081116-1,24000081116.00000,2,3,207,209,0.10084,4.49392,CAR,0,44.56471,37.00000,35-64,False,True,2.00000,2.00000,car_available,True,False,False,general,4.00000,NHB,10,12.31000,19.61000,20.61000,9.84000,3.88000,1.00000,0.00000,12.31000,19.61000,1,7.30000,7.30000,2.87317,<3,0.07770,car
3-24000081767-1,24000081767.00000,2,4,203,202,0.64835,24.06471,CAR,0,37.11695,30.00000,25-34,False,True,1.00000,1.00000,car_available,True,False,False,general,4.00000,NHB,10,11.52000,17.50000,22.97000,5.47000,5.33000,0.68000,0.00000,11.52000,17.50000,1,5.98000,5.98000,2.22215,<3,0.41610,car
3-24000081767-1,24000081767.00000,2,4,204,202,0.35165,13.05224,CAR,0,37.11695,30.00000,25-34,False,True,1.00000,1.00000,car_available,True,False,False,general,4.00000,NHB,10,12.77000,18.53000,22.93000,8.12000,4.56000,0.64000,0.00000,12.77000,18.53000,1,5.76000,5.76000,3.48100,3-6,0.22568,car
3-24000082199-1,24000082199.00000,1,3,210,202,0.00000,0.00000,CAR,0,168.05648,30.00000,25-34,False,False,1.00000,1.00000,no_licence,True,False,False,general,2.00000,NHB,11,22.09000,52.66000,32.08000,34.76000,8.30000,0.65000,0.00000,22.09000,32.08000,1,30.57000,9.99000,7.02822,6-10,0.00000,car
3-24000082199-1,24000082199.00000,1,4,202,206,0.00000,0.00000,CAR,0,168.05648,30.00000,25-34,False,False,1.00000,1.00000,no_licence,True,False,False,general,2.00000,NHB,11,16.47000,28.99000,27.30000,15.71000,5.57000,1.07000,0.00000,16.47000,27.30000,1,12.52000,10.83000,4.80980,3-6,0.00000,car
3-24000082531-2,24000082531.00000,1,3,206,208,0.76688,35.91758,CAR,0,46.83621,67.00000,65+,False,True,2.00000,2.00000,car_available,True,False,False,general,2.00000,NHB,10,10.57000,16.70000,18.49000,9.03000,3.30000,0.54000,0.00000,10.57000,16.70000,1,6.13000,6.13000,2.10404,<3,0.62104,car
3-24000082664-2,24000082664.00000,2,4,207,202,0.00000,0.00000,CAR,0,40.20748,30.00000,25-34,True,True,2.00000,2.00000,car_available,True,False,False,general,5.00000,NHB,10,15.41000,27.97000,31.15000,17.44000,4.35000,0.91000,0.00000,15.41000,27.97000,1,12.56000,12.56000,4.42872,3-6,0.00000,car
3-24000083368-2,24000083368.00000,1,4,212,217,1.00000,46.12080,CAR,0,46.12080,55.00000,35-64,False,True,3.00000,3.00000,car_available,True,False,False,general,4.00000,NHB,10,51.77000,60.96000,,33.20000,8.88000,5.00000,0.00000,51.77000,60.96000,0,9.19000,9.19000,25.12802,20+,0.79747,car
3-24000084352-1,24000084352.00000,1,2,209,210,0.08311,26.18641,BUS,1,315.09094,20.00000,18-24,False,True,0.00000,3.00000,no_car_hh,False,True,False,general,3.00000,HBE,3,11.70000,24.43000,25.13000,6.36000,8.44000,0.59000,0.00000,11.70000,24.43000,1,12.73000,12.73000,2.72031,<3,0.45278,transit
3-24000084352-1,24000084352.00000,2,2,209,210,0.08311,26.18641,BUS,1,315.09094,20.00000,18-24,False,True,0.00000,3.00000,no_car_hh,False,True,False,general,3.00000,HBE,3,11.70000,24.43000,25.13000,6.36000,8.44000,0.59000,0.00000,11.70000,24.43000,1,12.73000,12.73000,2.72031,<3,0.45278,transit
3-24000085693-1,24000085693.00000,1,3,208,209,0.25065,22.25920,BUS,1,88.80685,26.00000,25-34,False,False,0.00000,0.00000,no_car_hh,True,False,False,general,2.00000,NHB,3,9.62000,15.68000,17.01000,6.05000,3.98000,0.83000,0.00000,9.62000,15.68000,1,6.06000,6.06000,1.95148,<3,0.38488,transit
3-24000085693-1,24000085693.00000,2,3,208,209,0.25065,22.25920,BUS,1,88.80685,26.00000,25-34,False,False,0.00000,0.00000,no_car_hh,True,False,False,general,2.00000,NHB,3,9.62000,15.68000,17.01000,6.05000,3.98000,0.83000,0.00000,9.62000,15.68000,1,6.06000,6.06000,1.95148,<3,0.38488,transit
3-24000086105-1,24000086105.00000,1,2,209,201,0.12595,44.08397,BUS,1,350.00000,66.00000,65+,True,False,0.00000,1.00000,no_car_hh,False,False,False,general,3.00000,HBO,3,30.73000,53.13000,,31.50000,4.82000,6.00000,0.00000,30.73000,53.13000,0,22.40000,22.40000,6.41107,6-10,0.76225,transit
3-24000086105-1,24000086105.00000,2,2,209,201,0.12595,44.08397,BUS,1,350.00000,66.00000,65+,True,False,0.00000,1.00000,no_car_hh,False,False,False,general,3.00000,HBO,3,30.73000,53.13000,,31.50000,4.82000,6.00000,0.00000,30.73000,53.13000,0,22.40000,22.40000,6.41107,6-10,0.76225,transit
3-24000086105-2,24000086105.00000,1,2,209,208,0.01227,4.29397,BUS,1,350.00000,67.00000,65+,False,False,0.00000,1.00000,no_car_hh,False,False,False,general,3.00000,HBO,3,10.20000,11.86000,13.28000,4.70000,2.79000,0.79000,0.00000,10.20000,11.86000,1,1.66000,1.66000,1.95148,<3,0.07425,transit
3-24000086716-1,24000086716.00000,1,3,208,209,0.11342,4.00322,CAR,0,35.29422,55.00000,35-64,False,True,1.00000,3.00000,competition,True,False,False,general,3.00000,NHB,10,9.62000,15.68000,17.01000,6.05000,3.98000,0.83000,0.00000,9.62000,15.68000,1,6.06000,6.06000,1.95148,<3,0.06922,car
3-24000086716-1,24000086716.00000,1,3,208,210,0.20101,7.09432,CAR,0,35.29422,55.00000,35-64,False,True,1.00000,3.00000,competition,True,False,False,general,3.00000,NHB,10,17.96000,32.65000,33.34000,12.41000,8.97000,1.16000,0.00000,17.96000,32.65000,1,14.69000,14.69000,4.64884,3-6,0.12267,car
3-24000086716-1,24000086716.00000,2,3,208,209,0.11342,4.00322,CAR,0,35.29422,55.00000,35-64,False,True,1.00000,3.00000,competition,True,False,False,general,3.00000,NHB,10,9.62000,15.68000,17.01000,6.05000,3.98000,0.83000,0.00000,9.62000,15.68000,1,6.06000,6.06000,1.95148,<3,0.06922,car
3-24000086716-1,24000086716.00000,2,3,208,210,0.20101,7.09432,CAR,0,35.29422,55.00000,35-64,False,True,1.00000,3.00000,competition,True,False,False,general,3.00000,NHB,10,17.96000,32.65000,33.34000,12.41000,8.97000,1.16000,0.00000,17.96000,32.65000,1,14.69000,14.69000,4.64884,3-6,0.12267,car
3-24000088258-1,24000088258.00000,1,5,208,201,1.00000,52.46586,CAR,0,52.46586,32.00000,25-34,False,True,1.00000,2.00000,competition,True,False,False,general,4.00000,NHB,10,19.90000,53.38000,,24.70000,5.34000,5.00000,1.00000,19.90000,53.38000,0,33.48000,33.48000,6.93218,6-10,0.90718,car
3-24000088258-2,24000088258.00000,2,3,202,208,0.00000,0.00000,BUS,1,52.46586,31.00000,25-34,True,True,1.00000,2.00000,competition,True,True,False,general,4.00000,NHB,3,17.00000,38.40000,34.78000,26.81000,4.80000,1.00000,0.00000,17.00000,34.78000,1,21.40000,17.78000,4.74249,3-6,0.00000,transit
3-24000089320-1,24000089320.00000,1,4,208,209,0.01234,1.05434,CAR,0,85.45206,62.00000,35-64,False,True,3.00000,3.00000,car_available,True,False,False,general,3.00000,NHB,10,9.62000,15.68000,17.01000,6.05000,3.98000,0.83000,0.00000,9.62000,15.68000,1,6.06000,6.06000,1.95148,<3,0.01823,car
3-24000089320-1,24000089320.00000,1,4,209,208,0.01187,1.01470,CAR,0,85.45206,62.00000,35-64,False,True,3.00000,3.00000,car_available,True,False,False,general,3.00000,NHB,10,10.20000,11.86000,13.28000,4.70000,2.79000,0.79000,0.00000,10.20000,11.86000,1,1.66000,1.66000,1.95148,<3,0.01755,car
3-24000092708-1,24000092708.00000,2,2,208,103,0.08146,4.82121,BUS,1,59.18250,70.00000,65+,True,False,0.00000,0.00000,no_car_hh,False,False,False,general,1.00000,NHB,3,22.18000,41.56000,41.56000,27.09000,4.24000,3.00000,0.00000,22.18000,41.56000,1,19.38000,19.38000,8.17102,6-10,0.08336,transit
3-24000092708-1,24000092708.00000,2,2,209,103,0.12191,7.21490,BUS,1,59.18250,70.00000,65+,True,False,0.00000,0.00000,no_car_hh,False,False,False,general,1.00000,NHB,3,20.81000,34.47000,34.47000,21.04000,3.71000,3.00000,0.00000,20.81000,34.47000,1,13.66000,13.66000,7.43212,6-10,0.12475,transit
3-24000093133-1,24000093133.00000,2,3,104,304,0.19029,9.06106,BUS,1,47.61600,33.00000,25-34,True,False,1.00000,1.00000,no_licence,False,False,False,general,2.00000,NHB,3,8.40000,22.05000,,6.52000,5.26000,2.50000,0.00000,8.40000,22.05000,0,13.65000,13.65000,1.24683,<3,0.15667,transit
3-24000093133-1,24000093133.00000,2,3,304,104,0.20223,9.62961,BUS,1,47.61600,33.00000,25-34,True,False,1.00000,1.00000,no_licence,False,False,False,general,2.00000,NHB,3,6.78000,27.98000,,11.79000,5.09000,3.00000,0.00000,6.78000,27.98000,0,21.20000,21.20000,1.24683,<3,0.16650,transit
3-24000101743-1,24000101743.00000,2,3,208,207,0.37663,24.58084,CAR,0,65.26573,37.00000,35-64,True,True,1.00000,2.00000,competition,True,True,False,general,4.00000,NHB,10,7.07000,11.37000,15.43000,3.82000,3.29000,0.48000,0.00000,7.07000,11.37000,1,4.30000,4.30000,0.97962,<3,0.42502,car
3-24000101743-2,24000101743.00000,2,3,208,207,0.37663,24.58084,CAR,0,65.26573,38.00000,35-64,False,True,1.00000,2.00000,competition,True,False,False,general,4.00000,NHB,11,7.07000,11.37000,15.43000,3.82000,3.29000,0.48000,0.00000,7.07000,11.37000,1,4.30000,4.30000,0.97962,<3,0.42502,car
3-24000101743-4,24000101743.00000,2,3,208,207,0.37663,24.58084,CAR,0,65.26573,10.00000,0-17,True,False,1.00000,2.00000,no_licence,False,False,False,general,4.00000,NHB,11,7.07000,11.37000,15.43000,3.82000,3.29000,0.48000,0.00000,7.07000,11.37000,1,4.30000,4.30000,0.97962,<3,0.42502,car
3-24000102101-1,24000102101.00000,1,2,202,203,0.00000,0.00000,CAR,0,85.02381,81.00000,65+,False,True,1.00000,2.00000,competition,False,False,False,general,2.00000,HBO,10,11.50000,23.30000,26.81000,5.89000,8.08000,0.62000,0.00000,11.50000,23.30000,1,11.80000,11.80000,2.22215,<3,0.00000,car
3-24000102101-1,24000102101.00000,1,3,203,202,0.00000,0.00000,CAR,0,85.02381,81.00000,65+,False,True,1.00000,2.00000,competition,False,False,False,general,2.00000,HBO,10,11.52000,17.50000,22.97000,5.47000,5.33000,0.68000,0.00000,11.52000,17.50000,1,5.98000,5.98000,2.22215,<3,0.00000,car
3-24000104107-2,24000104107.00000,1,2,205,207,1.00000,141.38110,CAR,0,141.38110,43.00000,35-64,True,True,2.00000,2.00000,car_available,True,False,False,general,5.00000,HBO,10,16.99000,13.63000,17.56000,6.93000,2.31000,1.03000,0.00000,16.99000,13.63000,1,-3.36000,-3.36000,2.62693,<3,2.44460,car
3-24000104107-2,24000104107.00000,2,2,205,207,1.00000,141.38110,CAR,0,141.38110,43.00000,35-64,True,True,2.00000,2.00000,car_available,True,False,False,general,5.00000,HBO,10,16.99000,13.63000,17.56000,6.93000,2.31000,1.03000,0.00000,16.99000,13.63000,1,-3.36000,-3.36000,2.62693,<3,2.44460,car
3-24000104107-3,24000104107.00000,1,2,205,207,1.00000,141.38110,CAR,0,141.38110,10.00000,0-17,True,False,2.00000,2.00000,no_licence,False,False,False,general,5.00000,HBE,11,16.99000,13.63000,17.56000,6.93000,2.31000,1.03000,0.00000,16.99000,13.63000,1,-3.36000,-3.36000,2.62693,<3,2.44460,car
3-24000104107-3,24000104107.00000,2,2,205,207,1.00000,141.38110,CAR,0,141.38110,10.00000,0-17,True,False,2.00000,2.00000,no_licence,False,False,False,general,5.00000,HBE,11,16.99000,13.63000,17.56000,6.93000,2.31000,1.03000,0.00000,16.99000,13.63000,1,-3.36000,-3.36000,2.62693,<3,2.44460,car
3-24000104107-4,24000104107.00000,1,2,205,207,1.00000,141.38110,CAR,0,141.38110,8.00000,0-17,False,False,2.00000,2.00000,no_licence,False,False,False,general,5.00000,HBE,11,16.99000,13.63000,17.56000,6.93000,2.31000,1.03000,0.00000,16.99000,13.63000,1,-3.36000,-3.36000,2.62693,<3,2.44460,car
3-24000104107-4,24000104107.00000,2,2,205,207,1.00000,141.38110,CAR,0,141.38110,8.00000,0-17,False,False,2.00000,2.00000,no_licence,False,False,False,general,5.00000,HBE,11,16.99000,13.63000,17.56000,6.93000,2.31000,1.03000,0.00000,16.99000,13.63000,1,-3.36000,-3.36000,2.62693,<3,2.44460,car
3-24000104107-5,24000104107.00000,1,2,205,207,1.00000,141.38110,CAR,0,141.38110,0.50000,0-17,False,False,2.00000,2.00000,no_licence,False,False,False,general,5.00000,HBO,11,16.99000,13.63000,17.56000,6.93000,2.31000,1.03000,0.00000,16.99000,13.63000,1,-3.36000,-3.36000,2.62693,<3,2.44460,car
3-24000104107-5,24000104107.00000,2,2,205,207,1.00000,141.38110,CAR,0,141.38110,0.50000,0-17,False,False,2.00000,2.00000,no_licence,False,False,False,general,5.00000,HBO,11,16.99000,13.63000,17.56000,6.93000,2.31000,1.03000,0.00000,16.99000,13.63000,1,-3.36000,-3.36000,2.62693,<3,2.44460,car
3-24000104944-1,24000104944.00000,1,4,202,208,0.00000,0.00000,CAR,0,116.92827,42.00000,35-64,False,True,2.00000,2.00000,car_available,True,False,False,general,6.00000,NHB,10,17.00000,38.40000,34.78000,26.81000,4.80000,1.00000,0.00000,17.00000,34.78000,1,21.40000,17.78000,4.74249,3-6,0.00000,car
3-24000104944-1,24000104944.00000,1,4,202,209,0.00000,0.00000,CAR,0,116.92827,42.00000,35-64,False,True,2.00000,2.00000,car_available,True,False,False,general,6.00000,NHB,10,16.55000,48.10000,42.16000,35.46000,5.46000,0.85000,0.00000,16.55000,42.16000,1,31.55000,25.61000,5.13402,3-6,0.00000,car
3-24000104944-1,24000104944.00000,1,5,209,208,0.12191,14.25465,CAR,0,116.92827,42.00000,35-64,False,True,2.00000,2.00000,car_available,True,False,False,general,6.00000,NHB,10,10.20000,11.86000,13.28000,4.70000,2.79000,0.79000,0.00000,10.20000,11.86000,1,1.66000,1.66000,1.95148,<3,0.24647,car
3-24000106877-1,24000106877.00000,2,4,208,215,1.00000,49.86605,CAR,0,49.86605,39.00000,35-64,False,True,1.00000,1.00000,car_available,True,False,False,general,1.00000,NHB,10,34.32000,70.31000,,40.26000,6.02000,5.00000,1.00000,34.32000,70.31000,0,35.99000,35.99000,16.20690,10-20,0.86222,car
3-24000106970-1,24000106970.00000,2,4,207,206,0.95646,50.02376,CAR,0,52.30099,18.00000,18-24,True,True,2.00000,3.00000,competition,True,True,False,general,5.00000,NHB,10,10.11000,10.55000,12.89000,1.74000,4.00000,0.41000,0.00000,10.11000,10.55000,1,0.44000,0.44000,1.17370,<3,0.86495,car
3-24000106970-2,24000106970.00000,2,4,207,206,0.95646,50.02376,CAR,0,52.30099,43.00000,35-64,True,True,2.00000,3.00000,competition,True,False,False,general,5.00000,NHB,11,10.11000,10.55000,12.89000,1.74000,4.00000,0.41000,0.00000,10.11000,10.55000,1,0.44000,0.44000,1.17370,<3,0.86495,car
3-24000107123-2,24000107123.00000,1,4,206,208,0.76688,53.58132,CAR,0,69.86958,47.00000,35-64,False,True,2.00000,2.00000,car_available,True,False,False,general,4.00000,NHB,10,10.57000,16.70000,18.49000,9.03000,3.30000,0.54000,0.00000,10.57000,16.70000,1,6.13000,6.13000,2.10404,<3,0.92646,car
3-24000107123-2,24000107123.00000,2,4,206,208,0.76688,53.58132,CAR,0,69.86958,47.00000,35-64,False,True,2.00000,2.00000,car_available,True,False,False,general,4.00000,NHB,10,10.57000,16.70000,18.49000,9.03000,3.30000,0.54000,0.00000,10.57000,16.70000,1,6.13000,6.13000,2.10404,<3,0.92646,car
3-24000107940-1,24000107940.00000,2,4,209,208,0.12191,14.99546,CAR,0,123.00497,52.00000,35-64,True,True,2.00000,2.00000,car_available,True,False,False,general,4.00000,NHB,10,10.20000,11.86000,13.28000,4.70000,2.79000,0.79000,0.00000,10.20000,11.86000,1,1.66000,1.66000,1.95148,<3,0.25928,car
3-24000109481-1,24000109481.00000,2,5,209,208,0.12191,4.55542,CAR,0,37.36730,35.00000,35-64,True,True,1.00000,2.00000,competition,True,False,False,general,5.00000,NHB,10,10.20000,11.86000,13.28000,4.70000,2.79000,0.79000,0.00000,10.20000,11.86000,1,1.66000,1.66000,1.95148,<3,0.07877,car
3-24000109555-1,24000109555.00000,1,6,212,202,1.00000,54.72069,CAR,0,54.72069,48.00000,35-64,False,True,2.00000,3.00000,competition,True,False,False,general,5.00000,NHB,10,24.61000,59.72000,38.14000,41.46000,7.98000,1.16000,0.00000,24.61000,38.14000,1,35.11000,13.53000,10.15622,10-20,0.94617,car
3-24000109555-1,24000109555.00000,2,5,210,202,0.00000,0.00000,CAR,0,54.72069,48.00000,35-64,False,True,2.00000,3.00000,competition,True,False,False,general,5.00000,NHB,10,22.09000,52.66000,32.08000,34.76000,8.30000,0.65000,0.00000,22.09000,32.08000,1,30.57000,9.99000,7.02822,6-10,0.00000,car
3-24000110597-1,24000110597.00000,1,2,202,206,0.00000,0.00000,CAR,0,98.73934,33.00000,25-34,False,True,2.00000,2.00000,car_available,True,False,False,general,2.00000,HBW,10,16.47000,28.99000,27.30000,15.71000,5.57000,1.07000,0.00000,16.47000,27.30000,1,12.52000,10.83000,4.80980,3-6,0.00000,car
3-24000110597-1,24000110597.00000,2,2,202,206,0.00000,0.00000,CAR,0,98.73934,33.00000,25-34,False,True,2.00000,2.00000,car_available,True,False,False,general,2.00000,HBW,10,16.47000,28.99000,27.30000,15.71000,5.57000,1.07000,0.00000,16.47000,27.30000,1,12.52000,10.83000,4.80980,3-6,0.00000,car
3-24000110597-2,24000110597.00000,1,2,202,211,0.00000,0.00000,CAR,0,98.73934,28.00000,25-34,True,True,2.00000,2.00000,car_available,True,False,False,general,2.00000,HBW,10,22.51000,42.90000,42.90000,18.73000,10.66000,1.43000,0.00000,22.51000,42.90000,1,20.39000,20.39000,9.01513,6-10,0.00000,car
3-24000110597-2,24000110597.00000,2,2,202,211,0.00000,0.00000,CAR,0,98.73934,28.00000,25-34,True,True,2.00000,2.00000,car_available,True,False,False,general,2.00000,HBW,10,22.51000,42.90000,42.90000,18.73000,10.66000,1.43000,0.00000,22.51000,42.90000,1,20.39000,20.39000,9.01513,6-10,0.00000,car
3-24000111062-1,24000111062.00000,1,2,303,103,0.75595,34.28254,CAR,0,45.34999,44.00000,35-64,True,True,2.00000,2.00000,car_available,True,False,False,general,6.00000,HBO,10,8.49000,18.98000,,7.17000,4.40000,1.50000,0.00000,8.49000,18.98000,0,10.49000,10.49000,1.83675,<3,0.59277,car
3-24000111062-1,24000111062.00000,1,3,103,303,0.57772,26.19982,CAR,0,45.34999,44.00000,35-64,True,True,2.00000,2.00000,car_available,True,False,False,general,6.00000,HBO,10,9.11000,35.25000,,23.31000,4.21000,1.76000,0.00000,9.11000,35.25000,0,26.14000,26.14000,1.83675,<3,0.45302,car
3-24000111062-1,24000111062.00000,1,4,303,103,0.36213,16.42259,CAR,0,45.34999,44.00000,35-64,True,True,2.00000,2.00000,car_available,True,False,False,general,6.00000,HBO,10,8.49000,18.98000,,7.17000,4.40000,1.50000,0.00000,8.49000,18.98000,0,10.49000,10.49000,1.83675,<3,0.28396,car
3-24000111062-1,24000111062.00000,1,4,303,104,0.53249,24.14838,CAR,0,45.34999,44.00000,35-64,True,True,2.00000,2.00000,car_available,True,False,False,general,6.00000,HBO,10,11.20000,31.81000,,15.61000,5.10000,3.00000,0.00000,11.20000,31.81000,0,20.61000,20.61000,2.24488,<3,0.41755,car
3-24000111062-1,24000111062.00000,2,2,303,103,0.75595,34.28254,CAR,0,45.34999,44.00000,35-64,True,True,2.00000,2.00000,car_available,True,False,False,general,6.00000,HBO,10,8.49000,18.98000,,7.17000,4.40000,1.50000,0.00000,8.49000,18.98000,0,10.49000,10.49000,1.83675,<3,0.59277,car
3-24000111062-1,24000111062.00000,2,3,103,102,0.07078,3.20991,CAR,0,45.34999,44.00000,35-64,True,True,2.00000,2.00000,car_available,True,False,False,general,6.00000,NHB,10,7.47000,13.36000,14.44000,2.72000,4.95000,0.37000,0.00000,7.47000,13.36000,1,5.89000,5.89000,1.52665,<3,0.05550,car
3-24000111062-5,24000111062.00000,1,2,303,103,0.75595,34.28254,CAR,0,45.34999,15.00000,0-17,True,False,2.00000,2.00000,no_licence,False,False,False,general,6.00000,HBE,11,8.49000,18.98000,,7.17000,4.40000,1.50000,0.00000,8.49000,18.98000,0,10.49000,10.49000,1.83675,<3,0.59277,car
3-24000111062-5,24000111062.00000,2,2,303,103,0.75595,34.28254,CAR,0,45.34999,15.00000,0-17,True,False,2.00000,2.00000,no_licence,False,False,False,general,6.00000,HBE,11,8.49000,18.98000,,7.17000,4.40000,1.50000,0.00000,8.49000,18.98000,0,10.49000,10.49000,1.83675,<3,0.59277,car
3-24000111062-6,24000111062.00000,1,2,303,103,0.75595,34.28254,CAR,0,45.34999,15.00000,0-17,True,False,2.00000,2.00000,no_licence,False,False,False,general,6.00000,HBE,11,8.49000,18.98000,,7.17000,4.40000,1.50000,0.00000,8.49000,18.98000,0,10.49000,10.49000,1.83675,<3,0.59277,car
3-24000111062-6,24000111062.00000,2,2,303,103,0.75595,34.28254,CAR,0,45.34999,15.00000,0-17,True,False,2.00000,2.00000,no_licence,False,False,False,general,6.00000,HBE,11,8.49000,18.98000,,7.17000,4.40000,1.50000,0.00000,8.49000,18.98000,0,10.49000,10.49000,1.83675,<3,0.59277,car
3-24000111248-2,24000111248.00000,1,2,303,103,0.36213,74.34875,CAR,0,205.30957,49.00000,35-64,False,True,0.00000,4.00000,no_car_hh,False,True,False,general,8.00000,HBO,10,8.49000,18.98000,,7.17000,4.40000,1.50000,0.00000,8.49000,18.98000,0,10.49000,10.49000,1.83675,<3,1.28555,car
3-24000111248-2,24000111248.00000,1,2,303,104,0.53249,109.32515,CAR,0,205.30957,49.00000,35-64,False,True,0.00000,4.00000,no_car_hh,False,True,False,general,8.00000,HBO,10,11.20000,31.81000,,15.61000,5.10000,3.00000,0.00000,11.20000,31.81000,0,20.61000,20.61000,2.24488,<3,1.89032,car
3-24000111248-2,24000111248.00000,1,3,103,303,0.46507,95.48377,CAR,0,205.30957,49.00000,35-64,False,True,0.00000,4.00000,no_car_hh,False,True,False,general,8.00000,HBO,10,9.11000,35.25000,,23.31000,4.21000,1.76000,0.00000,9.11000,35.25000,0,26.14000,26.14000,1.83675,<3,1.65099,car
3-24000111248-2,24000111248.00000,1,3,104,303,0.36198,74.31783,CAR,0,205.30957,49.00000,35-64,False,True,0.00000,4.00000,no_car_hh,False,True,False,general,8.00000,HBO,10,8.36000,32.24000,,14.56000,4.56000,4.29000,0.00000,8.36000,32.24000,0,23.88000,23.88000,2.24488,<3,1.28502,car
3-24000111248-2,24000111248.00000,1,5,303,103,0.75595,155.20477,CAR,0,205.30957,49.00000,35-64,False,True,0.00000,4.00000,no_car_hh,False,True,False,general,8.00000,NHB,10,8.49000,18.98000,,7.17000,4.40000,1.50000,0.00000,8.49000,18.98000,0,10.49000,10.49000,1.83675,<3,2.68362,car
3-24000111248-2,24000111248.00000,1,6,103,104,0.30763,63.15987,CAR,0,205.30957,49.00000,35-64,False,True,0.00000,4.00000,no_car_hh,False,True,False,general,8.00000,NHB,10,7.44000,17.02000,16.07000,4.47000,5.91000,0.36000,0.00000,7.44000,16.07000,1,9.58000,8.63000,1.66098,<3,1.09209,car
3-24000111248-2,24000111248.00000,1,7,103,102,0.05698,11.69834,CAR,0,205.30957,49.00000,35-64,False,True,0.00000,4.00000,no_car_hh,False,True,False,general,8.00000,NHB,10,7.47000,13.36000,14.44000,2.72000,4.95000,0.37000,0.00000,7.47000,13.36000,1,5.89000,5.89000,1.52665,<3,0.20227,car
3-24000111248-2,24000111248.00000,1,7,104,102,0.04435,9.10516,CAR,0,205.30957,49.00000,35-64,False,True,0.00000,4.00000,no_car_hh,False,True,False,general,8.00000,NHB,10,13.37000,17.52000,19.21000,6.01000,5.30000,0.46000,0.00000,13.37000,17.52000,1,4.15000,4.15000,3.18021,3-6,0.15744,car
3-24000111248-2,24000111248.00000,2,2,303,103,0.36213,74.34875,CAR,0,205.30957,49.00000,35-64,False,True,0.00000,4.00000,no_car_hh,False,True,False,general,8.00000,HBO,10,8.49000,18.98000,,7.17000,4.40000,1.50000,0.00000,8.49000,18.98000,0,10.49000,10.49000,1.83675,<3,1.28555,car
3-24000111248-2,24000111248.00000,2,2,303,104,0.53249,109.32515,CAR,0,205.30957,49.00000,35-64,False,True,0.00000,4.00000,no_car_hh,False,True,False,general,8.00000,HBO,10,11.20000,31.81000,,15.61000,5.10000,3.00000,0.00000,11.20000,31.81000,0,20.61000,20.61000,2.24488,<3,1.89032,car
3-24000111248-2,24000111248.00000,2,3,103,303,0.46507,95.48377,CAR,0,205.30957,49.00000,35-64,False,True,0.00000,4.00000,no_car_hh,False,True,False,general,8.00000,HBO,10,9.11000,35.25000,,23.31000,4.21000,1.76000,0.00000,9.11000,35.25000,0,26.14000,26.14000,1.83675,<3,1.65099,car
3-24000111248-2,24000111248.00000,2,3,104,303,0.36198,74.31783,CAR,0,205.30957,49.00000,35-64,False,True,0.00000,4.00000,no_car_hh,False,True,False,general,8.00000,HBO,10,8.36000,32.24000,,14.56000,4.56000,4.29000,0.00000,8.36000,32.24000,0,23.88000,23.88000,2.24488,<3,1.28502,car
3-24000111248-2,24000111248.00000,2,5,303,103,0.75595,155.20477,CAR,0,205.30957,49.00000,35-64,False,True,0.00000,4.00000,no_car_hh,False,True,False,general,8.00000,NHB,10,8.49000,18.98000,,7.17000,4.40000,1.50000,0.00000,8.49000,18.98000,0,10.49000,10.49000,1.83675,<3,2.68362,car
3-24000111248-2,24000111248.00000,2,6,103,303,0.57772,118.61247,CAR,0,205.30957,49.00000,35-64,False,True,0.00000,4.00000,no_car_hh,False,True,False,general,8.00000,HBO,10,9.11000,35.25000,,23.31000,4.21000,1.76000,0.00000,9.11000,35.25000,0,26.14000,26.14000,1.83675,<3,2.05091,car
3-24000111248-7,24000111248.00000,1,3,303,103,0.75595,155.20477,CAR,0,205.30957,9.00000,0-17,False,False,0.00000,4.00000,no_car_hh,False,False,False,general,8.00000,NHB,11,8.49000,18.98000,,7.17000,4.40000,1.50000,0.00000,8.49000,18.98000,0,10.49000,10.49000,1.83675,<3,2.68362,car
3-24000111248-7,24000111248.00000,2,3,303,103,0.75595,155.20477,CAR,0,205.30957,9.00000,0-17,False,False,0.00000,4.00000,no_car_hh,False,False,False,general,8.00000,NHB,11,8.49000,18.98000,,7.17000,4.40000,1.50000,0.00000,8.49000,18.98000,0,10.49000,10.49000,1.83675,<3,2.68362,car
3-24000111494-1,24000111494.00000,2,3,103,303,0.46507,57.61186,CAR,0,123.87726,72.00000,65+,False,True,1.00000,3.00000,competition,False,False,False,general,3.00000,NHB,10,9.11000,35.25000,,23.31000,4.21000,1.76000,0.00000,9.11000,35.25000,0,26.14000,26.14000,1.83675,<3,0.99616,car
3-24000111494-1,24000111494.00000,2,3,104,303,0.36198,44.84101,CAR,0,123.87726,72.00000,65+,False,True,1.00000,3.00000,competition,False,False,False,general,3.00000,NHB,10,8.36000,32.24000,,14.56000,4.56000,4.29000,0.00000,8.36000,32.24000,0,23.88000,23.88000,2.24488,<3,0.77534,car
3-24000111494-1,24000111494.00000,2,5,303,103,0.36213,44.85967,CAR,0,123.87726,72.00000,65+,False,True,1.00000,3.00000,competition,False,False,False,general,3.00000,HBO,10,8.49000,18.98000,,7.17000,4.40000,1.50000,0.00000,8.49000,18.98000,0,10.49000,10.49000,1.83675,<3,0.77566,car
3-24000111494-1,24000111494.00000,2,5,303,104,0.53249,65.96331,CAR,0,123.87726,72.00000,65+,False,True,1.00000,3.00000,competition,False,False,False,general,3.00000,HBO,10,11.20000,31.81000,,15.61000,5.10000,3.00000,0.00000,11.20000,31.81000,0,20.61000,20.61000,2.24488,<3,1.14056,car
3-24000111494-1,24000111494.00000,2,6,103,303,0.46507,57.61186,CAR,0,123.87726,72.00000,65+,False,True,1.00000,3.00000,competition,False,False,False,general,3.00000,HBO,10,9.11000,35.25000,,23.31000,4.21000,1.76000,0.00000,9.11000,35.25000,0,26.14000,26.14000,1.83675,<3,0.99616,car
3-24000111494-1,24000111494.00000,2,6,104,303,0.36198,44.84101,CAR,0,123.87726,72.00000,65+,False,True,1.00000,3.00000,competition,False,False,False,general,3.00000,HBO,10,8.36000,32.24000,,14.56000,4.56000,4.29000,0.00000,8.36000,32.24000,0,23.88000,23.88000,2.24488,<3,0.77534,car
3-24000111547-1,24000111547.00000,2,2,303,302,0.49398,26.42251,CAR,0,53.48948,46.00000,35-64,False,True,2.00000,2.00000,car_available,True,False,False,general,5.00000,HBO,10,6.54000,17.11000,80.65000,5.92000,4.90000,0.70000,0.00000,6.54000,17.11000,1,10.57000,10.57000,1.14681,<3,0.45687,car
3-24000111547-1,24000111547.00000,2,3,302,303,0.49186,26.30931,CAR,0,53.48948,46.00000,35-64,False,True,2.00000,2.00000,car_available,True,False,False,general,5.00000,HBO,10,7.32000,12.66000,15.53000,2.53000,4.50000,0.56000,0.00000,7.32000,12.66000,1,5.34000,5.34000,1.14681,<3,0.45491,car
3-24000111547-1,24000111547.00000,2,4,303,103,1.00000,53.48948,CAR,0,53.48948,46.00000,35-64,False,True,2.00000,2.00000,car_available,True,False,False,general,5.00000,HBO,10,8.49000,18.98000,,7.17000,4.40000,1.50000,0.00000,8.49000,18.98000,0,10.49000,10.49000,1.83675,<3,0.92488,car
3-24000111547-2,24000111547.00000,1,2,303,103,0.36213,19.37014,CAR,0,53.48948,42.00000,35-64,True,True,2.00000,2.00000,car_available,True,True,False,general,5.00000,HBW,10,8.49000,18.98000,,7.17000,4.40000,1.50000,0.00000,8.49000,18.98000,0,10.49000,10.49000,1.83675,<3,0.33493,car
3-24000111547-2,24000111547.00000,1,2,303,104,0.53249,28.48257,CAR,0,53.48948,42.00000,35-64,True,True,2.00000,2.00000,car_available,True,True,False,general,5.00000,HBW,10,11.20000,31.81000,,15.61000,5.10000,3.00000,0.00000,11.20000,31.81000,0,20.61000,20.61000,2.24488,<3,0.49249,car
3-24000111547-2,24000111547.00000,2,2,303,103,0.36213,19.37014,CAR,0,53.48948,42.00000,35-64,True,True,2.00000,2.00000,car_available,True,True,False,general,5.00000,HBW,10,8.49000,18.98000,,7.17000,4.40000,1.50000,0.00000,8.49000,18.98000,0,10.49000,10.49000,1.83675,<3,0.33493,car
3-24000111547-2,24000111547.00000,2,2,303,104,0.53249,28.48257,CAR,0,53.48948,42.00000,35-64,True,True,2.00000,2.00000,car_available,True,True,False,general,5.00000,HBW,10,11.20000,31.81000,,15.61000,5.10000,3.00000,0.00000,11.20000,31.81000,0,20.61000,20.61000,2.24488,<3,0.49249,car
3-24000111547-2,24000111547.00000,2,3,104,103,0.27364,14.63686,CAR,0,53.48948,42.00000,35-64,True,True,2.00000,2.00000,car_available,True,True,False,general,5.00000,NHB,10,6.92000,15.99000,18.19000,4.07000,5.56000,0.40000,0.00000,6.92000,15.99000,1,9.07000,9.07000,1.66098,<3,0.25308,car
3-24000111640-2,24000111640.00000,1,2,303,103,0.36213,31.78382,CAR,0,87.76909,31.00000,25-34,True,True,1.00000,2.00000,competition,True,False,False,general,5.00000,HBO,10,8.49000,18.98000,,7.17000,4.40000,1.50000,0.00000,8.49000,18.98000,0,10.49000,10.49000,1.83675,<3,0.54957,car
3-24000111640-2,24000111640.00000,1,2,303,104,0.53249,46.73610,CAR,0,87.76909,31.00000,25-34,True,True,1.00000,2.00000,competition,True,False,False,general,5.00000,HBO,10,11.20000,31.81000,,15.61000,5.10000,3.00000,0.00000,11.20000,31.81000,0,20.61000,20.61000,2.24488,<3,0.80811,car
3-24000111640-2,24000111640.00000,1,3,104,103,0.36198,31.77060,CAR,0,87.76909,31.00000,25-34,True,True,1.00000,2.00000,competition,True,False,False,general,5.00000,NHB,10,6.92000,15.99000,18.19000,4.07000,5.56000,0.40000,0.00000,6.92000,15.99000,1,9.07000,9.07000,1.66098,<3,0.54934,car
3-24000111640-2,24000111640.00000,2,2,303,103,0.36213,31.78382,CAR,0,87.76909,31.00000,25-34,True,True,1.00000,2.00000,competition,True,False,False,general,5.00000,HBO,10,8.49000,18.98000,,7.17000,4.40000,1.50000,0.00000,8.49000,18.98000,0,10.49000,10.49000,1.83675,<3,0.54957,car
3-24000111640-2,24000111640.00000,2,2,303,104,0.53249,46.73610,CAR,0,87.76909,31.00000,25-34,True,True,1.00000,2.00000,competition,True,False,False,general,5.00000,HBO,10,11.20000,31.81000,,15.61000,5.10000,3.00000,0.00000,11.20000,31.81000,0,20.61000,20.61000,2.24488,<3,0.80811,car
3-24000111640-2,24000111640.00000,2,3,104,103,0.36198,31.77060,CAR,0,87.76909,31.00000,25-34,True,True,1.00000,2.00000,competition,True,False,False,general,5.00000,NHB,10,6.92000,15.99000,18.19000,4.07000,5.56000,0.40000,0.00000,6.92000,15.99000,1,9.07000,9.07000,1.66098,<3,0.54934,car
3-24000111640-4,24000111640.00000,1,2,303,103,0.36213,31.78382,CAR,0,87.76909,2.50000,0-17,True,False,1.00000,2.00000,no_licence,False,False,False,general,5.00000,HBE,11,8.49000,18.98000,,7.17000,4.40000,1.50000,0.00000,8.49000,18.98000,0,10.49000,10.49000,1.83675,<3,0.54957,car
3-24000111640-4,24000111640.00000,1,2,303,104,0.53249,46.73610,CAR,0,87.76909,2.50000,0-17,True,False,1.00000,2.00000,no_licence,False,False,False,general,5.00000,HBE,11,11.20000,31.81000,,15.61000,5.10000,3.00000,0.00000,11.20000,31.81000,0,20.61000,20.61000,2.24488,<3,0.80811,car
3-24000111640-4,24000111640.00000,2,2,303,103,0.36213,31.78382,CAR,0,87.76909,2.50000,0-17,True,False,1.00000,2.00000,no_licence,False,False,False,general,5.00000,HBE,11,8.49000,18.98000,,7.17000,4.40000,1.50000,0.00000,8.49000,18.98000,0,10.49000,10.49000,1.83675,<3,0.54957,car
3-24000111640-4,24000111640.00000,2,2,303,104,0.53249,46.73610,CAR,0,87.76909,2.50000,0-17,True,False,1.00000,2.00000,no_licence,False,False,False,general,5.00000,HBE,11,11.20000,31.81000,,15.61000,5.10000,3.00000,0.00000,11.20000,31.81000,0,20.61000,20.61000,2.24488,<3,0.80811,car
3-24000111640-5,24000111640.00000,1,2,303,103,0.36213,31.78382,CAR,0,87.76909,1.00000,0-17,True,False,1.00000,2.00000,no_licence,False,False,False,general,5.00000,HBE,11,8.49000,18.98000,,7.17000,4.40000,1.50000,0.00000,8.49000,18.98000,0,10.49000,10.49000,1.83675,<3,0.54957,car
3-24000111640-5,24000111640.00000,1,2,303,104,0.53249,46.73610,CAR,0,87.76909,1.00000,0-17,True,False,1.00000,2.00000,no_licence,False,False,False,general,5.00000,HBE,11,11.20000,31.81000,,15.61000,5.10000,3.00000,0.00000,11.20000,31.81000,0,20.61000,20.61000,2.24488,<3,0.80811,car
3-24000111640-5,24000111640.00000,2,2,303,103,0.36213,31.78382,CAR,0,87.76909,1.00000,0-17,True,False,1.00000,2.00000,no_licence,False,False,False,general,5.00000,HBE,11,8.49000,18.98000,,7.17000,4.40000,1.50000,0.00000,8.49000,18.98000,0,10.49000,10.49000,1.83675,<3,0.54957,car
3-24000111640-5,24000111640.00000,2,2,303,104,0.53249,46.73610,CAR,0,87.76909,1.00000,0-17,True,False,1.00000,2.00000,no_licence,False,False,False,general,5.00000,HBE,11,11.20000,31.81000,,15.61000,5.10000,3.00000,0.00000,11.20000,31.81000,0,20.61000,20.61000,2.24488,<3,0.80811,car
3-2680000265-6,2680000265.00000,1,3,210,104,0.11157,17.39935,CAR,0,155.94977,42.00000,35-64,False,True,2.00000,2.00000,car_available,True,False,False,general,6.00000,NHB,10,16.17000,29.31000,30.18000,10.61000,8.79000,0.56000,0.00000,16.17000,29.31000,1,13.14000,13.14000,5.07582,3-6,0.30085,car
3-2680000265-6,2680000265.00000,1,5,104,103,0.75595,117.89099,CAR,0,155.94977,42.00000,35-64,False,True,2.00000,2.00000,car_available,True,False,False,general,6.00000,NHB,10,6.92000,15.99000,18.19000,4.07000,5.56000,0.40000,0.00000,6.92000,15.99000,1,9.07000,9.07000,1.66098,<3,2.03843,car
3-2680000265-6,2680000265.00000,1,7,103,102,0.07078,11.03826,CAR,0,155.94977,42.00000,35-64,False,True,2.00000,2.00000,car_available,True,False,False,general,6.00000,NHB,10,7.47000,13.36000,14.44000,2.72000,4.95000,0.37000,0.00000,7.47000,13.36000,1,5.89000,5.89000,1.52665,<3,0.19086,car
3-2680000265-6,2680000265.00000,2,3,210,103,0.04040,6.30083,CAR,0,155.94977,42.00000,35-64,False,True,2.00000,2.00000,car_available,True,False,False,general,6.00000,NHB,10,19.30000,32.38000,33.85000,14.81000,8.09000,0.70000,0.00000,19.30000,32.38000,1,13.08000,13.08000,6.65618,6-10,0.10895,car
3-2680000265-6,2680000265.00000,2,3,210,104,0.05941,9.26497,CAR,0,155.94977,42.00000,35-64,False,True,2.00000,2.00000,car_available,True,False,False,general,6.00000,NHB,10,16.17000,29.31000,30.18000,10.61000,8.79000,0.56000,0.00000,16.17000,29.31000,1,13.14000,13.14000,5.07582,3-6,0.16020,car
3-2680000265-6,2680000265.00000,2,4,103,104,0.24765,38.62033,CAR,0,155.94977,42.00000,35-64,False,True,2.00000,2.00000,car_available,True,False,False,general,6.00000,NHB,10,7.44000,17.02000,16.07000,4.47000,5.91000,0.36000,0.00000,7.44000,16.07000,1,9.58000,8.63000,1.66098,<3,0.66778,car
3-2680000265-6,2680000265.00000,2,4,104,103,0.13108,20.44245,CAR,0,155.94977,42.00000,35-64,False,True,2.00000,2.00000,car_available,True,False,False,general,6.00000,NHB,10,6.92000,15.99000,18.19000,4.07000,5.56000,0.40000,0.00000,6.92000,15.99000,1,9.07000,9.07000,1.66098,<3,0.35347,car
3-2680000265-6,2680000265.00000,2,5,104,103,0.36198,56.45060,CAR,0,155.94977,42.00000,35-64,False,True,2.00000,2.00000,car_available,True,False,False,general,6.00000,NHB,10,6.92000,15.99000,18.19000,4.07000,5.56000,0.40000,0.00000,6.92000,15.99000,1,9.07000,9.07000,1.66098,<3,0.97608,car
3-2680000265-6,2680000265.00000,2,6,103,102,0.98796,154.07256,CAR,0,155.94977,42.00000,35-64,False,True,2.00000,2.00000,car_available,True,False,False,general,6.00000,NHB,10,7.47000,13.36000,14.44000,2.72000,4.95000,0.37000,0.00000,7.47000,13.36000,1,5.89000,5.89000,1.52665,<3,2.66404,car
3-2680000265-6,2680000265.00000,2,7,102,101,1.00000,155.94977,CAR,0,155.94977,42.00000,35-64,False,True,2.00000,2.00000,car_available,True,False,False,general,6.00000,NHB,10,8.56000,14.70000,14.80000,5.02000,4.39000,0.45000,0.00000,8.56000,14.70000,1,6.14000,6.14000,1.12048,<3,2.69650,car
3-2680000265-6,2680000265.00000,2,8,101,103,1.00000,155.94977,CAR,0,155.94977,42.00000,35-64,False,True,2.00000,2.00000,car_available,True,False,False,general,6.00000,NHB,10,10.87000,19.13000,21.28000,8.05000,5.19000,0.35000,0.00000,10.87000,19.13000,1,8.26000,8.26000,2.54428,<3,2.69650,car
3-2680001189-5,2680001189.00000,2,3,213,209,0.66551,52.09352,CAR,0,78.27666,45.00000,35-64,False,False,1.00000,0.00000,no_licence,False,False,False,general,4.00000,NHB,10,21.32000,45.34000,45.34000,28.41000,5.47000,3.00000,0.00000,21.32000,45.34000,1,24.02000,24.02000,8.66336,6-10,0.90074,car
3-2680003832-3,2680003832.00000,1,2,214,213,1.00000,127.42172,BUS,1,127.42172,13.00000,0-17,False,False,1.00000,1.00000,no_licence,False,False,False,general,5.00000,HBE,3,12.51000,21.81000,,5.00000,6.26000,2.15000,0.00000,12.51000,21.81000,0,9.30000,9.30000,3.04946,3-6,2.20323,transit
3-2680003832-3,2680003832.00000,2,2,214,213,1.00000,127.42172,BUS,1,127.42172,13.00000,0-17,False,False,1.00000,1.00000,no_licence,False,False,False,general,5.00000,HBE,3,12.51000,21.81000,,5.00000,6.26000,2.15000,0.00000,12.51000,21.81000,0,9.30000,9.30000,3.04946,3-6,2.20323,transit
3-2680004227-1,2680004227.00000,1,4,104,208,0.42329,44.33238,CAR,0,104.73349,38.00000,35-64,True,True,2.00000,2.00000,car_available,True,False,False,general,5.00000,NHB,10,33.01000,37.24000,37.24000,24.96000,4.64000,1.50000,0.00000,33.01000,37.24000,1,4.23000,4.23000,7.22264,6-10,0.76654,car
3-2680004227-1,2680004227.00000,1,4,304,208,0.28907,30.27577,CAR,0,104.73349,38.00000,35-64,True,True,2.00000,2.00000,car_available,True,False,False,general,5.00000,NHB,10,21.32000,43.61000,,16.67000,3.47000,10.00000,0.00000,21.32000,43.61000,0,22.29000,22.29000,6.07859,6-10,0.52349,car
3-2680004227-1,2680004227.00000,2,4,104,208,0.42329,44.33238,CAR,0,104.73349,38.00000,35-64,True,True,2.00000,2.00000,car_available,True,False,False,general,5.00000,NHB,10,33.01000,37.24000,37.24000,24.96000,4.64000,1.50000,0.00000,33.01000,37.24000,1,4.23000,4.23000,7.22264,6-10,0.76654,car
3-2680004227-1,2680004227.00000,2,4,304,208,0.28907,30.27577,CAR,0,104.73349,38.00000,35-64,True,True,2.00000,2.00000,car_available,True,False,False,general,5.00000,NHB,10,21.32000,43.61000,,16.67000,3.47000,10.00000,0.00000,21.32000,43.61000,0,22.29000,22.29000,6.07859,6-10,0.52349,car
3-2680004227-2,2680004227.00000,1,2,214,217,1.00000,104.73349,CAR,0,104.73349,41.00000,35-64,False,True,2.00000,2.00000,car_available,True,False,False,general,5.00000,HBW,10,43.96000,85.71000,,54.16000,6.77000,5.00000,1.00000,43.96000,85.71000,0,41.75000,41.75000,19.25379,10-20,1.81093,car
3-2680004227-2,2680004227.00000,2,3,214,217,0.00000,0.00000,CAR,0,104.73349,41.00000,35-64,False,True,2.00000,2.00000,car_available,True,False,False,general,5.00000,NHB,10,43.96000,85.71000,,54.16000,6.77000,5.00000,1.00000,43.96000,85.71000,0,41.75000,41.75000,19.25379,10-20,0.00000,car
3-2680004228-2,2680004228.00000,1,2,214,102,1.00000,113.41905,CAR,0,113.41905,40.00000,35-64,False,True,2.00000,2.00000,car_available,True,False,False,general,4.00000,HBW,10,17.04000,23.16000,,8.85000,5.39000,1.76000,0.00000,17.04000,23.16000,0,6.12000,6.12000,6.07388,6-10,1.96111,car
3-2680004228-2,2680004228.00000,2,2,214,102,1.00000,113.41905,CAR,0,113.41905,40.00000,35-64,False,True,2.00000,2.00000,car_available,True,False,False,general,4.00000,HBW,10,17.04000,23.16000,,8.85000,5.39000,1.76000,0.00000,17.04000,23.16000,0,6.12000,6.12000,6.07388,6-10,1.96111,car
3-2680004359-1,2680004359.00000,1,2,214,202,1.00000,347.95974,CAR,0,347.95974,49.00000,35-64,True,True,4.00000,4.00000,car_available,True,False,False,general,5.00000,HBW,10,35.87000,76.15000,,46.42000,5.86000,5.00000,1.00000,35.87000,76.15000,0,40.28000,40.28000,16.54946,10-20,6.01651,car
3-2680004359-1,2680004359.00000,2,2,214,202,1.00000,347.95974,CAR,0,347.95974,49.00000,35-64,True,True,4.00000,4.00000,car_available,True,False,False,general,5.00000,HBO,10,35.87000,76.15000,,46.42000,5.86000,5.00000,1.00000,35.87000,76.15000,0,40.28000,40.28000,16.54946,10-20,6.01651,car
3-2680004756-1,2680004756.00000,1,2,214,202,1.00000,121.51334,CAR,0,121.51334,47.00000,35-64,False,True,2.00000,3.00000,competition,True,False,False,general,6.00000,HBW,10,35.87000,76.15000,,46.42000,5.86000,5.00000,1.00000,35.87000,76.15000,0,40.28000,40.28000,16.54946,10-20,2.10107,car
3-2680004756-2,2680004756.00000,1,3,214,209,0.10084,12.25345,CAR,0,121.51334,46.00000,35-64,True,True,2.00000,3.00000,competition,True,False,False,general,6.00000,NHB,10,28.58000,65.62000,,36.83000,5.40000,5.00000,1.00000,28.58000,65.62000,0,37.04000,37.04000,11.60980,10-20,0.21187,car
3-2680004756-2,2680004756.00000,2,3,214,209,0.10084,12.25345,CAR,0,121.51334,46.00000,35-64,True,True,2.00000,3.00000,competition,True,False,False,general,6.00000,NHB,10,28.58000,65.62000,,36.83000,5.40000,5.00000,1.00000,28.58000,65.62000,0,37.04000,37.04000,11.60980,10-20,0.21187,car
3-2680005018-1,2680005018.00000,2,2,214,213,1.00000,232.63052,CAR,0,232.63052,68.00000,65+,False,True,2.00000,2.00000,car_available,False,False,False,general,2.00000,HBO,10,12.51000,21.81000,,5.00000,6.26000,2.15000,0.00000,12.51000,21.81000,0,9.30000,9.30000,3.04946,3-6,4.02237,car
3-2680005018-1,2680005018.00000,2,3,213,214,1.00000,232.63052,CAR,0,232.63052,68.00000,65+,False,True,2.00000,2.00000,car_available,False,False,False,general,2.00000,HBO,10,13.93000,31.54000,,8.07000,6.74000,5.00000,0.00000,13.93000,31.54000,0,17.61000,17.61000,3.04946,3-6,4.02237,car
3-2680005019-2,2680005019.00000,1,2,214,215,1.00000,232.63052,CAR,0,232.63052,70.00000,65+,False,True,1.00000,2.00000,competition,False,False,False,general,2.00000,HBO,10,15.80000,25.35000,,2.97000,7.44000,3.75000,0.00000,15.80000,25.35000,0,9.55000,9.55000,3.22192,3-6,4.02237,car
3-2680005019-2,2680005019.00000,1,3,215,214,1.00000,232.63052,CAR,0,232.63052,70.00000,65+,False,True,1.00000,2.00000,competition,False,False,False,general,2.00000,HBO,10,15.22000,32.68000,,12.05000,8.55000,1.76000,0.00000,15.22000,32.68000,0,17.46000,17.46000,3.22192,3-6,4.02237,car
3-2680005019-2,2680005019.00000,2,2,214,102,0.12252,28.50109,CAR,0,232.63052,70.00000,65+,False,True,1.00000,2.00000,competition,False,False,False,general,2.00000,HBO,10,17.04000,23.16000,,8.85000,5.39000,1.76000,0.00000,17.04000,23.16000,0,6.12000,6.12000,6.07388,6-10,0.49281,car
3-2680005151-1,2680005151.00000,1,5,214,211,0.86103,104.62610,CAR,0,121.51334,47.00000,35-64,False,True,3.00000,2.00000,car_available,True,False,False,general,6.00000,HBW,10,21.23000,48.30000,,23.96000,10.59000,1.58000,0.00000,21.23000,48.30000,0,27.07000,27.07000,7.57899,6-10,1.80907,car
3-2680005151-2,2680005151.00000,2,2,214,102,0.12252,14.88740,CAR,0,121.51334,46.00000,35-64,True,True,3.00000,2.00000,car_available,True,True,False,general,6.00000,HBO,10,17.04000,23.16000,,8.85000,5.39000,1.76000,0.00000,17.04000,23.16000,0,6.12000,6.12000,6.07388,6-10,0.25742,car
3-2680005152-1,2680005152.00000,1,2,214,208,1.00000,160.09723,CAR,0,160.09723,32.00000,25-34,True,True,2.00000,2.00000,car_available,True,False,False,general,3.00000,HBW,10,31.22000,67.93000,,40.47000,4.73000,5.00000,1.00000,31.22000,67.93000,0,36.71000,36.71000,12.98512,10-20,2.76821,car
3-2680005152-2,2680005152.00000,1,3,214,202,1.00000,160.09723,CAR,0,160.09723,33.00000,25-34,False,True,2.00000,2.00000,car_available,True,False,False,general,3.00000,NHB,10,35.87000,76.15000,,46.42000,5.86000,5.00000,1.00000,35.87000,76.15000,0,40.28000,40.28000,16.54946,10-20,2.76821,car
3-2680005152-2,2680005152.00000,2,3,214,202,1.00000,160.09723,CAR,0,160.09723,33.00000,25-34,False,True,2.00000,2.00000,car_available,True,False,False,general,3.00000,NHB,10,35.87000,76.15000,,46.42000,5.86000,5.00000,1.00000,35.87000,76.15000,0,40.28000,40.28000,16.54946,10-20,2.76821,car
3-2680005677-1,2680005677.00000,2,2,214,212,1.00000,95.53426,CAR,0,95.53426,62.00000,35-64,False,True,2.00000,2.00000,car_available,True,True,False,general,2.00000,HBW,10,20.37000,33.91000,,20.18000,5.71000,1.16000,0.00000,20.37000,33.91000,0,13.54000,13.54000,6.53387,6-10,1.65187,car
3-2680005677-2,2680005677.00000,1,2,214,102,0.12252,11.70453,CAR,0,95.53426,58.00000,35-64,True,True,2.00000,2.00000,car_available,True,False,False,general,2.00000,HBW,10,17.04000,23.16000,,8.85000,5.39000,1.76000,0.00000,17.04000,23.16000,0,6.12000,6.12000,6.07388,6-10,0.20238,car
3-2680005677-2,2680005677.00000,2,2,214,102,0.12252,11.70453,CAR,0,95.53426,58.00000,35-64,True,True,2.00000,2.00000,car_available,True,False,False,general,2.00000,HBW,10,17.04000,23.16000,,8.85000,5.39000,1.76000,0.00000,17.04000,23.16000,0,6.12000,6.12000,6.07388,6-10,0.20238,car
3-2680006469-4,2680006469.00000,1,2,213,210,0.65982,42.36980,CAR,0,64.21391,9.00000,0-17,True,False,1.00000,1.00000,no_licence,False,False,False,general,4.00000,HBW,10,19.03000,44.71000,47.55000,20.64000,10.46000,1.58000,0.00000,19.03000,44.71000,1,25.68000,25.68000,6.86601,6-10,0.73261,car
3-2680006469-4,2680006469.00000,2,2,213,210,0.65982,42.36980,CAR,0,64.21391,9.00000,0-17,True,False,1.00000,1.00000,no_licence,False,False,False,general,4.00000,HBW,10,19.03000,44.71000,47.55000,20.64000,10.46000,1.58000,0.00000,19.03000,44.71000,1,25.68000,25.68000,6.86601,6-10,0.73261,car
3-2680006472-2,2680006472.00000,1,2,213,212,1.00000,111.56512,BUS,1,111.56512,52.00000,35-64,False,True,0.00000,1.00000,no_car_hh,True,False,False,general,5.00000,HBW,3,14.05000,26.76000,31.50000,13.58000,5.78000,0.81000,0.00000,14.05000,26.76000,1,12.71000,12.71000,3.55956,3-6,1.92905,transit
3-2680006472-2,2680006472.00000,2,2,213,212,1.00000,111.56512,BUS,1,111.56512,52.00000,35-64,False,True,0.00000,1.00000,no_car_hh,True,False,False,general,5.00000,HBW,3,14.05000,26.76000,31.50000,13.58000,5.78000,0.81000,0.00000,14.05000,26.76000,1,12.71000,12.71000,3.55956,3-6,1.92905,transit
3-2680007132-2,2680007132.00000,2,3,212,213,1.00000,144.87819,CAR,0,144.87819,35.00000,35-64,False,True,3.00000,2.00000,car_available,True,False,False,general,3.00000,NHB,10,13.13000,31.25000,29.15000,12.57000,8.37000,0.97000,0.00000,13.13000,29.15000,1,18.12000,16.02000,3.55956,3-6,2.50506,car
3-2680008056-1,2680008056.00000,2,2,213,212,1.00000,57.66186,CAR,0,57.66186,35.00000,35-64,False,True,1.00000,1.00000,car_available,True,False,False,general,1.00000,HBW,10,14.05000,26.76000,31.50000,13.58000,5.78000,0.81000,0.00000,14.05000,26.76000,1,12.71000,12.71000,3.55956,3-6,0.99702,car
3-2680008452-1,2680008452.00000,1,3,213,103,0.36213,50.25085,CAR,0,138.76467,32.00000,25-34,True,True,2.00000,2.00000,car_available,True,False,False,general,4.00000,NHB,10,13.77000,41.92000,,18.48000,5.72000,6.00000,0.00000,13.77000,41.92000,0,28.15000,28.15000,3.24432,3-6,0.86888,car
3-2680008452-1,2680008452.00000,1,3,213,104,0.53249,73.89070,CAR,0,138.76467,32.00000,25-34,True,True,2.00000,2.00000,car_available,True,False,False,general,4.00000,NHB,10,13.57000,31.04000,26.96000,15.20000,6.42000,1.50000,0.00000,13.57000,26.96000,1,17.47000,13.39000,2.93069,<3,1.27763,car
3-2680009242-1,2680009242.00000,2,4,304,104,0.27519,33.02365,CAR,0,120.00193,35.00000,35-64,False,False,0.00000,0.00000,no_car_hh,True,False,False,general,5.00000,NHB,10,6.78000,27.98000,,11.79000,5.09000,3.00000,0.00000,6.78000,27.98000,0,21.20000,21.20000,1.24683,<3,0.57101,car
3-2680009242-1,2680009242.00000,2,5,104,304,0.27476,32.97193,CAR,0,120.00193,35.00000,35-64,False,False,0.00000,0.00000,no_car_hh,True,False,False,general,5.00000,NHB,10,8.40000,22.05000,,6.52000,5.26000,2.50000,0.00000,8.40000,22.05000,0,13.65000,13.65000,1.24683,<3,0.57011,car
3-2680009242-1,2680009242.00000,2,5,304,104,0.21742,26.09117,CAR,0,120.00193,35.00000,35-64,False,False,0.00000,0.00000,no_car_hh,True,False,False,general,5.00000,NHB,10,6.78000,27.98000,,11.79000,5.09000,3.00000,0.00000,6.78000,27.98000,0,21.20000,21.20000,1.24683,<3,0.45114,car
3-2680009242-1,2680009242.00000,2,6,104,304,0.27476,32.97193,CAR,0,120.00193,35.00000,35-64,False,False,0.00000,0.00000,no_car_hh,True,False,False,general,5.00000,NHB,10,8.40000,22.05000,,6.52000,5.26000,2.50000,0.00000,8.40000,22.05000,0,13.65000,13.65000,1.24683,<3,0.57011,car
3-2680009242-1,2680009242.00000,2,6,304,104,0.21742,26.09117,CAR,0,120.00193,35.00000,35-64,False,False,0.00000,0.00000,no_car_hh,True,False,False,general,5.00000,NHB,10,6.78000,27.98000,,11.79000,5.09000,3.00000,0.00000,6.78000,27.98000,0,21.20000,21.20000,1.24683,<3,0.45114,car
3-2680009242-1,2680009242.00000,2,7,104,304,0.27476,32.97193,CAR,0,120.00193,35.00000,35-64,False,False,0.00000,0.00000,no_car_hh,True,False,False,general,5.00000,NHB,10,8.40000,22.05000,,6.52000,5.26000,2.50000,0.00000,8.40000,22.05000,0,13.65000,13.65000,1.24683,<3,0.57011,car
3-2680009242-1,2680009242.00000,2,7,304,104,0.21742,26.09117,CAR,0,120.00193,35.00000,35-64,False,False,0.00000,0.00000,no_car_hh,True,False,False,general,5.00000,NHB,10,6.78000,27.98000,,11.79000,5.09000,3.00000,0.00000,6.78000,27.98000,0,21.20000,21.20000,1.24683,<3,0.45114,car
3-2680009242-1,2680009242.00000,2,8,104,304,0.40125,48.15088,CAR,0,120.00193,35.00000,35-64,False,False,0.00000,0.00000,no_car_hh,True,False,False,general,5.00000,NHB,10,8.40000,22.05000,,6.52000,5.26000,2.50000,0.00000,8.40000,22.05000,0,13.65000,13.65000,1.24683,<3,0.83257,car
3-2680009242-1,2680009242.00000,2,9,304,104,0.27519,33.02365,CAR,0,120.00193,35.00000,35-64,False,False,0.00000,0.00000,no_car_hh,True,False,False,general,5.00000,NHB,10,6.78000,27.98000,,11.79000,5.09000,3.00000,0.00000,6.78000,27.98000,0,21.20000,21.20000,1.24683,<3,0.57101,car
3-2680009242-1,2680009242.00000,2,10,104,304,0.19029,22.83569,CAR,0,120.00193,35.00000,35-64,False,False,0.00000,0.00000,no_car_hh,True,False,False,general,5.00000,NHB,10,8.40000,22.05000,,6.52000,5.26000,2.50000,0.00000,8.40000,22.05000,0,13.65000,13.65000,1.24683,<3,0.39485,car
3-2680009242-1,2680009242.00000,2,10,304,104,0.20223,24.26856,CAR,0,120.00193,35.00000,35-64,False,False,0.00000,0.00000,no_car_hh,True,False,False,general,5.00000,NHB,10,6.78000,27.98000,,11.79000,5.09000,3.00000,0.00000,6.78000,27.98000,0,21.20000,21.20000,1.24683,<3,0.41962,car
3-2680009244-1,2680009244.00000,1,3,208,209,0.01234,4.25668,CAR,0,344.99686,57.00000,35-64,False,True,3.00000,3.00000,car_available,True,False,False,general,3.00000,NHB,10,9.62000,15.68000,17.01000,6.05000,3.98000,0.83000,0.00000,9.62000,15.68000,1,6.06000,6.06000,1.95148,<3,0.07360,car
3-2680009244-1,2680009244.00000,1,3,209,208,0.01187,4.09667,CAR,0,344.99686,57.00000,35-64,False,True,3.00000,3.00000,car_available,True,False,False,general,3.00000,NHB,10,10.20000,11.86000,13.28000,4.70000,2.79000,0.79000,0.00000,10.20000,11.86000,1,1.66000,1.66000,1.95148,<3,0.07083,car
3-2680009244-1,2680009244.00000,2,3,208,209,0.01234,4.25668,CAR,0,344.99686,57.00000,35-64,False,True,3.00000,3.00000,car_available,True,False,False,general,3.00000,NHB,10,9.62000,15.68000,17.01000,6.05000,3.98000,0.83000,0.00000,9.62000,15.68000,1,6.06000,6.06000,1.95148,<3,0.07360,car
3-2680009244-1,2680009244.00000,2,3,209,208,0.01187,4.09667,CAR,0,344.99686,57.00000,35-64,False,True,3.00000,3.00000,car_available,True,False,False,general,3.00000,NHB,10,10.20000,11.86000,13.28000,4.70000,2.79000,0.79000,0.00000,10.20000,11.86000,1,1.66000,1.66000,1.95148,<3,0.07083,car
3-2680010429-1,2680010429.00000,2,2,214,303,1.00000,95.53426,CAR,0,95.53426,56.00000,35-64,False,True,2.00000,2.00000,car_available,True,False,False,general,2.00000,HBW,10,20.27000,66.86000,,39.56000,4.65000,5.00000,1.00000,20.27000,66.86000,0,46.59000,46.59000,7.69153,6-10,1.65187,car
3-2680010429-1,2680010429.00000,2,3,303,302,0.49398,47.19162,CAR,0,95.53426,56.00000,35-64,False,True,2.00000,2.00000,car_available,True,False,False,general,2.00000,NHB,10,6.54000,17.11000,80.65000,5.92000,4.90000,0.70000,0.00000,6.54000,17.11000,1,10.57000,10.57000,1.14681,<3,0.81598,car
3-2680010429-2,2680010429.00000,1,2,214,103,1.00000,95.53426,CAR,0,95.53426,46.00000,35-64,True,True,2.00000,2.00000,car_available,True,False,False,general,2.00000,HBW,10,17.07000,27.84000,,12.25000,5.65000,2.15000,0.00000,17.07000,27.84000,0,10.77000,10.77000,5.91483,3-6,1.65187,car
3-2680010429-2,2680010429.00000,1,3,103,214,0.98796,94.38429,CAR,0,95.53426,46.00000,35-64,True,True,2.00000,2.00000,car_available,True,False,False,general,2.00000,HBW,10,21.05000,65.22000,,32.78000,6.22000,10.00000,0.00000,21.05000,65.22000,0,44.17000,44.17000,5.91483,3-6,1.63198,car
3-2680010429-2,2680010429.00000,2,2,214,103,1.00000,95.53426,CAR,0,95.53426,46.00000,35-64,True,True,2.00000,2.00000,car_available,True,False,False,general,2.00000,HBW,10,17.07000,27.84000,,12.25000,5.65000,2.15000,0.00000,17.07000,27.84000,0,10.77000,10.77000,5.91483,3-6,1.65187,car
3-2680010429-2,2680010429.00000,2,3,103,214,0.98796,94.38429,CAR,0,95.53426,46.00000,35-64,True,True,2.00000,2.00000,car_available,True,False,False,general,2.00000,HBW,10,21.05000,65.22000,,32.78000,6.22000,10.00000,0.00000,21.05000,65.22000,0,44.17000,44.17000,5.91483,3-6,1.63198,car
3-2680011221-1,2680011221.00000,1,4,213,211,0.86103,104.38903,CAR,0,121.23801,33.00000,25-34,False,True,2.00000,2.00000,car_available,True,False,False,general,5.00000,NHB,10,15.57000,38.84000,42.47000,15.30000,10.66000,1.11000,0.00000,15.57000,38.84000,1,23.27000,23.27000,4.67975,3-6,1.80497,car
3-2680011221-1,2680011221.00000,1,5,211,202,0.86103,104.38903,CAR,0,121.23801,33.00000,25-34,False,True,2.00000,2.00000,car_available,True,False,False,general,5.00000,NHB,10,25.34000,64.71000,43.12000,40.26000,11.07000,1.16000,0.00000,25.34000,43.12000,1,39.37000,17.78000,9.01513,6-10,1.80497,car
3-2680011221-1,2680011221.00000,2,3,211,202,1.00000,121.23801,CAR,0,121.23801,33.00000,25-34,False,True,2.00000,2.00000,car_available,True,False,False,general,5.00000,NHB,10,25.34000,64.71000,43.12000,40.26000,11.07000,1.16000,0.00000,25.34000,43.12000,1,39.37000,17.78000,9.01513,6-10,2.09630,car
3-2680012938-5,2680012938.00000,1,3,211,209,0.09766,7.82294,CAR,0,80.10288,30.00000,25-34,False,True,2.00000,1.00000,car_available,True,False,False,general,1.00000,NHB,10,14.43000,36.01000,36.29000,13.26000,10.60000,0.77000,0.00000,14.43000,36.01000,1,21.58000,21.58000,4.03560,3-6,0.13527,car
3-2680012938-5,2680012938.00000,1,3,211,210,0.17307,13.86344,CAR,0,80.10288,30.00000,25-34,False,True,2.00000,1.00000,car_available,True,False,False,general,1.00000,NHB,10,10.28000,36.08000,38.08000,4.28000,15.59000,0.31000,0.00000,10.28000,36.08000,1,25.80000,25.80000,2.37548,<3,0.23971,car
3-2680012938-5,2680012938.00000,2,3,209,210,0.02280,1.82625,CAR,0,80.10288,30.00000,25-34,False,True,2.00000,1.00000,car_available,True,False,False,general,1.00000,NHB,10,11.70000,24.43000,25.13000,6.36000,8.44000,0.59000,0.00000,11.70000,24.43000,1,12.73000,12.73000,2.72031,<3,0.03158,car
3-2680012938-5,2680012938.00000,2,3,210,209,0.02280,1.82625,CAR,0,80.10288,30.00000,25-34,False,True,2.00000,1.00000,car_available,True,False,False,general,1.00000,NHB,10,12.05000,24.38000,25.30000,7.76000,7.83000,0.47000,0.00000,12.05000,24.38000,1,12.33000,12.33000,2.72031,<3,0.03158,car
3-2680012938-5,2680012938.00000,2,4,209,210,0.02280,1.82625,CAR,0,80.10288,30.00000,25-34,False,True,2.00000,1.00000,car_available,True,False,False,general,1.00000,NHB,10,11.70000,24.43000,25.13000,6.36000,8.44000,0.59000,0.00000,11.70000,24.43000,1,12.73000,12.73000,2.72031,<3,0.03158,car
3-2680012938-5,2680012938.00000,2,4,210,209,0.02280,1.82625,CAR,0,80.10288,30.00000,25-34,False,True,2.00000,1.00000,car_available,True,False,False,general,1.00000,NHB,10,12.05000,24.38000,25.30000,7.76000,7.83000,0.47000,0.00000,12.05000,24.38000,1,12.33000,12.33000,2.72031,<3,0.03158,car
3-2680013468-2,2680013468.00000,1,2,213,212,1.00000,159.26001,CAR,0,159.26001,28.00000,25-34,False,True,2.00000,2.00000,car_available,True,True,False,general,2.00000,HBW,10,14.05000,26.76000,31.50000,13.58000,5.78000,0.81000,0.00000,14.05000,26.76000,1,12.71000,12.71000,3.55956,3-6,2.75374,car
3-2680017031-1,2680017031.00000,1,4,213,103,0.36213,69.47385,CAR,0,191.84784,41.00000,35-64,False,True,2.00000,2.00000,car_available,True,False,False,general,5.00000,NHB,10,13.77000,41.92000,,18.48000,5.72000,6.00000,0.00000,13.77000,41.92000,0,28.15000,28.15000,3.24432,3-6,1.20126,car
3-2680017031-1,2680017031.00000,1,4,213,104,0.53249,102.15692,CAR,0,191.84784,41.00000,35-64,False,True,2.00000,2.00000,car_available,True,False,False,general,5.00000,NHB,10,13.57000,31.04000,26.96000,15.20000,6.42000,1.50000,0.00000,13.57000,26.96000,1,17.47000,13.39000,2.93069,<3,1.76638,car
3-2680019011-4,2680019011.00000,1,2,213,210,0.65982,230.93799,CAR,0,350.00000,60.00000,35-64,False,True,1.00000,2.00000,competition,True,False,False,general,4.00000,HBW,10,19.03000,44.71000,47.55000,20.64000,10.46000,1.58000,0.00000,19.03000,44.71000,1,25.68000,25.68000,6.86601,6-10,3.99311,car
3-2680020329-2,2680020329.00000,2,3,210,214,0.11157,19.85761,CAR,0,177.98301,61.00000,35-64,False,True,1.00000,1.00000,car_available,True,False,False,general,2.00000,NHB,10,25.28000,54.32000,,27.55000,9.10000,4.29000,0.00000,25.28000,54.32000,0,29.04000,29.04000,9.57787,6-10,0.34335,car
3-2680020464-2,2680020464.00000,1,3,213,208,0.09740,33.60419,CAR,0,344.99686,57.00000,35-64,False,True,2.00000,3.00000,competition,True,False,False,general,3.00000,NHB,10,25.14000,48.71000,48.71000,33.11000,4.80000,3.00000,0.00000,25.14000,48.71000,1,23.57000,23.57000,9.96038,6-10,0.58104,car
3-2680020464-2,2680020464.00000,1,3,213,209,0.15146,52.25267,CAR,0,344.99686,57.00000,35-64,False,True,2.00000,3.00000,competition,True,False,False,general,3.00000,NHB,10,21.32000,45.34000,45.34000,28.41000,5.47000,3.00000,0.00000,21.32000,45.34000,1,24.02000,24.02000,8.66336,6-10,0.90349,car
3-2680020464-2,2680020464.00000,1,4,209,208,0.12191,42.05836,CAR,0,344.99686,57.00000,35-64,False,True,2.00000,3.00000,competition,True,False,False,general,3.00000,NHB,10,10.20000,11.86000,13.28000,4.70000,2.79000,0.79000,0.00000,10.20000,11.86000,1,1.66000,1.66000,1.95148,<3,0.72722,car
3-2730010921-1,2730010921.00000,1,2,217,206,1.00000,350.00000,CAR,0,350.00000,63.00000,35-64,True,True,1.00000,2.00000,competition,False,False,False,arab,2.00000,HBO,10,62.15000,96.01000,,62.44000,6.79000,10.00000,0.00000,62.15000,96.01000,0,33.86000,33.86000,33.41883,20+,6.05179,car
3-2730010921-2,2730010921.00000,1,2,217,206,1.00000,350.00000,CAR,0,350.00000,73.00000,65+,False,True,1.00000,2.00000,competition,False,False,False,arab,2.00000,HBO,11,62.15000,96.01000,,62.44000,6.79000,10.00000,0.00000,62.15000,96.01000,0,33.86000,33.86000,33.41883,20+,6.05179,car
3-27600005641-2,27600005641.00000,1,3,103,104,0.31203,34.59933,CAR,0,110.88428,38.00000,35-64,True,True,1.00000,2.00000,competition,True,False,False,general,5.00000,NHB,10,7.44000,17.02000,16.07000,4.47000,5.91000,0.36000,0.00000,7.44000,16.07000,1,9.58000,8.63000,1.66098,<3,0.59825,car
3-27600005641-2,27600005641.00000,1,3,103,304,0.26569,29.46129,CAR,0,110.88428,38.00000,35-64,True,True,1.00000,2.00000,competition,True,False,False,general,5.00000,NHB,10,9.52000,34.86000,,19.59000,4.91000,2.73000,0.00000,9.52000,34.86000,0,25.34000,25.34000,2.21445,<3,0.50941,car
3-27600005641-2,27600005641.00000,2,3,103,104,0.31203,34.59933,CAR,0,110.88428,38.00000,35-64,True,True,1.00000,2.00000,competition,True,False,False,general,5.00000,NHB,10,7.44000,17.02000,16.07000,4.47000,5.91000,0.36000,0.00000,7.44000,16.07000,1,9.58000,8.63000,1.66098,<3,0.59825,car
3-27600005641-2,27600005641.00000,2,3,103,304,0.26569,29.46129,CAR,0,110.88428,38.00000,35-64,True,True,1.00000,2.00000,competition,True,False,False,general,5.00000,NHB,10,9.52000,34.86000,,19.59000,4.91000,2.73000,0.00000,9.52000,34.86000,0,25.34000,25.34000,2.21445,<3,0.50941,car
3-27700018405-2,27700018405.00000,2,8,208,209,0.15146,18.37842,CAR,0,121.34304,44.00000,35-64,False,True,2.00000,2.00000,car_available,True,False,False,general,5.00000,NHB,10,9.62000,15.68000,17.01000,6.05000,3.98000,0.83000,0.00000,9.62000,15.68000,1,6.06000,6.06000,1.95148,<3,0.31778,car
3-2820000121-1,2820000121.00000,1,2,103,104,0.23364,18.91189,CAR,0,80.94456,67.00000,65+,False,True,2.00000,2.00000,car_available,True,False,False,general,2.00000,HBO,10,7.44000,17.02000,16.07000,4.47000,5.91000,0.36000,0.00000,7.44000,16.07000,1,9.58000,8.63000,1.66098,<3,0.32700,car
3-2820000121-1,2820000121.00000,1,2,103,304,0.14813,11.99053,CAR,0,80.94456,67.00000,65+,False,True,2.00000,2.00000,car_available,True,False,False,general,2.00000,HBO,10,9.52000,34.86000,,19.59000,4.91000,2.73000,0.00000,9.52000,34.86000,0,25.34000,25.34000,2.21445,<3,0.20733,car
3-2820000121-1,2820000121.00000,1,2,104,304,0.11530,9.33258,CAR,0,80.94456,67.00000,65+,False,True,2.00000,2.00000,car_available,True,False,False,general,2.00000,HBO,10,8.40000,22.05000,,6.52000,5.26000,2.50000,0.00000,8.40000,22.05000,0,13.65000,13.65000,1.24683,<3,0.16137,car
3-2820000121-1,2820000121.00000,1,3,104,103,0.15329,12.40759,CAR,0,80.94456,67.00000,65+,False,True,2.00000,2.00000,car_available,True,False,False,general,2.00000,HBO,10,6.92000,15.99000,18.19000,4.07000,5.56000,0.40000,0.00000,6.92000,15.99000,1,9.07000,9.07000,1.66098,<3,0.21454,car
3-2820000121-1,2820000121.00000,1,3,304,103,0.10468,8.47348,CAR,0,80.94456,67.00000,65+,False,True,2.00000,2.00000,car_available,True,False,False,general,2.00000,HBO,10,10.90000,36.20000,,20.74000,4.39000,3.33000,0.00000,10.90000,36.20000,0,25.30000,25.30000,2.21445,<3,0.14651,car
3-2820000121-1,2820000121.00000,1,3,304,104,0.15393,12.45972,CAR,0,80.94456,67.00000,65+,False,True,2.00000,2.00000,car_available,True,False,False,general,2.00000,HBO,10,6.78000,27.98000,,11.79000,5.09000,3.00000,0.00000,6.78000,27.98000,0,21.20000,21.20000,1.24683,<3,0.21544,car
3-2820000236-1,2820000236.00000,1,2,103,104,0.23364,22.02069,CAR,0,94.25049,40.00000,35-64,False,True,1.00000,2.00000,competition,True,False,False,general,3.00000,HBO,10,7.44000,17.02000,16.07000,4.47000,5.91000,0.36000,0.00000,7.44000,16.07000,1,9.58000,8.63000,1.66098,<3,0.38076,car
3-2820000236-1,2820000236.00000,1,2,103,304,0.14813,13.96157,CAR,0,94.25049,40.00000,35-64,False,True,1.00000,2.00000,competition,True,False,False,general,3.00000,HBO,10,9.52000,34.86000,,19.59000,4.91000,2.73000,0.00000,9.52000,34.86000,0,25.34000,25.34000,2.21445,<3,0.24141,car
3-2820000236-1,2820000236.00000,1,2,104,304,0.11530,10.86670,CAR,0,94.25049,40.00000,35-64,False,True,1.00000,2.00000,competition,True,False,False,general,3.00000,HBO,10,8.40000,22.05000,,6.52000,5.26000,2.50000,0.00000,8.40000,22.05000,0,13.65000,13.65000,1.24683,<3,0.18789,car
3-2820000236-1,2820000236.00000,1,3,104,202,0.42329,39.89506,CAR,0,94.25049,40.00000,35-64,False,True,1.00000,2.00000,competition,True,False,False,general,3.00000,NHB,10,28.64000,39.50000,39.50000,24.95000,5.77000,1.50000,0.00000,28.64000,39.50000,1,10.86000,10.86000,11.31753,10-20,0.68982,car
3-2820000236-1,2820000236.00000,1,3,304,202,0.28907,27.24541,CAR,0,94.25049,40.00000,35-64,False,True,1.00000,2.00000,competition,True,False,False,general,3.00000,NHB,10,26.41000,52.22000,,25.00000,4.61000,5.00000,1.00000,26.41000,52.22000,0,25.81000,25.81000,10.34302,10-20,0.47110,car
3-2820000236-2,2820000236.00000,1,2,103,212,0.46507,43.83328,BUS,1,94.25049,36.00000,35-64,True,True,1.00000,2.00000,competition,True,False,False,general,3.00000,HBW,3,12.79000,21.85000,20.55000,10.40000,5.27000,0.46000,0.00000,12.79000,20.55000,1,9.06000,7.76000,3.27574,3-6,0.75791,transit
3-2820000236-2,2820000236.00000,1,2,104,212,0.36198,34.11673,BUS,1,94.25049,36.00000,35-64,True,True,1.00000,2.00000,competition,True,False,False,general,3.00000,HBW,3,6.79000,17.79000,19.00000,5.83000,5.62000,0.36000,0.00000,6.79000,17.79000,1,11.00000,11.00000,1.61683,<3,0.58991,transit
3-2820000236-2,2820000236.00000,2,2,103,212,0.46507,43.83328,BUS,1,94.25049,36.00000,35-64,True,True,1.00000,2.00000,competition,True,False,False,general,3.00000,HBW,3,12.79000,21.85000,20.55000,10.40000,5.27000,0.46000,0.00000,12.79000,20.55000,1,9.06000,7.76000,3.27574,3-6,0.75791,transit
3-2820000236-2,2820000236.00000,2,2,104,212,0.36198,34.11673,BUS,1,94.25049,36.00000,35-64,True,True,1.00000,2.00000,competition,True,False,False,general,3.00000,HBW,3,6.79000,17.79000,19.00000,5.83000,5.62000,0.36000,0.00000,6.79000,17.79000,1,11.00000,11.00000,1.61683,<3,0.58991,transit
3-2820000236-3,2820000236.00000,1,2,103,104,0.25119,23.67449,CAR,0,94.25049,1.00000,0-17,False,False,1.00000,2.00000,no_licence,False,False,False,general,3.00000,HBO,11,7.44000,17.02000,16.07000,4.47000,5.91000,0.36000,0.00000,7.44000,16.07000,1,9.58000,8.63000,1.66098,<3,0.40935,car
3-2820000236-3,2820000236.00000,1,2,103,304,0.21389,20.15879,CAR,0,94.25049,1.00000,0-17,False,False,1.00000,2.00000,no_licence,False,False,False,general,3.00000,HBO,11,9.52000,34.86000,,19.59000,4.91000,2.73000,0.00000,9.52000,34.86000,0,25.34000,25.34000,2.21445,<3,0.34856,car
3-2820000236-3,2820000236.00000,1,2,104,304,0.16647,15.69018,CAR,0,94.25049,1.00000,0-17,False,False,1.00000,2.00000,no_licence,False,False,False,general,3.00000,HBO,11,8.40000,22.05000,,6.52000,5.26000,2.50000,0.00000,8.40000,22.05000,0,13.65000,13.65000,1.24683,<3,0.27130,car
3-2820000236-3,2820000236.00000,1,3,104,202,0.59744,56.30917,CAR,0,94.25049,1.00000,0-17,False,False,1.00000,2.00000,no_licence,False,False,False,general,3.00000,NHB,11,28.64000,39.50000,39.50000,24.95000,5.77000,1.50000,0.00000,28.64000,39.50000,1,10.86000,10.86000,11.31753,10-20,0.97363,car
3-2820000236-3,2820000236.00000,1,3,304,202,0.40256,37.94132,CAR,0,94.25049,1.00000,0-17,False,False,1.00000,2.00000,no_licence,False,False,False,general,3.00000,NHB,11,26.41000,52.22000,,25.00000,4.61000,5.00000,1.00000,26.41000,52.22000,0,25.81000,25.81000,10.34302,10-20,0.65604,car
3-2820000241-1,2820000241.00000,1,2,103,104,0.23364,15.92410,CAR,0,68.15656,46.00000,35-64,False,True,2.00000,2.00000,car_available,True,False,False,general,2.00000,HBW,10,7.44000,17.02000,16.07000,4.47000,5.91000,0.36000,0.00000,7.44000,16.07000,1,9.58000,8.63000,1.66098,<3,0.27534,car
3-2820000241-1,2820000241.00000,1,2,103,304,0.14813,10.09621,CAR,0,68.15656,46.00000,35-64,False,True,2.00000,2.00000,car_available,True,False,False,general,2.00000,HBW,10,9.52000,34.86000,,19.59000,4.91000,2.73000,0.00000,9.52000,34.86000,0,25.34000,25.34000,2.21445,<3,0.17457,car
3-2820000241-1,2820000241.00000,1,2,104,304,0.11530,7.85818,CAR,0,68.15656,46.00000,35-64,False,True,2.00000,2.00000,car_available,True,False,False,general,2.00000,HBW,10,8.40000,22.05000,,6.52000,5.26000,2.50000,0.00000,8.40000,22.05000,0,13.65000,13.65000,1.24683,<3,0.13587,car
3-2820000241-1,2820000241.00000,1,3,104,201,0.42329,28.84983,CAR,0,68.15656,46.00000,35-64,False,True,2.00000,2.00000,car_available,True,False,False,general,2.00000,NHB,10,29.33000,63.12000,,31.79000,6.67000,5.00000,1.00000,29.33000,63.12000,0,33.79000,33.79000,12.11054,10-20,0.49884,car
3-2820000241-1,2820000241.00000,1,3,304,201,0.28907,19.70232,CAR,0,68.15656,46.00000,35-64,False,True,2.00000,2.00000,car_available,True,False,False,general,2.00000,NHB,10,28.18000,62.48000,,33.48000,5.50000,5.00000,1.00000,28.18000,62.48000,0,34.30000,34.30000,11.38260,10-20,0.34067,car
3-2820000241-2,2820000241.00000,1,2,103,104,0.24765,16.87870,CAR,0,68.15656,47.00000,35-64,True,True,2.00000,2.00000,car_available,True,False,False,general,2.00000,HBW,10,7.44000,17.02000,16.07000,4.47000,5.91000,0.36000,0.00000,7.44000,16.07000,1,9.58000,8.63000,1.66098,<3,0.29185,car
3-2820000241-2,2820000241.00000,1,2,104,103,0.13108,8.93421,CAR,0,68.15656,47.00000,35-64,True,True,2.00000,2.00000,car_available,True,False,False,general,2.00000,HBW,10,6.92000,15.99000,18.19000,4.07000,5.56000,0.40000,0.00000,6.92000,15.99000,1,9.07000,9.07000,1.66098,<3,0.15448,car
3-2820000241-2,2820000241.00000,2,2,103,104,0.24765,16.87870,CAR,0,68.15656,47.00000,35-64,True,True,2.00000,2.00000,car_available,True,False,False,general,2.00000,HBW,10,7.44000,17.02000,16.07000,4.47000,5.91000,0.36000,0.00000,7.44000,16.07000,1,9.58000,8.63000,1.66098,<3,0.29185,car
3-2820000241-2,2820000241.00000,2,2,104,103,0.13108,8.93421,CAR,0,68.15656,47.00000,35-64,True,True,2.00000,2.00000,car_available,True,False,False,general,2.00000,HBW,10,6.92000,15.99000,18.19000,4.07000,5.56000,0.40000,0.00000,6.92000,15.99000,1,9.07000,9.07000,1.66098,<3,0.15448,car
3-2820000355-2,2820000355.00000,2,2,103,303,0.46507,56.74000,BUS,1,122.00257,70.00000,65+,False,False,1.00000,1.00000,no_licence,False,False,False,general,2.00000,HBO,5,9.11000,35.25000,,23.31000,4.21000,1.76000,0.00000,9.11000,35.25000,0,26.14000,26.14000,1.83675,<3,0.98108,transit
3-2820000355-2,2820000355.00000,2,2,104,303,0.36198,44.16242,BUS,1,122.00257,70.00000,65+,False,False,1.00000,1.00000,no_licence,False,False,False,general,2.00000,HBO,5,8.36000,32.24000,,14.56000,4.56000,4.29000,0.00000,8.36000,32.24000,0,23.88000,23.88000,2.24488,<3,0.76360,transit
3-2820000709-1,2820000709.00000,1,2,103,102,0.05698,4.61214,BUS,1,80.94456,87.00000,65+,False,False,0.00000,0.00000,no_car_hh,False,False,False,general,2.00000,HBO,3,7.47000,13.36000,14.44000,2.72000,4.95000,0.37000,0.00000,7.47000,13.36000,1,5.89000,5.89000,1.52665,<3,0.07975,transit
3-2820000709-1,2820000709.00000,1,2,104,102,0.04435,3.58977,BUS,1,80.94456,87.00000,65+,False,False,0.00000,0.00000,no_car_hh,False,False,False,general,2.00000,HBO,3,13.37000,17.52000,19.21000,6.01000,5.30000,0.46000,0.00000,13.37000,17.52000,1,4.15000,4.15000,3.18021,3-6,0.06207,transit
3-2820000709-1,2820000709.00000,1,3,102,103,0.10186,8.24481,BUS,1,80.94456,87.00000,65+,False,False,0.00000,0.00000,no_car_hh,False,False,False,general,2.00000,HBO,3,8.56000,13.06000,15.65000,4.20000,4.10000,0.33000,0.00000,8.56000,13.06000,1,4.50000,4.50000,1.52665,<3,0.14256,transit
3-2820000709-1,2820000709.00000,1,3,102,104,0.14978,12.12347,BUS,1,80.94456,87.00000,65+,False,False,0.00000,0.00000,no_car_hh,False,False,False,general,2.00000,HBO,3,12.62000,17.98000,18.30000,7.60000,4.80000,0.39000,0.00000,12.62000,17.98000,1,5.36000,5.36000,3.18021,3-6,0.20962,transit
3-2820000709-2,2820000709.00000,1,2,103,102,0.05698,4.61214,BUS,1,80.94456,82.00000,65+,True,False,0.00000,0.00000,no_car_hh,False,False,False,general,2.00000,HBO,3,7.47000,13.36000,14.44000,2.72000,4.95000,0.37000,0.00000,7.47000,13.36000,1,5.89000,5.89000,1.52665,<3,0.07975,transit
3-2820000709-2,2820000709.00000,1,2,104,102,0.04435,3.58977,BUS,1,80.94456,82.00000,65+,True,False,0.00000,0.00000,no_car_hh,False,False,False,general,2.00000,HBO,3,13.37000,17.52000,19.21000,6.01000,5.30000,0.46000,0.00000,13.37000,17.52000,1,4.15000,4.15000,3.18021,3-6,0.06207,transit
3-2820000709-2,2820000709.00000,1,3,102,103,0.10186,8.24481,BUS,1,80.94456,82.00000,65+,True,False,0.00000,0.00000,no_car_hh,False,False,False,general,2.00000,HBO,3,8.56000,13.06000,15.65000,4.20000,4.10000,0.33000,0.00000,8.56000,13.06000,1,4.50000,4.50000,1.52665,<3,0.14256,transit
3-2820000709-2,2820000709.00000,1,3,102,104,0.14978,12.12347,BUS,1,80.94456,82.00000,65+,True,False,0.00000,0.00000,no_car_hh,False,False,False,general,2.00000,HBO,3,12.62000,17.98000,18.30000,7.60000,4.80000,0.39000,0.00000,12.62000,17.98000,1,5.36000,5.36000,3.18021,3-6,0.20962,transit
3-2820000709-2,2820000709.00000,2,2,103,102,0.05698,4.61214,BUS,1,80.94456,82.00000,65+,True,False,0.00000,0.00000,no_car_hh,False,False,False,general,2.00000,HBO,3,7.47000,13.36000,14.44000,2.72000,4.95000,0.37000,0.00000,7.47000,13.36000,1,5.89000,5.89000,1.52665,<3,0.07975,transit
3-2820000709-2,2820000709.00000,2,2,104,102,0.04435,3.58977,BUS,1,80.94456,82.00000,65+,True,False,0.00000,0.00000,no_car_hh,False,False,False,general,2.00000,HBO,3,13.37000,17.52000,19.21000,6.01000,5.30000,0.46000,0.00000,13.37000,17.52000,1,4.15000,4.15000,3.18021,3-6,0.06207,transit
3-2820000709-2,2820000709.00000,2,3,102,103,0.21263,17.21123,BUS,1,80.94456,82.00000,65+,True,False,0.00000,0.00000,no_car_hh,False,False,False,general,2.00000,NHB,3,8.56000,13.06000,15.65000,4.20000,4.10000,0.33000,0.00000,8.56000,13.06000,1,4.50000,4.50000,1.52665,<3,0.29760,transit
3-2820000822-1,2820000822.00000,1,2,103,104,0.24765,32.33403,CAR,0,130.56555,38.00000,35-64,True,True,1.00000,1.00000,car_available,True,False,False,general,3.00000,HBO,10,7.44000,17.02000,16.07000,4.47000,5.91000,0.36000,0.00000,7.44000,16.07000,1,9.58000,8.63000,1.66098,<3,0.55908,car
3-2820000822-1,2820000822.00000,1,2,104,103,0.13108,17.11500,CAR,0,130.56555,38.00000,35-64,True,True,1.00000,1.00000,car_available,True,False,False,general,3.00000,HBO,10,6.92000,15.99000,18.19000,4.07000,5.56000,0.40000,0.00000,6.92000,15.99000,1,9.07000,9.07000,1.66098,<3,0.29593,car
3-2820000822-1,2820000822.00000,1,3,104,103,0.27364,35.72797,CAR,0,130.56555,38.00000,35-64,True,True,1.00000,1.00000,car_available,True,False,False,general,3.00000,NHB,10,6.92000,15.99000,18.19000,4.07000,5.56000,0.40000,0.00000,6.92000,15.99000,1,9.07000,9.07000,1.66098,<3,0.61777,car
3-2820000822-1,2820000822.00000,1,4,103,212,0.57772,75.43098,CAR,0,130.56555,38.00000,35-64,True,True,1.00000,1.00000,car_available,True,False,False,general,3.00000,NHB,10,12.79000,21.85000,20.55000,10.40000,5.27000,0.46000,0.00000,12.79000,20.55000,1,9.06000,7.76000,3.27574,3-6,1.30426,car
3-2820000822-1,2820000822.00000,2,2,103,104,0.24765,32.33403,CAR,0,130.56555,38.00000,35-64,True,True,1.00000,1.00000,car_available,True,False,False,general,3.00000,HBO,10,7.44000,17.02000,16.07000,4.47000,5.91000,0.36000,0.00000,7.44000,16.07000,1,9.58000,8.63000,1.66098,<3,0.55908,car
3-2820000822-1,2820000822.00000,2,2,104,103,0.13108,17.11500,CAR,0,130.56555,38.00000,35-64,True,True,1.00000,1.00000,car_available,True,False,False,general,3.00000,HBO,10,6.92000,15.99000,18.19000,4.07000,5.56000,0.40000,0.00000,6.92000,15.99000,1,9.07000,9.07000,1.66098,<3,0.29593,car
3-2820000822-1,2820000822.00000,2,3,104,103,0.27364,35.72797,CAR,0,130.56555,38.00000,35-64,True,True,1.00000,1.00000,car_available,True,False,False,general,3.00000,NHB,10,6.92000,15.99000,18.19000,4.07000,5.56000,0.40000,0.00000,6.92000,15.99000,1,9.07000,9.07000,1.66098,<3,0.61777,car
3-2820000822-1,2820000822.00000,2,4,103,212,0.57772,75.43098,CAR,0,130.56555,38.00000,35-64,True,True,1.00000,1.00000,car_available,True,False,False,general,3.00000,NHB,10,12.79000,21.85000,20.55000,10.40000,5.27000,0.46000,0.00000,12.79000,20.55000,1,9.06000,7.76000,3.27574,3-6,1.30426,car
3-2820000822-2,2820000822.00000,1,2,103,104,0.24765,32.33403,CAR,0,130.56555,5.00000,0-17,False,False,1.00000,1.00000,no_licence,False,False,False,general,3.00000,HBE,11,7.44000,17.02000,16.07000,4.47000,5.91000,0.36000,0.00000,7.44000,16.07000,1,9.58000,8.63000,1.66098,<3,0.55908,car
3-2820000822-2,2820000822.00000,1,2,104,103,0.13108,17.11500,CAR,0,130.56555,5.00000,0-17,False,False,1.00000,1.00000,no_licence,False,False,False,general,3.00000,HBE,11,6.92000,15.99000,18.19000,4.07000,5.56000,0.40000,0.00000,6.92000,15.99000,1,9.07000,9.07000,1.66098,<3,0.29593,car
3-2820000822-2,2820000822.00000,2,2,103,104,0.24765,32.33403,CAR,0,130.56555,5.00000,0-17,False,False,1.00000,1.00000,no_licence,False,False,False,general,3.00000,HBE,11,7.44000,17.02000,16.07000,4.47000,5.91000,0.36000,0.00000,7.44000,16.07000,1,9.58000,8.63000,1.66098,<3,0.55908,car
3-2820000822-2,2820000822.00000,2,2,104,103,0.13108,17.11500,CAR,0,130.56555,5.00000,0-17,False,False,1.00000,1.00000,no_licence,False,False,False,general,3.00000,HBE,11,6.92000,15.99000,18.19000,4.07000,5.56000,0.40000,0.00000,6.92000,15.99000,1,9.07000,9.07000,1.66098,<3,0.29593,car
3-2820000822-3,2820000822.00000,1,2,103,104,0.24765,32.33403,CAR,0,130.56555,13.00000,0-17,True,False,1.00000,1.00000,no_licence,False,False,False,general,3.00000,HBO,11,7.44000,17.02000,16.07000,4.47000,5.91000,0.36000,0.00000,7.44000,16.07000,1,9.58000,8.63000,1.66098,<3,0.55908,car
3-2820000822-3,2820000822.00000,1,2,104,103,0.13108,17.11500,CAR,0,130.56555,13.00000,0-17,True,False,1.00000,1.00000,no_licence,False,False,False,general,3.00000,HBO,11,6.92000,15.99000,18.19000,4.07000,5.56000,0.40000,0.00000,6.92000,15.99000,1,9.07000,9.07000,1.66098,<3,0.29593,car
3-2820000822-3,2820000822.00000,1,3,104,103,0.27364,35.72797,CAR,0,130.56555,13.00000,0-17,True,False,1.00000,1.00000,no_licence,False,False,False,general,3.00000,NHB,11,6.92000,15.99000,18.19000,4.07000,5.56000,0.40000,0.00000,6.92000,15.99000,1,9.07000,9.07000,1.66098,<3,0.61777,car
3-2820000822-3,2820000822.00000,2,2,103,104,0.24765,32.33403,CAR,0,130.56555,13.00000,0-17,True,False,1.00000,1.00000,no_licence,False,False,False,general,3.00000,HBO,11,7.44000,17.02000,16.07000,4.47000,5.91000,0.36000,0.00000,7.44000,16.07000,1,9.58000,8.63000,1.66098,<3,0.55908,car
3-2820000822-3,2820000822.00000,2,2,104,103,0.13108,17.11500,CAR,0,130.56555,13.00000,0-17,True,False,1.00000,1.00000,no_licence,False,False,False,general,3.00000,HBO,11,6.92000,15.99000,18.19000,4.07000,5.56000,0.40000,0.00000,6.92000,15.99000,1,9.07000,9.07000,1.66098,<3,0.29593,car
3-2820000822-3,2820000822.00000,2,3,104,103,0.27364,35.72797,CAR,0,130.56555,13.00000,0-17,True,False,1.00000,1.00000,no_licence,False,False,False,general,3.00000,NHB,11,6.92000,15.99000,18.19000,4.07000,5.56000,0.40000,0.00000,6.92000,15.99000,1,9.07000,9.07000,1.66098,<3,0.61777,car
3-2820000826-1,2820000826.00000,1,2,103,104,0.46507,46.00381,CAR,0,98.91756,40.00000,35-64,True,False,0.00000,0.00000,no_car_hh,True,False,False,general,2.00000,HBW,11,7.44000,17.02000,16.07000,4.47000,5.91000,0.36000,0.00000,7.44000,16.07000,1,9.58000,8.63000,1.66098,<3,0.79544,car
3-2820000826-1,2820000826.00000,2,2,103,104,0.46507,46.00381,CAR,0,98.91756,40.00000,35-64,True,False,0.00000,0.00000,no_car_hh,True,False,False,general,2.00000,HBW,11,7.44000,17.02000,16.07000,4.47000,5.91000,0.36000,0.00000,7.44000,16.07000,1,9.58000,8.63000,1.66098,<3,0.79544,car
3-2820000826-2,2820000826.00000,1,2,103,102,0.05698,5.63623,BUS,1,98.91756,14.00000,0-17,True,False,0.00000,0.00000,no_car_hh,False,False,False,general,2.00000,HBE,3,7.47000,13.36000,14.44000,2.72000,4.95000,0.37000,0.00000,7.47000,13.36000,1,5.89000,5.89000,1.52665,<3,0.09746,transit
3-2820000826-2,2820000826.00000,1,2,104,102,0.04435,4.38684,BUS,1,98.91756,14.00000,0-17,True,False,0.00000,0.00000,no_car_hh,False,False,False,general,2.00000,HBE,3,13.37000,17.52000,19.21000,6.01000,5.30000,0.46000,0.00000,13.37000,17.52000,1,4.15000,4.15000,3.18021,3-6,0.07585,transit
3-2820000826-2,2820000826.00000,2,2,103,102,0.05698,5.63623,BUS,1,98.91756,14.00000,0-17,True,False,0.00000,0.00000,no_car_hh,False,False,False,general,2.00000,HBE,3,7.47000,13.36000,14.44000,2.72000,4.95000,0.37000,0.00000,7.47000,13.36000,1,5.89000,5.89000,1.52665,<3,0.09746,transit
3-2820000826-2,2820000826.00000,2,2,104,102,0.04435,4.38684,BUS,1,98.91756,14.00000,0-17,True,False,0.00000,0.00000,no_car_hh,False,False,False,general,2.00000,HBE,3,13.37000,17.52000,19.21000,6.01000,5.30000,0.46000,0.00000,13.37000,17.52000,1,4.15000,4.15000,3.18021,3-6,0.07585,transit
3-2820001177-2,2820001177.00000,2,2,102,103,0.10186,24.67959,CAR,0,242.29535,10.00000,0-17,True,False,0.00000,0.00000,no_car_hh,False,False,False,general,3.00000,NHB,11,8.56000,13.06000,15.65000,4.20000,4.10000,0.33000,0.00000,8.56000,13.06000,1,4.50000,4.50000,1.52665,<3,0.42673,car
3-2820001177-2,2820001177.00000,2,2,102,104,0.14978,36.28979,CAR,0,242.29535,10.00000,0-17,True,False,0.00000,0.00000,no_car_hh,False,False,False,general,3.00000,NHB,11,12.62000,17.98000,18.30000,7.60000,4.80000,0.39000,0.00000,12.62000,17.98000,1,5.36000,5.36000,3.18021,3-6,0.62748,car
3-2820001177-3,2820001177.00000,2,2,102,103,0.10186,24.67959,CAR,0,242.29535,10.00000,0-17,True,False,0.00000,0.00000,no_car_hh,False,False,False,general,3.00000,NHB,11,8.56000,13.06000,15.65000,4.20000,4.10000,0.33000,0.00000,8.56000,13.06000,1,4.50000,4.50000,1.52665,<3,0.42673,car
3-2820001177-3,2820001177.00000,2,2,102,104,0.14978,36.28979,CAR,0,242.29535,10.00000,0-17,True,False,0.00000,0.00000,no_car_hh,False,False,False,general,3.00000,NHB,11,12.62000,17.98000,18.30000,7.60000,4.80000,0.39000,0.00000,12.62000,17.98000,1,5.36000,5.36000,3.18021,3-6,0.62748,car
3-2820001289-2,2820001289.00000,1,2,103,206,0.44482,30.31757,CAR,0,68.15656,63.00000,35-64,False,True,2.00000,2.00000,car_available,True,False,False,general,2.00000,HBW,10,26.05000,49.91000,49.91000,33.78000,5.06000,3.00000,0.00000,26.05000,49.91000,1,23.86000,23.86000,9.64681,6-10,0.52422,car
3-2820001289-2,2820001289.00000,1,2,104,206,0.34622,23.59706,CAR,0,68.15656,63.00000,35-64,False,True,2.00000,2.00000,car_available,True,False,False,general,2.00000,HBW,10,32.40000,46.39000,46.39000,32.56000,5.42000,1.50000,0.00000,32.40000,46.39000,1,13.99000,13.99000,8.93118,6-10,0.40801,car
3-2820001289-2,2820001289.00000,2,2,103,206,0.44482,30.31757,CAR,0,68.15656,63.00000,35-64,False,True,2.00000,2.00000,car_available,True,False,False,general,2.00000,HBW,10,26.05000,49.91000,49.91000,33.78000,5.06000,3.00000,0.00000,26.05000,49.91000,1,23.86000,23.86000,9.64681,6-10,0.52422,car
3-2820001289-2,2820001289.00000,2,2,104,206,0.34622,23.59706,CAR,0,68.15656,63.00000,35-64,False,True,2.00000,2.00000,car_available,True,False,False,general,2.00000,HBW,10,32.40000,46.39000,46.39000,32.56000,5.42000,1.50000,0.00000,32.40000,46.39000,1,13.99000,13.99000,8.93118,6-10,0.40801,car
3-2820001405-1,2820001405.00000,1,2,103,210,0.30687,9.21427,BUS,1,30.02709,30.00000,25-34,True,True,1.00000,2.00000,competition,True,False,False,general,3.00000,HBW,5,22.24000,36.86000,36.60000,15.89000,9.94000,0.55000,0.00000,22.24000,36.60000,1,14.62000,14.36000,6.65618,6-10,0.15932,transit
3-2820001405-1,2820001405.00000,1,2,104,210,0.23884,7.17174,BUS,1,30.02709,30.00000,25-34,True,True,1.00000,2.00000,competition,True,False,False,general,3.00000,HBW,5,14.37000,34.00000,35.05000,12.46000,10.29000,0.47000,0.00000,14.37000,34.00000,1,19.63000,19.63000,5.07582,3-6,0.12401,transit
3-2820001405-1,2820001405.00000,2,2,103,210,0.30687,9.21427,BUS,1,30.02709,30.00000,25-34,True,True,1.00000,2.00000,competition,True,False,False,general,3.00000,HBW,5,22.24000,36.86000,36.60000,15.89000,9.94000,0.55000,0.00000,22.24000,36.60000,1,14.62000,14.36000,6.65618,6-10,0.15932,transit
3-2820001405-1,2820001405.00000,2,2,104,210,0.23884,7.17174,BUS,1,30.02709,30.00000,25-34,True,True,1.00000,2.00000,competition,True,False,False,general,3.00000,HBW,5,14.37000,34.00000,35.05000,12.46000,10.29000,0.47000,0.00000,14.37000,34.00000,1,19.63000,19.63000,5.07582,3-6,0.12401,transit
3-2820001405-2,2820001405.00000,1,2,103,104,0.24765,7.43609,CAR,0,30.02709,33.00000,25-34,False,True,1.00000,2.00000,competition,True,False,False,general,3.00000,HBO,10,7.44000,17.02000,16.07000,4.47000,5.91000,0.36000,0.00000,7.44000,16.07000,1,9.58000,8.63000,1.66098,<3,0.12858,car
3-2820001405-2,2820001405.00000,1,2,104,103,0.13108,3.93606,CAR,0,30.02709,33.00000,25-34,False,True,1.00000,2.00000,competition,True,False,False,general,3.00000,HBO,10,6.92000,15.99000,18.19000,4.07000,5.56000,0.40000,0.00000,6.92000,15.99000,1,9.07000,9.07000,1.66098,<3,0.06806,car
3-2820001405-2,2820001405.00000,2,2,103,104,0.24765,7.43609,CAR,0,30.02709,33.00000,25-34,False,True,1.00000,2.00000,competition,True,False,False,general,3.00000,HBO,10,7.44000,17.02000,16.07000,4.47000,5.91000,0.36000,0.00000,7.44000,16.07000,1,9.58000,8.63000,1.66098,<3,0.12858,car
3-2820001405-2,2820001405.00000,2,2,104,103,0.13108,3.93606,CAR,0,30.02709,33.00000,25-34,False,True,1.00000,2.00000,competition,True,False,False,general,3.00000,HBO,10,6.92000,15.99000,18.19000,4.07000,5.56000,0.40000,0.00000,6.92000,15.99000,1,9.07000,9.07000,1.66098,<3,0.06806,car
3-2820001405-3,2820001405.00000,1,2,103,104,0.24765,7.43609,CAR,0,30.02709,,,True,False,1.00000,2.00000,no_licence,False,False,False,general,3.00000,HBE,11,7.44000,17.02000,16.07000,4.47000,5.91000,0.36000,0.00000,7.44000,16.07000,1,9.58000,8.63000,1.66098,<3,0.12858,car
3-2820001405-3,2820001405.00000,1,2,104,103,0.13108,3.93606,CAR,0,30.02709,,,True,False,1.00000,2.00000,no_licence,False,False,False,general,3.00000,HBE,11,6.92000,15.99000,18.19000,4.07000,5.56000,0.40000,0.00000,6.92000,15.99000,1,9.07000,9.07000,1.66098,<3,0.06806,car
3-2820001405-3,2820001405.00000,2,2,103,104,0.24765,7.43609,CAR,0,30.02709,,,True,False,1.00000,2.00000,no_licence,False,False,False,general,3.00000,HBE,11,7.44000,17.02000,16.07000,4.47000,5.91000,0.36000,0.00000,7.44000,16.07000,1,9.58000,8.63000,1.66098,<3,0.12858,car
3-2820001405-3,2820001405.00000,2,2,104,103,0.13108,3.93606,CAR,0,30.02709,,,True,False,1.00000,2.00000,no_licence,False,False,False,general,3.00000,HBE,11,6.92000,15.99000,18.19000,4.07000,5.56000,0.40000,0.00000,6.92000,15.99000,1,9.07000,9.07000,1.66098,<3,0.06806,car
3-2820001408-3,2820001408.00000,1,2,104,103,0.27364,54.41742,BUS,1,198.86496,17.00000,0-17,True,False,1.00000,2.00000,no_licence,True,True,False,general,5.00000,HBE,5,6.92000,15.99000,18.19000,4.07000,5.56000,0.40000,0.00000,6.92000,15.99000,1,9.07000,9.07000,1.66098,<3,0.94092,transit
3-2820001408-3,2820001408.00000,2,2,104,103,0.27364,54.41742,BUS,1,198.86496,17.00000,0-17,True,False,1.00000,2.00000,no_licence,True,True,False,general,5.00000,HBE,5,6.92000,15.99000,18.19000,4.07000,5.56000,0.40000,0.00000,6.92000,15.99000,1,9.07000,9.07000,1.66098,<3,0.94092,transit
3-2820001408-4,2820001408.00000,1,2,103,102,0.05698,11.33113,BUS,1,198.86496,14.00000,0-17,False,False,1.00000,2.00000,no_licence,False,False,False,general,5.00000,HBE,3,7.47000,13.36000,14.44000,2.72000,4.95000,0.37000,0.00000,7.47000,13.36000,1,5.89000,5.89000,1.52665,<3,0.19592,transit
3-2820001408-4,2820001408.00000,1,2,104,102,0.04435,8.81936,BUS,1,198.86496,14.00000,0-17,False,False,1.00000,2.00000,no_licence,False,False,False,general,5.00000,HBE,3,13.37000,17.52000,19.21000,6.01000,5.30000,0.46000,0.00000,13.37000,17.52000,1,4.15000,4.15000,3.18021,3-6,0.15249,transit
3-2820001408-4,2820001408.00000,2,2,103,102,0.05698,11.33113,CAR,0,198.86496,14.00000,0-17,False,False,1.00000,2.00000,no_licence,False,False,False,general,5.00000,HBE,11,7.47000,13.36000,14.44000,2.72000,4.95000,0.37000,0.00000,7.47000,13.36000,1,5.89000,5.89000,1.52665,<3,0.19592,car
3-2820001408-4,2820001408.00000,2,2,104,102,0.04435,8.81936,CAR,0,198.86496,14.00000,0-17,False,False,1.00000,2.00000,no_licence,False,False,False,general,5.00000,HBE,11,13.37000,17.52000,19.21000,6.01000,5.30000,0.46000,0.00000,13.37000,17.52000,1,4.15000,4.15000,3.18021,3-6,0.15249,car
3-2820001528-1,2820001528.00000,1,2,103,104,0.24765,14.37819,CAR,0,58.05945,62.00000,35-64,True,True,1.00000,1.00000,car_available,True,False,False,general,1.00000,HBW,10,7.44000,17.02000,16.07000,4.47000,5.91000,0.36000,0.00000,7.44000,16.07000,1,9.58000,8.63000,1.66098,<3,0.24861,car
3-2820001528-1,2820001528.00000,1,2,104,103,0.13108,7.61064,CAR,0,58.05945,62.00000,35-64,True,True,1.00000,1.00000,car_available,True,False,False,general,1.00000,HBW,10,6.92000,15.99000,18.19000,4.07000,5.56000,0.40000,0.00000,6.92000,15.99000,1,9.07000,9.07000,1.66098,<3,0.13159,car
3-2820001528-1,2820001528.00000,2,2,103,104,0.24765,14.37819,CAR,0,58.05945,62.00000,35-64,True,True,1.00000,1.00000,car_available,True,False,False,general,1.00000,HBW,10,7.44000,17.02000,16.07000,4.47000,5.91000,0.36000,0.00000,7.44000,16.07000,1,9.58000,8.63000,1.66098,<3,0.24861,car
3-2820001528-1,2820001528.00000,2,2,104,103,0.13108,7.61064,CAR,0,58.05945,62.00000,35-64,True,True,1.00000,1.00000,car_available,True,False,False,general,1.00000,HBW,10,6.92000,15.99000,18.19000,4.07000,5.56000,0.40000,0.00000,6.92000,15.99000,1,9.07000,9.07000,1.66098,<3,0.13159,car
3-2820002109-1,2820002109.00000,1,2,103,104,0.24765,31.89299,CAR,0,128.78461,74.00000,65+,True,True,1.00000,1.00000,car_available,False,False,False,general,2.00000,HBO,10,7.44000,17.02000,16.07000,4.47000,5.91000,0.36000,0.00000,7.44000,16.07000,1,9.58000,8.63000,1.66098,<3,0.55146,car
3-2820002109-1,2820002109.00000,1,2,104,103,0.13108,16.88155,CAR,0,128.78461,74.00000,65+,True,True,1.00000,1.00000,car_available,False,False,False,general,2.00000,HBO,10,6.92000,15.99000,18.19000,4.07000,5.56000,0.40000,0.00000,6.92000,15.99000,1,9.07000,9.07000,1.66098,<3,0.29190,car
3-2820002109-1,2820002109.00000,2,2,103,102,0.46507,59.89414,CAR,0,128.78461,74.00000,65+,True,True,1.00000,1.00000,car_available,False,False,False,general,2.00000,HBO,10,7.47000,13.36000,14.44000,2.72000,4.95000,0.37000,0.00000,7.47000,13.36000,1,5.89000,5.89000,1.52665,<3,1.03562,car
3-2820002109-1,2820002109.00000,2,2,104,102,0.36198,46.61737,CAR,0,128.78461,74.00000,65+,True,True,1.00000,1.00000,car_available,False,False,False,general,2.00000,HBO,10,13.37000,17.52000,19.21000,6.01000,5.30000,0.46000,0.00000,13.37000,17.52000,1,4.15000,4.15000,3.18021,3-6,0.80605,car
3-2820002230-1,2820002230.00000,1,2,103,202,0.46507,59.89414,BUS,1,128.78461,70.00000,65+,False,False,0.00000,0.00000,no_car_hh,False,False,False,general,2.00000,HBO,3,33.92000,40.04000,40.04000,26.20000,5.42000,1.50000,0.00000,33.92000,40.04000,1,6.12000,6.12000,12.54293,10-20,1.03562,transit
3-2820002230-1,2820002230.00000,1,2,104,202,0.36198,46.61737,BUS,1,128.78461,70.00000,65+,False,False,0.00000,0.00000,no_car_hh,False,False,False,general,2.00000,HBO,3,28.64000,39.50000,39.50000,24.95000,5.77000,1.50000,0.00000,28.64000,39.50000,1,10.86000,10.86000,11.31753,10-20,0.80605,transit
3-2820002230-1,2820002230.00000,2,2,103,202,0.46507,59.89414,BUS,1,128.78461,70.00000,65+,False,False,0.00000,0.00000,no_car_hh,False,False,False,general,2.00000,HBO,3,33.92000,40.04000,40.04000,26.20000,5.42000,1.50000,0.00000,33.92000,40.04000,1,6.12000,6.12000,12.54293,10-20,1.03562,transit
3-2820002230-1,2820002230.00000,2,2,104,202,0.36198,46.61737,BUS,1,128.78461,70.00000,65+,False,False,0.00000,0.00000,no_car_hh,False,False,False,general,2.00000,HBO,3,28.64000,39.50000,39.50000,24.95000,5.77000,1.50000,0.00000,28.64000,39.50000,1,10.86000,10.86000,11.31753,10-20,0.80605,transit
3-2820002230-2,2820002230.00000,1,2,103,202,0.46507,59.89414,BUS,1,128.78461,83.00000,65+,False,False,0.00000,0.00000,no_car_hh,False,False,False,general,2.00000,HBO,3,33.92000,40.04000,40.04000,26.20000,5.42000,1.50000,0.00000,33.92000,40.04000,1,6.12000,6.12000,12.54293,10-20,1.03562,transit
3-2820002230-2,2820002230.00000,1,2,104,202,0.36198,46.61737,BUS,1,128.78461,83.00000,65+,False,False,0.00000,0.00000,no_car_hh,False,False,False,general,2.00000,HBO,3,28.64000,39.50000,39.50000,24.95000,5.77000,1.50000,0.00000,28.64000,39.50000,1,10.86000,10.86000,11.31753,10-20,0.80605,transit
3-2820002230-2,2820002230.00000,2,2,103,202,0.46507,59.89414,BUS,1,128.78461,83.00000,65+,False,False,0.00000,0.00000,no_car_hh,False,False,False,general,2.00000,HBO,3,33.92000,40.04000,40.04000,26.20000,5.42000,1.50000,0.00000,33.92000,40.04000,1,6.12000,6.12000,12.54293,10-20,1.03562,transit
3-2820002230-2,2820002230.00000,2,2,104,202,0.36198,46.61737,BUS,1,128.78461,83.00000,65+,False,False,0.00000,0.00000,no_car_hh,False,False,False,general,2.00000,HBO,3,28.64000,39.50000,39.50000,24.95000,5.77000,1.50000,0.00000,28.64000,39.50000,1,10.86000,10.86000,11.31753,10-20,0.80605,transit
3-2820003283-1,2820003283.00000,1,2,103,208,0.46507,18.02166,BUS,1,38.75024,32.00000,25-34,True,True,1.00000,1.00000,car_available,True,False,False,general,1.00000,HBW,3,22.85000,40.75000,40.75000,26.19000,4.28000,3.00000,0.00000,22.85000,40.75000,1,17.90000,17.90000,8.17102,6-10,0.31161,transit
3-2820003283-1,2820003283.00000,1,2,104,208,0.36198,14.02679,BUS,1,38.75024,32.00000,25-34,True,True,1.00000,1.00000,car_available,True,False,False,general,1.00000,HBW,3,33.01000,37.24000,37.24000,24.96000,4.64000,1.50000,0.00000,33.01000,37.24000,1,4.23000,4.23000,7.22264,6-10,0.24253,transit
3-2820003283-1,2820003283.00000,2,2,103,208,0.46507,18.02166,BUS,1,38.75024,32.00000,25-34,True,True,1.00000,1.00000,car_available,True,False,False,general,1.00000,HBW,3,22.85000,40.75000,40.75000,26.19000,4.28000,3.00000,0.00000,22.85000,40.75000,1,17.90000,17.90000,8.17102,6-10,0.31161,transit
3-2820003283-1,2820003283.00000,2,2,104,208,0.36198,14.02679,BUS,1,38.75024,32.00000,25-34,True,True,1.00000,1.00000,car_available,True,False,False,general,1.00000,HBW,3,33.01000,37.24000,37.24000,24.96000,4.64000,1.50000,0.00000,33.01000,37.24000,1,4.23000,4.23000,7.22264,6-10,0.24253,transit
3-2820003517-1,2820003517.00000,1,2,103,104,0.24765,37.30962,CAR,0,150.65710,41.00000,35-64,True,True,3.00000,3.00000,car_available,True,False,False,general,4.00000,HBO,10,7.44000,17.02000,16.07000,4.47000,5.91000,0.36000,0.00000,7.44000,16.07000,1,9.58000,8.63000,1.66098,<3,0.64511,car
3-2820003517-1,2820003517.00000,1,2,104,103,0.13108,19.74867,CAR,0,150.65710,41.00000,35-64,True,True,3.00000,3.00000,car_available,True,False,False,general,4.00000,HBO,10,6.92000,15.99000,18.19000,4.07000,5.56000,0.40000,0.00000,6.92000,15.99000,1,9.07000,9.07000,1.66098,<3,0.34147,car
3-2820003517-4,2820003517.00000,1,2,103,104,0.24765,37.30962,CAR,0,150.65710,9.00000,0-17,True,False,3.00000,3.00000,no_licence,False,False,False,general,4.00000,HBE,11,7.44000,17.02000,16.07000,4.47000,5.91000,0.36000,0.00000,7.44000,16.07000,1,9.58000,8.63000,1.66098,<3,0.64511,car
3-2820003517-4,2820003517.00000,1,2,104,103,0.13108,19.74867,CAR,0,150.65710,9.00000,0-17,True,False,3.00000,3.00000,no_licence,False,False,False,general,4.00000,HBE,11,6.92000,15.99000,18.19000,4.07000,5.56000,0.40000,0.00000,6.92000,15.99000,1,9.07000,9.07000,1.66098,<3,0.34147,car
3-2820003865-1,2820003865.00000,1,2,103,102,0.46507,40.35546,BUS,1,86.77247,68.00000,65+,True,False,0.00000,0.00000,no_car_hh,False,True,False,general,2.00000,HBO,3,7.47000,13.36000,14.44000,2.72000,4.95000,0.37000,0.00000,7.47000,13.36000,1,5.89000,5.89000,1.52665,<3,0.69778,transit
3-2820003865-1,2820003865.00000,1,2,104,102,0.36198,31.40985,BUS,1,86.77247,68.00000,65+,True,False,0.00000,0.00000,no_car_hh,False,True,False,general,2.00000,HBO,3,13.37000,17.52000,19.21000,6.01000,5.30000,0.46000,0.00000,13.37000,17.52000,1,4.15000,4.15000,3.18021,3-6,0.54310,transit
3-2820003979-1,2820003979.00000,1,2,104,103,0.27364,33.11874,CAR,0,121.03030,72.00000,65+,False,True,3.00000,4.00000,competition,False,False,False,general,4.00000,HBO,10,6.92000,15.99000,18.19000,4.07000,5.56000,0.40000,0.00000,6.92000,15.99000,1,9.07000,9.07000,1.66098,<3,0.57265,car
3-2820003979-2,2820003979.00000,1,2,104,103,0.27364,33.11874,CAR,0,121.03030,67.00000,65+,True,True,3.00000,4.00000,competition,False,False,False,general,4.00000,HBO,11,6.92000,15.99000,18.19000,4.07000,5.56000,0.40000,0.00000,6.92000,15.99000,1,9.07000,9.07000,1.66098,<3,0.57265,car
3-2820003982-1,2820003982.00000,1,2,103,104,0.24765,26.10891,CAR,0,105.42838,82.00000,65+,False,True,1.00000,1.00000,car_available,False,False,False,general,1.00000,HBO,10,7.44000,17.02000,16.07000,4.47000,5.91000,0.36000,0.00000,7.44000,16.07000,1,9.58000,8.63000,1.66098,<3,0.45144,car
3-2820003982-1,2820003982.00000,1,2,104,103,0.13108,13.81993,CAR,0,105.42838,82.00000,65+,False,True,1.00000,1.00000,car_available,False,False,False,general,1.00000,HBO,10,6.92000,15.99000,18.19000,4.07000,5.56000,0.40000,0.00000,6.92000,15.99000,1,9.07000,9.07000,1.66098,<3,0.23896,car
3-2820004213-1,2820004213.00000,1,2,103,104,0.23364,31.06392,CAR,0,132.95631,72.00000,65+,True,True,1.00000,1.00000,car_available,False,False,False,general,2.00000,HBO,10,7.44000,17.02000,16.07000,4.47000,5.91000,0.36000,0.00000,7.44000,16.07000,1,9.58000,8.63000,1.66098,<3,0.53712,car
3-2820004213-1,2820004213.00000,1,2,103,304,0.14813,19.69517,CAR,0,132.95631,72.00000,65+,True,True,1.00000,1.00000,car_available,False,False,False,general,2.00000,HBO,10,9.52000,34.86000,,19.59000,4.91000,2.73000,0.00000,9.52000,34.86000,0,25.34000,25.34000,2.21445,<3,0.34055,car
3-2820004213-1,2820004213.00000,1,2,104,304,0.11530,15.32933,CAR,0,132.95631,72.00000,65+,True,True,1.00000,1.00000,car_available,False,False,False,general,2.00000,HBO,10,8.40000,22.05000,,6.52000,5.26000,2.50000,0.00000,8.40000,22.05000,0,13.65000,13.65000,1.24683,<3,0.26506,car
3-2820005149-2,2820005149.00000,1,2,103,102,0.05698,8.96736,BUS,1,157.38006,14.00000,0-17,False,False,0.00000,0.00000,no_car_hh,False,False,False,general,2.00000,HBE,3,7.47000,13.36000,14.44000,2.72000,4.95000,0.37000,0.00000,7.47000,13.36000,1,5.89000,5.89000,1.52665,<3,0.15505,transit
3-2820005149-2,2820005149.00000,1,2,104,102,0.04435,6.97956,BUS,1,157.38006,14.00000,0-17,False,False,0.00000,0.00000,no_car_hh,False,False,False,general,2.00000,HBE,3,13.37000,17.52000,19.21000,6.01000,5.30000,0.46000,0.00000,13.37000,17.52000,1,4.15000,4.15000,3.18021,3-6,0.12068,transit
3-2820005149-2,2820005149.00000,2,2,103,102,0.05698,8.96736,BUS,1,157.38006,14.00000,0-17,False,False,0.00000,0.00000,no_car_hh,False,False,False,general,2.00000,HBE,3,7.47000,13.36000,14.44000,2.72000,4.95000,0.37000,0.00000,7.47000,13.36000,1,5.89000,5.89000,1.52665,<3,0.15505,transit
3-2820005149-2,2820005149.00000,2,2,104,102,0.04435,6.97956,BUS,1,157.38006,14.00000,0-17,False,False,0.00000,0.00000,no_car_hh,False,False,False,general,2.00000,HBE,3,13.37000,17.52000,19.21000,6.01000,5.30000,0.46000,0.00000,13.37000,17.52000,1,4.15000,4.15000,3.18021,3-6,0.12068,transit
3-2820005272-1,2820005272.00000,1,2,103,104,0.24765,64.45752,CAR,0,260.28092,60.00000,35-64,False,True,2.00000,2.00000,car_available,True,False,False,general,5.00000,HBO,10,7.44000,17.02000,16.07000,4.47000,5.91000,0.36000,0.00000,7.44000,16.07000,1,9.58000,8.63000,1.66098,<3,1.11452,car
3-2820005272-1,2820005272.00000,1,2,104,103,0.13108,34.11855,CAR,0,260.28092,60.00000,35-64,False,True,2.00000,2.00000,car_available,True,False,False,general,5.00000,HBO,10,6.92000,15.99000,18.19000,4.07000,5.56000,0.40000,0.00000,6.92000,15.99000,1,9.07000,9.07000,1.66098,<3,0.58994,car
3-2820005272-1,2820005272.00000,1,3,103,104,0.24765,64.45752,CAR,0,260.28092,60.00000,35-64,False,True,2.00000,2.00000,car_available,True,False,False,general,5.00000,NHB,10,7.44000,17.02000,16.07000,4.47000,5.91000,0.36000,0.00000,7.44000,16.07000,1,9.58000,8.63000,1.66098,<3,1.11452,car
3-2820005272-1,2820005272.00000,1,3,104,103,0.13108,34.11855,CAR,0,260.28092,60.00000,35-64,False,True,2.00000,2.00000,car_available,True,False,False,general,5.00000,NHB,10,6.92000,15.99000,18.19000,4.07000,5.56000,0.40000,0.00000,6.92000,15.99000,1,9.07000,9.07000,1.66098,<3,0.58994,car
3-2820005272-1,2820005272.00000,1,4,103,102,0.05698,14.83056,CAR,0,260.28092,60.00000,35-64,False,True,2.00000,2.00000,car_available,True,False,False,general,5.00000,NHB,10,7.47000,13.36000,14.44000,2.72000,4.95000,0.37000,0.00000,7.47000,13.36000,1,5.89000,5.89000,1.52665,<3,0.25643,car
3-2820005272-1,2820005272.00000,1,4,104,102,0.04435,11.54306,CAR,0,260.28092,60.00000,35-64,False,True,2.00000,2.00000,car_available,True,False,False,general,5.00000,NHB,10,13.37000,17.52000,19.21000,6.01000,5.30000,0.46000,0.00000,13.37000,17.52000,1,4.15000,4.15000,3.18021,3-6,0.19959,car
3-2820005272-1,2820005272.00000,2,2,103,104,0.24765,64.45752,CAR,0,260.28092,60.00000,35-64,False,True,2.00000,2.00000,car_available,True,False,False,general,5.00000,HBO,10,7.44000,17.02000,16.07000,4.47000,5.91000,0.36000,0.00000,7.44000,16.07000,1,9.58000,8.63000,1.66098,<3,1.11452,car
3-2820005272-1,2820005272.00000,2,2,104,103,0.13108,34.11855,CAR,0,260.28092,60.00000,35-64,False,True,2.00000,2.00000,car_available,True,False,False,general,5.00000,HBO,10,6.92000,15.99000,18.19000,4.07000,5.56000,0.40000,0.00000,6.92000,15.99000,1,9.07000,9.07000,1.66098,<3,0.58994,car
3-2820005272-1,2820005272.00000,2,3,103,104,0.24765,64.45752,CAR,0,260.28092,60.00000,35-64,False,True,2.00000,2.00000,car_available,True,False,False,general,5.00000,NHB,10,7.44000,17.02000,16.07000,4.47000,5.91000,0.36000,0.00000,7.44000,16.07000,1,9.58000,8.63000,1.66098,<3,1.11452,car
3-2820005272-1,2820005272.00000,2,3,104,103,0.13108,34.11855,CAR,0,260.28092,60.00000,35-64,False,True,2.00000,2.00000,car_available,True,False,False,general,5.00000,NHB,10,6.92000,15.99000,18.19000,4.07000,5.56000,0.40000,0.00000,6.92000,15.99000,1,9.07000,9.07000,1.66098,<3,0.58994,car
3-2820005272-1,2820005272.00000,2,4,104,103,0.27364,71.22329,CAR,0,260.28092,60.00000,35-64,False,True,2.00000,2.00000,car_available,True,False,False,general,5.00000,NHB,10,6.92000,15.99000,18.19000,4.07000,5.56000,0.40000,0.00000,6.92000,15.99000,1,9.07000,9.07000,1.66098,<3,1.23151,car
3-2820005272-3,2820005272.00000,1,2,103,104,0.24765,64.45752,CAR,0,260.28092,9.00000,0-17,True,False,2.00000,2.00000,no_licence,False,False,False,general,5.00000,HBE,11,7.44000,17.02000,16.07000,4.47000,5.91000,0.36000,0.00000,7.44000,16.07000,1,9.58000,8.63000,1.66098,<3,1.11452,car
3-2820005272-3,2820005272.00000,1,2,104,103,0.13108,34.11855,CAR,0,260.28092,9.00000,0-17,True,False,2.00000,2.00000,no_licence,False,False,False,general,5.00000,HBE,11,6.92000,15.99000,18.19000,4.07000,5.56000,0.40000,0.00000,6.92000,15.99000,1,9.07000,9.07000,1.66098,<3,0.58994,car
3-2820005272-3,2820005272.00000,2,2,103,104,0.24765,64.45752,CAR,0,260.28092,9.00000,0-17,True,False,2.00000,2.00000,no_licence,False,False,False,general,5.00000,HBE,11,7.44000,17.02000,16.07000,4.47000,5.91000,0.36000,0.00000,7.44000,16.07000,1,9.58000,8.63000,1.66098,<3,1.11452,car
3-2820005272-3,2820005272.00000,2,2,104,103,0.13108,34.11855,CAR,0,260.28092,9.00000,0-17,True,False,2.00000,2.00000,no_licence,False,False,False,general,5.00000,HBE,11,6.92000,15.99000,18.19000,4.07000,5.56000,0.40000,0.00000,6.92000,15.99000,1,9.07000,9.07000,1.66098,<3,0.58994,car
3-2820005272-4,2820005272.00000,1,2,103,104,0.24765,64.45752,CAR,0,260.28092,4.00000,0-17,True,False,2.00000,2.00000,no_licence,False,False,False,general,5.00000,HBO,11,7.44000,17.02000,16.07000,4.47000,5.91000,0.36000,0.00000,7.44000,16.07000,1,9.58000,8.63000,1.66098,<3,1.11452,car
3-2820005272-4,2820005272.00000,1,2,104,103,0.13108,34.11855,CAR,0,260.28092,4.00000,0-17,True,False,2.00000,2.00000,no_licence,False,False,False,general,5.00000,HBO,11,6.92000,15.99000,18.19000,4.07000,5.56000,0.40000,0.00000,6.92000,15.99000,1,9.07000,9.07000,1.66098,<3,0.58994,car
3-2820005272-4,2820005272.00000,1,3,103,104,0.24765,64.45752,CAR,0,260.28092,4.00000,0-17,True,False,2.00000,2.00000,no_licence,False,False,False,general,5.00000,NHB,11,7.44000,17.02000,16.07000,4.47000,5.91000,0.36000,0.00000,7.44000,16.07000,1,9.58000,8.63000,1.66098,<3,1.11452,car
3-2820005272-4,2820005272.00000,1,3,104,103,0.13108,34.11855,CAR,0,260.28092,4.00000,0-17,True,False,2.00000,2.00000,no_licence,False,False,False,general,5.00000,NHB,11,6.92000,15.99000,18.19000,4.07000,5.56000,0.40000,0.00000,6.92000,15.99000,1,9.07000,9.07000,1.66098,<3,0.58994,car
3-2820005272-4,2820005272.00000,2,2,103,104,0.24765,64.45752,CAR,0,260.28092,4.00000,0-17,True,False,2.00000,2.00000,no_licence,False,False,False,general,5.00000,HBO,11,7.44000,17.02000,16.07000,4.47000,5.91000,0.36000,0.00000,7.44000,16.07000,1,9.58000,8.63000,1.66098,<3,1.11452,car
3-2820005272-4,2820005272.00000,2,2,104,103,0.13108,34.11855,CAR,0,260.28092,4.00000,0-17,True,False,2.00000,2.00000,no_licence,False,False,False,general,5.00000,HBO,11,6.92000,15.99000,18.19000,4.07000,5.56000,0.40000,0.00000,6.92000,15.99000,1,9.07000,9.07000,1.66098,<3,0.58994,car
3-2820005272-4,2820005272.00000,2,3,103,104,0.24765,64.45752,CAR,0,260.28092,4.00000,0-17,True,False,2.00000,2.00000,no_licence,False,False,False,general,5.00000,NHB,11,7.44000,17.02000,16.07000,4.47000,5.91000,0.36000,0.00000,7.44000,16.07000,1,9.58000,8.63000,1.66098,<3,1.11452,car
3-2820005272-4,2820005272.00000,2,3,104,103,0.13108,34.11855,CAR,0,260.28092,4.00000,0-17,True,False,2.00000,2.00000,no_licence,False,False,False,general,5.00000,NHB,11,6.92000,15.99000,18.19000,4.07000,5.56000,0.40000,0.00000,6.92000,15.99000,1,9.07000,9.07000,1.66098,<3,0.58994,car
3-2820005272-5,2820005272.00000,1,2,103,104,0.24765,64.45752,CAR,0,260.28092,3.00000,0-17,False,False,2.00000,2.00000,no_licence,False,False,False,general,5.00000,HBO,11,7.44000,17.02000,16.07000,4.47000,5.91000,0.36000,0.00000,7.44000,16.07000,1,9.58000,8.63000,1.66098,<3,1.11452,car
3-2820005272-5,2820005272.00000,1,2,104,103,0.13108,34.11855,CAR,0,260.28092,3.00000,0-17,False,False,2.00000,2.00000,no_licence,False,False,False,general,5.00000,HBO,11,6.92000,15.99000,18.19000,4.07000,5.56000,0.40000,0.00000,6.92000,15.99000,1,9.07000,9.07000,1.66098,<3,0.58994,car
3-2820005272-5,2820005272.00000,1,3,103,104,0.24765,64.45752,CAR,0,260.28092,3.00000,0-17,False,False,2.00000,2.00000,no_licence,False,False,False,general,5.00000,NHB,11,7.44000,17.02000,16.07000,4.47000,5.91000,0.36000,0.00000,7.44000,16.07000,1,9.58000,8.63000,1.66098,<3,1.11452,car
3-2820005272-5,2820005272.00000,1,3,104,103,0.13108,34.11855,CAR,0,260.28092,3.00000,0-17,False,False,2.00000,2.00000,no_licence,False,False,False,general,5.00000,NHB,11,6.92000,15.99000,18.19000,4.07000,5.56000,0.40000,0.00000,6.92000,15.99000,1,9.07000,9.07000,1.66098,<3,0.58994,car
3-2820005272-5,2820005272.00000,1,4,104,103,0.27364,71.22329,CAR,0,260.28092,3.00000,0-17,False,False,2.00000,2.00000,no_licence,False,False,False,general,5.00000,NHB,11,6.92000,15.99000,18.19000,4.07000,5.56000,0.40000,0.00000,6.92000,15.99000,1,9.07000,9.07000,1.66098,<3,1.23151,car
3-2820005272-5,2820005272.00000,2,2,103,104,0.24765,64.45752,CAR,0,260.28092,3.00000,0-17,False,False,2.00000,2.00000,no_licence,False,False,False,general,5.00000,HBO,11,7.44000,17.02000,16.07000,4.47000,5.91000,0.36000,0.00000,7.44000,16.07000,1,9.58000,8.63000,1.66098,<3,1.11452,car
3-2820005272-5,2820005272.00000,2,2,104,103,0.13108,34.11855,CAR,0,260.28092,3.00000,0-17,False,False,2.00000,2.00000,no_licence,False,False,False,general,5.00000,HBO,11,6.92000,15.99000,18.19000,4.07000,5.56000,0.40000,0.00000,6.92000,15.99000,1,9.07000,9.07000,1.66098,<3,0.58994,car
3-2820005272-5,2820005272.00000,2,3,103,104,0.24765,64.45752,CAR,0,260.28092,3.00000,0-17,False,False,2.00000,2.00000,no_licence,False,False,False,general,5.00000,NHB,11,7.44000,17.02000,16.07000,4.47000,5.91000,0.36000,0.00000,7.44000,16.07000,1,9.58000,8.63000,1.66098,<3,1.11452,car
3-2820005272-5,2820005272.00000,2,3,104,103,0.13108,34.11855,CAR,0,260.28092,3.00000,0-17,False,False,2.00000,2.00000,no_licence,False,False,False,general,5.00000,NHB,11,6.92000,15.99000,18.19000,4.07000,5.56000,0.40000,0.00000,6.92000,15.99000,1,9.07000,9.07000,1.66098,<3,0.58994,car
3-2820005272-5,2820005272.00000,2,4,104,103,0.27364,71.22329,CAR,0,260.28092,3.00000,0-17,False,False,2.00000,2.00000,no_licence,False,False,False,general,5.00000,NHB,11,6.92000,15.99000,18.19000,4.07000,5.56000,0.40000,0.00000,6.92000,15.99000,1,9.07000,9.07000,1.66098,<3,1.23151,car
3-2820005971-1,2820005971.00000,1,2,103,304,0.20528,43.93581,CAR,0,214.03284,32.00000,25-34,False,True,2.00000,2.00000,car_available,True,False,False,general,4.00000,HBW,10,9.52000,34.86000,,19.59000,4.91000,2.73000,0.00000,9.52000,34.86000,0,25.34000,25.34000,2.21445,<3,0.75969,car
3-2820005971-1,2820005971.00000,1,3,304,202,0.00000,0.00000,CAR,0,214.03284,32.00000,25-34,False,True,2.00000,2.00000,car_available,True,False,False,general,4.00000,NHB,10,26.41000,52.22000,,25.00000,4.61000,5.00000,1.00000,26.41000,52.22000,0,25.81000,25.81000,10.34302,10-20,0.00000,car
3-2820005971-2,2820005971.00000,1,3,103,104,0.30763,65.84343,CAR,0,214.03284,31.00000,25-34,True,True,2.00000,2.00000,car_available,True,False,False,general,4.00000,NHB,10,7.44000,17.02000,16.07000,4.47000,5.91000,0.36000,0.00000,7.44000,16.07000,1,9.58000,8.63000,1.66098,<3,1.13849,car
3-2820005971-2,2820005971.00000,1,4,103,210,0.30687,65.67924,CAR,0,214.03284,31.00000,25-34,True,True,2.00000,2.00000,car_available,True,False,False,general,4.00000,NHB,10,22.24000,36.86000,36.60000,15.89000,9.94000,0.55000,0.00000,22.24000,36.60000,1,14.62000,14.36000,6.65618,6-10,1.13565,car
3-2820005971-2,2820005971.00000,1,4,104,210,0.23884,51.12009,CAR,0,214.03284,31.00000,25-34,True,True,2.00000,2.00000,car_available,True,False,False,general,4.00000,NHB,10,14.37000,34.00000,35.05000,12.46000,10.29000,0.47000,0.00000,14.37000,34.00000,1,19.63000,19.63000,5.07582,3-6,0.88391,car
3-2820005971-2,2820005971.00000,2,3,103,104,0.30763,65.84343,CAR,0,214.03284,31.00000,25-34,True,True,2.00000,2.00000,car_available,True,False,False,general,4.00000,NHB,10,7.44000,17.02000,16.07000,4.47000,5.91000,0.36000,0.00000,7.44000,16.07000,1,9.58000,8.63000,1.66098,<3,1.13849,car
3-2820005971-2,2820005971.00000,2,4,103,104,0.24765,53.00437,CAR,0,214.03284,31.00000,25-34,True,True,2.00000,2.00000,car_available,True,False,False,general,4.00000,NHB,10,7.44000,17.02000,16.07000,4.47000,5.91000,0.36000,0.00000,7.44000,16.07000,1,9.58000,8.63000,1.66098,<3,0.91649,car
3-2820005971-2,2820005971.00000,2,4,104,103,0.13108,28.05619,CAR,0,214.03284,31.00000,25-34,True,True,2.00000,2.00000,car_available,True,False,False,general,4.00000,NHB,10,6.92000,15.99000,18.19000,4.07000,5.56000,0.40000,0.00000,6.92000,15.99000,1,9.07000,9.07000,1.66098,<3,0.48511,car
3-2820005971-2,2820005971.00000,2,5,103,210,0.30687,65.67924,CAR,0,214.03284,31.00000,25-34,True,True,2.00000,2.00000,car_available,True,False,False,general,4.00000,NHB,10,22.24000,36.86000,36.60000,15.89000,9.94000,0.55000,0.00000,22.24000,36.60000,1,14.62000,14.36000,6.65618,6-10,1.13565,car
3-2820005971-2,2820005971.00000,2,5,104,210,0.23884,51.12009,CAR,0,214.03284,31.00000,25-34,True,True,2.00000,2.00000,car_available,True,False,False,general,4.00000,NHB,10,14.37000,34.00000,35.05000,12.46000,10.29000,0.47000,0.00000,14.37000,34.00000,1,19.63000,19.63000,5.07582,3-6,0.88391,car
3-2820005971-4,2820005971.00000,1,3,103,104,0.30763,65.84343,CAR,0,214.03284,1.00000,0-17,False,False,2.00000,2.00000,no_licence,False,False,False,general,4.00000,NHB,11,7.44000,17.02000,16.07000,4.47000,5.91000,0.36000,0.00000,7.44000,16.07000,1,9.58000,8.63000,1.66098,<3,1.13849,car
3-2820005971-4,2820005971.00000,2,3,103,104,0.30763,65.84343,CAR,0,214.03284,1.00000,0-17,False,False,2.00000,2.00000,no_licence,False,False,False,general,4.00000,NHB,11,7.44000,17.02000,16.07000,4.47000,5.91000,0.36000,0.00000,7.44000,16.07000,1,9.58000,8.63000,1.66098,<3,1.13849,car
3-2820006321-1,2820006321.00000,1,2,103,211,0.49744,87.38681,CAR,0,175.67448,47.00000,35-64,True,True,1.00000,1.00000,car_available,True,False,False,general,1.00000,HBW,10,17.56000,32.91000,31.51000,11.61000,10.15000,0.50000,0.00000,17.56000,31.51000,1,15.35000,13.95000,4.32530,3-6,1.51099,car
3-2820006321-1,2820006321.00000,2,2,103,211,0.49744,87.38681,CAR,0,175.67448,47.00000,35-64,True,True,1.00000,1.00000,car_available,True,False,False,general,1.00000,HBW,10,17.56000,32.91000,31.51000,11.61000,10.15000,0.50000,0.00000,17.56000,31.51000,1,15.35000,13.95000,4.32530,3-6,1.51099,car
3-2820006676-1,2820006676.00000,1,2,103,102,0.07078,24.77331,CAR,0,350.00000,23.00000,18-24,False,True,2.00000,3.00000,competition,True,False,False,general,4.00000,HBO,10,7.47000,13.36000,14.44000,2.72000,4.95000,0.37000,0.00000,7.47000,13.36000,1,5.89000,5.89000,1.52665,<3,0.42835,car
3-2820006676-1,2820006676.00000,1,3,102,301,0.00000,0.00000,CAR,0,350.00000,23.00000,18-24,False,True,2.00000,3.00000,competition,True,False,False,general,4.00000,NHB,10,9.91000,44.49000,,27.37000,6.25000,2.31000,0.00000,9.91000,44.49000,0,34.58000,34.58000,1.67235,<3,0.00000,car
3-2820006676-1,2820006676.00000,2,2,103,102,0.07078,24.77331,CAR,0,350.00000,23.00000,18-24,False,True,2.00000,3.00000,competition,True,False,False,general,4.00000,HBO,10,7.47000,13.36000,14.44000,2.72000,4.95000,0.37000,0.00000,7.47000,13.36000,1,5.89000,5.89000,1.52665,<3,0.42835,car
3-2820006676-1,2820006676.00000,2,3,102,301,0.00000,0.00000,CAR,0,350.00000,23.00000,18-24,False,True,2.00000,3.00000,competition,True,False,False,general,4.00000,NHB,10,9.91000,44.49000,,27.37000,6.25000,2.31000,0.00000,9.91000,44.49000,0,34.58000,34.58000,1.67235,<3,0.00000,car
3-2820006676-2,2820006676.00000,1,2,103,102,0.07078,24.77331,CAR,0,350.00000,12.00000,0-17,True,False,2.00000,3.00000,no_licence,False,False,False,general,4.00000,HBE,11,7.47000,13.36000,14.44000,2.72000,4.95000,0.37000,0.00000,7.47000,13.36000,1,5.89000,5.89000,1.52665,<3,0.42835,car
3-2820006676-2,2820006676.00000,2,2,103,102,0.07078,24.77331,CAR,0,350.00000,12.00000,0-17,True,False,2.00000,3.00000,no_licence,False,False,False,general,4.00000,HBE,11,7.47000,13.36000,14.44000,2.72000,4.95000,0.37000,0.00000,7.47000,13.36000,1,5.89000,5.89000,1.52665,<3,0.42835,car
3-2820006906-2,2820006906.00000,1,2,103,102,0.57772,80.96788,CAR,0,140.14952,64.00000,35-64,False,True,1.00000,2.00000,competition,True,False,False,general,2.00000,HBO,11,7.47000,13.36000,14.44000,2.72000,4.95000,0.37000,0.00000,7.47000,13.36000,1,5.89000,5.89000,1.52665,<3,1.40000,car
3-2820007139-2,2820007139.00000,1,2,103,210,0.38120,118.36963,CAR,0,310.52159,59.00000,35-64,False,True,1.00000,1.00000,car_available,True,False,False,general,4.00000,HBW,10,22.24000,36.86000,36.60000,15.89000,9.94000,0.55000,0.00000,22.24000,36.60000,1,14.62000,14.36000,6.65618,6-10,2.04671,car
3-2820007139-2,2820007139.00000,2,2,103,210,0.38120,118.36963,CAR,0,310.52159,59.00000,35-64,False,True,1.00000,1.00000,car_available,True,False,False,general,4.00000,HBW,10,22.24000,36.86000,36.60000,15.89000,9.94000,0.55000,0.00000,22.24000,36.60000,1,14.62000,14.36000,6.65618,6-10,2.04671,car
3-2820007840-2,2820007840.00000,2,2,103,102,0.57772,62.39356,BUS,1,107.99871,35.00000,35-64,True,False,0.00000,0.00000,no_car_hh,True,False,False,general,2.00000,HBW,3,7.47000,13.36000,14.44000,2.72000,4.95000,0.37000,0.00000,7.47000,13.36000,1,5.89000,5.89000,1.52665,<3,1.07884,transit
3-2820008661-1,2820008661.00000,1,2,103,201,0.57772,122.63842,CAR,0,212.27820,28.00000,25-34,False,True,0.00000,2.00000,no_car_hh,True,False,False,general,2.00000,HBW,10,31.46000,65.02000,,34.40000,6.31000,5.00000,1.00000,31.46000,65.02000,0,33.56000,33.56000,13.57496,10-20,2.12052,car
3-2820008661-1,2820008661.00000,2,2,103,201,0.57772,122.63842,CAR,0,212.27820,28.00000,25-34,False,True,0.00000,2.00000,no_car_hh,True,False,False,general,2.00000,HBW,10,31.46000,65.02000,,34.40000,6.31000,5.00000,1.00000,31.46000,65.02000,0,33.56000,33.56000,13.57496,10-20,2.12052,car
3-2820009245-1,2820009245.00000,1,2,103,202,0.57772,52.25491,CAR,0,90.44945,30.00000,25-34,False,True,1.00000,1.00000,car_available,True,False,False,general,1.00000,HBW,10,33.92000,40.04000,40.04000,26.20000,5.42000,1.50000,0.00000,33.92000,40.04000,1,6.12000,6.12000,12.54293,10-20,0.90353,car
3-2820009245-1,2820009245.00000,2,2,103,202,0.57772,52.25491,RAIL,1,90.44945,30.00000,25-34,False,True,1.00000,1.00000,car_available,True,False,False,general,1.00000,HBW,7,33.92000,40.04000,40.04000,26.20000,5.42000,1.50000,0.00000,33.92000,40.04000,1,6.12000,6.12000,12.54293,10-20,0.90353,transit
3-2820009247-1,2820009247.00000,1,2,103,202,0.57772,45.95517,CAR,0,79.54505,28.00000,25-34,False,True,3.00000,2.00000,car_available,True,False,False,general,2.00000,HBW,10,33.92000,40.04000,40.04000,26.20000,5.42000,1.50000,0.00000,33.92000,40.04000,1,6.12000,6.12000,12.54293,10-20,0.79460,car
3-2820009247-1,2820009247.00000,2,2,103,211,0.49744,39.56857,CAR,0,79.54505,28.00000,25-34,False,True,3.00000,2.00000,car_available,True,False,False,general,2.00000,HBO,10,17.56000,32.91000,31.51000,11.61000,10.15000,0.50000,0.00000,17.56000,31.51000,1,15.35000,13.95000,4.32530,3-6,0.68417,car
3-2820009247-2,2820009247.00000,1,2,103,211,0.49744,39.56857,CAR,0,79.54505,27.00000,25-34,True,True,3.00000,2.00000,car_available,True,False,False,general,2.00000,HBW,10,17.56000,32.91000,31.51000,11.61000,10.15000,0.50000,0.00000,17.56000,31.51000,1,15.35000,13.95000,4.32530,3-6,0.68417,car
3-2820009247-2,2820009247.00000,2,2,103,211,0.49744,39.56857,CAR,0,79.54505,27.00000,25-34,True,True,3.00000,2.00000,car_available,True,False,False,general,2.00000,HBW,11,17.56000,32.91000,31.51000,11.61000,10.15000,0.50000,0.00000,17.56000,31.51000,1,15.35000,13.95000,4.32530,3-6,0.68417,car
3-2820009480-1,2820009480.00000,1,2,103,104,0.30763,53.33486,CAR,0,173.37208,66.00000,65+,False,True,2.00000,2.00000,car_available,True,False,False,general,2.00000,HBW,10,7.44000,17.02000,16.07000,4.47000,5.91000,0.36000,0.00000,7.44000,16.07000,1,9.58000,8.63000,1.66098,<3,0.92220,car
3-2820009480-1,2820009480.00000,2,2,103,104,0.30763,53.33486,CAR,0,173.37208,66.00000,65+,False,True,2.00000,2.00000,car_available,True,False,False,general,2.00000,HBW,10,7.44000,17.02000,16.07000,4.47000,5.91000,0.36000,0.00000,7.44000,16.07000,1,9.58000,8.63000,1.66098,<3,0.92220,car
3-2820009713-1,2820009713.00000,1,2,103,210,0.57772,100.16138,CAR,0,173.37208,67.00000,65+,False,True,2.00000,2.00000,car_available,True,False,False,general,2.00000,HBW,10,22.24000,36.86000,36.60000,15.89000,9.94000,0.55000,0.00000,22.24000,36.60000,1,14.62000,14.36000,6.65618,6-10,1.73187,car
3-2820009713-1,2820009713.00000,2,2,103,216,0.57772,100.16138,CAR,0,173.37208,67.00000,65+,False,True,2.00000,2.00000,car_available,True,False,False,general,2.00000,HBW,10,35.96000,64.34000,,18.43000,16.96000,6.00000,0.00000,35.96000,64.34000,0,28.38000,28.38000,16.15284,10-20,1.73187,car
3-2820009718-1,2820009718.00000,2,2,103,104,0.30763,64.15673,CAR,0,208.55001,69.00000,65+,True,True,1.00000,1.00000,car_available,False,False,False,general,3.00000,HBO,10,7.44000,17.02000,16.07000,4.47000,5.91000,0.36000,0.00000,7.44000,16.07000,1,9.58000,8.63000,1.66098,<3,1.10932,car
3-2820010066-2,2820010066.00000,1,2,102,208,0.28127,98.44564,BUS,1,350.00000,52.00000,35-64,True,False,1.00000,1.00000,no_licence,True,False,False,general,4.00000,HBW,5,25.22000,42.98000,42.98000,30.63000,3.18000,3.00000,0.00000,25.22000,42.98000,1,17.76000,17.76000,9.35483,6-10,1.70221,transit
3-2820010066-2,2820010066.00000,2,3,102,208,0.28127,98.44564,BUS,1,350.00000,52.00000,35-64,True,False,1.00000,1.00000,no_licence,True,False,False,general,4.00000,NHB,5,25.22000,42.98000,42.98000,30.63000,3.18000,3.00000,0.00000,25.22000,42.98000,1,17.76000,17.76000,9.35483,6-10,1.70221,transit
3-2820010183-2,2820010183.00000,1,2,103,202,0.46507,38.02616,CAR,0,81.76401,32.00000,25-34,False,True,1.00000,2.00000,competition,True,False,False,general,3.00000,HBW,10,33.92000,40.04000,40.04000,26.20000,5.42000,1.50000,0.00000,33.92000,40.04000,1,6.12000,6.12000,12.54293,10-20,0.65750,car
3-2820010183-2,2820010183.00000,1,2,104,202,0.36198,29.59689,CAR,0,81.76401,32.00000,25-34,False,True,1.00000,2.00000,competition,True,False,False,general,3.00000,HBW,10,28.64000,39.50000,39.50000,24.95000,5.77000,1.50000,0.00000,28.64000,39.50000,1,10.86000,10.86000,11.31753,10-20,0.51175,car
3-2820010415-2,2820010415.00000,2,2,103,102,0.46507,38.02616,BUS,1,81.76401,35.00000,35-64,False,False,0.00000,0.00000,no_car_hh,True,False,False,general,3.00000,HBO,5,7.47000,13.36000,14.44000,2.72000,4.95000,0.37000,0.00000,7.47000,13.36000,1,5.89000,5.89000,1.52665,<3,0.65750,transit
3-2820010415-2,2820010415.00000,2,2,104,102,0.36198,29.59689,BUS,1,81.76401,35.00000,35-64,False,False,0.00000,0.00000,no_car_hh,True,False,False,general,3.00000,HBO,5,13.37000,17.52000,19.21000,6.01000,5.30000,0.46000,0.00000,13.37000,17.52000,1,4.15000,4.15000,3.18021,3-6,0.51175,transit
3-2820010531-1,2820010531.00000,1,2,103,102,0.05698,6.73347,CAR,0,118.17456,41.00000,35-64,False,True,1.00000,2.00000,competition,True,False,False,general,2.00000,HBO,10,7.47000,13.36000,14.44000,2.72000,4.95000,0.37000,0.00000,7.47000,13.36000,1,5.89000,5.89000,1.52665,<3,0.11643,car
3-2820010531-1,2820010531.00000,1,2,104,102,0.04435,5.24086,CAR,0,118.17456,41.00000,35-64,False,True,1.00000,2.00000,competition,True,False,False,general,2.00000,HBO,10,13.37000,17.52000,19.21000,6.01000,5.30000,0.46000,0.00000,13.37000,17.52000,1,4.15000,4.15000,3.18021,3-6,0.09062,car
3-2820010531-1,2820010531.00000,2,2,104,103,0.27364,32.33729,CAR,0,118.17456,41.00000,35-64,False,True,1.00000,2.00000,competition,True,False,False,general,2.00000,HBO,10,6.92000,15.99000,18.19000,4.07000,5.56000,0.40000,0.00000,6.92000,15.99000,1,9.07000,9.07000,1.66098,<3,0.55914,car
3-2820010531-1,2820010531.00000,2,3,103,102,0.07078,8.36450,CAR,0,118.17456,41.00000,35-64,False,True,1.00000,2.00000,competition,True,False,False,general,2.00000,NHB,10,7.47000,13.36000,14.44000,2.72000,4.95000,0.37000,0.00000,7.47000,13.36000,1,5.89000,5.89000,1.52665,<3,0.14463,car
3-2820011350-1,2820011350.00000,2,2,103,304,0.20528,18.56710,CAR,0,90.44945,27.00000,25-34,False,True,1.00000,1.00000,car_available,True,True,False,general,1.00000,HBO,10,9.52000,34.86000,,19.59000,4.91000,2.73000,0.00000,9.52000,34.86000,0,25.34000,25.34000,2.21445,<3,0.32104,car
3-2820011467-1,2820011467.00000,2,2,103,303,0.57772,88.23741,CAR,0,152.73254,61.00000,35-64,True,True,1.00000,2.00000,competition,False,False,False,general,2.00000,HBO,10,9.11000,35.25000,,23.31000,4.21000,1.76000,0.00000,9.11000,35.25000,0,26.14000,26.14000,1.83675,<3,1.52570,car
3-2820011587-1,2820011587.00000,1,2,103,208,0.46507,38.02616,BUS,1,81.76401,32.00000,25-34,False,True,1.00000,2.00000,competition,True,False,False,general,3.00000,HBW,5,22.85000,40.75000,40.75000,26.19000,4.28000,3.00000,0.00000,22.85000,40.75000,1,17.90000,17.90000,8.17102,6-10,0.65750,transit
3-2820011587-1,2820011587.00000,1,2,104,208,0.36198,29.59689,BUS,1,81.76401,32.00000,25-34,False,True,1.00000,2.00000,competition,True,False,False,general,3.00000,HBW,5,33.01000,37.24000,37.24000,24.96000,4.64000,1.50000,0.00000,33.01000,37.24000,1,4.23000,4.23000,7.22264,6-10,0.51175,transit
3-2820011587-1,2820011587.00000,2,2,103,208,0.46507,38.02616,BUS,1,81.76401,32.00000,25-34,False,True,1.00000,2.00000,competition,True,False,False,general,3.00000,HBW,5,22.85000,40.75000,40.75000,26.19000,4.28000,3.00000,0.00000,22.85000,40.75000,1,17.90000,17.90000,8.17102,6-10,0.65750,transit
3-2820011587-1,2820011587.00000,2,2,104,208,0.36198,29.59689,BUS,1,81.76401,32.00000,25-34,False,True,1.00000,2.00000,competition,True,False,False,general,3.00000,HBW,5,33.01000,37.24000,37.24000,24.96000,4.64000,1.50000,0.00000,33.01000,37.24000,1,4.23000,4.23000,7.22264,6-10,0.51175,transit
3-2820011587-2,2820011587.00000,2,2,103,303,0.46507,38.02616,CAR,0,81.76401,30.00000,25-34,True,True,1.00000,2.00000,competition,True,False,False,general,3.00000,HBO,10,9.11000,35.25000,,23.31000,4.21000,1.76000,0.00000,9.11000,35.25000,0,26.14000,26.14000,1.83675,<3,0.65750,car
3-2820011587-2,2820011587.00000,2,2,104,303,0.36198,29.59689,CAR,0,81.76401,30.00000,25-34,True,True,1.00000,2.00000,competition,True,False,False,general,3.00000,HBO,10,8.36000,32.24000,,14.56000,4.56000,4.29000,0.00000,8.36000,32.24000,0,23.88000,23.88000,2.24488,<3,0.51175,car
3-2820011587-2,2820011587.00000,2,3,303,202,0.00000,0.00000,CAR,0,81.76401,30.00000,25-34,True,True,1.00000,2.00000,competition,True,False,False,general,3.00000,NHB,10,31.31000,54.34000,,27.11000,4.61000,5.00000,1.00000,31.31000,54.34000,0,23.03000,23.03000,11.19482,10-20,0.00000,car
3-2820011587-3,2820011587.00000,1,2,103,303,0.46507,38.02616,CAR,0,81.76401,1.00000,0-17,True,False,1.00000,2.00000,no_licence,False,False,False,general,3.00000,HBE,11,9.11000,35.25000,,23.31000,4.21000,1.76000,0.00000,9.11000,35.25000,0,26.14000,26.14000,1.83675,<3,0.65750,car
3-2820011587-3,2820011587.00000,1,2,104,303,0.36198,29.59689,CAR,0,81.76401,1.00000,0-17,True,False,1.00000,2.00000,no_licence,False,False,False,general,3.00000,HBE,11,8.36000,32.24000,,14.56000,4.56000,4.29000,0.00000,8.36000,32.24000,0,23.88000,23.88000,2.24488,<3,0.51175,car
3-2820011587-3,2820011587.00000,2,2,103,303,0.46507,38.02616,CAR,0,81.76401,1.00000,0-17,True,False,1.00000,2.00000,no_licence,False,False,False,general,3.00000,HBE,11,9.11000,35.25000,,23.31000,4.21000,1.76000,0.00000,9.11000,35.25000,0,26.14000,26.14000,1.83675,<3,0.65750,car
3-2820011587-3,2820011587.00000,2,2,104,303,0.36198,29.59689,CAR,0,81.76401,1.00000,0-17,True,False,1.00000,2.00000,no_licence,False,False,False,general,3.00000,HBE,11,8.36000,32.24000,,14.56000,4.56000,4.29000,0.00000,8.36000,32.24000,0,23.88000,23.88000,2.24488,<3,0.51175,car
3-2820011824-2,2820011824.00000,1,2,103,210,0.38120,59.55518,CAR,0,156.23237,47.00000,35-64,True,True,2.00000,2.00000,car_available,True,False,False,general,5.00000,HBW,10,22.24000,36.86000,36.60000,15.89000,9.94000,0.55000,0.00000,22.24000,36.60000,1,14.62000,14.36000,6.65618,6-10,1.02976,car
3-2820011824-2,2820011824.00000,2,2,103,210,0.38120,59.55518,CAR,0,156.23237,47.00000,35-64,True,True,2.00000,2.00000,car_available,True,False,False,general,5.00000,HBW,10,22.24000,36.86000,36.60000,15.89000,9.94000,0.55000,0.00000,22.24000,36.60000,1,14.62000,14.36000,6.65618,6-10,1.02976,car
3-2820012053-1,2820012053.00000,2,2,103,208,0.57772,155.22064,CAR,0,268.67565,67.00000,65+,False,True,1.00000,3.00000,competition,False,False,False,general,3.00000,HBO,11,22.85000,40.75000,40.75000,26.19000,4.28000,3.00000,0.00000,22.85000,40.75000,1,17.90000,17.90000,8.17102,6-10,2.68389,car
3-2820012053-2,2820012053.00000,1,3,103,102,0.07078,19.01710,CAR,0,268.67565,50.00000,35-64,True,True,1.00000,3.00000,competition,True,False,False,general,3.00000,NHB,10,7.47000,13.36000,14.44000,2.72000,4.95000,0.37000,0.00000,7.47000,13.36000,1,5.89000,5.89000,1.52665,<3,0.32882,car
3-2820012169-3,2820012169.00000,1,2,102,103,0.21263,42.26526,CAR,0,198.77384,4.00000,0-17,True,False,2.00000,2.00000,no_licence,False,False,False,general,3.00000,HBE,11,8.56000,13.06000,15.65000,4.20000,4.10000,0.33000,0.00000,8.56000,13.06000,1,4.50000,4.50000,1.52665,<3,0.73080,car
3-2820012169-3,2820012169.00000,2,2,102,103,0.21263,42.26526,CAR,0,198.77384,4.00000,0-17,True,False,2.00000,2.00000,no_licence,False,False,False,general,3.00000,HBE,11,8.56000,13.06000,15.65000,4.20000,4.10000,0.33000,0.00000,8.56000,13.06000,1,4.50000,4.50000,1.52665,<3,0.73080,car
3-2820012170-3,2820012170.00000,1,2,102,103,0.21263,47.29503,CAR,0,222.42886,50.00000,35-64,False,True,1.00000,1.00000,car_available,True,False,False,general,4.00000,HBO,10,8.56000,13.06000,15.65000,4.20000,4.10000,0.33000,0.00000,8.56000,13.06000,1,4.50000,4.50000,1.52665,<3,0.81777,car
3-2820012170-3,2820012170.00000,1,3,103,211,0.49744,110.64412,CAR,0,222.42886,50.00000,35-64,False,True,1.00000,1.00000,car_available,True,False,False,general,4.00000,NHB,10,17.56000,32.91000,31.51000,11.61000,10.15000,0.50000,0.00000,17.56000,31.51000,1,15.35000,13.95000,4.32530,3-6,1.91313,car
3-2820012170-3,2820012170.00000,1,4,211,104,0.43256,96.21309,CAR,0,222.42886,50.00000,35-64,False,True,1.00000,1.00000,car_available,True,False,False,general,4.00000,NHB,10,12.12000,28.51000,29.48000,4.36000,11.56000,0.52000,0.00000,12.12000,28.51000,1,16.39000,16.39000,2.71063,<3,1.66360,car
3-2820012170-3,2820012170.00000,1,4,211,304,0.27425,61.00108,CAR,0,222.42886,50.00000,35-64,False,True,1.00000,1.00000,car_available,True,False,False,general,4.00000,NHB,10,11.64000,32.48000,74.59000,8.96000,10.56000,1.20000,0.00000,11.64000,32.48000,1,20.84000,20.84000,2.45015,<3,1.05476,car
3-2820012170-3,2820012170.00000,2,2,102,103,0.21263,47.29503,CAR,0,222.42886,50.00000,35-64,False,True,1.00000,1.00000,car_available,True,False,False,general,4.00000,HBO,10,8.56000,13.06000,15.65000,4.20000,4.10000,0.33000,0.00000,8.56000,13.06000,1,4.50000,4.50000,1.52665,<3,0.81777,car
3-2820012170-3,2820012170.00000,2,3,103,211,0.49744,110.64412,CAR,0,222.42886,50.00000,35-64,False,True,1.00000,1.00000,car_available,True,False,False,general,4.00000,NHB,10,17.56000,32.91000,31.51000,11.61000,10.15000,0.50000,0.00000,17.56000,31.51000,1,15.35000,13.95000,4.32530,3-6,1.91313,car
3-2820012170-4,2820012170.00000,1,2,102,103,0.21263,47.29503,CAR,0,222.42886,3.00000,0-17,False,False,1.00000,1.00000,no_licence,False,False,False,general,4.00000,HBE,11,8.56000,13.06000,15.65000,4.20000,4.10000,0.33000,0.00000,8.56000,13.06000,1,4.50000,4.50000,1.52665,<3,0.81777,car
3-2820012170-4,2820012170.00000,2,2,102,103,0.21263,47.29503,CAR,0,222.42886,3.00000,0-17,False,False,1.00000,1.00000,no_licence,False,False,False,general,4.00000,HBE,11,8.56000,13.06000,15.65000,4.20000,4.10000,0.33000,0.00000,8.56000,13.06000,1,4.50000,4.50000,1.52665,<3,0.81777,car
3-2820012754-1,2820012754.00000,2,2,102,103,0.21263,50.40972,CAR,0,237.07728,37.00000,35-64,False,True,1.00000,2.00000,competition,False,False,False,general,5.00000,HBO,10,8.56000,13.06000,15.65000,4.20000,4.10000,0.33000,0.00000,8.56000,13.06000,1,4.50000,4.50000,1.52665,<3,0.87163,car
3-2820012754-1,2820012754.00000,2,3,103,104,0.29023,68.80786,CAR,0,237.07728,37.00000,35-64,False,True,1.00000,2.00000,competition,False,False,False,general,5.00000,NHB,10,7.44000,17.02000,16.07000,4.47000,5.91000,0.36000,0.00000,7.44000,16.07000,1,9.58000,8.63000,1.66098,<3,1.18974,car
3-2820012754-1,2820012754.00000,2,3,103,304,0.18401,43.62560,CAR,0,237.07728,37.00000,35-64,False,True,1.00000,2.00000,competition,False,False,False,general,5.00000,NHB,10,9.52000,34.86000,,19.59000,4.91000,2.73000,0.00000,9.52000,34.86000,0,25.34000,25.34000,2.21445,<3,0.75432,car
3-2820012754-1,2820012754.00000,2,4,104,103,0.15329,36.34042,CAR,0,237.07728,37.00000,35-64,False,True,1.00000,2.00000,competition,False,False,False,general,5.00000,NHB,10,6.92000,15.99000,18.19000,4.07000,5.56000,0.40000,0.00000,6.92000,15.99000,1,9.07000,9.07000,1.66098,<3,0.62836,car
3-2820012754-1,2820012754.00000,2,4,304,103,0.10468,24.81784,CAR,0,237.07728,37.00000,35-64,False,True,1.00000,2.00000,competition,False,False,False,general,5.00000,NHB,10,10.90000,36.20000,,20.74000,4.39000,3.33000,0.00000,10.90000,36.20000,0,25.30000,25.30000,2.21445,<3,0.42912,car
3-2820012754-1,2820012754.00000,2,4,304,104,0.15393,36.49308,CAR,0,237.07728,37.00000,35-64,False,True,1.00000,2.00000,competition,False,False,False,general,5.00000,NHB,10,6.78000,27.98000,,11.79000,5.09000,3.00000,0.00000,6.78000,27.98000,0,21.20000,21.20000,1.24683,<3,0.63100,car
3-2820012754-1,2820012754.00000,2,5,103,102,0.05698,13.50844,CAR,0,237.07728,37.00000,35-64,False,True,1.00000,2.00000,competition,False,False,False,general,5.00000,HBO,10,7.47000,13.36000,14.44000,2.72000,4.95000,0.37000,0.00000,7.47000,13.36000,1,5.89000,5.89000,1.52665,<3,0.23357,car
3-2820012754-1,2820012754.00000,2,5,104,102,0.04435,10.51401,CAR,0,237.07728,37.00000,35-64,False,True,1.00000,2.00000,competition,False,False,False,general,5.00000,HBO,10,13.37000,17.52000,19.21000,6.01000,5.30000,0.46000,0.00000,13.37000,17.52000,1,4.15000,4.15000,3.18021,3-6,0.18180,car
3-2820012754-2,2820012754.00000,1,2,102,103,0.21263,50.40972,CAR,0,237.07728,37.00000,35-64,False,True,1.00000,2.00000,competition,True,True,False,general,5.00000,HBO,10,8.56000,13.06000,15.65000,4.20000,4.10000,0.33000,0.00000,8.56000,13.06000,1,4.50000,4.50000,1.52665,<3,0.87163,car
3-2820012754-2,2820012754.00000,1,3,103,104,0.30763,72.93265,CAR,0,237.07728,37.00000,35-64,False,True,1.00000,2.00000,competition,True,True,False,general,5.00000,NHB,10,7.44000,17.02000,16.07000,4.47000,5.91000,0.36000,0.00000,7.44000,16.07000,1,9.58000,8.63000,1.66098,<3,1.26107,car
3-2820012754-2,2820012754.00000,1,4,103,104,0.23364,55.39075,CAR,0,237.07728,37.00000,35-64,False,True,1.00000,2.00000,competition,True,True,False,general,5.00000,NHB,10,7.44000,17.02000,16.07000,4.47000,5.91000,0.36000,0.00000,7.44000,16.07000,1,9.58000,8.63000,1.66098,<3,0.95775,car
3-2820012754-2,2820012754.00000,1,4,103,304,0.14813,35.11888,CAR,0,237.07728,37.00000,35-64,False,True,1.00000,2.00000,competition,True,True,False,general,5.00000,NHB,10,9.52000,34.86000,,19.59000,4.91000,2.73000,0.00000,9.52000,34.86000,0,25.34000,25.34000,2.21445,<3,0.60723,car
3-2820012754-2,2820012754.00000,1,4,104,304,0.11530,27.33406,CAR,0,237.07728,37.00000,35-64,False,True,1.00000,2.00000,competition,True,True,False,general,5.00000,NHB,10,8.40000,22.05000,,6.52000,5.26000,2.50000,0.00000,8.40000,22.05000,0,13.65000,13.65000,1.24683,<3,0.47263,car
3-2820012754-2,2820012754.00000,1,5,104,102,0.05186,12.29476,CAR,0,237.07728,37.00000,35-64,False,True,1.00000,2.00000,competition,True,True,False,general,5.00000,HBO,10,13.37000,17.52000,19.21000,6.01000,5.30000,0.46000,0.00000,13.37000,17.52000,1,4.15000,4.15000,3.18021,3-6,0.21259,car
3-2820012754-2,2820012754.00000,1,5,304,102,0.03542,8.39642,CAR,0,237.07728,37.00000,35-64,False,True,1.00000,2.00000,competition,True,True,False,general,5.00000,HBO,10,15.21000,42.79000,,27.85000,4.13000,3.33000,0.00000,15.21000,42.79000,0,27.58000,27.58000,3.64818,3-6,0.14518,car
3-2820012754-3,2820012754.00000,1,2,102,103,0.21263,50.40972,CAR,0,237.07728,8.00000,0-17,False,False,1.00000,2.00000,no_licence,False,False,False,general,5.00000,HBE,11,8.56000,13.06000,15.65000,4.20000,4.10000,0.33000,0.00000,8.56000,13.06000,1,4.50000,4.50000,1.52665,<3,0.87163,car
3-2820012754-3,2820012754.00000,2,2,102,103,0.21263,50.40972,CAR,0,237.07728,8.00000,0-17,False,False,1.00000,2.00000,no_licence,False,False,False,general,5.00000,HBE,11,8.56000,13.06000,15.65000,4.20000,4.10000,0.33000,0.00000,8.56000,13.06000,1,4.50000,4.50000,1.52665,<3,0.87163,car
3-2820012754-4,2820012754.00000,1,2,102,103,0.21263,50.40972,CAR,0,237.07728,1.00000,0-17,False,False,1.00000,2.00000,no_licence,False,False,False,general,5.00000,HBO,11,8.56000,13.06000,15.65000,4.20000,4.10000,0.33000,0.00000,8.56000,13.06000,1,4.50000,4.50000,1.52665,<3,0.87163,car
3-2820012754-4,2820012754.00000,1,3,103,104,0.30763,72.93265,CAR,0,237.07728,1.00000,0-17,False,False,1.00000,2.00000,no_licence,False,False,False,general,5.00000,NHB,11,7.44000,17.02000,16.07000,4.47000,5.91000,0.36000,0.00000,7.44000,16.07000,1,9.58000,8.63000,1.66098,<3,1.26107,car
3-2820012754-4,2820012754.00000,1,4,103,104,0.23364,55.39075,CAR,0,237.07728,1.00000,0-17,False,False,1.00000,2.00000,no_licence,False,False,False,general,5.00000,NHB,11,7.44000,17.02000,16.07000,4.47000,5.91000,0.36000,0.00000,7.44000,16.07000,1,9.58000,8.63000,1.66098,<3,0.95775,car
3-2820012754-4,2820012754.00000,1,4,103,304,0.14813,35.11888,CAR,0,237.07728,1.00000,0-17,False,False,1.00000,2.00000,no_licence,False,False,False,general,5.00000,NHB,11,9.52000,34.86000,,19.59000,4.91000,2.73000,0.00000,9.52000,34.86000,0,25.34000,25.34000,2.21445,<3,0.60723,car
3-2820012754-4,2820012754.00000,1,4,104,304,0.11530,27.33406,CAR,0,237.07728,1.00000,0-17,False,False,1.00000,2.00000,no_licence,False,False,False,general,5.00000,NHB,11,8.40000,22.05000,,6.52000,5.26000,2.50000,0.00000,8.40000,22.05000,0,13.65000,13.65000,1.24683,<3,0.47263,car
3-2820012754-4,2820012754.00000,2,2,102,103,0.21263,50.40972,CAR,0,237.07728,1.00000,0-17,False,False,1.00000,2.00000,no_licence,False,False,False,general,5.00000,HBO,11,8.56000,13.06000,15.65000,4.20000,4.10000,0.33000,0.00000,8.56000,13.06000,1,4.50000,4.50000,1.52665,<3,0.87163,car
3-2820012754-4,2820012754.00000,2,3,103,104,0.29023,68.80786,CAR,0,237.07728,1.00000,0-17,False,False,1.00000,2.00000,no_licence,False,False,False,general,5.00000,NHB,11,7.44000,17.02000,16.07000,4.47000,5.91000,0.36000,0.00000,7.44000,16.07000,1,9.58000,8.63000,1.66098,<3,1.18974,car
3-2820012754-4,2820012754.00000,2,3,103,304,0.18401,43.62560,CAR,0,237.07728,1.00000,0-17,False,False,1.00000,2.00000,no_licence,False,False,False,general,5.00000,NHB,11,9.52000,34.86000,,19.59000,4.91000,2.73000,0.00000,9.52000,34.86000,0,25.34000,25.34000,2.21445,<3,0.75432,car
3-2820012754-5,2820012754.00000,1,2,102,103,0.21263,50.40972,CAR,0,237.07728,5.00000,0-17,False,False,1.00000,2.00000,no_licence,False,False,False,general,5.00000,HBO,11,8.56000,13.06000,15.65000,4.20000,4.10000,0.33000,0.00000,8.56000,13.06000,1,4.50000,4.50000,1.52665,<3,0.87163,car
3-2820012754-5,2820012754.00000,1,3,103,104,0.30763,72.93265,CAR,0,237.07728,5.00000,0-17,False,False,1.00000,2.00000,no_licence,False,False,False,general,5.00000,NHB,11,7.44000,17.02000,16.07000,4.47000,5.91000,0.36000,0.00000,7.44000,16.07000,1,9.58000,8.63000,1.66098,<3,1.26107,car
3-2820012754-5,2820012754.00000,2,2,102,103,0.21263,50.40972,CAR,0,237.07728,5.00000,0-17,False,False,1.00000,2.00000,no_licence,False,False,False,general,5.00000,HBO,11,8.56000,13.06000,15.65000,4.20000,4.10000,0.33000,0.00000,8.56000,13.06000,1,4.50000,4.50000,1.52665,<3,0.87163,car
3-2820012754-5,2820012754.00000,2,3,103,104,0.29023,68.80786,CAR,0,237.07728,5.00000,0-17,False,False,1.00000,2.00000,no_licence,False,False,False,general,5.00000,NHB,11,7.44000,17.02000,16.07000,4.47000,5.91000,0.36000,0.00000,7.44000,16.07000,1,9.58000,8.63000,1.66098,<3,1.18974,car
3-2820012754-5,2820012754.00000,2,3,103,304,0.18401,43.62560,CAR,0,237.07728,5.00000,0-17,False,False,1.00000,2.00000,no_licence,False,False,False,general,5.00000,NHB,11,9.52000,34.86000,,19.59000,4.91000,2.73000,0.00000,9.52000,34.86000,0,25.34000,25.34000,2.21445,<3,0.75432,car
3-2820012754-5,2820012754.00000,2,4,104,103,0.15329,36.34042,CAR,0,237.07728,5.00000,0-17,False,False,1.00000,2.00000,no_licence,False,False,False,general,5.00000,NHB,11,6.92000,15.99000,18.19000,4.07000,5.56000,0.40000,0.00000,6.92000,15.99000,1,9.07000,9.07000,1.66098,<3,0.62836,car
3-2820012754-5,2820012754.00000,2,4,304,103,0.10468,24.81784,CAR,0,237.07728,5.00000,0-17,False,False,1.00000,2.00000,no_licence,False,False,False,general,5.00000,NHB,11,10.90000,36.20000,,20.74000,4.39000,3.33000,0.00000,10.90000,36.20000,0,25.30000,25.30000,2.21445,<3,0.42912,car
3-2820012754-5,2820012754.00000,2,4,304,104,0.15393,36.49308,CAR,0,237.07728,5.00000,0-17,False,False,1.00000,2.00000,no_licence,False,False,False,general,5.00000,NHB,11,6.78000,27.98000,,11.79000,5.09000,3.00000,0.00000,6.78000,27.98000,0,21.20000,21.20000,1.24683,<3,0.63100,car
3-2820012871-1,2820012871.00000,1,2,102,103,0.10186,17.32973,CAR,0,170.13701,51.00000,35-64,False,True,1.00000,2.00000,competition,True,False,False,general,3.00000,HBO,10,8.56000,13.06000,15.65000,4.20000,4.10000,0.33000,0.00000,8.56000,13.06000,1,4.50000,4.50000,1.52665,<3,0.29965,car
3-2820012871-1,2820012871.00000,1,2,102,104,0.14978,25.48227,CAR,0,170.13701,51.00000,35-64,False,True,1.00000,2.00000,competition,True,False,False,general,3.00000,HBO,10,12.62000,17.98000,18.30000,7.60000,4.80000,0.39000,0.00000,12.62000,17.98000,1,5.36000,5.36000,3.18021,3-6,0.44061,car
3-2820012871-1,2820012871.00000,1,3,103,209,0.30951,52.65876,CAR,0,170.13701,51.00000,35-64,False,True,1.00000,2.00000,competition,True,False,False,general,3.00000,NHB,10,21.10000,37.39000,37.39000,21.48000,4.95000,3.00000,0.00000,21.10000,37.39000,1,16.29000,16.29000,7.43212,6-10,0.91051,car
3-2820012871-1,2820012871.00000,1,3,104,209,0.24090,40.98587,CAR,0,170.13701,51.00000,35-64,False,True,1.00000,2.00000,competition,True,False,False,general,3.00000,NHB,10,17.57000,33.84000,33.84000,20.23000,5.30000,1.50000,0.00000,17.57000,33.84000,1,16.27000,16.27000,6.18558,6-10,0.70868,car
3-2820012871-1,2820012871.00000,2,2,102,209,0.18719,31.84775,CAR,0,170.13701,51.00000,35-64,False,True,1.00000,2.00000,competition,True,False,False,general,3.00000,HBW,10,22.46000,39.62000,39.62000,25.93000,3.85000,3.00000,0.00000,22.46000,39.62000,1,17.16000,17.16000,8.79730,6-10,0.55067,car
3-2820012871-2,2820012871.00000,1,2,102,103,0.10186,17.32973,CAR,0,170.13701,47.00000,35-64,True,True,1.00000,2.00000,competition,True,False,False,general,3.00000,HBW,11,8.56000,13.06000,15.65000,4.20000,4.10000,0.33000,0.00000,8.56000,13.06000,1,4.50000,4.50000,1.52665,<3,0.29965,car
3-2820012871-2,2820012871.00000,1,2,102,104,0.14978,25.48227,CAR,0,170.13701,47.00000,35-64,True,True,1.00000,2.00000,competition,True,False,False,general,3.00000,HBW,11,12.62000,17.98000,18.30000,7.60000,4.80000,0.39000,0.00000,12.62000,17.98000,1,5.36000,5.36000,3.18021,3-6,0.44061,car
3-2820013106-1,2820013106.00000,1,2,102,211,0.28127,30.63065,CAR,0,108.89996,62.00000,35-64,False,True,1.00000,2.00000,competition,True,False,False,general,2.00000,HBW,10,17.12000,32.89000,33.74000,13.84000,9.04000,0.49000,0.00000,17.12000,32.89000,1,15.77000,15.77000,5.85054,3-6,0.52963,car
3-2820013106-1,2820013106.00000,2,2,102,211,0.28127,30.63065,CAR,0,108.89996,62.00000,35-64,False,True,1.00000,2.00000,competition,True,False,False,general,2.00000,HBW,10,17.12000,32.89000,33.74000,13.84000,9.04000,0.49000,0.00000,17.12000,32.89000,1,15.77000,15.77000,5.85054,3-6,0.52963,car
3-2820013459-1,2820013459.00000,2,2,103,212,0.57772,64.99012,CAR,0,112.49317,38.00000,35-64,False,True,1.00000,2.00000,competition,False,False,False,general,2.00000,HBO,11,12.79000,21.85000,20.55000,10.40000,5.27000,0.46000,0.00000,12.79000,20.55000,1,9.06000,7.76000,3.27574,3-6,1.12373,car
3-2820013459-1,2820013459.00000,2,3,212,302,1.00000,112.49317,CAR,0,112.49317,38.00000,35-64,False,True,1.00000,2.00000,competition,False,False,False,general,2.00000,NHB,11,14.12000,77.17000,78.42000,56.90000,8.26000,1.88000,0.00000,14.12000,77.17000,1,63.05000,63.05000,4.31973,3-6,1.94510,car
3-2820013459-2,2820013459.00000,2,2,103,212,0.57772,64.99012,CAR,0,112.49317,27.00000,25-34,True,True,1.00000,2.00000,competition,False,False,False,general,2.00000,HBO,11,12.79000,21.85000,20.55000,10.40000,5.27000,0.46000,0.00000,12.79000,20.55000,1,9.06000,7.76000,3.27574,3-6,1.12373,car
3-2820013459-2,2820013459.00000,2,3,212,302,1.00000,112.49317,CAR,0,112.49317,27.00000,25-34,True,True,1.00000,2.00000,competition,False,False,False,general,2.00000,NHB,11,14.12000,77.17000,78.42000,56.90000,8.26000,1.88000,0.00000,14.12000,77.17000,1,63.05000,63.05000,4.31973,3-6,1.94510,car
3-2820013579-2,2820013579.00000,1,2,103,209,0.38448,45.97167,CAR,0,119.56875,29.00000,25-34,False,True,2.00000,2.00000,car_available,True,False,False,general,3.00000,HBW,10,21.10000,37.39000,37.39000,21.48000,4.95000,3.00000,0.00000,21.10000,37.39000,1,16.29000,16.29000,7.43212,6-10,0.79489,car
3-2820013579-2,2820013579.00000,2,2,103,209,0.38448,45.97167,CAR,0,119.56875,29.00000,25-34,False,True,2.00000,2.00000,car_available,True,False,False,general,3.00000,HBW,10,21.10000,37.39000,37.39000,21.48000,4.95000,3.00000,0.00000,21.10000,37.39000,1,16.29000,16.29000,7.43212,6-10,0.79489,car
3-2820014160-1,2820014160.00000,2,2,103,102,0.07078,14.28375,CAR,0,201.80240,34.00000,25-34,True,True,2.00000,2.00000,car_available,True,False,False,general,4.00000,HBO,10,7.47000,13.36000,14.44000,2.72000,4.95000,0.37000,0.00000,7.47000,13.36000,1,5.89000,5.89000,1.52665,<3,0.24698,car
3-2820014160-1,2820014160.00000,2,3,102,103,0.21263,42.90922,CAR,0,201.80240,34.00000,25-34,True,True,2.00000,2.00000,car_available,True,False,False,general,4.00000,NHB,10,8.56000,13.06000,15.65000,4.20000,4.10000,0.33000,0.00000,8.56000,13.06000,1,4.50000,4.50000,1.52665,<3,0.74194,car
3-2820014632-1,2820014632.00000,1,2,102,304,0.09994,10.30462,CAR,0,103.10655,25.00000,25-34,False,True,1.00000,2.00000,competition,True,False,False,general,2.00000,HBW,10,13.91000,34.88000,,21.82000,3.80000,2.73000,0.00000,13.91000,34.88000,0,20.97000,20.97000,3.64818,3-6,0.17818,car
3-2820014632-1,2820014632.00000,2,2,102,304,0.09994,10.30462,CAR,0,103.10655,25.00000,25-34,False,True,1.00000,2.00000,competition,True,False,False,general,2.00000,HBW,10,13.91000,34.88000,,21.82000,3.80000,2.73000,0.00000,13.91000,34.88000,0,20.97000,20.97000,3.64818,3-6,0.17818,car
3-2820014632-2,2820014632.00000,1,2,102,304,0.09994,10.30462,CAR,0,103.10655,26.00000,25-34,True,True,1.00000,2.00000,competition,True,False,False,general,2.00000,HBW,11,13.91000,34.88000,,21.82000,3.80000,2.73000,0.00000,13.91000,34.88000,0,20.97000,20.97000,3.64818,3-6,0.17818,car
3-2820014632-2,2820014632.00000,2,2,102,304,0.09994,10.30462,CAR,0,103.10655,26.00000,25-34,True,True,1.00000,2.00000,competition,True,False,False,general,2.00000,HBW,11,13.91000,34.88000,,21.82000,3.80000,2.73000,0.00000,13.91000,34.88000,0,20.97000,20.97000,3.64818,3-6,0.17818,car
3-2820014746-1,2820014746.00000,1,2,102,212,0.28127,24.00037,BUS,1,85.32761,51.00000,35-64,False,False,0.00000,0.00000,no_car_hh,True,False,False,general,1.00000,HBW,3,16.48000,21.86000,22.78000,12.63000,4.16000,0.46000,0.00000,16.48000,21.86000,1,5.38000,5.38000,4.79702,3-6,0.41499,transit
3-2820014746-1,2820014746.00000,2,2,102,212,0.28127,24.00037,BUS,1,85.32761,51.00000,35-64,False,False,0.00000,0.00000,no_car_hh,True,False,False,general,1.00000,HBW,3,16.48000,21.86000,22.78000,12.63000,4.16000,0.46000,0.00000,16.48000,21.86000,1,5.38000,5.38000,4.79702,3-6,0.41499,transit
3-2820015915-1,2820015915.00000,1,2,102,202,0.28127,81.06075,CAR,0,288.19217,40.00000,35-64,False,True,2.00000,2.00000,car_available,True,False,False,general,5.00000,HBW,10,32.44000,42.27000,42.27000,30.65000,4.31000,1.50000,0.00000,32.44000,42.27000,1,9.83000,9.83000,13.86114,10-20,1.40161,car
3-2820015915-1,2820015915.00000,2,2,102,202,0.28127,81.06075,CAR,0,288.19217,40.00000,35-64,False,True,2.00000,2.00000,car_available,True,False,False,general,5.00000,HBW,10,32.44000,42.27000,42.27000,30.65000,4.31000,1.50000,0.00000,32.44000,42.27000,1,9.83000,9.83000,13.86114,10-20,1.40161,car
3-2820015915-2,2820015915.00000,1,2,102,208,0.28127,81.06075,CAR,0,288.19217,45.00000,35-64,True,True,2.00000,2.00000,car_available,True,False,False,general,5.00000,HBW,10,25.22000,42.98000,42.98000,30.63000,3.18000,3.00000,0.00000,25.22000,42.98000,1,17.76000,17.76000,9.35483,6-10,1.40161,car
3-2820015915-2,2820015915.00000,2,2,102,208,0.28127,81.06075,CAR,0,288.19217,45.00000,35-64,True,True,2.00000,2.00000,car_available,True,False,False,general,5.00000,HBW,10,25.22000,42.98000,42.98000,30.63000,3.18000,3.00000,0.00000,25.22000,42.98000,1,17.76000,17.76000,9.35483,6-10,1.40161,car
3-2820015916-2,2820015916.00000,2,2,102,104,0.28127,36.37778,CAR,0,129.33250,68.00000,65+,True,True,2.00000,2.00000,car_available,False,False,False,general,2.00000,HBO,10,12.62000,17.98000,18.30000,7.60000,4.80000,0.39000,0.00000,12.62000,17.98000,1,5.36000,5.36000,3.18021,3-6,0.62900,car
3-2820016033-1,2820016033.00000,1,2,102,301,0.00000,0.00000,CAR,0,151.59934,66.00000,65+,False,True,2.00000,2.00000,car_available,True,False,False,general,4.00000,HBW,10,9.91000,44.49000,,27.37000,6.25000,2.31000,0.00000,9.91000,44.49000,0,34.58000,34.58000,1.67235,<3,0.00000,car
3-2820016033-1,2820016033.00000,2,2,102,301,0.00000,0.00000,CAR,0,151.59934,66.00000,65+,False,True,2.00000,2.00000,car_available,True,False,False,general,4.00000,HBW,10,9.91000,44.49000,,27.37000,6.25000,2.31000,0.00000,9.91000,44.49000,0,34.58000,34.58000,1.67235,<3,0.00000,car
3-2820016501-1,2820016501.00000,1,2,101,202,0.61141,82.07863,CAR,0,134.24529,40.00000,35-64,False,True,1.00000,1.00000,car_available,True,False,False,general,3.00000,HBW,10,31.96000,48.05000,48.05000,34.25000,5.40000,1.50000,0.00000,31.96000,48.05000,1,16.09000,16.09000,14.43598,10-20,1.41921,car
3-2820016501-1,2820016501.00000,1,2,301,202,0.38859,52.16666,CAR,0,134.24529,40.00000,35-64,False,True,1.00000,1.00000,car_available,True,False,False,general,3.00000,HBW,10,30.60000,62.79000,,31.45000,6.67000,5.00000,1.00000,30.60000,62.79000,0,32.19000,32.19000,13.24980,10-20,0.90200,car
3-2820016616-1,2820016616.00000,1,2,101,208,0.61141,78.48991,CAR,0,128.37569,60.00000,35-64,True,True,2.00000,2.00000,car_available,True,False,False,general,2.00000,HBW,10,26.48000,48.21000,48.21000,34.23000,4.26000,2.73000,0.00000,26.48000,48.21000,1,21.73000,21.73000,9.82022,6-10,1.35716,car
3-2820016616-1,2820016616.00000,1,2,301,208,0.38859,49.88578,CAR,0,128.37569,60.00000,35-64,True,True,2.00000,2.00000,car_available,True,False,False,general,2.00000,HBW,10,24.10000,57.67000,,28.60000,5.53000,5.00000,1.00000,24.10000,57.67000,0,33.57000,33.57000,8.58281,6-10,0.86257,car
3-2820016616-1,2820016616.00000,2,2,101,208,0.61141,78.48991,CAR,0,128.37569,60.00000,35-64,True,True,2.00000,2.00000,car_available,True,False,False,general,2.00000,HBW,10,26.48000,48.21000,48.21000,34.23000,4.26000,2.73000,0.00000,26.48000,48.21000,1,21.73000,21.73000,9.82022,6-10,1.35716,car
3-2820016616-1,2820016616.00000,2,2,301,208,0.38859,49.88578,CAR,0,128.37569,60.00000,35-64,True,True,2.00000,2.00000,car_available,True,False,False,general,2.00000,HBW,10,24.10000,57.67000,,28.60000,5.53000,5.00000,1.00000,24.10000,57.67000,0,33.57000,33.57000,8.58281,6-10,0.86257,car
3-2820016616-2,2820016616.00000,1,2,101,103,0.22141,28.42355,CAR,0,128.37569,63.00000,35-64,False,True,2.00000,2.00000,car_available,False,False,False,general,2.00000,HBO,10,10.87000,19.13000,21.28000,8.05000,5.19000,0.35000,0.00000,10.87000,19.13000,1,8.26000,8.26000,2.54428,<3,0.49147,car
3-2820016616-2,2820016616.00000,1,2,101,104,0.32557,41.79504,CAR,0,128.37569,63.00000,35-64,False,True,2.00000,2.00000,car_available,False,False,False,general,2.00000,HBO,10,13.28000,23.19000,23.93000,10.59000,5.89000,0.41000,0.00000,13.28000,23.19000,1,9.91000,9.91000,4.20004,3-6,0.72267,car
3-2820016616-2,2820016616.00000,1,2,301,103,0.14072,18.06514,CAR,0,128.37569,63.00000,35-64,False,True,2.00000,2.00000,car_available,False,False,False,general,2.00000,HBO,10,11.62000,34.41000,,16.04000,6.46000,2.73000,0.00000,11.62000,34.41000,0,22.79000,22.79000,2.34100,<3,0.31236,car
3-2820016616-2,2820016616.00000,1,2,301,104,0.20692,26.56364,CAR,0,128.37569,63.00000,35-64,False,True,2.00000,2.00000,car_available,False,False,False,general,2.00000,HBO,10,15.15000,52.51000,,26.20000,7.16000,6.00000,0.00000,15.15000,52.51000,0,37.36000,37.36000,3.79450,3-6,0.45931,car
3-2820016616-2,2820016616.00000,2,2,101,103,0.22141,28.42355,CAR,0,128.37569,63.00000,35-64,False,True,2.00000,2.00000,car_available,False,False,False,general,2.00000,HBO,10,10.87000,19.13000,21.28000,8.05000,5.19000,0.35000,0.00000,10.87000,19.13000,1,8.26000,8.26000,2.54428,<3,0.49147,car
3-2820016616-2,2820016616.00000,2,2,101,104,0.32557,41.79504,CAR,0,128.37569,63.00000,35-64,False,True,2.00000,2.00000,car_available,False,False,False,general,2.00000,HBO,10,13.28000,23.19000,23.93000,10.59000,5.89000,0.41000,0.00000,13.28000,23.19000,1,9.91000,9.91000,4.20004,3-6,0.72267,car
3-2820016616-2,2820016616.00000,2,2,301,103,0.14072,18.06514,CAR,0,128.37569,63.00000,35-64,False,True,2.00000,2.00000,car_available,False,False,False,general,2.00000,HBO,10,11.62000,34.41000,,16.04000,6.46000,2.73000,0.00000,11.62000,34.41000,0,22.79000,22.79000,2.34100,<3,0.31236,car
3-2820016616-2,2820016616.00000,2,2,301,104,0.20692,26.56364,CAR,0,128.37569,63.00000,35-64,False,True,2.00000,2.00000,car_available,False,False,False,general,2.00000,HBO,10,15.15000,52.51000,,26.20000,7.16000,6.00000,0.00000,15.15000,52.51000,0,37.36000,37.36000,3.79450,3-6,0.45931,car
3-2820017084-1,2820017084.00000,2,2,101,102,0.07491,11.42059,CAR,0,152.46240,71.00000,65+,False,True,2.00000,2.00000,car_available,False,False,False,general,2.00000,HBO,10,9.43000,14.15000,16.32000,3.61000,4.93000,0.34000,0.00000,9.43000,14.15000,1,4.72000,4.72000,1.12048,<3,0.19747,car
3-2820017084-1,2820017084.00000,2,2,301,102,0.04761,7.25858,CAR,0,152.46240,71.00000,65+,False,True,2.00000,2.00000,car_available,False,False,False,general,2.00000,HBO,10,10.41000,38.76000,,20.91000,6.20000,2.73000,0.00000,10.41000,38.76000,0,28.35000,28.35000,1.67235,<3,0.12551,car
3-2820017084-1,2820017084.00000,2,3,102,101,0.25908,39.49948,CAR,0,152.46240,71.00000,65+,False,True,2.00000,2.00000,car_available,False,False,False,general,2.00000,HBO,10,8.56000,14.70000,14.80000,5.02000,4.39000,0.45000,0.00000,8.56000,14.70000,1,6.14000,6.14000,1.12048,<3,0.68298,car
3-2820017084-1,2820017084.00000,2,3,102,301,0.02220,3.38412,CAR,0,152.46240,71.00000,65+,False,True,2.00000,2.00000,car_available,False,False,False,general,2.00000,HBO,10,9.91000,44.49000,,27.37000,6.25000,2.31000,0.00000,9.91000,44.49000,0,34.58000,34.58000,1.67235,<3,0.05851,car
3-2820017320-1,2820017320.00000,1,2,101,301,0.04825,14.86713,CAR,0,308.13508,40.00000,35-64,False,True,2.00000,2.00000,car_available,True,False,False,general,5.00000,HBO,10,7.94000,18.09000,19.63000,2.14000,7.33000,0.64000,0.00000,7.94000,18.09000,1,10.15000,10.15000,1.35205,<3,0.25706,car
3-2820017320-1,2820017320.00000,1,2,301,101,0.35793,110.28977,CAR,0,308.13508,40.00000,35-64,False,True,2.00000,2.00000,car_available,True,False,False,general,5.00000,HBO,10,7.20000,22.23000,101.43000,6.51000,6.75000,1.11000,0.00000,7.20000,22.23000,1,15.03000,15.03000,1.35205,<3,1.90700,car
3-2820017320-2,2820017320.00000,1,2,101,301,0.04825,14.86713,CAR,0,308.13508,37.00000,35-64,True,True,2.00000,2.00000,car_available,True,False,False,general,5.00000,HBO,10,7.94000,18.09000,19.63000,2.14000,7.33000,0.64000,0.00000,7.94000,18.09000,1,10.15000,10.15000,1.35205,<3,0.25706,car
3-2820017320-2,2820017320.00000,1,2,301,101,0.35793,110.28977,CAR,0,308.13508,37.00000,35-64,True,True,2.00000,2.00000,car_available,True,False,False,general,5.00000,HBO,10,7.20000,22.23000,101.43000,6.51000,6.75000,1.11000,0.00000,7.20000,22.23000,1,15.03000,15.03000,1.35205,<3,1.90700,car
3-2820017320-2,2820017320.00000,1,3,101,211,0.52644,162.21397,CAR,0,308.13508,37.00000,35-64,True,True,2.00000,2.00000,car_available,True,False,False,general,5.00000,NHB,10,19.27000,38.75000,38.14000,17.73000,10.12000,0.39000,0.00000,19.27000,38.14000,1,19.48000,18.87000,6.80312,6-10,2.80481,car
3-2820017320-2,2820017320.00000,1,3,301,211,0.33459,103.09822,CAR,0,308.13508,37.00000,35-64,True,True,2.00000,2.00000,car_available,True,False,False,general,5.00000,NHB,10,18.19000,42.93000,44.43000,17.64000,11.40000,1.25000,0.00000,18.19000,42.93000,1,24.74000,24.74000,6.13661,6-10,1.78265,car
3-2820017320-2,2820017320.00000,2,2,101,211,0.52644,162.21397,CAR,0,308.13508,37.00000,35-64,True,True,2.00000,2.00000,car_available,True,False,False,general,5.00000,HBW,10,19.27000,38.75000,38.14000,17.73000,10.12000,0.39000,0.00000,19.27000,38.14000,1,19.48000,18.87000,6.80312,6-10,2.80481,car
3-2820017320-2,2820017320.00000,2,2,301,211,0.33459,103.09822,CAR,0,308.13508,37.00000,35-64,True,True,2.00000,2.00000,car_available,True,False,False,general,5.00000,HBW,10,18.19000,42.93000,44.43000,17.64000,11.40000,1.25000,0.00000,18.19000,42.93000,1,24.74000,24.74000,6.13661,6-10,1.78265,car
3-2820017320-4,2820017320.00000,1,2,101,301,0.04825,14.86713,CAR,0,308.13508,6.00000,0-17,False,False,2.00000,2.00000,no_licence,False,False,False,general,5.00000,HBE,11,7.94000,18.09000,19.63000,2.14000,7.33000,0.64000,0.00000,7.94000,18.09000,1,10.15000,10.15000,1.35205,<3,0.25706,car
3-2820017320-4,2820017320.00000,1,2,301,101,0.35793,110.28977,CAR,0,308.13508,6.00000,0-17,False,False,2.00000,2.00000,no_licence,False,False,False,general,5.00000,HBE,11,7.20000,22.23000,101.43000,6.51000,6.75000,1.11000,0.00000,7.20000,22.23000,1,15.03000,15.03000,1.35205,<3,1.90700,car
3-2820017320-5,2820017320.00000,1,2,101,301,0.04825,14.86713,CAR,0,308.13508,1.00000,0-17,False,False,2.00000,2.00000,no_licence,False,False,False,general,5.00000,HBE,11,7.94000,18.09000,19.63000,2.14000,7.33000,0.64000,0.00000,7.94000,18.09000,1,10.15000,10.15000,1.35205,<3,0.25706,car
3-2820017320-5,2820017320.00000,1,2,301,101,0.35793,110.28977,CAR,0,308.13508,1.00000,0-17,False,False,2.00000,2.00000,no_licence,False,False,False,general,5.00000,HBE,11,7.20000,22.23000,101.43000,6.51000,6.75000,1.11000,0.00000,7.20000,22.23000,1,15.03000,15.03000,1.35205,<3,1.90700,car
3-2820017557-1,2820017557.00000,2,2,101,104,0.61141,93.21672,CAR,0,152.46240,82.00000,65+,True,False,1.00000,1.00000,no_licence,False,False,False,general,2.00000,HBO,11,13.28000,23.19000,23.93000,10.59000,5.89000,0.41000,0.00000,13.28000,23.19000,1,9.91000,9.91000,4.20004,3-6,1.61179,car
3-2820017557-1,2820017557.00000,2,2,301,104,0.38859,59.24568,CAR,0,152.46240,82.00000,65+,True,False,1.00000,1.00000,no_licence,False,False,False,general,2.00000,HBO,11,15.15000,52.51000,,26.20000,7.16000,6.00000,0.00000,15.15000,52.51000,0,37.36000,37.36000,3.79450,3-6,1.02441,car
3-2820017557-2,2820017557.00000,2,2,101,104,0.61141,93.21672,CAR,0,152.46240,84.00000,65+,False,True,1.00000,1.00000,car_available,False,False,False,general,2.00000,HBO,10,13.28000,23.19000,23.93000,10.59000,5.89000,0.41000,0.00000,13.28000,23.19000,1,9.91000,9.91000,4.20004,3-6,1.61179,car
3-2820017557-2,2820017557.00000,2,2,301,104,0.38859,59.24568,CAR,0,152.46240,84.00000,65+,False,True,1.00000,1.00000,car_available,False,False,False,general,2.00000,HBO,10,15.15000,52.51000,,26.20000,7.16000,6.00000,0.00000,15.15000,52.51000,0,37.36000,37.36000,3.79450,3-6,1.02441,car
3-2820018254-1,2820018254.00000,1,4,101,212,0.61141,106.66366,CAR,0,174.45581,35.00000,35-64,True,True,1.00000,2.00000,competition,True,False,False,general,4.00000,HBO,10,18.42000,27.75000,27.17000,16.52000,5.24000,0.37000,0.00000,18.42000,27.17000,1,9.33000,8.75000,5.80661,3-6,1.84430,car
3-2820018254-1,2820018254.00000,1,4,301,212,0.38859,67.79215,CAR,0,174.45581,35.00000,35-64,True,True,1.00000,2.00000,competition,True,False,False,general,4.00000,HBO,10,17.32000,32.92000,33.92000,16.89000,6.52000,1.50000,0.00000,17.32000,32.92000,1,15.60000,15.60000,5.29366,3-6,1.17218,car
3-28800000251-1,28800000251.00000,2,2,215,217,1.00000,147.09368,CAR,0,147.09368,42.00000,35-64,False,True,1.00000,1.00000,car_available,False,False,False,arab,5.00000,HBO,10,49.24000,39.59000,,16.27000,8.66000,3.00000,0.00000,49.24000,39.59000,0,-9.65000,-9.65000,16.43011,10-20,2.54337,car
3-28800000401-1,28800000401.00000,1,2,215,208,1.00000,284.75737,CAR,0,284.75737,53.00000,35-64,False,True,2.00000,3.00000,competition,True,False,False,arab,4.00000,HBW,10,35.62000,70.95000,,39.72000,6.62000,5.00000,1.00000,35.62000,70.95000,0,35.33000,35.33000,16.20690,10-20,4.92369,car
3-28800000401-1,28800000401.00000,2,2,215,208,1.00000,284.75737,CAR,0,284.75737,53.00000,35-64,False,True,2.00000,3.00000,competition,True,False,False,arab,4.00000,HBW,10,35.62000,70.95000,,39.72000,6.62000,5.00000,1.00000,35.62000,70.95000,0,35.33000,35.33000,16.20690,10-20,4.92369,car
3-28800000401-4,28800000401.00000,1,2,215,212,1.00000,284.75737,CAR,0,284.75737,26.00000,25-34,False,True,2.00000,3.00000,competition,True,False,False,arab,4.00000,HBW,11,27.55000,56.76000,,34.90000,7.60000,3.33000,0.00000,27.55000,56.76000,0,29.21000,29.21000,9.75164,6-10,4.92369,car
3-28800000401-4,28800000401.00000,2,2,215,212,1.00000,284.75737,CAR,0,284.75737,26.00000,25-34,False,True,2.00000,3.00000,competition,True,False,False,arab,4.00000,HBW,11,27.55000,56.76000,,34.90000,7.60000,3.33000,0.00000,27.55000,56.76000,0,29.21000,29.21000,9.75164,6-10,4.92369,car
3-28800000451-3,28800000451.00000,1,2,215,209,0.10084,8.24514,CAR,0,81.76432,22.00000,18-24,False,True,1.00000,3.00000,competition,True,False,False,arab,6.00000,HBW,10,33.23000,68.64000,,36.08000,7.28000,5.00000,1.00000,33.23000,68.64000,0,35.41000,35.41000,14.81259,10-20,0.14257,car
3-28800000451-3,28800000451.00000,2,2,215,209,0.10084,8.24514,CAR,0,81.76432,22.00000,18-24,False,True,1.00000,3.00000,competition,True,False,False,arab,6.00000,HBW,10,33.23000,68.64000,,36.08000,7.28000,5.00000,1.00000,33.23000,68.64000,0,35.41000,35.41000,14.81259,10-20,0.14257,car
3-28800000451-4,28800000451.00000,2,2,215,212,1.00000,81.76432,CAR,0,81.76432,21.00000,18-24,False,True,1.00000,3.00000,competition,True,False,False,arab,6.00000,HBW,11,27.55000,56.76000,,34.90000,7.60000,3.33000,0.00000,27.55000,56.76000,0,29.21000,29.21000,9.75164,6-10,1.41377,car
3-28800000851-4,28800000851.00000,1,2,215,209,0.66551,78.85433,CAR,0,118.48791,20.00000,18-24,False,True,2.00000,5.00000,competition,True,False,False,arab,6.00000,HBW,10,33.23000,68.64000,,36.08000,7.28000,5.00000,1.00000,33.23000,68.64000,0,35.41000,35.41000,14.81259,10-20,1.36346,car
3-28800000851-4,28800000851.00000,2,2,215,209,0.66551,78.85433,CAR,0,118.48791,20.00000,18-24,False,True,2.00000,5.00000,competition,True,False,False,arab,6.00000,HBW,10,33.23000,68.64000,,36.08000,7.28000,5.00000,1.00000,33.23000,68.64000,0,35.41000,35.41000,14.81259,10-20,1.36346,car
3-28800000901-1,28800000901.00000,1,2,215,213,1.00000,174.75519,CAR,0,174.75519,35.00000,35-64,False,True,1.00000,1.00000,car_available,True,False,False,arab,3.00000,HBW,11,21.45000,60.31000,,24.02000,8.15000,10.00000,0.00000,21.45000,60.31000,0,38.86000,38.86000,6.26336,6-10,3.02166,car
3-28800000901-1,28800000901.00000,2,2,215,213,1.00000,174.75519,CAR,0,174.75519,35.00000,35-64,False,True,1.00000,1.00000,car_available,True,False,False,arab,3.00000,HBW,11,21.45000,60.31000,,24.02000,8.15000,10.00000,0.00000,21.45000,60.31000,0,38.86000,38.86000,6.26336,6-10,3.02166,car
3-28800001201-1,28800001201.00000,1,2,215,210,0.65982,131.21216,CAR,0,198.85969,37.00000,35-64,False,True,2.00000,2.00000,car_available,True,False,False,arab,5.00000,HBW,10,34.03000,65.80000,,36.63000,12.27000,2.31000,0.00000,34.03000,65.80000,0,31.77000,31.77000,12.69525,10-20,2.26877,car
3-28800001201-1,28800001201.00000,2,2,215,210,0.65982,131.21216,CAR,0,198.85969,37.00000,35-64,False,True,2.00000,2.00000,car_available,True,False,False,arab,5.00000,HBW,10,34.03000,65.80000,,36.63000,12.27000,2.31000,0.00000,34.03000,65.80000,0,31.77000,31.77000,12.69525,10-20,2.26877,car
3-28800001352-2,28800001352.00000,1,2,215,210,0.65982,61.10100,CAR,0,92.60213,27.00000,25-34,True,True,3.00000,3.00000,car_available,True,False,False,arab,4.00000,HBW,10,34.03000,65.80000,,36.63000,12.27000,2.31000,0.00000,34.03000,65.80000,0,31.77000,31.77000,12.69525,10-20,1.05649,car
3-28800001352-2,28800001352.00000,2,2,215,210,0.65982,61.10100,CAR,0,92.60213,27.00000,25-34,True,True,3.00000,3.00000,car_available,True,False,False,arab,4.00000,HBW,10,34.03000,65.80000,,36.63000,12.27000,2.31000,0.00000,34.03000,65.80000,0,31.77000,31.77000,12.69525,10-20,1.05649,car
3-28800001352-3,28800001352.00000,1,2,215,209,0.11342,10.50333,CAR,0,92.60213,23.00000,18-24,False,True,3.00000,3.00000,car_available,True,False,False,arab,4.00000,HBW,10,33.23000,68.64000,,36.08000,7.28000,5.00000,1.00000,33.23000,68.64000,0,35.41000,35.41000,14.81259,10-20,0.18161,car
3-28800001352-3,28800001352.00000,1,2,215,210,0.20101,18.61349,CAR,0,92.60213,23.00000,18-24,False,True,3.00000,3.00000,car_available,True,False,False,arab,4.00000,HBW,10,34.03000,65.80000,,36.63000,12.27000,2.31000,0.00000,34.03000,65.80000,0,31.77000,31.77000,12.69525,10-20,0.32184,car
3-28800001352-3,28800001352.00000,2,2,215,209,0.11342,10.50333,CAR,0,92.60213,23.00000,18-24,False,True,3.00000,3.00000,car_available,True,False,False,arab,4.00000,HBW,10,33.23000,68.64000,,36.08000,7.28000,5.00000,1.00000,33.23000,68.64000,0,35.41000,35.41000,14.81259,10-20,0.18161,car
3-28800001352-3,28800001352.00000,2,2,215,210,0.20101,18.61349,CAR,0,92.60213,23.00000,18-24,False,True,3.00000,3.00000,car_available,True,False,False,arab,4.00000,HBW,10,34.03000,65.80000,,36.63000,12.27000,2.31000,0.00000,34.03000,65.80000,0,31.77000,31.77000,12.69525,10-20,0.32184,car
3-28800002202-3,28800002202.00000,1,2,215,213,1.00000,88.86594,CAR,0,88.86594,24.00000,18-24,False,True,2.00000,5.00000,competition,True,False,False,arab,6.00000,HBO,10,21.45000,60.31000,,24.02000,8.15000,10.00000,0.00000,21.45000,60.31000,0,38.86000,38.86000,6.26336,6-10,1.53656,car
3-28800002202-3,28800002202.00000,1,3,213,211,0.86103,76.51584,CAR,0,88.86594,24.00000,18-24,False,True,2.00000,5.00000,competition,True,False,False,arab,6.00000,NHB,10,15.57000,38.84000,42.47000,15.30000,10.66000,1.11000,0.00000,15.57000,38.84000,1,23.27000,23.27000,4.67975,3-6,1.32302,car
3-28800002202-4,28800002202.00000,1,2,215,213,1.00000,88.86594,CAR,0,88.86594,20.00000,18-24,False,True,2.00000,5.00000,competition,True,False,False,arab,6.00000,HBW,11,21.45000,60.31000,,24.02000,8.15000,10.00000,0.00000,21.45000,60.31000,0,38.86000,38.86000,6.26336,6-10,1.53656,car
3-28800002452-2,28800002452.00000,1,2,215,210,0.65982,29.63533,CAR,0,44.91407,53.00000,35-64,False,True,2.00000,5.00000,competition,True,False,False,arab,6.00000,HBW,10,34.03000,65.80000,,36.63000,12.27000,2.31000,0.00000,34.03000,65.80000,0,31.77000,31.77000,12.69525,10-20,0.51242,car
3-28800002452-2,28800002452.00000,2,2,215,210,0.65982,29.63533,CAR,0,44.91407,53.00000,35-64,False,True,2.00000,5.00000,competition,True,False,False,arab,6.00000,HBW,10,34.03000,65.80000,,36.63000,12.27000,2.31000,0.00000,34.03000,65.80000,0,31.77000,31.77000,12.69525,10-20,0.51242,car
3-28800003151-3,28800003151.00000,1,2,215,102,1.00000,37.15927,CAR,0,37.15927,20.00000,18-24,True,True,1.00000,2.00000,competition,True,False,False,arab,6.00000,HBW,11,22.93000,40.58000,,18.52000,7.28000,3.75000,0.00000,22.93000,40.58000,0,17.65000,17.65000,8.76458,6-10,0.64251,car
3-28800003151-3,28800003151.00000,2,2,215,102,1.00000,37.15927,CAR,0,37.15927,20.00000,18-24,True,True,1.00000,2.00000,competition,True,False,False,arab,6.00000,HBW,11,22.93000,40.58000,,18.52000,7.28000,3.75000,0.00000,22.93000,40.58000,0,17.65000,17.65000,8.76458,6-10,0.64251,car
3-28800003152-2,28800003152.00000,1,2,215,210,0.65982,26.05607,CAR,0,39.48950,61.00000,35-64,False,True,4.00000,6.00000,competition,True,False,False,arab,6.00000,HBW,10,34.03000,65.80000,,36.63000,12.27000,2.31000,0.00000,34.03000,65.80000,0,31.77000,31.77000,12.69525,10-20,0.45053,car
3-28800003152-2,28800003152.00000,2,2,215,210,0.65982,26.05607,CAR,0,39.48950,61.00000,35-64,False,True,4.00000,6.00000,competition,True,False,False,arab,6.00000,HBW,10,34.03000,65.80000,,36.63000,12.27000,2.31000,0.00000,34.03000,65.80000,0,31.77000,31.77000,12.69525,10-20,0.45053,car
3-28800003152-4,28800003152.00000,1,2,215,210,0.65982,26.05607,CAR,0,39.48950,24.00000,18-24,False,True,4.00000,6.00000,competition,True,False,False,arab,6.00000,HBW,11,34.03000,65.80000,,36.63000,12.27000,2.31000,0.00000,34.03000,65.80000,0,31.77000,31.77000,12.69525,10-20,0.45053,car
3-28800003152-4,28800003152.00000,2,2,215,210,0.65982,26.05607,CAR,0,39.48950,24.00000,18-24,False,True,4.00000,6.00000,competition,True,False,False,arab,6.00000,HBW,11,34.03000,65.80000,,36.63000,12.27000,2.31000,0.00000,34.03000,65.80000,0,31.77000,31.77000,12.69525,10-20,0.45053,car
3-28800003301-1,28800003301.00000,1,2,215,103,0.75595,110.22995,CAR,0,145.81552,35.00000,35-64,False,True,1.00000,2.00000,competition,True,False,False,arab,5.00000,HBW,11,25.69000,49.57000,,24.49000,7.54000,5.00000,0.00000,25.69000,49.57000,0,23.88000,23.88000,8.91603,6-10,1.90597,car
3-28800003301-1,28800003301.00000,2,2,215,103,0.75595,110.22995,CAR,0,145.81552,35.00000,35-64,False,True,1.00000,2.00000,competition,True,False,False,arab,5.00000,HBW,11,25.69000,49.57000,,24.49000,7.54000,5.00000,0.00000,25.69000,49.57000,0,23.88000,23.88000,8.91603,6-10,1.90597,car
3-28800003701-1,28800003701.00000,2,3,215,209,1.00000,114.54489,BUS,1,114.54489,43.00000,35-64,False,True,0.00000,1.00000,no_car_hh,False,False,False,arab,2.00000,NHB,3,33.23000,68.64000,,36.08000,7.28000,5.00000,1.00000,33.23000,68.64000,0,35.41000,35.41000,14.81259,10-20,1.98058,transit
3-28800003702-2,28800003702.00000,1,2,215,210,0.65982,44.94621,CAR,0,68.11861,60.00000,35-64,False,True,2.00000,3.00000,competition,True,False,False,arab,3.00000,HBW,10,34.03000,65.80000,,36.63000,12.27000,2.31000,0.00000,34.03000,65.80000,0,31.77000,31.77000,12.69525,10-20,0.77716,car
3-28800003702-2,28800003702.00000,2,2,215,210,0.65982,44.94621,CAR,0,68.11861,60.00000,35-64,False,True,2.00000,3.00000,competition,True,False,False,arab,3.00000,HBW,10,34.03000,65.80000,,36.63000,12.27000,2.31000,0.00000,34.03000,65.80000,0,31.77000,31.77000,12.69525,10-20,0.77716,car
3-28800003851-1,28800003851.00000,1,2,215,217,1.00000,40.89171,CAR,0,40.89171,38.00000,35-64,False,True,1.00000,1.00000,car_available,True,False,False,arab,3.00000,HBW,10,49.24000,39.59000,,16.27000,8.66000,3.00000,0.00000,49.24000,39.59000,0,-9.65000,-9.65000,16.43011,10-20,0.70705,car
3-28800003851-1,28800003851.00000,2,2,215,217,1.00000,40.89171,CAR,0,40.89171,38.00000,35-64,False,True,1.00000,1.00000,car_available,True,False,False,arab,3.00000,HBW,10,49.24000,39.59000,,16.27000,8.66000,3.00000,0.00000,49.24000,39.59000,0,-9.65000,-9.65000,16.43011,10-20,0.70705,car
3-28800004101-3,28800004101.00000,1,2,215,212,1.00000,156.04723,CAR,0,156.04723,24.00000,18-24,False,True,2.00000,2.00000,car_available,True,False,False,arab,4.00000,HBW,11,27.55000,56.76000,,34.90000,7.60000,3.33000,0.00000,27.55000,56.76000,0,29.21000,29.21000,9.75164,6-10,2.69818,car
3-28800004101-3,28800004101.00000,2,2,215,212,1.00000,156.04723,CAR,0,156.04723,24.00000,18-24,False,True,2.00000,2.00000,car_available,True,False,False,arab,4.00000,HBW,11,27.55000,56.76000,,34.90000,7.60000,3.33000,0.00000,27.55000,56.76000,0,29.21000,29.21000,9.75164,6-10,2.69818,car
3-28800004101-4,28800004101.00000,1,2,215,209,0.10084,15.73586,CAR,0,156.04723,23.00000,18-24,False,True,2.00000,2.00000,car_available,True,False,False,arab,4.00000,HBW,10,33.23000,68.64000,,36.08000,7.28000,5.00000,1.00000,33.23000,68.64000,0,35.41000,35.41000,14.81259,10-20,0.27209,car
3-28800004101-4,28800004101.00000,2,2,215,209,0.10084,15.73586,CAR,0,156.04723,23.00000,18-24,False,True,2.00000,2.00000,car_available,True,False,False,arab,4.00000,HBW,10,33.23000,68.64000,,36.08000,7.28000,5.00000,1.00000,33.23000,68.64000,0,35.41000,35.41000,14.81259,10-20,0.27209,car
3-28800004102-2,28800004102.00000,1,2,215,211,0.86103,81.88595,BUS,1,95.10281,33.00000,25-34,True,False,0.00000,0.00000,no_car_hh,True,False,False,arab,2.00000,HBW,3,25.84000,68.13000,,36.50000,12.48000,3.33000,0.00000,25.84000,68.13000,0,42.29000,42.29000,10.77743,10-20,1.41588,transit
3-28800004151-2,28800004151.00000,1,2,215,217,1.00000,19.37893,CAR,0,19.37893,20.00000,18-24,True,True,1.00000,2.00000,competition,True,False,False,arab,2.00000,HBW,10,49.24000,39.59000,,16.27000,8.66000,3.00000,0.00000,49.24000,39.59000,0,-9.65000,-9.65000,16.43011,10-20,0.33508,car
3-28800004151-2,28800004151.00000,2,2,215,217,1.00000,19.37893,CAR,0,19.37893,20.00000,18-24,True,True,1.00000,2.00000,competition,True,False,False,arab,2.00000,HBW,10,49.24000,39.59000,,16.27000,8.66000,3.00000,0.00000,49.24000,39.59000,0,-9.65000,-9.65000,16.43011,10-20,0.33508,car
3-28800004301-3,28800004301.00000,1,2,215,210,1.00000,168.96795,CAR,0,168.96795,22.00000,18-24,False,True,1.00000,2.00000,competition,True,False,False,arab,5.00000,HBW,10,34.03000,65.80000,,36.63000,12.27000,2.31000,0.00000,34.03000,65.80000,0,31.77000,31.77000,12.69525,10-20,2.92159,car
3-28800004301-3,28800004301.00000,2,2,215,211,1.00000,168.96795,CAR,0,168.96795,22.00000,18-24,False,True,1.00000,2.00000,competition,True,False,False,arab,5.00000,HBW,10,25.84000,68.13000,,36.50000,12.48000,3.33000,0.00000,25.84000,68.13000,0,42.29000,42.29000,10.77743,10-20,2.92159,car
3-28800004652-1,28800004652.00000,2,2,215,202,0.00000,0.00000,CAR,0,350.00000,46.00000,35-64,True,True,2.00000,2.00000,car_available,True,False,False,arab,2.00000,HBW,10,43.57000,79.01000,,45.51000,7.75000,5.00000,1.00000,43.57000,79.01000,0,35.44000,35.44000,19.70376,10-20,0.00000,car
3-28800005202-2,28800005202.00000,2,2,215,202,0.00000,0.00000,CAR,0,58.70055,23.00000,18-24,False,True,2.00000,2.00000,car_available,True,False,False,arab,2.00000,HBW,10,43.57000,79.01000,,45.51000,7.75000,5.00000,1.00000,43.57000,79.01000,0,35.44000,35.44000,19.70376,10-20,0.00000,car
3-28800005352-2,28800005352.00000,1,2,215,208,1.00000,323.15449,CAR,0,323.15449,28.00000,25-34,False,True,2.00000,2.00000,car_available,True,False,False,arab,2.00000,HBW,10,35.62000,70.95000,,39.72000,6.62000,5.00000,1.00000,35.62000,70.95000,0,35.33000,35.33000,16.20690,10-20,5.58761,car
3-28800005802-1,28800005802.00000,1,2,215,103,1.00000,350.00000,CAR,0,350.00000,49.00000,35-64,False,True,2.00000,2.00000,car_available,True,False,False,arab,5.00000,HBW,10,25.69000,49.57000,,24.49000,7.54000,5.00000,0.00000,25.69000,49.57000,0,23.88000,23.88000,8.91603,6-10,6.05179,car
3-28800005802-1,28800005802.00000,2,2,215,103,1.00000,350.00000,CAR,0,350.00000,49.00000,35-64,False,True,2.00000,2.00000,car_available,True,False,False,arab,5.00000,HBW,10,25.69000,49.57000,,24.49000,7.54000,5.00000,0.00000,25.69000,49.57000,0,23.88000,23.88000,8.91603,6-10,6.05179,car
3-29100013523-2,29100013523.00000,1,5,211,210,1.00000,135.72071,CAR,0,135.72071,29.00000,25-34,True,True,1.00000,2.00000,competition,True,False,False,general,3.00000,NHB,10,10.28000,36.08000,38.08000,4.28000,15.59000,0.31000,0.00000,10.28000,36.08000,1,25.80000,25.80000,2.37548,<3,2.34672,car
3-29100014563-1,29100014563.00000,1,3,102,211,0.24218,11.60322,CAR,0,47.91086,52.00000,35-64,False,True,1.00000,1.00000,car_available,True,False,False,general,1.00000,NHB,10,17.12000,32.89000,33.74000,13.84000,9.04000,0.49000,0.00000,17.12000,32.89000,1,15.77000,15.77000,5.85054,3-6,0.20063,car
3-29100017292-2,29100017292.00000,2,5,208,210,0.05375,4.67156,CAR,0,86.91035,65.00000,65+,False,True,2.00000,2.00000,car_available,True,False,False,general,2.00000,NHB,10,17.96000,32.65000,33.34000,12.41000,8.97000,1.16000,0.00000,17.96000,32.65000,1,14.69000,14.69000,4.64884,3-6,0.08078,car
3-29100017292-2,29100017292.00000,2,5,209,210,0.08044,6.99095,CAR,0,86.91035,65.00000,65+,False,True,2.00000,2.00000,car_available,True,False,False,general,2.00000,NHB,10,11.70000,24.43000,25.13000,6.36000,8.44000,0.59000,0.00000,11.70000,24.43000,1,12.73000,12.73000,2.72031,<3,0.12088,car
3-29100018723-2,29100018723.00000,2,3,104,209,0.04801,5.96022,RAIL,1,124.14267,44.00000,35-64,False,True,2.00000,2.00000,car_available,True,False,False,general,5.00000,NHB,7,17.57000,33.84000,33.84000,20.23000,5.30000,1.50000,0.00000,17.57000,33.84000,1,16.27000,16.27000,6.18558,6-10,0.10306,transit
3-29100018723-2,29100018723.00000,2,3,104,210,0.08508,10.56242,RAIL,1,124.14267,44.00000,35-64,False,True,2.00000,2.00000,car_available,True,False,False,general,5.00000,NHB,7,14.37000,34.00000,35.05000,12.46000,10.29000,0.47000,0.00000,14.37000,34.00000,1,19.63000,19.63000,5.07582,3-6,0.18263,transit
3-29100018723-2,29100018723.00000,2,3,304,209,0.03279,4.07040,RAIL,1,124.14267,44.00000,35-64,False,True,2.00000,2.00000,car_available,True,False,False,general,5.00000,NHB,7,16.57000,33.37000,33.37000,20.81000,4.14000,2.15000,0.00000,16.57000,33.37000,1,16.80000,16.80000,5.22219,3-6,0.07038,transit
3-29100018723-2,29100018723.00000,2,3,304,210,0.05811,7.21336,RAIL,1,124.14267,44.00000,35-64,False,True,2.00000,2.00000,car_available,True,False,False,general,5.00000,NHB,7,15.60000,33.79000,35.58000,13.04000,9.13000,1.25000,0.00000,15.60000,33.79000,1,18.19000,18.19000,4.60641,3-6,0.12472,transit
3-2950000001-1,2950000001.00000,1,2,102,101,1.00000,62.17262,BUS,1,62.17262,70.00000,65+,False,False,0.00000,0.00000,no_car_hh,False,False,False,general,1.00000,HBO,3,8.56000,14.70000,14.80000,5.02000,4.39000,0.45000,0.00000,8.56000,14.70000,1,6.14000,6.14000,1.12048,<3,1.07502,transit
3-2950000001-1,2950000001.00000,1,3,101,102,1.00000,62.17262,BUS,1,62.17262,70.00000,65+,False,False,0.00000,0.00000,no_car_hh,False,False,False,general,1.00000,NHB,3,9.43000,14.15000,16.32000,3.61000,4.93000,0.34000,0.00000,9.43000,14.15000,1,4.72000,4.72000,1.12048,<3,1.07502,transit
3-2950000209-1,2950000209.00000,1,3,102,101,1.00000,130.15003,CAR,0,130.15003,43.00000,35-64,True,True,2.00000,2.00000,car_available,True,False,False,general,5.00000,NHB,10,8.56000,14.70000,14.80000,5.02000,4.39000,0.45000,0.00000,8.56000,14.70000,1,6.14000,6.14000,1.12048,<3,2.25040,car
3-2950000209-1,2950000209.00000,2,2,102,101,1.00000,130.15003,CAR,0,130.15003,43.00000,35-64,True,True,2.00000,2.00000,car_available,True,False,False,general,5.00000,HBW,10,8.56000,14.70000,14.80000,5.02000,4.39000,0.45000,0.00000,8.56000,14.70000,1,6.14000,6.14000,1.12048,<3,2.25040,car
3-2950000209-2,2950000209.00000,1,2,102,101,1.00000,130.15003,CAR,0,130.15003,44.00000,35-64,False,True,2.00000,2.00000,car_available,True,False,False,general,5.00000,HBO,10,8.56000,14.70000,14.80000,5.02000,4.39000,0.45000,0.00000,8.56000,14.70000,1,6.14000,6.14000,1.12048,<3,2.25040,car
3-2950000209-2,2950000209.00000,1,3,101,210,0.65982,85.87596,CAR,0,130.15003,44.00000,35-64,False,True,2.00000,2.00000,car_available,True,False,False,general,5.00000,NHB,10,22.46000,42.62000,43.22000,21.84000,9.92000,0.47000,0.00000,22.46000,42.62000,1,20.16000,20.16000,9.07249,6-10,1.48487,car
3-2950000209-2,2950000209.00000,2,2,102,101,1.00000,130.15003,CAR,0,130.15003,44.00000,35-64,False,True,2.00000,2.00000,car_available,True,False,False,general,5.00000,HBO,10,8.56000,14.70000,14.80000,5.02000,4.39000,0.45000,0.00000,8.56000,14.70000,1,6.14000,6.14000,1.12048,<3,2.25040,car
3-2950000209-2,2950000209.00000,2,3,101,210,0.65982,85.87596,CAR,0,130.15003,44.00000,35-64,False,True,2.00000,2.00000,car_available,True,False,False,general,5.00000,NHB,10,22.46000,42.62000,43.22000,21.84000,9.92000,0.47000,0.00000,22.46000,42.62000,1,20.16000,20.16000,9.07249,6-10,1.48487,car
3-2950000209-3,2950000209.00000,1,2,102,104,1.00000,130.15003,BUS,1,130.15003,16.00000,0-17,True,False,2.00000,2.00000,no_licence,False,True,False,general,5.00000,HBE,5,12.62000,17.98000,18.30000,7.60000,4.80000,0.39000,0.00000,12.62000,17.98000,1,5.36000,5.36000,3.18021,3-6,2.25040,transit
3-2950000209-3,2950000209.00000,2,2,102,104,1.00000,130.15003,BUS,1,130.15003,16.00000,0-17,True,False,2.00000,2.00000,no_licence,False,True,False,general,5.00000,HBE,5,12.62000,17.98000,18.30000,7.60000,4.80000,0.39000,0.00000,12.62000,17.98000,1,5.36000,5.36000,3.18021,3-6,2.25040,transit
3-2950000209-4,2950000209.00000,1,2,102,103,1.00000,130.15003,BUS,1,130.15003,15.00000,0-17,False,False,2.00000,2.00000,no_licence,False,False,False,general,5.00000,HBE,3,8.56000,13.06000,15.65000,4.20000,4.10000,0.33000,0.00000,8.56000,13.06000,1,4.50000,4.50000,1.52665,<3,2.25040,transit
3-2950000209-4,2950000209.00000,2,2,102,103,1.00000,130.15003,BUS,1,130.15003,15.00000,0-17,False,False,2.00000,2.00000,no_licence,False,False,False,general,5.00000,HBE,3,8.56000,13.06000,15.65000,4.20000,4.10000,0.33000,0.00000,8.56000,13.06000,1,4.50000,4.50000,1.52665,<3,2.25040,transit
3-2950000209-5,2950000209.00000,1,2,102,101,1.00000,130.15003,CAR,0,130.15003,6.00000,0-17,True,False,2.00000,2.00000,no_licence,False,False,False,general,5.00000,HBE,11,8.56000,14.70000,14.80000,5.02000,4.39000,0.45000,0.00000,8.56000,14.70000,1,6.14000,6.14000,1.12048,<3,2.25040,car
3-2950000209-5,2950000209.00000,2,2,102,101,1.00000,130.15003,CAR,0,130.15003,6.00000,0-17,True,False,2.00000,2.00000,no_licence,False,False,False,general,5.00000,HBE,11,8.56000,14.70000,14.80000,5.02000,4.39000,0.45000,0.00000,8.56000,14.70000,1,6.14000,6.14000,1.12048,<3,2.25040,car
3-2950000311-3,2950000311.00000,1,2,102,104,1.00000,130.15003,BUS,1,130.15003,15.00000,0-17,True,False,3.00000,2.00000,no_licence,False,False,False,general,5.00000,HBE,5,12.62000,17.98000,18.30000,7.60000,4.80000,0.39000,0.00000,12.62000,17.98000,1,5.36000,5.36000,3.18021,3-6,2.25040,transit
3-2950000311-3,2950000311.00000,2,2,102,104,1.00000,130.15003,BUS,1,130.15003,15.00000,0-17,True,False,3.00000,2.00000,no_licence,False,False,False,general,5.00000,HBE,5,12.62000,17.98000,18.30000,7.60000,4.80000,0.39000,0.00000,12.62000,17.98000,1,5.36000,5.36000,3.18021,3-6,2.25040,transit
3-2950000722-1,2950000722.00000,1,3,103,104,0.98796,86.75237,CAR,0,87.80935,34.00000,25-34,True,True,1.00000,2.00000,competition,False,False,False,general,3.00000,NHB,10,7.44000,17.02000,16.07000,4.47000,5.91000,0.36000,0.00000,7.44000,16.07000,1,9.58000,8.63000,1.66098,<3,1.50002,car
3-2950000722-1,2950000722.00000,1,4,104,103,1.00000,87.80935,CAR,0,87.80935,34.00000,25-34,True,True,1.00000,2.00000,competition,False,False,False,general,3.00000,NHB,10,6.92000,15.99000,18.19000,4.07000,5.56000,0.40000,0.00000,6.92000,15.99000,1,9.07000,9.07000,1.66098,<3,1.51830,car
3-2950000722-2,2950000722.00000,2,2,103,210,0.98796,86.75237,CAR,0,87.80935,32.00000,25-34,False,True,1.00000,2.00000,competition,True,False,False,general,3.00000,HBW,11,22.24000,36.86000,36.60000,15.89000,9.94000,0.55000,0.00000,22.24000,36.60000,1,14.62000,14.36000,6.65618,6-10,1.50002,car
3-2950000825-1,,2,2,104,102,1.00000,87.20906,CAR,0,87.20906,,,,,,,,,,,,,NHB,10,13.37000,17.52000,19.21000,6.01000,5.30000,0.46000,0.00000,13.37000,17.52000,1,4.15000,4.15000,3.18021,3-6,1.50792,car
3-2950001137-1,2950001137.00000,1,2,103,303,0.98796,175.70134,CAR,0,177.84208,60.00000,35-64,True,False,0.00000,0.00000,no_car_hh,False,False,False,general,2.00000,HBO,10,9.11000,35.25000,,23.31000,4.21000,1.76000,0.00000,9.11000,35.25000,0,26.14000,26.14000,1.83675,<3,3.03802,car
3-2950001137-1,2950001137.00000,2,2,103,303,0.98796,175.70134,CAR,0,177.84208,60.00000,35-64,True,False,0.00000,0.00000,no_car_hh,False,False,False,general,2.00000,HBO,10,9.11000,35.25000,,23.31000,4.21000,1.76000,0.00000,9.11000,35.25000,0,26.14000,26.14000,1.83675,<3,3.03802,car
3-2950001856-3,2950001856.00000,1,2,103,104,0.98796,239.37215,CAR,0,242.28865,19.00000,18-24,True,True,2.00000,3.00000,competition,False,False,False,general,5.00000,HBE,10,7.44000,17.02000,16.07000,4.47000,5.91000,0.36000,0.00000,7.44000,16.07000,1,9.58000,8.63000,1.66098,<3,4.13894,car
3-2950001856-3,2950001856.00000,2,2,103,104,0.98796,239.37215,CAR,0,242.28865,19.00000,18-24,True,True,2.00000,3.00000,competition,False,False,False,general,5.00000,HBE,10,7.44000,17.02000,16.07000,4.47000,5.91000,0.36000,0.00000,7.44000,16.07000,1,9.58000,8.63000,1.66098,<3,4.13894,car
3-2950001858-2,2950001858.00000,1,2,103,217,0.98796,77.36295,CAR,0,78.30553,40.00000,35-64,False,True,1.00000,1.00000,car_available,True,False,False,general,4.00000,HBW,10,56.90000,50.77000,,26.12000,6.33000,6.00000,0.00000,56.90000,50.77000,0,-6.13000,-6.13000,25.16861,20+,1.33767,car
3-2950001858-2,2950001858.00000,2,2,103,217,0.98796,77.36295,CAR,0,78.30553,40.00000,35-64,False,True,1.00000,1.00000,car_available,True,False,False,general,4.00000,HBW,10,56.90000,50.77000,,26.12000,6.33000,6.00000,0.00000,56.90000,50.77000,0,-6.13000,-6.13000,25.16861,20+,1.33767,car
3-2950002167-2,2950002167.00000,1,2,104,102,0.12252,16.77290,CAR,0,136.90312,54.00000,35-64,True,True,1.00000,2.00000,competition,True,False,False,general,2.00000,HBO,10,13.37000,17.52000,19.21000,6.01000,5.30000,0.46000,0.00000,13.37000,17.52000,1,4.15000,4.15000,3.18021,3-6,0.29002,car
3-2950002167-2,2950002167.00000,2,2,104,103,0.75595,103.49258,CAR,0,136.90312,54.00000,35-64,True,True,1.00000,2.00000,competition,True,False,False,general,2.00000,HBW,10,6.92000,15.99000,18.19000,4.07000,5.56000,0.40000,0.00000,6.92000,15.99000,1,9.07000,9.07000,1.66098,<3,1.78947,car
3-2950002270-1,2950002270.00000,1,2,103,209,0.11206,15.33640,CAR,0,136.86012,29.00000,25-34,True,True,1.00000,2.00000,competition,True,False,False,general,3.00000,HBW,10,21.10000,37.39000,37.39000,21.48000,4.95000,3.00000,0.00000,21.10000,37.39000,1,16.29000,16.29000,7.43212,6-10,0.26518,car
3-2950002270-1,2950002270.00000,1,2,103,210,0.19859,27.17843,CAR,0,136.86012,29.00000,25-34,True,True,1.00000,2.00000,competition,True,False,False,general,3.00000,HBW,10,22.24000,36.86000,36.60000,15.89000,9.94000,0.55000,0.00000,22.24000,36.60000,1,14.62000,14.36000,6.65618,6-10,0.46994,car
3-2950002270-1,2950002270.00000,2,2,103,104,0.98796,135.21270,CAR,0,136.86012,29.00000,25-34,True,True,1.00000,2.00000,competition,True,False,False,general,3.00000,HBO,11,7.44000,17.02000,16.07000,4.47000,5.91000,0.36000,0.00000,7.44000,16.07000,1,9.58000,8.63000,1.66098,<3,2.33794,car
3-2950002270-1,2950002270.00000,2,3,104,206,1.00000,136.86012,CAR,0,136.86012,29.00000,25-34,True,True,1.00000,2.00000,competition,True,False,False,general,3.00000,NHB,11,32.40000,46.39000,46.39000,32.56000,5.42000,1.50000,0.00000,32.40000,46.39000,1,13.99000,13.99000,8.93118,6-10,2.36642,car
3-2950002270-2,2950002270.00000,1,3,104,209,0.10084,13.80102,BUS,1,136.86012,29.00000,25-34,False,True,1.00000,2.00000,competition,True,False,False,general,3.00000,NHB,5,17.57000,33.84000,33.84000,20.23000,5.30000,1.50000,0.00000,17.57000,33.84000,1,16.27000,16.27000,6.18558,6-10,0.23863,transit
3-2950002270-2,2950002270.00000,2,2,103,104,0.98796,135.21270,CAR,0,136.86012,29.00000,25-34,False,True,1.00000,2.00000,competition,True,False,False,general,3.00000,HBO,10,7.44000,17.02000,16.07000,4.47000,5.91000,0.36000,0.00000,7.44000,16.07000,1,9.58000,8.63000,1.66098,<3,2.33794,car
3-2950002270-2,2950002270.00000,2,3,104,206,1.00000,136.86012,CAR,0,136.86012,29.00000,25-34,False,True,1.00000,2.00000,competition,True,False,False,general,3.00000,NHB,10,32.40000,46.39000,46.39000,32.56000,5.42000,1.50000,0.00000,32.40000,46.39000,1,13.99000,13.99000,8.93118,6-10,2.36642,car
3-2950002270-3,2950002270.00000,2,2,103,104,0.98796,135.21270,CAR,0,136.86012,1.00000,0-17,False,False,1.00000,2.00000,no_licence,False,False,False,general,3.00000,HBE,11,7.44000,17.02000,16.07000,4.47000,5.91000,0.36000,0.00000,7.44000,16.07000,1,9.58000,8.63000,1.66098,<3,2.33794,car
3-2950002473-1,2950002473.00000,1,2,103,101,0.91000,161.95331,CAR,0,177.97096,40.00000,35-64,False,True,2.00000,2.00000,car_available,True,False,False,general,2.00000,HBW,10,13.12000,21.70000,18.55000,9.89000,5.50000,0.41000,0.00000,13.12000,18.55000,1,8.58000,5.43000,2.54428,<3,2.80031,car
3-2950002473-1,2950002473.00000,1,2,103,301,0.07796,13.87537,CAR,0,177.97096,40.00000,35-64,False,True,2.00000,2.00000,car_available,True,False,False,general,2.00000,HBW,10,11.51000,39.44000,,20.11000,7.36000,2.31000,0.00000,11.51000,39.44000,0,27.93000,27.93000,2.34100,<3,0.23992,car
3-2950002473-1,2950002473.00000,2,2,103,102,0.98796,175.82868,CAR,0,177.97096,40.00000,35-64,False,True,2.00000,2.00000,car_available,True,False,False,general,2.00000,HBO,10,7.47000,13.36000,14.44000,2.72000,4.95000,0.37000,0.00000,7.47000,13.36000,1,5.89000,5.89000,1.52665,<3,3.04022,car
3-2950002473-1,2950002473.00000,2,3,102,217,1.00000,177.97096,CAR,0,177.97096,40.00000,35-64,False,True,2.00000,2.00000,car_available,True,False,False,general,2.00000,NHB,10,50.77000,47.08000,,24.64000,5.22000,6.00000,0.00000,50.77000,47.08000,0,-3.69000,-3.69000,25.17819,20+,3.07726,car
3-2950002886-1,2950002886.00000,1,2,103,211,0.85066,220.37691,CAR,0,259.06544,77.00000,65+,False,True,1.00000,1.00000,car_available,False,False,False,general,2.00000,HBO,10,17.56000,32.91000,31.51000,11.61000,10.15000,0.50000,0.00000,17.56000,31.51000,1,15.35000,13.95000,4.32530,3-6,3.81050,car
3-2950002886-2,2950002886.00000,1,2,103,211,0.85066,220.37691,CAR,0,259.06544,69.00000,65+,True,False,1.00000,1.00000,no_licence,False,False,False,general,2.00000,HBO,11,17.56000,32.91000,31.51000,11.61000,10.15000,0.50000,0.00000,17.56000,31.51000,1,15.35000,13.95000,4.32530,3-6,3.81050,car
3-2950002887-2,2950002887.00000,1,2,103,104,0.98796,296.87122,BUS,1,300.48829,32.00000,25-34,True,True,1.00000,2.00000,competition,True,False,False,general,5.00000,HBW,5,7.44000,17.02000,16.07000,4.47000,5.91000,0.36000,0.00000,7.44000,16.07000,1,9.58000,8.63000,1.66098,<3,5.13315,transit
3-2950002887-2,2950002887.00000,2,2,103,104,0.98796,296.87122,BUS,1,300.48829,32.00000,25-34,True,True,1.00000,2.00000,competition,True,False,False,general,5.00000,HBW,5,7.44000,17.02000,16.07000,4.47000,5.91000,0.36000,0.00000,7.44000,16.07000,1,9.58000,8.63000,1.66098,<3,5.13315,transit
3-2950004121-1,2950004121.00000,1,2,103,102,0.98796,80.77165,CAR,0,81.75577,64.00000,35-64,False,True,1.00000,2.00000,competition,False,False,False,general,2.00000,HBO,11,7.47000,13.36000,14.44000,2.72000,4.95000,0.37000,0.00000,7.47000,13.36000,1,5.89000,5.89000,1.52665,<3,1.39661,car
3-2950004121-1,2950004121.00000,2,2,103,102,0.98796,80.77165,CAR,0,81.75577,64.00000,35-64,False,True,1.00000,2.00000,competition,False,False,False,general,2.00000,HBW,10,7.47000,13.36000,14.44000,2.72000,4.95000,0.37000,0.00000,7.47000,13.36000,1,5.89000,5.89000,1.52665,<3,1.39661,car
3-2950004639-2,2950004639.00000,1,4,103,102,0.12104,9.19722,CAR,0,75.98382,32.00000,25-34,True,True,1.00000,2.00000,competition,True,False,False,general,4.00000,NHB,10,7.47000,13.36000,14.44000,2.72000,4.95000,0.37000,0.00000,7.47000,13.36000,1,5.89000,5.89000,1.52665,<3,0.15903,car
3-2950004639-2,2950004639.00000,2,4,103,102,0.12104,9.19722,CAR,0,75.98382,32.00000,25-34,True,True,1.00000,2.00000,competition,True,False,False,general,4.00000,NHB,10,7.47000,13.36000,14.44000,2.72000,4.95000,0.37000,0.00000,7.47000,13.36000,1,5.89000,5.89000,1.52665,<3,0.15903,car
3-2950004842-1,2950004842.00000,1,2,103,209,0.11206,10.03011,CAR,0,89.50740,40.00000,35-64,False,True,2.00000,2.00000,car_available,True,False,False,general,6.00000,HBW,10,21.10000,37.39000,37.39000,21.48000,4.95000,3.00000,0.00000,21.10000,37.39000,1,16.29000,16.29000,7.43212,6-10,0.17343,car
3-2950004842-1,2950004842.00000,1,2,103,210,0.19859,17.77487,CAR,0,89.50740,40.00000,35-64,False,True,2.00000,2.00000,car_available,True,False,False,general,6.00000,HBW,10,22.24000,36.86000,36.60000,15.89000,9.94000,0.55000,0.00000,22.24000,36.60000,1,14.62000,14.36000,6.65618,6-10,0.30734,car
3-2950004842-1,2950004842.00000,2,2,103,209,0.11206,10.03011,CAR,0,89.50740,40.00000,35-64,False,True,2.00000,2.00000,car_available,True,False,False,general,6.00000,HBW,10,21.10000,37.39000,37.39000,21.48000,4.95000,3.00000,0.00000,21.10000,37.39000,1,16.29000,16.29000,7.43212,6-10,0.17343,car
3-2950004842-1,2950004842.00000,2,2,103,210,0.19859,17.77487,CAR,0,89.50740,40.00000,35-64,False,True,2.00000,2.00000,car_available,True,False,False,general,6.00000,HBW,10,22.24000,36.86000,36.60000,15.89000,9.94000,0.55000,0.00000,22.24000,36.60000,1,14.62000,14.36000,6.65618,6-10,0.30734,car
3-2950004842-2,2950004842.00000,1,2,103,214,0.00000,0.00000,CAR,0,89.50740,40.00000,35-64,True,True,2.00000,2.00000,car_available,True,False,False,general,6.00000,HBO,10,21.05000,65.22000,,32.78000,6.22000,10.00000,0.00000,21.05000,65.22000,0,44.17000,44.17000,5.91483,3-6,0.00000,car
3-2950004842-2,2950004842.00000,1,3,214,104,0.00000,0.00000,CAR,0,89.50740,40.00000,35-64,True,True,2.00000,2.00000,car_available,True,False,False,general,6.00000,NHB,10,18.08000,34.77000,,17.77000,6.35000,2.15000,0.00000,18.08000,34.77000,0,16.69000,16.69000,5.96041,3-6,0.00000,car
3-2950004842-2,2950004842.00000,1,3,214,304,0.00000,0.00000,CAR,0,89.50740,40.00000,35-64,True,True,2.00000,2.00000,car_available,True,False,False,general,6.00000,NHB,10,20.39000,62.44000,,33.73000,5.35000,5.00000,1.00000,20.39000,62.44000,0,42.05000,42.05000,7.20693,6-10,0.00000,car
3-2950004842-2,2950004842.00000,2,2,103,214,0.00000,0.00000,CAR,0,89.50740,40.00000,35-64,True,True,2.00000,2.00000,car_available,True,False,False,general,6.00000,HBO,10,21.05000,65.22000,,32.78000,6.22000,10.00000,0.00000,21.05000,65.22000,0,44.17000,44.17000,5.91483,3-6,0.00000,car
3-2950004842-2,2950004842.00000,2,3,214,104,0.00000,0.00000,CAR,0,89.50740,40.00000,35-64,True,True,2.00000,2.00000,car_available,True,False,False,general,6.00000,NHB,10,18.08000,34.77000,,17.77000,6.35000,2.15000,0.00000,18.08000,34.77000,0,16.69000,16.69000,5.96041,3-6,0.00000,car
3-2950004842-2,2950004842.00000,2,3,214,304,0.00000,0.00000,CAR,0,89.50740,40.00000,35-64,True,True,2.00000,2.00000,car_available,True,False,False,general,6.00000,NHB,10,20.39000,62.44000,,33.73000,5.35000,5.00000,1.00000,20.39000,62.44000,0,42.05000,42.05000,7.20693,6-10,0.00000,car
3-2950004842-3,2950004842.00000,1,2,103,214,0.00000,0.00000,CAR,0,89.50740,10.00000,0-17,True,False,2.00000,2.00000,no_licence,False,False,False,general,6.00000,HBE,11,21.05000,65.22000,,32.78000,6.22000,10.00000,0.00000,21.05000,65.22000,0,44.17000,44.17000,5.91483,3-6,0.00000,car
3-2950004842-3,2950004842.00000,2,2,103,214,0.00000,0.00000,CAR,0,89.50740,10.00000,0-17,True,False,2.00000,2.00000,no_licence,False,False,False,general,6.00000,HBE,11,21.05000,65.22000,,32.78000,6.22000,10.00000,0.00000,21.05000,65.22000,0,44.17000,44.17000,5.91483,3-6,0.00000,car
3-2950004842-4,2950004842.00000,1,2,103,214,0.00000,0.00000,CAR,0,89.50740,8.00000,0-17,False,False,2.00000,2.00000,no_licence,False,False,False,general,6.00000,HBE,11,21.05000,65.22000,,32.78000,6.22000,10.00000,0.00000,21.05000,65.22000,0,44.17000,44.17000,5.91483,3-6,0.00000,car
3-2950004842-4,2950004842.00000,2,2,103,214,0.00000,0.00000,CAR,0,89.50740,8.00000,0-17,False,False,2.00000,2.00000,no_licence,False,False,False,general,6.00000,HBE,11,21.05000,65.22000,,32.78000,6.22000,10.00000,0.00000,21.05000,65.22000,0,44.17000,44.17000,5.91483,3-6,0.00000,car
3-2950004842-5,2950004842.00000,1,2,103,214,0.00000,0.00000,CAR,0,89.50740,6.00000,0-17,False,False,2.00000,2.00000,no_licence,False,False,False,general,6.00000,HBE,11,21.05000,65.22000,,32.78000,6.22000,10.00000,0.00000,21.05000,65.22000,0,44.17000,44.17000,5.91483,3-6,0.00000,car
3-2950004842-5,2950004842.00000,2,2,103,214,0.00000,0.00000,CAR,0,89.50740,6.00000,0-17,False,False,2.00000,2.00000,no_licence,False,False,False,general,6.00000,HBE,11,21.05000,65.22000,,32.78000,6.22000,10.00000,0.00000,21.05000,65.22000,0,44.17000,44.17000,5.91483,3-6,0.00000,car
3-2950004842-6,2950004842.00000,1,2,103,214,0.00000,0.00000,CAR,0,89.50740,3.00000,0-17,True,False,2.00000,2.00000,no_licence,False,False,False,general,6.00000,HBE,11,21.05000,65.22000,,32.78000,6.22000,10.00000,0.00000,21.05000,65.22000,0,44.17000,44.17000,5.91483,3-6,0.00000,car
3-2950004842-6,2950004842.00000,2,2,103,214,0.00000,0.00000,CAR,0,89.50740,3.00000,0-17,True,False,2.00000,2.00000,no_licence,False,False,False,general,6.00000,HBE,11,21.05000,65.22000,,32.78000,6.22000,10.00000,0.00000,21.05000,65.22000,0,44.17000,44.17000,5.91483,3-6,0.00000,car
3-2950005151-1,2950005151.00000,1,2,104,208,1.00000,106.62734,BUS,1,106.62734,79.00000,65+,True,False,0.00000,0.00000,no_car_hh,False,False,False,general,1.00000,HBO,5,33.01000,37.24000,37.24000,24.96000,4.64000,1.50000,0.00000,33.01000,37.24000,1,4.23000,4.23000,7.22264,6-10,1.84367,transit
3-2950005255-1,2950005255.00000,1,2,103,104,0.98796,95.50374,CAR,0,96.66735,44.00000,35-64,False,True,2.00000,2.00000,car_available,True,False,False,general,5.00000,HBO,10,7.44000,17.02000,16.07000,4.47000,5.91000,0.36000,0.00000,7.44000,16.07000,1,9.58000,8.63000,1.66098,<3,1.65134,car
3-2950005255-1,2950005255.00000,2,2,103,102,0.98796,95.50374,CAR,0,96.66735,44.00000,35-64,False,True,2.00000,2.00000,car_available,True,False,False,general,5.00000,HBW,10,7.47000,13.36000,14.44000,2.72000,4.95000,0.37000,0.00000,7.47000,13.36000,1,5.89000,5.89000,1.52665,<3,1.65134,car
3-2950005255-2,2950005255.00000,1,2,103,104,0.98796,95.50374,CAR,0,96.66735,41.00000,35-64,True,True,2.00000,2.00000,car_available,True,False,False,general,5.00000,HBO,10,7.44000,17.02000,16.07000,4.47000,5.91000,0.36000,0.00000,7.44000,16.07000,1,9.58000,8.63000,1.66098,<3,1.65134,car
3-2950005255-2,2950005255.00000,1,3,104,212,1.00000,96.66735,CAR,0,96.66735,41.00000,35-64,True,True,2.00000,2.00000,car_available,True,False,False,general,5.00000,NHB,10,6.79000,17.79000,19.00000,5.83000,5.62000,0.36000,0.00000,6.79000,17.79000,1,11.00000,11.00000,1.61683,<3,1.67146,car
3-2950005255-2,2950005255.00000,1,4,212,104,0.50237,48.56314,CAR,0,96.66735,41.00000,35-64,True,True,2.00000,2.00000,car_available,True,False,False,general,5.00000,NHB,10,9.77000,20.24000,19.95000,2.50000,8.46000,0.41000,0.00000,9.77000,19.95000,1,10.47000,10.18000,1.61683,<3,0.83970,car
3-2950005255-2,2950005255.00000,1,4,212,304,0.31852,30.79003,CAR,0,96.66735,41.00000,35-64,True,True,2.00000,2.00000,car_available,True,False,False,general,5.00000,NHB,10,10.20000,30.04000,69.15000,12.38000,7.46000,1.36000,0.00000,10.20000,30.04000,1,19.84000,19.84000,1.82010,<3,0.53238,car
3-2950005255-2,2950005255.00000,2,2,103,104,0.98796,95.50374,CAR,0,96.66735,41.00000,35-64,True,True,2.00000,2.00000,car_available,True,False,False,general,5.00000,HBO,10,7.44000,17.02000,16.07000,4.47000,5.91000,0.36000,0.00000,7.44000,16.07000,1,9.58000,8.63000,1.66098,<3,1.65134,car
3-2950005255-2,2950005255.00000,2,3,104,212,1.00000,96.66735,CAR,0,96.66735,41.00000,35-64,True,True,2.00000,2.00000,car_available,True,False,False,general,5.00000,NHB,10,6.79000,17.79000,19.00000,5.83000,5.62000,0.36000,0.00000,6.79000,17.79000,1,11.00000,11.00000,1.61683,<3,1.67146,car
3-2950005255-2,2950005255.00000,2,4,212,103,1.00000,96.66735,CAR,0,96.66735,41.00000,35-64,True,True,2.00000,2.00000,car_available,True,False,False,general,5.00000,HBO,10,11.61000,22.47000,23.61000,5.92000,7.76000,0.51000,0.00000,11.61000,22.47000,1,10.86000,10.86000,3.27574,3-6,1.67146,car
3-2950005255-3,2950005255.00000,1,2,103,104,0.98796,95.50374,CAR,0,96.66735,12.00000,0-17,True,False,2.00000,2.00000,no_licence,False,False,False,general,5.00000,HBE,11,7.44000,17.02000,16.07000,4.47000,5.91000,0.36000,0.00000,7.44000,16.07000,1,9.58000,8.63000,1.66098,<3,1.65134,car
3-2950005255-3,2950005255.00000,2,2,103,104,0.98796,95.50374,CAR,0,96.66735,12.00000,0-17,True,False,2.00000,2.00000,no_licence,False,False,False,general,5.00000,HBO,11,7.44000,17.02000,16.07000,4.47000,5.91000,0.36000,0.00000,7.44000,16.07000,1,9.58000,8.63000,1.66098,<3,1.65134,car
3-2950005255-4,2950005255.00000,1,2,103,104,0.98796,95.50374,CAR,0,96.66735,7.00000,0-17,False,False,2.00000,2.00000,no_licence,False,False,False,general,5.00000,HBE,11,7.44000,17.02000,16.07000,4.47000,5.91000,0.36000,0.00000,7.44000,16.07000,1,9.58000,8.63000,1.66098,<3,1.65134,car
3-2950005255-4,2950005255.00000,2,2,103,104,0.98796,95.50374,CAR,0,96.66735,7.00000,0-17,False,False,2.00000,2.00000,no_licence,False,False,False,general,5.00000,HBE,11,7.44000,17.02000,16.07000,4.47000,5.91000,0.36000,0.00000,7.44000,16.07000,1,9.58000,8.63000,1.66098,<3,1.65134,car
3-2950005255-5,2950005255.00000,1,2,103,104,0.98796,95.50374,CAR,0,96.66735,2.00000,0-17,False,False,2.00000,2.00000,no_licence,False,False,False,general,5.00000,HBO,11,7.44000,17.02000,16.07000,4.47000,5.91000,0.36000,0.00000,7.44000,16.07000,1,9.58000,8.63000,1.66098,<3,1.65134,car
3-2950005255-5,2950005255.00000,1,3,104,212,1.00000,96.66735,CAR,0,96.66735,2.00000,0-17,False,False,2.00000,2.00000,no_licence,False,False,False,general,5.00000,NHB,11,6.79000,17.79000,19.00000,5.83000,5.62000,0.36000,0.00000,6.79000,17.79000,1,11.00000,11.00000,1.61683,<3,1.67146,car
3-2950005255-5,2950005255.00000,1,4,212,103,1.00000,96.66735,CAR,0,96.66735,2.00000,0-17,False,False,2.00000,2.00000,no_licence,False,False,False,general,5.00000,HBE,11,11.61000,22.47000,23.61000,5.92000,7.76000,0.51000,0.00000,11.61000,22.47000,1,10.86000,10.86000,3.27574,3-6,1.67146,car
3-2950005255-5,2950005255.00000,2,2,103,104,0.98796,95.50374,CAR,0,96.66735,2.00000,0-17,False,False,2.00000,2.00000,no_licence,False,False,False,general,5.00000,HBO,11,7.44000,17.02000,16.07000,4.47000,5.91000,0.36000,0.00000,7.44000,16.07000,1,9.58000,8.63000,1.66098,<3,1.65134,car
3-2950005255-5,2950005255.00000,2,3,104,212,1.00000,96.66735,CAR,0,96.66735,2.00000,0-17,False,False,2.00000,2.00000,no_licence,False,False,False,general,5.00000,NHB,11,6.79000,17.79000,19.00000,5.83000,5.62000,0.36000,0.00000,6.79000,17.79000,1,11.00000,11.00000,1.61683,<3,1.67146,car
3-2950005357-1,2950005357.00000,1,2,103,212,0.98796,231.16079,BUS,1,233.97724,44.00000,35-64,False,False,1.00000,1.00000,no_licence,True,False,False,general,5.00000,HBW,3,12.79000,21.85000,20.55000,10.40000,5.27000,0.46000,0.00000,12.79000,20.55000,1,9.06000,7.76000,3.27574,3-6,3.99696,transit
3-2950005357-1,2950005357.00000,2,2,103,212,0.98796,231.16079,BUS,1,233.97724,44.00000,35-64,False,False,1.00000,1.00000,no_licence,True,False,False,general,5.00000,HBW,3,12.79000,21.85000,20.55000,10.40000,5.27000,0.46000,0.00000,12.79000,20.55000,1,9.06000,7.76000,3.27574,3-6,3.99696,transit
3-2950005357-2,2950005357.00000,1,2,103,104,0.98796,231.16079,CAR,0,233.97724,45.00000,35-64,True,True,1.00000,1.00000,car_available,True,False,False,general,5.00000,HBO,10,7.44000,17.02000,16.07000,4.47000,5.91000,0.36000,0.00000,7.44000,16.07000,1,9.58000,8.63000,1.66098,<3,3.99696,car
3-2950005357-2,2950005357.00000,1,3,104,208,1.00000,233.97724,CAR,0,233.97724,45.00000,35-64,True,True,1.00000,1.00000,car_available,True,False,False,general,5.00000,NHB,10,33.01000,37.24000,37.24000,24.96000,4.64000,1.50000,0.00000,33.01000,37.24000,1,4.23000,4.23000,7.22264,6-10,4.04566,car
3-2950005357-2,2950005357.00000,2,2,103,104,0.98796,231.16079,CAR,0,233.97724,45.00000,35-64,True,True,1.00000,1.00000,car_available,True,False,False,general,5.00000,HBO,10,7.44000,17.02000,16.07000,4.47000,5.91000,0.36000,0.00000,7.44000,16.07000,1,9.58000,8.63000,1.66098,<3,3.99696,car
3-2950005357-5,2950005357.00000,1,2,103,104,0.98796,231.16079,CAR,0,233.97724,3.00000,0-17,False,False,1.00000,1.00000,no_licence,False,False,False,general,5.00000,HBE,11,7.44000,17.02000,16.07000,4.47000,5.91000,0.36000,0.00000,7.44000,16.07000,1,9.58000,8.63000,1.66098,<3,3.99696,car
3-2950005357-5,2950005357.00000,2,2,103,104,0.98796,231.16079,CAR,0,233.97724,3.00000,0-17,False,False,1.00000,1.00000,no_licence,False,False,False,general,5.00000,HBE,11,7.44000,17.02000,16.07000,4.47000,5.91000,0.36000,0.00000,7.44000,16.07000,1,9.58000,8.63000,1.66098,<3,3.99696,car
3-2950005461-1,2950005461.00000,1,2,103,101,0.91000,189.49469,BUS,1,208.23627,41.00000,35-64,True,False,0.00000,0.00000,no_car_hh,True,False,False,general,3.00000,HBW,5,13.12000,21.70000,18.55000,9.89000,5.50000,0.41000,0.00000,13.12000,18.55000,1,8.58000,5.43000,2.54428,<3,3.27652,transit
3-2950005461-1,2950005461.00000,1,2,103,301,0.07796,16.23498,BUS,1,208.23627,41.00000,35-64,True,False,0.00000,0.00000,no_car_hh,True,False,False,general,3.00000,HBW,5,11.51000,39.44000,,20.11000,7.36000,2.31000,0.00000,11.51000,39.44000,0,27.93000,27.93000,2.34100,<3,0.28072,transit
3-2950005461-1,2950005461.00000,2,2,103,101,0.91000,189.49469,BUS,1,208.23627,41.00000,35-64,True,False,0.00000,0.00000,no_car_hh,True,False,False,general,3.00000,HBW,5,13.12000,21.70000,18.55000,9.89000,5.50000,0.41000,0.00000,13.12000,18.55000,1,8.58000,5.43000,2.54428,<3,3.27652,transit
3-2950005461-1,2950005461.00000,2,2,103,301,0.07796,16.23498,BUS,1,208.23627,41.00000,35-64,True,False,0.00000,0.00000,no_car_hh,True,False,False,general,3.00000,HBW,5,11.51000,39.44000,,20.11000,7.36000,2.31000,0.00000,11.51000,39.44000,0,27.93000,27.93000,2.34100,<3,0.28072,transit
3-2950006285-6,2950006285.00000,1,2,104,211,0.86103,192.18955,CAR,0,223.21003,42.00000,35-64,True,True,2.00000,2.00000,car_available,False,True,False,general,5.00000,HBO,10,12.76000,28.91000,29.96000,7.03000,10.50000,0.44000,0.00000,12.76000,28.91000,1,16.15000,16.15000,2.71063,<3,3.32311,car
3-2950006285-7,2950006285.00000,2,5,104,210,0.65982,147.27908,CAR,0,223.21003,50.00000,35-64,False,True,2.00000,2.00000,car_available,False,False,False,general,5.00000,NHB,10,14.37000,34.00000,35.05000,12.46000,10.29000,0.47000,0.00000,14.37000,34.00000,1,19.63000,19.63000,5.07582,3-6,2.54658,car
3-2950006594-1,2950006594.00000,2,2,104,103,1.00000,130.23582,BUS,1,130.23582,63.00000,35-64,True,True,2.00000,2.00000,car_available,False,False,False,general,2.00000,HBO,3,6.92000,15.99000,18.19000,4.07000,5.56000,0.40000,0.00000,6.92000,15.99000,1,9.07000,9.07000,1.66098,<3,2.25188,transit
3-2950006594-2,2950006594.00000,1,2,104,206,1.00000,130.23582,CAR,0,130.23582,63.00000,35-64,False,True,2.00000,2.00000,car_available,True,False,False,general,2.00000,HBO,10,32.40000,46.39000,46.39000,32.56000,5.42000,1.50000,0.00000,32.40000,46.39000,1,13.99000,13.99000,8.93118,6-10,2.25188,car
3-2950007006-1,2950007006.00000,1,2,104,103,1.00000,117.83583,CAR,0,117.83583,35.00000,35-64,True,True,2.00000,2.00000,car_available,True,False,False,general,3.00000,HBW,10,6.92000,15.99000,18.19000,4.07000,5.56000,0.40000,0.00000,6.92000,15.99000,1,9.07000,9.07000,1.66098,<3,2.03748,car
3-2950007006-1,2950007006.00000,2,2,104,103,1.00000,117.83583,CAR,0,117.83583,35.00000,35-64,True,True,2.00000,2.00000,car_available,True,False,False,general,3.00000,HBW,10,6.92000,15.99000,18.19000,4.07000,5.56000,0.40000,0.00000,6.92000,15.99000,1,9.07000,9.07000,1.66098,<3,2.03748,car
3-2950007006-2,2950007006.00000,1,2,104,210,0.65982,77.75077,CAR,0,117.83583,35.00000,35-64,False,True,2.00000,2.00000,car_available,True,False,False,general,3.00000,HBW,10,14.37000,34.00000,35.05000,12.46000,10.29000,0.47000,0.00000,14.37000,34.00000,1,19.63000,19.63000,5.07582,3-6,1.34437,car
3-2950007006-2,2950007006.00000,2,2,104,210,0.65982,77.75077,CAR,0,117.83583,35.00000,35-64,False,True,2.00000,2.00000,car_available,True,False,False,general,3.00000,HBW,10,14.37000,34.00000,35.05000,12.46000,10.29000,0.47000,0.00000,14.37000,34.00000,1,19.63000,19.63000,5.07582,3-6,1.34437,car
3-2950007108-1,2950007108.00000,2,3,208,104,1.00000,130.23582,CAR,0,130.23582,56.00000,35-64,False,True,1.00000,2.00000,competition,True,False,False,general,2.00000,HBW,10,18.63000,35.89000,35.89000,23.02000,4.94000,1.50000,0.00000,18.63000,35.89000,1,17.26000,17.26000,7.22264,6-10,2.25188,car
3-2950007521-2,2950007521.00000,1,2,104,201,1.00000,182.26447,BUS,1,182.26447,38.00000,35-64,True,False,0.00000,0.00000,no_car_hh,True,True,False,general,3.00000,HBW,5,29.33000,63.12000,,31.79000,6.67000,5.00000,1.00000,29.33000,63.12000,0,33.79000,33.79000,12.11054,10-20,3.15150,transit
3-2950007521-2,2950007521.00000,2,2,104,201,1.00000,182.26447,BUS,1,182.26447,38.00000,35-64,True,False,0.00000,0.00000,no_car_hh,True,True,False,general,3.00000,HBW,5,29.33000,63.12000,,31.79000,6.67000,5.00000,1.00000,29.33000,63.12000,0,33.79000,33.79000,12.11054,10-20,3.15150,transit
3-2950007832-1,2950007832.00000,1,2,104,206,0.95646,115.77095,CAR,0,121.04119,32.00000,25-34,True,True,1.00000,2.00000,competition,True,False,False,general,4.00000,HBO,11,32.40000,46.39000,46.39000,32.56000,5.42000,1.50000,0.00000,32.40000,46.39000,1,13.99000,13.99000,8.93118,6-10,2.00177,car
3-2950007832-1,2950007832.00000,1,3,206,202,0.76688,92.82360,CAR,0,121.04119,32.00000,25-34,True,True,1.00000,2.00000,competition,True,False,False,general,4.00000,NHB,11,17.68000,27.41000,29.57000,16.59000,4.44000,0.97000,0.00000,17.68000,27.41000,1,9.73000,9.73000,4.80980,3-6,1.60500,car
3-2950007832-1,2950007832.00000,2,2,104,210,1.00000,121.04119,CAR,0,121.04119,32.00000,25-34,True,True,1.00000,2.00000,competition,True,False,False,general,4.00000,HBO,11,14.37000,34.00000,35.05000,12.46000,10.29000,0.47000,0.00000,14.37000,34.00000,1,19.63000,19.63000,5.07582,3-6,2.09290,car
3-2950007832-1,2950007832.00000,2,3,210,206,0.95646,115.77095,CAR,0,121.04119,32.00000,25-34,True,True,1.00000,2.00000,competition,True,False,False,general,4.00000,NHB,11,20.07000,37.45000,38.95000,20.06000,7.94000,0.75000,0.00000,20.07000,37.45000,1,17.38000,17.38000,6.74928,6-10,2.00177,car
3-2950007832-1,2950007832.00000,2,4,206,202,0.76688,92.82360,CAR,0,121.04119,32.00000,25-34,True,True,1.00000,2.00000,competition,True,False,False,general,4.00000,NHB,11,17.68000,27.41000,29.57000,16.59000,4.44000,0.97000,0.00000,17.68000,27.41000,1,9.73000,9.73000,4.80980,3-6,1.60500,car
3-2950007832-2,2950007832.00000,1,2,104,206,0.95646,115.77095,CAR,0,121.04119,34.00000,25-34,False,True,1.00000,2.00000,competition,True,False,False,general,4.00000,HBO,10,32.40000,46.39000,46.39000,32.56000,5.42000,1.50000,0.00000,32.40000,46.39000,1,13.99000,13.99000,8.93118,6-10,2.00177,car
3-2950007832-2,2950007832.00000,1,3,206,202,0.76688,92.82360,CAR,0,121.04119,34.00000,25-34,False,True,1.00000,2.00000,competition,True,False,False,general,4.00000,NHB,10,17.68000,27.41000,29.57000,16.59000,4.44000,0.97000,0.00000,17.68000,27.41000,1,9.73000,9.73000,4.80980,3-6,1.60500,car
3-2950007832-2,2950007832.00000,2,2,104,210,1.00000,121.04119,CAR,0,121.04119,34.00000,25-34,False,True,1.00000,2.00000,competition,True,False,False,general,4.00000,HBO,10,14.37000,34.00000,35.05000,12.46000,10.29000,0.47000,0.00000,14.37000,34.00000,1,19.63000,19.63000,5.07582,3-6,2.09290,car
3-2950007832-2,2950007832.00000,2,3,210,206,0.95646,115.77095,CAR,0,121.04119,34.00000,25-34,False,True,1.00000,2.00000,competition,True,False,False,general,4.00000,NHB,10,20.07000,37.45000,38.95000,20.06000,7.94000,0.75000,0.00000,20.07000,37.45000,1,17.38000,17.38000,6.74928,6-10,2.00177,car
3-2950007832-2,2950007832.00000,2,4,206,202,0.76688,92.82360,CAR,0,121.04119,34.00000,25-34,False,True,1.00000,2.00000,competition,True,False,False,general,4.00000,NHB,10,17.68000,27.41000,29.57000,16.59000,4.44000,0.97000,0.00000,17.68000,27.41000,1,9.73000,9.73000,4.80980,3-6,1.60500,car
3-2950007832-3,2950007832.00000,1,2,104,206,0.95646,115.77095,CAR,0,121.04119,4.00000,0-17,False,False,1.00000,2.00000,no_licence,False,False,False,general,4.00000,HBO,11,32.40000,46.39000,46.39000,32.56000,5.42000,1.50000,0.00000,32.40000,46.39000,1,13.99000,13.99000,8.93118,6-10,2.00177,car
3-2950007832-3,2950007832.00000,1,3,206,202,0.76688,92.82360,CAR,0,121.04119,4.00000,0-17,False,False,1.00000,2.00000,no_licence,False,False,False,general,4.00000,NHB,11,17.68000,27.41000,29.57000,16.59000,4.44000,0.97000,0.00000,17.68000,27.41000,1,9.73000,9.73000,4.80980,3-6,1.60500,car
3-2950007832-3,2950007832.00000,2,2,104,210,1.00000,121.04119,CAR,0,121.04119,4.00000,0-17,False,False,1.00000,2.00000,no_licence,False,False,False,general,4.00000,HBO,11,14.37000,34.00000,35.05000,12.46000,10.29000,0.47000,0.00000,14.37000,34.00000,1,19.63000,19.63000,5.07582,3-6,2.09290,car
3-2950007832-3,2950007832.00000,2,3,210,206,0.95646,115.77095,CAR,0,121.04119,4.00000,0-17,False,False,1.00000,2.00000,no_licence,False,False,False,general,4.00000,NHB,11,20.07000,37.45000,38.95000,20.06000,7.94000,0.75000,0.00000,20.07000,37.45000,1,17.38000,17.38000,6.74928,6-10,2.00177,car
3-2950007832-3,2950007832.00000,2,4,206,202,0.76688,92.82360,CAR,0,121.04119,4.00000,0-17,False,False,1.00000,2.00000,no_licence,False,False,False,general,4.00000,NHB,11,17.68000,27.41000,29.57000,16.59000,4.44000,0.97000,0.00000,17.68000,27.41000,1,9.73000,9.73000,4.80980,3-6,1.60500,car
3-2950007832-4,2950007832.00000,1,2,104,206,0.95646,115.77095,CAR,0,121.04119,1.00000,0-17,False,False,1.00000,2.00000,no_licence,False,False,False,general,4.00000,HBE,11,32.40000,46.39000,46.39000,32.56000,5.42000,1.50000,0.00000,32.40000,46.39000,1,13.99000,13.99000,8.93118,6-10,2.00177,car
3-2950007832-4,2950007832.00000,2,2,104,210,1.00000,121.04119,CAR,0,121.04119,1.00000,0-17,False,False,1.00000,2.00000,no_licence,False,False,False,general,4.00000,HBO,11,14.37000,34.00000,35.05000,12.46000,10.29000,0.47000,0.00000,14.37000,34.00000,1,19.63000,19.63000,5.07582,3-6,2.09290,car
3-2950007832-4,2950007832.00000,2,3,210,206,0.95646,115.77095,CAR,0,121.04119,1.00000,0-17,False,False,1.00000,2.00000,no_licence,False,False,False,general,4.00000,NHB,11,20.07000,37.45000,38.95000,20.06000,7.94000,0.75000,0.00000,20.07000,37.45000,1,17.38000,17.38000,6.74928,6-10,2.00177,car
3-2950008035-1,2950008035.00000,2,3,102,213,1.00000,304.48206,CAR,0,304.48206,49.00000,35-64,True,True,1.00000,3.00000,competition,True,False,False,general,5.00000,NHB,10,14.07000,56.38000,,26.96000,4.71000,10.00000,0.00000,14.07000,56.38000,0,42.31000,42.31000,3.98973,3-6,5.26474,car
3-2950008035-2,2950008035.00000,2,2,102,209,0.66551,202.63440,CAR,0,304.48206,52.00000,35-64,False,True,1.00000,3.00000,competition,True,False,False,general,5.00000,HBW,11,22.46000,39.62000,39.62000,25.93000,3.85000,3.00000,0.00000,22.46000,39.62000,1,17.16000,17.16000,8.79730,6-10,3.50372,car
3-2950008242-1,2950008242.00000,1,3,102,101,1.00000,70.57709,CAR,0,70.57709,28.00000,25-34,True,True,1.00000,2.00000,competition,True,False,False,general,4.00000,NHB,10,8.56000,14.70000,14.80000,5.02000,4.39000,0.45000,0.00000,8.56000,14.70000,1,6.14000,6.14000,1.12048,<3,1.22034,car
3-2950008242-1,2950008242.00000,1,5,101,103,0.36213,25.55808,CAR,0,70.57709,28.00000,25-34,True,True,1.00000,2.00000,competition,True,False,False,general,4.00000,NHB,10,10.87000,19.13000,21.28000,8.05000,5.19000,0.35000,0.00000,10.87000,19.13000,1,8.26000,8.26000,2.54428,<3,0.44192,car
3-2950008242-1,2950008242.00000,1,5,101,104,0.53249,37.58154,CAR,0,70.57709,28.00000,25-34,True,True,1.00000,2.00000,competition,True,False,False,general,4.00000,NHB,10,13.28000,23.19000,23.93000,10.59000,5.89000,0.41000,0.00000,13.28000,23.19000,1,9.91000,9.91000,4.20004,3-6,0.64982,car
3-2950008242-1,2950008242.00000,2,2,102,101,1.00000,70.57709,CAR,0,70.57709,28.00000,25-34,True,True,1.00000,2.00000,competition,True,False,False,general,4.00000,HBO,10,8.56000,14.70000,14.80000,5.02000,4.39000,0.45000,0.00000,8.56000,14.70000,1,6.14000,6.14000,1.12048,<3,1.22034,car
3-2950008242-1,2950008242.00000,2,3,101,102,1.00000,70.57709,CAR,0,70.57709,28.00000,25-34,True,True,1.00000,2.00000,competition,True,False,False,general,4.00000,NHB,10,9.43000,14.15000,16.32000,3.61000,4.93000,0.34000,0.00000,9.43000,14.15000,1,4.72000,4.72000,1.12048,<3,1.22034,car
3-2950008242-1,2950008242.00000,2,4,102,103,0.36213,25.55808,CAR,0,70.57709,28.00000,25-34,True,True,1.00000,2.00000,competition,True,False,False,general,4.00000,NHB,10,8.56000,13.06000,15.65000,4.20000,4.10000,0.33000,0.00000,8.56000,13.06000,1,4.50000,4.50000,1.52665,<3,0.44192,car
3-2950008242-1,2950008242.00000,2,4,102,104,0.53249,37.58154,CAR,0,70.57709,28.00000,25-34,True,True,1.00000,2.00000,competition,True,False,False,general,4.00000,NHB,10,12.62000,17.98000,18.30000,7.60000,4.80000,0.39000,0.00000,12.62000,17.98000,1,5.36000,5.36000,3.18021,3-6,0.64982,car
3-2950008242-4,2950008242.00000,1,3,102,101,1.00000,70.57709,CAR,0,70.57709,1.00000,0-17,True,False,1.00000,2.00000,no_licence,False,False,False,general,4.00000,NHB,11,8.56000,14.70000,14.80000,5.02000,4.39000,0.45000,0.00000,8.56000,14.70000,1,6.14000,6.14000,1.12048,<3,1.22034,car
3-2950008242-4,2950008242.00000,2,2,102,101,1.00000,70.57709,CAR,0,70.57709,1.00000,0-17,True,False,1.00000,2.00000,no_licence,False,False,False,general,4.00000,HBE,11,8.56000,14.70000,14.80000,5.02000,4.39000,0.45000,0.00000,8.56000,14.70000,1,6.14000,6.14000,1.12048,<3,1.22034,car
3-2950008447-1,2950008447.00000,1,2,102,211,1.00000,77.08210,CAR,0,77.08210,46.00000,35-64,False,True,2.00000,3.00000,competition,True,False,False,general,5.00000,HBW,10,17.12000,32.89000,33.74000,13.84000,9.04000,0.49000,0.00000,17.12000,32.89000,1,15.77000,15.77000,5.85054,3-6,1.33281,car
3-2950008447-1,2950008447.00000,2,2,102,211,1.00000,77.08210,CAR,0,77.08210,46.00000,35-64,False,True,2.00000,3.00000,competition,True,False,False,general,5.00000,HBW,10,17.12000,32.89000,33.74000,13.84000,9.04000,0.49000,0.00000,17.12000,32.89000,1,15.77000,15.77000,5.85054,3-6,1.33281,car
3-2950008447-2,2950008447.00000,1,2,102,103,0.36213,27.91374,CAR,0,77.08210,47.00000,35-64,True,True,2.00000,3.00000,competition,True,False,False,general,5.00000,HBW,10,8.56000,13.06000,15.65000,4.20000,4.10000,0.33000,0.00000,8.56000,13.06000,1,4.50000,4.50000,1.52665,<3,0.48265,car
3-2950008447-2,2950008447.00000,1,2,102,104,0.53249,41.04539,CAR,0,77.08210,47.00000,35-64,True,True,2.00000,3.00000,competition,True,False,False,general,5.00000,HBW,10,12.62000,17.98000,18.30000,7.60000,4.80000,0.39000,0.00000,12.62000,17.98000,1,5.36000,5.36000,3.18021,3-6,0.70971,car
3-2950008447-2,2950008447.00000,2,2,102,103,0.36213,27.91374,CAR,0,77.08210,47.00000,35-64,True,True,2.00000,3.00000,competition,True,False,False,general,5.00000,HBW,10,8.56000,13.06000,15.65000,4.20000,4.10000,0.33000,0.00000,8.56000,13.06000,1,4.50000,4.50000,1.52665,<3,0.48265,car
3-2950008447-2,2950008447.00000,2,2,102,104,0.53249,41.04539,CAR,0,77.08210,47.00000,35-64,True,True,2.00000,3.00000,competition,True,False,False,general,5.00000,HBW,10,12.62000,17.98000,18.30000,7.60000,4.80000,0.39000,0.00000,12.62000,17.98000,1,5.36000,5.36000,3.18021,3-6,0.70971,car
3-2950008449-1,2950008449.00000,1,2,102,208,1.00000,188.84548,BUS,1,188.84548,54.00000,35-64,False,True,2.00000,3.00000,competition,True,False,False,general,5.00000,HBW,5,25.22000,42.98000,42.98000,30.63000,3.18000,3.00000,0.00000,25.22000,42.98000,1,17.76000,17.76000,9.35483,6-10,3.26529,transit
3-2950008449-1,2950008449.00000,2,2,102,208,1.00000,188.84548,BUS,1,188.84548,54.00000,35-64,False,True,2.00000,3.00000,competition,True,False,False,general,5.00000,HBW,5,25.22000,42.98000,42.98000,30.63000,3.18000,3.00000,0.00000,25.22000,42.98000,1,17.76000,17.76000,9.35483,6-10,3.26529,transit
3-2950008449-2,2950008449.00000,1,2,102,103,0.36213,68.38660,CAR,0,188.84548,54.00000,35-64,False,True,2.00000,3.00000,competition,False,False,False,general,5.00000,HBO,10,8.56000,13.06000,15.65000,4.20000,4.10000,0.33000,0.00000,8.56000,13.06000,1,4.50000,4.50000,1.52665,<3,1.18246,car
3-2950008449-2,2950008449.00000,1,2,102,104,0.53249,100.55820,CAR,0,188.84548,54.00000,35-64,False,True,2.00000,3.00000,competition,False,False,False,general,5.00000,HBO,10,12.62000,17.98000,18.30000,7.60000,4.80000,0.39000,0.00000,12.62000,17.98000,1,5.36000,5.36000,3.18021,3-6,1.73873,car
3-2950008860-2,2950008860.00000,1,2,101,103,1.00000,108.66936,CAR,0,108.66936,4.00000,0-17,True,False,0.00000,0.00000,no_car_hh,False,False,False,general,2.00000,HBE,11,10.87000,19.13000,21.28000,8.05000,5.19000,0.35000,0.00000,10.87000,19.13000,1,8.26000,8.26000,2.54428,<3,1.87898,car
3-2950008860-2,2950008860.00000,2,2,101,103,1.00000,108.66936,CAR,0,108.66936,4.00000,0-17,True,False,0.00000,0.00000,no_car_hh,False,False,False,general,2.00000,HBE,11,10.87000,19.13000,21.28000,8.05000,5.19000,0.35000,0.00000,10.87000,19.13000,1,8.26000,8.26000,2.54428,<3,1.87898,car
3-2950009271-1,2950009271.00000,1,2,101,211,0.86103,91.99414,CAR,0,106.84252,47.00000,35-64,False,True,2.00000,1.00000,car_available,True,False,False,general,1.00000,HBW,10,19.27000,38.75000,38.14000,17.73000,10.12000,0.39000,0.00000,19.27000,38.14000,1,19.48000,18.87000,6.80312,6-10,1.59065,car
3-2950009271-1,2950009271.00000,2,2,101,211,0.86103,91.99414,CAR,0,106.84252,47.00000,35-64,False,True,2.00000,1.00000,car_available,True,False,False,general,1.00000,HBW,10,19.27000,38.75000,38.14000,17.73000,10.12000,0.39000,0.00000,19.27000,38.14000,1,19.48000,18.87000,6.80312,6-10,1.59065,car
3-2950009375-1,2950009375.00000,1,2,101,103,0.36213,51.16287,CAR,0,141.28318,37.00000,35-64,False,True,1.00000,2.00000,competition,True,True,False,general,5.00000,HBO,10,10.87000,19.13000,21.28000,8.05000,5.19000,0.35000,0.00000,10.87000,19.13000,1,8.26000,8.26000,2.54428,<3,0.88465,car
3-2950009375-1,2950009375.00000,1,2,101,104,0.53249,75.23178,CAR,0,141.28318,37.00000,35-64,False,True,1.00000,2.00000,competition,True,True,False,general,5.00000,HBO,10,13.28000,23.19000,23.93000,10.59000,5.89000,0.41000,0.00000,13.28000,23.19000,1,9.91000,9.91000,4.20004,3-6,1.30082,car
3-2950009375-1,2950009375.00000,1,3,103,303,0.46507,65.70687,CAR,0,141.28318,37.00000,35-64,False,True,1.00000,2.00000,competition,True,True,False,general,5.00000,NHB,10,9.11000,35.25000,,23.31000,4.21000,1.76000,0.00000,9.11000,35.25000,0,26.14000,26.14000,1.83675,<3,1.13613,car
3-2950009375-1,2950009375.00000,1,3,104,303,0.36198,51.14160,CAR,0,141.28318,37.00000,35-64,False,True,1.00000,2.00000,competition,True,True,False,general,5.00000,NHB,10,8.36000,32.24000,,14.56000,4.56000,4.29000,0.00000,8.36000,32.24000,0,23.88000,23.88000,2.24488,<3,0.88428,car
3-2950009375-1,2950009375.00000,1,4,303,102,1.00000,141.28318,CAR,0,141.28318,37.00000,35-64,False,True,1.00000,2.00000,competition,True,True,False,general,5.00000,NHB,10,12.50000,33.30000,,22.01000,4.14000,1.50000,0.00000,12.50000,33.30000,0,20.80000,20.80000,2.72961,<3,2.44290,car
3-2950009375-1,2950009375.00000,2,2,101,103,0.36213,51.16287,CAR,0,141.28318,37.00000,35-64,False,True,1.00000,2.00000,competition,True,True,False,general,5.00000,HBO,10,10.87000,19.13000,21.28000,8.05000,5.19000,0.35000,0.00000,10.87000,19.13000,1,8.26000,8.26000,2.54428,<3,0.88465,car
3-2950009375-1,2950009375.00000,2,2,101,104,0.53249,75.23178,CAR,0,141.28318,37.00000,35-64,False,True,1.00000,2.00000,competition,True,True,False,general,5.00000,HBO,10,13.28000,23.19000,23.93000,10.59000,5.89000,0.41000,0.00000,13.28000,23.19000,1,9.91000,9.91000,4.20004,3-6,1.30082,car
3-2950009375-1,2950009375.00000,2,3,103,303,0.46507,65.70687,CAR,0,141.28318,37.00000,35-64,False,True,1.00000,2.00000,competition,True,True,False,general,5.00000,NHB,10,9.11000,35.25000,,23.31000,4.21000,1.76000,0.00000,9.11000,35.25000,0,26.14000,26.14000,1.83675,<3,1.13613,car
3-2950009375-1,2950009375.00000,2,3,104,303,0.36198,51.14160,CAR,0,141.28318,37.00000,35-64,False,True,1.00000,2.00000,competition,True,True,False,general,5.00000,NHB,10,8.36000,32.24000,,14.56000,4.56000,4.29000,0.00000,8.36000,32.24000,0,23.88000,23.88000,2.24488,<3,0.88428,car
3-2950009375-1,2950009375.00000,2,4,303,102,1.00000,141.28318,CAR,0,141.28318,37.00000,35-64,False,True,1.00000,2.00000,competition,True,True,False,general,5.00000,NHB,10,12.50000,33.30000,,22.01000,4.14000,1.50000,0.00000,12.50000,33.30000,0,20.80000,20.80000,2.72961,<3,2.44290,car
3-2950009375-2,2950009375.00000,2,2,101,303,1.00000,141.28318,BUS,1,141.28318,30.00000,25-34,True,True,1.00000,2.00000,competition,True,False,False,general,5.00000,HBW,3,11.03000,22.25000,21.72000,12.73000,4.18000,0.57000,0.00000,11.03000,21.72000,1,11.22000,10.69000,3.25222,3-6,2.44290,transit
3-2950009375-3,2950009375.00000,1,2,101,103,0.36213,51.16287,CAR,0,141.28318,6.00000,0-17,True,False,1.00000,2.00000,no_licence,False,False,False,general,5.00000,HBO,11,10.87000,19.13000,21.28000,8.05000,5.19000,0.35000,0.00000,10.87000,19.13000,1,8.26000,8.26000,2.54428,<3,0.88465,car
3-2950009375-3,2950009375.00000,1,2,101,104,0.53249,75.23178,CAR,0,141.28318,6.00000,0-17,True,False,1.00000,2.00000,no_licence,False,False,False,general,5.00000,HBO,11,13.28000,23.19000,23.93000,10.59000,5.89000,0.41000,0.00000,13.28000,23.19000,1,9.91000,9.91000,4.20004,3-6,1.30082,car
3-2950009375-3,2950009375.00000,1,3,103,303,0.46507,65.70687,CAR,0,141.28318,6.00000,0-17,True,False,1.00000,2.00000,no_licence,False,False,False,general,5.00000,NHB,11,9.11000,35.25000,,23.31000,4.21000,1.76000,0.00000,9.11000,35.25000,0,26.14000,26.14000,1.83675,<3,1.13613,car
3-2950009375-3,2950009375.00000,1,3,104,303,0.36198,51.14160,CAR,0,141.28318,6.00000,0-17,True,False,1.00000,2.00000,no_licence,False,False,False,general,5.00000,NHB,11,8.36000,32.24000,,14.56000,4.56000,4.29000,0.00000,8.36000,32.24000,0,23.88000,23.88000,2.24488,<3,0.88428,car
3-2950009375-3,2950009375.00000,2,2,101,103,0.36213,51.16287,CAR,0,141.28318,6.00000,0-17,True,False,1.00000,2.00000,no_licence,False,False,False,general,5.00000,HBO,11,10.87000,19.13000,21.28000,8.05000,5.19000,0.35000,0.00000,10.87000,19.13000,1,8.26000,8.26000,2.54428,<3,0.88465,car
3-2950009375-3,2950009375.00000,2,2,101,104,0.53249,75.23178,CAR,0,141.28318,6.00000,0-17,True,False,1.00000,2.00000,no_licence,False,False,False,general,5.00000,HBO,11,13.28000,23.19000,23.93000,10.59000,5.89000,0.41000,0.00000,13.28000,23.19000,1,9.91000,9.91000,4.20004,3-6,1.30082,car
3-2950009375-3,2950009375.00000,2,3,103,303,0.46507,65.70687,CAR,0,141.28318,6.00000,0-17,True,False,1.00000,2.00000,no_licence,False,False,False,general,5.00000,NHB,11,9.11000,35.25000,,23.31000,4.21000,1.76000,0.00000,9.11000,35.25000,0,26.14000,26.14000,1.83675,<3,1.13613,car
3-2950009375-3,2950009375.00000,2,3,104,303,0.36198,51.14160,CAR,0,141.28318,6.00000,0-17,True,False,1.00000,2.00000,no_licence,False,False,False,general,5.00000,NHB,11,8.36000,32.24000,,14.56000,4.56000,4.29000,0.00000,8.36000,32.24000,0,23.88000,23.88000,2.24488,<3,0.88428,car
3-2950009375-4,2950009375.00000,1,2,101,103,0.36213,51.16287,CAR,0,141.28318,5.00000,0-17,True,False,1.00000,2.00000,no_licence,False,False,False,general,5.00000,HBO,11,10.87000,19.13000,21.28000,8.05000,5.19000,0.35000,0.00000,10.87000,19.13000,1,8.26000,8.26000,2.54428,<3,0.88465,car
3-2950009375-4,2950009375.00000,1,2,101,104,0.53249,75.23178,CAR,0,141.28318,5.00000,0-17,True,False,1.00000,2.00000,no_licence,False,False,False,general,5.00000,HBO,11,13.28000,23.19000,23.93000,10.59000,5.89000,0.41000,0.00000,13.28000,23.19000,1,9.91000,9.91000,4.20004,3-6,1.30082,car
3-2950009375-4,2950009375.00000,1,3,103,303,0.46507,65.70687,CAR,0,141.28318,5.00000,0-17,True,False,1.00000,2.00000,no_licence,False,False,False,general,5.00000,NHB,11,9.11000,35.25000,,23.31000,4.21000,1.76000,0.00000,9.11000,35.25000,0,26.14000,26.14000,1.83675,<3,1.13613,car
3-2950009375-4,2950009375.00000,1,3,104,303,0.36198,51.14160,CAR,0,141.28318,5.00000,0-17,True,False,1.00000,2.00000,no_licence,False,False,False,general,5.00000,NHB,11,8.36000,32.24000,,14.56000,4.56000,4.29000,0.00000,8.36000,32.24000,0,23.88000,23.88000,2.24488,<3,0.88428,car
3-2950009375-4,2950009375.00000,2,2,101,103,0.36213,51.16287,CAR,0,141.28318,5.00000,0-17,True,False,1.00000,2.00000,no_licence,False,False,False,general,5.00000,HBO,11,10.87000,19.13000,21.28000,8.05000,5.19000,0.35000,0.00000,10.87000,19.13000,1,8.26000,8.26000,2.54428,<3,0.88465,car
3-2950009375-4,2950009375.00000,2,2,101,104,0.53249,75.23178,CAR,0,141.28318,5.00000,0-17,True,False,1.00000,2.00000,no_licence,False,False,False,general,5.00000,HBO,11,13.28000,23.19000,23.93000,10.59000,5.89000,0.41000,0.00000,13.28000,23.19000,1,9.91000,9.91000,4.20004,3-6,1.30082,car
3-2950009375-4,2950009375.00000,2,3,103,303,0.46507,65.70687,CAR,0,141.28318,5.00000,0-17,True,False,1.00000,2.00000,no_licence,False,False,False,general,5.00000,NHB,11,9.11000,35.25000,,23.31000,4.21000,1.76000,0.00000,9.11000,35.25000,0,26.14000,26.14000,1.83675,<3,1.13613,car
3-2950009375-4,2950009375.00000,2,3,104,303,0.36198,51.14160,CAR,0,141.28318,5.00000,0-17,True,False,1.00000,2.00000,no_licence,False,False,False,general,5.00000,NHB,11,8.36000,32.24000,,14.56000,4.56000,4.29000,0.00000,8.36000,32.24000,0,23.88000,23.88000,2.24488,<3,0.88428,car
3-2950009375-5,2950009375.00000,1,2,101,103,0.36213,51.16287,CAR,0,141.28318,2.00000,0-17,True,False,1.00000,2.00000,no_licence,False,False,False,general,5.00000,HBE,11,10.87000,19.13000,21.28000,8.05000,5.19000,0.35000,0.00000,10.87000,19.13000,1,8.26000,8.26000,2.54428,<3,0.88465,car
3-2950009375-5,2950009375.00000,1,2,101,104,0.53249,75.23178,CAR,0,141.28318,2.00000,0-17,True,False,1.00000,2.00000,no_licence,False,False,False,general,5.00000,HBE,11,13.28000,23.19000,23.93000,10.59000,5.89000,0.41000,0.00000,13.28000,23.19000,1,9.91000,9.91000,4.20004,3-6,1.30082,car
3-2950009375-5,2950009375.00000,2,2,101,103,0.36213,51.16287,CAR,0,141.28318,2.00000,0-17,True,False,1.00000,2.00000,no_licence,False,False,False,general,5.00000,HBE,11,10.87000,19.13000,21.28000,8.05000,5.19000,0.35000,0.00000,10.87000,19.13000,1,8.26000,8.26000,2.54428,<3,0.88465,car
3-2950009375-5,2950009375.00000,2,2,101,104,0.53249,75.23178,CAR,0,141.28318,2.00000,0-17,True,False,1.00000,2.00000,no_licence,False,False,False,general,5.00000,HBE,11,13.28000,23.19000,23.93000,10.59000,5.89000,0.41000,0.00000,13.28000,23.19000,1,9.91000,9.91000,4.20004,3-6,1.30082,car
3-2950009477-1,2950009477.00000,2,2,101,202,0.00000,0.00000,CAR,0,106.84252,38.00000,35-64,False,True,1.00000,1.00000,car_available,True,False,False,general,1.00000,HBW,10,31.96000,48.05000,48.05000,34.25000,5.40000,1.50000,0.00000,31.96000,48.05000,1,16.09000,16.09000,14.43598,10-20,0.00000,car
3-2950009479-1,2950009479.00000,1,2,101,104,1.00000,175.68760,BUS,1,175.68760,17.00000,0-17,False,False,0.00000,0.00000,no_car_hh,False,True,False,general,2.00000,HBE,5,13.28000,23.19000,23.93000,10.59000,5.89000,0.41000,0.00000,13.28000,23.19000,1,9.91000,9.91000,4.20004,3-6,3.03778,transit
3-2950009479-1,2950009479.00000,2,2,101,104,1.00000,175.68760,BUS,1,175.68760,17.00000,0-17,False,False,0.00000,0.00000,no_car_hh,False,True,False,general,2.00000,HBE,5,13.28000,23.19000,23.93000,10.59000,5.89000,0.41000,0.00000,13.28000,23.19000,1,9.91000,9.91000,4.20004,3-6,3.03778,transit
3-2950009479-2,2950009479.00000,1,2,101,104,1.00000,175.68760,BUS,1,175.68760,54.00000,35-64,True,False,0.00000,0.00000,no_car_hh,True,False,False,general,2.00000,HBW,5,13.28000,23.19000,23.93000,10.59000,5.89000,0.41000,0.00000,13.28000,23.19000,1,9.91000,9.91000,4.20004,3-6,3.03778,transit
3-2950010096-1,2950010096.00000,1,2,103,301,0.00000,0.00000,CAR,0,82.98716,52.00000,35-64,False,True,2.00000,2.00000,car_available,True,False,False,general,5.00000,HBW,10,11.51000,39.44000,,20.11000,7.36000,2.31000,0.00000,11.51000,39.44000,0,27.93000,27.93000,2.34100,<3,0.00000,car
3-2950010096-2,2950010096.00000,1,2,103,301,0.00000,0.00000,CAR,0,82.98716,47.00000,35-64,True,True,2.00000,2.00000,car_available,True,False,False,general,5.00000,HBW,10,11.51000,39.44000,,20.11000,7.36000,2.31000,0.00000,11.51000,39.44000,0,27.93000,27.93000,2.34100,<3,0.00000,car
3-2950010096-2,2950010096.00000,2,2,103,301,0.00000,0.00000,CAR,0,82.98716,47.00000,35-64,True,True,2.00000,2.00000,car_available,True,False,False,general,5.00000,HBW,10,11.51000,39.44000,,20.11000,7.36000,2.31000,0.00000,11.51000,39.44000,0,27.93000,27.93000,2.34100,<3,0.00000,car
3-2950010096-5,2950010096.00000,1,2,103,104,0.98796,81.98822,BUS,1,82.98716,15.00000,0-17,True,False,2.00000,2.00000,no_licence,False,False,False,general,5.00000,HBE,5,7.44000,17.02000,16.07000,4.47000,5.91000,0.36000,0.00000,7.44000,16.07000,1,9.58000,8.63000,1.66098,<3,1.41764,transit
3-2950010096-5,2950010096.00000,2,2,103,104,0.98796,81.98822,BUS,1,82.98716,15.00000,0-17,True,False,2.00000,2.00000,no_licence,False,False,False,general,5.00000,HBE,5,7.44000,17.02000,16.07000,4.47000,5.91000,0.36000,0.00000,7.44000,16.07000,1,9.58000,8.63000,1.66098,<3,1.41764,transit
3-2950010405-1,2950010405.00000,2,4,103,301,0.00000,0.00000,CAR,0,73.08978,38.00000,35-64,False,True,1.00000,2.00000,competition,True,False,False,general,4.00000,NHB,10,11.51000,39.44000,,20.11000,7.36000,2.31000,0.00000,11.51000,39.44000,0,27.93000,27.93000,2.34100,<3,0.00000,car
3-2950010405-2,2950010405.00000,1,3,103,212,0.98796,72.20997,BUS,1,73.08978,33.00000,25-34,False,True,1.00000,2.00000,competition,True,False,False,general,4.00000,NHB,5,12.79000,21.85000,20.55000,10.40000,5.27000,0.46000,0.00000,12.79000,20.55000,1,9.06000,7.76000,3.27574,3-6,1.24857,transit
3-2950010406-1,2950010406.00000,2,2,103,210,0.65188,47.64579,CAR,0,73.08978,36.00000,35-64,False,True,0.00000,2.00000,no_car_hh,True,False,False,general,4.00000,HBO,10,22.24000,36.86000,36.60000,15.89000,9.94000,0.55000,0.00000,22.24000,36.60000,1,14.62000,14.36000,6.65618,6-10,0.82383,car
3-2950010406-2,2950010406.00000,1,5,103,211,0.85066,62.17464,CAR,0,73.08978,33.00000,25-34,False,True,0.00000,2.00000,no_car_hh,True,False,False,general,4.00000,HBW,10,17.56000,32.91000,31.51000,11.61000,10.15000,0.50000,0.00000,17.56000,31.51000,1,15.35000,13.95000,4.32530,3-6,1.07505,car
3-2950010406-2,2950010406.00000,2,4,103,211,0.85066,62.17464,CAR,0,73.08978,33.00000,25-34,False,True,0.00000,2.00000,no_car_hh,True,False,False,general,4.00000,NHB,10,17.56000,32.91000,31.51000,11.61000,10.15000,0.50000,0.00000,17.56000,31.51000,1,15.35000,13.95000,4.32530,3-6,1.07505,car
3-2950010716-1,2950010716.00000,1,2,103,208,0.98796,183.10754,BUS,1,185.33851,25.00000,25-34,True,True,1.00000,3.00000,competition,True,True,False,general,4.00000,HBW,5,22.85000,40.75000,40.75000,26.19000,4.28000,3.00000,0.00000,22.85000,40.75000,1,17.90000,17.90000,8.17102,6-10,3.16608,transit
3-2950011229-1,2950011229.00000,1,2,101,302,1.00000,88.48624,BUS,1,88.48624,56.00000,35-64,True,False,0.00000,0.00000,no_car_hh,True,False,False,general,2.00000,HBW,3,10.13000,20.47000,22.19000,7.82000,5.68000,0.64000,0.00000,10.13000,20.47000,1,10.34000,10.34000,2.17743,<3,1.53000,transit
3-2950011229-1,2950011229.00000,2,2,101,302,1.00000,88.48624,BUS,1,88.48624,56.00000,35-64,True,False,0.00000,0.00000,no_car_hh,True,False,False,general,2.00000,HBW,3,10.13000,20.47000,22.19000,7.82000,5.68000,0.64000,0.00000,10.13000,20.47000,1,10.34000,10.34000,2.17743,<3,1.53000,transit
3-2950011435-1,2950011435.00000,1,2,101,103,0.75595,156.40129,BUS,1,206.89236,53.00000,35-64,True,False,0.00000,0.00000,no_car_hh,True,False,False,general,2.00000,HBO,3,10.87000,19.13000,21.28000,8.05000,5.19000,0.35000,0.00000,10.87000,19.13000,1,8.26000,8.26000,2.54428,<3,2.70431,transit
3-2950011435-1,2950011435.00000,2,2,101,103,1.00000,206.89236,BUS,1,206.89236,53.00000,35-64,True,False,0.00000,0.00000,no_car_hh,True,False,False,general,2.00000,HBW,5,10.87000,19.13000,21.28000,8.05000,5.19000,0.35000,0.00000,10.87000,19.13000,1,8.26000,8.26000,2.54428,<3,3.57734,transit
3-2950012464-1,2950012464.00000,1,2,102,101,0.92109,153.04037,CAR,0,166.15213,30.00000,25-34,False,True,1.00000,2.00000,competition,True,False,False,general,2.00000,HBO,10,8.56000,14.70000,14.80000,5.02000,4.39000,0.45000,0.00000,8.56000,14.70000,1,6.14000,6.14000,1.12048,<3,2.64619,car
3-2950012464-1,2950012464.00000,1,2,102,301,0.07891,13.11175,CAR,0,166.15213,30.00000,25-34,False,True,1.00000,2.00000,competition,True,False,False,general,2.00000,HBO,10,9.91000,44.49000,,27.37000,6.25000,2.31000,0.00000,9.91000,44.49000,0,34.58000,34.58000,1.67235,<3,0.22671,car
3-2950012464-1,2950012464.00000,2,2,102,101,0.92109,153.04037,CAR,0,166.15213,30.00000,25-34,False,True,1.00000,2.00000,competition,True,False,False,general,2.00000,HBO,10,8.56000,14.70000,14.80000,5.02000,4.39000,0.45000,0.00000,8.56000,14.70000,1,6.14000,6.14000,1.12048,<3,2.64619,car
3-2950012464-1,2950012464.00000,2,2,102,301,0.07891,13.11175,CAR,0,166.15213,30.00000,25-34,False,True,1.00000,2.00000,competition,True,False,False,general,2.00000,HBO,10,9.91000,44.49000,,27.37000,6.25000,2.31000,0.00000,9.91000,44.49000,0,34.58000,34.58000,1.67235,<3,0.22671,car
3-2950012464-1,2950012464.00000,2,3,101,301,0.04825,8.01663,CAR,0,166.15213,30.00000,25-34,False,True,1.00000,2.00000,competition,True,False,False,general,2.00000,NHB,10,7.94000,18.09000,19.63000,2.14000,7.33000,0.64000,0.00000,7.94000,18.09000,1,10.15000,10.15000,1.35205,<3,0.13861,car
3-2950012464-1,2950012464.00000,2,3,301,101,0.35793,59.47028,CAR,0,166.15213,30.00000,25-34,False,True,1.00000,2.00000,competition,True,False,False,general,2.00000,NHB,10,7.20000,22.23000,101.43000,6.51000,6.75000,1.11000,0.00000,7.20000,22.23000,1,15.03000,15.03000,1.35205,<3,1.02829,car
3-2950012464-2,2950012464.00000,1,2,102,303,1.00000,166.15213,CAR,0,166.15213,25.00000,25-34,True,True,1.00000,2.00000,competition,False,True,False,general,2.00000,HBE,11,13.18000,33.68000,,23.96000,3.10000,1.76000,0.00000,13.18000,33.68000,0,20.50000,20.50000,2.72961,<3,2.87291,car
3-2950012464-2,2950012464.00000,2,2,102,303,1.00000,166.15213,CAR,0,166.15213,25.00000,25-34,True,True,1.00000,2.00000,competition,False,True,False,general,2.00000,HBE,11,13.18000,33.68000,,23.96000,3.10000,1.76000,0.00000,13.18000,33.68000,0,20.50000,20.50000,2.72961,<3,2.87291,car
3-2950012673-1,2950012673.00000,1,2,103,208,0.98796,206.90854,BUS,1,209.42951,63.00000,35-64,True,False,0.00000,0.00000,no_car_hh,True,False,False,general,2.00000,HBW,5,22.85000,40.75000,40.75000,26.19000,4.28000,3.00000,0.00000,22.85000,40.75000,1,17.90000,17.90000,8.17102,6-10,3.57762,transit
3-2950012673-1,2950012673.00000,2,2,103,209,0.65749,137.69872,BUS,1,209.42951,63.00000,35-64,True,False,0.00000,0.00000,no_car_hh,True,False,False,general,2.00000,HBW,5,21.10000,37.39000,37.39000,21.48000,4.95000,3.00000,0.00000,21.10000,37.39000,1,16.29000,16.29000,7.43212,6-10,2.38092,transit
3-2950012774-1,2950012774.00000,1,2,103,212,0.98796,289.18723,CAR,0,292.71067,58.00000,35-64,False,True,2.00000,4.00000,competition,True,False,False,general,4.00000,HBW,10,12.79000,21.85000,20.55000,10.40000,5.27000,0.46000,0.00000,12.79000,20.55000,1,9.06000,7.76000,3.27574,3-6,5.00028,car
3-2950012774-1,2950012774.00000,2,2,103,212,0.98796,289.18723,CAR,0,292.71067,58.00000,35-64,False,True,2.00000,4.00000,competition,True,False,False,general,4.00000,HBW,10,12.79000,21.85000,20.55000,10.40000,5.27000,0.46000,0.00000,12.79000,20.55000,1,9.06000,7.76000,3.27574,3-6,5.00028,car
3-2950012877-2,2950012877.00000,1,3,104,103,0.36198,29.46733,CAR,0,81.40609,31.00000,25-34,True,True,1.00000,2.00000,competition,False,False,False,general,4.00000,HBO,10,6.92000,15.99000,18.19000,4.07000,5.56000,0.40000,0.00000,6.92000,15.99000,1,9.07000,9.07000,1.66098,<3,0.50951,car
3-2950012877-4,2950012877.00000,1,3,303,103,1.00000,81.40609,CAR,0,81.40609,0.20000,0-17,True,False,1.00000,2.00000,no_licence,False,False,False,general,4.00000,HBO,11,8.49000,18.98000,,7.17000,4.40000,1.50000,0.00000,8.49000,18.98000,0,10.49000,10.49000,1.83675,<3,1.40758,car
3-2950013806-1,2950013806.00000,2,2,102,103,0.36213,47.72564,CAR,0,131.79146,71.00000,65+,False,True,2.00000,2.00000,car_available,False,False,False,general,2.00000,HBO,10,8.56000,13.06000,15.65000,4.20000,4.10000,0.33000,0.00000,8.56000,13.06000,1,4.50000,4.50000,1.52665,<3,0.82522,car
3-2950013806-1,2950013806.00000,2,2,102,104,0.53249,70.17754,CAR,0,131.79146,71.00000,65+,False,True,2.00000,2.00000,car_available,False,False,False,general,2.00000,HBO,10,12.62000,17.98000,18.30000,7.60000,4.80000,0.39000,0.00000,12.62000,17.98000,1,5.36000,5.36000,3.18021,3-6,1.21343,car
3-2950014010-2,2950014010.00000,1,2,102,301,0.00000,0.00000,CAR,0,262.48921,75.00000,65+,False,True,1.00000,2.00000,competition,False,False,False,general,2.00000,HBW,10,9.91000,44.49000,,27.37000,6.25000,2.31000,0.00000,9.91000,44.49000,0,34.58000,34.58000,1.67235,<3,0.00000,car
3-2950014216-1,2950014216.00000,2,2,102,103,1.00000,131.79146,CAR,0,131.79146,71.00000,65+,False,True,1.00000,1.00000,car_available,False,False,False,general,2.00000,HBO,10,8.56000,13.06000,15.65000,4.20000,4.10000,0.33000,0.00000,8.56000,13.06000,1,4.50000,4.50000,1.52665,<3,2.27878,car
3-2950014216-1,2950014216.00000,2,3,103,102,0.98796,130.20505,CAR,0,131.79146,71.00000,65+,False,True,1.00000,1.00000,car_available,False,False,False,general,2.00000,HBO,10,7.47000,13.36000,14.44000,2.72000,4.95000,0.37000,0.00000,7.47000,13.36000,1,5.89000,5.89000,1.52665,<3,2.25135,car
3-2950014318-2,2950014318.00000,1,2,102,304,0.35532,122.70487,CAR,0,345.33830,49.00000,35-64,True,True,2.00000,4.00000,competition,True,False,False,general,5.00000,HBW,10,13.91000,34.88000,,21.82000,3.80000,2.73000,0.00000,13.91000,34.88000,0,20.97000,20.97000,3.64818,3-6,2.12167,car
3-2950014318-2,2950014318.00000,2,2,102,304,0.35532,122.70487,CAR,0,345.33830,49.00000,35-64,True,True,2.00000,4.00000,competition,True,False,False,general,5.00000,HBW,10,13.91000,34.88000,,21.82000,3.80000,2.73000,0.00000,13.91000,34.88000,0,20.97000,20.97000,3.64818,3-6,2.12167,car
3-2950014424-1,2950014424.00000,2,4,104,304,0.35532,37.34599,CAR,0,105.10585,38.00000,35-64,False,True,1.00000,2.00000,competition,True,False,False,general,4.00000,NHB,10,8.40000,22.05000,,6.52000,5.26000,2.50000,0.00000,8.40000,22.05000,0,13.65000,13.65000,1.24683,<3,0.64574,car
3-2950014424-1,2950014424.00000,2,5,304,103,0.35532,37.34599,CAR,0,105.10585,38.00000,35-64,False,True,1.00000,2.00000,competition,True,False,False,general,4.00000,NHB,10,10.90000,36.20000,,20.74000,4.39000,3.33000,0.00000,10.90000,36.20000,0,25.30000,25.30000,2.21445,<3,0.64574,car
3-2950014833-1,2950014833.00000,1,3,104,212,1.00000,187.02356,CAR,0,187.02356,84.00000,65+,False,True,2.00000,2.00000,car_available,False,False,False,general,2.00000,NHB,10,6.79000,17.79000,19.00000,5.83000,5.62000,0.36000,0.00000,6.79000,17.79000,1,11.00000,11.00000,1.61683,<3,3.23379,car
3-2950014833-1,2950014833.00000,2,3,104,212,1.00000,187.02356,CAR,0,187.02356,84.00000,65+,False,True,2.00000,2.00000,car_available,False,False,False,general,2.00000,NHB,10,6.79000,17.79000,19.00000,5.83000,5.62000,0.36000,0.00000,6.79000,17.79000,1,11.00000,11.00000,1.61683,<3,3.23379,car
3-2950014833-2,2950014833.00000,2,3,103,104,0.49633,92.82476,CAR,0,187.02356,80.00000,65+,True,True,2.00000,2.00000,car_available,False,False,False,general,2.00000,NHB,10,7.44000,17.02000,16.07000,4.47000,5.91000,0.36000,0.00000,7.44000,16.07000,1,9.58000,8.63000,1.66098,<3,1.60502,car
3-2950014833-2,2950014833.00000,2,3,103,304,0.31468,58.85281,CAR,0,187.02356,80.00000,65+,True,True,2.00000,2.00000,car_available,False,False,False,general,2.00000,NHB,10,9.52000,34.86000,,19.59000,4.91000,2.73000,0.00000,9.52000,34.86000,0,25.34000,25.34000,2.21445,<3,1.01761,car
3-2950014834-1,2950014834.00000,2,4,202,210,1.00000,239.82675,BUS,1,239.82675,56.00000,35-64,False,True,1.00000,2.00000,competition,True,False,False,general,4.00000,NHB,3,20.06000,54.59000,36.24000,32.14000,10.45000,0.77000,0.00000,20.06000,36.24000,1,34.53000,16.18000,7.02822,6-10,4.14680,transit
3-2950014834-1,2950014834.00000,2,5,210,209,1.00000,239.82675,BUS,1,239.82675,56.00000,35-64,False,True,1.00000,2.00000,competition,True,False,False,general,4.00000,NHB,3,12.05000,24.38000,25.30000,7.76000,7.83000,0.47000,0.00000,12.05000,24.38000,1,12.33000,12.33000,2.72031,<3,4.14680,transit
3-2950014834-1,2950014834.00000,2,6,209,202,1.00000,239.82675,BUS,1,239.82675,56.00000,35-64,False,True,1.00000,2.00000,competition,True,False,False,general,4.00000,NHB,3,16.55000,38.37000,40.84000,29.30000,3.92000,0.61000,0.00000,16.55000,38.37000,1,21.82000,21.82000,5.13402,3-6,4.14680,transit
3-2960000869-2,2960000869.00000,1,3,303,302,0.49398,63.23119,CAR,0,128.00460,24.00000,18-24,False,True,0.00000,1.00000,no_car_hh,True,False,False,general,2.00000,HBO,10,6.54000,17.11000,80.65000,5.92000,4.90000,0.70000,0.00000,6.54000,17.11000,1,10.57000,10.57000,1.14681,<3,1.09332,car
3-2960000869-2,2960000869.00000,2,2,211,208,0.86103,110.21524,BUS,1,128.00460,24.00000,18-24,False,True,0.00000,1.00000,no_car_hh,True,False,False,general,2.00000,NHB,5,17.50000,40.44000,40.83000,17.97000,9.93000,1.30000,0.00000,17.50000,40.44000,1,22.94000,22.94000,5.56636,3-6,1.90571,transit
3-2960000869-2,2960000869.00000,2,3,208,211,0.86103,110.21524,BUS,1,128.00460,24.00000,18-24,False,True,0.00000,1.00000,no_car_hh,True,False,False,general,2.00000,NHB,5,17.45000,39.51000,40.01000,18.66000,9.17000,1.25000,0.00000,17.45000,39.51000,1,22.06000,22.06000,5.56636,3-6,1.90571,transit
3-2960001117-1,2960001117.00000,1,2,302,208,0.04791,10.96268,CAR,0,228.82168,39.00000,35-64,False,True,1.00000,1.00000,car_available,True,False,False,general,3.00000,HBW,10,21.32000,53.89000,,26.73000,4.58000,5.00000,1.00000,21.32000,53.89000,0,32.57000,32.57000,7.64305,6-10,0.18955,car
3-2960001117-1,2960001117.00000,1,2,302,209,0.07450,17.04636,CAR,0,228.82168,39.00000,35-64,False,True,1.00000,1.00000,car_available,True,False,False,general,3.00000,HBW,10,20.82000,41.24000,41.24000,26.75000,5.25000,2.00000,0.00000,20.82000,41.24000,1,20.42000,20.42000,7.32977,6-10,0.29475,car
3-2960001117-1,2960001117.00000,1,3,208,211,0.08146,18.64061,CAR,0,228.82168,39.00000,35-64,False,True,1.00000,1.00000,car_available,True,False,False,general,3.00000,NHB,10,17.45000,39.51000,40.01000,18.66000,9.17000,1.25000,0.00000,17.45000,39.51000,1,22.06000,22.06000,5.56636,3-6,0.32231,car
3-2960001117-1,2960001117.00000,1,3,209,211,0.12191,27.89551,CAR,0,228.82168,39.00000,35-64,False,True,1.00000,1.00000,car_available,True,False,False,general,3.00000,NHB,10,14.84000,31.67000,31.79000,12.61000,8.65000,0.88000,0.00000,14.84000,31.67000,1,16.83000,16.83000,4.03560,3-6,0.48234,car
3-2960001117-1,2960001117.00000,1,4,211,212,1.00000,228.82168,CAR,0,228.82168,39.00000,35-64,False,True,1.00000,1.00000,car_available,True,False,False,general,3.00000,NHB,10,8.44000,25.80000,26.58000,3.35000,10.92000,0.31000,0.00000,8.44000,25.80000,1,17.36000,17.36000,1.19409,<3,3.95651,car
3-2960001117-1,2960001117.00000,1,5,212,215,1.00000,228.82168,CAR,0,228.82168,39.00000,35-64,False,True,1.00000,1.00000,car_available,True,False,False,general,3.00000,NHB,10,26.37000,43.85000,,18.75000,9.55000,3.00000,0.00000,26.37000,43.85000,0,17.48000,17.48000,9.75164,6-10,3.95651,car
3-2960001366-1,2960001366.00000,2,2,302,303,0.49186,108.66819,BUS,1,220.93336,50.00000,35-64,False,False,1.00000,1.00000,no_licence,False,False,False,general,3.00000,HBO,3,7.32000,12.66000,15.53000,2.53000,4.50000,0.56000,0.00000,7.32000,12.66000,1,5.34000,5.34000,1.14681,<3,1.87896,transit
3-2960001861-1,2960001861.00000,2,2,302,213,0.49186,38.55222,BUS,1,78.38054,25.00000,25-34,False,False,0.00000,0.00000,no_car_hh,True,False,False,general,2.00000,HBW,3,16.30000,58.12000,,35.90000,6.11000,5.00000,0.00000,16.30000,58.12000,0,41.82000,41.82000,5.00377,3-6,0.66660,transit
3-2960001864-1,2960001864.00000,1,2,302,303,0.49186,38.55222,CAR,0,78.38054,24.00000,18-24,False,False,0.00000,1.00000,no_car_hh,True,False,False,general,2.00000,HBO,11,7.32000,12.66000,15.53000,2.53000,4.50000,0.56000,0.00000,7.32000,12.66000,1,5.34000,5.34000,1.14681,<3,0.66660,car
3-2960001864-1,2960001864.00000,2,2,302,303,0.49186,38.55222,CAR,0,78.38054,24.00000,18-24,False,False,0.00000,1.00000,no_car_hh,True,False,False,general,2.00000,HBO,11,7.32000,12.66000,15.53000,2.53000,4.50000,0.56000,0.00000,7.32000,12.66000,1,5.34000,5.34000,1.14681,<3,0.66660,car
3-2960001864-2,2960001864.00000,1,2,302,303,0.49186,38.55222,CAR,0,78.38054,32.00000,25-34,False,True,0.00000,1.00000,no_car_hh,True,False,False,general,2.00000,HBO,10,7.32000,12.66000,15.53000,2.53000,4.50000,0.56000,0.00000,7.32000,12.66000,1,5.34000,5.34000,1.14681,<3,0.66660,car
3-2960001864-2,2960001864.00000,1,3,303,212,1.00000,78.38054,CAR,0,78.38054,32.00000,25-34,False,True,0.00000,1.00000,no_car_hh,True,False,False,general,2.00000,NHB,10,12.23000,20.42000,21.71000,8.50000,4.46000,1.50000,0.00000,12.23000,20.42000,1,8.19000,8.19000,3.39644,3-6,1.35526,car
3-2960001864-2,2960001864.00000,2,2,302,303,0.49186,38.55222,CAR,0,78.38054,32.00000,25-34,False,True,0.00000,1.00000,no_car_hh,True,False,False,general,2.00000,HBO,10,7.32000,12.66000,15.53000,2.53000,4.50000,0.56000,0.00000,7.32000,12.66000,1,5.34000,5.34000,1.14681,<3,0.66660,car
3-2960001864-2,2960001864.00000,2,3,303,212,1.00000,78.38054,CAR,0,78.38054,32.00000,25-34,False,True,0.00000,1.00000,no_car_hh,True,False,False,general,2.00000,NHB,10,12.23000,20.42000,21.71000,8.50000,4.46000,1.50000,0.00000,12.23000,20.42000,1,8.19000,8.19000,3.39644,3-6,1.35526,car
3-2960003972-1,2960003972.00000,1,2,303,102,1.00000,85.64459,CAR,0,85.64459,30.00000,25-34,True,True,1.00000,2.00000,competition,False,True,False,general,3.00000,HBO,10,12.50000,33.30000,,22.01000,4.14000,1.50000,0.00000,12.50000,33.30000,0,20.80000,20.80000,2.72961,<3,1.48087,car
3-2960003972-3,2960003972.00000,1,2,303,102,1.00000,85.64459,CAR,0,85.64459,4.00000,0-17,False,False,1.00000,2.00000,no_licence,False,False,False,general,3.00000,HBO,11,12.50000,33.30000,,22.01000,4.14000,1.50000,0.00000,12.50000,33.30000,0,20.80000,20.80000,2.72961,<3,1.48087,car
3-2960004466-2,2960004466.00000,1,2,302,212,1.00000,308.05135,CAR,0,308.05135,70.00000,65+,False,True,1.00000,1.00000,car_available,True,False,False,general,3.00000,HBW,10,14.93000,25.01000,26.15000,11.03000,5.56000,1.43000,0.00000,14.93000,25.01000,1,10.08000,10.08000,4.31973,3-6,5.32646,car
3-2960004466-2,2960004466.00000,1,3,212,103,0.75595,232.87292,CAR,0,308.05135,70.00000,65+,False,True,1.00000,1.00000,car_available,True,False,False,general,3.00000,NHB,10,11.61000,22.47000,23.61000,5.92000,7.76000,0.51000,0.00000,11.61000,22.47000,1,10.86000,10.86000,3.27574,3-6,4.02656,car
3-2960004466-2,2960004466.00000,2,2,302,212,1.00000,308.05135,BUS,1,308.05135,70.00000,65+,False,True,1.00000,1.00000,car_available,True,False,False,general,3.00000,HBW,5,14.93000,25.01000,26.15000,11.03000,5.56000,1.43000,0.00000,14.93000,25.01000,1,10.08000,10.08000,4.31973,3-6,5.32646,transit
3-2960004961-1,2960004961.00000,1,2,302,303,1.00000,166.86345,BUS,1,166.86345,14.00000,0-17,False,False,1.00000,1.00000,no_licence,False,False,False,general,3.00000,HBE,3,7.32000,12.66000,15.53000,2.53000,4.50000,0.56000,0.00000,7.32000,12.66000,1,5.34000,5.34000,1.14681,<3,2.88521,transit
3-2960004961-1,2960004961.00000,2,2,302,303,1.00000,166.86345,BUS,1,166.86345,14.00000,0-17,False,False,1.00000,1.00000,no_licence,False,False,False,general,3.00000,HBE,3,7.32000,12.66000,15.53000,2.53000,4.50000,0.56000,0.00000,7.32000,12.66000,1,5.34000,5.34000,1.14681,<3,2.88521,transit
3-2960004961-3,2960004961.00000,2,2,302,103,0.36213,60.42625,CAR,0,166.86345,45.00000,35-64,True,True,1.00000,1.00000,car_available,True,False,False,general,3.00000,HBW,10,9.14000,26.90000,,11.90000,5.50000,2.00000,0.00000,9.14000,26.90000,0,17.76000,17.76000,1.75961,<3,1.04482,car
3-2960004961-3,2960004961.00000,2,2,302,104,0.53249,88.85300,CAR,0,166.86345,45.00000,35-64,True,True,1.00000,1.00000,car_available,True,False,False,general,3.00000,HBW,10,13.44000,44.92000,,20.52000,6.20000,6.00000,0.00000,13.44000,44.92000,0,31.48000,31.48000,2.91375,<3,1.53634,car
3-2960005708-1,2960005708.00000,1,2,303,202,1.00000,16.68871,CAR,0,16.68871,28.00000,25-34,False,True,1.00000,1.00000,car_available,True,True,False,general,1.00000,HBW,10,31.31000,54.34000,,27.11000,4.61000,5.00000,1.00000,31.31000,54.34000,0,23.03000,23.03000,11.19482,10-20,0.28856,car
3-2960005708-1,2960005708.00000,2,2,303,202,1.00000,16.68871,CAR,0,16.68871,28.00000,25-34,False,True,1.00000,1.00000,car_available,True,True,False,general,1.00000,HBW,10,31.31000,54.34000,,27.11000,4.61000,5.00000,1.00000,31.31000,54.34000,0,23.03000,23.03000,11.19482,10-20,0.28856,car
3-2960005829-2,2960005829.00000,1,2,303,103,0.75595,64.74344,CAR,0,85.64459,27.00000,25-34,True,True,3.00000,2.00000,car_available,False,False,False,general,3.00000,HBO,10,8.49000,18.98000,,7.17000,4.40000,1.50000,0.00000,8.49000,18.98000,0,10.49000,10.49000,1.83675,<3,1.11947,car
3-2960005829-2,2960005829.00000,1,3,103,211,0.49744,42.60270,CAR,0,85.64459,27.00000,25-34,True,True,3.00000,2.00000,car_available,False,False,False,general,3.00000,NHB,10,17.56000,32.91000,31.51000,11.61000,10.15000,0.50000,0.00000,17.56000,31.51000,1,15.35000,13.95000,4.32530,3-6,0.73664,car
3-2960005829-2,2960005829.00000,2,2,303,103,0.75595,64.74344,CAR,0,85.64459,27.00000,25-34,True,True,3.00000,2.00000,car_available,False,False,False,general,3.00000,HBO,10,8.49000,18.98000,,7.17000,4.40000,1.50000,0.00000,8.49000,18.98000,0,10.49000,10.49000,1.83675,<3,1.11947,car
3-2960005829-2,2960005829.00000,2,3,103,303,0.57772,49.47902,CAR,0,85.64459,27.00000,25-34,True,True,3.00000,2.00000,car_available,False,False,False,general,3.00000,HBO,10,9.11000,35.25000,,23.31000,4.21000,1.76000,0.00000,9.11000,35.25000,0,26.14000,26.14000,1.83675,<3,0.85553,car
3-2960005829-3,2960005829.00000,2,2,303,103,0.75595,64.74344,CAR,0,85.64459,1.00000,0-17,True,False,3.00000,2.00000,no_licence,False,False,False,general,3.00000,HBE,11,8.49000,18.98000,,7.17000,4.40000,1.50000,0.00000,8.49000,18.98000,0,10.49000,10.49000,1.83675,<3,1.11947,car
3-2960006078-1,2960006078.00000,1,2,303,103,0.36213,10.70289,CAR,0,29.55539,38.00000,35-64,True,True,1.00000,1.00000,car_available,True,False,False,general,1.00000,HBW,10,8.49000,18.98000,,7.17000,4.40000,1.50000,0.00000,8.49000,18.98000,0,10.49000,10.49000,1.83675,<3,0.18506,car
3-2960006078-1,2960006078.00000,1,2,303,104,0.53249,15.73793,CAR,0,29.55539,38.00000,35-64,True,True,1.00000,1.00000,car_available,True,False,False,general,1.00000,HBW,10,11.20000,31.81000,,15.61000,5.10000,3.00000,0.00000,11.20000,31.81000,0,20.61000,20.61000,2.24488,<3,0.27212,car
3-2960006078-1,2960006078.00000,2,2,303,103,0.36213,10.70289,CAR,0,29.55539,38.00000,35-64,True,True,1.00000,1.00000,car_available,True,False,False,general,1.00000,HBW,10,8.49000,18.98000,,7.17000,4.40000,1.50000,0.00000,8.49000,18.98000,0,10.49000,10.49000,1.83675,<3,0.18506,car
3-2960006078-1,2960006078.00000,2,2,303,104,0.53249,15.73793,CAR,0,29.55539,38.00000,35-64,True,True,1.00000,1.00000,car_available,True,False,False,general,1.00000,HBW,10,11.20000,31.81000,,15.61000,5.10000,3.00000,0.00000,11.20000,31.81000,0,20.61000,20.61000,2.24488,<3,0.27212,car
3-2960006327-2,2960006327.00000,2,2,303,102,0.12252,7.29679,CAR,0,59.55756,59.00000,35-64,True,True,1.00000,2.00000,competition,False,False,False,general,2.00000,HBO,10,12.50000,33.30000,,22.01000,4.14000,1.50000,0.00000,12.50000,33.30000,0,20.80000,20.80000,2.72961,<3,0.12617,car
3-2960006327-2,2960006327.00000,2,3,102,304,0.18891,11.25086,CAR,0,59.55756,59.00000,35-64,True,True,1.00000,2.00000,competition,False,False,False,general,2.00000,NHB,10,13.91000,34.88000,,21.82000,3.80000,2.73000,0.00000,13.91000,34.88000,0,20.97000,20.97000,3.64818,3-6,0.19454,car
3-2960006449-1,2960006449.00000,1,2,303,202,1.00000,59.55756,CAR,0,59.55756,51.00000,35-64,False,True,1.00000,1.00000,car_available,True,False,False,general,2.00000,HBW,10,31.31000,54.34000,,27.11000,4.61000,5.00000,1.00000,31.31000,54.34000,0,23.03000,23.03000,11.19482,10-20,1.02980,car
3-2960006449-1,2960006449.00000,2,2,303,202,1.00000,59.55756,CAR,0,59.55756,51.00000,35-64,False,True,1.00000,1.00000,car_available,True,False,False,general,2.00000,HBW,10,31.31000,54.34000,,27.11000,4.61000,5.00000,1.00000,31.31000,54.34000,0,23.03000,23.03000,11.19482,10-20,1.02980,car
3-2960006449-2,2960006449.00000,2,2,303,210,1.00000,59.55756,BUS,1,59.55756,49.00000,35-64,True,False,1.00000,1.00000,no_licence,True,False,False,general,2.00000,HBO,3,22.40000,37.33000,39.01000,16.45000,9.13000,1.30000,0.00000,22.40000,37.33000,1,14.93000,14.93000,6.08279,6-10,1.02980,transit
3-2960006450-1,2960006450.00000,2,2,303,104,1.00000,36.43445,CAR,0,36.43445,46.00000,35-64,False,True,1.00000,1.00000,car_available,True,False,False,general,2.00000,HBW,10,11.20000,31.81000,,15.61000,5.10000,3.00000,0.00000,11.20000,31.81000,0,20.61000,20.61000,2.24488,<3,0.62998,car
3-2960006821-1,2960006821.00000,2,2,303,210,1.00000,59.55756,CAR,0,59.55756,61.00000,35-64,False,True,2.00000,2.00000,car_available,True,False,False,general,2.00000,HBW,10,22.40000,37.33000,39.01000,16.45000,9.13000,1.30000,0.00000,22.40000,37.33000,1,14.93000,14.93000,6.08279,6-10,1.02980,car
3-2960006821-1,2960006821.00000,2,3,210,211,0.86103,51.28058,CAR,0,59.55756,61.00000,35-64,False,True,2.00000,2.00000,car_available,True,False,False,general,2.00000,NHB,10,11.97000,33.06000,33.73000,6.25000,13.03000,0.38000,0.00000,11.97000,33.06000,1,21.09000,21.09000,2.37548,<3,0.88668,car
3-2960006821-2,2960006821.00000,2,2,303,103,0.75595,45.02282,CAR,0,59.55756,60.00000,35-64,True,True,2.00000,2.00000,car_available,True,False,False,general,2.00000,HBO,10,8.49000,18.98000,,7.17000,4.40000,1.50000,0.00000,8.49000,18.98000,0,10.49000,10.49000,1.83675,<3,0.77848,car
3-2960006821-2,2960006821.00000,2,3,103,209,0.57772,34.40789,CAR,0,59.55756,60.00000,35-64,True,True,2.00000,2.00000,car_available,True,False,False,general,2.00000,NHB,10,21.10000,37.39000,37.39000,21.48000,4.95000,3.00000,0.00000,21.10000,37.39000,1,16.29000,16.29000,7.43212,6-10,0.59494,car
3-2960006945-1,2960006945.00000,1,4,303,102,1.00000,350.00000,CAR,0,350.00000,66.00000,65+,True,False,1.00000,1.00000,no_licence,False,False,False,general,2.00000,HBO,11,12.50000,33.30000,,22.01000,4.14000,1.50000,0.00000,12.50000,33.30000,0,20.80000,20.80000,2.72961,<3,6.05179,car
3-2960006945-1,2960006945.00000,2,2,303,102,1.00000,350.00000,CAR,0,350.00000,66.00000,65+,True,False,1.00000,1.00000,no_licence,False,False,False,general,2.00000,HBO,11,12.50000,33.30000,,22.01000,4.14000,1.50000,0.00000,12.50000,33.30000,0,20.80000,20.80000,2.72961,<3,6.05179,car
3-2960006945-2,2960006945.00000,1,2,303,102,1.00000,350.00000,CAR,0,350.00000,71.00000,65+,False,True,1.00000,1.00000,car_available,False,False,False,general,2.00000,HBO,10,12.50000,33.30000,,22.01000,4.14000,1.50000,0.00000,12.50000,33.30000,0,20.80000,20.80000,2.72961,<3,6.05179,car
3-2960006945-2,2960006945.00000,2,2,303,102,1.00000,350.00000,CAR,0,350.00000,71.00000,65+,False,True,1.00000,1.00000,car_available,False,False,False,general,2.00000,HBO,10,12.50000,33.30000,,22.01000,4.14000,1.50000,0.00000,12.50000,33.30000,0,20.80000,20.80000,2.72961,<3,6.05179,car
3-2960006947-2,2960006947.00000,1,2,303,211,0.86103,140.73439,CAR,0,163.44972,58.00000,35-64,False,True,1.00000,1.00000,car_available,True,False,False,general,2.00000,HBW,10,14.65000,30.15000,32.22000,9.25000,9.34000,1.11000,0.00000,14.65000,30.15000,1,15.50000,15.50000,4.04818,3-6,2.43341,car
3-2960006947-2,2960006947.00000,2,2,303,211,0.86103,140.73439,CAR,0,163.44972,58.00000,35-64,False,True,1.00000,1.00000,car_available,True,False,False,general,2.00000,HBW,10,14.65000,30.15000,32.22000,9.25000,9.34000,1.11000,0.00000,14.65000,30.15000,1,15.50000,15.50000,4.04818,3-6,2.43341,car
3-2960007318-2,2960007318.00000,2,3,301,303,1.00000,240.96611,CAR,0,240.96611,62.00000,35-64,False,True,0.00000,1.00000,no_car_hh,True,False,False,general,2.00000,NHB,10,11.18000,21.72000,23.29000,9.24000,5.45000,0.79000,0.00000,11.18000,21.72000,1,10.54000,10.54000,2.21555,<3,4.16650,car
3-2960007318-2,2960007318.00000,2,4,303,301,1.00000,240.96611,CAR,0,240.96611,62.00000,35-64,False,True,0.00000,1.00000,no_car_hh,True,False,False,general,2.00000,NHB,10,10.34000,27.57000,86.94000,11.86000,6.55000,1.30000,0.00000,10.34000,27.57000,1,17.23000,17.23000,2.21555,<3,4.16650,car
3-2960007565-1,2960007565.00000,2,5,301,303,1.00000,162.67456,BUS,1,162.67456,53.00000,35-64,False,False,0.00000,1.00000,no_car_hh,True,False,False,general,2.00000,NHB,3,11.18000,21.72000,23.29000,9.24000,5.45000,0.79000,0.00000,11.18000,21.72000,1,10.54000,10.54000,2.21555,<3,2.81278,transit
3-2960007565-1,2960007565.00000,2,6,303,101,0.92109,149.83723,BUS,1,162.67456,53.00000,35-64,False,False,0.00000,1.00000,no_car_hh,True,False,False,general,2.00000,NHB,3,13.38000,31.79000,89.76000,20.73000,4.70000,0.83000,0.00000,13.38000,31.79000,1,18.41000,18.41000,3.25222,3-6,2.59081,transit
3-2960007565-1,2960007565.00000,2,6,303,301,0.07891,12.83732,BUS,1,162.67456,53.00000,35-64,False,False,0.00000,1.00000,no_car_hh,True,False,False,general,2.00000,NHB,3,10.34000,27.57000,86.94000,11.86000,6.55000,1.30000,0.00000,10.34000,27.57000,1,17.23000,17.23000,2.21555,<3,0.22197,transit
3-2960007565-2,2960007565.00000,1,2,302,208,0.04791,7.79362,BUS,1,162.67456,58.00000,35-64,True,True,0.00000,1.00000,no_car_hh,False,False,False,general,2.00000,HBW,5,21.32000,53.89000,,26.73000,4.58000,5.00000,1.00000,21.32000,53.89000,0,32.57000,32.57000,7.64305,6-10,0.13476,transit
3-2960007565-2,2960007565.00000,1,2,302,209,0.07450,12.11865,BUS,1,162.67456,58.00000,35-64,True,True,0.00000,1.00000,no_car_hh,False,False,False,general,2.00000,HBW,5,20.82000,41.24000,41.24000,26.75000,5.25000,2.00000,0.00000,20.82000,41.24000,1,20.42000,20.42000,7.32977,6-10,0.20954,transit
3-2960008310-1,2960008310.00000,2,4,303,211,0.86103,35.02613,CAR,0,40.67955,54.00000,35-64,True,True,2.00000,1.00000,car_available,True,False,False,general,1.00000,HBO,10,14.65000,30.15000,32.22000,9.25000,9.34000,1.11000,0.00000,14.65000,30.15000,1,15.50000,15.50000,4.04818,3-6,0.60563,car
3-2960008312-1,2960008312.00000,1,2,303,211,0.86103,26.49615,CAR,0,30.77278,30.00000,25-34,False,True,2.00000,2.00000,car_available,True,False,False,general,2.00000,HBW,10,14.65000,30.15000,32.22000,9.25000,9.34000,1.11000,0.00000,14.65000,30.15000,1,15.50000,15.50000,4.04818,3-6,0.45814,car
3-2960008312-1,2960008312.00000,2,3,303,211,0.86103,26.49615,CAR,0,30.77278,30.00000,25-34,False,True,2.00000,2.00000,car_available,True,False,False,general,2.00000,NHB,10,14.65000,30.15000,32.22000,9.25000,9.34000,1.11000,0.00000,14.65000,30.15000,1,15.50000,15.50000,4.04818,3-6,0.45814,car
3-2960008805-1,2960008805.00000,1,2,304,211,0.43871,53.00102,CAR,0,120.81140,37.00000,35-64,False,True,1.00000,2.00000,competition,True,False,False,general,2.00000,HBW,10,12.71000,26.50000,28.79000,5.84000,9.33000,1.00000,0.00000,12.71000,26.50000,1,13.79000,13.79000,2.45015,<3,0.91643,car
3-2960010417-2,2960010417.00000,2,2,211,303,1.00000,217.55318,CAR,0,217.55318,27.00000,25-34,False,True,1.00000,1.00000,car_available,True,False,False,general,3.00000,HBW,10,13.19000,37.34000,77.02000,15.24000,9.85000,1.20000,0.00000,13.19000,37.34000,1,24.15000,24.15000,4.04818,3-6,3.76167,car
3-2960010791-1,2960010791.00000,1,2,303,302,0.49398,20.09472,BUS,1,40.67955,59.00000,35-64,True,False,0.00000,0.00000,no_car_hh,True,False,False,general,1.00000,HBW,3,6.54000,17.11000,80.65000,5.92000,4.90000,0.70000,0.00000,6.54000,17.11000,1,10.57000,10.57000,1.14681,<3,0.34745,transit
3-2960010791-1,2960010791.00000,2,2,303,103,0.36213,14.73128,BUS,1,40.67955,59.00000,35-64,True,False,0.00000,0.00000,no_car_hh,True,False,False,general,1.00000,HBO,3,8.49000,18.98000,,7.17000,4.40000,1.50000,0.00000,8.49000,18.98000,0,10.49000,10.49000,1.83675,<3,0.25472,transit
3-2960010791-1,2960010791.00000,2,2,303,104,0.53249,21.66142,BUS,1,40.67955,59.00000,35-64,True,False,0.00000,0.00000,no_car_hh,True,False,False,general,1.00000,HBO,3,11.20000,31.81000,,15.61000,5.10000,3.00000,0.00000,11.20000,31.81000,0,20.61000,20.61000,2.24488,<3,0.37454,transit
3-2960010791-1,2960010791.00000,2,3,103,303,0.46507,18.91893,BUS,1,40.67955,59.00000,35-64,True,False,0.00000,0.00000,no_car_hh,True,False,False,general,1.00000,HBO,3,9.11000,35.25000,,23.31000,4.21000,1.76000,0.00000,9.11000,35.25000,0,26.14000,26.14000,1.83675,<3,0.32712,transit
3-2960010791-1,2960010791.00000,2,3,104,303,0.36198,14.72516,BUS,1,40.67955,59.00000,35-64,True,False,0.00000,0.00000,no_car_hh,True,False,False,general,1.00000,HBO,3,8.36000,32.24000,,14.56000,4.56000,4.29000,0.00000,8.36000,32.24000,0,23.88000,23.88000,2.24488,<3,0.25461,transit
3-2960011285-1,2960011285.00000,2,2,301,103,0.36213,125.83164,BUS,1,347.47649,53.00000,35-64,True,True,0.00000,2.00000,no_car_hh,False,False,False,general,4.00000,HBW,3,11.62000,34.41000,,16.04000,6.46000,2.73000,0.00000,11.62000,34.41000,0,22.79000,22.79000,2.34100,<3,2.17573,transit
3-2960011285-1,2960011285.00000,2,2,301,104,0.53249,185.02751,BUS,1,347.47649,53.00000,35-64,True,True,0.00000,2.00000,no_car_hh,False,False,False,general,4.00000,HBW,3,15.15000,52.51000,,26.20000,7.16000,6.00000,0.00000,15.15000,52.51000,0,37.36000,37.36000,3.79450,3-6,3.19928,transit
3-2960011285-3,2960011285.00000,1,2,301,212,1.00000,347.47649,BUS,1,347.47649,23.00000,18-24,True,True,0.00000,2.00000,no_car_hh,False,True,False,general,4.00000,HBE,3,17.32000,32.92000,33.92000,16.89000,6.52000,1.50000,0.00000,17.32000,32.92000,1,15.60000,15.60000,5.29366,3-6,6.00815,transit
3-2960011409-1,2960011409.00000,1,2,301,202,1.00000,132.44534,BUS,1,132.44534,31.00000,25-34,False,True,2.00000,2.00000,car_available,True,False,False,general,3.00000,HBW,5,30.60000,62.79000,,31.45000,6.67000,5.00000,1.00000,30.60000,62.79000,0,32.19000,32.19000,13.24980,10-20,2.29009,transit
3-2960011409-1,2960011409.00000,2,2,301,202,1.00000,132.44534,CAR,0,132.44534,31.00000,25-34,False,True,2.00000,2.00000,car_available,True,False,False,general,3.00000,HBW,10,30.60000,62.79000,,31.45000,6.67000,5.00000,1.00000,30.60000,62.79000,0,32.19000,32.19000,13.24980,10-20,2.29009,car
3-2960011660-1,2960011660.00000,1,2,301,103,0.75595,69.62569,BUS,1,92.10297,39.00000,35-64,True,True,0.00000,2.00000,no_car_hh,True,False,False,general,2.00000,HBW,3,11.62000,34.41000,,16.04000,6.46000,2.73000,0.00000,11.62000,34.41000,0,22.79000,22.79000,2.34100,<3,1.20389,transit
3-2960011660-1,2960011660.00000,2,2,301,103,0.75595,69.62569,BUS,1,92.10297,39.00000,35-64,True,True,0.00000,2.00000,no_car_hh,True,False,False,general,2.00000,HBW,5,11.62000,34.41000,,16.04000,6.46000,2.73000,0.00000,11.62000,34.41000,0,22.79000,22.79000,2.34100,<3,1.20389,transit
3-2960011660-2,2960011660.00000,1,2,301,202,0.00000,0.00000,CAR,0,92.10297,43.00000,35-64,False,True,0.00000,2.00000,no_car_hh,True,True,False,general,2.00000,HBW,10,30.60000,62.79000,,31.45000,6.67000,5.00000,1.00000,30.60000,62.79000,0,32.19000,32.19000,13.24980,10-20,0.00000,car
3-2960011908-1,2960011908.00000,1,2,301,303,1.00000,92.10297,BUS,1,92.10297,52.00000,35-64,False,True,1.00000,1.00000,car_available,False,False,False,general,2.00000,HBO,3,11.18000,21.72000,23.29000,9.24000,5.45000,0.79000,0.00000,11.18000,21.72000,1,10.54000,10.54000,2.21555,<3,1.59254,transit
3-2960011908-1,2960011908.00000,2,2,301,303,1.00000,92.10297,CAR,0,92.10297,52.00000,35-64,False,True,1.00000,1.00000,car_available,False,False,False,general,2.00000,HBO,10,11.18000,21.72000,23.29000,9.24000,5.45000,0.79000,0.00000,11.18000,21.72000,1,10.54000,10.54000,2.21555,<3,1.59254,car
3-2960011908-2,2960011908.00000,1,2,301,303,1.00000,92.10297,BUS,1,92.10297,52.00000,35-64,True,False,1.00000,1.00000,no_licence,False,False,False,general,2.00000,HBO,3,11.18000,21.72000,23.29000,9.24000,5.45000,0.79000,0.00000,11.18000,21.72000,1,10.54000,10.54000,2.21555,<3,1.59254,transit
3-2960011908-2,2960011908.00000,2,2,301,303,1.00000,92.10297,CAR,0,92.10297,52.00000,35-64,True,False,1.00000,1.00000,no_licence,False,False,False,general,2.00000,HBO,11,11.18000,21.72000,23.29000,9.24000,5.45000,0.79000,0.00000,11.18000,21.72000,1,10.54000,10.54000,2.21555,<3,1.59254,car
3-2960012032-1,2960012032.00000,2,2,301,303,1.00000,202.09068,BUS,1,202.09068,68.00000,65+,True,False,0.00000,0.00000,no_car_hh,False,False,False,general,2.00000,HBO,3,11.18000,21.72000,23.29000,9.24000,5.45000,0.79000,0.00000,11.18000,21.72000,1,10.54000,10.54000,2.21555,<3,3.49431,transit
3-2960012404-1,2960012404.00000,1,2,303,103,0.36213,56.04059,BUS,1,154.75271,67.00000,65+,False,True,0.00000,1.00000,no_car_hh,False,False,False,general,1.00000,HBO,3,8.49000,18.98000,,7.17000,4.40000,1.50000,0.00000,8.49000,18.98000,0,10.49000,10.49000,1.83675,<3,0.96899,transit
3-2960012404-1,2960012404.00000,1,2,303,104,0.53249,82.40416,BUS,1,154.75271,67.00000,65+,False,True,0.00000,1.00000,no_car_hh,False,False,False,general,1.00000,HBO,3,11.20000,31.81000,,15.61000,5.10000,3.00000,0.00000,11.20000,31.81000,0,20.61000,20.61000,2.24488,<3,1.42484,transit
3-2960012649-1,2960012649.00000,2,2,302,303,0.49186,172.15085,CAR,0,350.00000,22.00000,18-24,False,True,1.00000,2.00000,competition,True,False,False,general,5.00000,HBW,10,7.32000,12.66000,15.53000,2.53000,4.50000,0.56000,0.00000,7.32000,12.66000,1,5.34000,5.34000,1.14681,<3,2.97663,car
3-2960012649-2,2960012649.00000,1,2,302,104,0.26565,92.97919,CAR,0,350.00000,46.00000,35-64,True,True,1.00000,2.00000,competition,True,False,False,general,5.00000,HBW,10,13.44000,44.92000,,20.52000,6.20000,6.00000,0.00000,13.44000,44.92000,0,31.48000,31.48000,2.91375,<3,1.60769,car
3-2960012649-2,2960012649.00000,1,2,302,304,0.22620,79.17166,CAR,0,350.00000,46.00000,35-64,True,True,1.00000,2.00000,competition,True,False,False,general,5.00000,HBW,10,12.37000,24.03000,20.35000,11.55000,5.20000,1.03000,0.00000,12.37000,20.35000,1,11.66000,7.98000,2.65329,<3,1.36894,car
3-2960012649-2,2960012649.00000,2,2,302,104,0.26565,92.97919,CAR,0,350.00000,46.00000,35-64,True,True,1.00000,2.00000,competition,True,False,False,general,5.00000,HBW,10,13.44000,44.92000,,20.52000,6.20000,6.00000,0.00000,13.44000,44.92000,0,31.48000,31.48000,2.91375,<3,1.60769,car
3-2960012649-2,2960012649.00000,2,2,302,304,0.22620,79.17166,CAR,0,350.00000,46.00000,35-64,True,True,1.00000,2.00000,competition,True,False,False,general,5.00000,HBW,10,12.37000,24.03000,20.35000,11.55000,5.20000,1.03000,0.00000,12.37000,20.35000,1,11.66000,7.98000,2.65329,<3,1.36894,car
3-2960012649-3,2960012649.00000,1,2,302,213,0.49186,172.15085,BUS,1,350.00000,19.00000,18-24,True,False,1.00000,2.00000,no_licence,False,False,False,general,5.00000,HBW,3,16.30000,58.12000,,35.90000,6.11000,5.00000,0.00000,16.30000,58.12000,0,41.82000,41.82000,5.00377,3-6,2.97663,transit
3-2960012649-3,2960012649.00000,2,2,302,213,0.49186,172.15085,BUS,1,350.00000,19.00000,18-24,True,False,1.00000,2.00000,no_licence,False,False,False,general,5.00000,HBW,3,16.30000,58.12000,,35.90000,6.11000,5.00000,0.00000,16.30000,58.12000,0,41.82000,41.82000,5.00377,3-6,2.97663,transit
3-2960012773-1,2960012773.00000,1,2,302,304,0.33034,26.39772,CAR,0,79.91067,59.00000,35-64,True,True,1.00000,1.00000,car_available,True,False,False,general,1.00000,HBO,10,12.37000,24.03000,20.35000,11.55000,5.20000,1.03000,0.00000,12.37000,20.35000,1,11.66000,7.98000,2.65329,<3,0.45644,car
3-2960012897-1,2960012897.00000,1,2,303,208,1.00000,197.17992,CAR,0,197.17992,54.00000,35-64,True,True,2.00000,2.00000,car_available,True,True,False,general,2.00000,HBW,10,22.36000,38.62000,,19.67000,3.48000,6.00000,0.00000,22.36000,38.62000,0,16.26000,16.26000,6.63303,6-10,3.40940,car
3-2960012897-1,2960012897.00000,2,2,303,208,1.00000,197.17992,CAR,0,197.17992,54.00000,35-64,True,True,2.00000,2.00000,car_available,True,True,False,general,2.00000,HBW,10,22.36000,38.62000,,19.67000,3.48000,6.00000,0.00000,22.36000,38.62000,0,16.26000,16.26000,6.63303,6-10,3.40940,car
3-2960014137-1,2960014137.00000,1,2,301,303,1.00000,109.40956,CAR,0,109.40956,27.00000,25-34,False,True,0.00000,2.00000,no_car_hh,True,True,False,general,4.00000,HBO,10,11.18000,21.72000,23.29000,9.24000,5.45000,0.79000,0.00000,11.18000,21.72000,1,10.54000,10.54000,2.21555,<3,1.89178,car
3-2960014261-1,2960014261.00000,1,2,301,302,0.49398,65.42481,CAR,0,132.44534,28.00000,25-34,True,False,1.00000,1.00000,no_licence,True,False,False,general,3.00000,HBO,11,10.73000,21.16000,23.77000,5.68000,6.95000,0.79000,0.00000,10.73000,21.16000,1,10.43000,10.43000,1.07030,<3,1.13125,car
3-2960014261-1,2960014261.00000,1,3,302,209,0.32734,43.35401,BUS,1,132.44534,28.00000,25-34,True,False,1.00000,1.00000,no_licence,True,False,False,general,3.00000,NHB,5,20.82000,41.24000,41.24000,26.75000,5.25000,2.00000,0.00000,20.82000,41.24000,1,20.42000,20.42000,7.32977,6-10,0.74963,transit
3-2960014261-1,2960014261.00000,2,2,301,302,0.49398,65.42481,CAR,0,132.44534,28.00000,25-34,True,False,1.00000,1.00000,no_licence,True,False,False,general,3.00000,HBO,11,10.73000,21.16000,23.77000,5.68000,6.95000,0.79000,0.00000,10.73000,21.16000,1,10.43000,10.43000,1.07030,<3,1.13125,car
3-2960014261-1,2960014261.00000,2,3,302,209,0.32734,43.35401,BUS,1,132.44534,28.00000,25-34,True,False,1.00000,1.00000,no_licence,True,False,False,general,3.00000,NHB,5,20.82000,41.24000,41.24000,26.75000,5.25000,2.00000,0.00000,20.82000,41.24000,1,20.42000,20.42000,7.32977,6-10,0.74963,transit
3-2960014261-2,2960014261.00000,1,2,301,302,0.49398,65.42481,CAR,0,132.44534,3.00000,0-17,True,False,1.00000,1.00000,no_licence,False,False,False,general,3.00000,HBO,11,10.73000,21.16000,23.77000,5.68000,6.95000,0.79000,0.00000,10.73000,21.16000,1,10.43000,10.43000,1.07030,<3,1.13125,car
3-2960014261-2,2960014261.00000,2,2,301,302,0.49398,65.42481,CAR,0,132.44534,3.00000,0-17,True,False,1.00000,1.00000,no_licence,False,False,False,general,3.00000,HBE,11,10.73000,21.16000,23.77000,5.68000,6.95000,0.79000,0.00000,10.73000,21.16000,1,10.43000,10.43000,1.07030,<3,1.13125,car
3-2960014261-3,2960014261.00000,1,2,301,302,0.49398,65.42481,CAR,0,132.44534,33.00000,25-34,False,True,1.00000,1.00000,car_available,True,False,False,general,3.00000,HBO,10,10.73000,21.16000,23.77000,5.68000,6.95000,0.79000,0.00000,10.73000,21.16000,1,10.43000,10.43000,1.07030,<3,1.13125,car
3-2960014261-3,2960014261.00000,1,3,302,212,0.49186,65.14451,CAR,0,132.44534,33.00000,25-34,False,True,1.00000,1.00000,car_available,True,False,False,general,3.00000,NHB,10,14.93000,25.01000,26.15000,11.03000,5.56000,1.43000,0.00000,14.93000,25.01000,1,10.08000,10.08000,4.31973,3-6,1.12640,car
3-2960014261-3,2960014261.00000,2,2,301,302,0.49398,65.42481,CAR,0,132.44534,33.00000,25-34,False,True,1.00000,1.00000,car_available,True,False,False,general,3.00000,HBO,10,10.73000,21.16000,23.77000,5.68000,6.95000,0.79000,0.00000,10.73000,21.16000,1,10.43000,10.43000,1.07030,<3,1.13125,car
3-2960014261-3,2960014261.00000,2,3,302,212,0.49186,65.14451,CAR,0,132.44534,33.00000,25-34,False,True,1.00000,1.00000,car_available,True,False,False,general,3.00000,NHB,10,14.93000,25.01000,26.15000,11.03000,5.56000,1.43000,0.00000,14.93000,25.01000,1,10.08000,10.08000,4.31973,3-6,1.12640,car
3-2960014511-1,2960014511.00000,1,2,101,211,0.52644,16.89320,CAR,0,32.08964,62.00000,35-64,False,True,1.00000,2.00000,competition,False,False,False,general,2.00000,HBO,10,19.27000,38.75000,38.14000,17.73000,10.12000,0.39000,0.00000,19.27000,38.14000,1,19.48000,18.87000,6.80312,6-10,0.29210,car
3-2960014511-1,2960014511.00000,1,2,301,211,0.33459,10.73680,CAR,0,32.08964,62.00000,35-64,False,True,1.00000,2.00000,competition,False,False,False,general,2.00000,HBO,10,18.19000,42.93000,44.43000,17.64000,11.40000,1.25000,0.00000,18.19000,42.93000,1,24.74000,24.74000,6.13661,6-10,0.18565,car
3-2960014511-1,2960014511.00000,2,2,101,210,0.40342,12.94563,CAR,0,32.08964,62.00000,35-64,False,True,1.00000,2.00000,competition,False,False,False,general,2.00000,HBO,10,22.46000,42.62000,43.22000,21.84000,9.92000,0.47000,0.00000,22.46000,42.62000,1,20.16000,20.16000,9.07249,6-10,0.22384,car
3-2960014511-1,2960014511.00000,2,2,301,210,0.25640,8.22785,CAR,0,32.08964,62.00000,35-64,False,True,1.00000,2.00000,competition,False,False,False,general,2.00000,HBO,10,23.05000,50.55000,51.22000,24.84000,11.19000,1.67000,0.00000,23.05000,50.55000,1,27.50000,27.50000,8.27360,6-10,0.14227,car
3-2960014511-2,2960014511.00000,1,2,101,303,0.61141,19.61986,CAR,0,32.08964,61.00000,35-64,True,True,1.00000,2.00000,competition,False,False,False,general,2.00000,HBO,11,11.03000,22.25000,21.72000,12.73000,4.18000,0.57000,0.00000,11.03000,21.72000,1,11.22000,10.69000,3.25222,3-6,0.33924,car
3-2960014511-2,2960014511.00000,1,2,301,303,0.38859,12.46978,CAR,0,32.08964,61.00000,35-64,True,True,1.00000,2.00000,competition,False,False,False,general,2.00000,HBO,11,11.18000,21.72000,23.29000,9.24000,5.45000,0.79000,0.00000,11.18000,21.72000,1,10.54000,10.54000,2.21555,<3,0.21561,car
3-2960014511-2,2960014511.00000,2,2,101,210,0.40342,12.94563,CAR,0,32.08964,61.00000,35-64,True,True,1.00000,2.00000,competition,False,False,False,general,2.00000,HBO,11,22.46000,42.62000,43.22000,21.84000,9.92000,0.47000,0.00000,22.46000,42.62000,1,20.16000,20.16000,9.07249,6-10,0.22384,car
3-2960014511-2,2960014511.00000,2,2,301,210,0.25640,8.22785,CAR,0,32.08964,61.00000,35-64,True,True,1.00000,2.00000,competition,False,False,False,general,2.00000,HBO,11,23.05000,50.55000,51.22000,24.84000,11.19000,1.67000,0.00000,23.05000,50.55000,1,27.50000,27.50000,8.27360,6-10,0.14227,car
3-2960014881-3,2960014881.00000,1,2,101,210,0.61141,56.25919,CAR,0,92.01581,23.00000,18-24,True,True,2.00000,2.00000,car_available,False,True,False,general,3.00000,HBW,10,22.46000,42.62000,43.22000,21.84000,9.92000,0.47000,0.00000,22.46000,42.62000,1,20.16000,20.16000,9.07249,6-10,0.97277,car
3-2960014881-3,2960014881.00000,1,2,301,210,0.38859,35.75661,CAR,0,92.01581,23.00000,18-24,True,True,2.00000,2.00000,car_available,False,True,False,general,3.00000,HBW,10,23.05000,50.55000,51.22000,24.84000,11.19000,1.67000,0.00000,23.05000,50.55000,1,27.50000,27.50000,8.27360,6-10,0.61826,car
3-2960014881-3,2960014881.00000,2,2,101,210,0.61141,56.25919,CAR,0,92.01581,23.00000,18-24,True,True,2.00000,2.00000,car_available,False,True,False,general,3.00000,HBW,10,22.46000,42.62000,43.22000,21.84000,9.92000,0.47000,0.00000,22.46000,42.62000,1,20.16000,20.16000,9.07249,6-10,0.97277,car
3-2960014881-3,2960014881.00000,2,2,301,210,0.38859,35.75661,CAR,0,92.01581,23.00000,18-24,True,True,2.00000,2.00000,car_available,False,True,False,general,3.00000,HBW,10,23.05000,50.55000,51.22000,24.84000,11.19000,1.67000,0.00000,23.05000,50.55000,1,27.50000,27.50000,8.27360,6-10,0.61826,car
3-2960014882-2,2960014882.00000,1,2,101,104,0.33022,10.59675,CAR,0,32.08964,53.00000,35-64,True,True,2.00000,2.00000,car_available,True,False,False,general,2.00000,HBW,10,13.28000,23.19000,23.93000,10.59000,5.89000,0.41000,0.00000,13.28000,23.19000,1,9.91000,9.91000,4.20004,3-6,0.18323,car
3-2960014882-2,2960014882.00000,1,2,101,304,0.28118,9.02311,CAR,0,32.08964,53.00000,35-64,True,True,2.00000,2.00000,car_available,True,False,False,general,2.00000,HBW,10,15.02000,33.78000,26.54000,22.42000,4.89000,0.79000,0.00000,15.02000,26.54000,1,18.76000,11.52000,4.47726,3-6,0.15602,car
3-2960014882-2,2960014882.00000,1,2,301,104,0.20988,6.73497,CAR,0,32.08964,53.00000,35-64,True,True,2.00000,2.00000,car_available,True,False,False,general,2.00000,HBW,10,15.15000,52.51000,,26.20000,7.16000,6.00000,0.00000,15.15000,52.51000,0,37.36000,37.36000,3.79450,3-6,0.11645,car
3-2960014882-2,2960014882.00000,1,2,301,304,0.17871,5.73481,CAR,0,32.08964,53.00000,35-64,True,True,2.00000,2.00000,car_available,True,False,False,general,2.00000,HBW,10,13.73000,31.12000,28.11000,16.58000,6.16000,1.11000,0.00000,13.73000,28.11000,1,17.39000,14.38000,3.69791,3-6,0.09916,car
3-2960014883-1,2960014883.00000,2,2,101,301,0.61141,43.04955,CAR,0,70.41052,67.00000,65+,False,True,1.00000,2.00000,competition,False,False,False,general,2.00000,HBO,10,7.94000,18.09000,19.63000,2.14000,7.33000,0.64000,0.00000,7.94000,18.09000,1,10.15000,10.15000,1.35205,<3,0.74436,car
3-2960014883-1,2960014883.00000,2,3,301,101,0.92109,64.85413,CAR,0,70.41052,67.00000,65+,False,True,1.00000,2.00000,competition,False,False,False,general,2.00000,HBO,10,7.20000,22.23000,101.43000,6.51000,6.75000,1.11000,0.00000,7.20000,22.23000,1,15.03000,15.03000,1.35205,<3,1.12138,car
3-2960015005-2,2960015005.00000,1,2,101,302,0.30202,52.05302,CAR,0,172.34913,39.00000,35-64,True,True,2.00000,2.00000,car_available,True,False,False,general,5.00000,HBO,10,10.13000,20.47000,22.19000,7.82000,5.68000,0.64000,0.00000,10.13000,20.47000,1,10.34000,10.34000,2.17743,<3,0.90004,car
3-2960015005-2,2960015005.00000,1,2,301,302,0.19196,33.08330,CAR,0,172.34913,39.00000,35-64,True,True,2.00000,2.00000,car_available,True,False,False,general,5.00000,HBO,10,10.73000,21.16000,23.77000,5.68000,6.95000,0.79000,0.00000,10.73000,21.16000,1,10.43000,10.43000,1.07030,<3,0.57204,car
3-2960015005-2,2960015005.00000,1,3,302,304,0.17477,30.12086,CAR,0,172.34913,39.00000,35-64,True,True,2.00000,2.00000,car_available,True,False,False,general,5.00000,NHB,10,12.37000,24.03000,20.35000,11.55000,5.20000,1.03000,0.00000,12.37000,20.35000,1,11.66000,7.98000,2.65329,<3,0.52081,car
3-2960015005-2,2960015005.00000,2,2,101,301,0.61141,105.37562,CAR,0,172.34913,39.00000,35-64,True,True,2.00000,2.00000,car_available,True,False,False,general,5.00000,HBO,10,7.94000,18.09000,19.63000,2.14000,7.33000,0.64000,0.00000,7.94000,18.09000,1,10.15000,10.15000,1.35205,<3,1.82203,car
3-2960015005-2,2960015005.00000,2,3,301,304,0.35532,61.23873,CAR,0,172.34913,39.00000,35-64,True,True,2.00000,2.00000,car_available,True,False,False,general,5.00000,NHB,10,13.73000,31.12000,28.11000,16.58000,6.16000,1.11000,0.00000,13.73000,28.11000,1,17.39000,14.38000,3.69791,3-6,1.05887,car
3-2960015005-5,2960015005.00000,1,2,101,301,0.61141,105.37562,CAR,0,172.34913,2.00000,0-17,False,False,2.00000,2.00000,no_licence,False,False,False,general,5.00000,HBE,11,7.94000,18.09000,19.63000,2.14000,7.33000,0.64000,0.00000,7.94000,18.09000,1,10.15000,10.15000,1.35205,<3,1.82203,car
3-2960015005-5,2960015005.00000,2,2,101,301,0.61141,105.37562,CAR,0,172.34913,2.00000,0-17,False,False,2.00000,2.00000,no_licence,False,False,False,general,5.00000,HBE,11,7.94000,18.09000,19.63000,2.14000,7.33000,0.64000,0.00000,7.94000,18.09000,1,10.15000,10.15000,1.35205,<3,1.82203,car
3-2960015006-1,2960015006.00000,1,2,101,208,0.05955,4.19321,BUS,1,70.41052,66.00000,65+,True,False,1.00000,1.00000,no_licence,True,False,False,general,2.00000,HBW,5,26.48000,48.21000,48.21000,34.23000,4.26000,2.73000,0.00000,26.48000,48.21000,1,21.73000,21.73000,9.82022,6-10,0.07250,transit
3-2960015006-1,2960015006.00000,1,2,101,209,0.09260,6.52021,BUS,1,70.41052,66.00000,65+,True,False,1.00000,1.00000,no_licence,True,False,False,general,2.00000,HBW,5,23.52000,45.90000,45.90000,33.82000,4.93000,1.11000,0.00000,23.52000,45.90000,1,22.38000,22.38000,9.45878,6-10,0.11274,transit
3-2960015006-1,2960015006.00000,1,2,301,208,0.03785,2.66508,BUS,1,70.41052,66.00000,65+,True,False,1.00000,1.00000,no_licence,True,False,False,general,2.00000,HBW,5,24.10000,57.67000,,28.60000,5.53000,5.00000,1.00000,24.10000,57.67000,0,33.57000,33.57000,8.58281,6-10,0.04608,transit
3-2960015006-1,2960015006.00000,1,2,301,209,0.05886,4.14405,BUS,1,70.41052,66.00000,65+,True,False,1.00000,1.00000,no_licence,True,False,False,general,2.00000,HBW,5,22.09000,49.00000,49.00000,32.60000,6.20000,2.00000,0.00000,22.09000,49.00000,1,26.91000,26.91000,8.36528,6-10,0.07165,transit
3-2960015008-1,2960015008.00000,1,2,101,104,0.61141,43.04955,CAR,0,70.41052,66.00000,65+,True,True,1.00000,2.00000,competition,False,False,False,general,2.00000,HBO,10,13.28000,23.19000,23.93000,10.59000,5.89000,0.41000,0.00000,13.28000,23.19000,1,9.91000,9.91000,4.20004,3-6,0.74436,car
3-2960015008-1,2960015008.00000,1,2,301,104,0.38859,27.36097,CAR,0,70.41052,66.00000,65+,True,True,1.00000,2.00000,competition,False,False,False,general,2.00000,HBO,10,15.15000,52.51000,,26.20000,7.16000,6.00000,0.00000,15.15000,52.51000,0,37.36000,37.36000,3.79450,3-6,0.47309,car
3-2960015008-2,2960015008.00000,1,2,101,104,0.61141,43.04955,CAR,0,70.41052,73.00000,65+,False,True,1.00000,2.00000,competition,False,False,False,general,2.00000,HBO,11,13.28000,23.19000,23.93000,10.59000,5.89000,0.41000,0.00000,13.28000,23.19000,1,9.91000,9.91000,4.20004,3-6,0.74436,car
3-2960015008-2,2960015008.00000,1,2,301,104,0.38859,27.36097,CAR,0,70.41052,73.00000,65+,False,True,1.00000,2.00000,competition,False,False,False,general,2.00000,HBO,11,15.15000,52.51000,,26.20000,7.16000,6.00000,0.00000,15.15000,52.51000,0,37.36000,37.36000,3.79450,3-6,0.47309,car
3-2960015129-1,2960015129.00000,1,2,101,303,0.61141,92.01608,CAR,0,150.49867,73.00000,65+,False,True,1.00000,1.00000,car_available,False,False,False,general,4.00000,HBO,10,11.03000,22.25000,21.72000,12.73000,4.18000,0.57000,0.00000,11.03000,21.72000,1,11.22000,10.69000,3.25222,3-6,1.59103,car
3-2960015129-1,2960015129.00000,1,2,301,303,0.38859,58.48259,CAR,0,150.49867,73.00000,65+,False,True,1.00000,1.00000,car_available,False,False,False,general,4.00000,HBO,10,11.18000,21.72000,23.29000,9.24000,5.45000,0.79000,0.00000,11.18000,21.72000,1,10.54000,10.54000,2.21555,<3,1.01121,car
3-2960015253-1,2960015253.00000,1,2,101,302,0.61141,15.39825,CAR,0,25.18491,66.00000,65+,False,True,1.00000,1.00000,car_available,True,False,False,general,1.00000,HBO,10,10.13000,20.47000,22.19000,7.82000,5.68000,0.64000,0.00000,10.13000,20.47000,1,10.34000,10.34000,2.17743,<3,0.26625,car
3-2960015253-1,2960015253.00000,1,2,301,302,0.38859,9.78666,CAR,0,25.18491,66.00000,65+,False,True,1.00000,1.00000,car_available,True,False,False,general,1.00000,HBO,10,10.73000,21.16000,23.77000,5.68000,6.95000,0.79000,0.00000,10.73000,21.16000,1,10.43000,10.43000,1.07030,<3,0.16922,car
3-2960015253-1,2960015253.00000,1,3,302,101,0.92109,23.19747,CAR,0,25.18491,66.00000,65+,False,True,1.00000,1.00000,car_available,True,False,False,general,1.00000,HBO,10,12.07000,32.32000,93.66000,18.85000,5.79000,0.94000,0.00000,12.07000,32.32000,1,20.25000,20.25000,2.17743,<3,0.40110,car
3-2960015253-1,2960015253.00000,1,3,302,301,0.07891,1.98745,CAR,0,25.18491,66.00000,65+,False,True,1.00000,1.00000,car_available,True,False,False,general,1.00000,HBO,10,8.23000,29.93000,91.12000,12.49000,7.65000,1.07000,0.00000,8.23000,29.93000,1,21.70000,21.70000,1.07030,<3,0.03436,car
3-2960015253-1,2960015253.00000,2,2,101,303,0.61141,15.39825,CAR,0,25.18491,66.00000,65+,False,True,1.00000,1.00000,car_available,True,False,False,general,1.00000,HBO,10,11.03000,22.25000,21.72000,12.73000,4.18000,0.57000,0.00000,11.03000,21.72000,1,11.22000,10.69000,3.25222,3-6,0.26625,car
3-2960015253-1,2960015253.00000,2,2,301,303,0.38859,9.78666,CAR,0,25.18491,66.00000,65+,False,True,1.00000,1.00000,car_available,True,False,False,general,1.00000,HBO,10,11.18000,21.72000,23.29000,9.24000,5.45000,0.79000,0.00000,11.18000,21.72000,1,10.54000,10.54000,2.21555,<3,0.16922,car
3-2960015255-2,2960015255.00000,1,2,101,210,0.40342,14.26225,CAR,0,35.35326,65.00000,65+,False,True,0.00000,3.00000,no_car_hh,False,False,False,general,3.00000,HBO,10,22.46000,42.62000,43.22000,21.84000,9.92000,0.47000,0.00000,22.46000,42.62000,1,20.16000,20.16000,9.07249,6-10,0.24661,car
3-2960015255-2,2960015255.00000,1,2,301,210,0.25640,9.06465,CAR,0,35.35326,65.00000,65+,False,True,0.00000,3.00000,no_car_hh,False,False,False,general,3.00000,HBO,10,23.05000,50.55000,51.22000,24.84000,11.19000,1.67000,0.00000,23.05000,50.55000,1,27.50000,27.50000,8.27360,6-10,0.15674,car
3-2960015255-2,2960015255.00000,1,3,210,304,0.07493,2.64910,CAR,0,35.35326,65.00000,65+,False,True,0.00000,3.00000,no_car_hh,False,False,False,general,3.00000,NHB,10,15.33000,60.98000,62.23000,41.65000,7.79000,1.88000,0.00000,15.33000,60.98000,1,45.65000,45.65000,4.60641,3-6,0.04581,car
3-2960015255-2,2960015255.00000,2,2,101,304,0.41063,14.51714,CAR,0,35.35326,65.00000,65+,False,True,0.00000,3.00000,no_car_hh,False,False,False,general,3.00000,HBO,10,15.02000,33.78000,26.54000,22.42000,4.89000,0.79000,0.00000,15.02000,26.54000,1,18.76000,11.52000,4.47726,3-6,0.25101,car
3-2960015255-2,2960015255.00000,2,2,301,304,0.26098,9.22665,CAR,0,35.35326,65.00000,65+,False,True,0.00000,3.00000,no_car_hh,False,False,False,general,3.00000,HBO,10,13.73000,31.12000,28.11000,16.58000,6.16000,1.11000,0.00000,13.73000,28.11000,1,17.39000,14.38000,3.69791,3-6,0.15954,car
3-2960015256-2,2960015256.00000,2,2,101,210,0.40342,69.52924,CAR,0,172.34913,40.00000,35-64,True,True,0.00000,2.00000,no_car_hh,True,False,False,general,5.00000,HBW,10,22.46000,42.62000,43.22000,21.84000,9.92000,0.47000,0.00000,22.46000,42.62000,1,20.16000,20.16000,9.07249,6-10,1.20222,car
3-2960015256-2,2960015256.00000,2,2,301,210,0.25640,44.19065,CAR,0,172.34913,40.00000,35-64,True,True,0.00000,2.00000,no_car_hh,True,False,False,general,5.00000,HBW,10,23.05000,50.55000,51.22000,24.84000,11.19000,1.67000,0.00000,23.05000,50.55000,1,27.50000,27.50000,8.27360,6-10,0.76409,car
3-2960015256-3,2960015256.00000,1,2,101,104,0.61141,105.37562,CAR,0,172.34913,17.00000,0-17,False,False,0.00000,2.00000,no_car_hh,False,True,False,general,5.00000,HBE,11,13.28000,23.19000,23.93000,10.59000,5.89000,0.41000,0.00000,13.28000,23.19000,1,9.91000,9.91000,4.20004,3-6,1.82203,car
3-2960015256-3,2960015256.00000,1,2,301,104,0.38859,66.97351,CAR,0,172.34913,17.00000,0-17,False,False,0.00000,2.00000,no_car_hh,False,True,False,general,5.00000,HBE,11,15.15000,52.51000,,26.20000,7.16000,6.00000,0.00000,15.15000,52.51000,0,37.36000,37.36000,3.79450,3-6,1.15803,car
3-2960015256-3,2960015256.00000,2,2,101,104,0.61141,105.37562,CAR,0,172.34913,17.00000,0-17,False,False,0.00000,2.00000,no_car_hh,False,True,False,general,5.00000,HBE,11,13.28000,23.19000,23.93000,10.59000,5.89000,0.41000,0.00000,13.28000,23.19000,1,9.91000,9.91000,4.20004,3-6,1.82203,car
3-2960015256-3,2960015256.00000,2,2,301,104,0.38859,66.97351,CAR,0,172.34913,17.00000,0-17,False,False,0.00000,2.00000,no_car_hh,False,True,False,general,5.00000,HBE,11,15.15000,52.51000,,26.20000,7.16000,6.00000,0.00000,15.15000,52.51000,0,37.36000,37.36000,3.79450,3-6,1.15803,car
3-2960015256-5,2960015256.00000,1,2,101,301,0.04825,8.31563,CAR,0,172.34913,6.00000,0-17,False,False,0.00000,2.00000,no_car_hh,False,False,False,general,5.00000,HBE,11,7.94000,18.09000,19.63000,2.14000,7.33000,0.64000,0.00000,7.94000,18.09000,1,10.15000,10.15000,1.35205,<3,0.14378,car
3-2960015256-5,2960015256.00000,1,2,301,101,0.35793,61.68835,CAR,0,172.34913,6.00000,0-17,False,False,0.00000,2.00000,no_car_hh,False,False,False,general,5.00000,HBE,11,7.20000,22.23000,101.43000,6.51000,6.75000,1.11000,0.00000,7.20000,22.23000,1,15.03000,15.03000,1.35205,<3,1.06664,car
3-2960015256-5,2960015256.00000,2,2,101,301,0.04825,8.31563,CAR,0,172.34913,6.00000,0-17,False,False,0.00000,2.00000,no_car_hh,False,False,False,general,5.00000,HBE,11,7.94000,18.09000,19.63000,2.14000,7.33000,0.64000,0.00000,7.94000,18.09000,1,10.15000,10.15000,1.35205,<3,0.14378,car
3-2960015256-5,2960015256.00000,2,2,301,101,0.35793,61.68835,CAR,0,172.34913,6.00000,0-17,False,False,0.00000,2.00000,no_car_hh,False,False,False,general,5.00000,HBE,11,7.20000,22.23000,101.43000,6.51000,6.75000,1.11000,0.00000,7.20000,22.23000,1,15.03000,15.03000,1.35205,<3,1.06664,car
3-2960015377-1,2960015377.00000,2,2,101,303,0.61141,117.37926,CAR,0,191.98192,34.00000,25-34,True,True,2.00000,2.00000,car_available,True,False,False,general,4.00000,HBO,10,11.03000,22.25000,21.72000,12.73000,4.18000,0.57000,0.00000,11.03000,21.72000,1,11.22000,10.69000,3.25222,3-6,2.02958,car
3-2960015377-1,2960015377.00000,2,2,301,303,0.38859,74.60265,CAR,0,191.98192,34.00000,25-34,True,True,2.00000,2.00000,car_available,True,False,False,general,4.00000,HBO,10,11.18000,21.72000,23.29000,9.24000,5.45000,0.79000,0.00000,11.18000,21.72000,1,10.54000,10.54000,2.21555,<3,1.28994,car
3-2960015377-2,2960015377.00000,1,2,101,301,0.04825,9.26288,CAR,0,191.98192,40.00000,35-64,False,True,2.00000,2.00000,car_available,True,False,False,general,4.00000,HBO,10,7.94000,18.09000,19.63000,2.14000,7.33000,0.64000,0.00000,7.94000,18.09000,1,10.15000,10.15000,1.35205,<3,0.16016,car
3-2960015377-2,2960015377.00000,1,2,301,101,0.35793,68.71545,CAR,0,191.98192,40.00000,35-64,False,True,2.00000,2.00000,car_available,True,False,False,general,4.00000,HBO,10,7.20000,22.23000,101.43000,6.51000,6.75000,1.11000,0.00000,7.20000,22.23000,1,15.03000,15.03000,1.35205,<3,1.18815,car
3-2960015377-2,2960015377.00000,1,3,101,301,0.04825,9.26288,CAR,0,191.98192,40.00000,35-64,False,True,2.00000,2.00000,car_available,True,False,False,general,4.00000,HBO,10,7.94000,18.09000,19.63000,2.14000,7.33000,0.64000,0.00000,7.94000,18.09000,1,10.15000,10.15000,1.35205,<3,0.16016,car
3-2960015377-2,2960015377.00000,1,3,301,101,0.35793,68.71545,CAR,0,191.98192,40.00000,35-64,False,True,2.00000,2.00000,car_available,True,False,False,general,4.00000,HBO,10,7.20000,22.23000,101.43000,6.51000,6.75000,1.11000,0.00000,7.20000,22.23000,1,15.03000,15.03000,1.35205,<3,1.18815,car
3-2960015377-2,2960015377.00000,1,4,101,303,0.61141,117.37926,CAR,0,191.98192,40.00000,35-64,False,True,2.00000,2.00000,car_available,True,False,False,general,4.00000,HBO,10,11.03000,22.25000,21.72000,12.73000,4.18000,0.57000,0.00000,11.03000,21.72000,1,11.22000,10.69000,3.25222,3-6,2.02958,car
3-2960015377-2,2960015377.00000,1,4,301,303,0.38859,74.60265,CAR,0,191.98192,40.00000,35-64,False,True,2.00000,2.00000,car_available,True,False,False,general,4.00000,HBO,10,11.18000,21.72000,23.29000,9.24000,5.45000,0.79000,0.00000,11.18000,21.72000,1,10.54000,10.54000,2.21555,<3,1.28994,car
3-2960015377-2,2960015377.00000,2,2,101,301,0.04825,9.26288,CAR,0,191.98192,40.00000,35-64,False,True,2.00000,2.00000,car_available,True,False,False,general,4.00000,HBO,10,7.94000,18.09000,19.63000,2.14000,7.33000,0.64000,0.00000,7.94000,18.09000,1,10.15000,10.15000,1.35205,<3,0.16016,car
3-2960015377-2,2960015377.00000,2,2,301,101,0.35793,68.71545,CAR,0,191.98192,40.00000,35-64,False,True,2.00000,2.00000,car_available,True,False,False,general,4.00000,HBO,10,7.20000,22.23000,101.43000,6.51000,6.75000,1.11000,0.00000,7.20000,22.23000,1,15.03000,15.03000,1.35205,<3,1.18815,car
3-2960015377-2,2960015377.00000,2,3,101,301,0.04825,9.26288,CAR,0,191.98192,40.00000,35-64,False,True,2.00000,2.00000,car_available,True,False,False,general,4.00000,HBO,10,7.94000,18.09000,19.63000,2.14000,7.33000,0.64000,0.00000,7.94000,18.09000,1,10.15000,10.15000,1.35205,<3,0.16016,car
3-2960015377-2,2960015377.00000,2,3,301,101,0.35793,68.71545,CAR,0,191.98192,40.00000,35-64,False,True,2.00000,2.00000,car_available,True,False,False,general,4.00000,HBO,10,7.20000,22.23000,101.43000,6.51000,6.75000,1.11000,0.00000,7.20000,22.23000,1,15.03000,15.03000,1.35205,<3,1.18815,car
3-2960015377-3,2960015377.00000,1,2,101,301,0.04825,9.26288,CAR,0,191.98192,3.00000,0-17,True,False,2.00000,2.00000,no_licence,False,False,False,general,4.00000,HBE,11,7.94000,18.09000,19.63000,2.14000,7.33000,0.64000,0.00000,7.94000,18.09000,1,10.15000,10.15000,1.35205,<3,0.16016,car
3-2960015377-3,2960015377.00000,1,2,301,101,0.35793,68.71545,CAR,0,191.98192,3.00000,0-17,True,False,2.00000,2.00000,no_licence,False,False,False,general,4.00000,HBE,11,7.20000,22.23000,101.43000,6.51000,6.75000,1.11000,0.00000,7.20000,22.23000,1,15.03000,15.03000,1.35205,<3,1.18815,car
3-2960015377-3,2960015377.00000,2,2,101,301,0.04825,9.26288,CAR,0,191.98192,3.00000,0-17,True,False,2.00000,2.00000,no_licence,False,False,False,general,4.00000,HBE,11,7.94000,18.09000,19.63000,2.14000,7.33000,0.64000,0.00000,7.94000,18.09000,1,10.15000,10.15000,1.35205,<3,0.16016,car
3-2960015377-3,2960015377.00000,2,2,301,101,0.35793,68.71545,CAR,0,191.98192,3.00000,0-17,True,False,2.00000,2.00000,no_licence,False,False,False,general,4.00000,HBE,11,7.20000,22.23000,101.43000,6.51000,6.75000,1.11000,0.00000,7.20000,22.23000,1,15.03000,15.03000,1.35205,<3,1.18815,car
3-2960015377-4,2960015377.00000,1,2,101,303,0.61141,117.37926,CAR,0,191.98192,1.00000,0-17,True,False,2.00000,2.00000,no_licence,False,False,False,general,4.00000,HBE,11,11.03000,22.25000,21.72000,12.73000,4.18000,0.57000,0.00000,11.03000,21.72000,1,11.22000,10.69000,3.25222,3-6,2.02958,car
3-2960015377-4,2960015377.00000,1,2,301,303,0.38859,74.60265,CAR,0,191.98192,1.00000,0-17,True,False,2.00000,2.00000,no_licence,False,False,False,general,4.00000,HBE,11,11.18000,21.72000,23.29000,9.24000,5.45000,0.79000,0.00000,11.18000,21.72000,1,10.54000,10.54000,2.21555,<3,1.28994,car
3-2960015377-4,2960015377.00000,2,2,101,303,0.61141,117.37926,CAR,0,191.98192,1.00000,0-17,True,False,2.00000,2.00000,no_licence,False,False,False,general,4.00000,HBE,11,11.03000,22.25000,21.72000,12.73000,4.18000,0.57000,0.00000,11.03000,21.72000,1,11.22000,10.69000,3.25222,3-6,2.02958,car
3-2960015377-4,2960015377.00000,2,2,301,303,0.38859,74.60265,CAR,0,191.98192,1.00000,0-17,True,False,2.00000,2.00000,no_licence,False,False,False,general,4.00000,HBE,11,11.18000,21.72000,23.29000,9.24000,5.45000,0.79000,0.00000,11.18000,21.72000,1,10.54000,10.54000,2.21555,<3,1.28994,car
3-2960015502-1,2960015502.00000,1,2,101,104,0.30716,40.28491,CAR,0,131.15486,32.00000,25-34,True,True,2.00000,2.00000,car_available,True,True,False,general,4.00000,HBO,10,13.28000,23.19000,23.93000,10.59000,5.89000,0.41000,0.00000,13.28000,23.19000,1,9.91000,9.91000,4.20004,3-6,0.69656,car
3-2960015502-1,2960015502.00000,1,2,101,304,0.19474,25.54146,CAR,0,131.15486,32.00000,25-34,True,True,2.00000,2.00000,car_available,True,True,False,general,4.00000,HBO,10,15.02000,33.78000,26.54000,22.42000,4.89000,0.79000,0.00000,15.02000,26.54000,1,18.76000,11.52000,4.47726,3-6,0.44163,car
3-2960015502-1,2960015502.00000,1,2,301,104,0.19522,25.60385,CAR,0,131.15486,32.00000,25-34,True,True,2.00000,2.00000,car_available,True,True,False,general,4.00000,HBO,10,15.15000,52.51000,,26.20000,7.16000,6.00000,0.00000,15.15000,52.51000,0,37.36000,37.36000,3.79450,3-6,0.44271,car
3-2960015502-1,2960015502.00000,1,2,301,304,0.12377,16.23337,CAR,0,131.15486,32.00000,25-34,True,True,2.00000,2.00000,car_available,True,True,False,general,4.00000,HBO,10,13.73000,31.12000,28.11000,16.58000,6.16000,1.11000,0.00000,13.73000,28.11000,1,17.39000,14.38000,3.69791,3-6,0.28069,car
3-2960015502-1,2960015502.00000,1,3,104,103,0.42329,55.51622,CAR,0,131.15486,32.00000,25-34,True,True,2.00000,2.00000,car_available,True,True,False,general,4.00000,NHB,10,6.92000,15.99000,18.19000,4.07000,5.56000,0.40000,0.00000,6.92000,15.99000,1,9.07000,9.07000,1.66098,<3,0.95992,car
3-2960015502-1,2960015502.00000,1,3,304,103,0.28907,37.91352,CAR,0,131.15486,32.00000,25-34,True,True,2.00000,2.00000,car_available,True,True,False,general,4.00000,NHB,10,10.90000,36.20000,,20.74000,4.39000,3.33000,0.00000,10.90000,36.20000,0,25.30000,25.30000,2.21445,<3,0.65556,car
3-2960015502-1,2960015502.00000,2,2,101,104,0.30716,40.28491,CAR,0,131.15486,32.00000,25-34,True,True,2.00000,2.00000,car_available,True,True,False,general,4.00000,HBO,10,13.28000,23.19000,23.93000,10.59000,5.89000,0.41000,0.00000,13.28000,23.19000,1,9.91000,9.91000,4.20004,3-6,0.69656,car
3-2960015502-1,2960015502.00000,2,2,101,304,0.19474,25.54146,CAR,0,131.15486,32.00000,25-34,True,True,2.00000,2.00000,car_available,True,True,False,general,4.00000,HBO,10,15.02000,33.78000,26.54000,22.42000,4.89000,0.79000,0.00000,15.02000,26.54000,1,18.76000,11.52000,4.47726,3-6,0.44163,car
3-2960015502-1,2960015502.00000,2,2,301,104,0.19522,25.60385,CAR,0,131.15486,32.00000,25-34,True,True,2.00000,2.00000,car_available,True,True,False,general,4.00000,HBO,10,15.15000,52.51000,,26.20000,7.16000,6.00000,0.00000,15.15000,52.51000,0,37.36000,37.36000,3.79450,3-6,0.44271,car
3-2960015502-1,2960015502.00000,2,2,301,304,0.12377,16.23337,CAR,0,131.15486,32.00000,25-34,True,True,2.00000,2.00000,car_available,True,True,False,general,4.00000,HBO,10,13.73000,31.12000,28.11000,16.58000,6.16000,1.11000,0.00000,13.73000,28.11000,1,17.39000,14.38000,3.69791,3-6,0.28069,car
3-2960015502-2,2960015502.00000,1,2,101,302,0.30202,39.61149,CAR,0,131.15486,34.00000,25-34,False,True,2.00000,2.00000,car_available,True,False,False,general,4.00000,HBO,10,10.13000,20.47000,22.19000,7.82000,5.68000,0.64000,0.00000,10.13000,20.47000,1,10.34000,10.34000,2.17743,<3,0.68492,car
3-2960015502-2,2960015502.00000,1,2,301,302,0.19196,25.17585,CAR,0,131.15486,34.00000,25-34,False,True,2.00000,2.00000,car_available,True,False,False,general,4.00000,HBO,10,10.73000,21.16000,23.77000,5.68000,6.95000,0.79000,0.00000,10.73000,21.16000,1,10.43000,10.43000,1.07030,<3,0.43531,car
3-2960015502-2,2960015502.00000,1,3,302,301,0.49186,64.50977,CAR,0,131.15486,34.00000,25-34,False,True,2.00000,2.00000,car_available,True,False,False,general,4.00000,NHB,10,8.23000,29.93000,91.12000,12.49000,7.65000,1.07000,0.00000,8.23000,29.93000,1,21.70000,21.70000,1.07030,<3,1.11543,car
3-2960015502-2,2960015502.00000,2,2,101,302,0.30202,39.61149,CAR,0,131.15486,34.00000,25-34,False,True,2.00000,2.00000,car_available,True,False,False,general,4.00000,HBO,10,10.13000,20.47000,22.19000,7.82000,5.68000,0.64000,0.00000,10.13000,20.47000,1,10.34000,10.34000,2.17743,<3,0.68492,car
3-2960015502-2,2960015502.00000,2,2,301,302,0.19196,25.17585,CAR,0,131.15486,34.00000,25-34,False,True,2.00000,2.00000,car_available,True,False,False,general,4.00000,HBO,10,10.73000,21.16000,23.77000,5.68000,6.95000,0.79000,0.00000,10.73000,21.16000,1,10.43000,10.43000,1.07030,<3,0.43531,car
3-2960015502-2,2960015502.00000,2,3,302,102,0.06026,7.90352,CAR,0,131.15486,34.00000,25-34,False,True,2.00000,2.00000,car_available,True,False,False,general,4.00000,NHB,10,10.57000,31.26000,,16.77000,5.24000,2.00000,0.00000,10.57000,31.26000,0,20.69000,20.69000,1.91849,<3,0.13666,car
3-2960015502-3,2960015502.00000,1,2,101,302,0.30202,39.61149,CAR,0,131.15486,3.00000,0-17,True,False,2.00000,2.00000,no_licence,False,False,False,general,4.00000,HBE,11,10.13000,20.47000,22.19000,7.82000,5.68000,0.64000,0.00000,10.13000,20.47000,1,10.34000,10.34000,2.17743,<3,0.68492,car
3-2960015502-3,2960015502.00000,1,2,301,302,0.19196,25.17585,CAR,0,131.15486,3.00000,0-17,True,False,2.00000,2.00000,no_licence,False,False,False,general,4.00000,HBE,11,10.73000,21.16000,23.77000,5.68000,6.95000,0.79000,0.00000,10.73000,21.16000,1,10.43000,10.43000,1.07030,<3,0.43531,car
3-2960015502-3,2960015502.00000,2,2,101,302,0.30202,39.61149,CAR,0,131.15486,3.00000,0-17,True,False,2.00000,2.00000,no_licence,False,False,False,general,4.00000,HBE,11,10.13000,20.47000,22.19000,7.82000,5.68000,0.64000,0.00000,10.13000,20.47000,1,10.34000,10.34000,2.17743,<3,0.68492,car
3-2960015502-3,2960015502.00000,2,2,301,302,0.19196,25.17585,CAR,0,131.15486,3.00000,0-17,True,False,2.00000,2.00000,no_licence,False,False,False,general,4.00000,HBE,11,10.73000,21.16000,23.77000,5.68000,6.95000,0.79000,0.00000,10.73000,21.16000,1,10.43000,10.43000,1.07030,<3,0.43531,car
3-2960015502-4,2960015502.00000,1,2,101,104,0.30716,40.28491,CAR,0,131.15486,1.00000,0-17,True,False,2.00000,2.00000,no_licence,False,False,False,general,4.00000,HBO,11,13.28000,23.19000,23.93000,10.59000,5.89000,0.41000,0.00000,13.28000,23.19000,1,9.91000,9.91000,4.20004,3-6,0.69656,car
3-2960015502-4,2960015502.00000,1,2,101,304,0.19474,25.54146,CAR,0,131.15486,1.00000,0-17,True,False,2.00000,2.00000,no_licence,False,False,False,general,4.00000,HBO,11,15.02000,33.78000,26.54000,22.42000,4.89000,0.79000,0.00000,15.02000,26.54000,1,18.76000,11.52000,4.47726,3-6,0.44163,car
3-2960015502-4,2960015502.00000,1,2,301,104,0.19522,25.60385,CAR,0,131.15486,1.00000,0-17,True,False,2.00000,2.00000,no_licence,False,False,False,general,4.00000,HBO,11,15.15000,52.51000,,26.20000,7.16000,6.00000,0.00000,15.15000,52.51000,0,37.36000,37.36000,3.79450,3-6,0.44271,car
3-2960015502-4,2960015502.00000,1,2,301,304,0.12377,16.23337,CAR,0,131.15486,1.00000,0-17,True,False,2.00000,2.00000,no_licence,False,False,False,general,4.00000,HBO,11,13.73000,31.12000,28.11000,16.58000,6.16000,1.11000,0.00000,13.73000,28.11000,1,17.39000,14.38000,3.69791,3-6,0.28069,car
3-2960015502-4,2960015502.00000,2,2,101,104,0.30716,40.28491,CAR,0,131.15486,1.00000,0-17,True,False,2.00000,2.00000,no_licence,False,False,False,general,4.00000,HBO,11,13.28000,23.19000,23.93000,10.59000,5.89000,0.41000,0.00000,13.28000,23.19000,1,9.91000,9.91000,4.20004,3-6,0.69656,car
3-2960015502-4,2960015502.00000,2,2,101,304,0.19474,25.54146,CAR,0,131.15486,1.00000,0-17,True,False,2.00000,2.00000,no_licence,False,False,False,general,4.00000,HBO,11,15.02000,33.78000,26.54000,22.42000,4.89000,0.79000,0.00000,15.02000,26.54000,1,18.76000,11.52000,4.47726,3-6,0.44163,car
3-2960015502-4,2960015502.00000,2,2,301,104,0.19522,25.60385,CAR,0,131.15486,1.00000,0-17,True,False,2.00000,2.00000,no_licence,False,False,False,general,4.00000,HBO,11,15.15000,52.51000,,26.20000,7.16000,6.00000,0.00000,15.15000,52.51000,0,37.36000,37.36000,3.79450,3-6,0.44271,car
3-2960015502-4,2960015502.00000,2,2,301,304,0.12377,16.23337,CAR,0,131.15486,1.00000,0-17,True,False,2.00000,2.00000,no_licence,False,False,False,general,4.00000,HBO,11,13.73000,31.12000,28.11000,16.58000,6.16000,1.11000,0.00000,13.73000,28.11000,1,17.39000,14.38000,3.69791,3-6,0.28069,car
3-2960015504-2,2960015504.00000,1,2,101,206,0.61141,104.50436,CAR,0,170.92413,51.00000,35-64,False,True,4.00000,5.00000,competition,True,False,False,general,6.00000,HBW,10,33.64000,57.36000,57.36000,41.83000,5.04000,2.73000,0.00000,33.64000,57.36000,1,23.72000,23.72000,10.93959,10-20,1.80697,car
3-2960015504-2,2960015504.00000,1,2,301,206,0.38859,66.41976,CAR,0,170.92413,51.00000,35-64,False,True,4.00000,5.00000,competition,True,False,False,general,6.00000,HBW,10,29.53000,67.92000,,37.30000,6.31000,5.00000,1.00000,29.53000,67.92000,0,38.39000,38.39000,9.62267,6-10,1.14845,car
3-2960015504-2,2960015504.00000,2,2,101,206,0.61141,104.50436,CAR,0,170.92413,51.00000,35-64,False,True,4.00000,5.00000,competition,True,False,False,general,6.00000,HBW,10,33.64000,57.36000,57.36000,41.83000,5.04000,2.73000,0.00000,33.64000,57.36000,1,23.72000,23.72000,10.93959,10-20,1.80697,car
3-2960015504-2,2960015504.00000,2,2,301,206,0.38859,66.41976,CAR,0,170.92413,51.00000,35-64,False,True,4.00000,5.00000,competition,True,False,False,general,6.00000,HBW,10,29.53000,67.92000,,37.30000,6.31000,5.00000,1.00000,29.53000,67.92000,0,38.39000,38.39000,9.62267,6-10,1.14845,car
3-2960015504-3,2960015504.00000,1,2,101,102,0.61141,104.50436,CAR,0,170.92413,23.00000,18-24,False,True,4.00000,5.00000,competition,True,False,False,general,6.00000,HBW,10,9.43000,14.15000,16.32000,3.61000,4.93000,0.34000,0.00000,9.43000,14.15000,1,4.72000,4.72000,1.12048,<3,1.80697,car
3-2960015504-3,2960015504.00000,1,2,301,102,0.38859,66.41976,CAR,0,170.92413,23.00000,18-24,False,True,4.00000,5.00000,competition,True,False,False,general,6.00000,HBW,10,10.41000,38.76000,,20.91000,6.20000,2.73000,0.00000,10.41000,38.76000,0,28.35000,28.35000,1.67235,<3,1.14845,car
3-2960015504-4,2960015504.00000,1,2,101,210,0.40342,68.95436,CAR,0,170.92413,21.00000,18-24,True,True,4.00000,5.00000,competition,True,False,False,general,6.00000,HBW,10,22.46000,42.62000,43.22000,21.84000,9.92000,0.47000,0.00000,22.46000,42.62000,1,20.16000,20.16000,9.07249,6-10,1.19228,car
3-2960015504-4,2960015504.00000,1,2,301,210,0.25640,43.82528,CAR,0,170.92413,21.00000,18-24,True,True,4.00000,5.00000,competition,True,False,False,general,6.00000,HBW,10,23.05000,50.55000,51.22000,24.84000,11.19000,1.67000,0.00000,23.05000,50.55000,1,27.50000,27.50000,8.27360,6-10,0.75777,car
3-2960015504-4,2960015504.00000,2,2,101,210,0.40342,68.95436,CAR,0,170.92413,21.00000,18-24,True,True,4.00000,5.00000,competition,True,False,False,general,6.00000,HBW,10,22.46000,42.62000,43.22000,21.84000,9.92000,0.47000,0.00000,22.46000,42.62000,1,20.16000,20.16000,9.07249,6-10,1.19228,car
3-2960015504-4,2960015504.00000,2,2,301,210,0.25640,43.82528,CAR,0,170.92413,21.00000,18-24,True,True,4.00000,5.00000,competition,True,False,False,general,6.00000,HBW,10,23.05000,50.55000,51.22000,24.84000,11.19000,1.67000,0.00000,23.05000,50.55000,1,27.50000,27.50000,8.27360,6-10,0.75777,car
3-2960015625-3,2960015625.00000,1,2,101,104,0.61141,27.98609,CAR,0,45.77319,16.00000,0-17,True,False,1.00000,1.00000,no_licence,False,False,False,general,3.00000,HBE,11,13.28000,23.19000,23.93000,10.59000,5.89000,0.41000,0.00000,13.28000,23.19000,1,9.91000,9.91000,4.20004,3-6,0.48390,car
3-2960015625-3,2960015625.00000,1,2,301,104,0.38859,17.78710,CAR,0,45.77319,16.00000,0-17,True,False,1.00000,1.00000,no_licence,False,False,False,general,3.00000,HBE,11,15.15000,52.51000,,26.20000,7.16000,6.00000,0.00000,15.15000,52.51000,0,37.36000,37.36000,3.79450,3-6,0.30755,car
3-2960015625-3,2960015625.00000,2,2,101,104,0.61141,27.98609,CAR,0,45.77319,16.00000,0-17,True,False,1.00000,1.00000,no_licence,False,False,False,general,3.00000,HBE,11,13.28000,23.19000,23.93000,10.59000,5.89000,0.41000,0.00000,13.28000,23.19000,1,9.91000,9.91000,4.20004,3-6,0.48390,car
3-2960015625-3,2960015625.00000,2,2,301,104,0.38859,17.78710,CAR,0,45.77319,16.00000,0-17,True,False,1.00000,1.00000,no_licence,False,False,False,general,3.00000,HBE,11,15.15000,52.51000,,26.20000,7.16000,6.00000,0.00000,15.15000,52.51000,0,37.36000,37.36000,3.79450,3-6,0.30755,car
3-2960015625-5,2960015625.00000,1,2,101,104,0.61141,27.98609,CAR,0,45.77319,40.00000,35-64,True,True,1.00000,1.00000,car_available,False,False,False,general,3.00000,HBO,10,13.28000,23.19000,23.93000,10.59000,5.89000,0.41000,0.00000,13.28000,23.19000,1,9.91000,9.91000,4.20004,3-6,0.48390,car
3-2960015625-5,2960015625.00000,1,2,301,104,0.38859,17.78710,CAR,0,45.77319,40.00000,35-64,True,True,1.00000,1.00000,car_available,False,False,False,general,3.00000,HBO,10,15.15000,52.51000,,26.20000,7.16000,6.00000,0.00000,15.15000,52.51000,0,37.36000,37.36000,3.79450,3-6,0.30755,car
3-2960015625-5,2960015625.00000,2,2,101,104,0.61141,27.98609,CAR,0,45.77319,40.00000,35-64,True,True,1.00000,1.00000,car_available,False,False,False,general,3.00000,HBO,10,13.28000,23.19000,23.93000,10.59000,5.89000,0.41000,0.00000,13.28000,23.19000,1,9.91000,9.91000,4.20004,3-6,0.48390,car
3-2960015625-5,2960015625.00000,2,2,301,104,0.38859,17.78710,CAR,0,45.77319,40.00000,35-64,True,True,1.00000,1.00000,car_available,False,False,False,general,3.00000,HBO,10,15.15000,52.51000,,26.20000,7.16000,6.00000,0.00000,15.15000,52.51000,0,37.36000,37.36000,3.79450,3-6,0.30755,car
3-2960015627-1,2960015627.00000,2,2,101,301,0.04825,13.55883,CAR,0,281.01937,39.00000,35-64,True,True,1.00000,2.00000,competition,True,False,False,general,4.00000,HBW,10,7.94000,18.09000,19.63000,2.14000,7.33000,0.64000,0.00000,7.94000,18.09000,1,10.15000,10.15000,1.35205,<3,0.23444,car
3-2960015627-1,2960015627.00000,2,2,301,101,0.35793,100.58433,CAR,0,281.01937,39.00000,35-64,True,True,1.00000,2.00000,competition,True,False,False,general,4.00000,HBW,10,7.20000,22.23000,101.43000,6.51000,6.75000,1.11000,0.00000,7.20000,22.23000,1,15.03000,15.03000,1.35205,<3,1.73919,car
3-2960015627-2,2960015627.00000,1,2,101,301,0.04825,13.55883,CAR,0,281.01937,41.00000,35-64,False,True,1.00000,2.00000,competition,True,False,False,general,4.00000,HBO,10,7.94000,18.09000,19.63000,2.14000,7.33000,0.64000,0.00000,7.94000,18.09000,1,10.15000,10.15000,1.35205,<3,0.23444,car
3-2960015627-2,2960015627.00000,1,2,301,101,0.35793,100.58433,CAR,0,281.01937,41.00000,35-64,False,True,1.00000,2.00000,competition,True,False,False,general,4.00000,HBO,10,7.20000,22.23000,101.43000,6.51000,6.75000,1.11000,0.00000,7.20000,22.23000,1,15.03000,15.03000,1.35205,<3,1.73919,car
3-2960015627-2,2960015627.00000,1,3,101,303,0.61141,171.81747,CAR,0,281.01937,41.00000,35-64,False,True,1.00000,2.00000,competition,True,False,False,general,4.00000,NHB,10,11.03000,22.25000,21.72000,12.73000,4.18000,0.57000,0.00000,11.03000,21.72000,1,11.22000,10.69000,3.25222,3-6,2.97086,car
3-2960015627-2,2960015627.00000,1,3,301,303,0.38859,109.20191,CAR,0,281.01937,41.00000,35-64,False,True,1.00000,2.00000,competition,True,False,False,general,4.00000,NHB,10,11.18000,21.72000,23.29000,9.24000,5.45000,0.79000,0.00000,11.18000,21.72000,1,10.54000,10.54000,2.21555,<3,1.88819,car
3-2960015627-2,2960015627.00000,1,4,303,302,1.00000,281.01937,CAR,0,281.01937,41.00000,35-64,False,True,1.00000,2.00000,competition,True,False,False,general,4.00000,NHB,10,6.54000,17.11000,80.65000,5.92000,4.90000,0.70000,0.00000,6.54000,17.11000,1,10.57000,10.57000,1.14681,<3,4.85906,car
3-2960015627-2,2960015627.00000,2,2,101,301,0.04825,13.55883,CAR,0,281.01937,41.00000,35-64,False,True,1.00000,2.00000,competition,True,False,False,general,4.00000,HBO,10,7.94000,18.09000,19.63000,2.14000,7.33000,0.64000,0.00000,7.94000,18.09000,1,10.15000,10.15000,1.35205,<3,0.23444,car
3-2960015627-2,2960015627.00000,2,2,301,101,0.35793,100.58433,CAR,0,281.01937,41.00000,35-64,False,True,1.00000,2.00000,competition,True,False,False,general,4.00000,HBO,10,7.20000,22.23000,101.43000,6.51000,6.75000,1.11000,0.00000,7.20000,22.23000,1,15.03000,15.03000,1.35205,<3,1.73919,car
3-2960015627-2,2960015627.00000,2,3,101,303,0.61141,171.81747,CAR,0,281.01937,41.00000,35-64,False,True,1.00000,2.00000,competition,True,False,False,general,4.00000,NHB,10,11.03000,22.25000,21.72000,12.73000,4.18000,0.57000,0.00000,11.03000,21.72000,1,11.22000,10.69000,3.25222,3-6,2.97086,car
3-2960015627-2,2960015627.00000,2,3,301,303,0.38859,109.20191,CAR,0,281.01937,41.00000,35-64,False,True,1.00000,2.00000,competition,True,False,False,general,4.00000,NHB,10,11.18000,21.72000,23.29000,9.24000,5.45000,0.79000,0.00000,11.18000,21.72000,1,10.54000,10.54000,2.21555,<3,1.88819,car
3-2960015627-2,2960015627.00000,2,4,303,101,0.92109,258.84297,CAR,0,281.01937,41.00000,35-64,False,True,1.00000,2.00000,competition,True,False,False,general,4.00000,HBO,10,13.38000,31.79000,89.76000,20.73000,4.70000,0.83000,0.00000,13.38000,31.79000,1,18.41000,18.41000,3.25222,3-6,4.47561,car
3-2960015627-2,2960015627.00000,2,4,303,301,0.07891,22.17640,CAR,0,281.01937,41.00000,35-64,False,True,1.00000,2.00000,competition,True,False,False,general,4.00000,HBO,10,10.34000,27.57000,86.94000,11.86000,6.55000,1.30000,0.00000,10.34000,27.57000,1,17.23000,17.23000,2.21555,<3,0.38345,car
3-2960015627-3,2960015627.00000,1,2,101,301,0.04825,13.55883,CAR,0,281.01937,6.00000,0-17,True,False,1.00000,2.00000,no_licence,False,False,False,general,4.00000,HBE,11,7.94000,18.09000,19.63000,2.14000,7.33000,0.64000,0.00000,7.94000,18.09000,1,10.15000,10.15000,1.35205,<3,0.23444,car
3-2960015627-3,2960015627.00000,1,2,301,101,0.35793,100.58433,CAR,0,281.01937,6.00000,0-17,True,False,1.00000,2.00000,no_licence,False,False,False,general,4.00000,HBE,11,7.20000,22.23000,101.43000,6.51000,6.75000,1.11000,0.00000,7.20000,22.23000,1,15.03000,15.03000,1.35205,<3,1.73919,car
3-2960015627-3,2960015627.00000,2,2,101,301,0.04825,13.55883,CAR,0,281.01937,6.00000,0-17,True,False,1.00000,2.00000,no_licence,False,False,False,general,4.00000,HBE,11,7.94000,18.09000,19.63000,2.14000,7.33000,0.64000,0.00000,7.94000,18.09000,1,10.15000,10.15000,1.35205,<3,0.23444,car
3-2960015627-3,2960015627.00000,2,2,301,101,0.35793,100.58433,CAR,0,281.01937,6.00000,0-17,True,False,1.00000,2.00000,no_licence,False,False,False,general,4.00000,HBE,11,7.20000,22.23000,101.43000,6.51000,6.75000,1.11000,0.00000,7.20000,22.23000,1,15.03000,15.03000,1.35205,<3,1.73919,car
3-2960015627-4,2960015627.00000,1,2,101,301,0.04825,13.55883,CAR,0,281.01937,3.00000,0-17,True,False,1.00000,2.00000,no_licence,False,False,False,general,4.00000,HBO,11,7.94000,18.09000,19.63000,2.14000,7.33000,0.64000,0.00000,7.94000,18.09000,1,10.15000,10.15000,1.35205,<3,0.23444,car
3-2960015627-4,2960015627.00000,1,2,301,101,0.35793,100.58433,CAR,0,281.01937,3.00000,0-17,True,False,1.00000,2.00000,no_licence,False,False,False,general,4.00000,HBO,11,7.20000,22.23000,101.43000,6.51000,6.75000,1.11000,0.00000,7.20000,22.23000,1,15.03000,15.03000,1.35205,<3,1.73919,car
3-2960015627-4,2960015627.00000,1,3,101,303,0.61141,171.81747,CAR,0,281.01937,3.00000,0-17,True,False,1.00000,2.00000,no_licence,False,False,False,general,4.00000,NHB,11,11.03000,22.25000,21.72000,12.73000,4.18000,0.57000,0.00000,11.03000,21.72000,1,11.22000,10.69000,3.25222,3-6,2.97086,car
3-2960015627-4,2960015627.00000,1,3,301,303,0.38859,109.20191,CAR,0,281.01937,3.00000,0-17,True,False,1.00000,2.00000,no_licence,False,False,False,general,4.00000,NHB,11,11.18000,21.72000,23.29000,9.24000,5.45000,0.79000,0.00000,11.18000,21.72000,1,10.54000,10.54000,2.21555,<3,1.88819,car
3-2960015627-4,2960015627.00000,2,2,101,301,0.04825,13.55883,CAR,0,281.01937,3.00000,0-17,True,False,1.00000,2.00000,no_licence,False,False,False,general,4.00000,HBO,11,7.94000,18.09000,19.63000,2.14000,7.33000,0.64000,0.00000,7.94000,18.09000,1,10.15000,10.15000,1.35205,<3,0.23444,car
3-2960015627-4,2960015627.00000,2,2,301,101,0.35793,100.58433,CAR,0,281.01937,3.00000,0-17,True,False,1.00000,2.00000,no_licence,False,False,False,general,4.00000,HBO,11,7.20000,22.23000,101.43000,6.51000,6.75000,1.11000,0.00000,7.20000,22.23000,1,15.03000,15.03000,1.35205,<3,1.73919,car
3-2960015627-4,2960015627.00000,2,3,101,303,0.61141,171.81747,CAR,0,281.01937,3.00000,0-17,True,False,1.00000,2.00000,no_licence,False,False,False,general,4.00000,NHB,11,11.03000,22.25000,21.72000,12.73000,4.18000,0.57000,0.00000,11.03000,21.72000,1,11.22000,10.69000,3.25222,3-6,2.97086,car
3-2960015627-4,2960015627.00000,2,3,301,303,0.38859,109.20191,CAR,0,281.01937,3.00000,0-17,True,False,1.00000,2.00000,no_licence,False,False,False,general,4.00000,NHB,11,11.18000,21.72000,23.29000,9.24000,5.45000,0.79000,0.00000,11.18000,21.72000,1,10.54000,10.54000,2.21555,<3,1.88819,car
3-2960015628-1,2960015628.00000,1,2,101,301,0.04825,3.39722,CAR,0,70.41052,69.00000,65+,False,True,1.00000,1.00000,car_available,False,False,False,general,2.00000,HBO,10,7.94000,18.09000,19.63000,2.14000,7.33000,0.64000,0.00000,7.94000,18.09000,1,10.15000,10.15000,1.35205,<3,0.05874,car
3-2960015628-1,2960015628.00000,1,2,301,101,0.35793,25.20180,CAR,0,70.41052,69.00000,65+,False,True,1.00000,1.00000,car_available,False,False,False,general,2.00000,HBO,10,7.20000,22.23000,101.43000,6.51000,6.75000,1.11000,0.00000,7.20000,22.23000,1,15.03000,15.03000,1.35205,<3,0.43576,car
3-2960015628-1,2960015628.00000,1,3,101,301,0.04825,3.39722,CAR,0,70.41052,69.00000,65+,False,True,1.00000,1.00000,car_available,False,False,False,general,2.00000,HBO,10,7.94000,18.09000,19.63000,2.14000,7.33000,0.64000,0.00000,7.94000,18.09000,1,10.15000,10.15000,1.35205,<3,0.05874,car
3-2960015628-1,2960015628.00000,1,3,301,101,0.35793,25.20180,CAR,0,70.41052,69.00000,65+,False,True,1.00000,1.00000,car_available,False,False,False,general,2.00000,HBO,10,7.20000,22.23000,101.43000,6.51000,6.75000,1.11000,0.00000,7.20000,22.23000,1,15.03000,15.03000,1.35205,<3,0.43576,car
3-2960015628-1,2960015628.00000,2,2,101,301,0.04825,3.39722,CAR,0,70.41052,69.00000,65+,False,True,1.00000,1.00000,car_available,False,False,False,general,2.00000,HBO,10,7.94000,18.09000,19.63000,2.14000,7.33000,0.64000,0.00000,7.94000,18.09000,1,10.15000,10.15000,1.35205,<3,0.05874,car
3-2960015628-1,2960015628.00000,2,2,301,101,0.35793,25.20180,CAR,0,70.41052,69.00000,65+,False,True,1.00000,1.00000,car_available,False,False,False,general,2.00000,HBO,10,7.20000,22.23000,101.43000,6.51000,6.75000,1.11000,0.00000,7.20000,22.23000,1,15.03000,15.03000,1.35205,<3,0.43576,car
3-2960015628-1,2960015628.00000,2,3,101,301,0.04825,3.39722,CAR,0,70.41052,69.00000,65+,False,True,1.00000,1.00000,car_available,False,False,False,general,2.00000,NHB,10,7.94000,18.09000,19.63000,2.14000,7.33000,0.64000,0.00000,7.94000,18.09000,1,10.15000,10.15000,1.35205,<3,0.05874,car
3-2960015628-1,2960015628.00000,2,3,301,101,0.35793,25.20180,CAR,0,70.41052,69.00000,65+,False,True,1.00000,1.00000,car_available,False,False,False,general,2.00000,NHB,10,7.20000,22.23000,101.43000,6.51000,6.75000,1.11000,0.00000,7.20000,22.23000,1,15.03000,15.03000,1.35205,<3,0.43576,car
3-2960015628-1,2960015628.00000,2,4,101,301,0.04825,3.39722,CAR,0,70.41052,69.00000,65+,False,True,1.00000,1.00000,car_available,False,False,False,general,2.00000,HBO,10,7.94000,18.09000,19.63000,2.14000,7.33000,0.64000,0.00000,7.94000,18.09000,1,10.15000,10.15000,1.35205,<3,0.05874,car
3-2960015628-1,2960015628.00000,2,4,301,101,0.35793,25.20180,CAR,0,70.41052,69.00000,65+,False,True,1.00000,1.00000,car_available,False,False,False,general,2.00000,HBO,10,7.20000,22.23000,101.43000,6.51000,6.75000,1.11000,0.00000,7.20000,22.23000,1,15.03000,15.03000,1.35205,<3,0.43576,car
3-2960016246-2,2960016246.00000,1,2,301,211,0.86103,128.80647,BUS,1,149.59656,15.00000,0-17,False,False,0.00000,0.00000,no_car_hh,False,False,False,general,4.00000,HBE,5,18.19000,42.93000,44.43000,17.64000,11.40000,1.25000,0.00000,18.19000,42.93000,1,24.74000,24.74000,6.13661,6-10,2.22717,transit
3-2960016246-2,2960016246.00000,2,2,301,211,0.86103,128.80647,BUS,1,149.59656,15.00000,0-17,False,False,0.00000,0.00000,no_car_hh,False,False,False,general,4.00000,HBE,5,18.19000,42.93000,44.43000,17.64000,11.40000,1.25000,0.00000,18.19000,42.93000,1,24.74000,24.74000,6.13661,6-10,2.22717,transit
3-2960016246-3,2960016246.00000,1,2,301,211,0.86103,128.80647,BUS,1,149.59656,17.00000,0-17,False,False,0.00000,0.00000,no_car_hh,False,True,False,general,4.00000,HBE,5,18.19000,42.93000,44.43000,17.64000,11.40000,1.25000,0.00000,18.19000,42.93000,1,24.74000,24.74000,6.13661,6-10,2.22717,transit
3-2960016246-3,2960016246.00000,2,2,301,211,0.86103,128.80647,BUS,1,149.59656,17.00000,0-17,False,False,0.00000,0.00000,no_car_hh,False,True,False,general,4.00000,HBE,5,18.19000,42.93000,44.43000,17.64000,11.40000,1.25000,0.00000,18.19000,42.93000,1,24.74000,24.74000,6.13661,6-10,2.22717,transit
3-2960016493-1,2960016493.00000,2,2,101,209,0.40690,6.47959,CAR,0,15.92446,55.00000,35-64,False,True,1.00000,1.00000,car_available,True,False,False,general,1.00000,HBW,10,23.52000,45.90000,45.90000,33.82000,4.93000,1.11000,0.00000,23.52000,45.90000,1,22.38000,22.38000,9.45878,6-10,0.11204,car
3-2960016493-1,2960016493.00000,2,2,301,209,0.25861,4.11823,CAR,0,15.92446,55.00000,35-64,False,True,1.00000,1.00000,car_available,True,False,False,general,1.00000,HBW,10,22.09000,49.00000,49.00000,32.60000,6.20000,2.00000,0.00000,22.09000,49.00000,1,26.91000,26.91000,8.36528,6-10,0.07121,car
3-2960016494-1,2960016494.00000,1,2,101,209,0.40690,6.47959,CAR,0,15.92446,49.00000,35-64,False,True,1.00000,1.00000,car_available,True,False,False,general,1.00000,HBW,10,23.52000,45.90000,45.90000,33.82000,4.93000,1.11000,0.00000,23.52000,45.90000,1,22.38000,22.38000,9.45878,6-10,0.11204,car
3-2960016494-1,2960016494.00000,1,2,301,209,0.25861,4.11823,CAR,0,15.92446,49.00000,35-64,False,True,1.00000,1.00000,car_available,True,False,False,general,1.00000,HBW,10,22.09000,49.00000,49.00000,32.60000,6.20000,2.00000,0.00000,22.09000,49.00000,1,26.91000,26.91000,8.36528,6-10,0.07121,car
3-2960016494-1,2960016494.00000,2,2,101,209,0.40690,6.47959,CAR,0,15.92446,49.00000,35-64,False,True,1.00000,1.00000,car_available,True,False,False,general,1.00000,HBW,10,23.52000,45.90000,45.90000,33.82000,4.93000,1.11000,0.00000,23.52000,45.90000,1,22.38000,22.38000,9.45878,6-10,0.11204,car
3-2960016494-1,2960016494.00000,2,2,301,209,0.25861,4.11823,CAR,0,15.92446,49.00000,35-64,False,True,1.00000,1.00000,car_available,True,False,False,general,1.00000,HBW,10,22.09000,49.00000,49.00000,32.60000,6.20000,2.00000,0.00000,22.09000,49.00000,1,26.91000,26.91000,8.36528,6-10,0.07121,car
3-2960016741-4,2960016741.00000,2,2,301,302,1.00000,252.65205,CAR,0,252.65205,17.00000,0-17,True,True,2.00000,3.00000,competition,False,True,False,general,5.00000,HBE,10,10.73000,21.16000,23.77000,5.68000,6.95000,0.79000,0.00000,10.73000,21.16000,1,10.43000,10.43000,1.07030,<3,4.36856,car
3-2960016865-2,2960016865.00000,2,2,301,210,0.65982,71.24096,BUS,1,107.96984,62.00000,35-64,True,True,1.00000,2.00000,competition,True,False,False,general,2.00000,HBE,3,23.05000,50.55000,51.22000,24.84000,11.19000,1.67000,0.00000,23.05000,50.55000,1,27.50000,27.50000,8.27360,6-10,1.23181,transit
3-2960017486-1,2960017486.00000,1,2,302,103,1.00000,235.72096,CAR,0,235.72096,70.00000,65+,False,True,1.00000,2.00000,competition,False,False,False,general,2.00000,HBO,10,9.14000,26.90000,,11.90000,5.50000,2.00000,0.00000,9.14000,26.90000,0,17.76000,17.76000,1.75961,<3,4.07581,car
3-2960017486-1,2960017486.00000,1,3,103,102,0.12104,28.53209,CAR,0,235.72096,70.00000,65+,False,True,1.00000,2.00000,competition,False,False,False,general,2.00000,NHB,10,7.47000,13.36000,14.44000,2.72000,4.95000,0.37000,0.00000,7.47000,13.36000,1,5.89000,5.89000,1.52665,<3,0.49334,car
3-2960017486-1,2960017486.00000,1,4,102,303,0.28127,66.30201,CAR,0,235.72096,70.00000,65+,False,True,1.00000,2.00000,competition,False,False,False,general,2.00000,NHB,10,13.18000,33.68000,,23.96000,3.10000,1.76000,0.00000,13.18000,33.68000,0,20.50000,20.50000,2.72961,<3,1.14642,car
3-2960017486-1,2960017486.00000,1,5,303,302,1.00000,235.72096,CAR,0,235.72096,70.00000,65+,False,True,1.00000,2.00000,competition,False,False,False,general,2.00000,HBO,10,6.54000,17.11000,80.65000,5.92000,4.90000,0.70000,0.00000,6.54000,17.11000,1,10.57000,10.57000,1.14681,<3,4.07581,car
3-2960017486-1,2960017486.00000,1,6,302,211,0.86103,202.96178,CAR,0,235.72096,70.00000,65+,False,True,1.00000,2.00000,competition,False,False,False,general,2.00000,HBO,10,15.64000,35.06000,36.66000,11.78000,10.44000,1.20000,0.00000,15.64000,35.06000,1,19.42000,19.42000,5.10183,3-6,3.50938,car
3-2960017486-1,2960017486.00000,2,2,302,103,1.00000,235.72096,CAR,0,235.72096,70.00000,65+,False,True,1.00000,2.00000,competition,False,False,False,general,2.00000,HBO,10,9.14000,26.90000,,11.90000,5.50000,2.00000,0.00000,9.14000,26.90000,0,17.76000,17.76000,1.75961,<3,4.07581,car
3-2960017486-1,2960017486.00000,2,3,103,104,0.52608,124.00798,CAR,0,235.72096,70.00000,65+,False,True,1.00000,2.00000,competition,False,False,False,general,2.00000,NHB,10,7.44000,17.02000,16.07000,4.47000,5.91000,0.36000,0.00000,7.44000,16.07000,1,9.58000,8.63000,1.66098,<3,2.14420,car
3-2960017486-1,2960017486.00000,2,4,103,302,0.46507,109.62726,CAR,0,235.72096,70.00000,65+,False,True,1.00000,2.00000,competition,False,False,False,general,2.00000,HBO,10,9.98000,27.13000,,11.10000,5.71000,2.31000,0.00000,9.98000,27.13000,0,17.15000,17.15000,1.75961,<3,1.89555,car
3-2960017486-1,2960017486.00000,2,4,104,302,0.36198,85.32613,CAR,0,235.72096,70.00000,65+,False,True,1.00000,2.00000,competition,False,False,False,general,2.00000,HBO,10,12.04000,44.36000,,12.25000,6.06000,10.00000,0.00000,12.04000,44.36000,0,32.32000,32.32000,2.91375,<3,1.47536,car
3-2960017486-2,2960017486.00000,1,2,302,211,0.86103,202.96178,CAR,0,235.72096,67.00000,65+,True,True,1.00000,2.00000,competition,False,False,False,general,2.00000,HBO,11,15.64000,35.06000,36.66000,11.78000,10.44000,1.20000,0.00000,15.64000,35.06000,1,19.42000,19.42000,5.10183,3-6,3.50938,car
3-2960017488-2,2960017488.00000,1,2,302,102,0.12252,28.87972,CAR,0,235.72096,80.00000,65+,False,True,1.00000,2.00000,competition,False,False,False,general,2.00000,HBO,10,10.57000,31.26000,,16.77000,5.24000,2.00000,0.00000,10.57000,31.26000,0,20.69000,20.69000,1.91849,<3,0.49935,car
3-2960017612-2,2960017612.00000,1,2,302,301,1.00000,217.88164,CAR,0,217.88164,39.00000,35-64,True,True,0.00000,2.00000,no_car_hh,True,False,False,general,4.00000,HBW,10,8.23000,29.93000,91.12000,12.49000,7.65000,1.07000,0.00000,8.23000,29.93000,1,21.70000,21.70000,1.07030,<3,3.76735,car
3-2960017612-2,2960017612.00000,2,2,302,301,1.00000,217.88164,CAR,0,217.88164,39.00000,35-64,True,True,0.00000,2.00000,no_car_hh,True,False,False,general,4.00000,HBW,10,8.23000,29.93000,91.12000,12.49000,7.65000,1.07000,0.00000,8.23000,29.93000,1,21.70000,21.70000,1.07030,<3,3.76735,car
3-2960017735-1,2960017735.00000,1,3,209,304,0.04030,6.41335,CAR,0,159.13359,67.00000,65+,False,True,1.00000,2.00000,competition,True,False,False,general,2.00000,NHB,10,16.54000,45.71000,45.71000,33.89000,3.41000,2.50000,0.00000,16.54000,45.71000,1,29.17000,29.17000,5.22219,3-6,0.11089,car
3-2960017735-1,2960017735.00000,1,3,210,304,0.07142,11.36543,CAR,0,159.13359,67.00000,65+,False,True,1.00000,2.00000,competition,True,False,False,general,2.00000,NHB,10,15.33000,60.98000,62.23000,41.65000,7.79000,1.88000,0.00000,15.33000,60.98000,1,45.65000,45.65000,4.60641,3-6,0.19652,car
3-2960017735-1,2960017735.00000,1,4,304,209,0.04030,6.41335,CAR,0,159.13359,67.00000,65+,False,True,1.00000,2.00000,competition,True,False,False,general,2.00000,NHB,10,16.57000,33.37000,33.37000,20.81000,4.14000,2.15000,0.00000,16.57000,33.37000,1,16.80000,16.80000,5.22219,3-6,0.11089,car
3-2960017735-1,2960017735.00000,1,4,304,210,0.07142,11.36543,CAR,0,159.13359,67.00000,65+,False,True,1.00000,2.00000,competition,True,False,False,general,2.00000,NHB,10,15.60000,33.79000,35.58000,13.04000,9.13000,1.25000,0.00000,15.60000,33.79000,1,18.19000,18.19000,4.60641,3-6,0.19652,car
3-2960017735-1,2960017735.00000,2,3,209,304,0.04030,6.41335,CAR,0,159.13359,67.00000,65+,False,True,1.00000,2.00000,competition,True,False,False,general,2.00000,NHB,10,16.54000,45.71000,45.71000,33.89000,3.41000,2.50000,0.00000,16.54000,45.71000,1,29.17000,29.17000,5.22219,3-6,0.11089,car
3-2960017735-1,2960017735.00000,2,3,210,304,0.07142,11.36543,CAR,0,159.13359,67.00000,65+,False,True,1.00000,2.00000,competition,True,False,False,general,2.00000,NHB,10,15.33000,60.98000,62.23000,41.65000,7.79000,1.88000,0.00000,15.33000,60.98000,1,45.65000,45.65000,4.60641,3-6,0.19652,car
3-2960017735-1,2960017735.00000,2,4,304,209,0.04030,6.41335,CAR,0,159.13359,67.00000,65+,False,True,1.00000,2.00000,competition,True,False,False,general,2.00000,NHB,10,16.57000,33.37000,33.37000,20.81000,4.14000,2.15000,0.00000,16.57000,33.37000,1,16.80000,16.80000,5.22219,3-6,0.11089,car
3-2960017735-1,2960017735.00000,2,4,304,210,0.07142,11.36543,CAR,0,159.13359,67.00000,65+,False,True,1.00000,2.00000,competition,True,False,False,general,2.00000,NHB,10,15.60000,33.79000,35.58000,13.04000,9.13000,1.25000,0.00000,15.60000,33.79000,1,18.19000,18.19000,4.60641,3-6,0.19652,car
3-2960017735-2,2960017735.00000,1,2,302,303,1.00000,159.13359,CAR,0,159.13359,65.00000,65+,True,True,1.00000,2.00000,competition,False,False,False,general,2.00000,HBO,10,7.32000,12.66000,15.53000,2.53000,4.50000,0.56000,0.00000,7.32000,12.66000,1,5.34000,5.34000,1.14681,<3,2.75155,car
3-2960017735-2,2960017735.00000,1,4,303,101,0.92109,146.57570,CAR,0,159.13359,65.00000,65+,True,True,1.00000,2.00000,competition,False,False,False,general,2.00000,NHB,10,13.38000,31.79000,89.76000,20.73000,4.70000,0.83000,0.00000,13.38000,31.79000,1,18.41000,18.41000,3.25222,3-6,2.53441,car
3-2960017735-2,2960017735.00000,1,4,303,301,0.07891,12.55789,CAR,0,159.13359,65.00000,65+,True,True,1.00000,2.00000,competition,False,False,False,general,2.00000,NHB,10,10.34000,27.57000,86.94000,11.86000,6.55000,1.30000,0.00000,10.34000,27.57000,1,17.23000,17.23000,2.21555,<3,0.21714,car
3-2960017735-2,2960017735.00000,2,2,302,303,1.00000,159.13359,CAR,0,159.13359,65.00000,65+,True,True,1.00000,2.00000,competition,False,False,False,general,2.00000,HBO,10,7.32000,12.66000,15.53000,2.53000,4.50000,0.56000,0.00000,7.32000,12.66000,1,5.34000,5.34000,1.14681,<3,2.75155,car
3-2960018106-2,2960018106.00000,2,2,302,210,0.65982,98.70103,CAR,0,149.58717,52.00000,35-64,True,True,1.00000,1.00000,car_available,True,False,False,general,3.00000,HBW,10,21.77000,42.61000,43.45000,18.98000,10.23000,1.58000,0.00000,21.77000,42.61000,1,20.84000,20.84000,7.20819,6-10,1.70662,car
