id,parameter,stream,citation,year,country_city,modes,method,sample,definition_as_reported,estimate,interval_or_range,unit,context,normalised_value,normalisation_note,quality_1_3,applicability_haifa_1_3,link,verification_status,extract
RQ1-R01,transfer penalty pure,S3,"Wardman, Hine & Stradling, ""Interchange and Travel Choice"" Vol 1, Scottish Executive",2001,Edinburgh/Glasgow,bus→bus,SP,n.r.,penalty net of connection time,4.5,—,IVT-equiv min,urban bus; interchange type: street / bus station; pure/total: PURE,4.5,in-vehicle-equivalent minutes as reported (N2/N5),3,3,(no open URL found; see R02 review),search-summary (unverified),RQ1_RQ2_station_access_and_interchange
RQ1-R02,transfer penalty pure,S3,"Wardman, Hine & Stradling 2001",2001,Edinburgh/Glasgow,rail→rail,SP,n.r.,as above,8.0,—,IVT-equiv min,urban/suburban rail; pure/total: PURE,8.0,in-vehicle-equivalent minutes as reported (N2/N5),3,2,as R01,search-summary (unverified),RQ1_RQ2_station_access_and_interchange
RQ1-R03,transfer penalty pure,S3,"Wardman, Hine & Stradling 2001",2001,Edinburgh/Glasgow,car→bus (park & ride),SP,n.r.,as above,8.3,—,IVT-equiv min,—; pure/total: PURE,8.3,in-vehicle-equivalent minutes as reported (N2/N5),2,1,as R01,search-summary (unverified),RQ1_RQ2_station_access_and_interchange
RQ1-R04,transfer penalty pure,S2,"Wardman & Hine, ""Costs of Interchange: a review of the literature"", ITS Leeds WP546",2000,UK (Central Edinburgh),bus→bus,review of SP,—,"pure penalty, 3-component framework (weighted walk + weighted wait + pure penalty)",4.5; 3.6 if connection guaranteed,3.6–4.5,IVT-equiv min,urban bus; interchange type: street/bus station; guaranteed connection; pure/total: PURE,,several values in one cell: see estimate,3,3,https://eprints.whiterose.ac.uk/2075/1/ITS208_WP546_uploadable.pdf,search-summary (unverified),RQ1_RQ2_station_access_and_interchange
RQ1-R05,transfer penalty pure,S2,Wardman & Hine 2000 citing MVA 1991,1991,UK inter-urban,rail→rail,SP,—,"value of ""having to interchange""",32,—,IVT-equiv min,inter-urban rail; not urban; pure/total: PURE (inter-urban),32,in-vehicle-equivalent minutes as reported (N2/N5),2,1,as R04,search-summary (unverified),RQ1_RQ2_station_access_and_interchange
RQ1-R06,transfer penalty (apart from wait),S2,"Wardman, ""Public transport values of time"", ITS WP564 / Transport Policy 11(4)",2001/2004,GB meta-analysis 1980–96,train→train,meta-analysis,many GB studies,"""apart from wait time""",≈18,—,IVT-equiv min,"also walk 1.66×, wait 1.47× IVT; pure/total: PURE-ish (net of wait, walk status unclear)",18,in-vehicle-equivalent minutes as reported (N2/N5),3,2,https://eprints.whiterose.ac.uk/2062/1/ITS37_WP564_uploadable.pdf,search-summary (unverified),RQ1_RQ2_station_access_and_interchange
RQ1-R07,transfer penalty pure,S3,"Garcia-Martinez, Cascajo, Jara-Diaz, Chowdhury, Monzon, ""Transfer penalties in multimodal PT networks"", TR-A 114",2018,Madrid,metro/bus multimodal,"SP+RP web survey, MNL",commuters (n n.r.),"""pure transfer penalty, independent of IVT, walking, waiting and crowding""",15.2 (first transfer); 17.7 (two transfers),15.2–17.7,IVT-equiv min,"additional +3.3 min for bus↔metro mode change, +3.6 min crowding; interchange type: mixed; pure/total: PURE",,several values in one cell: see estimate,3,2,https://www.sciencedirect.com/science/article/abs/pii/S0965856417303117 ; open copy https://repositorio.uchile.cl/bitstream/handle/2250/169339/item_85040563372.pdf?sequence=1,search-summary (unverified),RQ1_RQ2_station_access_and_interchange
RQ1-R08,transfer penalty total,S3,"Schakenbos, Paix, Nijenstein, Geurs, ""Valuation of a transfer in a multimodal PT trip"", Transport Policy 46",2016,Netherlands,bus/tram/metro→train,"SP, mixed logit",>1000 resp.,disutility of whole interchange incl. transfer time and headway,optimal transfer time 8 min; that transfer = 29 min generalised time (CVS 2014 paper); BTM→train ≈10 min worse than train→train,—,generalised-time min,NL rail stations; interchange type: station; pure/total: TOTAL,,several values in one cell: see estimate,3,2,https://research.utwente.nl/en/publications/valuation-of-a-transfer-in-a-multimodal-public-transport-trip ; Dutch CVS paper https://www.cvs-congres.nl/ENGINE/FILES/CVS/UPLOAD/FILE/cvs14_048___schakenbos_en_nijenstein.pdf,search-summary (unverified),RQ1_RQ2_station_access_and_interchange
RQ1-R09,transfer penalty total,S3,"NS (Nederlandse Spoorwegen), ""New Insights in Resistance to Interchange"", ETC 2014 / TR Procedia 2015",2015,Netherlands,train→train,SP (2011),n.r.,reference penalty incl. 2 min transfer time,23 (reference); <14 under optimal circumstances; NS/ProRail historic fixed value 10,14–23,min,"penalty depends on transfer time, frequency, cross-platform; interchange type: cross-platform vs not; pure/total: TOTAL (incl. 2 min transfer)",,several values in one cell: see estimate,2,1,https://www.sciencedirect.com/science/article/pii/S2352146515001192,search-summary (unverified),RQ1_RQ2_station_access_and_interchange
RQ1-R10,transfer penalty pure,S3,"Yap, Wong & Cats, ""Passenger valuation of interchanges in urban PT"", J. Public Transportation 26",2024,Greater London,all PT,"RP route choice, 26,000+ choices (June 2023)","26,000",fixed penalty per interchange beyond walk & wait,5.03 (average),—,uncrowded IVT-equiv min,state-of-practice London; interchange type: all; pure/total: PURE,5.03,in-vehicle-equivalent minutes as reported (N2/N5),3,3,https://www.sciencedirect.com/science/article/pii/S1077291X24000092,search-summary (unverified),RQ1_RQ2_station_access_and_interchange
RQ1-R11,transfer penalty pure,S3,"Yap, Wong & Cats 2024",2024,London,metro→metro,RP route choice,as R10,as R10,3.6,—,IVT-equiv min,"—; interchange type: cross-platform, no level change; pure/total: PURE",3.6,in-vehicle-equivalent minutes as reported (N2/N5),3,3,as R10,search-summary (unverified),RQ1_RQ2_station_access_and_interchange
RQ1-R12,transfer penalty pure,S3,"Yap, Wong & Cats 2024",2024,London,metro→metro,RP route choice,as R10,as R10,4.7,—,IVT-equiv min,cross-platform = 20–25% lower than this; interchange type: level change (≥1); pure/total: PURE,4.7,in-vehicle-equivalent minutes as reported (N2/N5),3,3,as R10,search-summary (unverified),RQ1_RQ2_station_access_and_interchange
RQ1-R13,transfer penalty pure,S3,"Yap, Wong & Cats 2024",2024,London,bus→bus,RP route choice,as R10,as R10,"""about 60% more negative than metro–metro"" (no minute value in snippet)",—,relative,separate values for same stop / different stop exist in paper — CONFIRM; interchange type: same stop vs different stops; pure/total: PURE,,unit 'relative' not converted (N1 needs the study's own in-vehicle value),3,3,as R10,search-summary (unverified),RQ1_RQ2_station_access_and_interchange
RQ1-R14,transfer penalty pure,S3,"Yap, Wong & Cats 2024 (attribution uncertain — snippet did not name the paper)",2024,London,bus↔metro,RP route choice,—,—,10.3,—,IVT-equiv min,"""bus–metro and out-of-station interchanges perceived most negatively""; interchange type: multimodal, usually level change; pure/total: PURE",10.3,in-vehicle-equivalent minutes as reported (N2/N5),2,3,as R10,search-summary (unverified; attribution CONFIRM),RQ1_RQ2_station_access_and_interchange
RQ1-R15,transfer penalty (literature range),S2,"Yap, Wong & Cats 2024, abstract",2024,international,all,review,—,fixed disutility beyond walk & wait,—,4–20,IVT-equiv min,"""most studies""; interchange type: all; pure/total: PURE",,no numeric estimate,3,3,as R10,search-summary (unverified),RQ1_RQ2_station_access_and_interchange
RQ1-R16,transfer penalty (components),S3,"Guo & Wilson, ""Assessing the cost of transfer inconvenience…London Underground"", TR-A 45(2) 91–104",2011,London,metro→metro,RP path choice (RODS),303 movements,"walking speed by level walking / escalator / stairs / lift; penalty driven by escalator availability, wayfinding, safety etc.",metro–metro penalty 4.9 min (attribution to this paper uncertain; may be a later re-estimate on 1998–2005 RODS data),—,IVT-equiv min,"component values (per escalator, per stairs flight) not visible in any snippet — CONFIRM by reading the PDF; interchange type: 17 stations / 303 movements; pure/total: PURE",,several values in one cell: see estimate,3,3,https://brt.cl/wp-content/uploads/2011/05/Guo-y-Wilson-2011-Londres.pdf ; https://www.sciencedirect.com/science/article/abs/pii/S0965856410001564,search-summary (unverified),RQ1_RQ2_station_access_and_interchange
RQ1-R17,transfer penalty total/pure,S3,"Guo & Wilson, TRR 1872",2004,Boston MBTA,subway→subway,RP partial path choice + GIS,onboard survey,penalty as equivalent walking time,"2.3–21.4 min walking-time equivalent; residual penalty 3.5 min walking; pedestrian environment ±6.2 min walking; another snippet ""2–32 min IVT""",2.3–21.4,walking-min equiv.,—; interchange type: station; pure/total: mixed,,several values in one cell: see estimate,2,2,https://journals.sagepub.com/doi/10.3141/1872-02,search-summary (unverified; two snippets conflict on units),RQ1_RQ2_station_access_and_interchange
RQ1-R18,transfer penalty total,S3,"Nielsen, Eltved, Anderson & Prato, ""Relevance of detailed transfer attributes…"", TR-A 2021",2021,Copenhagen,multimodal,RP route choice,large,"penalty including effect of wayfinding, shops, escalators",5.4 (best) – 12.1 (worst),5.4–12.1,bus-IVT-equiv min,escalators presence is one attribute; interchange type: best vs worst transfer; pure/total: TOTAL (attribute-dependent),,several values in one cell: see estimate,3,2,https://www.sciencedirect.com/science/article/abs/pii/S0965856421000392,search-summary (unverified),RQ1_RQ2_station_access_and_interchange
RQ1-R19,transfer penalty (route choice attributes),S3,"Raveau, Muñoz & de Grange, ""A topological route choice model for metro"", TR-A",2011,Santiago; London,metro→metro,RP route choice,—,"significant attributes: escalator availability, number of stairs, horizontal distance, ramp length, same-level platforms",no numbers in snippets,—,—,—,,no numeric estimate,2,2,(no open URL found),search-summary (unverified),RQ1_RQ2_station_access_and_interchange
RQ1-R20,transfer time perception factor,S3,"""How does interchange affect passengers' route choices…Shanghai Metro"", Transportation Letters",2021,Shanghai,metro→metro,RP route choice,—,perceived vs actual interchange time,1.122 × actual,—,ratio,—; pure/total: TOTAL (time weight),1.122,weight already relative to in-vehicle time (N1),2,2,https://discovery.ucl.ac.uk/id/eprint/10136513/1/,search-summary (unverified),RQ1_RQ2_station_access_and_interchange
RQ1-R21,transfer penalty,S3,"Yoo, ""Transfer penalty estimation with transit trips from smartcard data in Seoul"", KSCE J Civ Eng",2014,Seoul,bus/metro,"RP smartcard, mixed logit",—,penalty in IVT,11.24 (avg to CBD),1.16–13.55 across districts,IVT-equiv min,—; pure/total: not stated (likely TOTAL),11.24,in-vehicle-equivalent minutes as reported (N2/N5),2,2,https://link.springer.com/article/10.1007/s12205-013-1297-6,search-summary (unverified),RQ1_RQ2_station_access_and_interchange
RQ1-R22,transfer penalty framework,S2,"Iseki & Taylor, ""Not all transfers are created equal"", Transport Reviews 29(6)",2009,US/international,all,review,—,TP = walk·w_walk + wait·w_wait + TP_pure,framework only,—,—,—,,no numeric estimate,3,2,https://www.tandfonline.com/doi/abs/10.1080/01441640902811304,search-summary (unverified),RQ1_RQ2_station_access_and_interchange
RQ1-R23,transfer penalty (review),S2,"Currie, ""The demand performance of BRT"", J. Public Transportation 8(1)",2005,international,bus→bus,review,—,average of literature range,≈22,—,IVT-equiv min,explicitly: no BRT values exist in the literature; interchange type: on-street; pure/total: mixed,22,in-vehicle-equivalent minutes as reported (N2/N5),2,2,https://digitalcommons.usf.edu/jpt/vol8/iss1/3/,search-summary (unverified),RQ1_RQ2_station_access_and_interchange
RQ1-R24,transfer penalty (review),S2,Currie 2005,2005,international,subway/heavy rail,review,—,as R23,≈8,—,IVT-equiv min,—; interchange type: station; pure/total: mixed,8,in-vehicle-equivalent minutes as reported (N2/N5),2,2,as R23,search-summary (unverified),RQ1_RQ2_station_access_and_interchange
RQ1-R25,transfer penalty pure,S3,"Douglas Economics / RailCorp (Sydney rail passenger survey n=1,578, 2003)",2003,Sydney,rail→rail,SP,"1,578",penalty for transfer by commuters on shorter trips,7 (standard); 5 (no platform change),5–7,IVT-equiv min,"later re-analysis: 6.7 min, transfer wait 1.08×IVT; interchange type: standard vs same platform; pure/total: PURE",,several values in one cell: see estimate,3,3,https://www.atap.gov.au/sites/default/files/documents/M1-Technical-Report.pdf (where cited),search-summary (unverified),RQ1_RQ2_station_access_and_interchange
RQ1-R26,transfer penalty pure,S3,"Douglas & Jones (2013), Sydney SP 2012 (""same platform"" vs ""up and down"", bus)",2013,Sydney,rail→rail,SP designed to separate pure penalty from walk & wait,—,pure penalty,9,—,IVT-equiv min,greater for long trips; interchange type: cross-platform; pure/total: PURE,9,in-vehicle-equivalent minutes as reported (N2/N5),3,3,as R25 (cited in ATAP M1 TR),search-summary (unverified),RQ1_RQ2_station_access_and_interchange
RQ1-R27,transfer penalty pure,S3,Douglas & Jones 2013,2013,Sydney,rail→rail,SP,—,pure penalty,11,—,IVT-equiv min,2 min more than cross-platform; interchange type: change of platform (level change); pure/total: PURE,11,in-vehicle-equivalent minutes as reported (N2/N5),3,3,as R25,search-summary (unverified),RQ1_RQ2_station_access_and_interchange
RQ1-R28,transfer penalty pure,S3,Douglas & Jones 2013,2013,Sydney,bus↔rail,SP,—,pure penalty,17,—,IVT-equiv min,—; pure/total: PURE,17,in-vehicle-equivalent minutes as reported (N2/N5),3,3,as R25,search-summary (unverified),RQ1_RQ2_station_access_and_interchange
RQ1-R29,transfer penalty pure,S3,Douglas & Jones 2013,2013,Sydney,bus→bus,SP,—,pure penalty,21,—,IVT-equiv min,—; interchange type: street; pure/total: PURE,21,in-vehicle-equivalent minutes as reported (N2/N5),3,3,as R25,search-summary (unverified),RQ1_RQ2_station_access_and_interchange
RQ1-R30,transfer penalty (appraisal),S4,"Douglas & Thornton, ""Passenger benefits of Sydney Metro"", ATRF",2019,Sydney,train↔metro at Chatswood,economic appraisal assumption,—,penalty added in economic analysis,5,—,min,—; interchange type: cross-platform; pure/total: PURE,5,in-vehicle-equivalent minutes as reported (N2/N5),2,3,https://australasiantransportresearchforum.org.au/wp-content/uploads/2022/03/ATRF2019_resubmission_49.pdf,search-summary (unverified),RQ1_RQ2_station_access_and_interchange
RQ1-R31,transfer penalty pure (guidance),S1,ATAP M1 Public Transport Technical Report (Australia),2016+,Australia,same mode,guideline,—,"""net transfer penalty""",6,—,IVT-equiv min,—; pure/total: PURE,6,in-vehicle-equivalent minutes as reported (N2/N5),3,3,https://www.atap.gov.au/sites/default/files/M1-Technical-Report.pdf,search-summary (unverified),RQ1_RQ2_station_access_and_interchange
RQ1-R32,transfer penalty pure (guidance),S1,ATAP M1 TR,—,Australia,change of mode (bus↔train),guideline,—,net transfer penalty,10,—,IVT-equiv min,—; pure/total: PURE,10,in-vehicle-equivalent minutes as reported (N2/N5),3,3,as R31,search-summary (unverified),RQ1_RQ2_station_access_and_interchange
RQ1-R33,transfer penalty pure (guidance),S1,ATAP M1 TR (facility-differentiated table),—,Australia,within-mode,guideline,—,net penalty,5 / 7,5–7,IVT-equiv min,—; interchange type: same facility / different facility; pure/total: PURE,,several values in one cell: see estimate,3,3,as R31,search-summary (unverified),RQ1_RQ2_station_access_and_interchange
RQ1-R34,transfer penalty pure (guidance),S1,ATAP M1 TR,—,Australia,between-mode,guideline,—,net penalty,7 / 10,7–10,IVT-equiv min,"the ""same facility between-mode = 7"" is the closest guidance analogue to a BRT↔LRT same-platform transfer; interchange type: same facility / different facility; pure/total: PURE",,several values in one cell: see estimate,3,3,as R31,search-summary (unverified),RQ1_RQ2_station_access_and_interchange
RQ1-R35,transfer penalty (international review in ATAP/TfNSW context),S2,"cited in TfNSW/ATAP search results (""international studies"")",—,international,same mode / different mode,review,—,median with IQR,same mode 12 (IQR 10–15); different mode 16 (IQR 11–22),10–22,IVT-equiv min,—; pure/total: mixed,,several values in one cell: see estimate,2,2,"https://www.transport.nsw.gov.au/system/files/media/documents/2025/tfnsw-economic-parameter-values-jan-2025.pdf (has a ""value of transfers"" section; values not in snippet — CONFIRM)",search-summary (unverified),RQ1_RQ2_station_access_and_interchange
RQ1-R36,transfer penalty pure,S3,"NTA Ireland / Univ. Huddersfield, ""Estimation of bus-to-bus interchange penalties in an Irish context"", UTSG",2024,Greater Dublin,bus→bus,"SP, MNL","1,037 adults","disutility ""above and beyond"" wait and walk",16–21,16–21,IVT-equiv min,no significant difference facility vs stop; interchange type: dedicated interchange facility vs ordinary stop; pure/total: PURE,,several values in one cell: see estimate,3,3,https://www.nationaltransport.ie/wp-content/uploads/2024/07/Estimation-of-Bus-to-Bus-Interchange-Penalties-in-an-Irish-Context.pdf,search-summary (unverified),RQ1_RQ2_station_access_and_interchange
RQ1-R37,transfer penalty (guidance),S1,UK DfT TAG unit M3.2 Public Transport Assignment Modelling,2020/2024,UK,all,guideline,—,fixed penalty per interchange,5–10,5–10,IVT-equiv min,"—; interchange type: ""possibly differentiating transfer types""; pure/total: PURE (walk & wait modelled separately)",,several values in one cell: see estimate,3,3,https://assets.publishing.service.gov.uk/media/666af32effd07973a043d110/tag-unit-m3.2-public-transport-assignment-modelling.pdf,search-summary (unverified),RQ1_RQ2_station_access_and_interchange
RQ1-R38,boarding penalty (guidance),S1,TAG M3.2,2020/2024,UK,all,guideline,—,"""indicative range for boarding penalty or transfer penalty""",2–10,2–10,min,—; pure/total: PURE,,several values in one cell: see estimate,3,3,as R37,search-summary (unverified),RQ1_RQ2_station_access_and_interchange
RQ1-R39,interchange penalty (rail guidance),S1,PDFH 6 Table B4.13,—,GB rail,rail→rail,guideline,—,function of distance & ticket type (not a fixed few minutes),values not retrieved,—,GJT min,by design not comparable to urban fixed penalties,,no numeric estimate,2,1,(PDFH is licensed; no open URL),not retrieved,RQ1_RQ2_station_access_and_interchange
RQ1-R40,boarding/transfer penalty (model),S4,FTA STOPS User Guide v1.50 / v2.53,2015–2024,USA,all,model default,—,boarding penalty each boarding,"5.0 (default); up to 10.0 via ""fraction of transfer penalty"" factor ≤2",5–10,min,—; pure/total: PURE,,several values in one cell: see estimate,3,2,https://www.transit.dot.gov/sites/fta.dot.gov/files/2024-09/STOPS-User-Guide-v2-53-v.pdf,search-summary (unverified),RQ1_RQ2_station_access_and_interchange
RQ1-R41,vertical access time (model),S4,FTA STOPS station type codes,2015+,USA,rail stations,model default,—,time added per level up/down,0.5 (1 level); 1.0 (2 levels); 1.5 (3 levels),0.5–1.5,min,WALK_PEN field allows station-specific extra minutes; v1.50 adds vertical profile & within-station walk times; interchange type: grade-separated; pure/total: n/a,,several values in one cell: see estimate,3,3,as R40 ; v1.50 https://www.transit.dot.gov/sites/fta.dot.gov/files/docs/STOPS_1.50_user_documentation_v5_0.pdf,search-summary (unverified),RQ1_RQ2_station_access_and_interchange
RQ1-R42,boarding penalty (model),S4,"Sound Transit ridership model (2011 ST model, documented in ST3 Methodology Report 2015 / North Corridor interim report 2011)",2011/2015,Seattle,bus stop,model parameter,—,"boarding penalty, wait factor","bus 5.0 min, wait factor 0.60",—,min,reduced at stations with schedule adherence/amenities; pure/total: PURE,,several values in one cell: see estimate,3,3,https://www.wsdot.wa.gov/partners/erp/background/ST3%20Draft%20RidershipForecastingMethodologyReport_6March2015.pdf ; https://seattletransitblog.com/wp-content/uploads/2011/06/ST-Transit-Ridership-Forecasting-Interim-Report.pdf,search-summary (unverified),RQ1_RQ2_station_access_and_interchange
RQ1-R43,boarding penalty + vertical access (model),S4,Sound Transit 2011 model,2011,Seattle,rail station,model parameter,—,boarding penalty; escalator link time penalty; OVT factor,"rail boarding 2.0 min, wait factor 0.50, escalator link 0.5 min; all OVT ×2.0",—,min / factor,walk & wait from transfers accounted separately via pedestrian/escalator links; interchange type: escalator link; pure/total: PURE,,unit 'min / factor' not converted (N1 needs the study's own in-vehicle value),3,3,as R42,search-summary (unverified),RQ1_RQ2_station_access_and_interchange
RQ1-R44,boarding + transfer penalty (model),S4,"GWRC Wellington WTSM/WPTM, Appendix 8 ""Coding of interchanges for PTSS""",2012,Wellington NZ,bus,model parameter (EMME),—,boarding time + transfer penalty + fare proxy,bus: 10 (5 high-quality) boarding + 10 transfer + 10 fare = 23,—,min,—; interchange type: default / high-quality interchange; pure/total: TOTAL (composite),,several values in one cell: see estimate,2,2,https://www.gw.govt.nz/assets/Documents/2022/06/GWRC-Modelling-Report-Appendix-8-Coding-of-Interchanges-for-PTSS.pdf,search-summary (unverified),RQ1_RQ2_station_access_and_interchange
RQ1-R45,boarding + transfer penalty (model),S4,GWRC WTSM,2012,Wellington,rail,model parameter,—,as R44,rail: 7.5 (2.5 high-quality) transfer + 3 boarding + 10 fare = 20.5,—,min,—; interchange type: default / high-quality interchange; pure/total: TOTAL (composite),,several values in one cell: see estimate,2,2,as R44,search-summary (unverified),RQ1_RQ2_station_access_and_interchange
RQ1-R46,transfer penalty (review),S2,"Litman, VTPI ""Valuing transit service quality / travel time"" citing Horowitz & Zlosel 1981, Evans 2004",2007+,USA,all,review,—,extra cost of transfer,5–15,5–15,IVT-equiv min,—; pure/total: mixed,,several values in one cell: see estimate,2,2,https://www.vtpi.org/traveltime.pdf,search-summary (unverified),RQ1_RQ2_station_access_and_interchange
RQ1-R47,transfer penalty pure,S3,"NL AFC-based route choice (attribution uncertain; likely Yap et al., The Hague HTM)",~2020,Netherlands,tram↔bus,RP (AFC),—,interchange penalty,4.8,—,IVT-equiv min,"also ""tram bonus"": 1 bus-IVT min ≈ 0.6 tram-IVT min; pure/total: PURE",4.8,in-vehicle-equivalent minutes as reported (N2/N5),2,3,https://www.tandfonline.com/doi/full/10.1080/23249935.2018.1537319 (crowding paper; penalty source CONFIRM),search-summary (unverified; attribution CONFIRM),RQ1_RQ2_station_access_and_interchange
RQ1-R48,transfer attributes (qualitative),S3,"Chowdhury & Ceder, ""Definition of planned and unplanned transfer"", J. Public Transportation 16(2)",2013/14,Auckland,bus/BRT,SP,—,"5 attributes of a planned transfer; willingness to use transfer routes rises as attributes approach ""planned""",no minute values found,—,—,—,,no numeric estimate,2,2,https://digitalcommons.usf.edu/jpt/vol16/iss2/1/,search-summary (unverified),RQ1_RQ2_station_access_and_interchange
RQ1-R49,physical interchange time,S3,Hong Kong MTR North Point vs Quarry Bay (Checkerboard Hill / Wikipedia),—,Hong Kong,metro→metro,descriptive,—,actual interchange time,<1 min cross-platform vs 5 min with level change,—,min (actual),"physical time, not penalty; interchange type: cross-platform vs level change; pure/total: n/a",,unit 'min (actual)' not converted (N1 needs the study's own in-vehicle value),1,2,https://www.checkerboardhill.com/2017/12/hong-kong-mtr-interchange-stations/,search-summary (unverified),RQ1_RQ2_station_access_and_interchange
RQ1-R50,vertical access time (physical),S3,"basin.la (LA Metro escalators); Wikipedia Wheaton, Rokin, Park Pobedy",—,LA; Washington; Amsterdam; Moscow,—,descriptive,—,escalator ride time platform↔street,"≈87 s (LA Civic Center); 2 min 45 s (Wheaton, deepest in W. hemisphere); 2.5 min (Rokin); ≈3 min (Park Pobedy, 126 m)",1.5–3 min for deep stations,min,escalator speeds: LA 90 ft/min; HK MTR 0.75 m/s; pure/total: n/a,,several values in one cell: see estimate,1,2,https://basin.la/articles/ninety-feet-a-minute.html,search-summary (unverified),RQ1_RQ2_station_access_and_interchange
RQ1-R51,fare-gate / validation time,S3,HID Global blog; Japanese gate standards (Wikipedia AFC),—,—,—,descriptive,—,per-passenger processing,ticket returned ≈0.7 s; gate capacity up to 60 pax/min; smart-card tap 1–2 s,0.7–2 s,seconds/passenger,queueing not covered; pure/total: n/a,,unit 'seconds/passenger' not converted (N1 needs the study's own in-vehicle value),1,2,https://en.wikipedia.org/wiki/Automated_fare_collection,search-summary (unverified),RQ1_RQ2_station_access_and_interchange
RQ1-R52,boarding/dwell time,S3,"Wu & McDonald, ""Characteristics of light rail travel time: examples from France"", J. Public Transportation 1(2); TCRP Report 13 / Calgary LRT",1990s,"Grenoble, Strasbourg; Calgary",LRT,observation,—,dwell per stop; service time per passenger,"Grenoble 14.4 s mean; Strasbourg 35.8 s peak; dwell ranges 16–31 s off-peak, 21–37 s peak; low-floor LRT alight 1.5–2.5 s/pax, board 2.0–8.0 s/pax; Calgary alight 0.4–1.4, board 1.4–2.4 s/pax",—,seconds,"low-floor bus: boarding 0.2–0.7 s/pax faster, alighting 0.3–2.7 s faster; interchange type: surface stops; pure/total: n/a",,unit 'seconds' not converted (N1 needs the study's own in-vehicle value),2,3,https://digitalcommons.usf.edu/jpt/vol1/iss2/3/ ; https://onlinepubs.trb.org/onlinepubs/tcrp/tcrp_rpt_13-e.pdf,search-summary (unverified),RQ1_RQ2_station_access_and_interchange
RQ1-R53,walk/wait weights,S2,Wardman 2001/2004 meta-analysis,2004,GB,—,meta,—,OVT weights,"walk 1.66×, wait 1.47× IVT",—,× IVT,needed to convert TOTAL to PURE; pure/total: n/a,,several values in one cell: see estimate,3,2,as R06,search-summary (unverified),RQ1_RQ2_station_access_and_interchange
RQ1-R54,Israel guidance,S1,"נוהל פר""ת 2012 (Israeli project appraisal procedure)",2012,Israel,—,guideline,—,treats travel time and waiting time in evaluation; no transfer-penalty value appeared in snippets,not retrieved,—,—,Hebrew searches for קנס החלפה / ערך זמן returned only fare-reform (90-min free transfer) material; no Israeli model parameter document surfaced,,no numeric estimate,1,3,https://www.infocenters.co.il/rsa/multimedia/Prat2012.pdf,not retrieved,RQ1_RQ2_station_access_and_interchange
RQ3-W01,walk weight,S2,"Wardman, ""A review of British evidence on time and service quality valuations"", Transp. Res. E 37",2001,UK,bus + rail,meta-analysis of SP/RP,British studies to late 1990s,walk time value ÷ IVT value,1.66,±0.12,× IVT,"Wait 1.47 (±0.18), headway 0.80 (±0.08). Summary states the meta-model ""indicates the convention of weighting walk at twice IVT is justified"" yet ""empirical findings suggest somewhat lower multipliers"" — i.e. ~1.66 vs convention 2.0",1.66,weight already relative to in-vehicle time (N1),3,2,https://www.sciencedirect.com/science/article/abs/pii/S1366554500000120,search-summary (unverified),RQ3_walk_weight_speed_detour
RQ3-W02,walk weight,S2,"Wardman, ""Public transport values of time"", Transport Policy 11(4) 363–377",2004,UK,bus + rail,meta-analysis,UK PT valuations,walk ÷ IVT,1.66 (overall),±0.12,× IVT,"Same headline numbers as W01 (same underlying meta-data). Wait 1.47, headway 0.80. ""Walking and waiting valuations are often centred around twice IVT"" though varying with mode and journey length",1.66,weight already relative to in-vehicle time (N1),3,2,https://eprints.whiterose.ac.uk/3393/2/Public_Transport_Values_of_Time_secure.pdf ; https://www.sciencedirect.com/science/article/abs/pii/S0967070X04000319,search-summary (unverified),RQ3_walk_weight_speed_detour
RQ3-W03,walk weight by mode,S2,"Wardman 2004, Table 11 (implied IVT values of walk/wait by mode)",2004,UK,bus vs rail,meta-analysis,as W02,implied walk multiplier at 5-mile trip,bus 2.15 ; rail 1.65,—,× IVT (mode-specific),"One summary says walk is 2.15× for bus and lower (1.65×) for rail at 5 miles; the same summary also says ""the value of walk time varies little by mode whereas wait time amongst rail users shows different patterns"" — the two statements conflict; must be checked in the paper",,several values in one cell: see estimate,2,2,https://www.researchgate.net/publication/222426246_Public_Transport_Values_of_Time,search-summary (unverified),RQ3_walk_weight_speed_detour
RQ3-W04,wait weight (walk not surfaced),S2,"Abrantes & Wardman, ""Meta-analysis of UK values of travel time: an update"", TR-A 45(1) 1–17",2011,UK,all,meta-analysis,UK evidence 1963–2008 incl. grey literature,wait ÷ IVT,≈2.0,—,× IVT,Walk multiplier NOT found in any snippet. Summary also cites Quarmby (1967): 1 min walking to or waiting at a bus stop ≈ 2–3 min IVT,2.0,weight already relative to in-vehicle time (N1),3,2,https://www.researchgate.net/publication/227426967_Meta-Analysis_of_UK_Values_of_Travel_Time_An_Update ; https://econpapers.repec.org/RePEc:eee:transa:v:45:y:2011:i:1:p:1-17,search-summary (unverified),RQ3_walk_weight_speed_detour
RQ3-W05,walk weight,S2,"Wardman, Chintakayala & de Jong, ""Values of travel time in Europe: review and meta-analysis"", TR-A 94, 93–111",2016,Europe (389 studies),all PT,meta-analysis,"3,109 valuations, 1963–2011","walk ÷ IVT, non-business",urban 1.45 ; inter-urban 1.70,—,× IVT,"Wait: urban 1.50, inter-urban 1.76",,several values in one cell: see estimate,3,3,https://eprints.whiterose.ac.uk/104595/ ; https://eprints.whiterose.ac.uk/id/eprint/104595/1/European%20meta%20paper%20final%20accepted%20for%20publication.pdf,search-summary (unverified),RQ3_walk_weight_speed_detour
RQ3-W06,walk & wait weight,S2,"Wardman et al., ""Value of time multipliers for walk time, wait time, service headway, displacement time, reliability and congested travel time: review and meta-analysis of worldwide evidence"", TR-A (article S0965856426000662)",2026,worldwide,all,meta-analysis of RP + SP,worldwide evidence,implied walk/wait multiplier,1.50 – 1.75 (recommended) vs convention 2.0,1.50 (SP-weighted) to 1.75 (RP-weighted),× IVT,"""Challenges the long-established multipliers of two for walk and wait time, supporting a reduction to 1.75 or 1.50 depending upon the emphasis placed on RP or SP data."" RP multipliers almost always larger than SP; multipliers declining over time; effects of mode, purpose, distance detected. Related: ""Value of Time Multipliers: a review and meta-analysis of European-wide evidence"" (White Rose eprint 225392)",,several values in one cell: see estimate,3,3,https://www.sciencedirect.com/science/article/pii/S0965856426000662 ; https://eprints.whiterose.ac.uk/id/eprint/225392/,search-summary (unverified),RQ3_walk_weight_speed_detour
RQ3-W07,walk weight,S2/S1,"Balcombe et al., TRL593 ""The demand for public transport: a practical guide""",2004,UK,bus + rail,review of SP/RP,UK evidence,walk to/from stops & stations ÷ IVT,1.4 – 2.0,1.4–2.0 ; all access/egress means 1.3–2.1,× IVT,"""No obvious dependence on trip type and main mode."" Wait: bus 1.6, rail 1.2",,several values in one cell: see estimate,3,2,https://www.trl.co.uk/uploads/trl/documents/TRL593%20-%20The%20Demand%20for%20Public%20Transport.pdf,search-summary (unverified),RQ3_walk_weight_speed_detour
RQ3-W08,walk/wait weight (historic),S3,Quarmby 1967 (as cited in Abrantes & Wardman 2011 summary),1967,"Leeds, UK",bus,RP,—,1 min walk/wait ≈ n min IVT,2 – 3,2–3,× IVT,"Origin of the ""2×"" convention",,several values in one cell: see estimate,2,1,(via W04),search-summary (unverified),RQ3_walk_weight_speed_detour
RQ3-W09,access/egress & wait weight,S3,"Kouwenhoven, de Jong, Koster, van den Berg, Verhoef, Bates, Warffemius, ""New values of time and reliability in passenger transport in the Netherlands"", Res. Transp. Econ. 47, 37–49",2014,Netherlands,"train, BTM",national SP VoT study,national,PT access/exit and wait multipliers in equivalent IVT minutes,≈1.5,access IVT ÷ train IVT 1.57 to 1.09 by segment (as summarised),× IVT,Also: users who can use travel time usefully have 20–21% lower VTT,1.5,weight already relative to in-vehicle time (N1),3,2,https://www.researchgate.net/publication/268751031_New_values_of_time_and_reliability_in_passenger_transport_in_The_Netherlands ; https://eprints.whiterose.ac.uk/84748/7/VOTVORpassengerpaper_v1_3.pdf,search-summary (unverified),RQ3_walk_weight_speed_detour
RQ3-W10,walk access/egress weight,S3,"Significance for KiM, ""Values of Time, Reliability and Comfort in the Netherlands 2022"" (technical report)",2023,Netherlands,all PT + walk/cycle,national SP VoT study,national,VoA (walking access/egress) ÷ VoT (in-vehicle),≈1.5 – 2.0,1.5–2.0 by user segment,× IVT,First Dutch national VTT study with walking/cycling/access-egress values; provides multipliers for walking-path configuration and pavement types (environment adjustments); local PT VoT ≈ 7–14 EUR/h (2022),,several values in one cell: see estimate,3,3,https://english.kimnet.nl/site/binaries/site-content/collections/documents/2024/04/03/new-values-of-travel-time-reliability-and-comfort-in-the-netherlands/Technical+report+Significance_+Values+of+Travel+Time+in+the+Netherlands+2022_final.pdf,search-summary (unverified),RQ3_walk_weight_speed_detour
RQ3-W11,access-time weight,S3/S1,"Flügel, Halse, Hulleberg, Jordbakke, Veisten, Sundfør, Kouwenhoven, TØI report 1762/2020 ""Verdsetting av reisetid og tidsavhengige faktorer""",2020,Norway,PT,national SP valuation study 2018–2020,national,access time to PT stop ÷ IVT,≈1.3,—,× IVT,"Noticeably below the 1.5–2.0 convention; study also values headway, crowding, walk/cycle infrastructure type",1.3,weight already relative to in-vehicle time (N1),3,2,https://www.toi.no/getfile.php?mmfileid=53108,search-summary (unverified),RQ3_walk_weight_speed_detour
RQ3-G01,walk & wait weight,S1,"UK DfT TAG Unit M3.2 Public Transport Assignment Modelling, Table 1 ""Recommended generalised cost weights and penalties""",2024 (also 2020),UK,multimodal urban,guideline (indicative ranges),—,weight on walk (access/egress/transfer) time,1.5 – 2.0,1.5–2.0,× IVT (rail IVT = 1),"Wait 1.5–2.5; IVT weights: rail 1, bus 1–1.4, interurban bus 1–1.4, tram/LRT 0.7–1.1. Note: because tram/LRT IVT can be weighted <1, walk relative to LRT in-vehicle minutes is implicitly higher than relative to rail minutes",,several values in one cell: see estimate,3,3,https://assets.publishing.service.gov.uk/media/666af32effd07973a043d110/tag-unit-m3.2-public-transport-assignment-modelling.pdf ; 2020 mirror: https://n-somerset.gov.uk/sites/default/files/2022-11/CD10.31%20tag-m3-2-public-transport-assignment.pdf,search-summary (unverified),RQ3_walk_weight_speed_detour
RQ3-G02,walk weight,S1,"ITF/OECD Roundtable 156 ""Valuing convenience in public transport"" (summary & conclusions; Wardman's survey paper)",2014,international,all,review of practice,—,walk-time multiplier in equivalent IVT,≈2 (convention),1.25 – 2.5 across agencies,× IVT,"See G03–G07 for agency values. ""If walking time savings are twice as important as IVT the walk multiplier is two."" Multipliers ""potentially much more transferable across contexts than monetary values""",2,weight already relative to in-vehicle time (N1),3,3,https://www.itf-oecd.org/sites/default/files/docs/dp201402.pdf ; https://www.oecd.org/content/dam/oecd/en/publications/reports/2014/12/valuing-convenience-in-public-transport_g1g4525d/9789282107683-en.pdf,search-summary (unverified),RQ3_walk_weight_speed_detour
RQ3-G03,walk/wait/transfer weight,S4,STIF Île-de-France (in ITF 2014),2014,Paris region,rail/metro/bus,model convention,—,"multiplier on wait, access/egress walk, transfer",2,—,× IVT,"Same weight (2) for wait, walk and transfer time",2,weight already relative to in-vehicle time (N1),2,3,(via G02),search-summary (unverified),RQ3_walk_weight_speed_detour
RQ3-G04,walk/transfer-walk weight,S4,"ANTONIN model, Île-de-France (in ITF 2014)",2014,Paris region,multimodal,calibrated model,—,multiplier,access/egress walk 2.0 ; transfer walk 2.5 ; wait 2.0,—,× IVT,Only source found that distinguishes transfer walking (2.5) from access/egress walking (2.0),,several values in one cell: see estimate,2,3,(via G02),search-summary (unverified),RQ3_walk_weight_speed_detour
RQ3-G05,walk/wait weight,S4,Hong Kong MTR rail demand forecasting (in ITF 2014),2014,Hong Kong,metro,model convention,—,multiplier,2 (walk and wait),—,× IVT,—,2,weight already relative to in-vehicle time (N1),2,2,(via G02),search-summary (unverified),RQ3_walk_weight_speed_detour
RQ3-G06,walk/wait weight,S4,"Metrolinx, Ontario (in ITF 2014)",2014,Toronto region,multimodal,model convention,—,multiplier,1.5 – 2.5,1.5–2.5 ; transfer penalties 2.5+,× IVT,—,,several values in one cell: see estimate,2,2,(via G02),search-summary (unverified),RQ3_walk_weight_speed_detour
RQ3-G07,walk/wait weight,S4,New York MTA/NYCT (in ITF 2014),2014,New York,subway/bus,model convention,—,multiplier,walk 1.5 ; wait 1.25 ; transfer penalty 1 min,—,× IVT / min,Lowest agency weights surfaced,,several values in one cell: see estimate,2,2,(via G02),search-summary (unverified),RQ3_walk_weight_speed_detour
RQ3-G08,walk & wait weight,S1,ATAP Guidelines M1 Public Transport / PV2 parameter values,2016–2022,Australia,bus/rail,guideline,—,weight on trip-end walk time and wait time,walk 1.5 ; wait 1.4,ATAP comparative table: wait 1.40 to 1.75–2,× IVT,"OVT multipliers >1 ""to reflect the extra effort involved in walking relative to sitting on a bus or train""",,several values in one cell: see estimate,3,2,https://www.atap.gov.au/sites/default/files/M1-Technical-Report.pdf ; https://www.atap.gov.au/sites/default/files/M1_Public_transport.pdf ; https://www.atap.gov.au/parameter-values/index,search-summary (unverified),RQ3_walk_weight_speed_detour
RQ3-G09,walk & wait weight,S1,"Transport for NSW, Economic Parameter Values (Jan 2025)",2025,"NSW, Australia",PT,guideline,—,weight on access/walk/wait time,walk access 1.5 ; wait 1.5 ; car access 1.2,—,× IVT,"""1.5 for walk time is recommended for uncongested conditions and 'normal effort'"" (implies higher for congested/strenuous conditions — relevant to Haifa gradients)",,several values in one cell: see estimate,3,2,https://www.transport.nsw.gov.au/system/files/media/documents/2025/tfnsw-economic-parameter-values-jan-2025.pdf,search-summary (unverified),RQ3_walk_weight_speed_detour
RQ3-G10,walk/wait valuation,S1,NZ Transport Agency Monetised Benefits and Costs Manual (MBCM),2024–2025,New Zealand,PT,guideline,—,value of walking and waiting time,"100% of wages (walking & waiting) vs PT IVT NZ$8.16/h seated, $11.88/h standing (commuting)",—,$/h (implies multiplier >1 but ratio not stated),"Headway valued $8.28/h, reliability $14.64/h. No explicit × IVT surfaced",,unit '$/h (implies multiplier >1 but ratio not stated)' not converted (N1 needs the study's own in-vehicle value),2,1,https://www.nzta.govt.nz/assets/resources/monetised-benefits-and-costs-manual/Monetised-benefits-and-costs-manual.pdf ; parameter report: https://www.nzta.govt.nz/assets/resources/research/reports/698/698-monetised-benefits-and-costs-manual-mbcm-parameter-values.pdf,search-summary (unverified),RQ3_walk_weight_speed_detour
RQ3-G11,walk & wait weight,S1,Sweden — ASEK / Kol-TRAST (Trafikverket),ASEK 5.2–8.0,Sweden,PT,guideline,—,weight per minute vs seated ride time,walk to/from stop 2 ; actual wait 2 ; hidden wait 1 ; ride (seated) 1,—,× IVT,"""Walking, waiting and transfer time valued twice as high per minute as sitting time."" ASEK 8.0 (2024) revised walking-time weights for PT journeys (new values not in snippet)",,several values in one cell: see estimate,2,2,https://bransch.trafikverket.se/contentassets/ba274bd6e024426a873114f0c6fb4252/2023-kasta/asek-8.0-_vad-ar-nytt.pdf ; https://www.trafa.se/globalassets/sika/sika-pm/pm2009_3.pdf,search-summary (unverified),RQ3_walk_weight_speed_detour
RQ3-G12,walk/wait weight,S1,Denmark — Transportøkonomiske Enhedspriser v2.2 / TERESA (DTU),2025,Denmark,PT,guideline,—,"unit prices for travel, delay, wait, hidden wait, transfer time, transfer penalty",NO NUMBER SURFACED,—,—,"Components exist; weights are in the spreadsheet/documentation, not in snippets",,no numeric estimate,—,1,https://www.man.dtu.dk/-/media/institutter/management/scientific-advice/teresa/transportoekonomiske-enhedspriser/dokumentation-af-toee-opdatering-v11.pdf,not found,RQ3_walk_weight_speed_detour
RQ3-G13,OVT weight,S1,US FTA Capital Investment Grant / New Starts travel-forecasting guidance (as summarised in tfresource & MWCOG/Cambridge Systematics reports),2007–2016,USA,transit,guideline,—,ratio of OVT to IVT coefficient (Covtt/Civtt) in mode choice,2.0 – 3.0,"observed across models 0.25–16.0 (""wide variation""; compelling evidence required outside accepted range)",× IVT,"FTA requires path-building weights consistent with mode-choice coefficients. One snippet states the FTA range as 2.0–3.0; another only says FTA ""identifies a wide variation 0.25 < ratio < 16.0"" — the exact FTA range text should be checked",,several values in one cell: see estimate,2,2,https://tfresource.org/topics/Travel_Forecasting_for_the_Capital_Investment_Grant_Program.html ; https://www.mwcog.org/file.aspx?D=4I4c3V5tz1NX/J1mRm8ngNOP2lR2IlINP0s86mxTxP4%3D&A=RI5qvqdw+FVVCVixEYRRpYGOIMfuuTytJNjrVI+wN4g%3D,search-summary (unverified),RQ3_walk_weight_speed_detour
RQ3-G14,walk-access weight,S4,"MWCOG/TPB Version 2.3 regional model (Cambridge Systematics report), following AECOM practice",mid-2000s–2010s,Washington DC,transit,model calibration,—,OVT coefficient as multiple of IVT coefficient,walk access 2.0 ; auto access 1.5,—,× IVT,—,,several values in one cell: see estimate,2,2,(same MWCOG URL as G13),search-summary (unverified),RQ3_walk_weight_speed_detour
RQ3-IL01,wait (and walk) weight,S1,"Israel — נוהל פר""ת 2012 (Guidelines for evaluating transport projects, Ministry of Transport / Ministry of Finance)",2012,Israel,PT,guideline,—,"perceived vs actual time components (IVT, wait, walk to station, transfer wait)","wait perceived ""פי 2–4"" (2–4×) relative to in-vehicle time",2–4,× IVT,"Hebrew snippet: ""זמן ההמתנה נתפס כארוך יותר מזמן הנסיעה ברכב (פי 2-4)"". No explicit walk weight surfaced. Other PRAT values surfaced: commuter VOT 21.12 NIS/h (2012); minimum transfer time 4 min; VOT by purpose averages 20% (10–50%) of work VOT",,several values in one cell: see estimate,2,3,https://www.infocenters.co.il/rsa/multimedia/Prat2012.pdf ; https://sites.google.com/site/benefitcostanalysis/models/previously-available-tools/israeli-nohal-prat,search-summary (unverified),RQ3_walk_weight_speed_detour
RQ3-IL02,walk speed / walk network,S4,"Israel National Transport Model walk assumptions, as described in Amedi (Bank of Israel DP 2023.12, ""The Determinants of the Transit Accessibility Premium"")",2023,Israel,PT access,model description,—,walking allowed between any two points up to 1 km; walk speed; constant walk-time term,4 km/h ; +2 min constant ; max 1 km,"summary also lists distance-banded effective speeds: 3 km/h first 400 m, 2 km/h 400–600 m, 1–2 km/h 600–800 m","km/h, min, m","The two speed statements in the summary (flat 4 km/h vs banded 3/2/1–2 km/h) may describe different model components (e.g., a distance-decay or impedance); must be checked in the DP. Also: Haifa metropolitan strategic plan defines door-to-door time as walk + wait + ride + walk",,"unit 'km/h, min, m' not converted (N1 needs the study's own in-vehicle value)",2,3,https://www.boi.org.il/media/pb5dxkiw/dp202312h.pdf (HE) ; https://www.boi.org.il/media/jtlmmyj4/dp202312e.pdf (EN),search-summary (unverified),RQ3_walk_weight_speed_detour
RQ3-V01,walk speed,S5,Tobler's hiking function (based on Imhof data),1993,—,walking,empirical function,—,v = 6·exp(−3.5·,S+0.05,") km/h, S = gradient",flat ≈5 km/h ; max 6 km/h at −5% (≈−2.86°),off-path ×3/5,,unit 'flat ≈5 km/h ; max 6 km/h at −5% (≈−2.86°)' not converted (N1 needs the study's own in-vehicle value),km/h,Standard slope-speed model used in slope-adjusted catchments,3,3,RQ3_walk_weight_speed_detour
RQ3-V02,walk speed (design),S5,US MUTCD (2009; 11th ed.) pedestrian clearance,2009/2023,USA,crossing,design standard,—,assumed crossing speed,3.5 ft/s (1.07 m/s),3.0 ft/s if >20% elderly; up to 4.0 ft/s (1.22 m/s) with extended push-button,ft/s,Reduced from 4.0 ft/s in earlier editions,,unit 'ft/s' not converted (N1 needs the study's own in-vehicle value),3,2,https://mutcd.fhwa.dot.gov/htm/2009/part4/part4e.htm ; https://mutcd.fhwa.dot.gov/pdfs/11th_Edition/part4.pdf,search-summary (unverified),RQ3_walk_weight_speed_detour
RQ3-V03,walk speed (empirical),S5,"Knoblauch, Pietrucha & Nitzburg, ""Field studies of pedestrian walking speed and start-up time"", TRR 1538",1996,USA (field),crossings,field observation,—,15th-percentile walking speed,young (14–64) 1.25 m/s ; older (65+) 0.97 m/s,"design values 1.22 m/s (4 ft/s) young, 0.91 m/s (3 ft/s) older",m/s,"Speed influenced by street width, volumes, weather, group size, signal timing etc.",,unit 'm/s' not converted (N1 needs the study's own in-vehicle value),3,2,https://journals.sagepub.com/doi/10.1177/0361198196153800104,search-summary (unverified),RQ3_walk_weight_speed_detour
RQ3-V04,walk speed (planning convention),S5,"""3 mph"" convention (≈4.8 km/h ≈ 80 m/min); 400 m ≈ 5 min; stated as FHWA design standard by a third-party calculator; journey planners 1.2 m/s (≈4.3 km/h) per Human Transit",—,USA / general,access walk,convention,—,assumed average walk speed,3 mph ≈ 4.8 km/h ≈ 80 m/min ; 1.2 m/s,3–6 km/h individual range (platform studies),"km/h, m/min, m/s",TCQSM's own text not retrieved; the 3 mph / 80 m/min / 400 m in 5 min chain was confirmed only by secondary sources,,"unit 'km/h, m/min, m/s' not converted (N1 needs the study's own in-vehicle value)",1,2,https://humantransit.org/2011/04/basics-walking-distance-to-transit.html ; https://radiusmapper.com/walking ; https://onlinelibrary.wiley.com/doi/full/10.1155/2018/4264528,search-summary (unverified),RQ3_walk_weight_speed_detour
RQ3-D01,detour factor,S5,"Circuity factors used in transit-catchment research (Upper Project EU / JAPA ""Walking (In)Convenience"" 2024)",2024,Europe / USA,walk to stop,network analysis,—,network distance ÷ straight-line,1.2 and 1.5 (both used),1.2–1.5,ratio,"""A circuity factor of 1.2 increases the number of alternative transit stations within walking distance compared to 1.5""",,several values in one cell: see estimate,2,2,https://www.upperprojecteu.eu/news/giving-catchment-areas-a-reality-check-incorporating-walkability-into-transport-planning/ ; https://www.tandfonline.com/doi/full/10.1080/01944363.2024.2310613,search-summary (unverified),RQ3_walk_weight_speed_detour
RQ3-D02,detour factor,S5,"Meeder & Weidmann (ETH IVT), ""Measuring neighborhood walkability using detour factor distributions"" (ASCE J. Urban Plan. Dev.) + ETH student report ""Detour factors in pedestrian networks""",2018,"Switzerland (4 neighbourhoods, 3 cities)",walk incl. to PT stops,GIS network analysis,4 neighbourhoods,pedestrian detour factor = route length ÷ geodesic distance,distributions by neighbourhood type (central value not in snippet),thresholds used: 1.15 (routes ≤15% longer than shortest) ; >1.5 flagged as poor directness,ratio,Ideal = 1.0,,no numeric estimate,2,2,https://doi.org/10.1061/(ASCE)UP.1943-5444.0000453 ; https://ethz.ch/content/dam/ethz/special-interest/baug/ivt/ivt-dam/publications/students/401-500/sa457spec.pdf,search-summary (unverified),RQ3_walk_weight_speed_detour
RQ3-S01,slope,S5,"Xie, Lee, Li, Jiang, Ma, ""Pedestrian dynamics on slopes: empirical analysis of level, uphill and downhill walking"", Safety Science",2024,China (lab),walking,controlled experiment,"220 participants, 1,615 runs; 0%, ±6%, ±12%",free walking speed vs gradient,±6%: negligible effect ; uphill speed decreases with gradient ; >6° significant,0–12% tested,% grade / °,Gentle slopes (≤6%) do not materially change speed; steeper slopes do,,unit '% grade / °' not converted (N1 needs the study's own in-vehicle value),3,3,https://www.sciencedirect.com/science/article/abs/pii/S0925753524000195,search-summary (unverified),RQ3_walk_weight_speed_detour
RQ3-S02,slope,S5,"Sun et al., ""The influence of surface slope on human gait characteristics"", Sydney Circular Quay ramp",1996,Sydney,walking,field observation,"1,200 F + 1,200 M",gait on slopes up to 9°,most people slow uphill; women slower with larger deltas,0–9°,°,—,,no numeric estimate,2,2,https://www.researchgate.net/publication/14350428_The_influence_of_surface_slope_on_human_gait_characteristics_A_study_of_urban_pedestrians_walking_on_an_inclined_surface,search-summary (unverified),RQ3_walk_weight_speed_detour
RQ3-S03,slope / catchment adjustment,S5,"Andersen & Landex, ""Catchment areas for public transport"" (WIT Urban Transport XIV)",2008,Denmark,PT stops,GIS,—,equivalent circular buffer radius vs network catchment,0.7 R (network) ; 0.6 R if hilly,—,ratio of nominal radius,Rule-of-thumb when GIS unavailable,,unit 'ratio of nominal radius' not converted (N1 needs the study's own in-vehicle value),2,3,https://www.witpress.com/Secure/elibrary/papers/UT08/UT08017FU1.pdf,search-summary (unverified),RQ3_walk_weight_speed_detour
RQ3-S04,slope method,S5,"GATE Mobility Toolbox for QGIS (slope-adjusted walking accessibility) + ""Walking to public transport: rethinking catchment areas considering topography""",2025,Europe,walk to PT,GIS,—,slope-adjusted network analysis using Tobler and Naismith–Langmuir,"""significant decrease in Accessibility Index"" on hilly terrain vs plain network analysis (magnitude not in snippet)",—,—,Methods directly transferable to Haifa,,no numeric estimate,2,3,https://link.springer.com/chapter/10.1007/978-3-031-97660-5_28 ; https://www.researchgate.net/publication/391862881_Walking_to_Public_Transport_Rethinking_Catchment_Areas_Considering_Topography_and_Surrogate_Buffers,search-summary (unverified),RQ3_walk_weight_speed_detour
RQ3-C01,catchment rail vs bus,S3,"Daniels & Mulley, ""Explaining walking distance to public transport: the dominance of public transport supply"", JTLU",2013,Sydney,bus vs rail,"RP (Household Travel Survey), shortest network distance","1,906 trips",walk distance home→stop,"bus mean 461 m, 75th pct 566 m ; rail mean 805 m, 75th pct 1,018 m",—,m,Rail walk ≈1.75× bus; many walk further than 400 m (bus) / 800 m (rail) norms,,unit 'm' not converted (N1 needs the study's own in-vehicle value),3,3,https://www.jstor.org/stable/26202654,search-summary (unverified),RQ3_walk_weight_speed_detour
RQ3-C02,catchment rail vs bus,S3,"El-Geneidy, Grimsrud, Wasfi, Tétreault, Surprenant-Legault, ""New evidence on walking distances to transit stops"", Transportation 41, 193–210",2014,Montreal,bus vs commuter rail,RP (O-D survey),—,85th-percentile walk distance from home,"bus 524 m ; commuter rail 1,259 m",—,m,"Distances vary with service type, transfers, wait, demographics",,unit 'm' not converted (N1 needs the study's own in-vehicle value),3,2,https://www.tram.mcgill.ca/Research/Publications/Transit_service_area.pdf,search-summary (unverified),RQ3_walk_weight_speed_detour
RQ3-C03,catchment (rail),S3,"Guerra, Cervero & Tischler, ""Half-mile circle: does it best represent transit station catchments?"", TRR",2012,USA (21 cities),high-capacity transit,direct ridership models,"1,449 stations",catchment radius for ridership prediction / policy,¼ mile (jobs) ; ½ mile (population) for policy; radius choice has little effect on predictive power,—,miles,—,,no numeric estimate,3,2,https://www.researchgate.net/publication/254397223_The_Half-Mile_Circle_Does_It_Represent_Transit_Station_Catchments,search-summary (unverified),RQ3_walk_weight_speed_detour
RQ3-C04,catchment (bus),S1,"TCRP Report 95 Ch.10 ""Bus routing and coverage"" (Pratt & Evans)",2004,USA,bus,guideline/review,—,rule-of-thumb coverage,¼ mile (≈400 m),service elasticities +0.6 to +1.0,miles,—,,unit 'miles' not converted (N1 needs the study's own in-vehicle value),2,1,https://www.trb.org/publications/tcrp/tcrp_rpt_95c10.pdf,search-summary (unverified),RQ3_walk_weight_speed_detour
RQ3-T01,transfer penalty (context for transfer walk),S3,"Garcia-Martinez et al. (2018), Madrid SP; literature range",2018,Madrid / review,metro/bus,SP,—,pure transfer penalty excluding walk & wait,15.2–17.7% increase in IVT,literature: 4–20 min IVT per transfer,% IVT / min,Transfer walking time is valued separately (see G04 ANTONIN 2.5×),,several values in one cell: see estimate,2,2,https://link.springer.com/article/10.1007/s12544-017-0260-x ; https://www.sciencedirect.com/science/article/pii/S1077291X24000092,search-summary (unverified),RQ3_walk_weight_speed_detour
RQ3-E01,environment adjustment,S3,"Transit users' preferences for street infrastructure, day vs night (Transp. Res. D, 2026) and related walk-environment studies",2026,—,walk to transit,SP / DCM,—,acceptable walking time by environment,"""green environments double acceptable walking times""",—,ratio,"Qualitative: safety falls with number of street crossings, rises in green areas; access time, crime safety and sidewalk availability drive walk-to-transit choice",,no numeric estimate,1,2,https://www.sciencedirect.com/science/article/pii/S1361920926001872 ; https://www.sciencedirect.com/science/article/pii/S0966692325003059,search-summary (unverified),RQ3_walk_weight_speed_detour
RQ3-E02,environment adjustment,S1,KiM/Significance 2022 (see W10),2023,Netherlands,walk,SP,—,multiplicative VTT multipliers for walking-path configuration and pavement type; multipliers for different quality aspects are multiplied together,values not in snippet (>1 for uncomfortable routes),—,×,Only national-guidance source found that formally adjusts walking VTT for route environment,1,weight already relative to in-vehicle time (N1),2,3,(W10 URL),search-summary (unverified),RQ3_walk_weight_speed_detour
RQ4-W01,wait weight (undifferentiated),S2 meta,"Wardman, ""Public transport values of time"", Transp. Policy 11(4)",2004,UK,bus+rail,meta-analysis of British SP/RP valuations,"""very large data set of British evidence""",wait time valued relative to IVT,1.47,±0.18,×IVT,all headways pooled,,unit '×IVT' not converted (N1 needs the study's own in-vehicle value),3,,https://eprints.whiterose.ac.uk/id/eprint/3393/2/Public_Transport_Values_of_Time_se,search-summary (unverified),RQ4_RQ5_wait_transfer_and_S1_guidance
RQ4-W02,headway multiplier,S2 meta,Wardman 2004 (as W01),2004,UK,bus+rail,meta-analysis,as W01,service headway valued relative to IVT,0.80,±0.08,×IVT per min of headway,—,0.80,in-vehicle-equivalent minutes as reported (N2/N5),3,,as W01,search-summary (unverified),RQ4_RQ5_wait_transfer_and_S1_guidance
RQ4-W03,guidance walk weight (for cross-reference),S2 meta,Wardman 2004,2004,UK,bus+rail,meta-analysis,as W01,walk time relative to IVT,1.66,±0.12,×IVT,—,,unit '×IVT' not converted (N1 needs the study's own in-vehicle value),3,,as W01,search-summary (unverified),RQ4_RQ5_wait_transfer_and_S1_guidance
RQ4-W04,wait weight,S2 meta,"Wardman 2004 (second summary line, contradicts W01 in emphasis)",2004,UK,bus,meta,—,"""a 2.5:1 ratio of waiting time to IVT is more appropriate for schedule planning and ridership forecasting than the traditional British 2:1""",2.5,—,×IVT,"summary line attributed to Wardman 2004; conflicts with W01, treat with care",,unit '×IVT' not converted (N1 needs the study's own in-vehicle value),1,,as W01,search-summary (unverified),RQ4_RQ5_wait_transfer_and_S1_guidance
RQ4-W05,wait weight,S2 meta,"Abrantes & Wardman, TR-A 45(1):1–17",2011,UK,bus+rail,"meta-analysis, 1963–2008","1,001 valuations from 220 studies","""dis-utility of waiting one minute amounts to twice the dis-utility of IVT""",2.0,—,×IVT,all,,unit '×IVT' not converted (N1 needs the study's own in-vehicle value),3,,https://ideas.repec.org/a/eee/transa/v45y2011i1p1-17.html,search-summary (unverified); the 1.76 / 0.8 figures in the task brief were NOT found in any snippet,RQ4_RQ5_wait_transfer_and_S1_guidance
RQ4-W06,wait weight (guidance),S1,ATAP M1 Public Transport technical report,(current),Australia,bus/rail,guidance,"""25 observations"" for transfer wait",bus stop / rail platform waiting time multiplier,1.4,"""1.40 to 1.75–2""; ""up to 2.0 in highly congested conditions""",×IVT,initial (platform) wait,,unit '×IVT' not converted (N1 needs the study's own in-vehicle value),3,,https://www.atap.gov.au/sites/default/files/M1-Technical-Report.pdf,search-summary (unverified),RQ4_RQ5_wait_transfer_and_S1_guidance
RQ4-W07,wait weight transfer (guidance),S1,ATAP M1,(current),Australia,bus/rail,guidance,25 observations,"""transfer waiting time 1.5""; ""time at the transfer (largely waiting) valued at 1.5 × IVT""",1.5,—,×IVT,"transfer wait, distinguished from platform wait 1.4",,unit '×IVT' not converted (N1 needs the study's own in-vehicle value),3,,as W06,search-summary (unverified),RQ4_RQ5_wait_transfer_and_S1_guidance
RQ4-W08,wait weight (older UK appraisal convention),S1,WebTAG (as cited in TfL 2016 report),≤2016,UK,bus,guidance,—,"""currently recommended value by DfT (WebTAG) of 2.5 for commuting and other purposes""",2.5,—,×IVT,appraisal (TAG A1.3-era),,unit '×IVT' not converted (N1 needs the study's own in-vehicle value),2,,https://content.tfl.gov.uk/value-of-time-at-the-stop-report.pdf,search-summary (unverified),RQ4_RQ5_wait_transfer_and_S1_guidance
RQ4-W09,wait weight initial,S3 primary,"TfL / RAND ""Value of Time for Bus Passengers""",2016,London,bus,SP (at-stop),—,London bus travellers value changes in wait at the stop vs IVT,2.0,—,×IVT,overall; no RTI differentiation,,unit '×IVT' not converted (N1 needs the study's own in-vehicle value),3,,as W08,search-summary (unverified),RQ4_RQ5_wait_transfer_and_S1_guidance
RQ4-W10,wait weight with RTI,S3 primary,TfL 2016 (as W09),2016,London,bus,SP,—,multiplier for passengers who checked waiting time via Mobile / Internet / both,1.7 / 1.0 / 0.8,0.8–1.7,×IVT,real-time information users,,unit '×IVT' not converted (N1 needs the study's own in-vehicle value),3,,as W08,search-summary (unverified),RQ4_RQ5_wait_transfer_and_S1_guidance
RQ4-W11,wait weight (model),S4,TfL Railplan GJT weights,(current),London,all PT,model convention,—,walking/waiting time weight fixed,2.00,—,×IVT,walk and wait both 2.0,,unit '×IVT' not converted (N1 needs the study's own in-vehicle value),2,,https://eprints.whiterose.ac.uk/id/eprint/107059/8/TRA_2016_351_Revision%201_V0.pdf ; https://www.sciencedirect.com/science/article/pii/S1077291X24000092,search-summary (unverified),RQ4_RQ5_wait_transfer_and_S1_guidance
RQ4-W12,wait weight (guidance),S1,TCQSM 3rd ed. (TCRP Report 165),2013,US,bus/rail,manual,—,"""one minute of wait time is perceived as twice as onerous as one minute of IVT""",2.0,—,×IVT,—,,unit '×IVT' not converted (N1 needs the study's own in-vehicle value),2,,https://onlinepubs.trb.org/onlinepubs/tcrp/tcrp_rpt_165ch-01.pdf,search-summary (unverified),RQ4_RQ5_wait_transfer_and_S1_guidance
RQ4-W13,OVT/IVT ratio (guidance),S1,FTA New Starts mode-choice coefficient ratios (via MWCOG/Cambridge Systematics report),—,US,all,review of agency models,—,Covtt/Civtt observed range across models,—,0.25–16.0,×IVT,"FTA ""has not defined compelling evidence for coefficients outside expected ranges""",,no numeric estimate,2,,https://mwcog.org/file.aspx?A=RI5qvqdw+FVVCVixEYRRpYGOIMfuuTytJNjrVI+wN4g%3D&D=4I4c3V5tz1NX%2FJ1mRm8ngNOP2lR2IlINP0s86mxTxP4%3D,"search-summary (unverified); the ""2–3"" FTA rule was NOT found in a snippet",RQ4_RQ5_wait_transfer_and_S1_guidance
RQ4-W14,OVT/IVT ratio (practice),S4,"TRR 775 (1980) ""Model specification, modal aggregation…"" (via same search)",1980,US,all,practice,—,"""ratio of excess (walk+wait) time coefficients to IVT has a customary value of about 2""",2.0,—,×IVT,—,,unit '×IVT' not converted (N1 needs the study's own in-vehicle value),1,,https://onlinepubs.trb.org/Onlinepubs/trr/1980/775/775-006.pdf,search-summary (unverified),RQ4_RQ5_wait_transfer_and_S1_guidance
RQ4-W15,wait weight (model),S4,Sound Transit ridership model (2011 docs; ST3 draft methodology 2015),2011/2015,Seattle,bus/LRT/CR,calibrated regional model,—,"""all out-of-vehicle time is factored by 2.0""",2.0,—,×IVT,plus boarding penalties 2.0–5.0 min by mode/period,,unit '×IVT' not converted (N1 needs the study's own in-vehicle value),2,,https://www.wsdot.wa.gov/partners/erp/background/ST3%20Draft%20RidershipForecastingMethodologyReport_6March2015.pdf,search-summary (unverified),RQ4_RQ5_wait_transfer_and_S1_guidance
RQ4-W16,wait rule / wait factor (model),S4,Sound Transit (as W15),2011,Seattle,bus/LRT,model,—,"""wait time factors of 0.50 to 0.60""",0.5,0.50–0.60,× headway,i.e. wait = 0.5–0.6 × headway,,unit '× headway' not converted (N1 needs the study's own in-vehicle value),2,,as W15,search-summary (unverified),RQ4_RQ5_wait_transfer_and_S1_guidance
RQ4-W17,wait weight (blog/practice),S4,"arterials.co ""How to estimate transit ridership""",—,US,—,practitioner note,—,"""waiting time commonly weighed by a factor of 1.25""",1.25,—,×IVT,low-quality source,,unit '×IVT' not converted (N1 needs the study's own in-vehicle value),1,,https://www.arterials.co/how-to-estimate-ridership-for-a-transit-line/,search-summary (unverified),RQ4_RQ5_wait_transfer_and_S1_guidance
RQ4-W18,wait weight initial short,S4,"ActivitySim prototype_mtc (also prototype_mtc_extended, placeholder_psrc, production_semcog, activitysim-prototype-mtc) `tour_mode_choice.yaml`",2024 (main),San Francisco Bay Area (MTC TM1 heritage),bus/LRT/ferry/heavy rail/CR,calibrated ABM,—,"`short_i_wait_multiplier: 2`, applied to initial wait clipped at `waitThresh: 10.00` min; term is multiplier × IVT coefficient",2.0,—,×IVT,initial wait ≤10 min,,unit '×IVT' not converted (N1 needs the study's own in-vehicle value),3,,https://raw.githubusercontent.com/ActivitySim/activitysim/main/activitysim/examples/prototype_mtc/configs/tour_mode_choice.yaml,file read (verified),RQ4_RQ5_wait_transfer_and_S1_guidance
RQ4-W19,wait weight initial long,S4,ActivitySim prototype_mtc family (as W18),2024,Bay Area,all transit,ABM,—,`long_i_wait_multiplier: 1` on initial wait beyond 10 min,1.0,—,×IVT,"initial wait >10 min (acts as a soft cap on the weight, not on the time)",,unit '×IVT' not converted (N1 needs the study's own in-vehicle value),3,,as W18,file read (verified),RQ4_RQ5_wait_transfer_and_S1_guidance
RQ4-W20,wait weight transfer,S4,ActivitySim prototype_mtc family,2024,Bay Area,all transit,ABM,—,`xwait_multiplier: 2` on transfer wait (no threshold),2.0,—,×IVT,"transfer wait, all durations",,unit '×IVT' not converted (N1 needs the study's own in-vehicle value),3,,as W18,file read (verified),RQ4_RQ5_wait_transfer_and_S1_guidance
RQ4-W21,wait weight initial,S4,ActivitySim prototype_arc `tour_mode_choice_coeffs.csv`,2024,Atlanta (ARC),bus/rail,ABM,—,coef_firstWaitShort_work −0.0494 and coef_firstWaitLong_work −0.0494 vs coef_ivt_work −0.0247; threshold `firstWaitThresh` 7.5 min but same value both sides,2.0 (work/univ/school) ; 1.33 (nonmandatory: −0.0284/−0.02142) ; 2.0 (atwork),1.33–2.0,×IVT (derived ratio),"split at 7.5 min initial wait, no weight change",,unit '×IVT (derived ratio)' not converted (N1 needs the study's own in-vehicle value),3,,https://raw.githubusercontent.com/ActivitySim/activitysim/main/activitysim/examples/prototype_arc/configs/tour_mode_choice_coeffs.csv,file read (verified; ratio derived),RQ4_RQ5_wait_transfer_and_S1_guidance
RQ4-W22,wait weight transfer,S4,ActivitySim prototype_arc,2024,Atlanta,bus/rail,ABM,—,coef_xferWait_work −0.03705 / −0.0247 ; nonmandatory −0.03213/−0.02142 ; school −0.0096/−0.0064,1.5,1.5,×IVT (derived),transfer wait LOWER than initial wait (2.0),,unit '×IVT (derived)' not converted (N1 needs the study's own in-vehicle value),3,,as W21,file read (verified; derived),RQ4_RQ5_wait_transfer_and_S1_guidance
RQ4-W23,wait weight initial,S4,ActivitySim prototype_mwcog `tour_mode_choice_coeffs.csv`,2024,Washington DC (MWCOG),bus/metro/CR,ABM,—,coef_iwait_work −0.0372 / coef_ivt_work −0.025 ; school −0.0149/−0.01 ; nonmand −0.03195/−0.0213 ; atwork −0.1/−0.0361,1.49 (work) ; 1.49 (school) ; 1.50 (nonmand) ; 2.77 (atwork),1.49–2.77,×IVT (derived),no wait threshold (`waitThresh` commented out),,unit '×IVT (derived)' not converted (N1 needs the study's own in-vehicle value),3,,https://raw.githubusercontent.com/ActivitySim/activitysim/main/activitysim/examples/prototype_mwcog/configs/tour_mode_choice_coeffs.csv,file read (verified; derived),RQ4_RQ5_wait_transfer_and_S1_guidance
RQ4-W24,wait weight transfer,S4,ActivitySim prototype_mwcog,2024,Washington DC,bus/metro/CR,ABM,—,coef_xwait_work −0.0382/−0.025 ; school −0.0153/−0.01 ; nonmand −0.0426/−0.0213 ; atwork −0.1/−0.0361,1.53 (work) ; 1.53 (school) ; 2.0 (nonmand) ; 2.77 (atwork),1.53–2.77,×IVT (derived),transfer wait slightly ABOVE initial wait,,unit '×IVT (derived)' not converted (N1 needs the study's own in-vehicle value),3,,as W23,file read (verified; derived),RQ4_RQ5_wait_transfer_and_S1_guidance
RQ4-W25,wait weight initial,S4,"SANDAG ABM3 (`SANDAG/ABM`, branch ABM3_develop, `src/asim/configs/resident/tour_mode_choice_coefficients.csv`)",2024–25,San Diego,bus/LRT/BRT/CR,ABM,—,coef_wait_work −0.024 / coef_ivt_work −0.016 ; maint −0.0255/−0.017 ; disc −0.0225/−0.015 ; school −0.015/−0.01 ; atwork −0.048/−0.032,1.5 (all purposes),1.5,×IVT (derived),initial wait,,unit '×IVT (derived)' not converted (N1 needs the study's own in-vehicle value),3,,https://raw.githubusercontent.com/SANDAG/ABM/ABM3_develop/src/asim/configs/resident/tour_mode_choice_coefficients.csv,file read (verified; derived),RQ4_RQ5_wait_transfer_and_S1_guidance
RQ4-W26,wait weight transfer,S4,SANDAG ABM3 (as W25),2024–25,San Diego,bus/LRT/BRT,ABM,—,coef_xwait_work −0.032/−0.016 ; maint −0.034/−0.017 ; disc −0.03/−0.015 ; school −0.02/−0.01 ; atwork −0.064/−0.032,2.0 (all purposes),2.0,×IVT (derived),transfer wait ABOVE initial wait (1.5),,unit '×IVT (derived)' not converted (N1 needs the study's own in-vehicle value),3,,as W25,file read (verified; derived),RQ4_RQ5_wait_transfer_and_S1_guidance
RQ4-W27,"wait weight (guidance, Sweden)",S1,"Kol-TRAST (SKL & Trafikverket 2012), cited in Lund thesis",2012,Sweden,PT,handbook,—,"""actual waiting time weighted at 2 and hidden waiting time at 1""",2.0 (actual) ; 1.0 (hidden/schedule delay),—,×IVT,"distinguishes actual vs ""hidden"" wait",,unit '×IVT' not converted (N1 needs the study's own in-vehicle value),2,,https://lup.lub.lu.se/luur/download?func=downloadFile&recordOId=8988772&fileOId=8988777,search-summary (unverified),RQ4_RQ5_wait_transfer_and_S1_guidance
RQ4-W28,wait weight transfer by age,S3,"(Swedish source in same search, unattributed in snippet)",—,Sweden,PT,SP,—,"""people over 65 weight waiting time at transfers at ≈4.3; people under 25 at ≈1.6""",1.6–4.3,—,×IVT,transfer wait,,unit '×IVT' not converted (N1 needs the study's own in-vehicle value),1,,as W27,search-summary (unverified; attribution unclear),RQ4_RQ5_wait_transfer_and_S1_guidance
RQ4-W29,wait/transfer multiplier (national VOT study),S3,"Significance / KiM ""Values of Time, Reliability and Comfort in the Netherlands 2022""",2023,Netherlands,"bus/tram/metro, train",SP national study,—,"""access/egress time multiplier and wait/transfer time multiplier were not significantly different from 1""",≈1.0 (n.s.),—,×IVT,contrasts with UK 1.5–2.0,,unit '×IVT' not converted (N1 needs the study's own in-vehicle value),3,,https://english.kimnet.nl/site/binaries/site-content/collections/documents/2024/04/03/new-values-of-travel-time-reliability-and-comfort-in-the-netherlands/Technical+report+Significance_+Values+of+Travel+Time+in+the+Netherlands+2022_final.pdf,search-summary (unverified),RQ4_RQ5_wait_transfer_and_S1_guidance
RQ4-W30,access-time multiplier (national VOT study),S1/S3,"TØI report 1762/2020 (Flügel, Halse, Hulleberg) Norwegian valuation study 2018–19",2020,Norway,PT,SP,—,"""recommended multiplier of about 1.3 for access time to PT relative to IVT""",1.3,—,×IVT,access/walk; wait & headway values exist in report but not in snippet,,unit '×IVT' not converted (N1 needs the study's own in-vehicle value),3,,https://www.toi.no/getfile.php?mmfileid=53108,search-summary (unverified),RQ4_RQ5_wait_transfer_and_S1_guidance
RQ4-W31,perceived/actual wait ratio,S3,"Psarros, Kepaptsoglou & Karlaftis, J. Public Transp. 14(3)",2011,Athens,bus,"hazard-based duration models, at-stop survey","30 bus stops, 08:00–20:00",ratio of average perceived to average actual wait,1.35–2.03,"by period, gender, age, purpose; ""overestimates by at least 50%""; older/work trips +27.3%",ratio,no RTI,,several values in one cell: see estimate,3,,https://digitalcommons.usf.edu/cgi/viewcontent.cgi?article=1132&context=jpt,search-summary (unverified),RQ4_RQ5_wait_transfer_and_S1_guidance
RQ4-W32,"perceived vs actual wait, RTI",S3,"Watkins, Ferris, Borning, Rutherford & Layton, TR-A 45(8):839–848",2011,Seattle (OneBusAway),bus,at-stop survey + observed waits,—,"non-users perceive longer waits than measured; RTI users: perceived = measured (0.32 min difference, n.s.); RTI users wait ≈2 min less actual",Δ 0.32 min (n.s.); −2 min actual,—,min,mobile real-time info,,several values in one cell: see estimate,3,,https://www.urbanfreightlab.com/wp-content/uploads/2023/04/Watkins-Kari-dissertation-May11.pdf ; https://nacto.org/wp-content/uploads/10-Watkins-Where-is-my-Bus_2010.pdf,search-summary (unverified),RQ4_RQ5_wait_transfer_and_S1_guidance
RQ4-W33,RTI effect on reported wait,S3,Brakewood et al. (Tampa / Atlanta experiment; Boston CR),2014,US,"bus, CR",before/after experiment,—,"reported usual wait fell 11.36 → 9.56 min (SD 4.06→4.68), ≈1.5 min more than control, −16%; ""1–2 min"" in Boston/Tampa",−1.5 min (−16%),1–2 min,min,mobile RTI,,several values in one cell: see estimate,3,,https://nacto.org/wp-content/uploads/5-Brakewood-et-al_Evaluating-the-Impacts-of-Real-Time-Transit-Information-in-Tampa-and-Atlanta_2014.pdf,search-summary (unverified),RQ4_RQ5_wait_transfer_and_S1_guidance
RQ4-W34,"perceived wait, amenities",S3,"Fan, Guthrie & Levinson, TR-A 88:251–264",2016,Minneapolis–St Paul,bus/LRT,"observed vs reported wait, stop survey",—,"women waiting >10 min in perceived-insecure surroundings report waits ""dramatically longer than they really are""; basic amenities reduce perceived wait; RTI already known to reduce perceived wait",no ratio in snippet,—,—,"the ""1.2–2×"" in the brief was NOT found in any snippet",,no numeric estimate,2,,https://transportist.org/2016/05/09/waiting-time-perceptions-at-transit-stops-and-stations-effects-of-basic-amenities-gender-and-security/ ; https://nacto.org/wp-content/uploads/1_Fan-et-al-Perception-of-Waiting-Time-at-Transit-Stops-and-Stations_2015.pdf,search-summary (unverified),RQ4_RQ5_wait_transfer_and_S1_guidance
RQ4-W35,perceived vs actual wait,S3,"Mishalani, McCord & Wirtz, J. Public Transp. 9(2)",2006,Columbus OH,bus,at-stop survey,—,snippet conflated this paper with Psarros; no Mishalani-specific ratio retrieved,—,—,—,—,,no numeric estimate,—,,https://www.worldtransitresearch.info/research/3340/,not retrieved,RQ4_RQ5_wait_transfer_and_S1_guidance
RQ4-H01,wait rule (guidance),S1,UK DfT TAG unit M3.2 Public Transport Assignment Modelling (May 2024),2024,UK,all PT,guidance,—,"GC = access×factor + boarding penalty + wait×factor + transfer time×factor + transfer wait×factor + transfer penalty + IVT×factor + fare/VoT + crowding + egress×factor; ""indicative ranges … in Table 1 for a typical urban multimodal context""; ""where services operate at high frequency (less than 10–15 min headway) passengers are more likely to arrive without consulting timetables""",threshold 10–15 min headway,—,min headway,"the brief's ""wait = ½ headway up to 15 min headway, 7.5 min beyond"" and Table 1 numbers (walk 1.5–2.0, wait 1.5–2.5, interchange 5–10) were NOT visible in any snippet — unconfirmed",,unit 'min headway' not converted (N1 needs the study's own in-vehicle value),3,,https://assets.publishing.service.gov.uk/media/666af32effd07973a043d110/tag-unit-m3.2-public-transport-assignment-modelling.pdf (May 2020 mirror: https://n-somerset.gov.uk/sites/default/files/2022-11/CD10.31%20tag-m3-2-public-transport-assignment.pdf),search-summary (unverified),RQ4_RQ5_wait_transfer_and_S1_guidance
RQ4-H02,random-arrival threshold,S3,"Fan & Machemehl, TRR 2111",2009,Austin TX,bus,"direct observation + video, 6 months",—,"""11-min headway marks transition from practically random to less random arrivals; all users coordinated after 38-min headway""; ""after about 15 min headway users often consult schedules""",11 min,11–15 min; 38 min fully coordinated,min headway,random vs timetable-aware,,unit 'min headway' not converted (N1 needs the study's own in-vehicle value),3,,https://journals.sagepub.com/doi/10.3141/2111-19,search-summary (unverified),RQ4_RQ5_wait_transfer_and_S1_guidance
RQ4-H03,random-arrival threshold,S3,"Luethi, Weidmann & Nash, TRB 86th AM",2007,Zurich,tram/bus/rail,observed arrivals,28 stations,"at small headways passengers arrive uniformly; at long headways clustered before departure; ""even at 5-min headways some passengers consulted schedules"", so half-headway models ""may be overstating wait""",<5 min partially non-random,—,min headway,"high-frequency, high-reliability network",,unit 'min headway' not converted (N1 needs the study's own in-vehicle value),3,,https://www.researchgate.net/publication/228915616_Passenger_arrival_rates_at_public_transport_stations,search-summary (unverified),RQ4_RQ5_wait_transfer_and_S1_guidance
RQ4-H04,random-arrival threshold,S3,"Ingvardson, Nielsen, Raveau & Nielsen, TR-C (smart card)",2018,Copenhagen,rail/metro,smart-card arrivals,—,"""even at 5-min headways 43% of passengers arrive in a timely manner when timetables are available""; literature transition range 5–11 min (Berggren 2019, Ingvardson 2018, Fan & Machemehl 2009, Luethi 2007)",5–11 min,—,min headway,—,,unit 'min headway' not converted (N1 needs the study's own in-vehicle value),3,,https://orbit.dtu.dk/en/publications/passenger-arrival-and-waiting-time-distributions-dependent-on-tra,search-summary (unverified),RQ4_RQ5_wait_transfer_and_S1_guidance
RQ4-H05,random-arrival threshold,S3,"Imperial College (Spiral) ""The boundary between random and non-random passenger arrivals"", TR-C",2021,London,Underground,"smart card + vehicle location, 3 central lines",large-scale,transition from random to non-random at 2–3 min headways,2–3 min,—,min headway,very-high-frequency metro,,unit 'min headway' not converted (N1 needs the study's own in-vehicle value),3,,https://www.sciencedirect.com/science/article/abs/pii/S0968090X21002795,search-summary (unverified),RQ4_RQ5_wait_transfer_and_S1_guidance
RQ4-H06,wait vs reliability,S3,"Bowman & Turnquist, TR-A 15(6):465–471",1981,US,bus,analytical + empirical,—,"wait time ""much more sensitive to schedule reliability than service frequency""; for timetable-aware passengers mean wait ∝ average schedule deviation",—,—,—,foundational for reliability-aware wait,,no numeric estimate,3,,https://www.semanticscholar.org/paper/6637af71b0e13907dc51f72c316b0b1c89a78187,search-summary (unverified),RQ4_RQ5_wait_transfer_and_S1_guidance
RQ4-H07,headway threshold (manual),S1,TCQSM 3rd ed.,2013,US,bus,manual,—,"""ten-minute headway threshold"" separates high- and low-frequency; for high frequency headway regularity matters more than schedule adherence",10 min,—,min headway,—,,unit 'min headway' not converted (N1 needs the study's own in-vehicle value),2,,https://onlinepubs.trb.org/onlinepubs/tcrp/tcrp_rpt_165ch-01.pdf,search-summary (unverified),RQ4_RQ5_wait_transfer_and_S1_guidance
RQ4-H08,wait rule (software practice),S4,Emme/2 transit assignment FAQ (Spiess) ; Linköping Emme-vs-Visum thesis,—,—,—,software practice,—,"""wait at boarding/transfer = half the line's headway""; α=0.5 standard; ""clipping the headway with a maximum value is not recommended""; instead use node-specific wait factors: 0.5 at high-frequency nodes, lower at infrequent nodes; Visum uses max wait vs Emme half wait in path building",0.5 × headway,node factor <0.5 for infrequent,× headway,cap NOT recommended; weight-factor approach preferred,,unit '× headway' not converted (N1 needs the study's own in-vehicle value),2,,http://spiess.ch/emme2/e2faq/tafaq.html ; https://liu.diva-portal.org/smash/get/diva2:772068/FULLTEXT01.pdf,search-summary (unverified),RQ4_RQ5_wait_transfer_and_S1_guidance
RQ4-H09,wait cap / threshold (model),S4,ActivitySim prototype_mtc family,2024,Bay Area,all,ABM,—,"`waitThresh: 10.00` min: initial wait ≤10 min ×2, >10 min ×1 (W18/W19); `max_waitTime: 50` applies to taxi/TNC only",10 min threshold,—,min,weight step rather than time cap,10,in-vehicle-equivalent minutes as reported (N2/N5),3,,as W18,file read (verified),RQ4_RQ5_wait_transfer_and_S1_guidance
RQ4-H10,wait threshold (model),S4,ActivitySim prototype_arc,2024,Atlanta,all,ABM,—,`firstWaitThresh` 7.5 min (coefficients identical either side),7.5 min,—,min,—,7.5,in-vehicle-equivalent minutes as reported (N2/N5),3,,as W21,file read (verified),RQ4_RQ5_wait_transfer_and_S1_guidance
RQ4-H11,wait rule (model),S4,Danish OTM / Nielsen (summary),2000,Copenhagen,all PT,schedule-based stochastic assignment,—,"""most traditional PT assignment models assume all passengers arrive randomly with average wait = half the headway""; OTM uses timetable-based assignment with distributed VOT; numeric weights not in snippet",½ headway (traditional),—,—,no OTM weights retrieved,,no numeric estimate,1,,https://www.researchgate.net/publication/284825525_Multimodal_route_choice_models_of_public_transport_passengers_in_the_Greater_Copenhagen_Area,search-summary (unverified),RQ4_RQ5_wait_transfer_and_S1_guidance
RQ4-T01,guidance interchange penalty,S1,ATAP M1,current,Australia,bus/rail,guidance,—,"""transfer penalty 5–10 generalised-time minutes; 5 for same-facility, 7 for different-facility transfers""",5 (same facility) ; 7 (different facility),5–10,IVT-equivalent min,pure penalty on top of transfer walk/wait (1.5),,several values in one cell: see estimate,3,,https://www.atap.gov.au/sites/default/files/M1-Technical-Report.pdf,search-summary (unverified),RQ4_RQ5_wait_transfer_and_S1_guidance
RQ4-T02,bus transfer penalty (pure),S3,"""Passenger valuation of interchanges in urban public transport"" (London, Railplan data)",2024,London,all PT,RP route choice,—,"""each interchange on average equivalent to 5.03 min uncrowded IVT, on top of required interchange walking and waiting""",5.03,—,IVT-eq min,"pure penalty, net of walk+wait",5.03,in-vehicle-equivalent minutes as reported (N2/N5),3,,https://www.sciencedirect.com/science/article/pii/S1077291X24000092,search-summary (unverified),RQ4_RQ5_wait_transfer_and_S1_guidance
RQ4-T03,pure transfer penalty,S3,"Garcia-Martinez, Cascajo, Jara-Díaz, Chowdhury & Monzón, TR-A 114:52–66",2018,Madrid,bus/metro,SP,—,"""pure transfer penalty 10.9 equivalent IVT min for one transfer, measured independently of walking and waiting"" (one snippet); ""transfer penalties ≈15–18 min"" (another snippet, likely total)",10.9 (pure),15–18 (other snippet),IVT-eq min,multimodal,10.9,in-vehicle-equivalent minutes as reported (N2/N5),3,,https://www.researchgate.net/publication/322598299_Transfer_penalties_in_multimodal_public_transport_networks,search-summary (unverified; two snippets disagree),RQ4_RQ5_wait_transfer_and_S1_guidance
RQ4-T04,bus–bus interchange penalty,S3,"Meskell, Brazil & Whitney, NTA Ireland ""Estimation of Bus-to-Bus Interchange Penalties in an Irish Context""",2024,Greater Dublin,bus,"SP, MNL","1,037 adults","""interchange penalties of 16–21 min; no significant difference between dedicated interchange facilities and ordinary bus stops""",16–21,—,min (unclear if pure or total),BusConnects context,,unit 'min (unclear if pure or total)' not converted (N1 needs the study's own in-vehicle value),3,,https://www.nationaltransport.ie/wp-content/uploads/2024/07/Estimation-of-Bus-to-Bus-Interchange-Penalties-in-an-Irish-Context.pdf,search-summary (unverified),RQ4_RQ5_wait_transfer_and_S1_guidance
RQ4-T05,bus–bus transfer penalty (review),S2,"Currie (2005) review, as cited by NTA/Chowdhury",2005,international,bus,literature review,—,"""average transfer penalty for bus–bus 22 min vs 8 min subway–subway"" (one snippet); ""under 15 min urban rail, 30–50 min bus"" (another snippet)",22 (bus–bus) ; 8 (metro–metro),"30–50 (bus, other snippet)",IVT-eq min (total/pure mix),definitional spread,,several values in one cell: see estimate,2,,https://www.nationaltransport.ie/wp-content/uploads/2024/07/Estimation-of-Bus-to-Bus-Interchange-Penalties-in-an-Irish-Context.pdf ; https://www.its.ucla.edu/wp-content/uploads/sites/6/2014/06/Appendix-A.pdf,search-summary (unverified; snippets disagree),RQ4_RQ5_wait_transfer_and_S1_guidance
RQ4-T06,bus–bus transfer penalty,S3,Scottish SP study (cited in NTA review),—,Scotland,bus,SP,—,"""4.5 min IVT for bus-to-bus transfers""",4.5,—,IVT-eq min,—,4.5,in-vehicle-equivalent minutes as reported (N2/N5),2,,as T04,search-summary (unverified),RQ4_RQ5_wait_transfer_and_S1_guidance
RQ4-T07,fixed transfer disutility (review),S2,review summarised in Garcia-Martinez 2018 / interchange-valuation paper,2018–24,international,all,review,—,"""each PT transfer adds a fixed disutility equivalent to 4–20 min IVT above the transfer walking and waiting time""",—,4–20,IVT-eq min,pure penalty,,no numeric estimate,3,,as T02/T03,search-summary (unverified),RQ4_RQ5_wait_transfer_and_S1_guidance
RQ4-T08,transfer penalty (total),S3,"Göransson, Andersson & Wretstrand, ""Transfer Penalties in Public Transport: Insights from Sweden"" (SSRN)",2025,Sweden,bus/rail,SP,—,"""total transfer penalty from ≈2 to nearly 17 min IVT depending on transfer conditions; burden driven by walking distance and waiting time more than the act of transferring""",2–17,—,IVT-eq min (total),implies small pure component,,several values in one cell: see estimate,2,,https://papers.ssrn.com/sol3/papers.cfm?abstract_id=7233173,search-summary (unverified),RQ4_RQ5_wait_transfer_and_S1_guidance
RQ4-T09,transfer penalty (model),S4,ActivitySim prototype_mtc family,2024,Bay Area,all,ABM,—,`xfers_wlk_multiplier: 10` × IVT coefficient per transfer beyond first boarding (`(BOARDS−1).clip(0)`); `xfers_drv_multiplier: 20` for drive-access,10 (walk-transit) ; 20 (drive-transit),—,IVT-eq min per transfer,pure penalty; transfer walk & wait counted separately at ×2,,several values in one cell: see estimate,3,,https://raw.githubusercontent.com/ActivitySim/activitysim/main/activitysim/examples/prototype_mtc/configs/tour_mode_choice.csv,file read (verified),RQ4_RQ5_wait_transfer_and_S1_guidance
RQ4-T10,transfer penalty (model),S4,SANDAG ABM3 (as W25),2024–25,San Diego,bus/LRT/BRT,ABM,—,coef_xfer_work −0.036 / coef_ivt_work −0.016 ; maint −0.036/−0.017 ; disc −0.034/−0.015 ; school −0.024/−0.01 ; atwork −0.06/−0.032 ; coef_xferdrive_work −0.04,2.25 (work) ; 2.1 (maint) ; 2.3 (disc) ; 2.4 (school) ; 1.9 (atwork),1.9–2.4,IVT-eq min per transfer (derived),plus transfer walk ×2.5 (coef_xwalk) and transfer wait ×2.0,,several values in one cell: see estimate,3,,as W25,file read (verified; derived),RQ4_RQ5_wait_transfer_and_S1_guidance
RQ4-T11,transfer penalty (model),S4,ActivitySim prototype_mwcog,2024,Washington DC,all,ABM,—,coef_xfers_wlktrn / pnr / knr = 0.0 for all purposes (number-of-transfers term present but zero),0,—,IVT-eq min,transfer disutility carried only by transfer wait (1.5–2.8),0,in-vehicle-equivalent minutes as reported (N2/N5),3,,as W23,file read (verified),RQ4_RQ5_wait_transfer_and_S1_guidance
RQ4-T12,boarding penalty (model),S4,Sound Transit 2011 model,2011,Seattle,bus/LRT/CR,model,—,boarding penalties 2.0–5.0 min by mode and period,2.0–5.0,—,min,per boarding,,several values in one cell: see estimate,2,,as W15,search-summary (unverified),RQ4_RQ5_wait_transfer_and_S1_guidance
RQ4-G01,guidance walk weight,S1,ATAP M1,current,Australia,,,,,1.5,—,×IVT,,,unit '×IVT' not converted (N1 needs the study's own in-vehicle value),3,,ATAP M1 URL,search-summary (unverified),RQ4_RQ5_wait_transfer_and_S1_guidance
RQ4-G02,guidance walk weight,S1,TfL Railplan,current,UK,,,,,2.0,—,×IVT,,,unit '×IVT' not converted (N1 needs the study's own in-vehicle value),2,,see W11,search-summary (unverified),RQ4_RQ5_wait_transfer_and_S1_guidance
RQ4-G03,walk weight (model),S4,ActivitySim prototype_mtc family,2024,US,,,,,2.0,2 (≤ walkThresh) ; 10 (beyond) for walk mode,×IVT,,,unit '×IVT' not converted (N1 needs the study's own in-vehicle value),3,,see W18,file read (verified),RQ4_RQ5_wait_transfer_and_S1_guidance
RQ4-G04,walk weight (model),S4,ActivitySim prototype_arc,2024,US,,,,,"2.0 (short, work) ; 2.5 (long, work) ; 2.74/1.89 nonmand",—,×IVT (derived),,,unit '×IVT (derived)' not converted (N1 needs the study's own in-vehicle value),3,,see W21,file read (verified; derived),RQ4_RQ5_wait_transfer_and_S1_guidance
RQ4-G05,walk weight (model),S4,ActivitySim prototype_mwcog,2024,US,,,,,"1.38 (work, school) ; 2.29 (nonmand) ; 1.96 (atwork)",—,×IVT (derived),,,unit '×IVT (derived)' not converted (N1 needs the study's own in-vehicle value),3,,see W23,file read (verified; derived),RQ4_RQ5_wait_transfer_and_S1_guidance
RQ4-G06,walk weight (model),S4,SANDAG ABM3,2024–25,US,,,,,access walk 2.65 (work) ; 2.35 (maint) ; 3.0 (disc) ; 6.8 (school) ; transfer walk 2.5 (all),—,×IVT (derived),,,unit '×IVT (derived)' not converted (N1 needs the study's own in-vehicle value),3,,see W25,file read (verified; derived),RQ4_RQ5_wait_transfer_and_S1_guidance
RQ4-G07,walk speed (model),S4,"ActivitySim prototype_mtc, arc, mwcog, psrc",2024,US,,,,,"3.00 mph (= 4.83 km/h, ≈80 m/min)",—,mph,,,unit 'mph' not converted (N1 needs the study's own in-vehicle value),3,,see W18,file read (verified),RQ4_RQ5_wait_transfer_and_S1_guidance
RQ4-G08,walk speed (guidance),S1,ATAP M4 Active Travel,current,Australia,,,,,"4 km/h (""average walking speed""); 6 km/h used in active-travel model per snippet",—,km/h,,,unit 'km/h' not converted (N1 needs the study's own in-vehicle value),2,,https://www.atap.gov.au/sites/default/files/m4_active_travel.pdf,search-summary (unverified),RQ4_RQ5_wait_transfer_and_S1_guidance
RQ4-G09,walk speed (convention),—,journey-planning / traffic-engineering convention; pedestrian research,—,—,,,,,1.2 m/s (4.3 km/h) planning; 1.34 m/s (4.82 km/h) measured mean; 4–5 km/h typical,—,—,,,unit '—' not converted (N1 needs the study's own in-vehicle value),1,,https://en.wikipedia.org/wiki/Preferred_walking_speed,search-summary (unverified),RQ4_RQ5_wait_transfer_and_S1_guidance
RQ4-G10,"wait weight (Israel, secondary)",S1?,unattributed Hebrew source in results (candidates: Knesset Research Centre PT metropolitan strategy doc; Sviva.net PT planning tool),—,Israel,,,,,"""זמן המתנה נתפס כארוך יותר (פי 2-4) מזמן הנסיעה ברכב"" — wait perceived 2–4× IVT",2–4,×IVT,,,unit '×IVT' not converted (N1 needs the study's own in-vehicle value),1,,https://m.knesset.gov.il/Activity/committees/Infrastructure/Documents/infra041021c.pdf ; https://www.sviva.net/wp-content/uploads/2019/11/PublicTransport-Report_Oct_1.pdf,"search-summary (unverified, source uncertain)",RQ4_RQ5_wait_transfer_and_S1_guidance
S4-A1,,,"ActivitySim prototype_mtc tour MC (SF Bay, ActivitySim/CT-RAMP TM1 port)",,,,,,,"2, 2, 2",,× IVT,notes: walk access / egress / transfer-walk (WAUX); walk time = dist/`walkSpeed` 3 mph; `walkThresh: 1.50` mi (walk-mode availability),,several values in one cell: see estimate,,,,,S4_models_in_practice_github_configs
S4-A2,,,same,,,,,,,2 / 1,,× IVT,"notes: spec: `IWAIT.clip(upper=waitThresh)` at 2×, `(IWAIT-waitThresh).clip(0)` at 1×; `waitThresh: 10.00` min",,several values in one cell: see estimate,,,,,S4_models_in_practice_github_configs
S4-A3,,,same,,,,,,,2,,× IVT,notes: transfer wait,2,weight already relative to in-vehicle time (N1),,,,,S4_models_in_practice_github_configs
S4-A4,,,same,,,,,,,10 / 20,,min IVT per transfer,notes: spec: `(BOARDS-1).clip(0)`; walk-access vs drive-access alternatives,,several values in one cell: see estimate,,,,,S4_models_in_practice_github_configs
S4-A5,,,same,,,,,,,"2; 270, 15; 0",,× IVT; min IVT; –,notes: drive-access time; penalty `270*(1-DIST/15).clip(0)` min IVT for short drive-transit OD; dacc ratio off,,several values in one cell: see estimate,,,,,S4_models_in_practice_github_configs
S4-A6,,,same,,,,,,,"0.9, 0.8, 1, 0.8, 0.7",,× IVT (mode-specific IVT),"notes: LRT ride time 0.9, heavy rail 0.8, commuter 0.7",,several values in one cell: see estimate,,,,,S4_models_in_practice_github_configs
S4-A7,,,same,,,,,,,2 / 10,,× IVT,"notes: walk-as-mode, ≤/> `walkThresh` 1.5 mi; `coef_ivt_work -0.0134`, nonwork -0.0175, school/univ -0.0224, atwork -0.0188 (tour_mode_choice_coefficients.csv)",,several values in one cell: see estimate,,,,,S4_models_in_practice_github_configs
S4-A8,,,ActivitySim prototype_mtc trip MC,,,,,,,"2.00, 2.00, 2.00, 2.00, 1.00, 2.00, 2.00; 5 / 15; 5",,× IVT; min IVT/transfer; × IVT,"notes: atwork versions 1.34767 (= 2×c_ivt(-0.0376)/-0.0279); `ivt_com 0.80`, `ivt_hvy 0.80`, lrt 0.90, ferry 0.80; waitThresh 10, walkThresh 1.00",,several values in one cell: see estimate,,,,,S4_models_in_practice_github_configs
S4-A9,,,Copies of A1–A7 with identical values,,,,,,,"identical (2/10, 2/1, 2, 2, 2, 2, 10/20, 270/15, 0.9/0.8/1/0.8/0.7)",,–,"notes: these are MTC-template deployments, not independent calibrations (Seattle/Austin/WFRC/Boston copies)",,unit '–' not converted (N1 needs the study's own in-vehicle value),,,,,S4_models_in_practice_github_configs
S4-B1,,,"ActivitySim production_semcog tour MC (SE Michigan, ActivitySim)",,,,,,,"2,2,2,2,2",,× IVT,"notes: walk access time = `walk_dist_* * 60/walk_speed`, `walk_speed: 2.8` mph; max walk to local 0.85 mi, premium/mix 1.2 mi (`max_local_walk_dist`, `max_prm_walk_dist`, `max_mix_walk_dist`)",22222,weight already relative to in-vehicle time (N1),,,,,S4_models_in_practice_github_configs
S4-B2,,,same,,,,,,,2 / 1; 10.00,,× IVT; min,notes: same clip structure as MTC,,several values in one cell: see estimate,,,,,S4_models_in_practice_github_configs
S4-B3,,,same,,,,,,,10 / 20,,min IVT per transfer,notes: applied to NT (number-of-transfers skim),,several values in one cell: see estimate,,,,,S4_models_in_practice_github_configs
S4-B4,,,same,,,,,,,"0.8, 0.8, 0.9, 0.8, 0.7",,× IVT,"notes: streetcar 0.8, urban rail 0.8, BRT 0.9, commuter 0.7; walkThresh 1.00 (walk mode)",,several values in one cell: see estimate,,,,,S4_models_in_practice_github_configs
S4-B5,,,production_semcog trip MC,,,,,,,"5, 5, 15",,× IVT; min IVT/transfer,notes: same as MTC trip,,several values in one cell: see estimate,,,,,S4_models_in_practice_github_configs
S4-C1,,,"ActivitySim prototype_arc tour MC (Atlanta, ActivitySim port of ARC CT-RAMP)",,,,,,,work -0.0494/-0.06175 vs -0.0247 (2.00 / 2.50); univ -0.0457/-0.0457 vs -0.0247 (1.85/1.85); school -0.0127/-0.0127 vs -0.0064 (1.98/1.98); nonmandatory -0.05871/-0.04058 vs -0.02142 (2.74/1.89); atwork -0.05871/-0.04058 vs -0.02142 (2.74/1.89),,× IVT,"notes: one walk term = access+egress+transfer walk (skim `WLK_*_WALK`); short = up to `walkThresh 0.6667` mi (13.3 min @ 3 mph), long beyond; same coefficients used for the walk mode",,several values in one cell: see estimate,,,,,S4_models_in_practice_github_configs
S4-C2,,,same,,,,,,,work -0.0494/-0.0494 (2.00/2.00); univ 2.00; school -0.0128 (2.00); nonmand -0.0284 (1.33); atwork -0.04284 (2.00); threshold 7.5 min,,× IVT; min,notes: short/long split exists but both legs 2.0 (1.33 nonmand),,several values in one cell: see estimate,,,,,S4_models_in_practice_github_configs
S4-C3,,,same,,,,,,,work -0.03705 (1.50); univ 1.50; school -0.0096 (1.50); nonmand -0.03213 (1.50); atwork 1.50,,× IVT,notes: applied to `XWAIT + XPEN` (transfer-wait plus transfer-penalty skim),,several values in one cell: see estimate,,,,,S4_models_in_practice_github_configs
S4-C4,,,same,,,,,,,10,,min IVT (once if any transfer),notes: PNR/KNR alternatives only; walk-transit has no count-of-transfer term,10,in-vehicle-equivalent minutes as reported (N2/N5),,,,,S4_models_in_practice_github_configs
S4-C5,,,same,,,,,,,work -0.0494/-0.06175 (2.00/2.50); school -0.0128/-0.016 (2.00/2.50); nonmand -0.0284/-0.05355 (1.33/2.50); atwork 0/0,,× IVT,notes: drive-access time,,several values in one cell: see estimate,,,,,S4_models_in_practice_github_configs
S4-C6,,,same,,,,,,,"0.95, 0.75, 0.85, 0.8, 0.75",,× IVT,"notes: plus ""MARTA constant"" `coef_ivt*min(HRT ivt,30)*(-0.1)` (heavy-rail bonus up to 3 min IVT)",,several values in one cell: see estimate,,,,,S4_models_in_practice_github_configs
S4-C7,,,prototype_arc trip MC,,,,,,,"work: -0.0741, -0.092625, -0.0741, -0.055575, -0.0741, -0.0926 vs -0.03705 → 2.0, 2.5, 2.0, 1.5, 2.0, 2.5; nonwork: 2.7, 1.9, 2.0, 1.5, 2.0, 2.5",,× IVT,"notes: `firstWaitThresh 7.5`, `walkThresh 0.6667`",,several values in one cell: see estimate,,,,,S4_models_in_practice_github_configs
S4-D1,,,"ActivitySim prototype_mwcog tour MC (Washington DC, ActivitySim port of MWCOG Gen3)",,,,,,,work -0.0457/-0.025 (1.83); school_univ -0.0183/-0.01 (1.83); nonmandatory -0.0371/-0.0213 (1.74); atwork -0.0722/-0.0361 (2.00),,× IVT,notes: no distance threshold,,several values in one cell: see estimate,,,,,S4_models_in_practice_github_configs
S4-D2,,,same,,,,,,,work -0.05 (2.00); school_univ -0.0183 (1.83); nonmand -0.0426 (2.00); atwork -0.0722 (2.00),,× IVT,,,several values in one cell: see estimate,,,,,S4_models_in_practice_github_configs
S4-D3,,,same,,,,,,,work -0.0372/-0.0382 (1.49/1.53); school_univ -0.0149/-0.0153 (1.49/1.53); nonmand -0.03195/-0.0426 (1.50/2.00),,× IVT,notes: no wait threshold in tour model,,several values in one cell: see estimate,,,,,S4_models_in_practice_github_configs
S4-D4,,,same,,,,,,,"0.0 (all purposes, fixed ""T"")",,min IVT/transfer,notes: explicit zero transfer penalty in tour MC,0.0,in-vehicle-equivalent minutes as reported (N2/N5),,,,,S4_models_in_practice_github_configs
S4-D5,,,same,,,,,,,work -0.05 (2.00); school_univ -0.0182 (1.82); nonmand -0.0426 (2.00),,× IVT,,,several values in one cell: see estimate,,,,,S4_models_in_practice_github_configs
S4-D6,,,same,,,,,,,"1.0, 0.9, 0.9, 0.9, 0.8, 0.7",,× IVT,"notes: file comment ""#FIXME: Check these""; LR 0.9, Metrorail 0.8",,several values in one cell: see estimate,,,,,S4_models_in_practice_github_configs
S4-D7,,,prototype_mwcog trip MC,,,,,,,"2.0, 2.0, 2.0, 1.0, 2.0; 10.0; 1.0/0.9/0.9/0.8/0.7",,× IVT; min IVT,notes: atwork 1.35/0.67; `waitThresh 10.00` (constants.yaml),,several values in one cell: see estimate,,,,,S4_models_in_practice_github_configs
S4-E1,,,"SANDAG ABM3 resident tour MC (San Diego, ActivitySim)",,,,,,,work/univ -0.032/-0.016 (2.00); school -0.02/-0.01 (2.00); maint -0.034/-0.017 (2.00); disc -0.03/-0.015 (2.00); atwork -0.064/-0.032 (2.00),,× IVT,notes: access time = `walk_dist_local_bus*60/walkSpeed` (walkSpeed 3.0 mph); all terms × `time_factor` (distributed VOT),,several values in one cell: see estimate,,,,,S4_models_in_practice_github_configs
S4-E2,,,same,,,,,,,1.5 (all purposes: -0.024/-0.016; -0.015/-0.01; -0.0255/-0.017; -0.0225/-0.015; -0.048/-0.032),,× IVT,"notes: no threshold; `WAIT_TIME_DISC: 1.0` (BRT wait discount, off)",,several values in one cell: see estimate,,,,,S4_models_in_practice_github_configs
S4-E3,,,same,,,,,,,2.0 (all purposes),,× IVT,,2.0,weight already relative to in-vehicle time (N1),,,,,S4_models_in_practice_github_configs
S4-E4,,,same,,,,,,,2.5 (all purposes),,× IVT,,2.5,weight already relative to in-vehicle time (N1),,,,,S4_models_in_practice_github_configs
S4-E5,,,same,,,,,,,coef_xfer work -0.036 (2.25×IVT); school -0.024 (2.4); maint -0.036 (2.12); disc -0.034 (2.27); atwork -0.06 (1.875),,min IVT per transfer (convex),"notes: function value: 1 xfer = 11.8, 2 = 29.6, 3 = 56.6, 4 = 97.6 → work: ≈26.5 min IVT for 1st transfer, ≈66.7 cumulative for 2",,several values in one cell: see estimate,,,,,S4_models_in_practice_github_configs
S4-E6,,,same,,,,,,,work -0.04 (2.5); school -0.03 (3.0); maint -0.04 (2.35); disc -0.04 (2.67); atwork -0.08 (2.5),,× function,,,unit '× function' not converted (N1 needs the study's own in-vehicle value),,,,,S4_models_in_practice_github_configs
S4-E7,,,same,,,,,,,work -0.0424 (2.65); school -0.068 (6.8); maint -0.03995 (2.35); disc -0.045 (3.0); atwork -0.0848 (2.65),,× IVT,,,several values in one cell: see estimate,,,,,S4_models_in_practice_github_configs
S4-E8,,,same,,,,,,,"0.85, 1.2, 0.95, 1.0",,× IVT (mode-specific),"notes: LRT ride time 0.85; commuter rail 1.2; walk `maxTime: 60`, `maxDistance: 3`",,several values in one cell: see estimate,,,,,S4_models_in_practice_github_configs
S4-E9,,,SANDAG ABM3 trip MC,,,,,,,"2.0, 1.5, 2.0, 2.0, 1.875, 2.5",,× IVT,notes: same convex transfer function,,several values in one cell: see estimate,,,,,S4_models_in_practice_github_configs
S4-F1,,,"SimOR (Oregon Metro/ODOT, ActivitySim, SANDAG-derived)",,,,,,,"2.0, 1.5, 2.0, 2.5, 1.5, 2.0 (both purposes)",,× IVT,notes: transfer function same as SANDAG (1 xfer = 11.8 × 1.5 = 17.7 min IVT),,several values in one cell: see estimate,,,,,S4_models_in_practice_github_configs
S4-G1,,,"PSRC ActivitySim (Seattle, estimated on PSRC HTS; psrc_activitysim configs_dev)",,,,,,,work -0.0315/-0.016 (1.97); univ -0.024 (1.50); school -0.0575/-0.01 (5.7); maint -0.0345/-0.017 (2.03); disc -0.0381/-0.015 (2.54); atwork -0.048/-0.032 (1.50),,× IVT,"notes: no separate access/egress term in spec; walk-transit availability ≤ `walkThresh 1.50` mi, `walkSpeed 3.00`",,several values in one cell: see estimate,,,,,S4_models_in_practice_github_configs
S4-G2,,,same,,,,,,,work/univ -0.024 (1.50); maint -0.0255 (1.50); disc -0.0225 (1.50); school -0.0973 (9.7); atwork -0.068 (2.1); `coef_iwait_fry_com_all -0.0376`,,× IVT,"notes: weight 1.06 at 0 min, 0.98 at 10, 0.70 at 60 min",,several values in one cell: see estimate,,,,,S4_models_in_practice_github_configs
S4-G3,,,same,,,,,,,work -0.032 (2.0); univ 2.0; maint -0.034 (2.0); disc -0.03 (2.0); school -0.02 (2.0); atwork -0.064 (2.0); `coef_xwait_fry_com_all -0.0376`,,× IVT,,,several values in one cell: see estimate,,,,,S4_models_in_practice_github_configs
S4-G4,,,same,,,,,,,work -0.3946 (24.7 min IVT); univ -0.347 (21.7); school -0.2435 (24.4); maint -0.402 (23.7); disc -0.408 (27.2); atwork -1.818 (56.8),,min IVT per transfer,notes: linear per transfer,,several values in one cell: see estimate,,,,,S4_models_in_practice_github_configs
S4-G5,,,same,,,,,,,work -0.0173 (1.08); univ -0.0228 (1.43); maint -0.0255 (1.5); disc -0.0225 (1.5); school -0.015 (1.5),,× IVT,notes: drive access,,several values in one cell: see estimate,,,,,S4_models_in_practice_github_configs
S4-G6,,,same,,,,,,,`coef_ivt` (1.0),,× IVT,notes: LR ride time not discounted in walk-LR rows (coef_ivt_lr_* exist in coefficient file but not referenced there),1.0,weight already relative to in-vehicle time (N1),,,,,S4_models_in_practice_github_configs
S4-H1,,,"SoundCast DaySim (PSRC Seattle, DaySim path-type/mode choice)",,,,,,,"2.0, 2.0",,× IVT,notes: `PathImpedance_TransitInVehicleTimeWeight = 1.0`; `PathImpedance_TransitWalkAccessDistanceLimit = 1.0` mi; `PathImpedance_WalkMinutesPerMile = 20`,,several values in one cell: see estimate,,,,,S4_models_in_practice_github_configs
S4-H2,,,same,,,,,,,2.0 / 2.5,,× IVT,,,several values in one cell: see estimate,,,,,S4_models_in_practice_github_configs
S4-H3,,,same,,,,,,,8.0 / 8.0,,min IVT per boarding,notes: per boarding (incl. first); `PathImpedance_TransitSingleBoardingLimit = 1.1`,,several values in one cell: see estimate,,,,,S4_models_in_practice_github_configs
S4-H4,,,same,,,,,,,"-0.15, -0.25, 0.00",,"additive to IVT weight (LR IVT = 0.85, CR 0.75)",notes: `PathImpedance_WalkTimeWeight = 5.0` (walk mode); KnR path constants -1.0,,"unit 'additive to IVT weight (LR IVT = 0.85, CR 0.75)' not converted (N1 needs the study's own in-vehicle value)",,,,,S4_models_in_practice_github_configs
S4-H5,,,SoundCast Emme transit assignment (activitysim & daysim variants),,,,,,,"wait 2×, half-headway, boarding 12 perceived min, walk 2× (1.5× for CR path set)",,Emme perceived minutes,"notes: journey levels enforce LR/CR use; `light_rail_walk_factor = 0.5`, `ferry_walk_factor = 0.5` in Accessibility Settings (meaning not documented in file)",,unit 'Emme perceived minutes' not converted (N1 needs the study's own in-vehicle value),,,,,S4_models_in_practice_github_configs
S4-H6,,,"SeaCast (RSG, Seattle DaySim)",,,,,,,–,,× IVT / min,,,no numeric estimate,,,,,S4_models_in_practice_github_configs
S4-H7,,,"PierceCast (RSG, Pierce County WA DaySim)",,,,,,,–,,,,,no numeric estimate,,,,,S4_models_in_practice_github_configs
S4-H8,,,BKRCast (Bellevue-Kirkland-Redmond DaySim 2025),,,,,,,–,,,,,no numeric estimate,,,,,S4_models_in_practice_github_configs
S4-H9,,,Chattanooga RTP DaySim (WSP),,,,,,,"wait 1.25× IVT, access 1.0× IVT, boarding 2.5 min IVT",,ratios relative to IVT weight 0.8,notes: small-region outlier,,unit 'ratios relative to IVT weight 0.8' not converted (N1 needs the study's own in-vehicle value),,,,,S4_models_in_practice_github_configs
S4-I1,,,"MTC Travel Model One transit skims (SF Bay, Cube TRNBUILD)",,,,,,,"1st boarding 0, 2nd 20 (30 drive), 3rd 45, 4th 50, 5th 60",,perceived min per n-th boarding,"notes: code comment still says ""second…adds five perceived minutes"" (stale)",,unit 'perceived min per n-th boarding' not converted (N1 needs the study's own in-vehicle value),,,,,S4_models_in_practice_github_configs
S4-I2,,,same,,,,,,,"initial wait 2.0, transfer wait 2.0",,× IVT,,,several values in one cell: see estimate,,,,,S4_models_in_practice_github_configs
S4-J1,,,MTC Travel Model Two (tm2py example config),,,,,,,–,,× IVT; perceived min,,,no numeric estimate,,,,,S4_models_in_practice_github_configs
S4-J2,,,"MTC TM2.2 dev v05 (2023, calibrated dev config)",,,,,,,–,,× IVT,,,no numeric estimate,,,,,S4_models_in_practice_github_configs
S4-J3,,,same,,,,,,,–,,perceived min per boarding; × IVT,notes: mode-specific boarding penalties (LRT 4.5 min),,no numeric estimate,,,,,S4_models_in_practice_github_configs
S4-K1,,,"CMAP trip-based model (Chicago, Emme) skims",,,,,,,"wait 2×, walk 2×, half headway",,× IVT,,,several values in one cell: see estimate,,,,,S4_models_in_practice_github_configs
S4-K2,,,CMAP trip-based model transit assignment,,,,,,,"access walk 2×, transfer walk 3×, transfer penalty 25 min (× boarding perception), wait 2.75× bus / ≥2.475× rail",,perceived min,notes: user-class VOTs 8.63/27/80 ¢/min,,unit 'perceived min' not converted (N1 needs the study's own in-vehicle value),,,,,S4_models_in_practice_github_configs
S4-K3,,,CMAP ABM (CT-RAMP) Emme transit,,,,,,,"values are node/line attributes coded in the network, not in scripts",,–,notes: structure only,,no numeric estimate,,,,,S4_models_in_practice_github_configs
S4-L1,,,MATSim core defaults (ScoringConfigGroup),,,,,,,"walk = pt wait = pt IVT (1.0×, each −12 utils/h incl. opportunity cost); transfer −1 util ≈ 5 min pt-equivalent",,utils/h; utils per transfer,"notes: software defaults, not calibrated",,unit 'utils/h; utils per transfer' not converted (N1 needs the study's own in-vehicle value),,,,,S4_models_in_practice_github_configs
S4-L2,,,MATSim Los Angeles v1.1,,,,,,,walk 1.5× pt IVT (29.52/19.68 incl. opportunity cost); pt wait 1.0×; transfer ≈ 7.5 pt-min,,utils/h,,,unit 'utils/h' not converted (N1 needs the study's own in-vehicle value),,,,,S4_models_in_practice_github_configs
S4-L3,,,MATSim Munich (tumTbBase),,,,,,,"walk 1.0×, wait 1.0×, transfer 5 min",,utils/h,,,unit 'utils/h' not converted (N1 needs the study's own in-vehicle value),,,,,S4_models_in_practice_github_configs
S4-L4,,,MATSim Sweden (se_14.0.1),,,,,,,walk 0.875× pt; wait 1.0× pt; transfer 7.5 pt-min,,utils/h,,,unit 'utils/h' not converted (N1 needs the study's own in-vehicle value),,,,,S4_models_in_practice_github_configs
S4-L5,,,MATSim Berlin v6.4,,,,,,,walk = pt wait = pt IVT (opportunity cost only); transfer −1 util ≈ 8.7 min,,utils/h,notes: calibration via ASCs,,unit 'utils/h' not converted (N1 needs the study's own in-vehicle value),,,,,S4_models_in_practice_github_configs
S4-M1,,,OpenTripPlanner 2.x routing defaults,,,,,,,walk 2.0×; boarding cost 10 min when access by walk,,routing cost,"notes: routing defaults, not calibrated",,unit 'routing cost' not converted (N1 needs the study's own in-vehicle value),,,,,S4_models_in_practice_github_configs
S4-M2,,,same,,,,,,,"transfer penalty 0 (+2 min slack), wait 1.0×",,routing cost,"notes: TransitPreferences: `boardSlack`/`alightSlack` default `Duration.ZERO` (DurationForEnum), `otherThanPreferredRoutesPenalty 5 min`",,unit 'routing cost' not converted (N1 needs the study's own in-vehicle value),,,,,S4_models_in_practice_github_configs
S4-M3,,,Conveyal R5 defaults,,,,,,,unweighted travel time,,–,notes: routing default,,no numeric estimate,,,,,S4_models_in_practice_github_configs
S5-S5-01,walk speed by grade,,Tobler (fit to Imhof's Swiss hiking data),1993,Switzerland,general (hikers),empirical exponential fit,Imhof hiking tables,"v = 6·exp(−3.5·|S+0.05|), S = rise/run",flat 5.0 km/h (1.39 m/s),max 6 km/h at ≈ −5 % (−2.86°); off-path ×3/5,km/h,"hiking, not urban footways",,unit 'km/h' not converted (N1 needs the study's own in-vehicle value),2,2,en.wikipedia.org/wiki/Tobler%27s_hiking_function,formula verified in r5/OTP source; descriptive numbers search-summary (unverified),S5_active_mode_walk_evidence
S5-S5-02,walk speed by grade,,Naismith's rule; Langmuir correction,1892 / 1984,Scotland,general,rule of thumb,—,12 min/km horizontal + 10 min per 100 m ascent,≡ 5 km/h flat + 1 h per 600 m climb,Langmuir: −10 min per 300 m descent on 5–12°; +10 min per 300 m descent >12°,min,hill-walking heuristic,,several values in one cell: see estimate,1,2,en.wikipedia.org/wiki/Naismith's_rule,search-summary (unverified),S5_active_mode_walk_evidence
S5-S5-03,walk speed by grade,,"Irmischer & Clarke, CaGIS",2018,USA (wooded terrain),general,"GPS trajectories, model",multiple subjects,V = 0.11 + exp(−3.5(100S+2)²/1800) (as quoted in summary),predicts route time within 10 %,closest existing function to Campbell's 5th-percentile curve,m/s,navigation off-road,,unit 'm/s' not converted (N1 needs the study's own in-vehicle value),2,2,semanticscholar.org/paper/fcaedb8d96425147da524a316d28077b7efdf4ba,search-summary (unverified),S5_active_mode_walk_evidence
S5-S5-04,walk speed by grade,,"Campbell et al., Applied Geography",2019,USA,general,crowdsourced Strava GPS,"421,247 activities","asymmetric Lorentz function r = c/(πb(1+((s+a)/b)²)) + d + e·s, s in degrees",best fit across slopes,percentile curves provided,m/s,hiking/trail,,no numeric estimate,2,2,fs.usda.gov/rm/pubs_journals/2019/rmrs_2019_campbell_m001.pdf,search-summary (unverified),S5_active_mode_walk_evidence
S5-S5-05,walk speed by grade,,"Sun, Walters, Svensson & Lloyd, Ergonomics 39(4)",1996,Sydney (Circular Quay ramp),general (urban pedestrians),field observation,"1,200 F + 1,200 M","speed, cadence, step length by ramp angle up to 9°",step length decreases on descent; per-angle speeds not in summary,slopes 0–9°,—,the key urban-pedestrian slope dataset; full paper needed for numbers,,no numeric estimate,3,3,pubmed.ncbi.nlm.nih.gov/8854986/,search-summary (unverified),S5_active_mode_walk_evidence
S5-S5-06,walk speed by grade,,"Kawamura, Tokuhiro et al.",1991,Japan,general,lab force plate,"17 men, 19–34","up/down at 3, 6, 9, 12°",speed decreased significantly (p<0.01) at 12° both up and down,—,—,"lab, young males",,unit '—' not converted (N1 needs the study's own in-vehicle value),2,2,semanticscholar.org/paper/56211c3aa45d69594fb7a4eecab4c129cd5c36ea,search-summary (unverified),S5_active_mode_walk_evidence
S5-S5-07,walk speed by grade,,"TCQSM 2nd ed., Part 3 (Exhibit 3-6)",2003,USA,bus/rail,manual guidance,—,distance walkable in 5/10 min vs grade,≤5 % grade: little impact (400 m / 800 m); >5 %: distance diminishes; people walk shorter distances in hilly areas,—,m,transit planning standard,,unit 'm' not converted (N1 needs the study's own in-vehicle value),2,3,onlinepubs.trb.org/onlinepubs/tcrp/docs/tcrp100/Part3.pdf,search-summary (unverified),S5_active_mode_walk_evidence
S5-S5-08,walk speed by grade,,Human Transit (Walker) summarising TCQSM chart,2011,USA,bus/rail,blog summary,—,speed reduction at grade,10 % grade cuts walking speed by ≈25 %,—,%,secondary source,,unit '%' not converted (N1 needs the study's own in-vehicle value),1,2,humantransit.org/2011/04/basics-walking-distance-to-transit.html,search-summary (unverified),S5_active_mode_walk_evidence
S5-S5-09,walk speed level,,"Bohannon & Williams Andrews, Physiotherapy 97(3)",2011,multi-country,general,meta-analysis,"41 articles, 23,111 subjects",comfortable gait speed by age/sex,1.434 m/s (men 40–49) down to 0.943 m/s (women 80–99),—,m/s,"clinical gait, level ground",,unit 'm/s' not converted (N1 needs the study's own in-vehicle value),3,2,csp.org.uk/journal/article/physiotherapy-september-2011/normal-walking-speed-descriptive-meta-analysis,search-summary (unverified),S5_active_mode_walk_evidence
S5-S5-10,walk speed level,,"Finnis & Walton, Ergonomics 51(6)",2008,New Zealand,general,field observation,multiple cities,"mean footway speed; effects of city size, baggage, phone, land use",means 70–95 m/min (1.17–1.58 m/s),"baggage 64.3 m/min; phone 59–63 m/min; educational 85.3, shopping 60.2 m/min; log relation with city population",m/min,urban footways,,unit 'm/min' not converted (N1 needs the study's own in-vehicle value),2,2,doi.org/10.1080/00140130701812147,search-summary (unverified),S5_active_mode_walk_evidence
S5-S5-11,walk speed level,,"Montufar, Arango, Porter & Nakagawa, TRR 2002",2007,Winnipeg,general,field observation,"1,792 (1,104 summer, 688 winter)","normal vs crossing speed, by age",younger 1.40 (summer) / 1.31 (winter) m/s; older (>65) 1.18 / 1.08 m/s,crossing speed > normal in all cases,m/s,signalised crossing context,,unit 'm/s' not converted (N1 needs the study's own in-vehicle value),3,2,journals.sagepub.com/doi/10.3141/2002-12,search-summary (unverified),S5_active_mode_walk_evidence
S5-S5-12,walk speed level,,MUTCD / FHWA older-pedestrian guidelines,—,USA,general,design standard,—,signal clearance design speed,"1.2 m/s; 1.0 m/s where elderly >20 %; 0.9 m/s ""less capable"" older",—,m/s,signal timing,,unit 'm/s' not converted (N1 needs the study's own in-vehicle value),2,3,fhwa.dot.gov/publications/research/safety/pedbike/05085/chapt8.cfm,search-summary (unverified),S5_active_mode_walk_evidence
S5-S5-13,walk speed level,,TCQSM 2nd ed.,2003,USA,bus/rail,manual,—,recommended walking speed,1.2 m/s (1.0 m/s for large elderly populations),—,m/s,transit access,,unit 'm/s' not converted (N1 needs the study's own in-vehicle value),2,3,onlinepubs.trb.org/onlinepubs/tcrp/docs/tcrp100/Part3.pdf,search-summary (unverified),S5_active_mode_walk_evidence
S5-S5-14,walk speed level,,OpenTripPlanner 2 docs,2023,—,general,software default,—,`routingDefaults.walkSpeed`,1.34 m/s,—,m/s,routing engine default,,unit 'm/s' not converted (N1 needs the study's own in-vehicle value),1,2,docs.opentripplanner.org/en/v2.3.0/BuildConfiguration/,search-summary (unverified),S5_active_mode_walk_evidence
S5-S5-15,crossing delay,,HCM 2000 (Ch. 18) pedestrian delay,2000,USA,general,analytical,—,d_p = (C − g)²/(2C); g = WALK + 4 s of flashing DON'T WALK,"e.g. C=90 s, g=20 s → 27 s; C=120 s, g=25 s → 38 s (derived)",—,s/crossing,"signalised, uniform arrivals",,unit 's/crossing' not converted (N1 needs the study's own in-vehicle value),3,3,fhwa.dot.gov/publications/research/safety/04091/07.cfm,formula search-summary (unverified); examples derived,S5_active_mode_walk_evidence
S5-S5-16,crossing delay,,HCM pedestrian LOS at signals,2000/2010,USA,general,standard,—,LOS by average delay,A <10; B 10–20; C 20–30; D 30–40; E 40–60; F >60,—,s,noncompliance rises with delay,,unit 's' not converted (N1 needs the study's own in-vehicle value),3,3,nyc.gov/assets/planning/download/pdf/plans/transportation/td_pedloschaptertwo.pdf,search-summary (unverified),S5_active_mode_walk_evidence
S5-S5-17,crossing delay,,HCM unsignalised + validation studies,various,USA/India,general,gap acceptance,—,accepted gap; HCM delay model,mean accepted gap 6.12 (M) / 6.24 (F) s; literature range 3–7 s; HCM method under-estimates observed delay,—,s,unsignalised mid-block,,unit 's' not converted (N1 needs the study's own in-vehicle value),2,2,repository.lib.ncsu.edu (NCSU thesis); link.springer.com/chapter/10.1007/978-3-032-31342-3_30,search-summary (unverified),S5_active_mode_walk_evidence
S5-S5-18,crossing delay,,"Seoul walkshed study, Applied Geography 156",2023,Seoul,general,network analysis with signal timings,city-wide,walkshed shrinkage from signal delays,−9 % average walkshed area; up to −24 %,—,%,mega-block / commercial zones worst,,unit '%' not converted (N1 needs the study's own in-vehicle value),2,2,sciencedirect.com/science/article/abs/pii/S0143622823001066,search-summary (unverified),S5_active_mode_walk_evidence
S5-S5-19,circuity,,"Levinson & El-Geneidy, ""Network circuity and the location of home and work""",2009,Minneapolis–St Paul,general,GIS network vs Euclidean,random and actual home–work pairs,circuity = network/Euclidean,random O-D circuity exceeds actual home–work circuity,—,ratio,households self-select direct commutes,,no numeric estimate,2,2,tram.mcgill.ca/Research/Publications/Circuity.pdf,search-summary (unverified),S5_active_mode_walk_evidence
S5-S5-20,circuity,,"Boeing, ""Morphology and circuity of walkable and drivable street networks""",2019,40 US cities,general,"OSMnx, 4 million simulated routes",40 cities,walking vs driving circuity,walking networks more direct than driving in all but 4 cities with significant differences,numeric medians not in summary,ratio,OSM-based,4,weight already relative to in-vehicle time (N1),2,2,geoffboeing.com/publications/morphology-circuity-street-networks/,search-summary (unverified),S5_active_mode_walk_evidence
S5-S5-21,circuity,,transit station catchment circuity (cited in circuity search),—,—,rail,GIS,—,network/straight-line within station catchments,1.21–1.23,—,ratio,source paper not identified in summary,,several values in one cell: see estimate,1,2,en.wikibooks.org/wiki/Transportation_Geography_and_Network_Science/Circuity,search-summary (unverified),S5_active_mode_walk_evidence
S5-S5-22,catchment distance,,"O'Sullivan & Morrall, TRR 1538",1996,Calgary,LRT,intercept survey + map measurement,"1,800 peak-hour LRT users",walk distance to/from station,"suburban: mean 649 m, 75th 840 m; CBD: mean 326 m, 75th 419 m","""bus walking standards would underestimate LRT walking distances by about half""",m,the classic LRT-specific study,,unit 'm' not converted (N1 needs the study's own in-vehicle value),3,3,journals.sagepub.com/doi/10.1177/0361198196153800103,search-summary (unverified),S5_active_mode_walk_evidence
S5-S5-23,catchment distance,,"Daniels & Mulley, JTLU 6(2)",2013,Sydney,bus vs train,household travel survey,—,walk distance to first PT stop,"bus median 364 m, upper quartile 655 m; train median 749 m, UQ 1,018 m","also quoted: bus mean 0.29 mi, 75th 0.41 mi",m,mode (supply/spacing) dominates; demographics not significant,,unit 'm' not converted (N1 needs the study's own in-vehicle value),3,3,jtlu.org/index.php/jtlu/article/view/308,search-summary (unverified),S5_active_mode_walk_evidence
S5-S5-24,catchment distance,,"El-Geneidy, Grimsrud, Wasfi, Tétreault & Surprenant-Legault, Transportation 41",2014,Montreal,bus vs commuter rail,"O-D survey, network distance",region-wide,85th-percentile home-based walk distance,"bus 524 m; commuter rail 1,259 m",400 m / 800 m buffers critiqued,m,variable service areas,,unit 'm' not converted (N1 needs the study's own in-vehicle value),3,3,link.springer.com/article/10.1007/s11116-013-9508-z,search-summary (unverified),S5_active_mode_walk_evidence
S5-S5-25,catchment distance,,"Burke & Brown, ""Distances people walk for transport""",2007,Brisbane,bus vs train,household survey,—,home→stop walk distance,"bus median 440 m, 85th 1.07 km; train median 890 m, 85th 1.57 km",—,m,difference >400 m statistically significant,,unit 'm' not converted (N1 needs the study's own in-vehicle value),3,3,researchgate.net/publication/29465653_Distances_People_Walk_for_Transport,search-summary (unverified),S5_active_mode_walk_evidence
S5-S5-26,catchment distance,,"""Distributions of walking access to public transport in Melbourne"", IJST",2024,Melbourne,bus / train / tram,"travel survey, Burr XII fit",—,access/egress walk distance,"mean: bus 0.61, train 0.70, tram 0.43 km; median: 0.48 / 0.59 / 0.34 km; 85th: 0.99 / 1.10 / 0.71 km",40 % of bus access <400 m; ~60 % tram <400 m; ~2/3 train <800 m,km,"tram (close stops) behaves like bus, not rail",,unit 'km' not converted (N1 needs the study's own in-vehicle value),3,3,tandfonline.com/doi/full/10.1080/15568318.2024.2385641,search-summary (unverified),S5_active_mode_walk_evidence
S5-S5-27,catchment distance,,"Guerra, Cervero & Tischler, TRR 2276",2012,21 US cities,rail (high-capacity),station ridership regressions,"1,449 stations",catchment radius vs model fit,"catchment choice has little influence on predictive power; weak support for ¼-mile jobs, ½-mile population",—,mi,"half-mile is a US convention, not a behavioural law",,no numeric estimate,3,2,escholarship.org/uc/item/68r764df,search-summary (unverified),S5_active_mode_walk_evidence
S5-S5-28,catchment distance / decay,,"Zhao, Chow, Li, Ubaka & Gan, TRR",2003,Florida,bus/rail,regression vs buffer,10 × 300-ft bands,usage decline with distance,usage drops sharply after first 90 m; negligible beyond 580 m,buffer and network-ratio methods overestimate accessibility,m,distance-decay evidence,,unit 'm' not converted (N1 needs the study's own in-vehicle value),2,2,trid.trb.org/View/682083,search-summary (unverified),S5_active_mode_walk_evidence
S5-S5-29,catchment distance / decay,,"Kimpel, Dueker & El-Geneidy, URISA J.",2007,Portland (TriMet),bus,"OLS-estimated decay, stop boardings",route-level,distance-decay weighted dwellings,most riders prefer <5 min (0.25 mi at 4 ft/s); >50 % walk ≤0.25 mi,¼-mile overlapping service areas,mi,decay parameters not in summary,,unit 'mi' not converted (N1 needs the study's own in-vehicle value),2,2,tram.mcgill.ca/Research/Publications/overlapping_service_area.pdf,search-summary (unverified),S5_active_mode_walk_evidence
S5-S5-30,catchment distance,,TCQSM 2nd ed.,2003,USA,bus,manual,—,share of bus riders within 400 m,75–80 % walk ≤400 m,—,%,—,,unit '%' not converted (N1 needs the study's own in-vehicle value),2,3,onlinepubs.trb.org/onlinepubs/tcrp/docs/tcrp100/Part3.pdf,search-summary (unverified),S5_active_mode_walk_evidence
S5-S5-31,catchment distance (SP),,"van der Waerden, van der Waerden & Burger, J. Public Transportation",2024,Netherlands,bus,"stated preference, latent-class ordered logit","879 respondents, 7,911 evaluations",maximum acceptable walk to bus stop,frequency and street lighting are the most influential attributes,—,—,route quality shifts tolerated distance,,no numeric estimate,2,2,sciencedirect.com/science/article/pii/S1077291X2400016X,search-summary (unverified),S5_active_mode_walk_evidence
S5-S5-32,environment weight (vertical),,"""Choices between stairs, escalators and ramps in stations"" (WIT Press, Daamen et al.)",2006,Netherlands (stations),rail,route-choice model,station observations,perceived time multiplier vs level walking,stairs 1.86; escalator 1.28; ramp 1.37,downward direction penalised less; down escalator/ramp preferred over level,ratio,station circulation,,several values in one cell: see estimate,2,3,witpress.com/Secure/elibrary/papers/CR06/CR06001FU1.pdf,search-summary (unverified),S5_active_mode_walk_evidence
S5-S5-33,environment weight (stairs),,"Fruin, Pedestrian Planning and Design",1971,USA,general,observation,—,free-flow stair speed along slope,M 0.63 up / 0.88 down; F 0.59 up / 0.67 down m/s,27° stair: 0.57 up / 0.77 down; 32°: 0.51 / 0.67; design range 0.36–0.76,m/s,≈ half of level speed → ~2× time,,unit 'm/s' not converted (N1 needs the study's own in-vehicle value),2,3,discovery.ucl.ac.uk/1243/1/2004_21.pdf,search-summary (unverified),S5_active_mode_walk_evidence
S5-S5-34,environment weight (shade),,"MIT Senseable ""Walking smart in the heat"" (CEUS) / ""Hot and bothered"" (Cities)",2024–25,hot-climate cities,general,revealed route choice,GPS traces,perceived distance in shade vs sun,distance in shade discounted by 0.86 vs sun; building shade stronger than tree shade,"heat stress has significant, non-uniform effect on perceived distance",ratio,directly transferable to Mediterranean summer,0.86,weight already relative to in-vehicle time (N1),2,3,senseable.mit.edu/papers/pdf/20250911_Wen-etal_WalkingSmart_CEUS.pdf ; sciencedirect.com/science/article/pii/S0264275124006498,search-summary (unverified),S5_active_mode_walk_evidence
S5-S5-35,environment weight (shade),,tree-canopy / thermal-comfort studies,2022–25,hot climates,general,observation,—,pedestrian counts shaded vs sunny side; temperature,"shaded sides attract more walkers; ≈3 °C cooler under natural shade; ""21.2 % higher exposure on sun-exposed side"" (as quoted)",—,—,"supportive, not a weight",,unit '—' not converted (N1 needs the study's own in-vehicle value),1,2,sciencedirect.com/science/article/abs/pii/S2210670725000733 ; ncbi.nlm.nih.gov/pmc/articles/PMC8844002/,search-summary (unverified),S5_active_mode_walk_evidence
S5-S5-36,environment weight (walk vs IVT),,VTPI travel-time costs; transit assignment practice,2007–26,general,literature synthesis,—,walk/wait time weight vs in-vehicle time,2–3× IVT (typical); 2–5× across studies,transfer penalty ≈6.7 min rail IVT in one cited model,ratio,no mode-specific walk weight found,2,,unit 'no mode-specific walk weight found' not converted (N1 needs the study's own in-vehicle value),2,vtpi.org/traveltime.pdf,search-summary (unverified),,S5_active_mode_walk_evidence
S5-S5-37,"environment weight (slope, Haifa)",,"Greenberg, Natapov & Fisher-Gewirtzman, J. Urban Design 25(1) (Technion)",2019,Haifa & Jerusalem,general,effort + visibility cognitive model vs observed movement,3 case studies,physical effort as route-choice driver,model outperforms alternatives in the steeper parts of the case studies,—,—,only Haifa-specific pedestrian-slope study found,,no numeric estimate,2,3,tandfonline.com/doi/full/10.1080/13574809.2019.1632178,search-summary (unverified),S5_active_mode_walk_evidence
S5-S5-38,Haifa context,,"Wikipedia (Mount Carmel, Carmelit, Nofit, Kiryat Ata, Haifa–Nazareth LRT); Railway Gazette; weather sites",—,Haifa,LRT,encyclopaedic,—,"elevations, gradients, climate","Mount Carmel 546 m; Carmelit span 274 m, top station 268 m; Kiryat Ata 5 m; Nofit 198 m; LRT 41 km, 20 stops, ascends 550 m to Nof HaGalil, gradients up to 8 %, opening 2028, 100,000/day; August mean high 31.4 °C, RH 82 %, heat index 43 °C; hundreds of public staircases (""Haifa Stairs Project"")",—,m / °C,corridor spans sea level (Krayot) to hill towns,,unit 'm / °C' not converted (N1 needs the study's own in-vehicle value),1,3,en.wikipedia.org/wiki/Carmelit ; en.wikipedia.org/wiki/Nofit ; en.wikipedia.org/wiki/Haifa%E2%80%93Nazareth_Light_Rail ; railwaygazette.com/urban/2025/03/24/israel-nofit-project-learns-from-karlsruhe/ ; weather-atlas.com/en/israel/haifa-climate,search-summary (unverified),S5_active_mode_walk_evidence
S5-S5-39,tools,,r5 / r5r / r5py; OTP; OSMnx; OSRM; GraphHopper,2024–26,—,general,source code,—,slope handling,"r5: `TOBLER` (default) and `MINETTI` (Herzog polynomial of Minetti 2002) or `NONE`; DEM as .tif in EPSG:4326; r5's Tobler is normalised: multiplier = 1.2·exp(−3.5·|dy/dx+0.05|), averaged over edge segments weighted by horizontal length, then inverted to a time multiplier. OTP1: F = 1/(1.19·exp(−3.5·|dh/dx+0.05|)) applied as a horizontal-distance multiplier, capped by `walkDistMultiplierMaxLimit`. OSMnx: `add_node_elevations_raster`, `add_node_elevations_google`, `add_edge_grades` (rise/run, `grade`, `grade_abs`). OSRM: no elevation. GraphHopper: elevation only affects bike, not foot, costs",—,—,r5/OTP conventions verified,,unit '—' not converted (N1 needs the study's own in-vehicle value),3,3,github.com/conveyal/r5 ; github.com/opentripplanner/OpenTripPlanner ; github.com/gboeing/osmnx ; github.com/r5py/r5py ; community.openstreetmap.org/t/foot-graphhopper-direction-ignores-elevation-data/87571,"r5, OTP, OSMnx, r5py source read in full (verified); OSRM/GraphHopper search-summary",S5_active_mode_walk_evidence
S5-S5-40,DEM sources,,Copernicus GLO-30; SRTM; Survey of Israel (MAPI),—,Israel,—,data,—,DEM availability,"Copernicus GLO-30: 30 m DSM (includes buildings/vegetation), free, via OpenTopography/AWS; SRTM 30 m; Survey of Israel DTM obtainable via govmap / data request (resolution not confirmed in summary)",—,m,GLO-30 is a surface model; in dense Haifa buildings contaminate node elevations,,unit 'm' not converted (N1 needs the study's own in-vehicle value),2,3,portal.opentopography.org/raster?opentopoID=OTSDEM.032021.4326.3 ; registry.opendata.aws/copernicus-dem/ ; mapi.gov.il,search-summary (unverified),S5_active_mode_walk_evidence
