TAZ,bus_stops_n,bus_lines_n,bus_lines,bus_dep_0609,bus_dep_0708,bus_headway_0708_min,bus_best_line_headway_0708_min,bus_direct_reach_taz_n,bus_direct_reach_30min_taz_n,bus_nearest_stop_m,bus_stops_per_km2,bus_LOS_frequency,bus_LOS_best_line,brt_stops_n,brt_lines_n,brt_lines,brt_dep_0609,brt_dep_0708,brt_headway_0708_min,brt_best_line_headway_0708_min,brt_direct_reach_taz_n,brt_direct_reach_30min_taz_n,brt_nearest_stop_m,brt_stops_per_km2,brt_LOS_frequency,brt_LOS_best_line,brt_access,brt_lines_named,AggCode_V2,AggAreaName_V2
2112,63,35,61 62 63 64 65 66 67 69 71 10332 10335 10338 10348 10826 11331 11336 11339 11358 11431 12301 12333 13242 13426 14038 14352 17068 24067 25012 34025 37009 47014 50006 74015 80005 81004,246,96,0.62,8.57,119,65,511.95,0.85,A,A,0,0,,0,0,,,0,0,16824.16,0.00,no service,no service,0,,,
2107,16,14,10348 10356 10955 11833 12301 12354 12720 13242 14352 17240 19033 21047 23045 24067,131,49,1.22,10.00,85,59,345.60,0.49,A,A,0,0,,0,0,,,0,0,23246.43,0.00,no service,no service,0,,,
2208,26,16,10332 10335 10338 10826 11331 11336 11339 11358 12301 12333 13309 13426 14310 17068 19311 22022,124,47,1.28,8.57,74,61,595.93,3.76,A,A,0,0,,0,0,,,0,0,11170.33,0.00,no service,no service,0,,,
2209,24,39,59 61 62 63 64 65 66 67 69 10332 10335 10338 10432 10505 10826 10836 10845 10846 10962 10963 10968 11184 11331 11336 11339 11358 12117 12118 12301 12333 13185 13360 13407 13426 17068 20009 22022 23013 24021,191,77,0.78,10.00,107,74,1110.58,1.35,A,A,0,0,,0,0,,,0,0,9394.28,0.00,no service,no service,0,,,
2103,19,11,13242 17068 24067 25006 25012 27005 30050 34025 37091 47014 81004,79,29,2.07,12.00,43,35,1324.91,1.31,A,B,0,0,,0,0,,,0,0,16218.54,0.00,no service,no service,0,,,
2211,13,7,12181 21016 23017 23095 24097 27096 52018,50,20,3.00,12.00,16,7,216.14,10.93,A,B,0,0,,0,0,,,0,0,10939.22,0.00,no service,no service,0,,,
2215,9,20,10826 11184 11188 11302 12117 12181 13180 13185 13407 13426 14156 14157 16050 21016 23017 23095 24097 27096 52018 52019,142,54,1.11,12.00,69,53,48.77,30.84,A,B,0,0,,0,0,,,0,0,10742.91,0.00,no service,no service,0,,,
2221,35,16,11184 11188 12117 12181 13180 13185 13407 13426 14157 16050 21016 23095 24097 27096 52018 52019,129,52,1.15,12.00,54,30,115.51,24.59,A,B,0,0,,0,0,,,0,0,11888.55,0.00,no service,no service,0,,,
2222,9,5,12181 21016 23095 27096 52019,46,17,3.53,15.00,16,9,111.20,8.34,A,B,0,0,,0,0,,,0,0,11798.69,0.00,no service,no service,0,,,
108,16,8,10271 10272 10281 19099 24060 29030 39018 45016,85,31,1.94,15.00,36,32,712.13,1.22,A,B,0,0,,0,0,,,0,0,12287.77,0.00,no service,no service,0,,,
2201,25,23,10332 10338 10505 10826 10836 10845 10963 10968 11331 11336 11339 11358 12301 12333 13309 13360 14310 15065 17068 19311 24021 25012 47014,119,41,1.46,12.00,93,59,295.96,1.27,A,B,0,0,,0,0,,,0,0,9912.58,0.00,no service,no service,0,,,
110,45,6,10048 11294 17047 21148 22147 30055,22,10,6.00,30.00,34,26,1042.38,1.40,A,D,0,0,,0,0,,,0,0,15980.32,0.00,no service,no service,0,,,
231,10,9,10048 11061 11294 11305 17047 17282 21148 22058 22147,33,12,5.00,30.00,57,36,576.09,2.97,A,D,0,0,,0,0,,,0,0,12660.97,0.00,no service,no service,0,,,
1912,4,1,23045,18,6,10.00,20.00,10,10,981.33,0.62,A,C,0,0,,0,0,,,0,0,25397.44,0.00,no service,no service,0,,,
242,53,28,400 403 405 407 440 442 443 444 445 447 10048 10262 10263 10361 10500 11064 11305 11564 12312 12503 15039 16380 19302 21057 21093 22058 25284 42020,99,41,1.46,15.00,69,57,364.55,3.10,A,B,0,0,,0,0,,,0,0,11780.70,0.00,no service,no service,0,,,
3003,0,0,,0,0,,,0,0,629.76,0.00,no service,no service,0,0,,0,0,,,0,0,24448.53,0.00,no service,no service,0,,,
2307,26,9,10037 10795 11791 13297 16050 21055 33003 35058 51054,88,39,1.54,8.57,58,28,1469.59,1.72,A,A,0,0,,0,0,,,0,0,5765.34,0.00,no service,no service,0,,,
2301,37,9,10037 10795 11791 13297 16050 21055 33003 35058 51054,90,38,1.58,10.00,58,32,960.43,2.82,A,A,0,0,,0,0,,,0,0,1825.17,0.00,no service,no service,0,,,
1913,8,19,10337 10430 10432 10505 10836 10962 11431 11434 13360 14288 16123 17024 17026 17032 18030 18122 19028 19031 19033,67,22,2.73,20.00,89,43,1070.00,1.12,A,C,0,0,,0,0,,,0,0,24146.84,0.00,no service,no service,0,,,
1911,15,14,10332 10335 10338 10826 11331 11336 11339 11431 12333 14352 23007 27036 30050 46001,102,33,1.82,15.00,52,24,86.52,28.67,A,B,0,0,,0,0,,,0,0,19738.87,0.00,no service,no service,0,,217.00,Nazareth
1933,30,17,10332 10335 10338 10826 11331 11336 11339 11431 12333 14038 14352 23007 27036 30050 30092 46001 56081,157,59,1.02,12.00,97,51,149.70,16.67,A,B,0,0,,0,0,,,0,0,19599.81,0.00,no service,no service,0,,,
1934,21,14,10332 10338 10826 11331 11339 11431 14038 14352 23007 27036 30050 30092 46001 56081,87,34,1.76,12.00,55,35,48.19,11.91,A,B,0,0,,0,0,,,0,0,20549.55,0.00,no service,no service,0,,,
210,11,4,11313 22058 33054 46019,26,10,6.00,20.00,15,15,765.54,1.51,A,C,0,0,,0,0,,,0,0,16904.36,0.00,no service,no service,0,,,
2303,17,10,10037 10795 11791 16050 21055 35058 39002 50001 51054 54081,94,37,1.62,8.57,58,28,592.40,5.47,A,A,0,0,,0,0,,,0,0,6775.91,0.00,no service,no service,0,,,
239,9,8,11064 11313 12312 22058 25284 33054 42020 46019,57,19,3.16,20.00,39,25,972.43,3.05,A,C,0,0,,0,0,,,0,0,14775.53,0.00,no service,no service,0,,,
240,22,8,11064 11313 12312 22058 25284 33054 42020 46019,58,20,3.00,15.00,39,25,279.92,9.13,A,B,0,0,,0,0,,,0,0,15048.64,0.00,no service,no service,0,,,
402,6,7,10255 10307 11296 16157 19094 20143 21057,28,15,4.00,20.00,42,38,509.49,1.33,A,C,0,0,,0,0,,,0,0,10924.07,0.00,no service,no service,0,,,
310,23,12,10260 10265 10846 10968 11299 13242 15065 16058 18044 20045 22043 26056,42,16,3.75,30.00,80,52,98.87,0.60,A,D,0,0,,0,0,,,0,0,15177.24,0.00,no service,no service,0,,,
208,12,10,10048 11061 11294 11305 17282 19035 21148 22058 22147 46019,44,16,3.75,20.00,64,43,1377.17,2.27,A,C,0,0,,0,0,,,0,0,11402.58,0.00,no service,no service,0,,,
1903,21,17,10335 11334 11431 11440 14038 16027 17024 17026 17180 18030 19028 19031 19033 21022 21352 24065 33070,87,34,1.76,15.00,105,53,36.02,24.38,A,B,0,0,,0,0,,,0,0,21532.26,0.00,no service,no service,0,,217.00,Nazareth
1916,17,24,10430 10505 10836 11431 11434 11440 12490 13360 14038 14288 16123 17024 17026 17180 18030 18122 19028 19031 19033 21022 24036 24065 27071 33070,103,42,1.43,15.00,89,44,609.60,3.90,A,B,0,0,,0,0,,,0,0,22676.08,0.00,no service,no service,0,,217.00,Nazareth
1917,51,18,10335 11334 11431 11440 14038 16027 17024 17026 17180 18030 19028 19031 19033 21022 21352 24065 27071 33070,90,40,1.50,20.00,105,50,86.67,23.54,A,C,0,0,,0,0,,,0,0,22475.03,0.00,no service,no service,0,,217.00,Nazareth
1003,14,4,10306 13174 16058 69008,27,12,5.00,20.00,37,16,578.13,2.60,A,C,0,0,,0,0,,,0,0,14589.91,0.00,no service,no service,0,,,
1004,12,9,10306 10846 10968 12490 13174 13242 16058 26056 69008,38,14,4.29,30.00,66,36,424.19,2.82,A,D,0,0,,0,0,,,0,0,12324.87,0.00,no service,no service,0,,,
1907,43,2,11344 22013,26,11,5.45,12.00,24,15,64.04,13.98,A,B,0,0,,0,0,,,0,0,16768.80,0.00,no service,no service,0,,217.00,Nazareth
336,15,13,11313 11368 14322 16065 17067 17285 19302 21035 22058 26012 26052 30077 33054,65,25,2.40,15.00,48,33,424.56,4.29,A,B,0,0,,0,0,,,0,0,18594.71,0.00,no service,no service,0,,,
1904,12,14,10335 11431 16025 16027 17024 17026 18030 19028 19031 19033 21022 21352 24012 33070,56,22,2.73,15.00,42,32,280.09,1.60,A,B,0,0,,0,0,,,0,0,20201.08,0.00,no service,no service,0,,217.00,Nazareth
338,2,9,11368 16065 17036 17285 21035 22058 26012 26052 30077,26,7,8.57,20.00,30,24,970.21,0.65,A,C,0,0,,0,0,,,0,0,21630.62,0.00,no service,no service,0,,,
317,21,18,10361 10500 11056 12364 12503 16037 16149 16380 17061 17066 17067 18030 18147 20040 20152 21093 25014 25015,103,37,1.62,15.00,101,53,179.48,3.17,A,B,0,0,,0,0,,,0,0,25332.29,0.00,no service,no service,0,,,
1902,34,5,14288 16027 16123 18122 24036,15,4,15.00,60.00,32,14,733.40,2.12,B,E,0,0,,0,0,,,0,0,20769.34,0.00,no service,no service,0,,,
404,13,11,10265 11166 11308 15065 16095 17151 19094 20143 21093 66004 89002,46,21,2.86,30.00,84,58,252.47,3.26,A,D,0,0,,0,0,,,0,0,7731.55,0.00,no service,no service,0,,,
418,14,9,11166 11173 11308 15065 17151 20143 21093 66004 89002,45,16,3.75,30.00,72,40,172.78,31.47,A,D,0,0,,0,0,,,0,0,7250.67,0.00,no service,no service,0,,,
419,36,17,10260 10265 11166 11173 11299 11308 12490 15065 16095 16098 17096 17151 19094 20143 21093 66004 89002,67,31,1.94,20.00,112,69,831.62,4.71,A,C,0,0,,0,0,,,0,0,5631.02,0.00,no service,no service,0,,,
3002,18,14,10169 11068 11299 11365 13488 14288 15065 16060 17061 17180 17240 19028 27055 60007,77,32,1.88,15.00,115,24,375.44,4.75,A,B,0,0,,0,0,,,0,0,22276.80,0.00,no service,no service,0,,,
3011,7,1,60007,14,4,15.00,30.00,4,4,320.64,5.17,B,D,0,0,,0,0,,,0,0,20870.71,0.00,no service,no service,0,,,
3012,15,15,10169 11068 11299 11365 13488 14288 15065 16037 16060 17061 17180 17240 19028 27055 60007,78,27,2.22,20.00,116,23,126.99,6.82,A,C,0,0,,0,0,,,0,0,20588.97,0.00,no service,no service,0,,,
1905,5,5,17180 20020 26046 29088 45087,38,18,3.33,12.00,33,26,539.30,2.01,A,B,0,0,,0,0,,,0,0,24857.03,0.00,no service,no service,0,,217.00,Nazareth
2416,15,3,17053 19171 43015,22,8,7.50,30.00,18,17,120.34,20.88,A,D,0,0,,0,0,,,0,0,19776.53,0.00,no service,no service,0,,,
401,24,6,10169 10293 11068 11296 15109 17240,33,13,4.62,30.00,60,25,758.88,2.22,A,D,0,0,,0,0,,,0,0,12598.73,0.00,no service,no service,0,,,
1906,3,14,11334 16025 16027 17024 17026 18030 19028 19031 21022 21352 26034 28068 32074 34075,55,18,3.33,15.00,71,32,541.89,1.65,A,B,0,0,,0,0,,,0,0,21507.11,0.00,no service,no service,0,,217.00,Nazareth
318,31,19,10361 10500 10846 10980 11056 12364 12503 16037 16149 16380 17061 17066 18030 18147 20040 20152 21093 25014 25015,101,37,1.62,20.00,106,54,195.44,4.83,A,C,0,0,,0,0,,,0,0,27489.18,0.00,no service,no service,0,,,
2411,13,8,10202 10691 10692 10693 10694 10768 10921 11777,42,16,3.75,20.00,32,30,1054.31,0.27,A,C,0,0,,0,0,,,0,0,14305.70,0.00,no service,no service,0,,,
101,77,7,17027 18024 20028 23022 23036 25031 89001,32,15,4.00,12.00,14,13,390.67,4.28,A,B,0,0,,0,0,,,0,0,23824.29,0.00,no service,no service,0,,,
2213,15,14,10631 10826 10836 10845 10846 10960 10968 11184 13185 13297 14156 14157 16050 52019,83,30,2.00,15.00,80,47,414.77,3.03,A,B,0,0,,0,0,,,0,0,12601.53,0.00,no service,no service,0,,,
2105,47,22,10332 10335 10338 10348 10826 11331 11339 11358 11395 11431 12333 13426 14038 14352 17068 25012 34025 37009 50006 74015 80005 81004,199,82,0.73,8.57,103,50,77.02,50.01,A,A,0,0,,0,0,,,0,0,17207.54,0.00,no service,no service,0,,,
2110,32,10,10348 11358 11395 13426 34025 37009 50006 74015 80005 81004,98,39,1.54,10.00,21,18,81.74,43.39,A,A,0,0,,0,0,,,0,0,17485.38,0.00,no service,no service,0,,,
2108,18,17,10332 10335 10338 10348 10826 11331 11339 11358 11395 11431 12333 14038 14352 50006 74015 80005 81004,154,61,0.98,8.57,94,46,98.55,20.75,A,A,0,0,,0,0,,,0,0,18449.55,0.00,no service,no service,0,,,
2109,21,6,11358 13426 34025 50006 74015 80005,56,25,2.40,10.00,14,9,197.84,13.18,A,A,0,0,,0,0,,,0,0,18979.69,0.00,no service,no service,0,,,
2106,22,7,13426 34025 37009 50006 74015 80005 81004,86,35,1.71,12.00,14,13,227.49,20.96,A,B,0,0,,0,0,,,0,0,17532.21,0.00,no service,no service,0,,,
1106,17,22,10003 10008 10072 10091 10092 10093 10306 10430 10794 10998 12012 12773 13110 17095 20094 21029 21352 22090 24002 30001 35030 40074,75,39,1.54,10.00,79,35,317.37,4.77,A,A,0,0,,0,0,,,0,0,1962.55,0.00,no service,no service,0,,,
1104,34,18,10003 10008 10072 10091 10092 10093 10794 10996 10998 12012 13110 17095 20094 21029 22090 24002 30001 35030,56,29,2.07,10.00,47,23,316.23,15.22,A,A,0,0,,0,0,,,0,0,3771.00,0.00,no service,no service,0,,,
2102,81,10,10963 13242 13309 14310 15065 17068 19311 24067 25012 47014,60,24,2.50,10.00,47,31,694.30,6.33,A,A,0,0,,0,0,,,0,0,13035.29,0.00,no service,no service,0,,,
2220,27,3,15065 25012 47014,27,10,6.00,15.00,20,10,207.42,3.64,A,B,0,0,,0,0,,,0,0,8643.76,0.00,no service,no service,0,,,
1102,19,18,10306 10337 10342 10430 11167 11308 11334 11344 11434 12341 13309 15065 16353 17032 21352 26056 40074 66004,76,28,2.14,30.00,117,91,847.98,0.80,A,D,0,0,,0,0,,,0,0,6397.75,0.00,no service,no service,0,,215.00,Shefaram
1002,21,4,13171 13174 17096 26056,7,3,20.00,60.00,40,12,314.40,4.52,C,E,0,0,,0,0,,,0,0,10175.74,0.00,no service,no service,0,,216.00,Hamovil
315,23,12,10262 10263 10361 15039 16065 16380 17066 17067 19302 21057 21093 23292,71,24,2.50,15.00,57,43,211.22,6.56,A,B,0,0,,0,0,,,0,0,19430.68,0.00,no service,no service,0,,,
335,20,13,10262 10263 10361 10500 12503 15039 16380 17066 17067 19302 21057 21093 23292,103,39,1.54,15.00,85,58,337.02,4.24,A,B,0,0,,0,0,,,0,0,16098.53,0.00,no service,no service,0,,,
2005,40,21,10342 10356 10826 11440 11833 12341 12354 14038 17180 20016 24012 26034 26046 27005 27036 28068 32074 33039 34075 36002 45087,198,73,0.82,12.00,111,50,1740.45,4.22,A,B,0,0,,0,0,,,0,0,25605.03,0.00,no service,no service,0,,217.00,Nazareth
2002,21,37,10332 10335 10338 10342 10356 10826 10828 10955 11334 11431 12341 12354 14038 16025 16027 17024 17026 18030 19028 19031 19033 20020 21022 21352 22017 24012 26034 28068 29088 30003 32040 32074 33039 34075 36002 45087 46001,274,95,0.63,12.00,127,52,284.85,15.15,A,B,0,0,,0,0,,,0,0,21715.13,0.00,no service,no service,0,,217.00,Nazareth
2003,12,30,10332 10338 10342 10356 10826 10955 11431 11440 11833 12341 12354 14038 20016 20020 24012 26034 26046 27005 27036 29076 30003 30044 32040 32073 32074 33039 34075 36002 45087 46001,276,99,0.61,12.00,126,47,127.70,23.73,A,B,0,0,,0,0,,,0,0,22506.87,0.00,no service,no service,0,,217.00,Nazareth
2008,15,30,10332 10338 10342 10356 10826 10955 11431 11440 12341 12354 14038 20016 20020 24012 26034 26046 27005 27036 29076 29088 30003 30044 32040 32073 32074 33039 34075 36002 45087 46001,319,115,0.52,12.00,126,51,33.90,55.25,A,B,0,0,,0,0,,,0,0,22603.98,0.00,no service,no service,0,,217.00,Nazareth
2004,26,9,20016 26046 27005 27036 29076 30003 30044 32073 33039,110,40,1.50,12.00,23,22,1340.64,2.22,A,B,0,0,,0,0,,,0,0,24940.74,0.00,no service,no service,0,,217.00,Nazareth
2007,19,17,10356 10826 14038 20016 24012 26034 26046 27005 27036 29076 30003 30044 32073 32074 33039 36002 45087,184,67,0.90,12.00,60,37,27.05,39.51,A,B,0,0,,0,0,,,0,0,22482.04,0.00,no service,no service,0,,217.00,Nazareth
2011,26,33,10332 10338 10342 10356 10826 11308 11431 11440 11833 12341 12354 14038 16353 20016 21352 23045 24012 26034 27005 27036 29076 30003 30044 31052 32040 32073 32074 33039 36002 37056 42054 45087 56081,345,129,0.47,10.00,152,61,13.58,18.45,A,A,0,0,,0,0,,,0,0,22543.99,0.00,no service,no service,0,,217.00,Nazareth
2009,17,27,10332 10338 10342 10356 10826 10955 11431 11833 12341 14038 20016 24012 26034 26046 27005 27036 29076 30003 30044 32040 32073 32074 33039 34075 36002 37056 45087,284,103,0.58,12.00,118,49,82.20,33.73,A,B,0,0,,0,0,,,0,0,21993.54,0.00,no service,no service,0,,217.00,Nazareth
321,0,0,,0,0,,,0,0,903.50,0.00,no service,no service,0,0,,0,0,,,0,0,20741.47,0.00,no service,no service,0,,,
324,13,28,10260 10262 10263 10265 10846 10968 11368 13002 13003 13242 14004 14322 15090 16060 16065 17066 17285 18030 18041 18042 18098 19086 21057 21092 21094 23093 73005 78008,196,77,0.78,12.00,119,51,38.31,28.92,A,B,0,0,,0,0,,,0,0,20486.28,0.00,no service,no service,0,,,
326,39,63,400 405 407 409 440 442 443 444 445 447 10260 10262 10263 10265 10361 10500 10846 10968 10980 11056 11368 12364 12503 13002 13003 13242 14001 14004 15038 15039 15090 16037 16060 16065 16149 16380 17036 17061 17066 17067 17285 18030 18041 18042 18147 19084 19086 20040 20085 20152 21035 21057 21092 21093 21094 22058 25014 25015 26012 26052 30077 73005 78008,297,114,0.53,12.00,171,85,113.66,23.51,A,B,0,0,,0,0,,,0,0,19826.10,0.00,no service,no service,0,,,
327,9,25,10260 10262 10263 10265 10846 10968 11368 13002 13003 13242 14001 14004 15090 16060 16065 17066 17285 18030 18041 18042 18095 18097 18098 19086 21057,176,70,0.86,12.00,102,53,91.40,11.63,A,B,0,0,,0,0,,,0,0,19933.85,0.00,no service,no service,0,,,
328,9,7,13002 19084 19086 20085 21094 73005 78008,44,16,3.75,20.00,14,13,147.78,8.90,A,C,0,0,,0,0,,,0,0,19056.34,0.00,no service,no service,0,,,
331,7,27,10260 10262 10263 10265 10846 10968 11368 13002 13003 13242 14001 14004 14322 15090 16060 16065 17066 17285 18030 18041 18042 18095 18098 19084 21057 21094 78008,164,61,0.98,12.00,114,59,197.67,7.61,A,B,0,0,,0,0,,,0,0,18229.69,0.00,no service,no service,0,,,
332,12,10,10262 10263 11368 14004 15090 18042 18095 18098 20085 78008,65,25,2.40,15.00,39,31,57.18,12.98,A,B,0,0,,0,0,,,0,0,17802.36,0.00,no service,no service,0,,,
301,42,21,10361 10500 10846 10980 10982 11056 11365 11440 11991 12364 12503 15038 16037 16149 16380 17061 18030 18147 18148 20040 30077,75,29,2.07,20.00,100,49,228.72,1.17,A,C,0,0,,0,0,,,0,0,24604.54,0.00,no service,no service,0,,,
309,9,1,15039,3,1,60.00,60.00,7,7,153.71,1.88,E,E,0,0,,0,0,,,0,0,14887.78,0.00,no service,no service,0,,,
305,13,9,10260 10265 10846 10968 13242 16060 18041 18042 23292,35,15,4.00,30.00,60,42,754.05,1.06,A,D,0,0,,0,0,,,0,0,17512.09,0.00,no service,no service,0,,,
236,5,20,10048 10262 10263 10361 10500 11061 11064 11068 11564 12503 13311 15109 16095 16380 17282 19035 19302 20143 21148 25284,89,30,2.00,20.00,44,39,516.98,1.17,A,C,0,0,,0,0,,,0,0,9182.01,0.00,no service,no service,0,,,
1001,5,6,10846 10968 12490 13242 16058 26056,18,7,8.57,30.00,42,24,955.98,0.61,A,D,0,0,,0,0,,,0,0,9662.44,0.00,no service,no service,0,,,
2404,16,8,10045 10046 10047 10049 13091 13110 19148 37044,109,43,1.40,12.00,51,33,108.40,45.55,A,B,0,0,,0,0,,,0,0,3081.96,0.00,no service,no service,0,,201.00,TiratCarmel
2405,9,7,10045 10047 10049 13091 13110 19148 37044,104,41,1.46,12.00,53,34,96.42,38.20,A,B,0,0,,0,0,,,0,0,3233.05,0.00,no service,no service,0,,201.00,TiratCarmel
2406,10,7,10045 10047 10049 13091 13110 19148 37044,105,42,1.43,10.00,53,33,156.90,15.54,A,A,0,0,,0,0,,,0,0,3752.81,0.00,no service,no service,0,,201.00,TiratCarmel
2407,15,7,10045 10047 10049 13091 13110 19148 37044,108,43,1.40,10.00,53,29,111.53,16.41,A,A,0,0,,0,0,,,0,0,4475.42,0.00,no service,no service,0,,201.00,TiratCarmel
2204,10,11,13407 17068 20009 20074 21075 22090 26085 28011 29087 31082 33080,44,20,3.00,20.00,16,13,253.98,5.95,A,C,0,0,,0,0,,,0,0,6171.30,0.00,no service,no service,0,,,
2205,40,27,10332 10335 10338 10432 10505 10826 11331 11336 11339 11358 12301 12333 13360 13407 17068 20009 20074 21075 22090 23013 24021 24086 26085 28011 29087 31082 33080,168,70,0.86,10.00,90,64,163.94,18.69,A,A,0,0,,0,0,,,0,0,6662.71,0.00,no service,no service,0,,,
2206,60,11,10335 10432 13407 20009 21075 23013 24021 24086 29087 31082 33080,41,22,2.73,20.00,12,11,293.89,23.79,A,C,0,0,,0,0,,,0,0,6117.38,0.00,no service,no service,0,,,
1803,12,19,10007 10070 10072 10076 10077 10078 10146 10293 10332 11299 11331 11339 12181 12333 13110 15296 30027 40074 52005,162,70,0.86,6.00,101,72,44.56,40.29,A,A,2,1,52005,21,10,6.00,6.00,15,15,154.13,6.72,A,A,1,Metronit 5 (orange),,
1804,19,6,10070 10071 10076 10077 10078 10146,54,20,3.00,15.00,24,22,20.68,46.48,A,B,0,0,,0,0,,,0,0,442.82,0.00,no service,no service,0,,,
1806,20,6,10070 10071 10077 10078 10146 13112,78,31,1.94,12.00,42,35,108.14,55.01,A,B,0,0,,0,0,,,0,0,588.63,0.00,no service,no service,0,,,
1817,19,4,10070 10077 10078 13112,58,24,2.50,12.00,38,30,44.89,66.63,A,B,0,0,,0,0,,,0,0,606.34,0.00,no service,no service,0,,,
1805,51,16,10071 10076 10077 10078 10146 10293 10337 10796 11173 11299 11334 11774 12333 13112 13174 15296,112,52,1.15,8.57,51,37,116.09,32.36,A,A,0,0,,0,0,,,0,0,1324.92,0.00,no service,no service,0,,,
801,1,4,10080 10098 16097 19099,5,0,,,0,0,166.60,4.64,no service,no service,0,0,,0,0,,,0,0,193.23,0.00,no service,no service,0,,303.00,KiryatYam B+C
802,9,30,12 20 22 23 25 27 100 102 103 105 107 152 153 154 155 157 400 403 405 407 440 442 443 444 445 447 10080 10098 16097 28023,59,20,3.00,10.00,38,33,83.04,16.61,A,A,0,0,,0,0,,,0,0,336.67,0.00,no service,no service,0,,303.00,KiryatYam B+C
804,21,29,12 100 102 103 105 107 152 153 154 155 157 400 440 442 443 444 445 447 10013 10080 10098 11008 11093 14137 16097 25026 28023 40015 67003,181,72,0.83,2.61,85,71,56.17,24.93,A,A,6,1,67003,41,23,2.61,2.61,23,17,111.85,7.12,A,A,1,Metronit 3 (green),304.00,KiryatHaim West
803,23,5,10013 11093 14137 25026 40015,89,33,1.82,10.00,60,47,72.00,29.10,A,A,0,0,,0,0,,,0,0,745.16,0.00,no service,no service,0,,,
807,7,2,10013 25026,53,19,3.16,12.00,31,31,73.62,24.33,A,B,0,0,,0,0,,,0,0,643.46,0.00,no service,no service,0,,304.00,KiryatHaim West
805,0,0,,0,0,,,0,0,316.93,0.00,no service,no service,0,0,,0,0,,,0,0,736.42,0.00,no service,no service,0,,,
806,1,21,10251 10262 10265 10271 10272 10342 10361 10500 11167 11170 11344 11434 12503 13171 16380 17145 17282 25284 27024 30022 40052,104,37,1.62,12.00,142,72,348.25,2.16,A,B,0,0,,0,0,,,0,0,400.46,0.00,no service,no service,0,,104.00,KiryatHaim
1311,10,18,10006 10017 10040 10083 10123 10332 11080 11096 11236 11331 12080 12081 14217 19148 25041 52082 67002 83001,249,99,0.61,6.00,143,115,71.15,39.32,A,A,4,2,67002 83001,106,40,1.50,6.00,29,25,71.15,15.73,A,A,1,Metronit 2 (blue); Metronit 1 (red),209.00,Namal-Giborim
1305,2,1,10006,3,1,60.00,60.00,7,7,167.24,17.13,E,E,0,0,,0,0,,,0,0,329.55,0.00,no service,no service,0,,,
1302,13,24,10016 10017 10018 10021 10024 10028 10034 10036 10037 10783 10793 10797 10798 11003 11012 11136 11236 11331 11791 12793 13112 35058 67002 83001,403,159,0.38,5.45,140,98,113.53,55.77,A,A,4,2,67002 83001,106,40,1.50,5.45,30,20,113.53,17.16,A,A,1,Metronit 2 (blue); Metronit 1 (red),207.00,Hamoshava
1504,1,2,11236 11331,10,3,20.00,30.00,1,1,167.90,5.48,C,D,0,0,,0,0,,,0,0,278.42,0.00,no service,no service,0,,206.00,BatGalim-KiryatEliezer
1506,14,23,10016 10017 10018 10021 10024 10028 10036 10037 10040 10042 10043 10099 10797 11003 11012 11136 11331 11792 11799 12224 12793 67002 83001,401,153,0.39,6.00,149,96,47.66,54.77,A,A,2,2,67002 83001,107,39,1.54,6.00,30,19,170.39,7.82,A,A,1,Metronit 2 (blue); Metronit 1 (red),206.00,BatGalim-KiryatEliezer
1509,15,10,10017 10024 10031 10043 11003 13110 13112 19148 25051 83001,150,55,1.09,6.00,113,79,50.95,41.37,A,A,1,1,83001,29,10,6.00,6.00,20,13,531.26,2.76,A,A,1,Metronit 1 (red),,
1510,10,10,10017 10024 10031 10043 11003 13110 13112 19148 25051 83001,241,90,0.67,6.00,128,96,43.59,21.29,A,A,5,1,83001,54,20,3.00,6.00,25,18,118.90,10.65,A,A,1,Metronit 1 (red),205.00,EinHayam
1511,10,7,10025 10030 10031 10032 10115 11003 25051,141,54,1.11,8.57,60,55,207.99,27.61,A,A,0,0,,0,0,,,0,0,398.53,0.00,no service,no service,0,,204.00,Hecht-Shprintzak
1513,18,7,10025 10030 10031 10115 11003 12088 25051,142,61,0.98,6.67,62,58,82.67,39.93,A,A,0,0,,0,0,,,0,0,800.92,0.00,no service,no service,0,,204.00,Hecht-Shprintzak
1512,17,11,10017 10024 10025 10030 10043 10115 13110 13112 19148 25051 83001,271,99,0.61,6.00,131,90,37.17,27.57,A,A,2,1,83001,54,20,3.00,6.00,25,18,385.65,3.24,A,A,1,Metronit 1 (red),204.00,Hecht-Shprintzak
1514,24,13,10017 10024 10030 10043 10115 11003 11792 11799 12088 13110 13112 19148 83001,263,97,0.62,6.00,127,85,93.03,37.81,A,A,2,1,83001,54,20,3.00,6.00,25,17,474.71,3.15,A,A,1,Metronit 1 (red),203.00,HofCarmel-NeveDavid
1610,15,2,10033 10034,23,8,7.50,15.00,14,14,65.69,19.16,A,B,0,0,,0,0,,,0,0,1247.93,0.00,no service,no service,0,,,
1611,13,17,10028 10031 10033 10037 10082 10131 10132 10133 10795 11012 11136 11791 12092 12093 13090 25051 35058,193,79,0.76,6.67,84,83,167.03,20.68,A,A,0,0,,0,0,,,0,0,1803.16,0.00,no service,no service,0,,,
1612,5,5,10089 11080 12081 12092 25051,27,13,4.62,12.00,19,19,139.22,12.57,A,B,0,0,,0,0,,,0,0,1368.50,0.00,no service,no service,0,,,
1613,6,4,10010 10089 12092 25051,26,11,5.45,15.00,27,24,40.28,17.71,A,B,0,0,,0,0,,,0,0,1064.78,0.00,no service,no service,0,,,
1632,7,7,10030 10033 10076 10098 11003 11012 12088,68,25,2.40,12.00,60,54,112.15,38.60,A,B,0,0,,0,0,,,0,0,754.07,0.00,no service,no service,0,,,
1608,17,26,10028 10030 10031 10032 10033 10034 10037 10082 10089 10099 10131 10132 10133 10795 11003 11012 11080 11136 11791 12081 12088 12093 13090 25051 35058 93001,292,121,0.50,6.67,101,93,87.66,44.29,A,A,0,0,,0,0,,,0,0,1188.92,0.00,no service,no service,0,,,
1630,12,21,10028 10031 10033 10034 10037 10082 10089 10131 10132 10133 10795 11012 11080 11136 11791 12081 12088 12093 13090 25051 35058,222,97,0.62,6.00,91,84,71.17,41.22,A,A,0,0,,0,0,,,0,0,1666.90,0.00,no service,no service,0,,,
1607,32,4,10034 11003 12088 25051,63,24,2.50,12.00,46,45,131.17,29.88,A,B,0,0,,0,0,,,0,0,1451.77,0.00,no service,no service,0,,,
1605,8,3,11003 12088 25051,50,19,3.16,12.00,39,39,119.69,15.34,A,B,0,0,,0,0,,,0,0,1672.71,0.00,no service,no service,0,,,
1604,11,4,10030 11003 12088 25051,67,28,2.14,6.67,43,42,102.83,19.74,A,A,0,0,,0,0,,,0,0,1216.78,0.00,no service,no service,0,,,
1602,20,11,10006 10025 10030 10031 10032 10034 10099 10115 10795 12093 35058,115,50,1.20,8.57,59,53,153.29,40.82,A,A,0,0,,0,0,,,0,0,855.44,0.00,no service,no service,0,,,
1404,10,8,10006 10034 10040 10042 10099 13110 19148 35058,77,31,1.94,15.00,81,71,87.80,46.92,A,B,0,0,,0,0,,,0,0,607.12,0.00,no service,no service,0,,,
1406,5,5,10016 10024 10028 10037 25041,50,20,3.00,10.00,26,26,29.37,44.03,A,A,0,0,,0,0,,,0,0,388.59,0.00,no service,no service,0,,,
1414,12,18,10010 10016 10024 10076 10083 10098 10131 10132 10133 10970 10972 11003 11012 11081 11088 12080 12224 52082,147,56,1.07,12.00,86,82,24.50,54.91,A,B,0,0,,0,0,,,0,0,527.86,0.00,no service,no service,0,,,
1418,13,14,10010 10016 10024 10076 10083 10098 10970 10972 11003 11081 11088 12090 12224 52082,96,36,1.67,12.00,71,67,53.70,71.12,A,B,0,0,,0,0,,,0,0,490.62,0.00,no service,no service,0,,,
1411,8,28,10010 10016 10018 10024 10025 10028 10036 10037 10040 10042 10083 10115 10131 10132 10133 10970 10972 11003 11012 11088 12080 12224 13110 13112 19148 25041 52005 67003,277,104,0.58,5.45,109,95,146.59,43.48,A,A,2,2,52005 67003,49,17,3.53,5.45,30,19,187.27,10.87,A,A,1,Metronit 5 (orange); Metronit 3 (green),,
1402,8,18,10006 10025 10028 10037 10040 10042 10115 10793 10797 10798 11012 12793 13110 19148 25041 52005 67003 93001,271,106,0.57,5.00,124,99,52.85,85.22,A,A,1,2,52005 67003,50,18,3.33,5.00,28,19,205.05,10.65,A,A,1,Metronit 5 (orange); Metronit 3 (green),,
1416,5,22,10006 10010 10016 10018 10019 10024 10025 10036 10040 10042 10115 10793 11003 11013 12224 12793 13110 13112 19148 25041 52005 67003,279,106,0.57,5.45,127,116,58.00,51.48,A,A,1,2,52005 67003,49,17,3.53,5.45,27,18,73.09,10.30,A,A,1,Metronit 5 (orange); Metronit 3 (green),,
1408,6,17,10006 10010 10018 10019 10025 10036 10040 10042 10115 11003 11013 13110 13112 19148 25041 52005 67003,185,71,0.85,5.45,99,90,34.63,48.07,A,A,2,2,52005 67003,50,17,3.53,5.45,26,18,181.57,16.02,A,A,1,Metronit 5 (orange); Metronit 3 (green),,
1410,6,24,10006 10010 10018 10019 10025 10036 10040 10042 10083 10098 10115 10131 10132 10133 11003 11013 12080 13110 13112 16097 19148 25041 52005 67003,322,122,0.49,5.00,133,124,57.22,55.35,A,A,2,2,52005 67003,51,18,3.33,5.00,30,22,87.48,18.45,A,A,1,Metronit 5 (orange); Metronit 3 (green),,
1415,5,11,10010 10098 10132 10133 10794 10970 10972 11003 11012 11088 16097,43,17,3.53,15.00,38,37,110.10,36.29,A,B,0,0,,0,0,,,0,0,189.60,0.00,no service,no service,0,,,
1405,4,5,10010 10089 10970 10972 12092,9,4,15.00,60.00,19,16,134.91,9.71,B,E,0,0,,0,0,,,0,0,769.50,0.00,no service,no service,0,,,
1701,2,1,11013,5,2,30.00,30.00,11,11,76.47,39.34,D,D,0,0,,0,0,,,0,0,226.29,0.00,no service,no service,0,,,
1702,5,9,10017 10018 10019 10036 10123 11013 11080 11096 12081,142,60,1.00,6.00,71,67,19.70,78.75,A,A,0,0,,0,0,,,0,0,207.90,0.00,no service,no service,0,,,
1703,5,9,10040 10042 10098 11080 11096 12081 13112 16097 17032,56,22,2.73,12.00,68,64,62.12,59.71,A,B,0,0,,0,0,,,0,0,276.59,0.00,no service,no service,0,,,
1705,12,11,10017 10018 10019 10020 10036 10038 10123 11013 11080 11096 12081,161,65,0.92,6.67,74,73,64.26,65.97,A,A,0,0,,0,0,,,0,0,659.69,0.00,no service,no service,0,,,
1731,0,0,,0,0,,,0,0,207.50,0.00,no service,no service,0,0,,0,0,,,0,0,305.06,0.00,no service,no service,0,,,
1714,5,4,10020 10038 43086 52082,25,11,5.45,10.00,31,30,39.18,36.69,A,A,0,0,,0,0,,,0,0,535.85,0.00,no service,no service,0,,,
1713,2,10,10017 10018 10019 10028 10036 10038 10123 11088 12080 12090,96,39,1.54,6.00,54,49,82.27,33.93,A,A,0,0,,0,0,,,0,0,863.55,0.00,no service,no service,0,,,
1706,5,13,10017 10018 10019 10028 10036 10038 10123 10783 11080 11088 11096 12080 12090,129,52,1.15,6.67,76,69,96.18,69.66,A,A,0,0,,0,0,,,0,0,664.37,0.00,no service,no service,0,,,
1707,5,13,10017 10018 10019 10028 10036 10038 10123 10783 11080 11088 11096 12080 12090,169,67,0.90,6.67,85,79,89.96,43.69,A,A,0,0,,0,0,,,0,0,554.84,0.00,no service,no service,0,,,
1708,10,5,10020 10028 10036 10038 12081,55,23,2.61,10.00,62,56,27.59,90.97,A,A,0,0,,0,0,,,0,0,408.92,0.00,no service,no service,0,,,
1712,8,27,10017 10018 10019 10031 10036 10038 10076 10077 10142 10293 10337 10796 11173 11294 11299 11334 11774 12011 12333 13174 14217 15144 15296 16050 17145 21055 80001,188,82,0.73,7.50,116,97,105.69,38.37,A,A,0,0,,0,0,,,0,0,1163.66,0.00,no service,no service,0,,,
1717,0,0,,0,0,,,0,0,87.87,0.00,no service,no service,0,0,,0,0,,,0,0,1502.53,0.00,no service,no service,0,,,
1715,19,11,10020 10036 11009 11094 11096 11774 15144 16050 17145 19148 21055,83,31,1.94,12.00,97,68,101.39,43.32,A,B,0,0,,0,0,,,0,0,1213.63,0.00,no service,no service,0,,,
1716,11,30,10016 10017 10018 10019 10020 10028 10031 10036 10038 10076 10077 10123 10337 10972 11009 11080 11094 11096 11334 11774 12011 12081 12333 14217 15144 15296 17145 19148 21055 80001,240,99,0.61,7.50,139,115,134.58,41.94,A,A,0,0,,0,0,,,0,0,857.37,0.00,no service,no service,0,,,
1711,11,17,10016 10028 10076 10077 10783 11009 11136 11236 12090 14137 14217 15144 17145 19148 25051 37044 62004,243,93,0.65,6.00,150,138,51.17,39.73,A,A,2,1,62004,56,20,3.00,6.00,12,11,327.03,7.22,A,A,1,Metronit 4 (purple),,
1710,6,8,10016 10024 11009 11136 11236 14137 25051 37044,67,25,2.40,15.00,57,46,61.59,19.40,A,B,0,0,,0,0,,,0,0,351.36,0.00,no service,no service,0,,,
1618,14,13,10024 10028 10031 10123 11080 11094 11136 11236 12011 12081 12224 14137 37044,154,66,0.91,7.50,121,108,143.35,33.88,A,A,0,0,,0,0,,,0,0,1011.65,0.00,no service,no service,0,,,
1614,17,13,10016 10024 10076 10089 11080 11136 11236 12081 12092 12224 14137 25051 37044,103,41,1.46,12.00,76,68,73.99,32.78,A,B,0,0,,0,0,,,0,0,1015.76,0.00,no service,no service,0,,,
1615,8,14,10024 10028 10031 10089 10123 11012 11080 11136 11236 12011 12081 14137 25051 37044,101,45,1.33,10.00,87,70,86.19,22.18,A,A,0,0,,0,0,,,0,0,1712.67,0.00,no service,no service,0,,,
1616,21,23,10024 10028 10029 10031 10037 10082 10123 10131 10132 10133 10795 11012 11095 11136 11236 11791 12011 12093 13090 14137 35058 37044 51054,282,119,0.50,6.00,135,119,45.41,26.37,A,A,0,0,,0,0,,,0,0,1610.76,0.00,no service,no service,0,,,
1626,7,3,10029 10082 11095,10,5,12.00,30.00,17,12,83.23,23.34,B,D,0,0,,0,0,,,0,0,2203.58,0.00,no service,no service,0,,,
1619,16,4,10029 10082 11095 12224,11,6,10.00,15.00,20,16,27.83,36.49,A,B,0,0,,0,0,,,0,0,1505.13,0.00,no service,no service,0,,,
1617,11,8,10020 10024 10029 10082 11094 11095 11136 12224,57,23,2.61,12.00,54,44,62.67,34.44,A,B,0,0,,0,0,,,0,0,1287.46,0.00,no service,no service,0,,,
1625,7,27,10020 10029 10036 10039 10082 10293 10337 10796 11009 11094 11095 11096 11173 11294 11299 11334 11774 12224 12333 13174 13297 15144 15296 16050 17145 19148 21055,107,46,1.30,12.00,112,75,92.09,25.82,A,B,0,0,,0,0,,,0,0,1640.44,0.00,no service,no service,0,,,
1622,11,10,10020 10036 10039 10146 11009 15144 16050 17145 19148 21055,55,20,3.00,12.00,90,55,209.93,26.49,A,B,0,0,,0,0,,,0,0,2142.95,0.00,no service,no service,0,,,
1623,42,31,10024 10036 10037 10039 10146 10293 10337 10795 10796 11095 11173 11236 11294 11299 11334 11774 11791 12224 12333 13174 13297 14137 15144 15296 16050 17145 19148 21055 25027 35058 51054,209,89,0.67,6.00,147,86,105.65,14.02,A,A,0,0,,0,0,,,0,0,2902.69,0.00,no service,no service,0,,,
907,21,9,10096 15144 16072 23025 25026 27024 28023 30022 30027,124,48,1.25,10.00,75,42,100.15,35.00,A,A,0,0,,0,0,,,0,0,500.31,0.00,no service,no service,0,,,
908,10,12,10080 10998 11087 15073 15144 16072 21029 25026 30022 30027 35030 36021,99,38,1.58,12.00,62,53,70.26,25.49,A,B,0,0,,0,0,,,0,0,969.20,0.00,no service,no service,0,,,
903,7,17,10080 10168 10169 10255 10998 11165 11166 12341 16072 16074 21029 23025 27024 28023 35030 36021 67002,163,62,0.97,6.00,101,82,190.44,14.45,A,A,2,1,67002,52,19,3.16,6.00,20,17,338.10,4.13,A,A,1,Metronit 2 (blue),213.00,KiryatAta North
909,16,20,10066 10080 10168 10169 10255 11087 11090 11166 12341 15073 15144 16072 16074 23025 25026 27024 28023 30022 30027 36021,167,64,0.94,10.00,96,76,24.67,14.88,A,A,0,0,,0,0,,,0,0,1676.40,0.00,no service,no service,0,,,
1909,33,34,10335 11308 11344 12333 16025 16027 16058 16353 17024 17026 18009 18030 19028 19031 19033 20016 21022 21352 22013 22017 23007 23015 24018 25006 27005 28068 29057 29088 37023 37056 42054 45087 46001 56081,286,103,0.58,12.00,142,66,98.65,26.49,A,B,0,0,,0,0,,,0,0,20654.91,0.00,no service,no service,0,,217.00,Nazareth
1929,9,48,10335 10342 10356 11308 11431 11440 11833 12333 12341 12354 14038 16025 16027 16058 16353 17024 17026 18009 18030 19028 19031 19033 20016 20020 21022 21352 22017 23007 23015 24012 24018 25006 26034 26046 27005 29057 29076 29088 30003 32040 33039 34075 36002 37023 37056 45087 46001 56081,369,127,0.47,12.00,166,67,256.70,18.58,A,B,0,0,,0,0,,,0,0,21167.53,0.00,no service,no service,0,,217.00,Nazareth
1926,12,44,10332 10338 10356 10826 11308 11431 11440 11833 12354 12720 14038 16025 16027 16058 16353 17024 17026 18009 18030 19028 19031 20020 21022 21352 22013 22017 23007 23015 23045 24018 25006 26046 27005 27036 29057 30003 31052 36002 37023 37056 42054 45087 46001 56081,356,126,0.48,12.00,148,62,177.95,13.55,A,B,0,0,,0,0,,,0,0,21172.94,0.00,no service,no service,0,,217.00,Nazareth
1928,7,35,10335 10955 11331 11336 11339 11344 12333 12720 16025 16027 16058 17024 17026 18009 18030 19028 19031 19033 20020 21022 22017 23007 23015 23045 24018 25006 26046 27005 29057 29088 30003 37023 42054 45087 46001,341,125,0.48,12.00,145,65,105.36,37.90,A,B,0,0,,0,0,,,0,0,20536.82,0.00,no service,no service,0,,217.00,Nazareth
1908,12,14,11334 16025 16027 17024 17026 18030 19028 19031 21022 21352 24018 28068 29057 42054,70,22,2.73,20.00,76,29,120.12,36.14,A,C,0,0,,0,0,,,0,0,20025.34,0.00,no service,no service,0,,217.00,Nazareth
1923,31,10,11308 16058 16353 18009 24018 25006 29057 37023 37056 42054,89,29,2.07,20.00,55,31,93.55,43.89,A,C,0,0,,0,0,,,0,0,19583.33,0.00,no service,no service,0,,217.00,Nazareth
1924,63,19,10342 11308 11344 12341 16058 16353 18009 22013 23015 25006 28068 29088 30092 31052 37023 37056 42054 45087 56081,162,64,0.94,15.00,79,55,171.16,12.27,A,B,0,0,,0,0,,,0,0,18371.13,0.00,no service,no service,0,,217.00,Nazareth
1930,18,25,10332 10335 10338 10826 11331 11336 11339 11431 12333 14352 19031 19033 22013 23007 23045 24018 26046 27036 30003 30092 31052 37023 37091 42054 46001,233,82,0.73,15.00,95,56,19.23,46.38,A,B,0,0,,0,0,,,0,0,20169.89,0.00,no service,no service,0,,217.00,Nazareth
1931,20,23,10332 10335 10338 10826 11331 11336 11339 11431 12333 14038 14352 18009 22013 23007 24018 26046 27036 30003 30092 31052 37091 46001 56081,212,77,0.78,15.00,103,53,162.16,29.09,A,B,0,0,,0,0,,,0,0,20527.67,0.00,no service,no service,0,,217.00,Nazareth
3001,29,6,11296 16058 23292 38002 49001 74005,44,15,4.00,20.00,30,15,515.51,6.30,A,C,0,0,,0,0,,,0,0,20177.38,0.00,no service,no service,0,,,
3004,11,2,38002 74005,22,8,7.50,20.00,6,6,13.63,13.20,A,C,0,0,,0,0,,,0,0,18633.32,0.00,no service,no service,0,,,
3008,12,16,10169 11068 11296 11299 11365 15065 16037 16058 16060 17240 19028 23292 26056 38002 49001 74005,104,34,1.76,30.00,126,35,100.46,18.05,A,D,0,0,,0,0,,,0,0,17594.08,0.00,no service,no service,0,,,
3009,15,20,10169 11068 11296 11299 11365 13488 14288 15065 16037 16058 16060 17180 17240 19028 23292 26056 27055 38002 49001 74005,120,47,1.28,15.00,137,30,329.97,7.52,A,B,0,0,,0,0,,,0,0,19242.30,0.00,no service,no service,0,,,
214,11,4,12002 13252 59005 91004,60,24,2.50,10.00,26,15,145.98,27.96,A,A,0,0,,0,0,,,0,0,7815.72,0.00,no service,no service,0,,,
215,12,2,12002 59005,38,14,4.29,12.00,11,11,61.78,28.32,A,B,0,0,,0,0,,,0,0,7142.61,0.00,no service,no service,0,,,
216,25,19,10263 10361 11061 11064 11068 11564 12002 13252 13311 15109 16095 16353 19035 19302 20143 21148 59005 77003 91004,186,72,0.83,8.57,111,55,155.81,22.16,A,A,0,0,,0,0,,,0,0,7655.01,0.00,no service,no service,0,,,
605,6,24,10251 10262 10265 10271 10272 10281 10342 10361 10500 11011 11167 11170 11344 11434 12503 13171 13252 16380 17282 23025 25284 27024 30022 40015,246,88,0.68,10.00,177,112,32.47,28.31,A,A,0,0,,0,0,,,0,0,344.09,0.00,no service,no service,0,,103.00,KiryatBialik Center
603,13,5,11011 11092 30022 40015 40052,90,34,1.76,10.00,40,33,115.36,28.26,A,A,0,0,,0,0,,,0,0,601.43,0.00,no service,no service,0,,,
606,5,4,11092 30022 40015 40052,72,27,2.22,12.00,38,35,112.42,24.01,A,B,0,0,,0,0,,,0,0,718.34,0.00,no service,no service,0,,,
607,11,7,10012 11011 11092 17145 30022 40015 40052,131,48,1.25,10.00,61,45,105.08,32.07,A,A,0,0,,0,0,,,0,0,426.25,0.00,no service,no service,0,,103.00,KiryatBialik Center
609,5,4,10012 11092 30022 40052,77,28,2.14,12.00,39,39,161.13,28.39,A,B,0,0,,0,0,,,0,0,786.21,0.00,no service,no service,0,,,
611,5,5,10012 11092 17145 30022 40052,87,32,1.88,10.00,52,46,80.34,35.79,A,A,0,0,,0,0,,,0,0,747.20,0.00,no service,no service,0,,,
610,1,4,10012 11092 17145 30022,28,10,6.00,12.00,18,18,222.21,5.50,A,B,0,0,,0,0,,,0,0,468.60,0.00,no service,no service,0,,103.00,KiryatBialik Center
608,4,29,10012 10013 10084 10251 10262 10265 10271 10272 10281 10342 10361 10500 11011 11167 11170 11344 11434 12503 13171 13252 16380 17282 23025 25284 27024 40015 49014 62004 83001,320,114,0.53,6.00,161,106,233.92,18.52,A,A,2,2,62004 83001,109,40,1.50,6.00,25,12,416.48,9.26,A,A,1,Metronit 4 (purple); Metronit 1 (red),103.00,KiryatBialik Center
612,12,31,10012 10013 10084 10251 10262 10265 10271 10272 10281 10342 10361 10500 11092 11167 11170 11344 11434 12503 13171 13252 16380 17145 17282 23025 25284 27024 30022 40052 49014 62004 83001,388,141,0.43,6.00,208,124,227.79,31.07,A,A,4,2,62004 83001,111,40,1.50,6.00,25,14,307.39,10.36,A,A,1,Metronit 4 (purple); Metronit 1 (red),104.00,KiryatHaim
405,20,11,11165 11308 15065 16098 17096 17151 20143 26001 66004 89002 91003,50,18,3.33,20.00,49,28,381.78,6.91,A,C,0,0,,0,0,,,0,0,6799.31,0.00,no service,no service,0,,215.00,Shefaram
406,20,15,10168 10169 10265 11166 11170 11173 12490 16095 16098 16157 19094 20143 21093 26001 91003,48,19,3.16,20.00,76,39,465.07,4.55,A,C,0,0,,0,0,,,0,0,4516.97,0.00,no service,no service,0,,215.00,Shefaram
407,33,18,10797 11165 11167 11172 11173 11308 13171 13174 15065 16098 17096 17151 20143 26001 26056 66004 89002 91003,88,32,1.88,20.00,96,65,135.85,35.75,A,C,0,0,,0,0,,,0,0,4620.02,0.00,no service,no service,0,,215.00,Shefaram
403,29,15,10168 10260 10265 10307 11170 11299 12490 13242 15065 16058 18088 20045 26056 43018 44017,76,32,1.88,20.00,85,66,377.72,3.61,A,C,0,0,,0,0,,,0,0,9892.00,0.00,no service,no service,0,,,
412,16,14,10168 10293 10307 11170 11296 11308 12490 16157 18088 20143 21057 43018 44017 66004,85,33,1.82,20.00,98,57,218.08,7.69,A,C,0,0,,0,0,,,0,0,7827.53,0.00,no service,no service,0,,,
413,13,5,10168 11170 18088 43018 44017,39,15,4.00,20.00,26,22,428.27,4.43,A,C,0,0,,0,0,,,0,0,10525.58,0.00,no service,no service,0,,,
415,19,13,10168 10293 10307 11170 11296 11308 12490 16157 18088 20143 21057 44017 66004,72,28,2.14,20.00,98,48,48.02,15.03,A,C,0,0,,0,0,,,0,0,8839.67,0.00,no service,no service,0,,,
112,23,6,18061 18064 23008 33004 39018 45016,73,27,2.22,15.00,12,12,67.99,23.43,A,B,0,0,,0,0,,,0,0,16978.98,0.00,no service,no service,0,,,
105,30,27,10048 10281 10367 11368 14039 16041 16044 16045 16046 17042 17047 18040 18061 18064 19062 22147 23008 23036 23037 23049 23050 26053 30055 33004 35003 39018 45016,167,60,1.00,15.00,79,54,137.92,29.80,A,B,0,0,,0,0,,,0,0,15793.11,0.00,no service,no service,0,,,
115,10,13,17027 18024 18061 18064 19062 20028 23008 23022 25031 29005 33004 35003 45016,105,40,1.50,12.00,20,18,17.55,12.20,A,B,0,0,,0,0,,,0,0,16965.41,0.00,no service,no service,0,,,
106,30,53,10 12 20 22 23 25 27 100 102 105 107 109 152 153 155 157 10048 10271 10272 10281 10367 11368 14039 16041 16044 16045 16046 17027 17042 17047 18024 18040 18061 18064 19062 19099 20028 22147 23008 23022 23036 23037 23049 23050 25031 26053 29005 29030 30055 33004 35003 39018 45016,260,95,0.63,10.00,98,66,44.74,36.63,A,A,0,0,,0,0,,,0,0,16240.27,0.00,no service,no service,0,,,
116,5,10,10271 10272 10281 18061 18064 19062 23008 29005 29030 39018,86,32,1.88,15.00,34,29,116.73,10.10,A,B,0,0,,0,0,,,0,0,15661.89,0.00,no service,no service,0,,,
2501,6,6,13085 13701 21070 22003 26002 34024,20,8,7.50,30.00,16,12,154.81,2.68,A,D,0,0,,0,0,,,0,0,21232.62,0.00,no service,no service,0,,,
2503,33,23,10060 10202 10693 10694 10708 10710 10768 10921 11070 13085 13701 16001 17053 17173 19171 21070 22003 26002 32022 34024 43023 49021 57005,96,38,1.58,20.00,40,39,177.56,8.68,A,C,0,0,,0,0,,,0,0,22321.84,0.00,no service,no service,0,,,
2504,31,18,10060 11070 13085 13701 14156 14157 16001 19171 22003 23090 26002 28084 32022 34024 35090 43023 49021 57005,55,26,2.31,20.00,25,21,1070.26,1.55,A,C,0,0,,0,0,,,0,0,22721.04,0.00,no service,no service,0,,,
705,7,6,10012 10013 10084 10085 17145 49014,84,30,2.00,12.00,48,35,139.17,25.10,A,B,0,0,,0,0,,,0,0,375.71,0.00,no service,no service,0,,103.00,KiryatBialik Center
726,2,3,10012 10084 10085,28,12,5.00,12.00,21,17,241.89,10.38,A,B,0,0,,0,0,,,0,0,586.23,0.00,no service,no service,0,,103.00,KiryatBialik Center
707,8,6,10012 10013 10084 10085 17145 49014,85,34,1.76,12.00,48,37,131.69,29.10,A,B,0,0,,0,0,,,0,0,380.40,0.00,no service,no service,0,,103.00,KiryatBialik Center
709,13,6,10012 10013 10084 10085 49014 67002,109,44,1.36,6.00,55,55,86.34,19.44,A,A,2,1,67002,51,20,3.00,6.00,20,20,365.16,2.99,A,A,1,Metronit 2 (blue),104.00,KiryatHaim
503,2,3,14137 28023 40015,26,8,7.50,15.00,17,17,197.67,4.86,A,B,0,0,,0,0,,,0,0,342.55,0.00,no service,no service,0,,301.00,SavyoneyYam
505,2,3,10012 11011 40015,78,27,2.22,12.00,35,34,255.14,4.63,A,B,0,0,,0,0,,,0,0,261.05,0.00,no service,no service,0,,302.00,KiryatYam A
506,5,1,40015,23,8,7.50,15.00,20,20,63.61,26.41,A,B,0,0,,0,0,,,0,0,502.63,0.00,no service,no service,0,,302.00,KiryatYam A
507,5,6,10012 11008 11011 14137 28023 40015,107,37,1.62,10.00,59,39,173.32,19.81,A,A,0,0,,0,0,,,0,0,320.53,0.00,no service,no service,0,,302.00,KiryatYam A
508,3,1,40015,23,9,6.67,12.00,20,20,127.45,18.60,A,B,0,0,,0,0,,,0,0,588.64,0.00,no service,no service,0,,,
509,11,7,10012 10013 11008 11011 14137 28023 40015,143,50,1.20,10.00,64,47,43.94,45.01,A,A,0,0,,0,0,,,0,0,902.11,0.00,no service,no service,0,,,
510,14,8,10012 10013 11008 11011 14137 28023 40015 67003,188,75,0.80,2.73,77,53,55.78,36.55,A,A,2,1,67003,42,22,2.73,2.73,23,15,355.91,5.22,A,A,1,Metronit 3 (green),303.00,KiryatYam B+C
511,9,4,10012 10013 11011 40015,101,36,1.67,10.00,39,39,88.09,50.45,A,A,0,0,,0,0,,,0,0,633.08,0.00,no service,no service,0,,303.00,KiryatYam B+C
512,7,6,10013 11008 14137 28023 40015 67003,118,48,1.25,2.73,72,50,99.21,40.59,A,A,2,1,67003,42,22,2.73,2.73,23,16,409.40,11.60,A,A,1,Metronit 3 (green),303.00,KiryatYam B+C
513,10,6,10013 11008 14137 28023 40015 67003,130,53,1.13,2.61,73,54,186.17,25.51,A,A,2,1,67003,42,23,2.61,2.61,23,16,408.74,5.10,A,A,1,Metronit 3 (green),303.00,KiryatYam B+C
1501,8,7,10016 10017 10024 10040 10042 10099 14217,99,39,1.54,7.50,74,55,123.74,19.43,A,A,0,0,,0,0,,,0,0,398.14,0.00,no service,no service,0,,206.00,BatGalim-KiryatEliezer
2409,12,6,10202 10221 10691 10692 10768 10921,39,16,3.75,15.00,28,23,675.53,1.62,A,B,0,0,,0,0,,,0,0,5447.51,0.00,no service,no service,0,,201.00,TiratCarmel
2202,18,8,12773 12793 13407 17068 20009 20074 21075 22090,41,14,4.29,20.00,26,14,104.14,5.04,A,C,0,0,,0,0,,,0,0,7408.58,0.00,no service,no service,0,,,
1310,8,8,10006 10017 10332 11236 11331 25041 67002 83001,167,64,0.94,6.00,78,70,77.15,35.12,A,A,2,2,67002 83001,107,39,1.54,6.00,29,24,112.86,8.78,A,A,1,Metronit 2 (blue); Metronit 1 (red),209.00,Namal-Giborim
1309,4,14,10006 10016 10017 10018 10024 10036 10332 11003 11236 11331 13112 14217 67002 83001,151,59,1.02,6.00,121,91,168.02,26.46,A,A,1,2,67002 83001,54,20,3.00,6.00,18,12,222.54,6.61,A,A,1,Metronit 2 (blue); Metronit 1 (red),208.00,LowerCity
1502,3,7,10016 10017 10024 10040 10042 10099 14217,99,38,1.58,6.67,74,60,235.53,7.80,A,A,0,0,,0,0,,,0,0,331.70,0.00,no service,no service,0,,206.00,BatGalim-KiryatEliezer
2410,36,14,59 63 64 66 67 68 151 152 153 154 155 10221 10910 10947,34,14,4.29,20.00,22,12,95.21,3.33,A,C,0,0,,0,0,,,0,0,11820.51,0.00,no service,no service,0,,,
2422,17,17,10202 10693 10694 10768 10826 10836 10845 10846 10921 10980 11777 11792 11799 17053 17173 19171 43015,86,29,2.07,20.00,85,52,359.40,14.52,A,C,0,0,,0,0,,,0,0,20576.49,0.00,no service,no service,0,,,
809,17,31,10013 10080 10251 10262 10265 10271 10272 10281 10342 10361 10500 11167 11170 11344 11434 12503 13171 13252 16380 17145 17282 23025 25026 25284 27024 30022 40052 49014 62004 67002 83001,442,160,0.38,5.45,170,119,42.22,30.87,A,A,4,3,62004 67002 83001,162,61,0.98,5.45,31,27,371.25,7.26,A,A,1,Metronit 4 (purple); Metronit 2 (blue); Metronit 1 (red),104.00,KiryatHaim
808,6,5,10013 10080 11093 17145 25026,65,23,2.61,12.00,51,45,239.92,14.93,A,B,0,0,,0,0,,,0,0,414.74,0.00,no service,no service,0,,304.00,KiryatHaim West
601,27,29,10012 10013 10085 10251 10262 10271 10272 10281 11008 11011 11092 13252 14137 16157 16353 16380 17145 17151 17282 25284 27024 28023 30022 40015 40052 49014 62004 67003 83001,500,195,0.31,2.61,182,117,130.15,41.77,A,A,7,3,62004 67003 83001,155,64,0.94,2.61,43,17,240.93,10.83,A,A,1,Metronit 4 (purple); Metronit 3 (green); Metronit 1 (red),101.00,TsurShalom
604,18,4,11092 30022 40015 40052,65,24,2.50,10.00,39,27,164.59,34.95,A,A,0,0,,0,0,,,0,0,547.32,0.00,no service,no service,0,,,
501,7,6,10012 11008 11011 14137 28023 67003,139,55,1.09,2.61,67,32,84.07,15.74,A,A,2,1,67003,44,23,2.61,2.61,23,12,261.77,4.50,A,A,1,Metronit 3 (green),301.00,SavyoneyYam
702,8,7,10013 10085 11011 16157 17151 27024 49014,103,35,1.71,12.00,71,61,209.57,19.82,A,B,0,0,,0,0,,,0,0,540.99,0.00,no service,no service,0,,101.00,TsurShalom
107,19,24,10048 10281 10367 10798 11368 14039 16041 16044 16045 16046 17042 17047 18040 19062 22147 23008 23036 23037 23049 23050 26053 30055 35003 45016,128,44,1.36,15.00,81,56,1028.50,2.39,A,B,0,0,,0,0,,,0,0,15237.55,0.00,no service,no service,0,,,
117,19,11,10271 10272 10281 18061 19062 23008 29005 29030 35003 39018 45016,123,48,1.25,8.57,35,30,84.84,14.45,A,A,0,0,,0,0,,,0,0,14900.25,0.00,no service,no service,0,,,
111,20,8,17027 18024 20028 23022 25031 33004 35003 45016,78,29,2.07,12.00,17,15,199.89,13.60,A,B,0,0,,0,0,,,0,0,18002.61,0.00,no service,no service,0,,,
102,8,5,17027 18024 20028 23022 25031,22,10,6.00,12.00,11,10,639.91,1.15,A,B,0,0,,0,0,,,0,0,19575.28,0.00,no service,no service,0,,,
2212,8,11,10826 11184 11300 11302 12117 12181 12248 13185 13407 14156 23017,25,11,5.45,30.00,44,32,1007.23,0.99,A,D,0,0,,0,0,,,0,0,10339.45,0.00,no service,no service,0,,,
904,23,17,10066 10080 11087 11090 12341 15073 15144 16072 16074 23025 25026 27024 28023 30022 30027 36021 67002,203,78,0.77,6.00,108,89,100.12,9.76,A,A,2,1,67002,53,19,3.16,6.00,20,19,1423.68,0.85,A,A,1,Metronit 2 (blue),,
912,5,3,10096 23025 27024,22,10,6.00,15.00,23,10,60.46,8.11,A,B,0,0,,0,0,,,0,0,2198.94,0.00,no service,no service,0,,214.00,KiryatAta North-East
408,19,13,10797 11165 11167 11172 11173 13171 13174 16098 17151 20143 26001 66004 91003,68,26,2.31,20.00,72,51,183.98,12.52,A,C,0,0,,0,0,,,0,0,3608.27,0.00,no service,no service,0,,215.00,Shefaram
713,0,0,,0,0,,,0,0,722.01,0.00,no service,no service,0,0,,0,0,,,0,0,1122.15,0.00,no service,no service,0,,,
205,22,31,10048 10168 10169 10255 10262 10263 10293 10361 10500 10980 11064 11068 11170 11294 11296 11305 12312 12503 15039 15109 16095 16380 17282 19035 19094 19302 20143 21057 21093 21148 25284,157,62,0.97,15.00,144,93,1258.46,1.01,A,B,0,0,,0,0,,,0,0,7849.86,0.00,no service,no service,0,,,
209,5,13,10048 11061 11064 11294 11305 11564 12312 15039 17282 19035 21148 22147 25284,51,20,3.00,30.00,64,39,811.86,1.63,A,D,0,0,,0,0,,,0,0,10528.90,0.00,no service,no service,0,,,
2423,12,4,17053 17173 19171 43015,24,9,6.67,30.00,18,15,461.34,13.95,A,D,0,0,,0,0,,,0,0,19867.55,0.00,no service,no service,0,,,
1412,14,14,10010 10025 10028 10037 10076 10115 10131 10132 10133 11012 11136 11791 25041 93001,246,98,0.61,6.67,99,82,37.99,71.20,A,A,0,0,,0,0,,,0,0,582.73,0.00,no service,no service,0,,,
1631,9,12,10028 10030 10033 10037 10076 10131 10132 10133 11003 11012 12088 25051,180,74,0.81,6.00,96,86,16.29,48.05,A,A,0,0,,0,0,,,0,0,937.50,0.00,no service,no service,0,,,
1303,7,11,10016 10024 10028 10793 11003 11236 11331 11791 12793 13112 35058,113,44,1.36,12.00,90,66,69.33,40.43,A,B,0,0,,0,0,,,0,0,337.89,0.00,no service,no service,0,,207.00,Hamoshava
2203,30,13,12773 12793 13407 17068 20009 20074 21075 22090 26085 28011 29087 31082 33080,52,23,2.61,20.00,26,15,64.67,16.17,A,C,0,0,,0,0,,,0,0,7131.68,0.00,no service,no service,0,,,
1508,3,2,10043 11003,37,15,4.00,10.00,28,22,45.90,26.31,A,A,0,0,,0,0,,,0,0,148.09,0.00,no service,no service,0,,206.00,BatGalim-KiryatEliezer
1601,19,11,10006 10025 10030 10031 10032 10034 10099 10115 10795 12093 35058,118,51,1.18,8.57,63,56,82.68,22.64,A,A,0,0,,0,0,,,0,0,910.13,0.00,no service,no service,0,,,
1403,11,14,10006 10021 10025 10037 10040 10042 10115 10797 11012 11136 11791 13110 19148 25041,201,81,0.74,6.67,103,89,144.37,28.63,A,A,0,0,,0,0,,,0,0,683.82,0.00,no service,no service,0,,,
906,15,14,10080 10096 11087 15073 15144 16072 23025 25026 27024 28023 30022 30027 36021 67002,198,76,0.79,5.45,91,63,48.44,19.76,A,A,5,1,67002,53,20,3.00,5.45,20,12,299.94,6.59,A,A,1,Metronit 2 (blue),,
921,8,15,10080 10096 10998 11087 15144 16072 21029 23025 25026 27024 28023 30022 30027 35030 36021,150,57,1.05,10.00,82,66,141.87,26.00,A,A,0,0,,0,0,,,0,0,432.80,0.00,no service,no service,0,,,
2012,18,18,10342 10356 10826 11440 11833 12341 14038 20016 24012 26034 27005 27036 28068 32074 33039 34075 36002 45087,152,55,1.09,12.00,103,48,69.24,22.35,A,B,0,0,,0,0,,,0,0,21948.50,0.00,no service,no service,0,,217.00,Nazareth
2403,9,2,10047 13091,18,7,8.57,20.00,9,9,156.66,14.80,A,C,0,0,,0,0,,,0,0,2970.03,0.00,no service,no service,0,,201.00,TiratCarmel
2419,16,7,10202 10221 10691 10692 10768 10921 11777,43,17,3.53,15.00,31,25,946.18,0.64,A,B,0,0,,0,0,,,0,0,9943.27,0.00,no service,no service,0,,,
1505,12,22,10016 10017 10018 10021 10024 10028 10031 10036 10037 10040 10042 10043 10099 10797 11003 11012 11136 11792 11799 25051 67002 83001,427,163,0.37,5.45,132,91,94.43,45.54,A,A,6,2,67002 83001,108,41,1.46,5.45,30,19,94.43,22.77,A,A,1,Metronit 2 (blue); Metronit 1 (red),206.00,BatGalim-KiryatEliezer
1606,8,11,10030 10031 10032 10033 10034 10099 10795 11136 11791 12093 35058,104,44,1.36,10.00,60,50,32.68,26.99,A,A,0,0,,0,0,,,0,0,1156.21,0.00,no service,no service,0,,,
1603,16,12,10025 10030 10031 10032 10034 10099 10115 10795 11136 11791 12093 35058,111,47,1.28,7.50,57,47,19.31,35.15,A,A,0,0,,0,0,,,0,0,1294.78,0.00,no service,no service,0,,,
1409,3,1,25041,5,2,30.00,30.00,12,10,12.72,47.32,D,D,0,0,,0,0,,,0,0,232.21,0.00,no service,no service,0,,,
1807,28,18,10070 10072 10076 10077 10293 10332 11173 11294 11299 11331 11339 12181 13110 13174 15296 30027 40074 52005,126,55,1.09,6.00,99,69,112.97,40.50,A,A,2,1,52005,21,10,6.00,6.00,15,15,528.14,2.89,A,A,1,Metronit 5 (orange),,
2415,3,2,10047 13091,18,6,10.00,20.00,9,9,103.47,20.72,A,C,0,0,,0,0,,,0,0,2357.45,0.00,no service,no service,0,,201.00,TiratCarmel
1609,5,1,10033,11,5,12.00,12.00,7,7,58.12,27.60,B,B,0,0,,0,0,,,0,0,1733.93,0.00,no service,no service,0,,,
901,21,9,10096 15144 16072 23025 25026 27024 28023 30022 30027,123,48,1.25,10.00,75,30,67.10,39.45,A,A,0,0,,0,0,,,0,0,984.18,0.00,no service,no service,0,,,
703,10,5,10013 10084 10085 11011 49014,77,29,2.07,10.00,34,32,105.51,21.14,A,A,0,0,,0,0,,,0,0,351.18,0.00,no service,no service,0,,102.00,Kiryon
602,18,33,10012 10013 10085 10251 10262 10265 10271 10272 10281 10342 10361 10500 11011 11167 11170 11344 11434 12503 13171 13252 16157 16353 16380 17145 17151 17282 25284 27024 30022 40015 49014 62004 83001,425,157,0.38,5.45,219,132,33.77,60.79,A,A,6,2,62004 83001,112,43,1.40,5.45,25,9,111.38,20.26,A,A,1,Metronit 4 (purple); Metronit 1 (red),102.00,Kiryon
1507,3,4,11792 11799 67002 83001,108,41,1.46,6.00,31,20,131.03,25.98,A,A,2,2,67002 83001,106,39,1.54,6.00,30,19,138.28,17.32,A,A,1,Metronit 2 (blue); Metronit 1 (red),206.00,BatGalim-KiryatEliezer
1407,6,13,10006 10025 10028 10037 10040 10042 10115 11012 13110 19148 25041 52005 67003,185,75,0.80,5.00,109,82,140.58,63.20,A,A,1,2,52005 67003,49,18,3.33,5.00,29,19,153.89,10.53,A,A,1,Metronit 5 (orange); Metronit 3 (green),,
1401,3,7,10016 10018 10024 10036 11003 13112 93001,159,57,1.05,8.57,82,74,122.98,23.48,A,A,0,0,,0,0,,,0,0,265.52,0.00,no service,no service,0,,,
1634,3,5,10006 10025 10115 11136 11791,88,36,1.67,7.50,44,40,129.22,29.87,A,A,0,0,,0,0,,,0,0,951.19,0.00,no service,no service,0,,,
2304,15,12,10037 10795 11791 12117 12118 16050 21055 35058 39002 50001 51054 54081,107,45,1.33,8.57,58,24,2075.33,0.49,A,A,0,0,,0,0,,,0,0,9093.81,0.00,no service,no service,0,,,
704,6,17,10012 10013 10085 10265 10342 11011 11167 11170 11344 13171 16157 16353 17151 23025 27024 40015 49014,160,56,1.07,10.00,119,93,148.40,14.63,A,A,0,0,,0,0,,,0,0,373.40,0.00,no service,no service,0,,102.00,Kiryon
708,0,0,,0,0,,,0,0,254.87,0.00,no service,no service,0,0,,0,0,,,0,0,704.20,0.00,no service,no service,0,,103.00,KiryatBialik Center
711,4,3,10012 10084 10085,30,13,4.62,12.00,21,13,121.76,12.04,A,B,0,0,,0,0,,,0,0,1551.25,0.00,no service,no service,0,,,
712,0,0,,0,0,,,0,0,328.78,0.00,no service,no service,0,0,,0,0,,,0,0,892.58,0.00,no service,no service,0,,,
1938,17,5,10337 10537 11437 14288 17024,11,5,12.00,30.00,45,22,209.83,2.40,B,D,0,0,,0,0,,,0,0,23707.25,0.00,no service,no service,0,,,
422,30,25,10306 10337 10342 10430 10797 11165 11167 11172 11173 11334 11344 11434 12341 13174 15065 16098 16353 17032 17151 20143 21352 26001 66004 89002 91003,130,49,1.22,20.00,134,103,206.28,17.89,A,C,0,0,,0,0,,,0,0,4538.17,0.00,no service,no service,0,,215.00,Shefaram
2302,7,30,10024 10036 10037 10039 10146 10293 10337 10795 10796 11173 11236 11294 11299 11334 11774 11791 12224 12333 13174 14137 15144 15296 16050 17145 19148 21055 25027 35058 51054 57010,490,194,0.31,0.98,53,30,323.31,0.18,A,A,0,0,,0,0,,,0,0,5459.70,0.00,no service,no service,0,,,
913,22,17,10096 10260 10342 10430 10980 11172 11173 11344 11434 12341 13174 15144 16072 16353 23025 27024 30027,65,26,2.31,12.00,72,50,243.57,12.64,A,B,0,0,,0,0,,,0,0,2041.82,0.00,no service,no service,0,,214.00,KiryatAta North-East
504,8,7,10012 11008 11011 14137 28023 40015 67003,151,61,0.98,2.61,70,38,461.25,7.96,A,A,4,1,67003,44,23,2.61,2.61,23,14,533.44,3.98,A,A,1,Metronit 3 (green),301.00,SavyoneyYam
2505,15,21,10060 10202 10694 10708 10710 11070 13085 13701 14156 14157 16001 19171 21070 22003 23090 26002 28084 32022 35090 43023 57005,81,34,1.76,15.00,51,43,462.63,9.93,A,B,0,0,,0,0,,,0,0,23362.89,0.00,no service,no service,0,,,
217,11,16,10263 10361 11064 11068 11564 12002 13252 13311 15109 16095 19035 19302 20143 59005 77003 91004,138,52,1.15,10.00,95,54,241.27,16.56,A,A,0,0,,0,0,,,0,0,6584.70,0.00,no service,no service,0,,,
2306,20,10,10037 10795 11791 13297 16050 21055 35058 39002 51054 54081,83,35,1.71,8.57,58,28,141.90,10.15,A,A,0,0,,0,0,,,0,0,5454.75,0.00,no service,no service,0,,,
2305,47,11,10037 10795 11791 13297 16050 21055 35058 39002 50001 51054 54081,97,41,1.46,8.57,58,26,292.94,9.24,A,A,0,0,,0,0,,,0,0,6588.93,0.00,no service,no service,0,,,
2101,23,30,10337 10342 10430 10432 10505 10836 10845 10846 10962 10963 10968 11308 11334 11344 11434 12341 12490 13242 13309 13360 14288 14310 16027 16058 16123 16353 17032 18122 19311 21352,121,42,1.43,30.00,149,101,1179.02,0.59,A,D,0,0,,0,0,,,0,0,14952.16,0.00,no service,no service,0,,216.00,Hamovil
910,18,23,10066 10080 10168 10169 10255 10998 11087 11165 11166 12341 15073 15144 16072 16074 21029 23025 25026 27024 28023 30022 30027 35030 36021,190,74,0.81,10.00,127,99,85.71,26.58,A,A,0,0,,0,0,,,0,0,1382.09,0.00,no service,no service,0,,,
1417,2,11,10006 10010 10016 10018 10019 10024 10036 11003 11013 13112 25041,92,36,1.67,8.57,43,43,114.77,29.79,A,A,0,0,,0,0,,,0,0,252.83,0.00,no service,no service,0,,,
1413,5,7,10028 10037 10076 10131 10132 10133 11012,124,50,1.20,6.67,71,60,42.50,50.77,A,A,0,0,,0,0,,,0,0,768.73,0.00,no service,no service,0,,,
1633,1,1,93001,28,10,6.00,12.00,5,5,90.46,14.54,A,B,0,0,,0,0,,,0,0,893.06,0.00,no service,no service,0,,,
1621,7,12,10024 10029 10037 10039 10082 10795 11095 11236 11791 14137 35058 51054,115,47,1.28,6.67,86,61,100.58,35.32,A,A,0,0,,0,0,,,0,0,1696.14,0.00,no service,no service,0,,,
232,17,11,11061 11305 11564 12312 17047 17282 19035 22058 22147 25284 46019,55,18,3.33,15.00,51,33,3.07,14.14,A,B,0,0,,0,0,,,0,0,12442.16,0.00,no service,no service,0,,,
3013,30,13,10169 11068 11299 11365 13488 14288 15065 16060 17061 17180 17240 19028 27055,65,25,2.40,20.00,114,26,306.08,13.29,A,C,0,0,,0,0,,,0,0,24294.65,0.00,no service,no service,0,,,
714,0,0,,0,0,,,0,0,556.06,0.00,no service,no service,0,0,,0,0,,,0,0,767.92,0.00,no service,no service,0,,104.00,KiryatHaim
902,8,7,10168 10169 11165 11166 12341 25026 67002,89,34,1.76,6.00,74,55,202.10,11.70,A,A,5,1,67002,51,20,3.00,6.00,20,15,202.10,7.31,A,A,1,Metronit 2 (blue),213.00,KiryatAta North
1304,5,9,10006 10021 10034 10037 10797 11012 11136 13112 35058,128,49,1.22,6.67,75,59,98.18,31.93,A,A,0,0,,0,0,,,0,0,251.25,0.00,no service,no service,0,,207.00,Hamoshava
1307,1,36,12 20 21 22 23 25 59 61 62 63 64 65 66 67 69 100 102 103 104 105 107 152 153 154 155 157 402 403 405 407 440 441 442 443 444 445,36,13,4.62,,18,11,181.17,8.45,A,no service,0,0,,0,0,,,0,0,181.17,0.00,no service,no service,0,,208.00,LowerCity
1005,14,21,10306 10337 10342 10430 10846 10968 11308 11334 11344 11434 12341 12490 13174 13242 13309 16058 16353 17032 19311 21352 26056,68,23,2.61,30.00,110,84,584.77,1.25,A,D,0,0,,0,0,,,0,0,11890.26,0.00,no service,no service,0,,216.00,Hamovil
225,20,22,10251 10263 10271 10798 11061 11064 11068 11564 12002 13311 15109 16095 16353 17151 19035 19302 20143 21148 24060 59005 77003 91004,215,81,0.74,12.00,116,50,156.04,21.69,A,B,0,0,,0,0,,,0,0,7165.73,0.00,no service,no service,0,,,
224,3,21,10263 10271 10272 10281 10361 11061 11064 11068 11564 12002 13311 15109 16353 19035 19302 20143 21148 24060 59005 77003 91004,183,65,0.92,12.00,91,57,109.78,22.26,A,B,0,0,,0,0,,,0,0,7289.01,0.00,no service,no service,0,,,
223,2,1,77003,24,8,7.50,15.00,5,5,36.77,14.66,A,B,0,0,,0,0,,,0,0,7669.42,0.00,no service,no service,0,,,
221,6,3,10251 12002 59005,42,17,3.53,12.00,28,16,114.68,26.63,A,B,0,0,,0,0,,,0,0,8057.27,0.00,no service,no service,0,,,
222,8,37,12 20 22 23 25 27 100 102 105 107 109 152 153 155 157 10263 10271 10272 10281 10361 11061 11064 11068 11564 12002 13311 15109 16095 16353 19035 19302 20143 21148 24060 59005 77003 91004,222,78,0.77,10.00,114,69,173.02,25.64,A,A,0,0,,0,0,,,0,0,7842.21,0.00,no service,no service,0,,,
203,6,17,10272 10281 10361 10798 11061 12002 13311 15109 16353 19035 19302 20143 21148 24060 59005 77003 91004,113,41,1.46,10.00,51,36,109.06,18.28,A,A,0,0,,0,0,,,0,0,8402.10,0.00,no service,no service,0,,,
220,7,5,10251 10271 12002 59005 91004,87,34,1.76,12.00,35,23,201.19,15.84,A,B,0,0,,0,0,,,0,0,8750.96,0.00,no service,no service,0,,,
219,11,9,10251 10271 10272 10281 10798 12002 24060 59005 91004,107,38,1.58,12.00,38,36,126.21,18.08,A,B,0,0,,0,0,,,0,0,9142.65,0.00,no service,no service,0,,,
201,12,4,10271 10272 10281 24060,41,13,4.62,15.00,29,29,1176.42,1.12,A,B,0,0,,0,0,,,0,0,9481.73,0.00,no service,no service,0,,,
202,5,1,12002,28,11,5.45,10.00,11,11,123.78,11.58,A,A,0,0,,0,0,,,0,0,8592.94,0.00,no service,no service,0,,,
1721,1,2,10006 10025,25,9,6.67,15.00,16,16,94.97,20.24,A,B,0,0,,0,0,,,0,0,218.34,0.00,no service,no service,0,,,
1722,2,17,10006 10018 10019 10036 10040 10042 10098 10115 10131 10132 10133 11013 13110 13112 16097 52005 67003,259,105,0.57,4.29,128,115,62.49,43.11,A,A,2,2,52005 67003,52,21,2.86,4.29,30,23,62.49,43.11,A,A,1,Metronit 5 (orange); Metronit 3 (green),,
1723,3,13,10006 10017 10018 10019 10036 10040 10042 10123 11013 11080 11096 12081 13112,177,72,0.83,6.00,85,82,45.36,80.36,A,A,0,0,,0,0,,,0,0,115.76,0.00,no service,no service,0,,,
1724,2,1,11013,5,3,20.00,20.00,11,11,106.26,51.21,C,C,0,0,,0,0,,,0,0,214.41,0.00,no service,no service,0,,,
1725,2,9,10017 10018 10019 10036 10123 11013 11080 11096 12081,141,57,1.05,6.00,69,67,111.22,36.14,A,A,0,0,,0,0,,,0,0,342.63,0.00,no service,no service,0,,,
1727,6,16,10040 10042 10115 10123 10131 10132 10133 10142 10332 11080 11096 11331 12081 12793 13112 21055,210,82,0.73,6.67,128,104,86.96,44.38,A,A,0,0,,0,0,,,0,0,396.71,0.00,no service,no service,0,,,
1704,1,1,10038,10,4,15.00,15.00,12,12,118.91,38.47,B,B,0,0,,0,0,,,0,0,556.22,0.00,no service,no service,0,,,
1729,2,9,10017 10018 10019 10020 10036 10123 11080 11096 12081,147,57,1.05,6.67,73,71,69.32,30.95,A,A,0,0,,0,0,,,0,0,429.64,0.00,no service,no service,0,,,
1730,4,11,10017 10018 10019 10020 10028 10036 10123 11013 11080 11096 12081,159,62,0.97,6.67,75,73,36.52,26.48,A,A,0,0,,0,0,,,0,0,585.05,0.00,no service,no service,0,,,
1732,5,9,10040 10042 10142 10972 11080 11096 12081 13112 21055,54,19,3.16,15.00,61,54,18.40,47.28,A,B,0,0,,0,0,,,0,0,830.05,0.00,no service,no service,0,,,
1733,4,9,10017 10018 10019 10020 10036 10123 11080 11096 12081,146,59,1.02,6.67,73,72,67.36,36.05,A,A,0,0,,0,0,,,0,0,487.08,0.00,no service,no service,0,,,
1734,5,13,10017 10018 10019 10028 10036 10038 10123 10783 11080 11088 11096 12080 12090,169,68,0.88,6.67,84,77,85.76,90.12,A,A,0,0,,0,0,,,0,0,561.82,0.00,no service,no service,0,,,
1736,0,0,,0,0,,,0,0,113.61,0.00,no service,no service,0,0,,0,0,,,0,0,448.71,0.00,no service,no service,0,,,
1737,1,4,10020 10028 10783 24085,27,11,5.45,12.00,43,29,45.72,32.49,A,B,0,0,,0,0,,,0,0,703.32,0.00,no service,no service,0,,,
1738,6,9,10020 10028 10036 10038 11088 12080 12081 12090 24085,59,25,2.40,10.00,67,60,28.18,68.03,A,A,0,0,,0,0,,,0,0,355.76,0.00,no service,no service,0,,,
1739,3,26,10016 10017 10018 10019 10020 10028 10036 10038 10076 10077 10083 10123 10142 10970 10972 11009 11081 11088 12090 14217 15144 17145 19148 21055 42084 43086,170,67,0.90,6.00,113,96,97.03,41.28,A,A,0,0,,0,0,,,0,0,1018.00,0.00,no service,no service,0,,,
1741,7,20,10016 10020 10028 10038 10076 10077 10083 10783 11009 11081 11088 12080 12090 14217 15144 17145 19148 24085 42084 43086,130,51,1.18,10.00,116,103,65.53,64.84,A,A,0,0,,0,0,,,0,0,588.93,0.00,no service,no service,0,,,
1744,3,14,10017 10018 10019 10020 10028 10036 10038 10123 10783 11080 11096 43086 44087 52082,98,41,1.46,8.57,62,55,125.27,52.97,A,A,0,0,,0,0,,,0,0,933.44,0.00,no service,no service,0,,,
1745,4,14,10017 10018 10019 10028 10036 10038 10123 10783 11080 11088 11096 12080 12090 44087,131,54,1.11,6.00,77,70,111.63,43.64,A,A,0,0,,0,0,,,0,0,881.35,0.00,no service,no service,0,,,
1746,1,4,10017 10018 10019 10036,39,16,3.75,10.00,14,14,28.10,25.61,A,A,0,0,,0,0,,,0,0,745.21,0.00,no service,no service,0,,,
1747,7,6,10018 10020 10036 10038 10142 13112,82,34,1.76,6.67,48,42,11.23,32.33,A,A,0,0,,0,0,,,0,0,594.08,0.00,no service,no service,0,,,
1748,2,12,10017 10018 10019 10020 10028 10036 10038 10123 11088 12090 43086 52082,109,43,1.40,6.00,63,58,77.85,53.93,A,A,0,0,,0,0,,,0,0,873.16,0.00,no service,no service,0,,,
1749,4,5,10020 10036 10038 43086 52082,27,15,4.00,7.50,34,32,56.68,60.13,A,A,0,0,,0,0,,,0,0,682.25,0.00,no service,no service,0,,,
204,9,11,10251 10271 10272 10281 10361 16353 17151 20143 21148 77003 91004,114,43,1.40,10.00,84,44,192.00,13.73,A,A,0,0,,0,0,,,0,0,6502.71,0.00,no service,no service,0,,,
229,0,0,,0,0,,,0,0,591.01,0.00,no service,no service,0,0,,0,0,,,0,0,3402.35,0.00,no service,no service,0,,,
1620,13,9,10029 10123 10132 10133 12011 12093 13090 37044 51054,105,42,1.43,8.57,81,74,24.74,28.59,A,A,0,0,,0,0,,,0,0,2210.45,0.00,no service,no service,0,,,
1639,4,11,10024 10037 10039 10082 10795 11095 11236 11791 14137 35058 51054,107,43,1.40,6.67,86,58,111.74,25.75,A,A,0,0,,0,0,,,0,0,1829.20,0.00,no service,no service,0,,,
1635,4,11,10024 10029 10037 10082 10795 11095 11236 11791 14137 35058 51054,114,46,1.30,6.67,86,67,81.26,30.08,A,A,0,0,,0,0,,,0,0,1782.42,0.00,no service,no service,0,,,
1636,4,3,10029 10082 11095,10,5,12.00,20.00,16,11,54.91,44.78,B,C,0,0,,0,0,,,0,0,2061.48,0.00,no service,no service,0,,,
1750,7,1,10020,11,6,10.00,10.00,9,9,87.15,58.58,A,A,0,0,,0,0,,,0,0,1515.89,0.00,no service,no service,0,,,
1816,9,20,10007 10070 10072 10076 10078 10146 10332 10796 11173 11294 11331 11339 11774 12181 13110 13174 15296 30027 40074 52005,162,66,0.91,6.67,102,75,82.84,39.65,A,A,2,1,52005,21,9,6.67,6.67,15,15,98.50,8.81,A,A,1,Metronit 5 (orange),,
1735,1,4,10017 10018 10019 10036,40,16,3.75,12.00,15,15,67.04,19.61,A,B,0,0,,0,0,,,0,0,645.20,0.00,no service,no service,0,,,
2421,4,4,10046 10049 13091 37044,44,18,3.33,15.00,21,21,41.17,27.59,A,B,0,0,,0,0,,,0,0,3451.38,0.00,no service,no service,0,,201.00,TiratCarmel
323,11,24,10260 10262 10263 10265 11368 13002 13003 13242 14001 14004 15090 16060 16065 17066 17285 18041 18042 18095 18097 18098 19086 21057 21094 23093,119,51,1.18,12.00,67,37,159.05,17.43,A,B,0,0,,0,0,,,0,0,20516.62,0.00,no service,no service,0,,,
303,11,28,10265 13002 13003 14001 14004 15038 16037 16060 16065 16149 17061 17066 18095 18097 18098 18147 19086 20040 20152 21094 23093 25014 25015 26012 26052 30077 73005 78008,192,79,0.76,8.57,74,48,194.41,18.25,A,A,0,0,,0,0,,,0,0,21079.31,0.00,no service,no service,0,,,
322,0,0,,0,0,,,0,0,851.55,0.00,no service,no service,0,0,,0,0,,,0,0,21442.53,0.00,no service,no service,0,,,
304,17,20,10260 10262 10263 10265 10846 10968 11368 13003 13242 15039 16060 16065 17066 18041 18042 18095 20085 21057 23292 78008,136,50,1.20,12.00,102,59,135.65,15.62,A,B,0,0,,0,0,,,0,0,18306.64,0.00,no service,no service,0,,,
325,8,6,13002 15090 21092 21094 73005 78008,34,14,4.29,20.00,12,11,25.69,34.15,A,C,0,0,,0,0,,,0,0,20334.51,0.00,no service,no service,0,,,
329,9,26,10260 10262 10263 10265 10846 10968 11368 13002 13003 13242 14001 14004 14322 15090 16060 16065 17066 17285 18030 18041 18042 18095 18098 19086 21057 73005,189,73,0.82,12.00,120,58,145.00,36.50,A,B,0,0,,0,0,,,0,0,19282.96,0.00,no service,no service,0,,,
104,16,6,18061 18064 23008 35003 39018 45016,79,31,1.94,12.00,12,12,93.25,17.67,A,B,0,0,,0,0,,,0,0,18028.08,0.00,no service,no service,0,,,
114,2,11,10048 10281 16044 18040 18061 18064 23008 23036 23037 33004 39018,46,18,3.33,20.00,31,25,180.71,13.08,A,C,0,0,,0,0,,,0,0,16317.50,0.00,no service,no service,0,,,
706,0,0,,0,0,,,0,0,166.46,0.00,no service,no service,0,0,,0,0,,,0,0,560.37,0.00,no service,no service,0,,103.00,KiryatBialik Center
118,15,9,10271 10272 10281 18061 19062 23008 29005 29030 39018,86,31,1.94,15.00,34,31,66.88,39.85,A,B,0,0,,0,0,,,0,0,14249.79,0.00,no service,no service,0,,,
230,3,5,11305 17047 17282 22058 46019,32,11,5.45,20.00,35,22,38.76,7.65,A,C,0,0,,0,0,,,0,0,13267.70,0.00,no service,no service,0,,,
235,10,5,10048 11305 11564 13311 16095,28,11,5.45,20.00,27,22,182.95,11.07,A,C,0,0,,0,0,,,0,0,9146.41,0.00,no service,no service,0,,,
233,9,4,11305 11564 13311 16095,28,11,5.45,15.00,20,20,262.65,9.44,A,B,0,0,,0,0,,,0,0,9292.88,0.00,no service,no service,0,,,
334,4,7,10263 10361 17066 17067 19302 21093 23292,56,21,2.86,20.00,53,41,379.77,1.17,A,C,0,0,,0,0,,,0,0,14201.70,0.00,no service,no service,0,,,
313,7,2,17067 19302,9,4,15.00,30.00,19,19,128.34,6.19,B,D,0,0,,0,0,,,0,0,17370.91,0.00,no service,no service,0,,,
314,8,11,11368 16065 17067 17285 19302 21035 21093 22058 26012 26052 30077,46,17,3.53,15.00,49,33,351.93,5.16,A,B,0,0,,0,0,,,0,0,19499.19,0.00,no service,no service,0,,,
316,10,1,16065,19,7,8.57,15.00,14,9,125.71,3.92,A,B,0,0,,0,0,,,0,0,23281.30,0.00,no service,no service,0,,,
337,6,1,16065,18,6,10.00,20.00,13,11,153.74,11.48,A,C,0,0,,0,0,,,0,0,22533.80,0.00,no service,no service,0,,,
411,20,13,10168 10255 10293 10307 11170 11296 11308 16157 19094 20143 21057 44017 66004,68,29,2.07,20.00,84,49,407.32,7.34,A,C,0,0,,0,0,,,0,0,10022.12,0.00,no service,no service,0,,,
421,14,9,11173 11308 15065 17151 20143 26001 66004 89002 91003,42,16,3.75,30.00,42,28,48.67,14.20,A,D,0,0,,0,0,,,0,0,5825.95,0.00,no service,no service,0,,215.00,Shefaram
420,1,3,11172 11308 66004,9,3,20.00,30.00,15,13,565.62,0.51,C,D,0,0,,0,0,,,0,0,7841.59,0.00,no service,no service,0,,215.00,Shefaram
409,35,16,10797 11165 11167 11172 11173 11308 13171 13174 16098 17096 17151 20143 26001 26056 89002 91003,72,30,2.00,15.00,88,58,92.90,41.96,A,B,0,0,,0,0,,,0,0,5785.50,0.00,no service,no service,0,,215.00,Shefaram
414,8,12,10168 10293 11170 11296 11308 12490 16157 18088 20143 21057 44017 66004,59,23,2.61,30.00,98,53,182.94,17.81,A,D,0,0,,0,0,,,0,0,9139.35,0.00,no service,no service,0,,,
1006,17,2,10306 69008,16,5,12.00,30.00,9,3,41.69,12.27,B,D,0,0,,0,0,,,0,0,13107.55,0.00,no service,no service,0,,,
1107,21,17,10003 10008 10072 10091 10092 10093 10794 10998 12012 13110 17095 20094 21029 22090 24002 30001 35030,53,29,2.07,10.00,47,21,100.50,31.24,A,A,0,0,,0,0,,,0,0,2952.96,0.00,no service,no service,0,,,
1914,9,21,10337 10430 10505 10836 11431 11434 11440 12490 13360 14038 14288 16123 17024 17026 17032 17180 18030 18122 19028 19031 19033,67,28,2.14,20.00,95,43,512.41,2.62,A,C,0,0,,0,0,,,0,0,25161.25,0.00,no service,no service,0,,,
1901,0,0,,0,0,,,0,0,1088.11,0.00,no service,no service,0,0,,0,0,,,0,0,25410.58,0.00,no service,no service,0,,,
1918,18,5,17180 20020 26046 29088 45087,37,16,3.75,12.00,33,24,19.86,37.61,A,B,0,0,,0,0,,,0,0,23789.92,0.00,no service,no service,0,,217.00,Nazareth
1919,16,5,17180 20020 26046 29088 45087,37,17,3.53,12.00,33,25,375.45,6.96,A,B,0,0,,0,0,,,0,0,24037.05,0.00,no service,no service,0,,217.00,Nazareth
1935,5,2,21047 23045,30,9,6.67,20.00,13,13,129.89,11.17,A,C,0,0,,0,0,,,0,0,23912.15,0.00,no service,no service,0,,,
1936,8,2,21047 23045,33,11,5.45,15.00,13,13,523.14,2.92,A,B,0,0,,0,0,,,0,0,24257.07,0.00,no service,no service,0,,,
2214,34,17,11184 11188 12117 12181 13180 13185 13407 13426 14156 14157 16050 21016 23095 24097 27096 52018 52019,122,46,1.30,12.00,54,35,22.03,29.84,A,B,0,0,,0,0,,,0,0,11067.99,0.00,no service,no service,0,,,
2216,13,14,11184 11188 12117 13180 13185 13407 13426 16050 21016 23095 24097 27096 52018 52019,89,36,1.67,12.00,23,16,13.19,16.06,A,B,0,0,,0,0,,,0,0,12427.59,0.00,no service,no service,0,,,
3010,7,11,10169 11068 11365 13488 15065 16060 17061 17240 19028 27055 60007,37,14,4.29,30.00,57,16,102.85,9.66,A,D,0,0,,0,0,,,0,0,21467.21,0.00,no service,no service,0,,,
3005,9,2,38002 74005,16,6,10.00,30.00,6,6,290.32,9.55,A,D,0,0,,0,0,,,0,0,17804.46,0.00,no service,no service,0,,,
3007,11,3,38002 49001 74005,29,11,5.45,20.00,7,7,31.43,50.23,A,C,0,0,,0,0,,,0,0,18077.49,0.00,no service,no service,0,,,
3006,14,16,10169 11068 11296 11299 11365 15065 16037 16058 16060 17240 19028 23292 26056 38002 49001 74005,104,36,1.67,30.00,126,39,61.80,24.78,A,D,0,0,,0,0,,,0,0,17184.24,0.00,no service,no service,0,,,
3201,22,4,11020 11024 11036 50010,16,6,10.00,20.00,5,5,1756.49,1.45,A,C,0,0,,0,0,,,0,0,63259.36,0.00,no service,no service,0,,,
3210,27,10,10500 10505 10511 10541 10542 10845 10963 17179 28054 28111,50,20,3.00,30.00,71,12,446.63,0.60,A,D,0,0,,0,0,,,0,0,51286.58,0.00,no service,no service,0,,,
3605,7,1,19041,3,1,60.00,60.00,6,2,559.86,0.16,E,E,0,0,,0,0,,,0,0,38676.19,0.00,no service,no service,0,,,
3710,12,6,10961 10966 14967 28017 40019 51021,14,5,12.00,60.00,7,7,1019.58,0.26,B,E,0,0,,0,0,,,0,0,55049.01,0.00,no service,no service,0,,,
3532,26,9,10432 10843 10961 10966 18151 22026 24028 31027 45025,25,9,6.67,20.00,44,19,668.50,0.91,A,C,0,0,,0,0,,,0,0,45568.85,0.00,no service,no service,0,,,
3526,31,12,10432 12490 13488 14038 15142 16123 19031 19037 19039 22033 26030 45025,30,11,5.45,30.00,52,28,1098.93,1.04,A,D,0,0,,0,0,,,0,0,39442.15,0.00,no service,no service,0,,,
3528,17,10,10442 10541 10542 10984 11991 12350 17240 20042 22033 26030,46,18,3.33,30.00,58,29,3048.05,0.17,A,D,0,0,,0,0,,,0,0,37315.26,0.00,no service,no service,0,,,
3604,19,12,10442 10541 10542 11991 12350 14352 14413 17240 19046 20042 22044 26030,67,25,2.40,30.00,77,32,1175.38,0.92,A,D,0,0,,0,0,,,0,0,28037.76,0.00,no service,no service,0,,,
3305,34,13,10361 10367 10846 10980 10982 11365 11440 11991 12364 17045 20043 35064 65005,50,20,3.00,20.00,71,25,1656.82,0.57,A,C,0,0,,0,0,,,0,0,42124.20,0.00,no service,no service,0,,,
3622,15,8,10843 11411 11412 14413 18151 19041 23053 32057,41,15,4.00,30.00,38,23,1199.59,0.31,A,D,0,0,,0,0,,,0,0,36683.62,0.00,no service,no service,0,,,
3212,16,2,26063 46073,9,3,20.00,60.00,9,6,855.33,0.84,C,E,0,0,,0,0,,,0,0,49875.88,0.00,no service,no service,0,,,
3603,21,10,10442 10541 10542 11991 12350 14352 17240 20042 22044 26030,55,19,3.16,30.00,64,30,350.35,0.71,A,D,0,0,,0,0,,,0,0,33966.21,0.00,no service,no service,0,,,
3407,3,2,25014 25015,10,5,12.00,30.00,7,5,2305.30,0.13,B,D,0,0,,0,0,,,0,0,31753.84,0.00,no service,no service,0,,,
3506,42,17,11056 11365 16149 16380 18030 18148 21054 27055 31004 32003 32076 40073 47086 48085 51084 57006 59080,89,47,1.28,12.00,65,27,311.40,9.99,A,B,0,0,,0,0,,,0,0,29806.22,0.00,no service,no service,0,,,
3507,20,9,32003 32076 35074 40073 40093 47086 48085 57006 59080,35,21,2.86,15.00,4,4,141.06,13.49,A,B,0,0,,0,0,,,0,0,28198.60,0.00,no service,no service,0,,,
3508,27,23,11056 11299 11365 16060 16380 18030 21054 27055 28079 29071 31004 32003 32076 33072 35074 38075 38094 40073 42091 47086 48085 51084 57006,104,49,1.22,20.00,88,27,1037.66,5.06,A,C,0,0,,0,0,,,0,0,27281.02,0.00,no service,no service,0,,,
3509,31,21,11056 11299 11365 16060 16149 16380 18030 18148 21054 27055 28079 29071 31004 32003 32076 33072 35074 38075 40073 42091 57006,103,47,1.28,15.00,88,27,473.87,3.20,A,B,0,0,,0,0,,,0,0,29087.14,0.00,no service,no service,0,,,
3307,15,4,10367 18147 20043 35064,21,8,7.50,30.00,32,18,1009.02,1.87,A,D,0,0,,0,0,,,0,0,36865.96,0.00,no service,no service,0,,,
3405,19,1,38010,5,1,60.00,60.00,2,2,452.62,5.07,E,E,0,0,,0,0,,,0,0,30260.31,0.00,no service,no service,0,,,
3606,22,2,14413 22044,15,4,15.00,60.00,21,15,260.30,2.10,B,E,0,0,,0,0,,,0,0,33576.39,0.00,no service,no service,0,,,
3512,14,32,10337 10430 10432 10442 10505 10537 10541 10542 10836 10845 10962 10963 10969 11431 11434 11437 11440 11991 12490 13360 13488 14038 14288 16123 17024 17180 17240 18030 18122 19028 19031 24036,136,53,1.13,20.00,139,75,1604.90,0.65,A,C,0,0,,0,0,,,0,0,28921.86,0.00,no service,no service,0,,,
3322,34,19,10361 10500 10846 10980 10982 11056 11365 11440 11991 12364 12503 16149 16380 18030 18147 18148 20040 35004 48016,91,35,1.71,20.00,94,45,449.74,0.78,A,C,0,0,,0,0,,,0,0,33914.04,0.00,no service,no service,0,,,
3815,18,16,10821 10825 10869 12248 12720 13241 13299 14298 15133 17046 19038 19045 19048 20049 24044 45018,97,33,1.82,20.00,52,40,100.34,4.39,A,C,0,0,,0,0,,,0,0,27612.49,0.00,no service,no service,0,,,
3816,32,22,10821 10825 10869 10955 11792 11833 12248 12720 13241 13297 13299 14298 15133 17046 19038 19045 19048 20049 24044 25061 45018 53008,118,40,1.50,20.00,77,43,230.77,9.90,A,C,0,0,,0,0,,,0,0,27996.31,0.00,no service,no service,0,,,
3817,9,4,13297 19048 20049 45018,23,8,7.50,30.00,32,19,169.40,3.58,A,D,0,0,,0,0,,,0,0,26627.46,0.00,no service,no service,0,,,
3806,25,14,10821 10825 10869 11247 11833 12248 12720 13246 14298 15296 24062 38028 58004 88002,101,40,1.50,7.50,60,45,1066.87,2.09,A,A,0,0,,0,0,,,0,0,25362.67,0.00,no service,no service,0,,,
3807,11,2,30025 58004,30,12,5.00,7.50,5,5,61.16,8.26,A,A,0,0,,0,0,,,0,0,27320.77,0.00,no service,no service,0,,,
3808,8,3,28027 30025 38028,39,13,4.62,20.00,6,6,162.28,32.92,A,C,0,0,,0,0,,,0,0,26869.79,0.00,no service,no service,0,,,
3809,13,2,38028 68003,36,16,3.75,6.67,5,5,92.05,17.06,A,A,0,0,,0,0,,,0,0,26272.86,0.00,no service,no service,0,,,
3811,17,3,28027 38028 56006,59,22,2.73,12.00,6,5,274.27,8.79,A,B,0,0,,0,0,,,0,0,27012.61,0.00,no service,no service,0,,,
3205,48,12,11084 11089 12086 12358 13004 13081 13092 14087 14091 31037 71012 78011,36,20,3.00,15.00,10,9,177.89,12.58,A,B,0,0,,0,0,,,0,0,60948.49,0.00,no service,no service,0,,,
3208,26,15,11030 11035 11089 11258 12003 12086 13004 13081 13088 14087 14091 22054 22059 71012 78011,52,18,3.33,30.00,13,8,141.35,24.77,A,D,0,0,,0,0,,,0,0,58995.87,0.00,no service,no service,0,,,
3818,15,22,10821 10825 10869 10953 10955 11792 12720 13241 13297 13299 14298 15133 17046 19045 19048 20049 24044 25061 45018 47007 53008 53017,88,31,1.94,8.57,50,30,67.99,8.71,A,A,0,0,,0,0,,,0,0,26541.55,0.00,no service,no service,0,,,
3819,25,3,11792 47007 53017,19,7,8.57,15.00,10,5,269.42,14.79,A,B,0,0,,0,0,,,0,0,26328.55,0.00,no service,no service,0,,,
3820,33,11,11792 12720 13241 13297 14298 19048 20049 45018 47007 53008 53017,56,21,2.86,12.00,59,35,115.37,7.48,A,B,0,0,,0,0,,,0,0,27434.85,0.00,no service,no service,0,,,
4017,14,2,31024 36014,27,10,6.00,20.00,4,4,291.28,4.80,A,C,0,0,,0,0,,,0,0,35872.78,0.00,no service,no service,0,,,
4019,41,17,10759 10796 11777 11799 12233 12720 14620 15114 15133 17064 17113 18052 23633 24044 24059 31024 36014,99,37,1.62,20.00,58,31,93.44,12.73,A,C,0,0,,0,0,,,0,0,36610.98,0.00,no service,no service,0,,,
3916,48,20,10634 10821 10825 10942 11026 11028 11632 12034 13160 14163 15002 15004 17001 17046 19045 20049 24059 25060 25061 28071,164,63,0.95,15.00,41,39,233.65,9.96,A,B,0,0,,0,0,,,0,0,30772.24,0.00,no service,no service,0,,,
3917,34,40,10202 10634 10708 10730 10821 10825 10843 10852 10942 11026 11028 11632 11799 12005 12034 12729 13160 13241 14163 15002 15003 15004 17001 17046 17064 17065 17069 19032 19063 20049 21070 23010 25021 25060 25061 26029 28071 35033 35090 50011,271,101,0.59,15.00,74,61,430.58,5.65,A,B,0,0,,0,0,,,0,0,33156.09,0.00,no service,no service,0,,,
3403,27,3,17027 18024 20028,12,3,20.00,60.00,10,9,315.18,1.23,C,E,0,0,,0,0,,,0,0,25516.60,0.00,no service,no service,0,,,
3601,19,2,12350 14352,14,4,15.00,60.00,20,10,730.67,2.96,B,E,0,0,,0,0,,,0,0,29273.21,0.00,no service,no service,0,,,
3502,32,12,10541 11056 12450 15142 18059 21050 21054 23061 23062 25052 27055 36048,50,19,3.16,30.00,56,36,1113.49,1.00,A,D,0,0,,0,0,,,0,0,36550.03,0.00,no service,no service,0,,,
3910,31,4,10710 21079 22009 69012,49,21,2.86,12.00,19,17,39.55,21.65,A,B,0,0,,0,0,,,0,0,28910.29,0.00,no service,no service,0,,,
3911,21,8,10710 21074 21079 22009 23010 30075 50011 69012,77,28,2.14,15.00,22,21,153.08,14.81,A,B,0,0,,0,0,,,0,0,29957.46,0.00,no service,no service,0,,,
3414,14,8,14039 16041 16044 16045 18040 22070 33082 53001,30,14,4.29,15.00,14,14,128.34,24.49,A,B,0,0,,0,0,,,0,0,25777.96,0.00,no service,no service,0,,,
3415,39,21,10281 10367 11294 11368 14039 16041 16044 16045 16046 17285 18040 19035 22070 23050 25086 26012 29096 33082 37004 41002 53001,109,49,1.22,15.00,89,41,132.90,14.90,A,B,0,0,,0,0,,,0,0,25255.98,0.00,no service,no service,0,,,
3416,28,20,10281 10367 11294 11368 14039 16041 16044 16045 16046 18040 19035 22070 23050 25086 26012 29096 33082 37004 41002 53001,111,50,1.20,15.00,89,40,94.25,15.98,A,B,0,0,,0,0,,,0,0,24320.53,0.00,no service,no service,0,,,
3426,34,8,11313 14322 19035 25092 26053 29074 30055 33082,19,10,6.00,30.00,36,26,276.62,2.46,A,D,0,0,,0,0,,,0,0,19555.23,0.00,no service,no service,0,,,
3404,37,10,10281 10367 11294 17285 18040 18076 20028 22075 23050 25086,23,11,5.45,20.00,72,26,469.10,0.81,A,C,0,0,,0,0,,,0,0,29724.65,0.00,no service,no service,0,,,
3801,13,2,13246 24062,8,5,12.00,30.00,9,9,255.94,3.88,B,D,0,0,,0,0,,,0,0,25034.36,0.00,no service,no service,0,,,
3213,46,24,10500 10505 10511 10541 10542 10845 10963 10984 11522 12503 12558 14002 15001 16143 18059 20103 25053 26063 28054 29041 33023 34043 35051 51055,89,37,1.62,20.00,80,31,87.88,8.70,A,C,0,0,,0,0,,,0,0,44185.93,0.00,no service,no service,0,,,
3106,46,33,10843 10966 12558 15142 18151 19079 20057 22054 22059 23061 24076 25019 26074 28111 29092 29099 30078 30088 31017 31086 33016 34013 34014 35084 38083 38085 38090 39087 40097 41089 43082 61080 73015,43,18,3.33,60.00,59,20,994.82,0.15,A,E,0,0,,0,0,,,0,0,67078.68,0.00,no service,no service,0,,,
3108,46,40,10843 10966 12503 12558 15142 16143 18151 19079 20057 20103 22054 22059 23061 23062 24076 25019 25052 25053 26074 28111 29092 30078 30088 31017 31086 33016 34013 34014 34043 35084 38083 38085 38090 39087 40012 40081 40097 41089 43082 61080,58,27,2.22,60.00,59,24,2164.11,0.30,A,E,0,0,,0,0,,,0,0,54741.99,0.00,no service,no service,0,,,
3101,21,6,12558 21058 25069 26068 27095 40097,9,4,15.00,60.00,21,11,2865.76,0.27,B,E,0,0,,0,0,,,0,0,77768.21,0.00,no service,no service,0,,,
4010,41,76,220 222 223 224 225 226 227 228 229 230 231 233 402 403 405 10634 10705 10706 10708 10710 10716 10730 10821 10825 10826 10836 10845 10852 10910 10921 10947 11026 11028 11044 11047 11077 11632 11833 12704 12729 13007 13008 13015 13095 13096 14067 14094 14163 15133 16022 16068 17046 17053 17058 17065 18001 18051 18052 18091 19063 19076 20049 21074 21079 22055 22057 23633 25060 25061 27054 30075 35018 42009 50020 54016 59013,404,155,0.39,5.45,127,53,1246.90,5.14,A,A,0,0,,0,0,,,0,0,39248.45,0.00,no service,no service,0,,,
4012,39,15,10706 11044 11047 12014 12089 13011 13012 13015 13095 14094 16022 16090 16092 54016 59013,115,46,1.30,12.00,9,9,123.38,26.24,A,B,0,0,,0,0,,,0,0,37696.69,0.00,no service,no service,0,,,
4014,40,51,10399 10634 10705 10706 10708 10716 10730 10821 10921 10942 11026 11028 11044 12014 12704 12729 13006 13007 13008 13011 13012 14067 14094 16022 16068 16090 17046 17053 17058 17064 17065 18001 18051 19032 19076 20049 21070 21074 21079 22055 22057 25021 25060 25061 26029 27054 28084 30075 42009 54016 59013,374,149,0.40,4.29,74,52,27.60,36.78,A,A,0,0,,0,0,,,0,0,37970.84,0.00,no service,no service,0,,,
4015,30,55,10634 10705 10706 10708 10716 10730 10821 10852 10921 10942 11026 11028 11044 11047 11077 11276 12014 12089 12704 12729 13006 13007 13008 13011 13012 13015 13095 13096 14067 14163 16022 16068 17046 17053 17064 17065 18001 18051 19032 19063 19076 20049 21070 21074 21079 22055 25021 25060 25061 26029 27054 30075 42009 50020 59013,407,160,0.38,4.29,75,56,186.78,31.56,A,A,0,0,,0,0,,,0,0,37178.04,0.00,no service,no service,0,,,
4016,37,23,10706 10710 10825 10826 10836 10843 10845 10846 10852 10910 10947 10998 11077 11632 11833 12704 12729 13007 13015 14978 18091 35018 59013,150,61,0.98,6.00,8,6,104.46,6.41,A,A,0,0,,0,0,,,0,0,39577.58,0.00,no service,no service,0,,,
3514,17,31,10430 10442 10537 10541 10836 10962 10969 11431 11434 11437 14069 15142 18122 19037 19039 19042 22033 23061 24036 24063 24074 25095 26075 27009 27020 30007 34008 35012 38011 39005 78015,191,74,0.81,10.00,88,39,68.62,11.52,A,A,0,0,,0,0,,,0,0,37777.61,0.00,no service,no service,0,,,
3519,54,24,14069 19037 20060 21044 22076 23061 23062 24063 25095 25098 26070 27020 29097 30007 33006 35012 38011 39005 45004 47084 54082 55080 58081 65001,108,46,1.30,15.00,13,12,77.36,47.85,A,B,0,0,,0,0,,,0,0,38361.24,0.00,no service,no service,0,,,
3520,73,32,10430 10442 10537 10541 10836 10969 11431 11434 11437 19037 19039 21044 22033 22076 24074 25098 26070 26075 27009 27020 29097 30007 34008 35012 38011 39005 45004 45025 55080 58081 65001 78015,196,83,0.72,8.57,76,31,88.47,35.97,A,A,0,0,,0,0,,,0,0,36972.26,0.00,no service,no service,0,,,
3521,29,33,10430 10432 10442 10836 10969 11431 12490 13488 14038 15142 16123 19031 19037 19039 21044 22033 22076 24074 25098 26070 26075 27009 27020 30007 34008 35012 38011 39005 45025 55080 58081 65001 78015,174,74,0.81,10.00,78,38,444.75,11.78,A,A,0,0,,0,0,,,0,0,37684.80,0.00,no service,no service,0,,,
3310,20,11,10511 22088 24090 27086 31087 33023 35004 38022 41017 48016 60015,78,35,1.71,20.00,11,10,612.21,3.16,A,C,0,0,,0,0,,,0,0,41750.45,0.00,no service,no service,0,,,
3311,26,19,10511 10980 10982 10984 22088 24090 26084 27086 31085 31087 33023 35004 35082 38022 41017 42012 48016 60015 65005,121,59,1.02,15.00,39,16,44.25,30.15,A,B,0,0,,0,0,,,0,0,40257.76,0.00,no service,no service,0,,,
3312,11,36,10361 10367 10511 10980 10982 10984 11365 11440 11522 12364 12450 12558 13360 16143 17045 20043 23089 24090 26006 26084 27086 27091 30020 31085 31087 33023 35004 35064 35082 38022 41017 42012 46073 48016 60015 65005,178,73,0.82,15.00,60,28,187.35,27.69,A,B,0,0,,0,0,,,0,0,40030.67,0.00,no service,no service,0,,,
3313,12,31,10980 10982 10984 11365 11440 11522 11991 12364 12450 12558 13360 16143 17045 20043 21009 22088 23089 26006 26084 27091 31085 33092 35004 35064 41017 42012 46073 48016 60015 65005 88001,186,78,0.77,12.00,59,30,50.27,24.02,A,B,0,0,,0,0,,,0,0,39380.40,0.00,no service,no service,0,,,
3314,20,36,10361 10367 10511 10846 10980 10982 10984 11365 11440 11522 11991 12364 12450 12558 13360 16143 17045 20043 21009 23089 26006 26084 27091 30020 31085 33023 35004 35064 38022 41017 42012 46073 48016 60015 65005 88001,232,97,0.62,10.00,101,32,1013.75,4.80,A,A,0,0,,0,0,,,0,0,38083.13,0.00,no service,no service,0,,,
3315,25,29,10980 10982 10984 11365 11440 11522 11991 12364 12450 12558 13360 16143 17045 20043 21009 23089 26006 26084 27091 31085 33092 35004 35064 41017 42012 46073 48016 65005 88001,161,69,0.87,12.00,59,32,31.72,26.02,A,B,0,0,,0,0,,,0,0,38489.38,0.00,no service,no service,0,,,
3316,14,31,10511 10980 10982 10984 11365 11440 11522 11991 12364 12450 12558 13360 16143 17045 20043 21009 23089 26006 26084 27091 31085 33092 35004 35064 41017 42012 46073 48016 60015 65005 88001,186,75,0.80,10.00,59,30,425.70,5.35,A,A,0,0,,0,0,,,0,0,38528.01,0.00,no service,no service,0,,,
3317,22,9,10511 22088 24090 27086 31087 33023 35004 38022 60015,67,31,1.94,15.00,17,11,103.98,18.72,A,B,0,0,,0,0,,,0,0,40656.23,0.00,no service,no service,0,,,
3319,16,5,10511 24090 31087 33023 38022,21,8,7.50,30.00,12,11,469.56,3.25,A,D,0,0,,0,0,,,0,0,40981.89,0.00,no service,no service,0,,,
3704,31,15,10843 10966 11411 11412 11943 14413 14967 24028 25029 28017 30016 40019 51021 84001 84002,82,30,2.00,15.00,32,24,180.19,9.49,A,B,0,0,,0,0,,,0,0,49588.98,0.00,no service,no service,0,,,
3706,9,10,10843 11411 14413 25029 28017 30016 40019 51021 84001 84002,54,19,3.16,20.00,31,20,165.00,13.69,A,C,0,0,,0,0,,,0,0,48178.44,0.00,no service,no service,0,,,
3707,18,11,10843 11411 11412 14413 25029 28017 30016 40019 51021 84001 84002,64,22,2.73,30.00,31,20,103.83,27.92,A,D,0,0,,0,0,,,0,0,48438.37,0.00,no service,no service,0,,,
3708,24,12,10843 10961 10966 11411 11412 14413 14967 28017 40019 51021 84001 84002,64,24,2.50,20.00,26,18,241.71,16.61,A,C,0,0,,0,0,,,0,0,49171.66,0.00,no service,no service,0,,,
3402,26,1,18024,5,2,30.00,60.00,7,1,410.28,1.53,D,E,0,0,,0,0,,,0,0,28335.32,0.00,no service,no service,0,,,
3417,23,19,10281 10367 11294 11368 14039 16041 16044 16045 16046 18040 19035 23049 23050 25086 26012 26053 29096 37004 41002,82,34,1.76,15.00,83,49,324.49,8.16,A,B,0,0,,0,0,,,0,0,22920.05,0.00,no service,no service,0,,,
3510,21,11,11299 11365 13488 14288 16060 17180 17240 18030 19028 21054 27055,61,18,3.33,30.00,86,34,564.73,3.57,A,D,0,0,,0,0,,,0,0,27007.53,0.00,no service,no service,0,,,
3215,28,24,10500 10505 10511 10541 10542 10845 10963 11522 12503 12558 14002 15001 16143 18059 20103 26063 28054 28111 29041 33023 34043 35051 46073 51055,93,41,1.46,20.00,79,32,88.92,2.19,A,C,0,0,,0,0,,,0,0,45939.67,0.00,no service,no service,0,,,
3511,16,26,10430 10432 10442 10537 10541 10836 10962 10969 11431 11434 11437 13488 15142 16123 18122 19031 19039 19042 21050 22033 24036 24074 26075 27009 34008 78015,134,52,1.15,10.00,97,48,835.27,0.45,A,A,0,0,,0,0,,,0,0,33396.58,0.00,no service,no service,0,,,
3516,51,53,10430 10442 10537 10541 10836 10961 10962 10969 11056 11431 11434 11437 12450 14069 15142 18059 18122 19037 19039 19042 20057 20060 21044 21050 21054 22026 22033 22051 22076 23061 23062 24024 24028 24036 24063 25052 25095 26030 27009 27020 27055 30007 33006 34008 35012 36048 38011 39005 42023 45004 54082 65001 78015,304,126,0.48,10.00,123,47,98.59,7.93,A,A,0,0,,0,0,,,0,0,39661.69,0.00,no service,no service,0,,,
3904,6,9,10202 10694 10708 13701 14156 14157 21070 35090 86001,60,22,2.73,20.00,40,33,517.70,1.28,A,C,0,0,,0,0,,,0,0,27008.10,0.00,no service,no service,0,,,
3908,5,11,10693 10710 10768 10921 11799 13241 16068 17053 17069 17173 19171,62,22,2.73,15.00,46,36,215.28,1.20,A,B,0,0,,0,0,,,0,0,27103.24,0.00,no service,no service,0,,,
3906,17,18,10202 10693 10694 10708 10710 10921 13241 13701 14156 14157 16068 17053 17069 17173 21070 25021 35090 86001,110,42,1.43,15.00,56,46,141.60,8.58,A,B,0,0,,0,0,,,0,0,27998.67,0.00,no service,no service,0,,,
3907,23,53,100 102 103 104 105 107 151 152 153 154 155 220 222 223 224 225 226 227 228 229 230 231 233 10202 10693 10694 10708 10710 10921 13241 13701 14156 14157 16068 17053 17069 17173 19032 19045 19048 21070 22009 22036 23010 24035 24059 25021 27050 28071 35090 50011 53080 86001,208,78,0.77,15.00,83,67,569.69,3.76,A,B,0,0,,0,0,,,0,0,28966.47,0.00,no service,no service,0,,,
3912,39,13,10710 10921 13241 16068 17053 21074 21079 22009 23010 30075 50011 53080 69012,115,45,1.33,12.00,44,38,45.88,20.40,A,B,0,0,,0,0,,,0,0,31343.44,0.00,no service,no service,0,,,
3919,33,26,10202 10708 10730 10852 11028 12005 12034 12729 13160 13241 15002 15003 15004 17001 17069 19032 19045 21070 23010 24059 25021 26029 28071 35033 35090 50011,188,70,0.86,15.00,51,38,258.21,3.62,A,B,0,0,,0,0,,,0,0,30487.85,0.00,no service,no service,0,,,
4013,14,12,10706 11044 13011 13012 14094 16022 16092 18052 23633 27054 54016 59013,88,34,1.76,15.00,11,11,543.25,2.19,A,B,0,0,,0,0,,,0,0,39098.63,0.00,no service,no service,0,,,
4005,8,22,10634 10708 10730 10821 10852 11026 11047 12014 12729 14163 17046 17064 17065 19032 19063 20049 21070 25021 25060 25061 26029 50020,165,67,0.90,12.00,51,45,313.53,1.51,A,B,0,0,,0,0,,,0,0,35736.94,0.00,no service,no service,0,,,
4004,48,10,10706 11047 12014 12089 13012 13015 16090 16092 54016 59013,97,40,1.50,12.00,9,8,191.24,6.79,A,B,0,0,,0,0,,,0,0,38120.79,0.00,no service,no service,0,,,
3615,45,51,61 62 63 64 65 66 67 69 71 10348 10356 10442 10541 10542 10955 10984 11247 11411 11412 11833 11991 11994 12301 12350 12354 12720 13242 14352 17240 18151 19033 19041 19046 20042 21047 21051 22044 22049 23052 24019 24050 24067 26030 32013 32014 32057 34010 52003 57002 90011 99005,374,132,0.45,12.00,134,75,238.40,9.86,A,B,0,0,,0,0,,,0,0,25676.89,0.00,no service,no service,0,,,
3614,16,22,10442 10541 10542 11247 11991 11994 12350 14352 14413 17240 19033 19046 20042 22044 24019 32013 32014 34010 52003 57002 90011 99005,236,83,0.72,12.00,83,40,134.62,12.49,A,B,0,0,,0,0,,,0,0,26892.20,0.00,no service,no service,0,,,
3616,21,11,11247 11411 11412 13246 14413 18151 19041 24019 32013 32057 99005,97,33,1.82,15.00,33,27,109.79,17.40,A,B,0,0,,0,0,,,0,0,26887.36,0.00,no service,no service,0,,,
3617,26,45,10348 10356 10442 10541 10542 10821 10825 10869 10870 10953 11247 11300 11302 11411 11412 11991 12301 12350 12354 13242 13246 14156 14413 18151 19041 19046 20042 21047 21051 22044 22049 23052 23053 24019 24050 24067 26030 32013 32014 32057 34010 52003 57002 90011 99005,402,148,0.41,10.00,145,69,119.74,39.83,A,A,0,0,,0,0,,,0,0,25801.21,0.00,no service,no service,0,,,
3618,13,16,10821 10825 10869 10953 11247 11300 11302 13246 14156 21051 22049 23052 23053 24050 32013 99005,109,40,1.50,12.00,50,29,169.57,22.48,A,B,0,0,,0,0,,,0,0,25894.90,0.00,no service,no service,0,,,
3619,28,18,10821 10825 10869 10953 10955 11247 11300 11302 12720 13246 14156 21051 22049 23052 23053 24050 32013 99005,115,45,1.33,12.00,56,34,752.22,2.61,A,B,0,0,,0,0,,,0,0,25511.97,0.00,no service,no service,0,,,
3627,25,1,23052,8,2,30.00,60.00,5,2,121.86,2.37,D,E,0,0,,0,0,,,0,0,33556.06,0.00,no service,no service,0,,,
3626,7,2,23052 23053,11,4,15.00,60.00,8,6,361.72,0.68,B,E,0,0,,0,0,,,0,0,34442.33,0.00,no service,no service,0,,,
3423,63,7,16044 16045 16046 20152 26052 29096 33054,36,18,3.33,20.00,29,10,543.23,8.34,A,C,0,0,,0,0,,,0,0,25342.97,0.00,no service,no service,0,,,
3424,33,11,11313 11368 14322 16045 16046 17285 26012 26052 29096 30077 33054,40,18,3.33,20.00,36,30,117.63,2.33,A,C,0,0,,0,0,,,0,0,22808.02,0.00,no service,no service,0,,,
3609,57,19,10442 10541 10542 10984 11991 11994 12350 14352 14413 17240 19046 20042 22044 26030 32013 32014 52003 57002 90011,172,62,0.97,12.00,83,37,138.07,7.74,A,B,0,0,,0,0,,,0,0,29565.12,0.00,no service,no service,0,,,
3612,48,6,11991 11994 32013 34010 90011 99005,104,41,1.46,12.00,28,18,123.89,19.82,A,B,0,0,,0,0,,,0,0,26865.43,0.00,no service,no service,0,,,
3903,23,5,19032 19048 22036 24035 27050,26,7,8.57,30.00,19,17,552.68,1.92,A,D,0,0,,0,0,,,0,0,26473.02,0.00,no service,no service,0,,,
3831,5,3,12233 17064 24044,6,6,10.00,60.00,16,16,53.95,0.82,A,E,0,0,,0,0,,,0,0,33976.00,0.00,no service,no service,0,,,
3826,31,9,10027 10634 13160 14163 22025 25060 28071 33020 35022,83,30,2.00,15.00,20,19,45.55,18.84,A,B,0,0,,0,0,,,0,0,32286.57,0.00,no service,no service,0,,,
3824,8,1,14163,4,2,30.00,60.00,13,8,610.51,1.70,D,E,0,0,,0,0,,,0,0,31246.15,0.00,no service,no service,0,,,
3812,10,3,28027 30025 56006,53,18,3.33,15.00,6,6,194.40,11.60,A,B,0,0,,0,0,,,0,0,27594.05,0.00,no service,no service,0,,,
3810,12,17,10821 10869 10955 12248 12720 13241 13299 14298 15133 17046 19038 19045 24044 28027 38028 56006 68003,141,50,1.20,8.57,50,38,490.52,2.42,A,A,0,0,,0,0,,,0,0,25931.70,0.00,no service,no service,0,,,
3802,7,8,10821 10955 11247 12248 12720 13246 15296 24062,37,16,3.75,30.00,46,36,179.86,1.49,A,D,0,0,,0,0,,,0,0,23068.55,0.00,no service,no service,0,,,
4007,32,24,10710 10716 10825 10843 10921 11028 11044 11047 11632 11799 14067 16022 16068 17046 17053 18001 19076 20049 21074 21079 25061 30075 42009 59013,155,56,1.07,15.00,57,41,236.28,6.92,A,B,0,0,,0,0,,,0,0,35421.42,0.00,no service,no service,0,,,
4020,16,15,10759 10796 11777 11799 12233 14620 15133 17064 17113 18052 23633 24044 24059 31024 36014,90,35,1.71,15.00,45,25,96.36,7.67,A,B,0,0,,0,0,,,0,0,37860.10,0.00,no service,no service,0,,,
3821,11,1,11026,2,2,30.00,60.00,10,6,172.00,3.82,D,E,0,0,,0,0,,,0,0,29418.14,0.00,no service,no service,0,,,
3206,33,15,11005 11020 11024 11036 11084 12086 12358 13004 13088 13092 14091 21058 31037 50010 71012,51,22,2.73,20.00,12,12,225.81,11.56,A,C,0,0,,0,0,,,0,0,59870.70,0.00,no service,no service,0,,,
3207,40,35,10500 10505 10511 10541 10542 10845 10963 11005 11020 11024 11030 11032 11035 11036 11084 11089 11258 12003 12086 12358 13004 13081 13088 14091 17045 17179 20043 21058 22054 22059 28111 31037 50010 71012 78011,139,55,1.09,15.00,94,18,387.48,10.63,A,B,0,0,,0,0,,,0,0,58137.10,0.00,no service,no service,0,,,
3918,41,17,10202 10708 10730 10852 11028 12005 12729 15003 15004 19032 21070 23010 25021 26029 35033 35090 50011,110,42,1.43,12.00,35,24,10.96,12.69,A,B,0,0,,0,0,,,0,0,33164.18,0.00,no service,no service,0,,,
3107,38,39,10843 10966 12503 15142 16143 18151 19079 20057 20103 22054 22059 23062 24076 25019 25052 25053 28111 29092 29099 30078 30088 31017 31086 33016 34013 34014 34043 35084 38083 38085 38090 39087 40012 40081 40097 41089 43082 61080 73015,60,22,2.73,60.00,58,14,252.50,3.65,A,E,0,0,,0,0,,,0,0,57791.56,0.00,no service,no service,0,,,
3103,26,9,11258 12558 21058 26068 27095 31037 34013 39087 40097,15,10,6.00,60.00,23,12,675.79,1.40,A,E,0,0,,0,0,,,0,0,75360.50,0.00,no service,no service,0,,,
3104,30,6,11258 12558 21058 26068 39087 40097,12,6,10.00,60.00,23,13,819.32,1.32,A,E,0,0,,0,0,,,0,0,75663.01,0.00,no service,no service,0,,,
4011,28,24,10634 10708 10730 10821 10852 10942 11026 12729 13006 13096 14163 17046 17064 17065 19032 19063 19076 20049 21070 25021 25060 25061 26029 50020,154,59,1.02,15.00,52,44,57.71,14.03,A,B,0,0,,0,0,,,0,0,36437.19,0.00,no service,no service,0,,,
3804,12,24,10821 10825 10869 10870 10953 10955 11247 11833 12248 12720 13241 13246 13299 14298 15133 15296 17046 19038 19045 21039 24044 24062 30025 56006,114,41,1.46,15.00,73,49,770.57,2.44,A,B,0,0,,0,0,,,0,0,24143.37,0.00,no service,no service,0,,,
3427,6,1,20040,3,1,60.00,60.00,8,8,110.76,2.33,E,E,0,0,,0,0,,,0,0,30382.36,0.00,no service,no service,0,,,
3419,14,5,16046 23049 23050 25086 29096,13,6,10.00,30.00,16,16,55.84,13.95,A,D,0,0,,0,0,,,0,0,24303.67,0.00,no service,no service,0,,,
3412,18,3,22070 41002 53001,31,11,5.45,15.00,7,6,80.98,20.71,A,B,0,0,,0,0,,,0,0,25399.22,0.00,no service,no service,0,,,
3608,6,1,57002,18,6,10.00,20.00,6,6,88.21,25.10,A,C,0,0,,0,0,,,0,0,29400.14,0.00,no service,no service,0,,,
4008,6,18,10710 10730 11028 11044 11047 16022 16068 17046 17053 18001 18052 19076 20049 21074 21079 25061 30075 59013,118,39,1.54,20.00,49,37,124.37,16.94,A,C,0,0,,0,0,,,0,0,36635.20,0.00,no service,no service,0,,,
3429,1,1,23049,5,2,30.00,60.00,10,10,503.77,1.00,D,E,0,0,,0,0,,,0,0,20860.77,0.00,no service,no service,0,,,
3406,21,6,10281 10367 11294 22075 23050 38010,22,7,8.57,30.00,64,25,42.42,20.05,A,D,0,0,,0,0,,,0,0,29165.36,0.00,no service,no service,0,,,
3408,31,7,10367 16044 20152 23050 25014 25015 38010,39,17,3.53,20.00,32,24,1431.36,1.38,A,C,0,0,,0,0,,,0,0,27894.16,0.00,no service,no service,0,,,
3409,13,2,25014 25015,10,4,15.00,60.00,7,5,491.77,0.90,B,E,0,0,,0,0,,,0,0,30160.52,0.00,no service,no service,0,,,
3515,17,31,10430 10442 10537 10541 10836 10962 10969 11431 11434 11437 14069 18122 19037 19039 19042 22033 23061 24036 24074 25095 26075 27009 27020 30007 34008 35012 38011 39005 47084 54082 78015,192,75,0.80,10.00,88,38,74.74,24.97,A,A,0,0,,0,0,,,0,0,39067.41,0.00,no service,no service,0,,,
3517,30,40,10430 10442 10537 10541 10836 10962 10969 11431 11434 11437 14069 15142 18122 19037 19039 19042 20060 21044 22033 22076 23061 23062 24036 24063 24074 25095 26075 27009 27020 30007 33006 34008 35012 38011 39005 45004 47084 54082 65001 78015,224,92,0.65,10.00,88,36,23.97,46.40,A,A,0,0,,0,0,,,0,0,38192.25,0.00,no service,no service,0,,,
3518,20,16,14069 19037 21044 22076 25095 25098 27020 29097 33006 35012 38011 39005 45004 47084 54082 65001,82,33,1.82,15.00,13,12,44.85,39.61,A,B,0,0,,0,0,,,0,0,38404.99,0.00,no service,no service,0,,,
2502,5,5,10826 10845 10980 14156 14157,25,8,7.50,20.00,44,20,550.12,0.22,A,C,0,0,,0,0,,,0,0,17900.75,0.00,no service,no service,0,,,
1101,17,26,10066 10072 10096 10260 10293 10306 10430 10793 10794 10980 11087 11172 11173 11294 11299 12773 13110 13174 15144 16072 21352 23025 27024 30027 36021 40074,107,45,1.33,12.00,83,55,1300.22,0.95,A,B,0,0,,0,0,,,0,0,2846.02,0.00,no service,no service,0,,,
2210,14,28,10631 10826 10836 10845 10846 10960 10968 10980 11184 11188 11300 11302 12117 12118 12181 12248 13180 13185 13407 13426 14156 14157 15296 16050 21016 23017 52018 52019,179,69,0.87,12.00,97,69,609.63,6.32,A,B,0,0,,0,0,,,0,0,10112.00,0.00,no service,no service,0,,,
2218,27,20,10821 10825 10843 10869 10870 10953 10955 10984 11247 11300 11302 11833 12248 12720 13246 14156 15296 21051 24050 24062,77,31,1.94,20.00,63,43,659.08,0.24,A,C,0,0,,0,0,,,0,0,19533.81,0.00,no service,no service,0,,,
2219,35,2,11184 13185,6,2,30.00,60.00,8,3,304.24,0.59,D,E,0,0,,0,0,,,0,0,17582.62,0.00,no service,no service,0,,,
2408,3,6,10202 10221 10691 10692 10768 10921,38,16,3.75,15.00,28,20,395.89,4.86,A,B,0,0,,0,0,,,0,0,2414.18,0.00,no service,no service,0,,201.00,TiratCarmel
1920,1,2,10342 12341,5,2,30.00,60.00,10,10,454.69,1.48,D,E,0,0,,0,0,,,0,0,18686.93,0.00,no service,no service,0,,217.00,Nazareth
1103,23,15,10260 10293 10306 10430 10793 11172 11173 11294 11299 12773 13174 21029 21352 22090 40074,52,20,3.00,30.00,64,44,188.00,5.83,A,D,0,0,,0,0,,,0,0,4480.28,0.00,no service,no service,0,,,
2111,4,5,10348 13426 34025 37009 50006,59,23,2.61,15.00,17,13,137.54,7.16,A,B,0,0,,0,0,,,0,0,18514.28,0.00,no service,no service,0,,,
2104,7,4,11336 13426 34025 37009,32,14,4.29,15.00,16,16,608.35,2.01,A,B,0,0,,0,0,,,0,0,18417.41,0.00,no service,no service,0,,,
2207,17,27,10332 10335 10338 10432 10505 11188 11302 11331 11336 11339 11358 12181 12248 12301 12333 12773 12793 13180 13360 13407 15296 17068 20009 21075 22090 24021 31082,175,69,0.87,10.00,106,77,1125.35,1.40,A,A,0,0,,0,0,,,0,0,4119.89,0.00,no service,no service,0,,,
306,36,25,10169 10260 10265 10846 10968 11068 11296 11299 11365 13242 15065 16037 16058 16060 17240 18041 18042 18044 19028 20045 22043 23292 26056 49001 74005,117,43,1.40,20.00,145,61,371.25,3.01,A,C,0,0,,0,0,,,0,0,14663.13,0.00,no service,no service,0,,,
2006,25,19,10337 10430 10432 10505 10836 10962 11334 11434 12490 13360 14288 16025 16027 16123 17032 18122 19311 21352 24012,78,29,2.07,20.00,102,63,187.95,7.12,A,C,0,0,,0,0,,,0,0,18805.65,0.00,no service,no service,0,,,
2001,20,31,10332 10338 10342 10356 10826 10955 10956 11440 11833 12341 12354 14038 17180 20016 20020 24012 26034 26046 27005 27036 28068 29088 30003 30044 32040 32074 33039 34075 36002 45087 46001,330,122,0.49,12.00,128,50,72.81,12.18,A,B,0,0,,0,0,,,0,0,22925.26,0.00,no service,no service,0,,217.00,Nazareth
2010,15,35,10332 10338 10342 10356 10826 10955 11308 11431 11440 11833 12341 12354 14038 16353 20016 20020 21352 24012 26034 26046 27005 27036 29076 29088 30003 30044 32040 32073 32074 33039 34075 36002 37056 45087 56081,321,120,0.50,10.00,156,56,154.16,29.34,A,A,0,0,,0,0,,,0,0,22040.32,0.00,no service,no service,0,,217.00,Nazareth
302,4,6,11056 15038 16380 18030 30077 73005,20,9,6.67,15.00,37,27,1091.83,0.83,A,B,0,0,,0,0,,,0,0,24365.07,0.00,no service,no service,0,,,
330,22,3,14001 18097 19084,12,7,8.57,12.00,9,7,79.76,12.06,A,B,0,0,,0,0,,,0,0,18952.05,0.00,no service,no service,0,,,
333,9,5,11368 13003 18095 20085 78008,31,12,5.00,15.00,13,12,304.14,6.09,A,B,0,0,,0,0,,,0,0,17369.82,0.00,no service,no service,0,,,
311,8,7,11313 19302 21035 22058 26012 30077 33054,21,9,6.67,30.00,34,24,1138.70,0.59,A,D,0,0,,0,0,,,0,0,16744.82,0.00,no service,no service,0,,,
1937,3,14,10505 10537 10542 10845 10963 11440 11991 13360 13488 17024 17180 17240 18030 19028,35,14,4.29,30.00,54,26,189.44,0.82,A,D,0,0,,0,0,,,0,0,25442.40,0.00,no service,no service,0,,,
307,8,3,13488 22043 60007,9,4,15.00,30.00,11,9,1779.83,0.20,B,D,0,0,,0,0,,,0,0,21454.22,0.00,no service,no service,0,,,
109,24,24,10048 10281 10367 11294 11368 14039 16041 16044 16045 16046 17027 17042 17047 18024 18040 20028 22147 23036 23037 23049 23050 25031 26053 30055,81,30,2.00,30.00,94,62,1079.13,0.55,A,D,0,0,,0,0,,,0,0,21940.83,0.00,no service,no service,0,,,
312,7,8,11368 14322 17036 17285 21035 22058 26012 26052,22,10,6.00,30.00,11,11,529.88,1.32,A,D,0,0,,0,0,,,0,0,21150.09,0.00,no service,no service,0,,,
410,4,1,20045,3,1,60.00,60.00,3,3,210.41,2.93,E,E,0,0,,0,0,,,0,0,8526.51,0.00,no service,no service,0,,,
2217,13,4,12773 13407 17068 20009,19,9,6.67,30.00,19,8,287.69,1.71,A,D,0,0,,0,0,,,0,0,5948.06,0.00,no service,no service,0,,,
2412,5,3,10046 13091 37044,33,14,4.29,15.00,21,21,44.74,16.35,A,B,0,0,,0,0,,,0,0,2872.07,0.00,no service,no service,0,,201.00,TiratCarmel
1201,4,4,11008 14137 28023 40015,64,23,2.61,10.00,50,42,583.07,4.32,A,A,0,0,,0,0,,,0,0,649.68,0.00,no service,no service,0,,304.00,KiryatHaim West
1306,3,10,10016 10024 10332 11003 11236 11331 11792 11799 13112 35058,121,45,1.33,12.00,97,74,61.52,30.88,A,B,0,0,,0,0,,,0,0,285.34,0.00,no service,no service,0,,208.00,LowerCity
1523,3,3,11003 12088 25051,52,19,3.16,12.00,39,36,212.31,13.32,A,B,0,0,,0,0,,,0,0,651.17,0.00,no service,no service,0,,203.00,HofCarmel-NeveDavid
1515,9,5,10030 10043 10115 11003 13112,119,45,1.33,8.57,58,47,187.79,12.45,A,A,0,0,,0,0,,,0,0,451.95,0.00,no service,no service,0,,203.00,HofCarmel-NeveDavid
1718,13,26,10017 10019 10031 10076 10077 10142 10293 10337 10796 11173 11294 11299 11334 11774 12011 12333 13112 13174 13297 14217 15144 15296 16050 17145 57010 80001,480,192,0.31,1.00,110,88,242.86,10.11,A,A,0,0,,0,0,,,0,0,1156.68,0.00,no service,no service,0,,,
1720,4,9,10016 10028 10031 10123 11009 11080 11094 12011 12081,97,40,1.50,8.57,77,73,129.83,24.39,A,A,0,0,,0,0,,,0,0,797.06,0.00,no service,no service,0,,,
1637,3,9,10029 10123 10132 10133 12011 12093 13090 37044 51054,63,27,2.22,8.57,32,32,75.77,11.73,A,A,0,0,,0,0,,,0,0,1984.17,0.00,no service,no service,0,,,
1627,0,0,,0,0,,,0,0,415.39,0.00,no service,no service,0,0,,0,0,,,0,0,2058.64,0.00,no service,no service,0,,,
1624,3,15,10024 10036 10037 10039 10146 11236 11774 13297 14137 15144 16050 17145 19148 21055 51054,84,29,2.07,10.00,137,65,406.01,4.15,A,A,0,0,,0,0,,,0,0,2185.90,0.00,no service,no service,0,,,
1927,23,39,10332 10335 10338 10826 11331 11336 11339 11344 11431 12333 12720 14038 14352 18009 19031 19033 20020 21022 22013 22017 23007 23015 23045 24018 25006 26046 27005 27036 29057 29088 30003 30092 31052 37023 37056 42054 45087 46001 56081,393,139,0.43,12.00,124,64,189.93,38.10,A,B,0,0,,0,0,,,0,0,20957.70,0.00,no service,no service,0,,217.00,Nazareth
1925,51,26,10335 11331 11336 11339 11344 12333 19031 19033 22013 22017 23007 23015 23045 24018 25006 26046 27005 29088 30003 30092 31052 37023 37091 42054 45087 46001,196,75,0.80,15.00,85,47,86.23,57.42,A,B,0,0,,0,0,,,0,0,19820.27,0.00,no service,no service,0,,217.00,Nazareth
1910,15,9,18009 19033 23045 24018 26046 27036 30092 37091 56081,87,35,1.71,15.00,37,36,220.11,24.14,A,B,0,0,,0,0,,,0,0,21192.30,0.00,no service,no service,0,,217.00,Nazareth
1932,12,20,10332 10338 10356 10826 10955 11431 11833 12354 12720 14038 14352 18009 22013 26046 27036 30003 31052 37023 37056 56081,209,71,0.85,15.00,101,54,266.03,6.15,A,B,0,0,,0,0,,,0,0,21726.99,0.00,no service,no service,0,,217.00,Nazareth
218,2,6,10251 10271 10272 10281 10361 16353,58,21,2.86,10.00,58,36,479.47,1.52,A,A,0,0,,0,0,,,0,0,5822.04,0.00,no service,no service,0,,,
416,13,16,10168 10169 10255 10293 10307 11170 11294 12490 16095 16157 19094 20143 21057 21093 43018 44017,78,31,1.94,20.00,94,59,1605.59,1.00,A,C,0,0,,0,0,,,0,0,5433.44,0.00,no service,no service,0,,,
103,16,6,17027 18024 20028 23022 25031 33004,41,17,3.53,12.00,13,12,144.45,11.91,A,B,0,0,,0,0,,,0,0,19534.74,0.00,no service,no service,0,,,
613,5,12,10251 10262 10271 10272 10281 10500 12503 13252 16353 16380 17282 25284,101,36,1.67,12.00,85,56,1106.23,0.99,A,B,0,0,,0,0,,,0,0,1378.44,0.00,no service,no service,0,,,
514,14,7,10012 11008 11011 14137 28023 40015 67003,162,65,0.92,2.61,73,43,137.76,83.44,A,A,4,1,67003,42,23,2.61,2.61,23,14,166.74,23.84,A,A,1,Metronit 3 (green),302.00,KiryatYam A
227,8,14,10251 10262 10271 10272 10281 10361 10500 12503 13252 16353 16380 17151 17282 25284,114,38,1.58,10.00,101,59,283.27,7.80,A,A,0,0,,0,0,,,0,0,4253.09,0.00,no service,no service,0,,,
925,2,2,10081 30027,5,1,60.00,60.00,9,9,505.00,2.42,E,E,0,0,,0,0,,,0,0,2554.39,0.00,no service,no service,0,,,
2401,3,13,10045 10046 10047 10049 10202 10221 10691 10692 10768 10921 13110 19148 37044,160,61,0.98,15.00,80,53,544.49,2.10,A,B,0,0,,0,0,,,0,0,1364.17,0.00,no service,no service,0,,202.00,Matam-NeotPeres
2413,8,6,10045 10046 10049 13110 19148 37044,72,28,2.14,12.00,11,11,121.88,24.43,A,B,0,0,,0,0,,,0,0,4332.45,0.00,no service,no service,0,,201.00,TiratCarmel
1521,1,1,10043,13,5,12.00,20.00,13,11,504.88,1.72,B,C,0,0,,0,0,,,0,0,1555.34,0.00,no service,no service,0,,202.00,Matam-NeotPeres
2402,3,8,10045 10046 10047 10049 13091 13110 19148 37044,111,43,1.40,12.00,53,35,297.39,7.60,A,B,0,0,,0,0,,,0,0,2210.33,0.00,no service,no service,0,,201.00,TiratCarmel
1517,22,31,10017 10024 10029 10030 10043 10045 10046 10047 10049 10115 10123 10132 10133 10202 10221 10691 10692 10768 10910 10921 10947 11003 11777 12011 13110 13112 19148 51054 62004 80001 83001,554,210,0.29,5.45,184,122,88.15,34.64,A,A,8,2,62004 83001,113,42,1.43,5.45,27,24,88.15,12.60,A,A,1,Metronit 4 (purple); Metronit 1 (red),202.00,Matam-NeotPeres
1522,0,0,,0,0,,,0,0,115.11,0.00,no service,no service,0,0,,0,0,,,0,0,402.50,0.00,no service,no service,0,,206.00,BatGalim-KiryatEliezer
1503,4,52,12 20 21 22 23 25 59 62 63 64 66 67 100 102 103 104 105 107 152 153 154 155 157 402 403 405 407 440 441 442 443 444 445 10016 10017 10018 10021 10024 10028 10031 10036 10037 10040 10042 10043 10099 11012 11136 11236 12224 25051 67002,325,124,0.48,5.45,141,93,15.97,27.00,A,A,3,1,67002,53,21,2.86,5.45,21,13,94.32,20.25,A,A,1,Metronit 2 (blue),206.00,BatGalim-KiryatEliezer
1520,6,39,12 20 21 22 23 25 59 62 63 64 66 67 100 102 103 104 105 107 151 152 153 154 155 402 403 405 407 440 441 442 443 444 445 446 10017 10024 13110 19148 83001,173,62,0.97,6.00,109,57,426.27,5.84,A,A,4,1,83001,55,20,3.00,6.00,25,17,426.27,3.89,A,A,1,Metronit 1 (red),203.00,HofCarmel-NeveDavid
2425,6,5,10202 10691 10692 10768 10921,31,12,5.00,15.00,27,25,709.50,0.48,A,B,0,0,,0,0,,,0,0,13281.13,0.00,no service,no service,0,,,
2427,5,5,10202 10693 10694 10768 10921,31,11,5.45,20.00,29,29,465.24,0.91,A,C,0,0,,0,0,,,0,0,18022.85,0.00,no service,no service,0,,,
2417,6,12,10202 10693 10694 10768 10921 11777 11792 11799 17053 17173 19171 43015,62,22,2.73,20.00,41,39,1412.81,1.15,A,C,0,0,,0,0,,,0,0,19274.50,0.00,no service,no service,0,,,
2418,1,1,10694,2,1,60.00,60.00,11,11,623.88,0.38,E,E,0,0,,0,0,,,0,0,20420.46,0.00,no service,no service,0,,,
2424,3,9,10202 10693 10694 10768 10845 10846 10921 10980 17053,25,9,6.67,20.00,15,15,1201.34,0.37,A,C,0,0,,0,0,,,0,0,22666.84,0.00,no service,no service,0,,,
2507,5,7,10693 10710 10768 10921 17053 17173 19171,39,13,4.62,20.00,31,31,124.39,0.73,A,C,0,0,,0,0,,,0,0,25646.95,0.00,no service,no service,0,,,
1206,5,4,14137 15100 17145 37018,29,9,6.67,15.00,32,31,413.10,4.54,A,B,0,0,,0,0,,,0,0,1234.59,0.00,no service,no service,0,,,
1204,1,3,14137 28023 40015,28,9,6.67,15.00,25,22,448.82,1.10,A,B,0,0,,0,0,,,0,0,1142.88,0.00,no service,no service,0,,,
1210,7,30,10123 10168 10169 10251 10255 10262 10265 10271 10272 10281 10342 10361 10631 11136 11165 11166 11167 11170 11344 11434 12341 13171 13252 16380 17282 25284 62004 67002 67003 83001,420,161,0.37,3.00,208,111,333.91,20.42,A,A,4,4,62004 67002 67003 83001,202,81,0.74,3.00,49,47,333.91,11.67,A,A,1,Metronit 4 (purple); Metronit 2 (blue); Metronit 3 (green); Metronit 1 (red),211.00,Bazan-Hutsot
1217,6,1,10042,7,2,30.00,60.00,17,17,108.81,9.16,D,E,0,0,,0,0,,,0,0,508.38,0.00,no service,no service,0,,209.00,Namal-Giborim
1222,0,0,,0,0,,,0,0,1407.82,0.00,no service,no service,0,0,,0,0,,,0,0,1597.40,0.00,no service,no service,0,,211.00,Bazan-Hutsot
1220,2,16,10040 10070 10071 10072 10078 10115 10123 10132 10133 10146 11339 12181 21055 21352 30027 40074,119,43,1.40,10.00,24,14,335.31,4.22,A,A,0,0,,0,0,,,0,0,548.53,0.00,no service,no service,0,,210.00,Hamifrats
1802,0,0,,0,0,,,0,0,1285.75,0.00,no service,no service,0,0,,0,0,,,0,0,1291.33,0.00,no service,no service,0,,,
1203,15,44,10066 10080 10081 10123 10168 10169 10251 10255 10262 10265 10271 10272 10281 10342 10361 10500 11136 11165 11166 11167 11170 11344 11434 12341 12503 13171 13252 16380 17145 17282 23025 25026 25284 27024 28023 30022 36021 37018 40052 49014 62004 67002 67003 83001,607,236,0.25,2.86,271,158,86.69,14.04,A,A,4,4,62004 67002 67003 83001,201,81,0.74,2.86,49,45,296.63,3.75,A,A,1,Metronit 4 (purple); Metronit 2 (blue); Metronit 3 (green); Metronit 1 (red),212.00,TsometKiryatAta
701,4,3,16157 17151 27024,27,8,7.50,12.00,44,27,132.63,7.11,A,B,0,0,,0,0,,,0,0,1423.37,0.00,no service,no service,0,,,
243,2,17,10048 10262 10263 10361 10500 11061 11064 11068 12503 15109 16380 17282 19035 19302 20143 21148 25284,118,41,1.46,15.00,113,64,1317.31,0.14,A,B,0,0,,0,0,,,0,0,5733.14,0.00,no service,no service,0,,,
725,0,0,,0,0,,,0,0,389.81,0.00,no service,no service,0,0,,0,0,,,0,0,1878.18,0.00,no service,no service,0,,,
905,14,17,10066 10080 10081 10168 10169 10255 11165 11166 12341 15144 23025 25026 27024 28023 30022 30027 36021,175,65,0.92,8.57,122,91,270.13,7.19,A,A,0,0,,0,0,,,0,0,649.10,0.00,no service,no service,0,,212.00,TsometKiryatAta
915,4,19,10066 10168 10169 11087 11090 11165 11166 12341 15073 15144 16072 16074 23025 25026 27024 28023 30022 30027 36021,90,38,1.58,10.00,61,37,767.57,1.98,A,A,0,0,,0,0,,,0,0,1897.36,0.00,no service,no service,0,,,
423,16,17,10306 10337 10342 10430 11172 11308 11334 11344 11434 12341 13174 13309 16353 21352 66004 89002 91003,89,32,1.88,30.00,104,90,494.08,3.51,A,D,0,0,,0,0,,,0,0,7328.09,0.00,no service,no service,0,,215.00,Shefaram
719,0,0,,0,0,,,0,0,474.19,0.00,no service,no service,0,0,,0,0,,,0,0,1068.48,0.00,no service,no service,0,,,
237,0,0,,0,0,,,0,0,652.44,0.00,no service,no service,0,0,,0,0,,,0,0,8526.57,0.00,no service,no service,0,,,
238,0,0,,0,0,,,0,0,973.40,0.00,no service,no service,0,0,,0,0,,,0,0,8008.14,0.00,no service,no service,0,,,
727,2,1,13171,3,1,60.00,60.00,10,10,470.90,0.22,E,E,0,0,,0,0,,,0,0,3020.47,0.00,no service,no service,0,,,
917,1,6,10168 10169 10255 11165 11166 12341,25,9,6.67,30.00,10,10,574.80,1.09,A,D,0,0,,0,0,,,0,0,624.05,0.00,no service,no service,0,,213.00,KiryatAta North
1313,3,8,10017 10018 10036 10332 11331 14217 67002 83001,121,45,1.33,6.00,63,50,19.47,32.92,A,A,1,2,67002 83001,55,20,3.00,6.00,19,12,23.43,10.97,A,A,1,Metronit 2 (blue); Metronit 1 (red),208.00,LowerCity
1808,0,0,,0,0,,,0,0,340.97,0.00,no service,no service,0,0,,0,0,,,0,0,340.97,0.00,no service,no service,0,,,
1809,0,0,,0,0,,,0,0,243.17,0.00,no service,no service,0,0,,0,0,,,0,0,243.17,0.00,no service,no service,0,,,
1801,0,0,,0,0,,,0,0,875.01,0.00,no service,no service,0,0,,0,0,,,0,0,883.61,0.00,no service,no service,0,,,
1219,24,97,12 20 22 23 25 27 100 102 103 105 107 152 153 154 155 157 400 402 403 405 407 440 441 442 443 444 445 10007 10016 10040 10070 10071 10072 10078 10115 10123 10131 10132 10133 10142 10146 10168 10169 10251 10255 10262 10265 10271 10272 10281 10306 10338 10342 10361 10430 10500 10505 10631 10960 10993 11136 11165 11166 11167 11170 11172 11188 11300 11302 11336 11339 11344 11358 11434 12248 12301 12341 12503 12773 12793 13171 13180 13252 13360 15100 16380 17282 21055 21075 21352 25284 30027 40074 62004 67002 67003 83001,648,247,0.24,3.53,344,184,95.72,267.19,A,A,2,4,62004 67002 67003 83001,198,76,0.79,3.53,49,47,95.72,22.27,A,A,1,Metronit 4 (purple); Metronit 2 (blue); Metronit 3 (green); Metronit 1 (red),210.00,Hamifrats
1218,4,39,59 62 63 64 66 67 10040 10115 10123 10131 10132 10133 10142 10168 10251 10260 10271 10272 10281 10338 10342 10361 10430 10432 10500 11166 11170 11339 11434 12341 12503 12793 15100 16380 17282 21055 21352 30027 57010,530,201,0.30,0.98,82,67,420.57,7.41,A,A,0,0,,0,0,,,0,0,540.29,0.00,no service,no service,0,,210.00,Hamifrats
1221,3,27,10123 10168 10169 10251 10262 10265 10271 10272 10342 10361 10631 11136 11165 11166 11167 11170 11344 11434 12341 13171 16380 17282 25284 62004 67002 67003 83001,283,107,0.56,3.53,178,84,832.04,1.79,A,A,2,4,62004 67002 67003 83001,198,76,0.79,3.53,49,48,832.04,1.20,A,A,1,Metronit 4 (purple); Metronit 2 (blue); Metronit 3 (green); Metronit 1 (red),210.00,Hamifrats
1211,0,0,,0,0,,,0,0,528.12,0.00,no service,no service,0,0,,0,0,,,0,0,567.26,0.00,no service,no service,0,,210.00,Hamifrats
1216,4,1,10042,7,2,30.00,60.00,17,16,216.50,6.66,D,E,0,0,,0,0,,,0,0,418.94,0.00,no service,no service,0,,209.00,Namal-Giborim
1214,3,1,10042,8,2,30.00,60.00,17,14,158.28,4.06,D,E,0,0,,0,0,,,0,0,1126.04,0.00,no service,no service,0,,,
1224,0,0,,0,0,,,0,0,366.03,0.00,no service,no service,0,0,,0,0,,,0,0,1169.48,0.00,no service,no service,0,,209.00,Namal-Giborim
1213,0,0,,0,0,,,0,0,715.28,0.00,no service,no service,0,0,,0,0,,,0,0,904.68,0.00,no service,no service,0,,,
1212,6,5,11008 14137 15100 15144 17145,41,17,3.53,15.00,55,50,540.09,3.72,A,B,0,0,,0,0,,,0,0,742.95,0.00,no service,no service,0,,210.00,Hamifrats
1205,2,1,37018,10,4,15.00,15.00,5,5,268.66,4.85,B,B,0,0,,0,0,,,0,0,1359.00,0.00,no service,no service,0,,,
1207,9,8,11008 14137 17145 28023 37018 40015 40052 49014,126,48,1.25,10.00,78,72,107.14,8.63,A,A,0,0,,0,0,,,0,0,823.90,0.00,no service,no service,0,,,
1202,2,1,67003,39,22,2.73,2.73,23,21,237.49,7.03,A,A,2,1,67003,39,22,2.73,2.73,23,21,237.49,7.03,A,A,1,Metronit 3 (green),304.00,KiryatHaim West
1208,8,27,12 100 102 103 105 107 152 153 154 155 157 400 440 442 443 444 445 447 10631 17145 28023 36021 37018 40015 40052 49014 67003,191,79,0.76,2.86,99,89,205.19,13.62,A,A,2,1,67003,39,21,2.86,2.86,23,23,403.81,3.40,A,A,1,Metronit 3 (green),211.00,Bazan-Hutsot
1209,8,29,10123 10168 10169 10251 10255 10262 10265 10271 10272 10342 10361 11136 11165 11166 11167 11170 11344 11434 12341 13171 13252 16380 17282 25284 36021 40015 62004 67002 83001,409,150,0.40,6.00,214,114,97.27,43.04,A,A,2,3,62004 67002 83001,161,60,1.00,6.00,31,27,181.31,10.76,A,A,1,Metronit 4 (purple); Metronit 2 (blue); Metronit 1 (red),211.00,Bazan-Hutsot
1629,0,0,,0,0,,,0,0,417.98,0.00,no service,no service,0,0,,0,0,,,0,0,2125.26,0.00,no service,no service,0,,202.00,Matam-NeotPeres
1628,0,0,,0,0,,,0,0,314.11,0.00,no service,no service,0,0,,0,0,,,0,0,973.99,0.00,no service,no service,0,,202.00,Matam-NeotPeres
1518,5,13,10029 10030 10043 10115 10123 10132 10133 11003 12011 13112 51054 62004 80001,272,102,0.59,6.00,114,87,194.91,8.61,A,A,2,1,62004,56,20,3.00,6.00,12,9,203.41,3.45,A,A,1,Metronit 4 (purple),202.00,Matam-NeotPeres
1709,0,0,,0,0,,,0,0,197.99,0.00,no service,no service,0,0,,0,0,,,0,0,323.05,0.00,no service,no service,0,,,
1312,8,10,10017 10018 10036 10332 11331 14217 35058 67002 83001 93001,247,91,0.66,6.00,117,76,121.24,52.78,A,A,4,2,67002 83001,106,40,1.50,6.00,30,21,121.24,26.39,A,A,1,Metronit 2 (blue); Metronit 1 (red),208.00,LowerCity
308,5,11,10262 10263 10361 10500 11305 12503 15039 16380 19302 21057 21093,48,18,3.33,15.00,45,40,1006.66,1.03,A,B,0,0,,0,0,,,0,0,11858.06,0.00,no service,no service,0,,,
1308,3,9,10016 10024 10332 11003 11236 11331 13112 67002 83001,115,41,1.46,6.00,92,71,40.74,41.16,A,A,1,2,67002 83001,52,20,3.00,6.00,11,11,40.74,13.72,A,A,1,Metronit 2 (blue); Metronit 1 (red),208.00,LowerCity
1225,0,0,,0,0,,,0,0,494.20,0.00,no service,no service,0,0,,0,0,,,0,0,494.20,0.00,no service,no service,0,,208.00,LowerCity
241,15,12,11064 11305 11313 11564 12312 17047 22058 22147 25284 33054 42020 46019,75,26,2.31,15.00,48,32,411.38,2.94,A,B,0,0,,0,0,,,0,0,14399.74,0.00,no service,no service,0,,,
417,19,14,10168 10293 10307 11170 11296 11308 12490 16157 18088 20143 21057 43018 44017 66004,82,35,1.71,15.00,98,57,162.60,13.26,A,B,0,0,,0,0,,,0,0,7553.96,0.00,no service,no service,0,,,
1921,15,20,10335 10342 11334 11431 11440 12341 14038 16025 16027 17024 17026 18030 19028 19031 19033 21022 21352 24012 28068 45087,109,38,1.58,15.00,130,66,1459.45,2.16,A,B,0,0,,0,0,,,0,0,19287.75,0.00,no service,no service,0,,217.00,Nazareth
1915,11,25,10337 10430 10432 10505 10836 10962 11334 11431 11434 13360 16027 16123 17024 17026 17032 18030 18122 19028 19031 19033 21022 21352 24036 24065 33070,81,28,2.14,15.00,71,47,579.75,3.91,A,B,0,0,,0,0,,,0,0,21197.76,0.00,no service,no service,0,,,
2414,0,0,,0,0,,,0,0,834.08,0.00,no service,no service,0,0,,0,0,,,0,0,9630.50,0.00,no service,no service,0,,,
1105,11,43,10072 10076 10077 10260 10293 10306 10332 10337 10430 10432 10505 10631 10793 10796 10960 10972 10980 10998 11172 11188 11299 11300 11302 11331 11334 11339 11358 11774 12181 12248 12301 12333 12773 13110 13180 13360 15296 20074 21075 21352 30027 40074 52005,271,116,0.52,5.45,186,118,115.49,2.11,A,A,4,1,52005,22,11,5.45,5.45,15,15,828.93,0.77,A,A,1,Metronit 5 (orange),,
914,2,6,10168 10169 10255 11165 11166 12341,35,13,4.62,30.00,53,40,261.56,3.98,A,D,0,0,,0,0,,,0,0,880.37,0.00,no service,no service,0,,213.00,KiryatAta North
911,1,5,10168 10169 10255 11165 11166,22,8,7.50,30.00,11,11,483.85,1.00,A,D,0,0,,0,0,,,0,0,1612.62,0.00,no service,no service,0,,214.00,KiryatAta North-East
922,5,16,10168 10169 10255 10260 10265 10293 11165 11166 11167 11170 11299 13171 13174 16157 17151 26001,76,31,1.94,20.00,81,67,583.66,6.00,A,C,0,0,,0,0,,,0,0,2817.97,0.00,no service,no service,0,,214.00,KiryatAta North-East
923,1,2,23025 27024,6,3,20.00,30.00,1,1,486.82,1.97,C,D,0,0,,0,0,,,0,0,2794.23,0.00,no service,no service,0,,214.00,KiryatAta North-East
234,1,11,11061 11064 11294 11305 12312 15039 16095 17282 19035 21148 25284,24,9,6.67,60.00,44,23,189.35,4.61,A,E,0,0,,0,0,,,0,0,9290.57,0.00,no service,no service,0,,,
716,6,1,49014,20,7,8.57,15.00,13,13,76.28,9.41,A,B,0,0,,0,0,,,0,0,1054.65,0.00,no service,no service,0,,,
715,1,1,11090,1,1,60.00,60.00,3,3,605.32,1.10,E,E,0,0,,0,0,,,0,0,605.32,0.00,no service,no service,0,,212.00,TsometKiryatAta
1810,2,27,10024 10036 10037 10039 10146 10293 10337 10796 11173 11236 11294 11299 11334 11774 12224 12333 13174 13297 14137 15144 15296 16050 17145 19148 21055 25027 51054,187,83,0.72,6.67,143,67,915.59,0.47,A,A,0,0,,0,0,,,0,0,1749.08,0.00,no service,no service,0,,,
502,2,5,10012 11008 14137 28023 67003,110,44,1.36,2.61,64,29,525.66,2.95,A,A,2,1,67003,44,23,2.61,2.61,23,13,525.66,2.95,A,A,1,Metronit 3 (green),301.00,SavyoneyYam
1719,4,14,10007 10070 10071 10072 10078 10146 10332 11331 11339 12181 13110 30027 40074 52005,153,56,1.07,7.50,87,61,68.30,17.91,A,A,2,1,52005,20,8,7.50,7.50,15,15,286.22,8.95,A,A,1,Metronit 5 (orange),,
113,1,1,23008,9,3,20.00,20.00,9,9,490.34,1.21,C,C,0,0,,0,0,,,0,0,17101.41,0.00,no service,no service,0,,,
2013,4,7,18009 19033 23045 27036 30092 37091 56081,59,22,2.73,15.00,32,32,81.31,25.28,A,B,0,0,,0,0,,,0,0,20805.77,0.00,no service,no service,0,,217.00,Nazareth
710,2,1,49014,20,7,8.57,15.00,13,13,437.60,4.70,A,B,0,0,,0,0,,,0,0,1320.38,0.00,no service,no service,0,,,
724,0,0,,0,0,,,0,0,762.39,0.00,no service,no service,0,0,,0,0,,,0,0,1810.13,0.00,no service,no service,0,,,
924,0,0,,0,0,,,0,0,485.54,0.00,no service,no service,0,0,,0,0,,,0,0,2737.40,0.00,no service,no service,0,,214.00,KiryatAta North-East
916,0,0,,0,0,,,0,0,301.84,0.00,no service,no service,0,0,,0,0,,,0,0,814.64,0.00,no service,no service,0,,,
1226,3,1,37018,10,4,15.00,15.00,5,5,271.98,4.08,B,B,0,0,,0,0,,,0,0,2182.86,0.00,no service,no service,0,,,
1227,0,0,,0,0,,,0,0,273.48,0.00,no service,no service,0,0,,0,0,,,0,0,1801.07,0.00,no service,no service,0,,,
1215,0,0,,0,0,,,0,0,367.44,0.00,no service,no service,0,0,,0,0,,,0,0,456.32,0.00,no service,no service,0,,206.00,BatGalim-KiryatEliezer
717,4,1,49014,21,8,7.50,15.00,13,13,202.25,10.29,A,B,0,0,,0,0,,,0,0,960.65,0.00,no service,no service,0,,,
918,0,0,,0,0,,,0,0,612.51,0.00,no service,no service,0,0,,0,0,,,0,0,733.16,0.00,no service,no service,0,,213.00,KiryatAta North
718,2,10,10265 10342 11167 11170 11344 11434 13171 16157 16353 17151,44,18,3.33,30.00,94,74,461.30,1.92,A,D,0,0,,0,0,,,0,0,1829.76,0.00,no service,no service,0,,,
1519,5,8,10029 10043 10123 10132 10133 12011 37044 51054,80,31,1.94,8.57,31,29,34.04,22.40,A,A,0,0,,0,0,,,0,0,730.93,0.00,no service,no service,0,,202.00,Matam-NeotPeres
1516,5,5,10030 10043 10115 11003 13112,119,41,1.46,10.00,58,46,81.51,10.44,A,A,0,0,,0,0,,,0,0,588.23,0.00,no service,no service,0,,202.00,Matam-NeotPeres
213,1,1,24060,4,1,60.00,60.00,6,6,365.38,1.04,E,E,0,0,,0,0,,,0,0,9035.63,0.00,no service,no service,0,,,
1726,3,13,10040 10115 10123 10131 10132 10133 10332 11331 13110 52005 67002 67003 83001,288,112,0.54,4.00,115,87,64.80,59.21,A,A,2,4,52005 67002 67003 83001,159,63,0.95,4.00,54,48,88.69,39.47,A,A,1,Metronit 5 (orange); Metronit 2 (blue); Metronit 3 (green); Metronit 1 (red),209.00,Namal-Giborim
1728,6,16,10040 10042 10098 10115 10131 10132 10133 13110 13112 16097 24085 42084 43086 44087 52005 67003,192,73,0.82,4.29,96,86,62.73,106.31,A,A,2,2,52005 67003,53,22,2.73,4.29,30,24,62.73,35.44,A,A,1,Metronit 5 (orange); Metronit 3 (green),,
1740,2,29,10016 10017 10018 10019 10020 10028 10036 10038 10076 10077 10083 10123 10783 10970 10972 11080 11081 11096 12081 14217 15144 17145 19148 24085 42084 43086 44087 52082 80001,184,71,0.85,8.57,118,104,73.59,44.08,A,A,0,0,,0,0,,,0,0,867.23,0.00,no service,no service,0,,,
1742,0,0,,0,0,,,0,0,105.21,0.00,no service,no service,0,0,,0,0,,,0,0,819.99,0.00,no service,no service,0,,,
1743,3,4,10083 11009 11081 42084,6,3,20.00,60.00,8,8,120.96,35.90,C,E,0,0,,0,0,,,0,0,575.16,0.00,no service,no service,0,,,
226,3,6,10251 10271 10272 10361 16353 17151,36,12,5.00,15.00,46,27,267.61,5.20,A,B,0,0,,0,0,,,0,0,5098.64,0.00,no service,no service,0,,,
228,6,9,10251 10271 10272 13252 16353 16380 17151 17282 25284,64,21,2.86,10.00,76,52,648.36,4.14,A,A,0,0,,0,0,,,0,0,3376.21,0.00,no service,no service,0,,,
721,4,3,16157 17151 27024,26,8,7.50,12.00,44,33,26.39,11.10,A,B,0,0,,0,0,,,0,0,929.28,0.00,no service,no service,0,,,
206,0,0,,0,0,,,0,0,654.61,0.00,no service,no service,0,0,,0,0,,,0,0,4870.28,0.00,no service,no service,0,,,
245,3,6,10251 10271 13252 16353 17282 25284,50,19,3.16,10.00,54,45,1530.29,0.28,A,A,0,0,,0,0,,,0,0,2719.20,0.00,no service,no service,0,,,
722,0,0,,0,0,,,0,0,902.60,0.00,no service,no service,0,0,,0,0,,,0,0,931.74,0.00,no service,no service,0,,213.00,KiryatAta North
723,0,0,,0,0,,,0,0,702.77,0.00,no service,no service,0,0,,0,0,,,0,0,1478.01,0.00,no service,no service,0,,,
919,0,0,,0,0,,,0,0,539.75,0.00,no service,no service,0,0,,0,0,,,0,0,1097.57,0.00,no service,no service,0,,213.00,KiryatAta North
720,0,0,,0,0,,,0,0,481.29,0.00,no service,no service,0,0,,0,0,,,0,0,1573.73,0.00,no service,no service,0,,,
920,0,0,,0,0,,,0,0,306.45,0.00,no service,no service,0,0,,0,0,,,0,0,1687.33,0.00,no service,no service,0,,214.00,KiryatAta North-East
1223,0,0,,0,0,,,0,0,202.16,0.00,no service,no service,0,0,,0,0,,,0,0,202.16,0.00,no service,no service,0,,,
1811,2,12,10007 10070 10071 10072 10078 10146 10332 12181 13110 30027 40074 52005,120,46,1.30,6.67,83,61,156.61,6.58,A,A,2,1,52005,21,9,6.67,6.67,15,15,156.61,6.58,A,A,1,Metronit 5 (orange),,
1812,6,14,10007 10070 10071 10072 10078 10146 10332 11331 11339 12181 13110 30027 40074 52005,139,54,1.11,6.67,85,62,41.24,46.86,A,A,4,1,52005,21,9,6.67,6.67,15,15,41.24,31.24,A,A,1,Metronit 5 (orange),,
1813,0,0,,0,0,,,0,0,207.65,0.00,no service,no service,0,0,,0,0,,,0,0,207.65,0.00,no service,no service,0,,,
1814,0,0,,0,0,,,0,0,288.12,0.00,no service,no service,0,0,,0,0,,,0,0,288.12,0.00,no service,no service,0,,,
1524,2,2,10043 37044,29,11,5.45,20.00,31,30,290.13,5.74,A,C,0,0,,0,0,,,0,0,974.94,0.00,no service,no service,0,,202.00,Matam-NeotPeres
1638,0,0,,0,0,,,0,0,468.20,0.00,no service,no service,0,0,,0,0,,,0,0,1499.06,0.00,no service,no service,0,,202.00,Matam-NeotPeres
1641,5,11,10024 10029 10037 10082 10795 11095 11236 11791 14137 35058 51054,114,49,1.22,6.00,86,68,81.34,38.36,A,A,0,0,,0,0,,,0,0,1861.69,0.00,no service,no service,0,,,
1640,0,0,,0,0,,,0,0,310.70,0.00,no service,no service,0,0,,0,0,,,0,0,2657.66,0.00,no service,no service,0,,,
1751,1,1,11009,9,4,15.00,15.00,8,8,153.34,20.08,B,B,0,0,,0,0,,,0,0,1018.62,0.00,no service,no service,0,,,
1815,0,0,,0,0,,,0,0,516.99,0.00,no service,no service,0,0,,0,0,,,0,0,516.99,0.00,no service,no service,0,,,
2506,4,13,10060 10202 10694 10710 11070 13085 13701 19171 22003 26002 28084 32022 43023,35,16,3.75,30.00,34,33,319.09,6.37,A,D,0,0,,0,0,,,0,0,23738.44,0.00,no service,no service,0,,,
2420,4,7,10045 10046 10047 10049 13110 19148 37044,121,45,1.33,12.00,53,35,50.02,25.32,A,B,0,0,,0,0,,,0,0,2264.42,0.00,no service,no service,0,,201.00,TiratCarmel
2426,9,7,10045 10046 10049 13091 13110 19148 37044,80,33,1.82,12.00,19,19,166.57,32.03,A,B,0,0,,0,0,,,0,0,3845.50,0.00,no service,no service,0,,201.00,TiratCarmel
244,0,0,,0,0,,,0,0,765.92,0.00,no service,no service,0,0,,0,0,,,0,0,6966.17,0.00,no service,no service,0,,,
212,0,0,,0,0,,,0,0,883.28,0.00,no service,no service,0,0,,0,0,,,0,0,7512.26,0.00,no service,no service,0,,,
211,0,0,,0,0,,,0,0,721.08,0.00,no service,no service,0,0,,0,0,,,0,0,8105.48,0.00,no service,no service,0,,,
320,16,29,10265 10361 10500 10980 11056 12364 12503 13002 13003 14001 14004 16060 16065 16149 16380 17061 17066 17067 18030 18147 20040 20152 21093 25014 25015 26012 26052 73005 78008,214,87,0.69,8.57,134,69,99.08,20.27,A,A,0,0,,0,0,,,0,0,22074.18,0.00,no service,no service,0,,,
319,13,22,10265 13002 13003 14001 14004 15038 16037 16060 16065 16149 17061 17066 18147 20040 20152 25014 25015 26012 26052 30077 73005 78008,189,79,0.76,7.50,74,42,457.59,5.26,A,A,0,0,,0,0,,,0,0,22387.68,0.00,no service,no service,0,,,
207,13,3,19035 30055 46019,25,11,5.45,15.00,27,27,273.74,4.40,A,B,0,0,,0,0,,,0,0,14399.31,0.00,no service,no service,0,,,
1922,6,15,10335 11334 16025 16027 17024 17026 18030 19028 19031 19033 21022 21352 24018 28068 45087,91,32,1.88,15.00,92,46,85.44,4.25,A,B,0,0,,0,0,,,0,0,20161.30,0.00,no service,no service,0,,217.00,Nazareth
3211,8,7,12503 12558 16143 20103 25053 28111 34043,14,6,10.00,30.00,15,15,436.31,0.40,A,D,0,0,,0,0,,,0,0,50190.41,0.00,no service,no service,0,,,
3527,28,11,10432 12490 13488 14038 16123 19031 19037 19039 22033 26030 45025,30,10,6.00,30.00,52,28,715.18,0.89,A,D,0,0,,0,0,,,0,0,38625.70,0.00,no service,no service,0,,,
3524,26,21,10432 10537 10961 12490 13488 14038 16123 19031 20057 20060 22026 22051 22071 24024 24028 24063 26030 26072 27020 42023 45025,51,21,2.86,20.00,65,36,241.59,1.90,A,C,0,0,,0,0,,,0,0,42779.12,0.00,no service,no service,0,,,
3621,7,6,10843 11411 11412 14413 18151 19041,36,13,4.62,30.00,34,20,1803.73,0.26,A,D,0,0,,0,0,,,0,0,37711.73,0.00,no service,no service,0,,,
3623,23,9,11411 11412 11994 18151 19041 24019 32013 32014 32057,84,30,2.00,15.00,24,18,1036.93,1.29,A,B,0,0,,0,0,,,0,0,29138.42,0.00,no service,no service,0,,,
3531,8,10,10432 10843 10961 10966 18151 22026 24024 24028 31027 45025,25,10,6.00,20.00,41,27,507.73,0.59,A,C,0,0,,0,0,,,0,0,47694.50,0.00,no service,no service,0,,,
3915,5,1,12034,2,1,60.00,60.00,4,4,280.33,1.21,E,E,0,0,,0,0,,,0,0,29601.09,0.00,no service,no service,0,,,
3701,18,7,10843 10961 10966 18151 24028 25029 31027,22,10,6.00,15.00,24,18,302.09,0.33,A,B,0,0,,0,0,,,0,0,48354.09,0.00,no service,no service,0,,,
3530,29,24,10432 10537 10843 10961 10966 12490 13488 14038 16123 18151 19031 20057 20060 22026 22051 22071 24024 24028 24063 26072 27020 31027 42023 45025,50,25,2.40,20.00,66,35,1510.51,0.83,A,C,0,0,,0,0,,,0,0,48986.46,0.00,no service,no service,0,,,
3202,27,9,11030 11035 11036 12358 21058 27095 29092 29094 31037,19,8,7.50,60.00,10,10,859.21,0.91,A,E,0,0,,0,0,,,0,0,65584.15,0.00,no service,no service,0,,,
3209,31,21,10500 10505 10511 10541 10542 10845 10963 11030 11032 11258 12003 17045 17179 20043 22054 22059 28111 29092 29094 71012 78011,95,31,1.94,30.00,91,17,2949.48,0.29,A,D,0,0,,0,0,,,0,0,57475.24,0.00,no service,no service,0,,,
3301,8,1,11024,2,2,30.00,60.00,4,4,877.33,0.49,D,E,0,0,,0,0,,,0,0,57851.38,0.00,no service,no service,0,,,
3203,35,12,11020 11024 11030 11035 11036 11258 12358 21058 22054 22059 31037 50010,34,11,5.45,20.00,15,12,279.01,1.51,A,C,0,0,,0,0,,,0,0,62443.62,0.00,no service,no service,0,,,
3901,19,4,19032 19048 24035 27050,11,4,15.00,60.00,19,11,641.23,0.42,B,E,0,0,,0,0,,,0,0,22708.15,0.00,no service,no service,0,,,
3308,12,17,10361 10367 10500 10505 10511 10541 10542 10845 10846 10963 24090 27086 28054 28111 30020 31087 41017,71,26,2.31,30.00,105,32,2140.07,0.56,A,D,0,0,,0,0,,,0,0,44578.84,0.00,no service,no service,0,,,
3302,39,12,10500 10505 10511 10541 10542 10845 10963 11032 17045 17179 20043 28111,56,19,3.16,30.00,79,10,589.88,0.65,A,D,0,0,,0,0,,,0,0,50534.11,0.00,no service,no service,0,,,
3709,18,22,61 62 63 64 65 66 67 69 71 10843 11411 11412 14413 18151 25029 28017 30016 31027 40019 51021 84001 84002,75,27,2.22,30.00,43,26,192.66,0.52,A,D,0,0,,0,0,,,0,0,46817.18,0.00,no service,no service,0,,,
3602,21,2,12350 14352,14,6,10.00,30.00,20,12,177.96,3.79,A,D,0,0,,0,0,,,0,0,26880.29,0.00,no service,no service,0,,,
3529,15,7,10442 10541 10542 11991 17240 22033 26030,38,15,4.00,30.00,56,33,558.61,1.69,A,D,0,0,,0,0,,,0,0,31131.37,0.00,no service,no service,0,,,
3909,14,5,10768 13241 16068 17069 19171,36,15,4.00,20.00,37,25,108.80,8.74,A,C,0,0,,0,0,,,0,0,27767.86,0.00,no service,no service,0,,,
3309,18,14,10361 10367 10846 10980 10982 11365 11440 11991 12364 18147 18148 20043 35064 65005,50,21,2.86,20.00,72,28,457.76,0.88,A,C,0,0,,0,0,,,0,0,35991.94,0.00,no service,no service,0,,,
3401,26,2,17027 20028,6,2,30.00,60.00,9,8,494.93,1.07,D,E,0,0,,0,0,,,0,0,30867.04,0.00,no service,no service,0,,,
3204,7,7,11084 12358 13081 21058 31037 71012 78011,26,14,4.29,15.00,10,9,441.85,2.54,A,B,0,0,,0,0,,,0,0,60851.19,0.00,no service,no service,0,,,
3411,17,10,10281 10367 11294 16044 16045 16046 17285 18040 18076 23050,32,12,5.00,30.00,71,34,328.95,1.83,A,D,0,0,,0,0,,,0,0,25946.90,0.00,no service,no service,0,,,
3303,14,1,20043,4,1,60.00,60.00,12,3,1018.26,0.44,E,E,0,0,,0,0,,,0,0,40027.36,0.00,no service,no service,0,,,
3216,26,17,10500 10505 10541 10542 10845 10963 10984 11522 12450 12503 12558 13360 16143 18059 29041 35051 46073,73,31,1.94,30.00,77,31,761.65,0.71,A,D,0,0,,0,0,,,0,0,44645.34,0.00,no service,no service,0,,,
3422,23,14,10281 10367 11294 11368 14039 16041 16044 16045 16046 17042 18040 23049 23050 26053,51,17,3.53,30.00,77,45,200.99,1.20,A,D,0,0,,0,0,,,0,0,19910.53,0.00,no service,no service,0,,,
3711,12,4,10961 10966 14967 51021,9,3,20.00,60.00,7,7,372.81,1.41,C,E,0,0,,0,0,,,0,0,51550.36,0.00,no service,no service,0,,,
3505,3,7,11056 11365 16149 16380 18030 18148 20040,17,5,12.00,30.00,41,24,440.26,0.61,B,D,0,0,,0,0,,,0,0,27910.31,0.00,no service,no service,0,,,
3413,15,11,10367 16041 16044 16046 19035 22070 26012 33082 37004 41002 53001,59,21,2.86,15.00,27,20,168.58,22.28,A,B,0,0,,0,0,,,0,0,24940.89,0.00,no service,no service,0,,,
3628,18,3,10843 21051 24050,9,1,60.00,60.00,11,6,413.85,0.80,E,E,0,0,,0,0,,,0,0,28443.49,0.00,no service,no service,0,,,
3501,29,9,10541 12450 15142 18059 23061 23062 25052 29041 36048,26,12,5.00,30.00,39,22,887.92,0.86,A,D,0,0,,0,0,,,0,0,44832.49,0.00,no service,no service,0,,,
3712,1,1,23053,3,1,60.00,60.00,6,1,2299.83,0.04,E,E,0,0,,0,0,,,0,0,46827.29,0.00,no service,no service,0,,,
3321,6,10,10500 10505 10541 10542 12450 12503 13360 18059 29041 35051,45,17,3.53,30.00,67,35,482.04,0.30,A,D,0,0,,0,0,,,0,0,38947.04,0.00,no service,no service,0,,,
3304,13,5,10281 10367 20028 20043 22075,21,5,12.00,30.00,57,18,367.22,0.64,B,D,0,0,,0,0,,,0,0,33895.37,0.00,no service,no service,0,,,
3504,12,16,10505 10542 10845 10963 11056 11440 11991 13360 16149 16380 18148 21054 27055 31004 42091 57006,56,22,2.73,20.00,57,31,322.35,1.30,A,C,0,0,,0,0,,,0,0,30966.63,0.00,no service,no service,0,,,
3503,17,20,10500 10505 10537 10542 10845 10963 10981 10982 10984 11056 11437 11440 11991 12503 13360 16149 18148 21054 27055 35051,66,23,2.61,30.00,78,41,568.28,0.54,A,D,0,0,,0,0,,,0,0,32866.65,0.00,no service,no service,0,,,
3421,54,16,11313 11368 14322 17285 18076 19035 22070 22075 23049 25092 26012 26053 29074 30077 33082 37004,52,26,2.31,20.00,46,34,109.12,11.07,A,C,0,0,,0,0,,,0,0,22194.33,0.00,no service,no service,0,,,
3425,7,5,11313 11368 14322 17285 26012,19,7,8.57,30.00,31,28,115.15,2.49,A,D,0,0,,0,0,,,0,0,21647.10,0.00,no service,no service,0,,,
4003,7,25,10634 10708 10730 10821 10825 10843 10852 10942 11026 11632 11799 11833 12729 14163 17046 17064 17065 19032 19063 20049 21070 25021 25060 25061 26029,158,64,0.94,15.00,67,47,903.43,0.54,A,B,0,0,,0,0,,,0,0,35737.98,0.00,no service,no service,0,,,
4022,28,3,10981 11992 17065,9,4,15.00,30.00,9,1,785.51,1.51,B,D,0,0,,0,0,,,0,0,38598.51,0.00,no service,no service,0,,,
3805,25,21,11247 12248 13241 13246 13299 14298 15133 15296 17046 19038 19045 21039 24044 24062 28027 30025 38028 56006 58004 68003 88002,199,79,0.76,6.00,61,43,121.73,28.94,A,A,0,0,,0,0,,,0,0,25806.30,0.00,no service,no service,0,,,
3109,17,23,10843 10966 18151 19079 20057 20060 22051 22071 24076 25019 26074 28111 30078 30088 31017 33016 35084 38083 38085 38090 40012 41089 61080,34,17,3.53,60.00,35,12,1057.86,0.19,A,E,0,0,,0,0,,,0,0,59639.83,0.00,no service,no service,0,,,
3111,33,21,10843 10966 18151 19079 20057 20060 22051 22071 24024 24063 25019 25077 26072 28111 30078 33016 35084 38085 40012 47018 61080,31,18,3.33,60.00,36,11,1871.02,0.31,A,E,0,0,,0,0,,,0,0,54971.47,0.00,no service,no service,0,,,
3105,38,13,11258 12558 21058 22054 22059 27095 29092 29094 31037 31086 34013 39087 40097,16,12,5.00,60.00,23,13,494.37,0.14,A,E,0,0,,0,0,,,0,0,66764.22,0.00,no service,no service,0,,,
3102,7,6,12358 21058 26068 27095 31037 40097,10,5,12.00,60.00,12,10,1057.89,0.21,B,E,0,0,,0,0,,,0,0,70370.27,0.00,no service,no service,0,,,
3522,7,15,10430 10442 10836 10969 19037 19039 21044 22033 27009 30007 38011 39005 45025 65001 78015,117,43,1.40,8.57,46,32,252.53,11.90,A,A,0,0,,0,0,,,0,0,36366.07,0.00,no service,no service,0,,,
3318,4,1,35004,16,6,10.00,15.00,9,4,547.70,1.77,A,B,0,0,,0,0,,,0,0,40152.30,0.00,no service,no service,0,,,
3320,2,1,21009,6,2,30.00,60.00,4,4,553.71,0.40,D,E,0,0,,0,0,,,0,0,38386.38,0.00,no service,no service,0,,,
3914,21,8,10826 10836 10845 10910 10947 19076 22009 53080,39,14,4.29,20.00,11,11,260.53,4.46,A,C,0,0,,0,0,,,0,0,32592.63,0.00,no service,no service,0,,,
4002,23,27,10634 10796 10821 10825 10843 10942 11026 11632 11799 11833 12720 13160 13241 14163 15002 15133 17046 17064 17065 19045 19063 20049 24044 24059 25060 25061 28071,178,66,0.91,20.00,76,45,819.23,2.14,A,C,0,0,,0,0,,,0,0,33427.25,0.00,no service,no service,0,,,
3513,10,23,10430 10432 10442 10537 10541 10836 10962 10969 11431 11434 11437 12490 13488 14038 15142 16123 18122 19031 19037 19039 21044 24036 27009,90,37,1.62,10.00,96,49,1571.27,0.58,A,A,0,0,,0,0,,,0,0,33566.67,0.00,no service,no service,0,,,
3905,7,9,10202 10694 10708 13701 14156 14157 21070 35090 86001,59,20,3.00,20.00,39,32,785.48,1.30,A,C,0,0,,0,0,,,0,0,24991.10,0.00,no service,no service,0,,,
3913,14,12,10826 10836 10845 10910 10947 19076 21074 22009 23010 30075 50011 53080,57,24,2.50,15.00,59,23,332.67,2.89,A,B,0,0,,0,0,,,0,0,30004.13,0.00,no service,no service,0,,,
4006,2,1,42009,6,2,30.00,30.00,4,4,735.87,0.71,D,D,0,0,,0,0,,,0,0,35491.63,0.00,no service,no service,0,,,
4009,0,0,,0,0,,,0,0,798.61,0.00,no service,no service,0,0,,0,0,,,0,0,35917.90,0.00,no service,no service,0,,,
3613,6,19,10442 10541 10542 11994 12350 14352 14413 17240 19046 20042 22044 26030 32013 32014 34010 52003 57002 90011 99005,151,53,1.13,10.00,20,19,376.01,11.50,A,A,0,0,,0,0,,,0,0,26783.73,0.00,no service,no service,0,,,
3624,20,4,10843 22049 23052 23053,16,5,12.00,60.00,16,9,125.76,0.99,B,E,0,0,,0,0,,,0,0,31012.72,0.00,no service,no service,0,,,
3625,3,12,10821 10825 10843 10953 11247 11300 11302 12720 13246 14156 21051 24050,32,11,5.45,30.00,18,13,1441.63,0.26,A,D,0,0,,0,0,,,0,0,26672.75,0.00,no service,no service,0,,,
3611,4,15,10442 10541 10542 11991 11994 12350 14352 17240 19046 20042 22044 26030 32013 34010 90011,97,32,1.88,15.00,68,36,172.66,9.57,A,B,0,0,,0,0,,,0,0,27951.53,0.00,no service,no service,0,,,
3920,1,1,12034,2,1,60.00,60.00,4,4,1347.53,0.32,E,E,0,0,,0,0,,,0,0,28932.44,0.00,no service,no service,0,,,
3902,2,2,19032 24035,7,2,30.00,60.00,11,11,916.75,0.31,D,E,0,0,,0,0,,,0,0,27477.81,0.00,no service,no service,0,,,
4001,33,43,10027 10631 10634 10796 10821 10825 10869 10870 10953 10955 11026 11632 11792 11799 11833 12233 12720 13160 13241 13297 13299 14163 14298 15133 17046 17064 17065 19045 19048 19063 20049 22025 24044 24059 25060 25061 28071 33020 35022 45018 47007 53008 53017,257,91,0.66,15.00,92,57,403.00,2.43,A,B,0,0,,0,0,,,0,0,30904.65,0.00,no service,no service,0,,,
4018,6,1,31024,8,3,20.00,30.00,4,4,270.91,4.44,C,D,0,0,,0,0,,,0,0,35484.32,0.00,no service,no service,0,,,
3607,9,2,14413 19046,11,6,10.00,30.00,20,10,1101.97,0.81,A,D,0,0,,0,0,,,0,0,31491.16,0.00,no service,no service,0,,,
3523,13,31,10430 10432 10442 10505 10537 10541 10542 10836 10962 10982 10984 11431 11434 11437 11440 11991 12490 13360 13488 14038 14288 16123 17024 17180 17240 18030 18122 19028 19031 22033 24036,131,56,1.07,20.00,131,74,1359.13,0.33,A,C,0,0,,0,0,,,0,0,29004.87,0.00,no service,no service,0,,,
3814,7,3,19038 19048 20049,18,6,10.00,20.00,22,13,472.90,2.04,A,C,0,0,,0,0,,,0,0,28691.19,0.00,no service,no service,0,,,
4021,67,15,10759 10796 11777 11799 12233 14620 15133 17064 17113 18052 23633 24044 24059 31024 36014,92,40,1.50,15.00,45,22,98.42,9.93,A,B,0,0,,0,0,,,0,0,38476.92,0.00,no service,no service,0,,,
3823,7,25,10631 10634 10821 10825 10942 10953 11026 11632 12720 13160 13241 13297 13299 14163 17046 19045 19048 20049 22025 24044 25060 25061 28071 45018 53008,93,39,1.54,20.00,56,38,1460.31,0.92,A,C,0,0,,0,0,,,0,0,29485.27,0.00,no service,no service,0,,,
3703,16,2,14413 30016,11,4,15.00,60.00,18,9,1710.91,0.42,B,E,0,0,,0,0,,,0,0,53724.71,0.00,no service,no service,0,,,
3214,9,2,26063 46073,8,3,20.00,60.00,9,7,94.89,2.13,C,E,0,0,,0,0,,,0,0,46108.92,0.00,no service,no service,0,,,
3702,0,0,,0,0,,,0,0,2281.94,0.00,no service,no service,0,0,,0,0,,,0,0,47108.20,0.00,no service,no service,0,,,
3921,54,38,220 222 223 224 225 226 227 228 229 230 231 233 10202 10710 10716 10825 10852 10921 11028 11632 12005 13160 13241 14067 15002 15004 16068 17001 17053 19076 21074 21079 22009 23010 30075 50011 53080 69012,218,81,0.74,15.00,60,52,873.43,3.92,A,B,0,0,,0,0,,,0,0,32417.39,0.00,no service,no service,0,,,
3922,11,3,19076 22009 53080,13,6,10.00,20.00,10,7,476.89,4.24,A,C,0,0,,0,0,,,0,0,32344.45,0.00,no service,no service,0,,,
3306,2,1,17045,4,0,,,9,7,554.44,1.44,no service,no service,0,0,,0,0,,,0,0,40931.03,0.00,no service,no service,0,,,
3713,1,1,23053,3,0,,,6,1,3338.17,0.06,no service,no service,0,0,,0,0,,,0,0,49919.12,0.00,no service,no service,0,,,
3420,3,1,23050,2,1,60.00,60.00,13,13,318.26,5.89,E,E,0,0,,0,0,,,0,0,24672.38,0.00,no service,no service,0,,,
3110,25,21,10966 18151 19079 20060 22051 22071 24024 24063 24076 25019 25077 26074 28111 30078 30088 31017 35084 38085 41089 47018 61080,30,20,3.00,30.00,25,6,619.03,0.33,A,D,0,0,,0,0,,,0,0,60518.38,0.00,no service,no service,0,,,
3620,9,5,10843 11411 11412 14413 18151,31,11,5.45,30.00,34,22,3450.42,0.17,A,D,0,0,,0,0,,,0,0,43110.21,0.00,no service,no service,0,,,
3418,19,16,10281 10367 11294 11368 14039 16041 16044 16045 16046 18040 23049 23050 26053 37004 41002 53001,71,25,2.40,20.00,77,43,44.97,8.59,A,C,0,0,,0,0,,,0,0,23701.32,0.00,no service,no service,0,,,
3525,2,3,15142 19039 45025,9,3,20.00,30.00,10,10,94.01,8.99,C,D,0,0,,0,0,,,0,0,40182.63,0.00,no service,no service,0,,,
3610,9,24,10356 10442 10541 10542 10984 11991 11994 12350 14352 14413 17240 19033 19046 20042 21047 22044 26030 32013 32014 34010 52003 57002 90011 99005,231,83,0.72,10.00,75,31,257.41,18.19,A,A,0,0,,0,0,,,0,0,27298.26,0.00,no service,no service,0,,,
3705,8,12,10843 11411 14413 18151 25029 28017 30016 31027 40019 51021 84001 84002,56,18,3.33,30.00,36,24,101.76,6.04,A,D,0,0,,0,0,,,0,0,47960.46,0.00,no service,no service,0,,,
3813,0,0,,0,0,,,0,0,753.20,0.00,no service,no service,0,0,,0,0,,,0,0,27968.39,0.00,no service,no service,0,,,
3822,3,4,13297 25061 45018 53008,20,7,8.57,30.00,28,14,103.74,1.58,A,D,0,0,,0,0,,,0,0,29982.11,0.00,no service,no service,0,,,
3428,7,12,10281 10367 11294 11368 16041 16044 16045 16046 18040 23049 23050 26053,45,17,3.53,30.00,76,44,1458.95,0.56,A,D,0,0,,0,0,,,0,0,22922.14,0.00,no service,no service,0,,,
3430,0,0,,0,0,,,0,0,529.68,0.00,no service,no service,0,0,,0,0,,,0,0,20252.19,0.00,no service,no service,0,,,
3803,8,1,21039,12,4,15.00,30.00,2,2,874.23,0.75,B,D,0,0,,0,0,,,0,0,25185.11,0.00,no service,no service,0,,,
3410,1,2,25014 25015,5,2,30.00,60.00,3,3,352.61,0.33,D,E,0,0,,0,0,,,0,0,24276.99,0.00,no service,no service,0,,,
3825,29,10,10631 10634 11632 13160 14163 19063 22025 25060 28071 35022,73,28,2.14,15.00,27,23,121.92,29.94,A,B,0,0,,0,0,,,0,0,31331.87,0.00,no service,no service,0,,,
3830,2,1,33020,15,6,10.00,20.00,4,4,10.54,5.64,A,C,0,0,,0,0,,,0,0,32492.74,0.00,no service,no service,0,,,
3828,13,9,10027 10634 13160 14163 22025 25060 28071 33020 35022,79,29,2.07,15.00,20,17,103.53,10.55,A,B,0,0,,0,0,,,0,0,32676.35,0.00,no service,no service,0,,,
3829,1,1,35022,7,2,30.00,30.00,0,0,128.35,5.75,D,D,0,0,,0,0,,,0,0,31870.54,0.00,no service,no service,0,,,
3827,10,7,10634 13160 22025 25060 28071 33020 35022,68,26,2.31,15.00,18,13,60.63,26.36,A,B,0,0,,0,0,,,0,0,31740.34,0.00,no service,no service,0,,,
