stop_a,stop_b,routed_m,straight_m,covered_m,observed_min,n_trips,flag
1034,1036,422.09,280.27,422.09,0.37,5,ok
1036,36003,1428.26,1130.39,1428.26,1.46,3,ok
1036,36111,464.26,370.76,464.26,0.65,4,ok
1038,1216,950.84,518.27,690.12,1.92,2,ok
1038,1217,924.83,650.70,897.79,1.91,1,ok_undirected
1040,1034,609.64,582.11,609.64,1.50,5,ok
1041,1046,361.92,404.13,361.92,0.62,33,ok
1041,4134,662.21,597.48,662.21,1.63,2,ok
1042,17208,444.74,401.10,444.74,0.85,58,ok
1043,1041,154.98,75.43,154.98,0.31,6,ok_undirected
1043,1636,1943.68,976.90,1943.68,3.05,4,ok_undirected
1043,3591,144.60,148.17,144.60,0.34,55,ok_undirected
1046,1048,196.29,174.61,196.29,0.65,5,ok
1046,4134,300.29,196.07,300.29,1.02,28,ok
1047,1043,215.74,225.52,215.74,0.39,65,ok_undirected
1048,1042,719.55,662.97,719.55,1.63,11,ok
1048,1082,1821.36,903.15,1740.95,3.31,5,ok
1048,3589,338.50,332.26,270.91,0.88,11,ok
1048,3591,728.79,774.80,728.79,1.65,21,ok
1051,1048,227.29,229.27,227.29,0.57,32,ok
1051,4134,331.29,220.56,331.29,0.94,33,ok
1052,1047,943.84,318.79,943.84,1.89,65,ok
1053,3785,213.90,193.99,213.90,0.44,58,ok
1057,1052,300.48,205.01,300.48,0.61,65,ok_undirected
1061,1072,412.32,370.58,412.32,0.63,2,ok
1066,17220,408.30,447.92,408.30,0.69,14,ok
1067,1040,1039.29,920.75,1039.29,1.15,5,ok
1068,1066,633.16,568.85,633.16,1.19,14,ok
1071,1048,740.45,687.76,740.45,1.56,11,ok
1071,1051,513.16,469.28,513.16,1.00,40,ok
1071,1646,305.66,280.48,305.66,0.53,3,ok
1071,4134,844.45,685.82,844.45,1.93,7,ok
1072,1068,309.65,304.58,309.65,0.44,2,ok
1074,17222,1009.10,956.22,17.59,0.81,2,ok
1077,1057,963.57,525.64,963.57,1.87,52,ok_undirected
1077,43512,716.85,690.13,716.85,1.38,17,ok
1077,44095,687.84,510.27,687.84,1.71,29,ok
1077,44100,775.95,487.78,775.95,2.05,7,ok
1077,44101,775.95,487.78,775.95,2.05,30,ok
1081,1071,485.73,390.78,485.73,0.82,32,ok
1081,1082,348.30,302.60,348.30,0.66,15,ok_undirected
1082,2580,626.18,473.86,626.18,1.07,45,ok
1086,1091,252.03,265.03,252.03,0.55,14,ok
1087,1095,335.12,325.31,335.12,0.60,14,ok
1090,1125,1073.25,1044.70,989.02,1.18,41,ok_undirected
1090,3216,974.32,920.29,918.54,0.96,2,ok_undirected
1091,44358,768.21,813.39,768.21,1.43,14,ok
1092,1071,738.88,470.36,726.05,1.40,29,ok
1092,3331,536.32,460.97,523.50,0.97,20,ok
1092,4134,1583.33,977.02,1570.50,3.34,4,ok
1095,1086,685.12,681.89,685.12,1.28,14,ok
1097,1077,608.40,355.73,608.40,1.91,114,ok
1097,17203,446.30,262.86,446.30,1.35,6,ok_undirected
1097,38700,133.31,170.79,0.00,2.02,6,no_coverage
1097,44100,1384.35,819.69,1384.35,3.96,1,ok
1098,38659,4821.71,2786.25,4821.71,5.76,32,ok
1098,50804,2983.60,2717.36,2983.60,3.39,3,ok
1099,3000,936.21,583.65,936.21,2.01,32,ok
1099,42581,1319.18,569.24,1307.63,3.41,31,ok
1107,3491,2200.79,596.88,2200.79,6.62,64,ok
1107,38923,2461.09,547.39,2461.09,7.29,7,ok
1109,1077,590.28,611.41,590.28,1.85,15,ok
1109,1097,250.71,255.86,250.71,0.81,94,ok_undirected
1109,1107,1262.70,477.24,983.82,4.26,48,ok
1110,1131,1971.71,1916.48,1971.71,2.80,5,ok
1111,1081,890.58,915.51,890.58,1.08,42,ok
1115,1132,2859.36,268.98,1842.33,7.04,37,ok
1124,1109,317.44,238.96,317.44,1.03,76,ok
1124,47885,758.72,362.45,758.72,2.34,16,ok
1124,47973,758.72,362.45,758.72,2.34,2,ok
1124,47975,758.72,362.45,758.72,2.34,16,ok
1124,48060,758.72,362.45,758.72,2.34,21,ok
1124,48340,613.33,433.96,613.33,2.07,35,ok
1125,1165,1990.22,1810.32,1990.22,2.40,30,ok
1125,1166,1980.37,1707.49,1980.37,2.26,4,ok
1125,1217,7905.64,7756.93,7905.64,10.68,1,ok_undirected
1125,44364,2032.59,1736.57,2032.59,2.94,7,ok
1126,1128,89.65,152.66,89.65,0.32,32,ok
1128,1115,,291.37,,1.30,37,unreachable
1131,42994,39.86,110.91,39.86,0.15,5,ok
1132,41518,759.33,390.68,759.33,2.07,25,ok
1133,42991,182.06,142.44,182.06,0.96,11,ok
1134,2838,176.04,226.98,176.04,0.62,11,ok
1134,2945,219.54,178.05,219.54,0.65,9,ok
1140,4027,156.76,146.07,156.76,0.67,17,ok
1141,1144,293.94,277.93,293.94,0.85,131,ok
1143,1153,341.99,234.19,341.99,1.36,6,ok
1143,41523,244.18,266.09,244.18,1.01,11,ok
1144,1170,245.61,182.94,245.61,0.69,179,ok
1144,1191,496.74,439.76,496.74,1.34,1,ok
1144,42619,493.32,373.20,493.32,1.56,2,ok
1145,4028,152.53,166.18,152.53,0.41,10,ok
1148,4031,274.23,215.86,274.23,0.66,2,ok_undirected
1148,4045,307.95,280.43,307.95,0.80,5,ok_undirected
1149,1153,218.55,197.30,218.55,0.75,2,ok
1152,1148,261.14,224.23,261.14,0.85,7,ok_undirected
1152,4028,281.98,256.50,281.98,0.79,50,ok
1153,1162,403.43,413.66,403.43,1.17,14,ok
1154,1111,2103.65,1826.67,2103.65,3.47,40,ok
1155,1152,277.17,286.46,277.17,0.93,57,ok_undirected
1155,1162,224.26,197.78,224.26,0.67,11,ok
1158,39221,194.70,116.10,194.70,0.58,45,ok_undirected
1162,41518,532.83,199.02,532.83,1.73,25,ok
1163,1155,315.86,180.71,315.86,0.83,68,ok
1165,1208,2512.05,2309.64,2512.05,2.85,16,ok
1165,1642,2352.34,2353.59,2352.34,2.35,19,ok
1166,1259,2155.42,2169.37,2155.42,2.30,9,ok
1166,43455,2283.64,2112.40,2283.64,2.71,8,ok
1167,1190,265.83,271.66,125.08,0.71,2,ok
1168,1669,658.21,280.37,658.21,1.70,58,ok
1168,47885,1305.15,672.32,1305.15,4.32,13,ok
1168,47973,1305.15,672.32,1305.15,4.32,6,ok
1168,47975,1305.15,672.32,1305.15,4.32,12,ok
1168,48060,1305.15,672.32,1305.15,4.32,14,ok
1169,1124,1350.84,644.91,1350.84,4.34,2,ok
1169,17271,850.29,381.63,850.29,2.56,196,ok
1169,48351,1663.52,797.16,1663.52,4.68,8,ok
1170,1184,504.79,376.83,504.79,1.34,13,ok
1170,1191,251.12,258.94,251.12,0.65,130,ok
1170,1207,570.30,537.37,570.30,1.28,41,ok
1173,1643,651.57,461.09,651.57,2.00,6,ok
1176,1177,258.71,287.10,258.71,0.72,6,ok
1176,1178,153.94,154.31,153.94,0.41,44,ok_undirected
1176,41514,295.39,195.53,295.39,0.66,12,ok
1177,1179,175.07,101.91,175.07,0.51,9,ok
1177,46628,352.49,364.13,352.49,1.03,8,ok
1178,1177,232.37,132.80,232.37,0.61,11,ok_undirected
1178,1179,252.54,211.55,252.54,0.69,33,ok_undirected
1179,1194,221.91,209.90,221.91,0.56,65,ok
1180,17272,237.71,173.05,237.71,0.80,35,ok
1183,1149,688.24,379.35,688.24,1.74,2,ok
1184,1168,367.29,269.44,367.29,0.89,103,ok
1184,1173,187.35,104.12,187.35,0.80,6,ok_undirected
1184,1195,175.40,143.35,175.40,0.55,37,ok
1184,1207,768.55,385.99,768.55,2.80,13,ok
1184,1643,662.43,544.04,662.43,1.76,1,ok
1186,1183,267.63,200.89,267.63,1.04,2,ok
1186,4033,289.35,208.92,289.35,0.62,6,ok
1187,1188,270.08,314.76,270.08,0.80,123,ok
1187,1207,561.94,374.99,561.94,1.35,14,ok
1187,2656,355.50,368.51,355.50,1.09,5,ok
1188,1169,258.23,167.89,258.23,0.67,144,ok_undirected
1190,1225,668.00,598.62,668.00,1.69,2,ok
1190,1227,653.98,654.44,653.98,1.67,13,ok
1191,1184,253.67,218.85,253.67,0.69,139,ok
1192,1205,361.79,256.67,361.79,1.12,2,ok
1192,1209,581.15,253.11,564.77,1.95,23,ok
1194,1198,350.39,266.29,350.39,0.96,65,ok
1195,1207,593.15,382.23,593.15,2.24,2,ok
1195,16950,315.67,270.99,315.67,1.01,21,ok
1195,42586,413.24,266.85,413.24,1.26,14,ok
1197,1169,783.03,370.89,774.47,2.26,62,ok
1197,1184,591.22,314.06,591.22,1.55,14,ok
1197,1188,330.45,203.01,330.45,0.84,13,ok
1197,1191,337.56,147.38,337.56,0.86,8,ok
1198,1192,268.58,164.00,268.58,0.78,25,ok
1198,17219,246.20,215.20,246.20,0.61,10,ok
1198,41513,389.49,323.85,389.49,1.02,30,ok
1200,1205,333.22,207.08,333.22,1.06,23,ok
1200,1209,552.58,267.98,536.21,1.89,2,ok
1202,1180,298.82,341.43,298.82,0.71,35,ok
1203,1559,803.40,713.21,803.40,1.00,3,ok
1203,1566,817.03,811.51,817.03,1.01,14,ok
1205,1202,283.52,190.20,283.52,0.79,35,ok
1207,1213,66.70,134.96,66.70,0.15,7,ok
1207,1223,384.03,422.77,384.03,0.66,60,ok
1207,1231,772.41,745.17,772.41,1.37,8,ok
1208,1176,773.24,509.26,773.24,1.95,12,ok
1208,1205,287.67,212.16,287.67,0.80,12,ok
1208,4029,845.19,849.54,845.19,2.31,4,ok
1209,1641,150.32,132.38,150.32,0.39,21,ok_undirected
1209,1642,155.66,168.25,155.66,0.40,2,ok_undirected
1210,1197,975.62,493.05,975.62,3.26,4,ok
1210,2638,439.72,351.73,439.72,1.79,24,ok
1213,1223,317.33,293.73,317.33,0.51,7,ok
1216,1219,1173.85,1135.04,1173.85,1.28,29,ok
1216,4034,3207.05,1767.92,3207.05,5.96,2,ok
1217,1230,5430.14,2549.43,5430.14,4.85,21,ok
1217,16945,6945.20,6718.18,6945.20,6.91,1,ok
1217,39188,2678.60,2482.68,2678.60,2.63,1,ok
1219,1227,678.33,641.09,678.33,1.45,9,ok
1219,2574,711.06,700.27,711.06,1.47,20,ok
1220,1217,1125.92,1128.62,1125.92,1.21,11,ok_undirected
1220,35993,2699.70,1096.00,2699.70,4.24,10,ok
1222,1197,842.12,474.65,842.12,1.97,75,ok
1222,4018,557.82,342.41,557.82,1.30,16,ok
1223,1231,388.38,334.05,388.38,0.72,67,ok
1225,1217,1850.72,1825.21,1850.72,2.52,2,ok_undirected
1225,1220,795.17,696.59,795.17,1.60,21,ok_undirected
1225,35993,1883.96,1791.20,1883.96,2.60,2,ok
1227,38926,527.12,484.37,527.12,1.13,22,ok
1228,1197,1654.47,719.18,1654.47,3.45,9,ok
1228,1222,812.35,271.61,812.35,1.48,91,ok
1228,4018,1370.17,605.22,1370.17,2.77,1,ok
1229,1216,2622.78,2567.43,2622.78,2.43,16,ok
1229,35993,2630.02,2479.81,2630.02,2.48,8,ok
1230,16942,2590.17,1410.76,2034.34,2.85,19,ok
1230,36009,2253.91,1370.83,1698.07,2.62,3,ok
1231,1232,178.01,116.71,178.01,0.33,5,ok
1231,1257,1292.83,1201.67,1292.83,1.96,2,ok
1231,1372,2665.55,2415.49,2665.55,3.22,4,ok
1231,48296,587.13,589.40,587.13,1.02,62,ok
1232,1228,263.56,232.73,244.77,0.54,6,ok_undirected
1233,3611,799.13,445.13,743.75,2.47,3,ok
1234,1236,380.10,370.47,380.10,1.04,10,ok
1236,36075,543.56,423.88,543.56,1.50,10,ok
1238,17211,261.16,322.49,261.16,0.76,24,ok_undirected
1243,1261,1228.98,567.42,1228.98,2.70,5,ok_undirected
1243,1476,1225.96,570.29,1225.96,2.49,3,ok
1243,35083,2463.70,1521.34,580.41,5.61,2,ok
1243,38780,1205.60,487.80,1205.60,2.62,2,ok_undirected
1245,1234,395.31,365.97,395.31,1.06,10,ok
1246,1247,724.93,523.93,629.86,1.93,79,ok
1247,2402,1081.31,1041.02,920.83,1.59,76,ok_undirected
1247,3937,1838.22,956.75,1838.22,3.38,14,ok
1248,1245,302.61,282.40,302.61,0.76,3,ok
1248,36119,325.70,247.81,325.70,0.73,6,ok
1249,2175,1220.88,1178.71,1220.88,1.96,7,ok
1249,35633,935.68,720.63,935.68,1.82,12,ok
1249,3854,830.36,793.82,830.36,1.21,159,ok_undirected
1249,51258,3930.41,3754.01,3930.41,6.40,9,ok
1251,1238,567.34,527.26,567.34,1.44,11,ok_undirected
1252,1154,2215.65,2138.74,2215.65,2.23,1,ok_undirected
1252,1165,2316.14,2068.15,2316.14,2.16,4,ok
1252,44364,2389.29,2217.85,2316.92,2.83,2,ok
1255,17345,393.79,327.18,393.79,1.10,9,ok
1256,1228,2785.34,1243.70,2785.34,4.88,2,ok
1256,48297,667.53,643.61,667.53,0.97,82,ok
1257,1372,1372.71,1294.31,1372.71,1.26,60,ok
1259,16996,469.74,408.77,469.74,1.14,9,ok
1260,1476,65.58,104.03,65.58,0.12,5,ok
1260,1702,125.45,107.70,125.45,0.27,6,ok
1260,1703,372.83,396.37,372.83,0.71,1,ok
1261,16958,1005.11,410.25,1005.11,2.36,7,ok
1261,17223,606.82,325.77,606.82,1.47,13,ok
1264,1251,369.88,234.03,369.88,1.50,4,ok
1264,17447,260.81,239.81,260.81,1.08,15,ok
1267,2066,1934.46,1152.33,1934.46,4.49,2,ok
1267,3779,337.04,219.08,337.04,1.15,6,ok
1267,3860,262.12,239.65,262.12,0.75,107,ok
1268,3140,222.81,193.88,222.81,0.61,34,ok
1269,2066,167.63,164.11,167.63,0.37,54,ok
1271,2083,713.27,646.22,713.27,2.10,4,ok
1271,42830,255.68,254.38,255.68,0.83,75,ok
1274,1327,2044.87,1977.99,2044.87,2.44,6,ok_undirected
1274,1375,7548.37,3386.88,7548.37,13.22,2,ok
1274,1708,584.01,627.88,584.01,0.96,12,ok_undirected
1274,17462,2699.53,2530.62,2699.53,4.10,13,ok_undirected
1275,1274,848.82,424.51,848.82,1.87,26,ok
1275,36065,415.32,255.27,415.32,1.04,7,ok
1276,42985,320.47,291.46,320.47,0.78,33,ok
1277,1276,408.90,274.54,408.90,0.91,20,ok
1277,1288,512.40,501.01,512.40,1.16,14,ok
1279,1252,426.79,447.78,426.79,1.00,4,ok_undirected
1282,17473,320.84,300.41,320.84,0.71,19,ok
1282,51602,294.33,250.60,294.33,0.81,7,ok
1283,1285,358.34,281.69,358.34,0.84,4,ok
1283,3935,229.39,174.77,229.39,0.57,142,ok
1284,43459,139.16,76.30,139.16,0.28,3,ok_undirected
1284,43471,362.02,294.37,362.02,0.67,59,ok_undirected
1285,3938,333.65,298.12,333.65,0.66,139,ok
1288,1304,394.07,207.80,394.07,1.08,68,ok
1292,2928,146.86,126.12,146.86,0.40,37,ok
1294,3956,1890.93,1065.32,1890.93,2.18,41,ok
1294,3996,1041.51,1121.91,1041.51,1.16,49,ok
1295,3371,456.37,267.52,456.37,0.85,3,ok
1296,1636,,38714.41,,38.47,2,unreachable
1296,19456,,10583.16,,8.50,5,unreachable
1296,19799,,10078.18,,8.00,3,unreachable
1296,3999,2178.23,885.32,2178.23,2.04,61,ok_undirected
1298,1345,393.90,392.92,393.90,0.97,36,ok
1298,17233,527.20,489.21,527.20,1.32,1,ok
1302,42612,316.53,165.26,316.53,0.71,14,ok
1303,17246,335.05,241.90,335.05,0.76,26,ok
1304,1320,177.04,140.14,177.04,0.52,42,ok_undirected
1304,3425,0.00,51.89,0.00,0.15,13,no_coverage
1305,2639,0.00,93.66,0.00,0.33,14,no_coverage
1305,42613,150.93,110.12,150.93,0.48,34,ok
1307,1292,309.02,248.49,309.02,0.89,37,ok
1310,1311,161.16,178.00,161.16,0.51,20,ok
1310,35085,355.70,253.48,355.70,1.08,18,ok
1311,1313,238.45,197.01,238.45,0.68,24,ok
1313,1334,205.84,176.11,205.84,0.68,24,ok
1314,2765,1271.85,1030.00,1271.85,3.49,6,ok
1314,3934,373.24,334.05,373.24,0.75,2,ok
1315,1303,249.27,261.08,249.27,0.57,26,ok
1318,17232,527.19,339.97,517.61,1.27,31,ok
1320,1350,233.72,232.25,233.72,0.49,42,ok
1323,2916,255.18,326.11,255.18,0.49,43,ok_undirected
1324,1336,152.30,175.19,152.30,0.41,37,ok_undirected
1324,3395,194.73,136.56,194.73,0.53,34,ok_undirected
1326,1307,537.29,498.12,537.29,1.75,1,ok
1326,3396,88.23,71.51,88.23,0.21,6,ok
1326,4044,325.22,348.65,325.22,1.06,36,ok
1327,1367,547.30,459.73,547.30,0.61,18,ok
1327,1375,1491.33,1420.17,1491.33,1.88,6,ok
1328,16996,1058.78,563.71,1058.78,1.94,31,ok
1328,2549,2091.36,1860.70,2091.36,3.22,1,ok
1333,1707,1944.81,2010.99,1944.81,2.68,20,ok
1333,17462,1015.82,489.04,1015.82,3.29,3,ok
1334,1358,509.42,502.95,509.42,1.50,22,ok
1334,17269,476.48,412.62,476.48,1.15,2,ok
1336,1363,292.97,266.84,292.97,0.71,37,ok_undirected
1340,1348,473.36,459.37,473.36,1.30,28,ok
1340,1358,558.60,414.21,558.60,1.68,14,ok
1340,1396,654.00,411.60,654.00,1.71,1,ok
1340,17269,525.65,509.48,525.65,1.33,4,ok
1345,17233,133.29,140.81,133.29,0.35,36,ok
1348,1695,238.66,178.67,238.66,1.37,3,ok
1348,2876,277.50,222.51,277.50,1.77,25,ok
1350,3142,284.25,262.97,284.25,0.72,42,ok
1354,4043,124.68,173.86,124.68,0.37,36,ok
1355,1318,279.53,256.95,279.53,0.69,31,ok_undirected
1355,3395,230.19,220.18,230.19,0.60,9,ok
1358,1688,619.91,554.35,619.91,1.53,23,ok
1358,3832,423.48,340.13,423.48,1.10,17,ok
1358,50064,753.90,436.89,753.90,1.78,3,ok
1359,1340,453.59,342.44,453.59,1.28,28,ok
1359,17269,731.32,577.39,731.32,1.71,5,ok
1359,2872,351.53,162.04,351.53,0.89,6,ok
1360,16955,1241.39,1065.04,1241.39,3.25,2,ok
1360,17212,279.03,237.12,279.03,0.84,40,ok
1361,1333,547.30,369.44,547.30,0.84,23,ok
1363,1388,282.61,207.68,271.10,0.65,37,ok_undirected
1364,1704,887.41,746.28,887.41,1.86,62,ok
1364,4035,1395.71,745.42,1395.71,2.75,4,ok
1365,1125,5163.73,4385.13,5163.73,4.33,1,ok_undirected
1365,1228,4115.95,2372.25,4115.95,6.26,1,ok
1365,1256,1330.61,1248.10,1330.61,1.38,84,ok
1365,1636,8396.72,6190.09,8396.72,16.90,4,ok
1365,3216,5279.98,4550.64,5279.98,5.34,15,ok_undirected
1365,48297,1998.14,1756.74,1998.14,2.34,8,ok
1367,1375,944.03,992.62,944.03,1.27,18,ok
1372,1402,487.02,470.74,487.02,0.63,22,ok
1372,1403,568.54,571.82,568.54,0.63,44,ok
1372,1482,2760.35,2743.75,2760.35,2.25,7,ok
1372,38578,2761.22,2398.08,2761.22,4.90,2,ok
1372,4122,4097.86,3995.45,4097.86,3.41,2,ok
1373,1361,747.54,823.51,747.54,0.81,2,ok
1373,1379,179.54,255.15,179.54,0.18,21,ok
1373,1707,3239.64,3166.14,3239.64,4.33,7,ok
1375,1384,804.04,749.63,804.04,1.60,26,ok
1376,35839,2860.89,2843.39,2860.89,4.07,35,ok
1379,1361,568.01,576.63,568.01,0.63,21,ok
1380,2730,311.47,303.06,311.47,0.66,37,ok
1381,16926,5798.25,5583.64,4255.31,4.76,3,ok
1381,17244,4382.87,4247.57,4382.87,3.82,8,ok
1384,1359,663.77,552.17,663.77,1.66,23,ok
1384,1687,465.17,280.08,465.17,1.04,2,ok
1384,35087,580.74,361.31,580.74,1.30,1,ok
1384,3832,224.08,245.22,224.08,0.50,5,ok
1384,50064,554.50,497.54,554.50,1.18,3,ok
1388,17228,262.88,250.27,262.88,0.64,37,ok
1391,1355,282.45,298.35,282.45,0.62,40,ok
1391,2729,192.48,200.98,192.48,0.44,25,ok
1392,2265,320.02,220.63,320.02,0.84,26,ok
1394,16996,1480.39,973.57,1480.39,2.52,22,ok
1395,1396,104.66,197.00,104.66,0.48,8,ok_undirected
1396,1340,654.00,411.60,654.00,2.01,3,ok_undirected
1396,17269,1404.64,799.81,1404.64,5.51,6,ok
1397,1365,489.25,485.39,489.25,0.46,93,ok
1398,1391,356.29,263.03,356.29,0.82,63,ok
1402,1405,415.25,396.89,415.25,0.55,22,ok
1403,1482,2191.81,2172.03,2191.81,1.62,46,ok
1404,1397,504.51,450.71,504.51,0.75,39,ok
1405,1413,589.29,572.44,589.29,0.75,22,ok
1409,1411,193.40,116.19,193.40,0.61,14,ok
1409,2335,267.67,217.15,267.67,0.90,23,ok
1410,1417,459.03,397.58,459.03,1.07,40,ok
1411,1420,408.54,324.00,408.54,1.09,14,ok
1412,1404,589.29,668.10,589.29,0.82,39,ok
1413,1421,976.17,960.66,976.17,1.75,17,ok
1413,43598,985.52,917.05,985.52,1.77,5,ok
1417,1424,198.78,229.87,198.78,0.50,70,ok
1417,3027,66.56,108.17,0.00,0.27,3,no_coverage
1420,1412,905.48,864.41,905.48,1.01,39,ok
1421,1441,524.00,517.74,524.00,0.99,24,ok
1422,1398,634.76,620.50,634.76,1.25,50,ok_undirected
1422,51626,601.05,432.99,601.05,1.31,16,ok_undirected
1424,1449,388.10,385.21,388.10,1.02,70,ok
1432,1422,198.78,213.18,198.78,0.50,66,ok_undirected
1433,3920,371.42,378.53,371.42,1.01,48,ok_undirected
1435,1436,311.83,316.66,311.83,0.53,98,ok_undirected
1436,1437,1946.84,257.33,1946.84,4.46,97,ok
1436,39242,2018.06,145.76,2018.06,4.64,1,ok
1437,3101,802.91,515.80,802.91,1.93,1,ok
1437,3910,344.07,252.83,333.38,0.62,97,ok_undirected
1437,3918,1764.87,1573.09,1764.87,3.14,20,ok
1438,1420,600.85,530.34,600.85,0.99,25,ok
1438,17479,655.04,462.97,655.04,1.11,7,ok
1440,3830,487.07,479.35,487.07,0.69,5,ok_undirected
1440,3918,521.77,448.71,497.78,0.78,62,ok_undirected
1441,1470,605.94,512.84,605.94,1.68,24,ok
1446,1448,933.42,768.26,933.42,1.45,8,ok
1446,3830,197.52,232.24,197.52,0.39,1,ok
1446,3911,347.24,282.65,347.24,0.61,61,ok
1447,1432,325.66,302.65,325.66,0.85,66,ok_undirected
1447,1449,62.45,48.37,62.45,0.16,4,ok
1448,3909,305.00,293.19,305.00,0.54,86,ok
1448,3921,1874.38,1847.92,1874.38,3.81,8,ok
1449,1460,353.07,254.03,353.07,0.94,33,ok
1449,1471,583.96,453.91,583.96,1.36,2,ok
1449,17229,325.33,256.32,325.33,0.79,40,ok
1449,17283,370.50,412.22,370.50,1.01,25,ok_undirected
1456,1447,193.27,217.84,193.27,0.45,73,ok
1456,1449,130.82,171.02,130.82,0.31,23,ok
1457,18805,2004.05,1223.71,1802.37,3.07,8,ok
1457,4172,3311.40,2794.00,3311.40,3.17,4,ok
1460,1680,627.09,623.82,627.09,1.36,6,ok
1460,2549,676.60,725.65,676.60,1.44,66,ok
1461,2359,1657.88,777.24,1657.88,3.20,141,ok
1467,1438,606.15,616.79,606.15,1.01,32,ok
1469,2291,613.43,476.82,613.43,1.46,12,ok
1469,3725,414.40,341.03,414.40,0.88,17,ok
1469,3915,456.53,438.69,456.53,0.91,97,ok
1470,1456,680.99,468.23,680.99,1.88,1,ok
1470,1471,188.01,145.39,188.01,0.46,24,ok
1471,1456,492.98,378.24,492.98,1.43,33,ok
1471,1460,460.63,416.67,460.63,1.38,21,ok
1471,17283,492.20,366.14,492.20,1.54,2,ok_undirected
1475,1681,226.21,247.97,226.21,0.56,10,ok
1476,1703,307.25,296.92,307.25,0.58,8,ok
1478,42807,1104.82,972.58,1104.82,1.25,76,ok
1479,3891,1882.62,1641.62,1882.62,2.20,59,ok
1480,1365,3063.38,3064.77,3063.38,2.93,16,ok
1480,1397,2574.13,2580.98,2574.13,2.46,52,ok
1480,38578,4694.51,1178.52,4694.51,6.46,2,ok
1482,1501,1460.14,1228.01,1460.14,1.36,14,ok
1482,4122,1337.51,1305.38,1337.51,1.16,54,ok
1485,4122,530.23,445.89,530.23,0.49,1,ok
1488,1496,249.80,164.56,249.80,0.65,57,ok
1491,51984,287.66,353.67,287.66,0.68,19,ok
1492,1500,688.63,497.23,688.63,1.95,5,ok
1493,17263,337.62,332.50,337.62,0.67,2,ok
1495,1365,4089.67,3977.82,4089.67,4.06,4,ok
1495,1480,1026.29,963.01,1026.29,1.13,70,ok
1495,40890,1139.10,842.88,1139.10,1.32,18,ok
1496,3071,276.56,273.24,276.56,0.69,57,ok
1498,1492,399.17,371.34,399.17,0.98,5,ok
1499,17264,3804.78,3479.47,3804.78,3.86,2,ok
1500,17242,562.54,557.98,562.54,1.38,5,ok
1501,1510,557.25,385.08,525.42,1.11,14,ok
1504,4048,389.50,422.51,389.50,0.73,5,ok
1506,17244,750.03,706.28,750.03,2.07,2,ok
1507,1495,493.68,368.33,493.68,0.79,12,ok
1507,16930,471.13,419.97,439.29,0.66,4,ok_undirected
1510,1517,486.02,461.67,486.02,0.61,14,ok
1515,1507,523.58,515.97,523.58,1.80,16,ok
1516,1364,4331.20,4190.79,4331.20,7.45,14,ok
1516,1376,4367.69,4117.02,4367.69,7.50,3,ok
1517,1555,1625.74,1591.40,1625.74,1.50,14,ok
1522,1546,521.26,483.23,521.26,0.52,2,ok
1522,17340,521.26,511.73,521.26,0.52,3,ok
1523,1528,1263.43,1057.66,1263.43,2.18,4,ok
1523,1531,265.39,195.08,265.39,0.85,6,ok
1523,1538,445.45,382.38,445.45,1.34,3,ok
1525,17245,228.02,267.59,228.02,0.68,14,ok
1527,1525,187.31,98.58,187.31,0.68,7,ok
1527,1528,1334.21,1058.25,1334.21,2.41,3,ok
1528,17243,685.23,632.50,244.70,1.75,7,ok
1530,1504,1549.25,1131.67,1549.25,2.99,5,ok
1531,1538,180.07,200.56,180.07,0.49,6,ok
1532,42823,3168.61,2972.90,3168.61,5.78,2,ok
1534,40804,3854.92,3467.22,879.92,8.78,3,ok
1535,17238,411.46,396.92,411.46,0.84,2,ok
1536,17394,204.26,188.37,204.26,0.52,5,ok
1537,1527,189.52,210.85,189.52,0.52,10,ok
1538,1542,353.31,312.66,353.31,1.04,9,ok
1539,1530,173.69,213.40,173.69,0.25,2,ok
1540,1537,382.61,366.75,382.61,1.30,10,ok
1542,1547,189.96,173.89,189.96,0.59,3,ok
1542,35994,339.93,309.76,339.93,0.99,6,ok
1546,1535,3093.90,2884.42,3093.90,4.97,2,ok
1547,1540,223.24,218.76,223.24,0.81,10,ok
1548,1547,307.27,297.09,307.27,0.92,7,ok
1549,1515,1585.23,1532.23,1585.23,1.86,15,ok
1549,48400,2714.90,1239.88,2714.90,4.63,1,ok
1553,45005,291.94,185.22,174.53,0.94,6,ok
1554,40804,2010.30,655.05,2010.30,3.84,2,ok
1555,1563,453.27,370.58,453.27,1.21,6,ok
1555,1566,419.81,400.16,419.81,1.22,8,ok
1556,1572,1775.63,1394.18,268.17,2.03,3,ok
1559,1549,390.41,407.86,390.41,0.50,16,ok
1560,1498,4418.18,3859.17,4418.18,5.43,5,ok
1561,1203,198.92,207.51,198.92,0.25,17,ok
1562,1495,4054.48,2530.38,4054.48,6.27,1,ok
1562,1569,1344.13,1273.77,1344.13,1.66,12,ok
1562,42821,1399.38,971.80,1399.38,1.77,7,ok
1563,1562,2321.32,989.92,2321.32,3.16,5,ok
1563,17236,731.84,748.24,731.84,0.90,17,ok
1566,1568,834.18,767.40,834.18,0.98,2,ok
1566,1574,848.20,837.24,848.20,0.99,22,ok
1568,1554,1453.22,1369.30,1453.22,1.42,2,ok
1569,3956,,31442.30,,27.00,2,unreachable
1569,4089,5699.81,4929.14,5699.81,5.20,4,ok
1569,4124,6679.19,4966.03,6679.19,6.29,8,ok
1569,4133,1826.31,915.99,1826.31,1.52,36,ok_undirected
1569,4871,,18836.55,,16.60,3,unreachable
1572,1559,954.16,845.43,943.09,1.17,10,ok
1572,1563,950.93,854.20,939.86,1.15,14,ok
1574,1583,889.99,813.79,889.99,1.05,2,ok
1574,1584,915.92,878.94,915.92,1.12,20,ok
1575,1560,484.70,430.54,484.70,1.19,5,ok
1579,1563,1769.69,1739.24,1769.69,1.99,2,ok
1579,1572,1139.67,886.77,1139.67,1.20,21,ok
1583,1617,2386.41,2127.05,2386.41,3.03,2,ok
1583,2899,1875.01,1738.10,1875.01,1.98,3,ok
1584,36125,1563.30,1066.23,1563.30,2.46,23,ok
1585,43345,947.91,422.58,368.59,1.18,2,ok
1585,43346,793.42,615.08,137.45,1.19,2,ok
1586,17471,318.91,271.24,318.91,1.01,55,ok
1587,1602,3742.53,2602.21,3742.53,5.54,5,ok
1589,36124,414.03,319.98,414.03,0.68,26,ok
1590,2678,213.70,203.71,213.70,0.63,66,ok
1592,51115,522.34,403.35,522.34,1.04,26,ok_undirected
1594,2939,31.54,95.44,31.54,0.07,8,ok
1595,1599,219.90,186.48,219.90,0.76,22,ok
1596,1589,368.13,283.43,368.13,0.75,25,ok
1596,36124,782.16,593.84,782.16,1.43,1,ok
1599,17490,138.65,160.67,138.65,0.45,22,ok
1600,35991,358.44,306.24,334.50,0.63,26,ok_undirected
1600,36036,1013.47,147.15,1013.47,1.74,3,ok
1602,4025,286.85,251.14,286.85,0.72,7,ok
1604,3116,478.92,345.02,478.92,1.23,6,ok
1607,1740,1216.34,584.03,1216.34,2.38,1,ok
1607,36080,326.74,247.04,326.74,0.82,33,ok
1608,1584,1944.65,1742.65,1944.65,1.91,1,ok
1609,2969,218.24,197.95,218.24,0.56,5,ok_undirected
1610,36128,331.93,230.15,331.93,0.99,11,ok
1615,2606,463.07,421.33,463.07,1.10,9,ok
1615,2969,582.86,376.84,582.86,1.46,6,ok
1615,36836,456.41,358.12,456.41,1.13,11,ok
1615,50297,208.42,113.92,208.42,0.46,5,ok
1616,42952,555.10,543.62,555.10,1.24,21,ok
1617,1618,158.84,132.73,71.47,1.16,3,ok
1618,2899,412.12,351.99,412.12,1.53,3,ok
1620,1627,1544.55,1312.01,1544.55,2.21,33,ok
1620,36030,976.21,879.06,976.21,1.20,3,ok
1622,1739,326.35,303.49,326.35,0.86,36,ok_undirected
1624,36079,718.24,511.39,718.24,1.72,45,ok_undirected
1624,40551,596.89,498.58,596.89,1.54,6,ok
1627,1607,1962.64,1349.44,1962.64,4.76,1,ok
1627,1622,558.14,663.47,558.14,1.34,36,ok
1627,1624,718.24,535.22,718.24,1.72,6,ok
1627,36113,528.05,607.01,528.05,1.25,10,ok
1632,37242,1110.13,755.06,1110.13,2.07,3,ok
1632,44038,269.33,216.83,269.33,0.67,4,ok
1634,1225,452.90,442.98,452.90,0.65,4,ok
1634,4034,511.02,645.95,511.02,0.87,6,ok_undirected
1639,1395,140.24,105.82,140.24,1.39,1,ok
1641,1154,5922.78,2414.61,5922.78,7.51,31,ok
1641,1166,2472.34,2331.33,2472.34,2.62,10,ok
1642,1225,1892.48,1872.97,1892.48,2.53,9,ok
1642,4035,3007.46,2386.94,2448.31,294.00,2,ok
1642,50889,869.53,893.04,869.53,1.05,10,ok
1643,2838,797.46,518.59,797.46,2.51,1,ok
1643,3993,238.55,277.85,238.55,0.58,28,ok
1644,1645,171.55,165.88,171.55,0.49,100,ok
1644,1656,712.63,649.13,712.63,1.94,3,ok
1644,17203,331.93,218.07,331.93,1.11,6,ok
1644,38700,590.78,328.67,457.46,1.57,4,ok
1645,1098,938.24,679.47,938.24,2.51,3,ok_undirected
1645,1656,541.08,483.26,541.08,1.45,85,ok
1645,42581,852.02,529.04,852.02,2.45,15,ok_undirected
1645,42988,1136.02,700.67,1126.59,3.46,3,ok
1646,1051,207.51,188.82,207.51,0.47,3,ok
1648,3991,137.86,189.13,137.86,0.53,22,ok
1649,17404,103.88,101.33,103.88,0.20,5,ok
1655,2680,254.09,280.67,254.09,0.57,11,ok
1656,1141,595.56,509.82,595.56,1.73,28,ok
1656,1144,859.86,685.99,859.86,2.54,8,ok
1656,47975,756.22,314.39,756.22,2.19,9,ok
1656,48060,756.22,314.39,756.22,2.19,14,ok
1656,48340,610.84,379.86,610.84,1.92,14,ok
1656,48351,610.84,379.86,610.84,1.92,7,ok
1656,49324,322.09,271.22,322.09,0.83,25,ok
1656,49325,322.09,271.22,322.09,0.83,6,ok
1656,49330,322.09,271.22,322.09,0.83,9,ok
1659,1660,331.46,325.29,331.46,0.82,20,ok
1660,3995,239.54,171.65,239.54,0.69,20,ok
1661,3296,143.65,172.83,143.65,0.37,48,ok
1662,1659,343.76,333.03,343.76,0.84,20,ok
1663,1662,337.17,309.24,337.17,0.74,13,ok
1665,1666,237.41,138.70,237.41,1.01,13,ok
1666,17502,127.76,160.04,127.76,0.55,7,ok
1666,43012,127.76,171.98,127.76,0.55,6,ok
1668,2697,214.40,223.45,214.40,0.63,12,ok
1669,17477,505.22,346.63,505.22,1.59,56,ok_undirected
1669,48340,505.22,370.87,505.22,1.59,2,ok_undirected
1670,17434,222.95,273.13,222.95,0.45,17,ok
1671,4018,500.05,273.28,500.05,1.58,7,ok
1678,3401,165.55,195.26,165.55,0.42,6,ok
1680,1323,2418.20,1846.62,2408.83,3.94,2,ok
1680,1394,1943.38,1332.63,1943.38,2.67,6,ok
1681,1491,611.50,472.00,611.50,1.74,10,ok
1682,17441,358.25,389.91,0.00,2.32,9,no_coverage
1685,2823,207.36,224.65,207.36,0.54,10,ok
1687,42829,590.28,466.25,590.28,1.92,5,ok
1688,1373,956.98,839.83,956.98,1.51,30,ok
1688,1687,433.71,282.50,433.71,0.98,3,ok
1688,17486,488.93,274.98,488.93,1.17,6,ok
1690,3008,208.95,193.94,208.95,0.60,15,ok
16924,4093,134.53,143.89,134.53,0.50,11,ok
16925,1516,1589.87,1531.92,1589.87,1.90,5,ok
16926,6743,5954.08,4496.54,448.33,7.84,3,ok
16928,1561,729.18,692.25,729.18,1.22,15,ok
16928,17235,1788.75,1295.51,1788.75,3.24,2,ok
16929,16928,670.41,541.83,670.41,1.03,15,ok
16929,42821,1291.31,660.60,1291.31,1.74,2,ok
16930,38617,665.41,487.92,665.41,1.56,9,ok
16932,16933,394.10,305.02,394.10,1.01,19,ok
16932,38621,445.97,351.16,445.97,1.15,9,ok
16933,16934,376.15,263.97,376.15,0.92,20,ok
16934,16935,191.23,222.73,191.23,0.40,20,ok
16935,2663,289.83,342.28,289.83,0.61,20,ok
16936,4080,1102.42,1103.72,1102.42,1.59,15,ok
16937,16938,719.62,519.06,719.62,1.48,24,ok_undirected
16937,3021,767.93,444.17,767.93,1.34,2,ok
16938,17138,2264.93,2030.59,2264.93,2.40,24,ok
1694,1695,254.99,271.75,254.99,0.86,5,ok
1694,3865,1752.42,1256.57,1752.42,4.23,1,ok
16940,1208,8361.22,7797.84,8361.22,9.70,1,ok
16940,16941,506.03,353.01,506.03,0.74,19,ok
16940,36009,728.46,334.47,728.46,1.39,3,ok
16940,36010,686.27,313.33,686.27,1.31,3,ok
16941,1229,1383.39,1370.65,1383.39,1.00,22,ok
16941,39187,1390.35,1256.74,1341.42,1.01,2,ok
16942,1243,299.63,304.30,299.63,0.46,7,ok_undirected
16942,16943,800.94,344.62,673.25,1.47,17,ok
16943,16944,445.06,373.74,445.06,0.91,22,ok_undirected
16943,16945,2582.73,2455.14,2582.73,2.58,1,ok
16944,16945,2990.09,2082.95,2990.09,3.39,22,ok
16945,16946,430.95,478.49,430.95,0.89,28,ok
16946,17253,875.17,738.63,875.17,1.30,5,ok
16946,1726,1115.61,1059.51,1115.61,1.27,1,ok
16946,1727,1115.61,1098.41,1115.61,1.27,24,ok
16946,4070,957.20,815.07,957.20,1.73,3,ok
16947,16948,181.66,158.15,181.66,0.54,27,ok
16948,16949,226.52,242.93,226.52,0.66,27,ok
16949,1488,415.09,320.10,415.09,1.31,13,ok
16949,42587,757.86,496.83,757.86,1.76,14,ok
1695,3873,367.30,265.65,367.30,0.89,8,ok
16950,17496,131.51,137.46,131.51,0.40,8,ok
16950,3040,139.63,196.46,139.63,0.44,13,ok
16952,16953,194.15,236.31,194.15,0.46,13,ok
16953,39258,299.48,286.94,299.48,0.58,13,ok
16958,1260,717.68,438.19,717.68,1.72,2,ok
16958,17223,234.64,283.55,234.64,0.64,10,ok
16962,3059,1145.70,686.56,1145.70,2.31,2,ok
16964,1749,2294.59,2060.81,2294.59,2.60,19,ok
16964,2602,3563.38,3212.83,3563.38,4.23,14,ok
16968,16976,359.57,299.84,359.57,0.64,45,ok
1697,17472,336.10,332.53,336.10,1.06,2,ok
1697,39616,278.83,205.27,278.83,0.87,4,ok
16970,17048,328.61,203.32,328.61,0.80,39,ok
16972,20484,492.17,439.01,492.17,1.35,4,ok
16972,6845,228.01,267.52,228.01,0.62,17,ok
16974,16972,310.72,282.40,310.72,1.01,15,ok
16974,20508,368.01,334.66,368.01,1.11,18,ok
16975,16968,244.79,205.28,244.79,0.58,27,ok
16975,44673,370.56,194.54,370.56,0.88,25,ok
16976,2393,734.52,716.93,734.52,1.76,6,ok
16976,3493,1143.99,565.25,1143.99,2.87,2,ok
16976,3950,395.84,471.26,395.84,0.90,24,ok
16976,50817,603.62,620.10,603.62,1.43,20,ok
16977,3368,878.16,368.15,878.16,2.37,12,ok
16978,35851,775.92,773.14,775.92,1.12,81,ok
1698,34288,427.00,203.69,427.00,1.21,6,ok
16987,17452,199.53,167.67,199.53,0.68,17,ok
16988,2481,351.60,267.12,351.60,1.04,29,ok
16988,2908,426.23,211.61,426.23,1.25,52,ok
1699,17436,206.57,147.25,206.57,0.73,6,ok
16990,1210,490.90,488.69,490.90,1.08,17,ok
16993,16994,283.74,168.16,283.74,0.53,17,ok
16994,2705,543.90,203.40,543.90,1.02,7,ok
16994,2807,934.93,287.17,704.81,1.82,10,ok
16996,1284,606.16,365.70,606.16,1.30,9,ok
16996,43461,256.89,225.86,256.89,0.59,53,ok_undirected
16996,44362,273.70,196.85,273.70,0.62,8,ok
1700,1694,345.52,307.14,345.52,1.32,1,ok
17000,17001,512.90,484.78,512.90,0.52,16,ok
17001,17003,1287.69,1274.91,1287.69,1.31,20,ok
17001,4111,2616.47,2525.18,2616.47,2.96,15,ok_undirected
17002,1760,1223.92,1242.26,1223.92,1.09,20,ok
17002,35916,1604.94,1208.70,1604.94,2.45,3,ok
17003,4111,1328.78,1252.82,1328.78,1.65,15,ok_undirected
17003,42726,1517.81,1219.11,1517.81,2.30,3,ok
17003,42840,1517.81,1219.11,1517.81,2.30,4,ok
17004,35887,229.31,146.19,229.31,0.54,19,ok_undirected
17004,38278,243.27,280.16,243.27,0.62,40,ok_undirected
17005,4173,1353.07,1217.98,1353.07,2.38,2,ok
17005,6937,753.43,585.22,690.52,1.46,2,ok
17006,17008,328.57,359.87,328.57,0.49,4,ok
17007,6955,615.20,298.30,615.20,1.20,6,ok
17008,3054,179.05,196.62,179.05,0.39,4,ok
17009,17007,277.22,318.25,277.22,0.49,6,ok
1701,1261,424.66,325.41,424.66,0.93,15,ok_undirected
1701,1702,385.67,312.16,385.67,0.84,5,ok
17010,17009,474.95,362.99,474.95,1.07,4,ok
17010,2813,545.19,265.92,545.19,1.38,4,ok
17012,19573,1418.51,1230.52,1418.51,2.63,6,ok
17012,19697,1173.57,1003.14,1173.57,2.07,14,ok
17013,1810,481.11,310.77,425.03,1.02,1,ok
17015,6929,1404.03,1206.14,125.80,2.97,1,ok
17018,17019,453.63,267.27,453.63,0.90,3,ok
17019,17020,319.87,244.25,319.87,0.72,2,ok
17019,1795,647.59,420.84,647.59,1.54,1,ok
1702,1189,,15414.78,,23.20,1,unreachable
1702,16940,1158.16,502.90,1030.47,2.11,3,ok_undirected
1702,16941,1464.77,629.17,1464.77,2.66,2,ok
1702,16943,1055.35,500.65,1055.35,2.08,5,ok
17020,1794,359.84,289.15,359.84,0.72,8,ok
17021,2508,345.12,248.30,345.12,0.88,14,ok
17022,2594,40.73,118.85,40.73,0.12,10,ok
17023,1798,157.31,156.84,157.31,0.55,12,ok
17024,2492,378.38,342.29,378.38,0.99,16,ok
17025,17136,868.50,658.61,868.50,1.72,1,ok
17025,3469,582.63,165.29,582.63,1.38,5,ok
17026,17025,376.83,377.86,376.83,0.85,6,ok
17028,3309,205.33,251.84,205.33,0.54,6,ok
17028,38539,1415.18,411.82,1415.18,3.27,5,ok
17029,17026,263.03,205.91,263.03,0.56,6,ok
1703,35080,542.67,381.10,542.67,1.66,6,ok
1703,37103,380.87,306.19,380.87,1.08,3,ok
17030,3457,81.73,115.13,81.73,0.17,6,ok
17032,2796,86.65,187.50,86.65,0.22,12,ok
17033,3455,1692.48,284.87,1489.35,3.91,12,ok
17035,17033,486.60,418.73,486.60,1.15,5,ok
17035,3310,531.74,391.34,531.74,1.43,2,ok
17036,44451,1141.79,748.31,1141.79,2.25,4,ok
17037,17038,170.02,84.72,170.02,0.29,7,ok
17038,2407,401.57,426.61,401.57,0.99,11,ok
17039,3083,229.65,220.12,229.65,0.41,6,ok
17039,42807,1469.79,1301.33,1469.79,2.95,1,ok
17039,49729,531.47,348.65,531.47,1.25,4,ok
1704,1275,980.44,919.52,980.44,2.18,3,ok
1704,1711,241.24,246.80,241.24,0.76,47,ok
17040,1790,267.52,188.87,267.52,0.91,10,ok
17042,17038,371.26,218.89,371.26,0.62,4,ok
17042,43815,570.70,462.40,570.70,1.00,7,ok
17043,17042,340.83,315.63,340.83,0.78,5,ok
17043,1788,325.63,297.17,325.63,0.76,7,ok
17044,42807,897.07,766.19,897.07,1.96,10,ok
17046,2405,194.05,151.74,194.05,0.48,12,ok
17047,2612,200.21,112.50,200.21,0.73,15,ok
17047,3493,320.07,228.91,320.07,1.18,3,ok
17048,16975,578.86,522.07,578.86,1.32,1,ok
17048,17487,278.25,215.53,278.25,0.69,28,ok
17048,3493,748.15,561.20,748.15,1.97,5,ok
17048,50817,207.78,185.44,207.78,0.53,5,ok
1705,1710,1004.26,736.60,1004.26,2.35,27,ok
1705,4004,1229.25,941.52,1229.25,2.99,9,ok
17050,20504,237.22,237.06,237.22,0.62,21,ok
17051,3190,247.40,202.19,247.40,0.66,28,ok
17051,38746,133.12,88.55,133.12,0.29,13,ok
17051,43392,133.12,124.23,133.12,0.29,2,ok
17053,3703,540.99,485.76,540.99,1.53,50,ok
17054,3702,324.03,258.31,324.03,0.72,37,ok_undirected
17054,38566,344.04,299.90,344.04,0.75,6,ok
17055,17056,301.65,227.97,301.65,0.62,58,ok
17056,3260,243.33,291.06,243.33,0.47,58,ok
17057,17054,416.28,337.74,406.83,0.87,43,ok_undirected
17059,17078,515.13,238.93,515.13,1.42,1,ok
17059,17121,331.06,192.12,331.06,0.75,36,ok_undirected
17059,2601,240.80,275.26,240.80,0.64,14,ok
17060,17061,253.09,234.90,253.09,0.63,64,ok
17061,17062,469.55,310.13,469.55,0.94,7,ok
17061,17063,383.64,383.90,383.64,0.77,50,ok
17061,17081,238.65,189.91,238.65,0.45,7,ok
17062,2600,301.01,304.32,301.01,0.65,44,ok
17063,17092,729.50,460.94,729.50,1.31,52,ok_undirected
17064,17128,354.26,333.24,354.26,0.89,7,ok
17065,17067,179.16,205.70,179.16,0.52,7,ok
17067,17125,294.18,177.32,294.18,0.84,7,ok
17069,17134,213.72,225.41,213.72,1.67,7,ok
1707,1705,548.23,492.49,548.23,1.14,30,ok_undirected
17070,17287,296.32,266.88,296.32,0.65,7,ok
17071,17070,484.11,374.13,484.11,1.03,7,ok
17072,17143,216.13,234.58,216.13,0.54,7,ok
17073,17071,476.26,424.62,476.26,1.01,7,ok
17074,17075,351.95,234.28,351.95,0.85,7,ok
17075,17146,307.41,234.99,307.41,0.75,7,ok
17076,17145,311.13,230.44,311.13,0.86,7,ok
17077,17076,348.23,218.45,348.23,0.87,8,ok
17078,17077,111.68,166.96,111.68,0.31,8,ok
17079,2601,389.61,212.81,389.61,1.08,7,ok
1708,1327,1465.75,1390.29,1465.75,1.48,12,ok
17080,17063,612.23,508.54,612.23,1.27,2,ok
17080,2600,337.82,305.66,337.82,0.78,6,ok
17081,38562,231.75,248.15,231.75,0.51,7,ok
17082,17086,183.53,184.67,183.53,0.44,6,ok
17083,17084,508.07,299.57,508.07,0.65,7,ok
17084,17082,652.20,283.40,652.20,1.55,6,ok
17085,17083,327.66,290.40,327.66,0.80,7,ok
17086,17088,325.87,421.63,325.87,0.71,6,ok
17087,17085,325.87,382.45,325.87,0.78,7,ok
17088,17090,281.60,111.88,281.60,1.01,6,ok
17089,17087,281.60,89.15,281.60,0.66,7,ok
17090,17080,435.10,396.37,435.10,1.13,2,ok
17090,38561,275.60,223.98,275.60,0.75,6,ok
17091,17062,627.27,523.71,627.27,1.09,37,ok
17092,2931,626.09,680.30,626.09,1.15,2,ok_undirected
17092,38784,451.27,444.13,451.27,0.80,50,ok_undirected
17093,17091,620.64,643.84,620.64,1.13,37,ok
17095,6968,253.39,237.79,253.39,0.58,10,ok
17096,17186,771.40,554.47,771.40,1.82,9,ok
17097,17096,113.37,55.87,113.37,0.33,9,ok
17097,17185,147.27,174.38,147.27,0.39,10,ok
17098,44639,340.19,323.81,340.19,0.81,10,ok
17099,17098,385.23,400.94,385.23,0.89,10,ok
1710,4004,224.99,214.48,224.99,0.65,52,ok
17100,2934,494.47,426.90,494.47,1.00,37,ok
17101,2349,260.39,231.99,260.39,0.77,59,ok
17101,2350,1011.15,952.28,1011.15,2.42,2,ok
17102,2350,304.38,292.39,304.38,0.65,50,ok
17102,2750,611.15,595.10,611.15,1.30,9,ok
17104,2746,412.14,320.81,412.14,1.04,47,ok
17106,2933,496.38,508.73,496.38,0.79,59,ok
17107,2745,272.23,253.28,272.23,0.56,37,ok
17107,44644,322.06,218.24,322.06,0.67,10,ok
17109,17107,380.62,317.05,380.62,0.91,10,ok
1711,1275,739.20,682.74,739.20,1.42,30,ok
17111,17109,260.06,226.58,260.06,0.73,19,ok
17114,17111,441.32,278.14,441.32,1.26,19,ok
17115,17118,369.30,399.15,369.30,0.69,37,ok
17118,17107,426.83,406.24,426.83,0.83,37,ok
17120,2774,492.37,166.51,492.37,1.15,10,ok
17121,17078,846.19,150.86,846.19,2.17,7,ok
17121,2601,571.86,83.90,571.86,1.39,6,ok
17121,2753,941.33,433.16,941.33,2.50,23,ok
17122,17288,245.07,225.82,245.07,0.65,7,ok
17123,17069,468.09,471.00,306.15,1.37,7,ok
17124,17127,877.36,575.63,877.36,2.04,7,ok
17125,2968,106.71,117.89,106.71,0.43,7,ok
17127,17293,331.43,270.48,300.67,0.58,7,ok
17128,17065,381.20,327.96,381.20,1.00,7,ok
17132,1809,472.86,309.36,472.86,1.01,2,ok
17132,1812,82.89,111.41,82.89,0.17,4,ok
17133,17132,294.55,166.30,294.55,0.77,6,ok
17134,17122,254.38,187.28,254.38,0.67,7,ok
17136,3452,330.63,252.35,330.63,0.83,8,ok
17137,42451,560.62,575.42,560.62,1.05,9,ok
17138,1243,709.16,293.77,709.16,1.50,5,ok
17138,16940,478.97,402.45,351.28,0.98,19,ok
17140,47958,118.03,131.00,118.03,0.31,13,ok_undirected
17141,2815,267.97,216.81,267.97,0.52,12,ok_undirected
17142,50056,231.09,245.56,231.09,0.62,21,ok
17143,34208,391.98,196.95,391.98,1.04,7,ok
17145,34199,103.02,82.15,103.02,0.31,7,ok
17146,17079,75.27,102.95,75.27,0.22,7,ok
17148,1478,2778.42,1683.81,2765.34,3.35,76,ok
17149,1805,220.67,244.10,220.67,0.49,25,ok
1715,1719,1275.43,1270.48,1275.43,1.07,18,ok
1715,38790,1278.59,1199.79,1278.59,1.07,2,ok
17158,35646,330.77,295.65,330.77,0.71,28,ok
17159,1448,321.52,210.29,321.52,0.68,20,ok
1716,1717,947.87,988.52,947.87,0.73,15,ok
1716,1726,2504.33,2438.23,2504.33,2.25,2,ok
1717,1725,1556.46,1518.68,1556.46,1.52,15,ok
1718,1716,1290.81,1267.45,1290.81,1.01,15,ok
1718,38787,2415.61,1628.63,1898.89,2.70,2,ok
17180,17181,152.64,124.57,152.64,0.41,15,ok
17181,17182,189.55,188.99,189.55,0.51,15,ok
17182,20508,554.84,253.04,554.84,1.72,1,ok
17182,41946,330.28,224.82,330.28,1.11,14,ok
17183,3257,279.90,275.25,279.90,0.73,43,ok
17184,44641,703.17,413.54,703.17,1.84,9,ok
17185,17095,279.43,298.88,279.43,0.60,10,ok
17186,17101,165.49,186.33,165.49,0.45,59,ok
17188,2106,162.10,206.87,162.10,0.40,3,ok_undirected
17188,3792,315.79,142.69,315.79,0.81,7,ok_undirected
17189,17188,369.27,306.77,369.27,0.67,10,ok_undirected
1719,1721,348.49,362.08,348.49,0.35,20,ok
17190,2119,594.17,411.45,594.17,1.25,5,ok
17192,2157,214.15,118.17,214.15,0.59,8,ok
17192,3845,172.21,172.27,172.21,0.53,23,ok
17194,2971,295.90,188.89,295.90,1.00,29,ok
17197,2104,1012.36,103.81,828.50,2.42,6,ok
17198,17197,2651.75,195.61,2640.81,29.31,6,ok
17199,17487,804.55,590.64,804.55,2.08,1,ok
17199,3950,632.61,582.43,632.61,1.68,1,ok
1720,1718,377.33,353.21,377.33,0.38,13,ok_undirected
1720,38790,379.20,313.86,379.20,0.40,2,ok
17200,17499,1142.42,1044.46,1142.42,1.56,26,ok
17200,2090,2617.70,1180.31,2617.70,4.67,1,ok
17200,2094,2016.94,882.69,2016.94,3.26,9,ok
17200,34221,117.53,54.61,117.53,0.36,28,ok
17203,17489,259.08,155.60,259.08,0.88,12,ok
17204,3685,315.51,254.45,315.51,1.52,12,ok
17206,16972,377.94,219.90,377.94,1.24,4,ok
17206,41946,274.44,132.81,274.44,0.96,5,ok
17208,1053,197.00,254.11,197.00,0.42,58,ok
17209,1210,211.88,162.06,211.88,1.11,11,ok
1721,1722,570.51,521.40,570.51,0.56,21,ok
1721,38776,1334.26,852.25,1308.82,2.38,2,ok
17210,17209,283.64,240.62,283.64,0.59,11,ok_undirected
17210,42578,330.63,305.11,330.63,0.75,13,ok_undirected
17211,16990,326.37,218.49,326.37,0.97,2,ok
17211,17210,330.11,315.75,322.74,0.82,24,ok_undirected
17212,1315,272.62,284.04,272.62,0.66,12,ok
17212,1661,270.26,240.71,270.26,0.69,28,ok
17213,1248,715.91,578.93,715.91,1.81,1,ok
17213,17215,564.71,590.29,564.71,1.28,10,ok
17214,4036,862.69,642.42,847.68,1.99,24,ok
17215,1634,512.88,481.17,512.88,0.90,10,ok
17216,4011,435.29,328.54,435.29,1.14,23,ok
17217,4047,317.52,273.15,317.52,0.88,28,ok
17218,4045,529.16,342.58,529.16,1.47,23,ok
17219,41513,143.30,118.22,143.30,0.41,10,ok
1722,1724,1616.16,1625.73,1616.16,1.28,18,ok
1722,2689,7108.33,6986.63,7108.33,6.20,3,ok
1722,38785,929.34,477.32,822.81,1.16,3,ok
1722,38795,2187.52,1713.81,2187.52,2.23,2,ok
17220,1087,738.36,731.86,738.36,1.40,14,ok
17222,1200,918.37,844.82,538.26,2.88,2,ok
17223,17224,470.22,416.64,470.22,1.05,24,ok
17223,35088,205.47,110.34,205.47,0.58,1,ok
17224,1340,681.80,660.38,681.80,1.72,2,ok
17224,35086,272.76,246.14,272.76,0.70,22,ok
17225,1364,3111.26,3061.06,3111.26,4.08,52,ok
17225,37208,202.44,169.74,202.44,0.49,2,ok
17225,51638,143.89,148.99,143.89,0.35,13,ok
17226,1680,547.65,484.79,547.65,0.94,2,ok
17226,17227,572.01,559.06,572.01,0.98,47,ok
17227,1456,744.09,593.11,744.09,1.53,28,ok
17227,17229,766.57,668.77,766.57,1.56,16,ok
17227,17283,925.40,652.55,523.55,1.95,1,ok
17227,2663,1237.81,856.62,835.95,2.52,8,ok
17228,1410,175.30,196.34,175.30,0.40,20,ok
17228,1417,634.33,578.57,634.33,1.47,17,ok
17229,1467,400.17,389.83,400.17,0.85,32,ok
17229,3293,967.30,968.77,967.30,1.93,2,ok
17229,51636,402.45,465.10,402.45,0.87,22,ok
1723,2337,1590.98,1662.84,1590.98,1.47,13,ok
1723,38776,2377.70,1686.70,2377.70,3.33,1,ok
1723,38785,1905.83,1703.23,1799.30,1.99,1,ok
17232,1328,436.59,335.99,436.59,0.85,31,ok
17233,1354,192.03,169.72,192.03,0.54,36,ok
17233,1380,639.23,229.25,639.23,1.76,1,ok
17234,1616,516.73,282.50,516.73,1.16,21,ok
17234,40547,369.62,214.97,369.62,0.95,32,ok_undirected
17235,1561,1103.47,946.20,701.72,6.52,2,ok
17235,1562,1072.64,949.41,1045.13,4.69,2,ok_undirected
17236,1562,264.82,242.75,264.82,0.31,13,ok_undirected
17236,1569,1520.74,1516.35,1520.74,1.84,2,ok
17236,17235,1286.30,908.85,1255.68,2.24,2,ok
17237,1627,1667.00,1365.28,1667.00,2.43,10,ok
17237,36030,1098.65,943.01,1098.65,1.42,5,ok
17238,1530,527.59,511.35,527.59,0.97,3,ok
17238,1539,353.90,342.97,353.90,0.73,2,ok
17239,1532,784.51,727.36,784.51,0.66,2,ok
1724,1730,1625.25,1629.75,1625.25,1.32,20,ok
1724,38777,2395.90,1573.06,2363.26,2.75,2,ok
17240,17238,1297.50,645.40,1297.50,2.14,3,ok
17241,17244,1026.25,896.63,1026.25,2.69,3,ok
17242,1506,837.37,659.80,837.37,2.07,2,ok
17242,17241,561.15,527.62,561.15,1.45,3,ok
17243,1525,549.50,442.49,487.98,1.72,7,ok
17244,1523,212.01,191.16,212.01,0.72,13,ok
17245,1516,226.84,179.67,226.84,0.44,12,ok
17245,17260,1007.89,838.04,196.64,2.03,2,ok
17246,1282,343.76,339.84,343.76,0.74,26,ok
1725,16937,1282.97,1133.03,1282.97,3.14,19,ok_undirected
17250,36049,0.00,72.42,0.00,0.73,3,no_coverage
17251,17250,541.54,89.60,377.11,2.58,3,ok
17251,36050,149.53,190.27,149.53,0.61,6,ok
17251,4066,0.00,88.69,0.00,1.00,3,no_coverage
17254,1068,940.93,786.05,940.93,1.01,8,ok
17256,1068,1242.91,989.16,1242.91,1.22,4,ok
17257,17258,1141.99,723.91,571.69,2.80,3,ok
17257,36058,179.75,203.21,179.75,0.41,9,ok
17258,17251,1191.49,672.19,1191.49,3.97,12,ok
1726,38788,3196.06,2908.80,3196.06,4.62,2,ok
1726,38794,3228.11,2718.56,2794.69,3.85,1,ok
17260,17261,561.15,533.11,0.00,1.13,2,no_coverage
17261,17262,562.54,532.87,562.54,1.43,2,ok
17262,1493,278.96,198.09,278.96,0.86,2,ok
17263,1499,471.22,355.55,471.22,0.95,2,ok
17264,17265,654.27,477.55,654.27,1.14,2,ok
17265,17266,233.49,241.18,233.49,0.46,2,ok
17266,1602,3375.38,2456.76,3375.38,4.60,2,ok
17268,1260,805.29,472.45,805.29,1.81,1,ok
17268,16940,2078.37,1067.28,1950.69,4.30,1,ok
17268,2904,190.91,239.23,190.91,0.45,14,ok
17268,37235,1280.00,1027.04,1230.74,3.37,1,ok
17269,17268,293.84,267.86,293.84,0.57,17,ok
1727,1715,2504.33,2515.20,2504.33,2.06,1,ok
1727,1722,4698.76,4655.59,4698.76,4.04,3,ok
1727,1728,1556.46,1688.09,1556.46,1.26,19,ok
1727,35851,,22832.99,,19.89,2,unreachable
17271,1124,500.55,316.28,500.55,1.79,164,ok
17271,35407,564.01,495.13,564.01,1.73,11,ok
17271,43001,324.30,270.38,324.30,1.06,27,ok_undirected
17272,1163,334.87,306.64,334.87,0.93,57,ok
17272,41519,190.48,161.65,190.48,0.57,10,ok
17275,34218,200.24,174.65,200.24,0.64,39,ok_undirected
17276,2725,161.49,154.15,161.49,0.61,13,ok_undirected
17277,35825,152.05,156.38,152.05,0.50,140,ok
17279,17192,146.01,135.24,146.01,0.47,30,ok
1728,1715,947.87,827.49,947.87,0.79,18,ok
1728,38787,2072.67,1204.93,1555.95,2.54,1,ok
17282,1456,328.23,338.61,328.23,0.98,33,ok
17282,1460,295.88,270.03,295.88,0.93,9,ok
17283,1475,822.79,471.70,822.79,2.11,1,ok
17283,2663,762.42,313.81,762.42,1.97,2,ok
17283,3037,1680.90,1026.25,1680.90,3.68,2,ok
17283,51629,709.59,301.60,709.59,1.85,18,ok
17286,17291,154.53,145.21,154.53,0.34,7,ok
17287,17123,491.82,417.96,491.82,1.40,7,ok
17288,17286,388.53,410.78,388.53,0.90,7,ok
1729,1723,1659.59,1597.59,1659.59,1.41,14,ok
1729,38795,2167.97,1569.40,2167.97,2.30,1,ok
17290,17072,358.59,258.18,358.59,0.90,7,ok
17291,17290,320.79,296.21,320.79,0.79,7,ok
17294,44054,1996.90,1443.41,1324.18,3.51,3,ok
17297,1649,790.69,735.31,734.76,1.40,5,ok
17299,35832,503.03,423.67,503.03,1.87,67,ok
1730,1732,2968.86,2949.68,2968.86,2.43,20,ok
1730,39066,2952.51,2877.74,2907.79,2.39,2,ok
17300,2028,283.73,166.39,167.56,1.63,4,ok
17301,1989,326.84,346.42,317.10,0.78,62,ok_undirected
17301,3827,267.88,241.24,267.88,0.65,6,ok
17302,3365,161.54,166.54,161.54,0.27,9,ok
17303,20408,,71798.69,,58.90,1,unreachable
17306,35821,342.25,412.26,342.25,1.06,195,ok
17309,35831,481.28,436.17,481.28,1.45,68,ok
1731,1729,2936.42,2956.75,2936.42,2.49,14,ok
1731,38777,3720.16,3218.32,3720.16,3.97,1,ok
17310,17309,633.60,266.53,633.60,2.34,68,ok
17311,17313,278.16,284.60,278.16,0.67,67,ok_undirected
17312,17310,509.66,327.62,509.66,1.55,68,ok
17313,17315,482.98,350.14,482.98,1.41,67,ok
17314,17312,378.21,357.61,378.21,0.85,68,ok
17315,35794,568.57,468.65,568.57,1.06,36,ok
17315,3611,573.13,375.56,573.13,2.13,31,ok
17316,17314,333.97,343.37,333.97,1.04,68,ok
17317,2158,279.75,268.29,279.75,0.67,41,ok
17317,2160,294.05,248.02,232.56,1.06,32,ok_undirected
17317,3322,661.46,659.88,599.97,1.66,2,ok
17317,35835,552.73,544.30,491.24,1.22,109,ok
17318,2567,551.23,387.02,551.23,1.88,30,ok
17318,3563,398.47,269.72,398.47,2.28,1,ok_undirected
17318,35822,450.28,400.00,450.28,1.50,179,ok
17319,17306,333.46,318.05,333.46,1.01,195,ok
1732,3824,872.35,876.72,872.35,0.96,22,ok
17321,3361,175.49,172.82,175.49,0.46,36,ok
17322,2105,0.00,156.63,0.00,0.56,6,no_coverage
17323,2997,0.00,77.18,0.00,0.14,20,no_coverage
17324,43518,161.31,110.48,161.31,0.42,12,ok
17325,3419,541.11,457.58,541.11,1.46,2,ok
17325,3700,157.35,190.29,157.35,0.36,10,ok
17326,3943,214.37,215.76,214.37,0.44,8,ok
17328,3866,0.00,122.27,0.00,0.40,16,no_coverage
17329,17407,443.94,462.39,443.94,1.26,6,ok
17329,2765,598.09,344.11,598.09,2.01,5,ok
17329,3900,784.84,24.60,784.84,2.10,4,ok
1733,2342,926.29,1343.20,926.29,1.75,7,ok
17330,17331,79.95,132.76,79.95,0.19,10,ok
17331,17332,622.62,151.79,622.62,1.76,10,ok
17332,3212,241.50,178.49,241.50,0.73,10,ok_undirected
17333,3049,186.64,117.73,186.64,0.59,16,ok
17334,3213,313.92,308.63,313.92,1.23,16,ok
17335,17474,567.53,249.07,567.53,2.45,31,ok
17336,3119,308.32,204.40,308.32,0.87,11,ok
17337,3170,28.96,124.13,28.96,0.09,36,ok
17338,3173,225.05,163.67,225.05,0.47,36,ok
1734,2689,402.46,313.52,402.46,0.55,7,ok
1734,3825,394.54,356.13,394.54,0.57,15,ok
17340,1556,1130.38,1089.35,0.00,1.12,3,no_coverage
17341,1831,127.61,154.65,127.61,0.38,14,ok
17343,2064,342.74,125.29,342.74,0.90,23,ok
17344,17194,120.66,138.54,120.66,0.39,29,ok
17345,36064,913.12,570.19,913.12,2.27,7,ok
17345,4037,389.42,252.68,389.42,1.22,2,ok
17346,35647,468.00,299.91,468.00,1.26,1,ok
17347,3249,173.73,158.94,173.73,0.50,9,ok
17348,3868,59.29,57.55,59.29,0.23,9,ok
17349,3411,259.67,216.28,259.67,0.67,12,ok
1735,2759,590.88,397.37,590.88,0.70,22,ok
17350,3414,326.96,153.83,326.96,0.37,12,ok
17352,1283,594.57,510.53,594.57,1.90,32,ok
17352,3164,377.97,139.88,377.97,1.40,7,ok
17352,44956,605.51,495.12,605.51,1.64,16,ok
17353,3119,721.85,467.62,721.85,1.75,6,ok
17353,3291,321.50,156.70,321.50,0.76,11,ok
17354,3316,310.84,343.28,310.84,1.69,19,ok
17355,2284,1759.59,212.55,1759.59,4.62,18,ok
17356,16962,245.22,149.45,245.22,0.37,2,ok
17359,2497,184.37,206.22,184.37,0.59,4,ok
1736,3152,524.35,481.45,524.35,0.62,22,ok
17360,2669,684.89,335.66,684.89,1.81,2,ok
17362,3404,0.00,138.02,0.00,0.32,4,no_coverage
17364,3760,82.16,95.15,82.16,0.29,6,ok
17365,3976,268.61,94.78,268.61,1.05,6,ok
17366,3292,498.50,208.43,498.50,1.24,7,ok
17368,3944,187.49,115.77,187.49,0.63,11,ok
17369,3408,571.09,562.14,571.09,0.91,12,ok
17370,1812,268.51,274.38,268.51,0.57,21,ok
17370,3464,351.39,215.05,351.39,0.89,4,ok
17381,1216,2308.16,1709.47,2308.16,3.05,13,ok
17381,1217,2259.22,1631.05,2259.22,2.83,8,ok_undirected
1739,1607,386.96,385.14,386.96,1.06,23,ok_undirected
1739,36080,673.03,577.03,673.03,1.78,8,ok_undirected
1739,36128,574.69,235.34,574.69,1.74,5,ok_undirected
17394,40914,364.34,124.68,364.34,0.84,5,ok
17397,3172,339.54,174.38,339.54,0.96,6,ok
17399,3987,79.74,84.36,79.74,0.26,9,ok
1740,1596,1138.36,586.75,1114.42,1.98,15,ok
1740,40554,353.64,406.01,353.64,0.68,12,ok_undirected
17400,2144,137.76,128.97,137.76,0.55,6,ok
17400,2859,151.74,134.99,151.74,0.57,14,ok
17402,1948,333.78,167.42,333.78,1.24,42,ok
17403,17460,235.32,244.70,235.32,0.97,22,ok
17404,2334,198.96,197.73,198.96,0.40,5,ok
17406,17429,1190.47,1083.46,897.24,2.69,4,ok
17407,1819,456.13,424.67,456.13,0.89,6,ok
17409,3323,247.16,185.34,247.16,0.76,7,ok
1741,1600,125.04,170.47,125.04,0.20,15,ok_undirected
17413,17417,279.26,247.96,279.26,0.57,2,ok
17414,2554,116.48,97.58,116.48,0.21,10,ok
17415,17437,563.19,236.84,563.19,2.26,14,ok
17416,35081,667.42,414.92,667.42,1.79,16,ok
17416,35082,969.64,184.75,969.64,2.44,1,ok
17417,17360,241.52,325.02,241.52,0.50,2,ok
17418,17441,358.25,350.23,0.00,0.85,1,no_coverage
17419,17420,358.78,161.83,358.78,0.73,50,ok_undirected
17420,1590,247.22,182.13,247.22,0.68,37,ok
17420,42827,54.23,144.20,54.23,0.13,18,ok
17421,43513,1476.95,749.10,1476.95,3.31,7,ok
17421,43656,385.26,387.22,385.26,0.80,50,ok_undirected
17422,17421,332.40,264.65,332.40,0.75,57,ok_undirected
17425,35629,337.30,186.61,247.67,2.63,25,ok
17425,3852,1454.65,1089.32,1365.02,3.82,2,ok
17429,40178,417.50,434.90,417.50,0.91,4,ok
17433,17211,458.11,24.70,458.11,1.09,2,ok
17433,3376,781.51,427.92,781.51,2.05,21,ok
17434,17508,705.40,462.81,705.40,1.92,1,ok
17434,2972,431.12,241.90,431.12,1.29,16,ok
17436,1698,0.00,147.05,0.00,0.43,6,no_coverage
17437,40889,289.39,227.23,289.39,1.01,7,ok
17437,51625,162.60,142.12,162.60,0.60,7,ok
17438,2706,29.74,93.34,29.74,0.06,54,ok
17438,2807,304.67,206.23,304.67,0.83,1,ok
17439,3490,294.07,282.39,294.07,0.86,6,ok
17440,2864,377.17,305.07,377.17,0.80,70,ok
17441,3441,384.53,254.70,384.53,1.10,1,ok
17441,38625,201.62,155.72,201.62,0.56,9,ok
17442,2148,222.28,231.53,222.28,0.62,6,ok
17443,2624,207.23,224.16,207.23,0.40,70,ok
17444,2719,216.15,209.37,216.15,0.33,77,ok
17445,36912,540.37,523.36,540.37,0.88,13,ok
17445,37771,588.95,485.99,588.95,0.98,18,ok_undirected
17446,17433,532.80,500.60,532.80,1.19,21,ok
17446,3376,1314.31,927.24,1314.31,3.23,1,ok
17447,39259,674.32,679.97,674.32,0.89,15,ok
17448,3179,60.74,178.45,60.74,0.16,10,ok
17449,3424,107.17,192.10,107.17,0.24,48,ok
1745,2951,1364.09,1202.29,1364.09,2.00,2,ok
1745,2953,3696.36,3099.73,3696.36,4.69,2,ok
17451,17415,168.19,184.11,168.19,0.57,7,ok
17451,40889,527.83,528.16,294.99,1.76,3,ok
17452,3186,314.34,338.23,314.34,0.85,22,ok
17454,3932,1078.25,786.48,458.27,3.18,6,ok
17455,3600,399.20,337.16,399.20,1.00,6,ok
17456,35654,540.82,403.53,540.82,1.27,19,ok
17457,35659,586.55,537.89,586.55,1.41,11,ok
17458,19846,2317.47,2139.95,1891.19,2.85,2,ok
17459,3684,424.18,219.31,424.18,1.15,12,ok
17460,1051,290.21,150.63,290.21,1.03,22,ok
17462,1327,735.29,564.54,735.29,1.77,6,ok
17462,1707,2599.46,2483.58,2599.46,4.34,3,ok
17462,36068,3116.05,2701.13,3116.05,5.55,6,ok
17463,17464,196.49,211.92,196.49,0.53,18,ok
17464,1839,144.48,147.68,144.48,0.42,18,ok
17465,3149,0.00,17.22,0.00,0.73,10,no_coverage
17466,3982,0.00,120.24,0.00,0.68,14,no_coverage
17468,2263,91.49,98.14,91.49,0.31,32,ok
17468,35649,67.62,133.04,67.62,0.16,33,ok
1747,1267,4506.27,4176.81,4506.27,5.74,13,ok
1747,3512,4640.95,3915.84,4609.33,6.09,2,ok
1747,3974,3598.23,3149.97,3598.23,4.31,3,ok
1747,3975,3598.23,3125.88,3598.23,4.31,34,ok
17471,2220,265.15,238.87,265.15,0.86,55,ok
17472,1699,80.03,77.48,80.03,0.31,6,ok
17473,1264,267.16,231.24,267.16,0.93,19,ok
17474,3170,151.02,104.17,151.02,0.91,7,ok
17475,3809,2087.58,1022.08,2073.88,3.77,7,ok
17476,16987,177.51,153.94,177.51,0.46,17,ok
17476,51770,538.16,441.45,166.34,1.45,14,ok_undirected
17477,1134,505.34,416.11,505.34,1.87,3,ok
17477,42992,352.24,336.32,352.24,1.31,11,ok
17479,3861,263.27,218.14,263.27,0.63,7,ok
17480,17403,268.23,160.84,268.23,0.91,22,ok
17482,3992,340.45,274.88,340.45,1.03,11,ok
17485,3539,172.06,89.40,172.06,0.43,23,ok
17486,1697,365.12,232.62,365.12,1.40,6,ok
17487,16975,300.61,309.57,300.61,0.64,52,ok
17488,2356,3682.02,2924.39,3623.42,5.45,16,ok_undirected
17488,2444,3003.29,1268.75,3003.29,5.39,1,ok
17488,2835,854.59,473.10,854.59,1.19,9,ok_undirected
17488,2836,466.91,453.21,466.91,0.90,49,ok
17488,36097,5834.35,4053.39,5834.35,11.12,1,ok
17488,38805,2741.21,1616.97,2741.21,4.43,19,ok
17488,47855,3796.40,2582.21,3796.40,6.77,32,ok
17488,49615,3463.33,2731.63,3404.61,4.14,13,ok
17489,17459,250.52,250.03,250.52,0.90,12,ok
1749,2602,1268.78,1164.56,1268.78,1.63,19,ok
17490,3385,257.94,231.90,257.94,0.89,22,ok
17493,1187,553.69,491.06,553.69,1.71,7,ok
17495,2412,252.48,253.02,252.48,0.78,17,ok
17496,17446,183.04,169.01,183.04,0.38,8,ok
17499,2094,900.95,798.65,900.95,1.77,30,ok
17499,2095,938.44,665.08,938.44,2.17,14,ok
17499,44957,1454.43,486.99,1443.05,2.25,19,ok
17501,37469,794.86,582.52,794.86,2.11,3,ok
17502,1668,298.77,223.58,298.77,0.78,7,ok
17505,2143,982.36,923.89,908.80,1.44,84,ok
17505,3373,1225.67,802.13,1152.12,2.12,16,ok
17506,1980,813.62,537.05,813.62,1.33,17,ok
17506,35849,681.87,515.51,681.87,0.94,119,ok
17508,3386,317.35,293.96,317.35,0.99,8,ok
17508,38850,351.46,308.95,351.46,1.23,1,ok
17509,2949,161.02,138.39,161.02,0.37,9,ok
17510,3633,219.41,78.61,219.41,0.62,4,ok
17511,2544,378.50,235.51,378.50,1.19,13,ok
17513,51604,318.60,320.62,318.60,0.92,7,ok
17514,35407,426.51,320.76,426.51,1.40,2,ok
17515,20128,2183.11,1771.37,1834.73,2.22,4,ok
17517,17518,461.51,414.28,461.51,1.03,4,ok
17518,17519,278.98,294.40,278.98,0.43,4,ok
17519,17520,350.88,319.71,350.88,0.54,4,ok
1752,1753,1043.82,980.79,1043.82,0.85,42,ok
17520,17521,489.87,317.25,489.87,0.92,4,ok
17521,17406,455.25,392.70,455.25,1.27,2,ok
17521,17522,425.86,416.02,425.86,1.24,2,ok
17524,6368,654.08,559.90,654.08,1.42,1,ok
17524,6369,328.96,315.64,328.96,0.73,6,ok
17526,6578,283.07,269.61,283.07,0.80,11,ok_undirected
17527,17530,239.36,209.65,239.36,0.62,11,ok
17529,17527,241.66,206.80,241.66,0.64,11,ok
17529,6088,440.87,337.75,440.87,1.25,10,ok
1753,1758,955.23,928.96,955.23,1.09,8,ok
1753,42726,1120.92,910.76,1120.92,1.66,4,ok
1753,42840,1120.92,910.76,1120.92,1.66,3,ok
1753,42841,1120.92,910.76,1120.92,1.66,19,ok
1753,42842,1120.92,910.76,1120.92,1.66,8,ok
17530,17535,392.67,371.37,392.67,0.90,11,ok
17532,17538,151.94,167.36,151.94,0.44,10,ok_undirected
17532,17569,1020.55,442.42,1020.55,2.86,11,ok
17535,17545,328.72,233.66,328.72,1.16,11,ok
17536,20623,310.97,317.38,310.97,0.81,11,ok
17537,17543,127.44,127.91,127.44,0.30,20,ok
17538,17551,636.69,446.83,636.69,2.88,46,ok
17539,17529,172.87,179.52,172.87,0.53,21,ok
1754,4105,180.55,170.55,180.55,0.47,18,ok
17542,17539,245.11,147.24,245.11,0.68,10,ok
17542,17569,527.74,339.64,527.74,1.37,39,ok
17543,17552,375.44,202.80,375.44,0.95,20,ok
17544,17536,286.97,149.42,286.97,1.52,11,ok
17544,17550,394.07,391.50,394.07,1.59,10,ok
17545,6619,324.74,266.08,324.74,1.79,23,ok
17550,17542,419.71,408.06,419.71,1.17,49,ok
17551,17545,425.71,382.33,425.71,1.15,12,ok
17551,17565,343.21,319.85,343.21,0.81,34,ok
17552,18451,272.67,240.65,272.67,0.61,20,ok
17553,17560,490.88,426.61,490.88,2.20,23,ok
17555,17544,626.75,674.84,626.75,2.00,21,ok
17555,5575,1354.72,591.39,1354.72,7.89,1,ok
17557,18428,241.25,208.14,241.25,0.53,152,ok_undirected
17557,4266,807.66,432.38,807.66,2.07,2,ok
17558,17550,117.28,147.33,117.28,0.33,39,ok
17559,17555,280.82,250.70,280.82,1.09,22,ok
17560,48061,183.68,199.14,183.68,1.02,23,ok
17561,48061,275.33,224.79,275.33,1.33,24,ok
17563,19576,2115.19,1938.52,2018.52,6.21,3,ok
17563,20501,2304.12,2100.03,2304.12,6.48,5,ok
17563,3945,2472.39,2321.36,2472.39,7.78,12,ok
17563,5545,1884.48,1493.17,982.97,6.10,3,ok
17564,17561,244.88,204.29,244.88,0.92,24,ok
17565,17578,485.40,518.67,485.40,1.71,34,ok
17566,2358,2920.28,2653.67,2920.28,4.64,28,ok
17566,3229,2737.85,2563.30,2737.85,3.67,8,ok
17567,20854,960.36,858.80,960.36,1.33,28,ok_undirected
17568,17564,274.10,330.73,274.10,1.01,24,ok
17569,17581,243.05,204.50,243.05,0.70,38,ok_undirected
17569,6411,166.69,128.97,113.47,0.79,22,ok
1757,4086,5041.51,4911.93,5041.51,3.84,2,ok_undirected
1757,41123,7578.14,1523.98,7578.14,20.05,12,ok
1757,4130,1556.58,1562.26,1556.58,1.23,42,ok_undirected
17570,17538,412.31,336.65,412.31,0.80,36,ok_undirected
17570,17539,514.29,466.63,514.29,1.11,11,ok
17570,6092,649.28,299.24,649.28,1.31,10,ok
17571,17558,508.37,365.80,508.37,1.16,39,ok
17572,21295,2987.35,2824.32,2987.35,3.03,11,ok
17572,21304,2755.50,2522.61,2755.50,2.43,13,ok_undirected
17572,46377,1635.81,1554.90,1635.81,1.37,2,ok
17572,46399,1972.84,1337.55,1972.84,1.89,2,ok
17572,47163,1510.66,1340.68,1510.66,1.32,2,ok
17572,48767,1469.71,1367.05,1469.71,1.13,3,ok
17573,17568,402.80,387.53,402.80,1.69,24,ok
17574,17567,454.57,453.72,454.57,0.95,28,ok_undirected
17574,20070,236.01,193.27,236.01,0.60,3,ok_undirected
17574,7191,1166.31,982.79,1166.31,2.83,11,ok_undirected
17575,17570,786.85,693.73,786.85,2.03,33,ok
17575,17610,3119.00,2566.22,3119.00,7.70,3,ok
17578,6618,364.12,380.43,364.12,1.20,34,ok
17579,17571,235.42,357.23,235.42,0.69,39,ok
1758,17002,1318.37,1318.38,1318.37,1.34,23,ok
1758,1760,2542.29,2553.60,2542.29,2.43,8,ok
1758,4894,6311.14,6052.73,6311.14,6.07,2,ok
17580,17777,3191.03,2821.64,3191.03,2.66,52,ok
17580,19625,3374.07,2679.34,3374.07,2.99,13,ok
17580,4226,5054.65,4411.21,5054.65,4.53,2,ok_undirected
17581,17574,1329.12,634.51,1312.90,2.97,42,ok
17582,17599,241.83,145.21,241.83,0.63,24,ok
17583,18910,776.86,763.75,776.86,1.18,84,ok
17586,17590,281.51,214.86,281.51,0.82,24,ok
17586,48987,679.92,494.24,679.92,1.76,10,ok
17588,17586,264.07,348.92,264.07,1.07,26,ok
17588,48358,173.46,252.37,173.46,0.70,13,ok
17589,17573,401.65,270.12,401.65,1.22,24,ok
17589,48810,751.57,511.23,751.57,2.02,10,ok
17590,17602,374.32,404.55,374.32,0.96,24,ok
17591,17582,238.69,215.19,238.69,0.68,24,ok
17594,44243,500.62,296.10,500.62,1.93,2,ok
17594,48062,478.31,268.07,478.31,1.84,1,ok
17594,5575,583.99,343.39,583.99,2.40,17,ok_undirected
17595,17588,507.93,396.99,507.93,1.59,39,ok
17596,17604,562.41,402.63,562.41,1.96,24,ok
17599,17627,375.03,331.41,375.03,1.08,24,ok
1760,35477,8396.69,1651.92,8396.69,10.82,2,ok
1760,4893,3772.45,3479.31,3772.45,3.71,6,ok
1760,4894,3768.86,3517.62,3768.86,3.64,20,ok
1760,4895,4037.45,3412.84,4037.45,4.91,3,ok
17600,17601,671.34,509.01,671.34,1.03,31,ok
17600,19330,536.34,514.57,536.34,0.79,19,ok_undirected
17600,7094,1055.86,834.69,1015.56,1.97,1,ok
17600,7114,1164.55,743.29,1090.61,1.90,1,ok
17601,35461,1013.32,652.45,1013.32,1.73,33,ok
17601,4182,3052.70,1948.80,3052.70,3.89,3,ok
17602,17591,243.94,267.64,243.94,0.69,24,ok
17604,19560,290.12,302.24,290.12,0.84,24,ok
17605,4176,5153.55,3468.79,5147.80,8.32,2,ok
17605,50164,3278.81,2929.49,3278.81,3.21,6,ok
17605,50476,1691.06,1624.52,1691.06,1.68,5,ok
17608,6621,1871.02,294.27,1871.02,5.93,4,ok
17610,5575,37.87,71.92,37.87,0.26,50,ok_undirected
17611,17615,297.10,260.64,297.10,0.82,36,ok
17612,17594,247.90,230.89,247.90,0.76,19,ok
17612,17595,211.97,219.20,211.97,0.64,13,ok
17613,17608,576.50,371.11,576.50,1.88,4,ok_undirected
17613,20854,5759.47,3882.87,5743.29,9.48,1,ok
17614,17612,396.75,288.51,396.75,1.13,12,ok
17614,17617,178.89,166.60,178.89,0.46,27,ok
17615,17621,210.62,264.21,210.62,0.57,13,ok
17615,48258,339.64,377.94,339.64,1.20,23,ok
17617,17618,351.17,351.24,351.17,0.56,27,ok
17618,17663,572.09,467.89,572.09,1.26,10,ok
17618,20881,1258.62,628.13,1258.62,2.84,17,ok
17621,17636,401.88,276.85,401.88,1.29,26,ok
17623,17633,368.65,271.18,368.65,1.19,22,ok_undirected
17623,17634,218.83,252.47,218.83,0.71,33,ok_undirected
17623,17710,1777.71,863.94,1777.71,5.47,3,ok
17623,47947,437.02,211.13,437.02,1.38,23,ok_undirected
17624,6627,265.80,224.95,265.80,0.79,27,ok
17627,17630,30.34,175.39,30.34,0.08,24,ok
17628,17596,296.21,353.63,296.21,0.77,24,ok
17629,17610,323.17,329.04,323.17,1.07,45,ok_undirected
17629,44341,481.57,383.31,481.57,1.73,45,ok
17629,5575,361.04,361.60,361.04,1.33,3,ok_undirected
17630,17653,226.41,139.78,226.41,0.48,13,ok
17630,17661,498.32,235.37,498.32,0.79,11,ok
17631,17624,348.89,250.02,348.89,1.04,27,ok
17633,17662,213.01,181.43,213.01,0.67,22,ok
17634,17710,715.77,655.33,715.77,1.45,32,ok
17634,17724,993.07,960.02,993.07,1.95,1,ok
17635,17628,353.43,203.73,353.43,0.83,24,ok
17636,17648,337.27,296.98,337.27,1.12,27,ok
17637,19067,312.54,319.74,312.54,0.93,11,ok
17637,19437,0.00,18.85,0.00,0.00,6,no_coverage
17637,21250,561.83,582.39,561.83,1.47,9,ok
17639,17640,535.15,272.94,328.30,1.03,2,ok
17639,51318,328.30,287.92,328.30,0.63,19,ok
17639,5497,3509.67,2524.35,3509.67,4.00,8,ok
1764,18789,949.40,940.55,949.40,1.86,18,ok
17640,21251,177.45,180.62,0.00,0.67,2,no_coverage
17643,17656,493.87,498.25,493.87,0.37,17,ok
17648,17631,370.07,349.62,370.07,1.17,27,ok
17649,5826,159.80,156.74,159.80,0.61,11,ok
1765,3923,1124.58,916.15,1103.54,1.53,27,ok
17650,19908,840.86,366.74,840.86,2.20,19,ok
17650,48958,442.36,268.07,442.36,1.04,10,ok
17652,17637,139.67,95.93,139.67,0.42,26,ok
17652,19067,452.20,415.12,452.20,1.35,5,ok
17653,17650,797.32,778.19,797.32,1.38,19,ok
17653,6390,594.57,417.89,594.57,1.44,26,ok
17654,49295,880.96,904.06,880.96,0.79,19,ok
17656,17692,359.96,348.57,359.96,0.29,17,ok
1766,35263,650.47,554.47,650.47,1.67,16,ok_undirected
17661,17665,648.21,713.69,648.21,0.73,17,ok
17661,44244,649.92,656.86,649.92,0.75,11,ok
17662,7201,343.73,312.08,343.73,1.17,22,ok
17663,17674,311.20,263.81,311.20,1.15,10,ok
17664,17635,844.57,775.36,844.57,1.40,11,ok
17664,17653,870.95,858.11,870.95,1.45,19,ok
17665,17671,2304.38,440.14,1640.52,2.75,28,ok
17667,19173,752.80,595.02,752.80,1.56,11,ok
17667,20913,3855.23,2701.15,3855.23,5.30,1,ok
17668,4183,539.60,482.87,539.60,0.95,20,ok
17669,17700,358.85,260.37,358.85,0.90,28,ok
17670,17664,2395.37,557.84,2395.37,3.36,30,ok
17671,17698,1536.89,508.29,1536.89,2.26,17,ok
17671,44188,1714.81,466.86,1714.81,2.62,11,ok
17673,17649,202.11,179.16,202.11,0.89,11,ok
17674,7200,261.14,194.48,261.14,0.87,10,ok
17675,20397,6189.57,5734.68,6189.57,4.64,3,ok
17675,20917,6253.82,5831.72,6253.82,4.89,11,ok
17675,20924,4294.12,4029.71,4294.12,3.18,8,ok
17675,21305,4893.83,4548.65,4893.83,3.58,19,ok
17681,17710,440.55,332.74,440.55,0.92,10,ok
17681,48260,405.50,319.49,405.50,1.58,11,ok
17683,46578,224.26,101.24,179.30,0.57,26,ok
17684,17610,1162.03,667.38,1162.03,4.19,2,ok
17684,17629,401.51,342.29,401.51,1.13,45,ok_undirected
17684,47947,602.45,440.73,602.45,1.73,1,ok_undirected
17686,17689,459.80,486.39,459.80,0.66,19,ok
17689,17670,1462.94,331.30,799.07,2.05,30,ok
17690,17673,406.81,186.95,406.81,1.61,11,ok
17691,17654,346.78,345.95,346.78,0.28,19,ok
17692,17719,743.57,733.08,743.57,0.79,16,ok
17692,41945,1134.33,783.88,1134.33,1.55,1,ok
17693,17690,391.44,162.21,391.44,1.44,11,ok
17693,47931,335.02,377.33,335.02,1.20,11,ok
17694,17681,332.47,241.04,332.47,1.46,21,ok
17696,19154,167.81,232.35,167.81,0.37,11,ok
17696,20906,514.40,443.85,514.40,1.05,4,ok
17696,20914,439.29,409.92,439.29,0.98,5,ok
17696,6266,683.77,230.96,439.29,1.52,3,ok
17698,6588,557.37,466.15,557.37,0.65,17,ok
17699,17683,228.82,178.81,228.82,0.85,26,ok
1770,3807,279.99,264.12,279.99,0.81,12,ok
17700,17707,259.79,235.78,259.79,0.84,26,ok
17700,49036,3265.99,156.28,3221.03,8.18,1,ok
17700,49047,3972.97,510.82,3498.19,10.00,1,ok
17702,48260,340.82,229.39,340.82,1.39,1,ok
17702,5825,578.98,428.04,578.98,1.98,11,ok
17703,17712,138.18,191.21,138.18,0.54,23,ok
17705,7219,752.22,716.44,0.00,0.76,3,no_coverage
17706,19127,518.29,484.40,518.29,0.99,5,ok
17706,20898,463.47,451.52,463.47,0.90,8,ok
17706,20900,362.93,375.10,362.93,0.72,3,ok
17706,5522,497.92,426.53,497.92,0.97,8,ok
17707,17711,259.78,208.66,259.78,0.91,28,ok
17708,17699,213.12,227.57,213.12,0.57,26,ok
1771,3808,229.71,163.08,229.71,0.58,12,ok
17710,17724,277.31,318.92,277.31,0.50,43,ok
17710,17735,1285.91,832.24,1285.91,2.05,2,ok
17710,47930,580.46,405.62,277.31,1.04,11,ok
17711,17708,310.94,293.01,310.94,0.94,26,ok
17711,6390,961.39,358.72,916.43,2.95,2,ok
17712,17702,134.55,96.78,134.55,0.41,12,ok
17712,6093,133.14,128.08,133.14,0.50,11,ok
17718,19046,2012.29,561.06,2012.29,3.15,7,ok
17718,19139,926.81,629.11,926.81,1.59,3,ok
17718,6261,925.12,427.04,725.64,1.61,5,ok
17719,17722,300.01,261.25,300.01,0.24,17,ok
1772,3340,316.60,206.67,316.60,0.90,13,ok
1772,3547,150.82,151.52,150.82,0.56,38,ok
17720,17691,762.01,732.27,762.01,0.56,19,ok
17721,17684,607.84,599.85,607.84,1.17,36,ok
17721,19746,404.51,382.51,404.51,0.72,33,ok
17722,17727,960.86,931.61,960.86,0.97,16,ok
17722,17730,987.14,964.33,987.14,1.00,1,ok
17723,17720,270.52,283.76,270.52,0.27,17,ok
17723,41945,690.77,390.28,690.77,1.08,2,ok
17724,17735,1008.61,531.30,1008.61,1.55,44,ok
17725,17705,1480.66,1272.93,1267.63,2.15,2,ok
17727,17740,1356.15,1330.73,1356.15,1.28,17,ok
17729,17723,938.55,896.46,938.55,0.93,19,ok
1773,1772,667.08,296.16,667.08,1.87,51,ok
17730,38962,1197.83,1109.15,1197.83,1.68,3,ok
17734,17629,2664.74,1403.99,2664.74,7.37,2,ok
17734,17684,1179.54,1067.42,1179.54,2.10,2,ok
17734,17721,571.70,558.87,571.70,0.94,56,ok
17735,17738,272.52,252.70,272.52,0.47,42,ok_undirected
17735,17756,3609.05,2559.05,3571.23,4.60,2,ok
17735,40756,501.19,360.26,501.19,1.20,2,ok_undirected
17737,17734,332.50,251.60,332.50,0.55,58,ok
17738,17756,2757.41,2311.20,2719.60,3.34,2,ok
17738,17761,2556.78,2362.88,2556.78,2.93,23,ok
17738,19588,4162.17,2276.93,4162.17,5.17,9,ok
17738,49031,2340.79,1100.58,2275.74,2.90,10,ok
17739,17729,1416.17,1334.42,1416.17,1.07,17,ok
17739,17730,1382.43,1292.10,1382.43,1.03,2,ok
1774,1775,224.49,148.41,224.49,0.67,10,ok_undirected
1774,1776,256.74,260.61,256.74,0.81,29,ok_undirected
17740,17749,1291.15,1137.74,1291.15,1.64,10,ok
17740,41629,1284.35,1193.99,1284.35,1.61,7,ok
17744,6500,465.38,365.92,465.38,0.84,9,ok
17747,17734,2931.49,2544.46,2931.49,3.72,2,ok
17747,17737,3623.14,2323.76,3623.14,4.78,45,ok
17747,40756,2934.82,2338.62,2934.82,4.03,3,ok
17748,19672,2388.95,2355.11,2388.95,2.00,11,ok
17748,4221,2400.57,2415.14,2400.57,2.04,35,ok
17749,41627,555.78,323.98,555.78,1.01,15,ok
1775,51611,733.23,716.87,733.23,1.91,13,ok
17750,17739,1185.71,1175.18,1185.71,1.18,3,ok
17750,18838,492.09,525.86,492.09,0.66,16,ok
17753,17750,283.12,211.86,267.42,0.49,10,ok
17753,37630,281.93,229.09,174.22,0.58,1,ok
17754,17753,212.22,180.43,36.80,0.45,11,ok
17754,41627,265.21,238.29,265.21,0.46,15,ok
17754,49062,1800.87,1360.47,211.02,3.71,4,ok
17756,17769,111.44,64.51,111.44,0.17,3,ok_undirected
17756,7254,3079.78,2824.53,220.87,5.41,1,ok
17758,17744,328.00,331.45,328.00,0.52,9,ok
1776,1785,0.00,48.90,0.00,0.92,1,no_coverage
1776,2832,321.31,322.05,321.31,1.22,29,ok
17761,17805,1146.11,1179.53,1146.11,0.89,23,ok
17761,17834,2619.49,2629.61,2619.49,2.11,2,ok
17764,17770,398.24,433.18,398.24,1.77,10,ok_undirected
17764,42903,543.89,391.23,499.52,1.20,1,ok
17767,17754,306.58,287.09,306.58,0.69,15,ok
17767,41614,323.30,262.59,323.30,0.74,15,ok
17769,7227,914.40,562.04,861.90,2.35,4,ok
1777,1778,217.54,177.84,217.54,0.76,10,ok
17770,17795,448.97,400.16,448.97,0.86,11,ok
17771,19587,509.18,459.82,509.18,2.04,8,ok
17771,42142,553.34,406.49,553.34,3.47,3,ok
17772,17767,230.08,134.47,230.08,0.47,30,ok
17777,4220,3251.44,3070.67,3251.44,2.88,2,ok
17777,4226,1863.62,1674.45,1863.62,1.87,57,ok_undirected
1778,1779,196.45,160.84,196.45,0.61,10,ok
17785,41619,178.16,176.69,0.00,0.79,14,no_coverage
17785,6419,320.53,362.44,320.53,0.31,6,ok
17785,6605,277.89,304.83,277.89,0.28,1,ok
17787,17799,362.41,279.82,362.41,0.67,5,ok
17787,6506,733.63,532.99,733.63,1.41,3,ok
17788,17808,1480.91,1092.66,1480.91,2.49,3,ok
17788,20107,1319.68,1137.97,1319.68,2.08,9,ok
1779,3483,193.12,236.16,193.12,0.56,10,ok
17790,6463,1255.48,1033.70,56.84,0.89,1,ok
17791,6459,4513.19,4112.68,4513.19,4.78,1,ok
17794,6459,4541.98,4086.90,4541.98,4.84,1,ok
17795,19582,1630.63,1539.82,1630.63,2.10,7,ok
17795,6506,1986.35,1453.90,1958.23,2.78,4,ok
17796,6462,2364.85,2093.89,2364.85,1.72,1,ok
17799,19583,1713.19,1592.39,1713.19,1.89,10,ok
17799,42142,2587.31,2317.27,2587.31,6.11,1,ok
1780,3335,882.73,228.85,882.73,2.53,70,ok
17801,17785,981.66,816.24,981.66,1.43,1,ok
17801,18760,784.98,571.45,775.08,1.18,4,ok
17801,41619,1159.82,992.01,981.66,1.69,1,ok
17801,41631,440.69,407.38,440.69,0.59,10,ok
17804,17747,1195.15,1232.79,1195.15,1.00,37,ok_undirected
17804,19588,1148.27,1115.11,1057.18,0.89,2,ok_undirected
17805,17832,1448.49,1383.47,1350.37,1.17,2,ok
17805,17834,1473.38,1452.99,1473.38,1.22,21,ok
17806,6210,169.54,179.68,169.54,0.61,19,ok
17807,20942,175.87,164.05,175.87,0.90,12,ok
17808,6541,236.01,256.32,236.01,0.55,17,ok
17809,6211,159.46,100.38,159.46,0.58,12,ok
1781,1736,816.48,871.23,816.48,1.31,22,ok_undirected
17811,6589,541.18,439.76,192.26,0.34,2,ok
17812,20937,235.24,210.83,235.24,0.63,12,ok
17813,17808,630.40,407.06,630.40,1.57,3,ok
17813,20106,591.06,539.19,591.06,1.50,3,ok
17815,17818,222.07,202.70,222.07,0.54,17,ok
17816,6026,201.40,262.46,201.40,0.34,9,ok
17817,6213,161.59,152.33,161.59,0.65,14,ok
17818,40773,1531.82,1161.70,1531.82,3.95,3,ok
17818,6046,326.86,308.77,326.86,0.77,11,ok
17818,6703,460.81,264.78,460.81,1.27,3,ok
1782,3336,317.61,313.38,317.61,0.88,70,ok_undirected
17820,6215,104.97,82.34,104.97,0.36,20,ok
17822,6216,223.73,151.88,223.73,0.83,20,ok
17823,17824,217.55,131.74,217.55,0.88,13,ok
17823,51205,1194.92,1061.94,1194.92,2.39,7,ok
17824,17825,229.54,171.29,229.54,0.91,13,ok
17825,20981,212.74,190.13,212.74,0.59,13,ok
17827,17828,506.34,370.15,506.34,0.59,12,ok
17827,17829,421.90,378.11,421.90,0.49,9,ok
17828,4181,1515.84,1202.11,1515.84,1.55,33,ok
17829,17668,909.43,897.99,909.43,1.72,18,ok
1783,3329,203.66,213.58,203.66,0.64,44,ok_undirected
1783,3609,202.63,216.23,202.63,0.63,8,ok_undirected
1783,42763,226.18,135.69,226.18,0.80,18,ok_undirected
17832,17851,3607.52,3402.97,0.00,2.80,2,no_coverage
17833,17804,1439.30,1441.50,1439.30,1.16,34,ok_undirected
17834,17839,2079.62,1535.49,2079.62,2.39,2,ok
17834,6474,1138.48,1111.13,1138.48,1.00,21,ok_undirected
17836,41635,3058.87,1604.38,2377.20,4.35,2,ok
17839,6474,991.63,801.35,991.63,1.35,2,ok_undirected
17839,6478,996.83,800.02,334.59,1.27,3,ok
1784,1849,1400.81,1383.77,1400.81,2.93,90,ok
1784,37808,1459.68,1313.19,1459.68,3.02,9,ok
17840,6463,3053.26,2989.00,3053.26,2.30,7,ok
17841,17845,1288.83,775.28,1133.16,1.29,1,ok
17841,17846,1203.17,890.77,1203.17,1.20,2,ok
17842,17848,4464.72,1821.97,3261.39,6.61,3,ok
17843,6445,287.91,247.82,0.00,0.82,2,no_coverage
17845,17843,145.20,152.53,0.00,0.32,2,no_coverage
17846,17871,2724.94,2793.43,2724.94,2.37,3,ok
17847,17840,1141.49,952.97,8.33,0.91,3,ok
17848,17861,1171.20,916.78,1171.20,1.86,3,ok
17849,17840,4464.72,1908.55,4464.72,5.55,3,ok
1785,1775,206.66,186.95,206.66,0.71,3,ok_undirected
1785,2676,571.75,302.96,565.67,1.54,34,ok
17850,17804,7407.06,4842.66,3778.53,6.46,3,ok
17851,6600,1796.04,1659.46,0.00,2.01,3,no_coverage
17852,17850,286.59,181.22,0.00,0.22,2,no_coverage
17852,17851,269.26,166.19,0.00,0.15,1,no_coverage
17853,21209,496.23,418.05,496.23,1.12,4,ok
17853,21213,597.42,534.61,597.42,1.16,41,ok
17857,17876,1770.47,1625.21,0.00,1.37,2,no_coverage
17859,17861,346.09,245.08,346.09,0.78,3,ok
1786,3340,308.90,187.01,308.90,1.10,20,ok_undirected
1786,3342,833.04,547.74,480.72,2.44,2,ok
1786,3346,538.08,366.66,538.08,1.49,40,ok
17861,17849,1171.20,923.20,1060.89,1.40,3,ok
17861,6751,1756.39,1256.81,1646.07,2.23,3,ok
17865,21232,314.13,259.35,314.13,0.81,10,ok
17866,17850,1506.55,1393.27,0.00,1.12,1,no_coverage
17866,6640,1475.96,1329.58,0.00,1.07,2,no_coverage
17867,17839,2535.95,2300.89,2535.95,2.61,3,ok
17867,6478,1615.84,2225.38,1615.84,1.33,24,ok
1787,1786,158.58,87.98,158.58,0.57,20,ok_undirected
17871,6423,1706.37,1480.58,1550.90,1.63,1,ok
17871,6591,1599.73,1504.35,1599.73,1.52,2,ok
17872,17845,2950.62,2805.56,0.00,2.15,1,no_coverage
17872,17847,2803.28,2729.44,8.33,2.22,3,ok
17875,17852,1595.12,1609.71,0.00,1.37,2,no_coverage
17875,6643,2050.83,1092.18,0.00,2.05,1,no_coverage
17876,17880,323.81,266.89,0.00,0.77,2,no_coverage
1788,17037,340.97,230.30,340.97,0.66,7,ok
17880,6638,213.79,137.59,0.00,0.48,2,no_coverage
17882,6628,0.00,74.16,0.00,0.37,3,no_coverage
17884,17872,1550.90,1515.33,0.00,1.16,4,no_coverage
17888,18913,2687.79,1362.25,2687.79,2.59,51,ok
17888,20224,2707.50,1359.18,2707.50,2.66,11,ok
17891,39194,175.71,137.56,175.71,0.30,1,ok
17891,41064,2305.12,1522.45,2305.12,3.85,2,ok
17893,17891,276.56,182.04,276.56,0.55,3,ok
17897,17902,715.77,293.04,715.77,0.65,2,ok
1790,17042,40.95,53.40,40.95,0.11,1,ok
1790,17044,417.72,418.96,417.72,0.75,9,ok
17902,17867,5155.08,4470.44,5155.08,3.64,27,ok
17902,6478,6770.92,6695.22,6770.92,4.96,9,ok
17904,17919,1210.12,1120.58,1210.12,1.12,17,ok
17904,5805,1160.96,1181.03,1160.96,1.02,3,ok
17907,18103,2143.40,1819.04,2143.40,2.81,5,ok
17907,41672,2447.94,2011.36,2447.94,3.64,17,ok
17907,41673,2501.39,2091.24,2501.39,3.77,9,ok
17908,17897,1058.03,886.18,977.90,2.83,2,ok
17908,17902,581.01,604.34,581.01,0.52,24,ok
1791,17024,130.93,125.19,130.93,0.30,16,ok
17913,18860,307.52,266.52,307.52,0.54,13,ok
17914,17934,2374.67,1501.52,2374.67,2.39,5,ok
17914,18077,3915.50,2790.65,3915.50,4.02,4,ok
17915,5824,,294.20,,0.55,11,unreachable
17916,6602,3436.20,2868.21,592.53,4.51,1,ok
17918,17902,1389.92,1275.69,1389.92,1.57,2,ok
17918,17908,808.91,700.66,808.91,1.05,24,ok
17919,17924,252.81,240.62,252.81,0.40,27,ok
1792,3035,355.38,231.68,355.38,0.89,5,ok
1792,3326,310.64,181.45,310.64,0.69,15,ok
17922,6564,794.90,81.17,794.90,1.54,14,ok
17923,17914,316.81,265.84,316.81,0.63,1,ok
17923,35572,6460.41,4036.09,6460.41,7.94,1,ok
17924,17925,160.35,156.43,160.35,0.25,27,ok
17925,17932,321.70,197.49,321.70,0.66,17,ok
17925,17933,301.35,224.64,301.35,0.66,11,ok
17927,17908,1188.30,997.36,1188.30,1.50,2,ok
17927,17918,379.39,314.95,379.39,0.45,24,ok
17927,5805,506.57,322.85,506.57,0.63,11,ok
1793,1792,130.93,233.50,130.93,0.31,20,ok
17930,17897,2749.32,2136.27,2669.19,5.36,1,ok
17930,17918,882.38,613.72,882.38,1.54,2,ok
17930,17927,503.00,304.64,503.00,1.08,24,ok
17930,17933,98.54,78.85,98.54,0.25,4,ok_undirected
17930,6612,649.46,301.97,649.46,1.52,1,ok
17932,17897,2749.32,2152.14,2669.19,5.36,1,ok
17932,17952,716.01,702.95,716.01,1.34,27,ok
17932,17974,1080.74,966.72,1080.74,2.01,1,ok
17933,17941,234.92,239.95,234.92,0.71,5,ok
17933,5804,414.33,394.69,414.33,1.21,10,ok
17934,17966,1123.45,1022.69,1123.45,1.10,25,ok
17935,17914,2314.92,1420.46,2314.92,2.63,3,ok
17935,17923,1998.11,1279.49,1998.11,2.00,1,ok
17935,18077,5596.80,2894.53,5596.80,5.59,5,ok
17935,43679,6251.83,3335.29,6251.83,6.76,6,ok
17935,5945,7438.64,3125.39,7438.64,8.32,1,ok
17939,17930,350.92,58.74,278.83,0.68,1,ok
1794,2417,191.48,218.75,191.48,0.43,11,ok
17940,17927,638.92,637.88,638.92,1.55,13,ok
17940,7208,265.17,274.13,265.17,0.69,7,ok
17941,17940,30.26,42.62,30.26,0.10,11,ok
17941,5804,179.41,171.39,179.41,0.50,5,ok
17946,17949,193.60,168.24,193.60,0.60,20,ok
17947,6542,90.42,73.88,90.42,0.19,32,ok
17947,6543,373.90,354.38,373.90,0.89,2,ok
17949,17947,149.40,146.00,149.40,0.36,34,ok
1795,17022,215.57,178.05,215.57,0.52,10,ok
1795,2506,159.59,129.33,159.59,0.46,6,ok
17950,17963,470.60,263.62,464.46,1.04,3,ok
17950,5962,380.86,233.73,303.83,0.80,1,ok
17950,6489,152.87,129.38,152.87,0.27,4,ok
17952,17974,364.73,279.75,364.73,0.67,27,ok
17952,18001,1103.09,1045.40,1103.09,1.78,4,ok
17953,5942,501.20,339.69,501.20,0.87,13,ok_undirected
17953,5946,533.25,321.03,533.25,1.06,8,ok
17958,17953,609.57,308.63,609.57,1.27,13,ok
1796,3449,1199.36,734.57,1199.36,2.55,1,ok
17961,40999,190.83,261.97,190.83,0.35,4,ok
17961,44442,355.25,324.99,355.25,0.82,12,ok
17961,6573,2343.85,1285.62,2300.57,3.53,1,ok
17962,19023,229.38,193.83,229.38,0.55,11,ok
17962,5756,450.54,348.74,450.54,1.08,1,ok
17963,5962,125.62,115.18,55.72,0.27,1,ok
17963,7231,175.01,157.87,175.01,0.42,5,ok_undirected
17966,18116,6754.14,3261.11,6754.14,7.97,6,ok_undirected
17966,41673,6912.19,2674.75,6912.19,8.30,15,ok
17967,17935,1102.47,941.21,1102.47,1.18,14,ok
17967,35572,5504.14,5160.18,5473.98,7.18,1,ok
17967,7038,2350.47,2102.43,2273.17,2.48,1,ok
17968,6396,409.68,197.83,409.68,0.97,10,ok
17969,42151,625.30,442.42,625.30,1.15,12,ok
1797,2419,92.11,91.89,92.11,0.26,23,ok_undirected
17970,18875,2717.05,2447.22,2717.05,3.90,14,ok
17970,20648,2534.36,2448.50,2534.36,3.33,21,ok
17972,20533,1273.77,1283.03,1273.77,1.39,13,ok
17972,4188,1257.54,1225.25,1257.54,1.35,16,ok
17974,17984,225.52,130.84,225.52,0.44,29,ok
17975,17897,2973.81,2758.75,2893.68,5.68,2,ok
17975,17930,1137.72,852.36,1137.72,2.19,31,ok
17975,17932,1137.72,841.53,1137.72,2.19,1,ok
17975,17939,930.99,793.67,858.89,1.79,1,ok
17975,50996,830.73,831.25,830.73,1.18,5,ok
17976,39085,1437.67,1181.38,1437.67,3.20,3,ok_undirected
17976,5951,750.93,622.24,750.93,1.46,2,ok
17976,6482,533.32,469.25,533.32,1.14,5,ok
17976,6489,332.08,261.17,332.08,0.75,1,ok
17977,17968,270.91,279.94,270.91,0.59,10,ok
1798,1799,270.75,200.56,270.75,0.61,12,ok
17981,17976,395.80,244.56,395.80,0.80,8,ok
17983,17989,1363.72,1233.48,1363.72,2.04,12,ok_undirected
17983,44440,935.73,925.81,935.73,1.46,41,ok
17984,18009,396.47,231.51,396.47,1.06,29,ok
17986,17975,533.36,240.77,533.36,1.06,29,ok
17988,17981,303.65,206.83,303.65,0.49,4,ok_undirected
17988,5963,644.60,396.16,233.22,0.82,2,ok
17988,6483,319.23,196.05,319.23,0.43,6,ok
17989,18860,2263.88,1846.64,2248.14,2.79,18,ok
17989,5820,1655.77,1433.45,1640.04,1.65,21,ok
17989,6573,1765.56,1397.85,1749.83,1.92,16,ok
1799,1796,751.62,539.99,751.62,2.29,1,ok
1799,1797,280.44,230.22,280.44,1.53,9,ok
1799,38550,504.17,487.92,504.17,1.77,2,ok
17990,18012,400.67,176.82,400.67,0.94,28,ok
17990,6620,388.82,300.27,388.82,0.98,18,ok
17991,17993,323.64,325.76,323.64,0.42,50,ok
17991,50242,691.33,490.96,270.18,0.91,2,ok_undirected
17993,17994,2075.62,986.98,2075.62,3.46,30,ok
17993,34265,1271.35,1025.69,1271.35,1.96,18,ok
17993,4227,963.36,967.79,963.36,1.21,2,ok
17994,18040,504.15,468.06,504.15,1.05,65,ok_undirected
17995,17983,305.02,265.54,305.02,0.63,24,ok
17995,18082,1484.40,1250.81,1484.40,2.75,6,ok
17995,20702,712.10,452.47,712.10,1.87,17,ok
17995,34265,203.94,117.88,203.94,0.53,15,ok
17995,4227,391.94,342.61,391.94,0.90,23,ok
17995,7002,94.59,125.20,94.59,0.22,4,ok
17997,6435,299.66,327.22,299.66,0.61,3,ok
17999,21276,2150.51,1997.82,2150.51,3.62,38,ok
1800,2693,139.72,129.89,139.72,0.41,23,ok
1800,3891,105.39,114.58,105.39,0.20,1,ok
1800,3996,7561.02,6861.44,7561.02,8.26,1,ok
18000,17975,543.94,555.26,543.94,0.66,5,ok
18001,18024,395.02,394.53,395.02,0.41,12,ok
18001,18028,410.04,424.52,410.04,0.45,16,ok
18002,18034,349.08,379.57,349.08,0.85,47,ok
18002,18051,460.05,398.26,460.05,1.14,28,ok
18004,41716,696.39,301.53,696.39,1.89,16,ok
18004,4214,791.72,374.05,791.72,2.12,72,ok
18005,18033,735.64,406.95,735.64,1.97,2,ok
18005,18042,589.71,243.36,589.71,1.47,19,ok
18005,6623,392.23,190.02,392.23,0.86,12,ok
18007,18011,309.13,319.56,309.13,0.61,7,ok
18008,18713,1685.59,1131.74,1685.59,1.34,42,ok
18008,40328,1981.00,1262.81,1981.00,1.96,3,ok
18009,6620,138.81,122.20,138.81,0.45,29,ok
1801,1800,381.87,360.89,381.87,1.32,25,ok
18011,6805,239.46,190.22,239.46,0.49,7,ok
18012,17986,220.15,213.11,220.15,0.48,28,ok
18015,17986,741.48,303.99,741.48,1.83,1,ok_undirected
18015,17990,449.21,179.79,449.21,1.13,46,ok
18015,18002,362.68,195.92,362.68,1.00,65,ok
18016,6399,162.26,140.20,162.26,0.34,10,ok
18018,7192,264.73,198.56,0.00,0.12,4,no_coverage
1802,1803,247.73,224.27,247.73,0.54,25,ok
18020,18015,199.93,171.92,199.93,0.53,69,ok
18022,17975,1318.59,1211.30,1318.59,2.01,6,ok
18022,18000,774.65,657.84,774.65,1.35,5,ok
18022,18005,1251.04,218.70,1251.04,2.65,25,ok
18024,17988,1966.76,1471.53,1966.76,3.01,4,ok
18024,39085,3928.21,2022.89,3928.21,7.07,1,ok_undirected
18024,50051,628.51,534.40,628.51,1.27,10,ok
18027,6834,320.47,227.08,320.47,0.72,18,ok
18028,18090,1334.18,1119.30,1334.18,1.19,6,ok
18028,18092,1419.70,1085.60,1419.70,1.33,11,ok
1803,1804,217.86,213.64,217.86,0.51,25,ok
18030,6625,315.74,288.63,315.74,0.65,11,ok
18032,18001,418.29,243.67,418.29,0.98,24,ok_undirected
18032,18007,766.25,353.99,766.25,1.81,7,ok
18032,18024,813.32,354.91,813.32,1.39,1,ok_undirected
18033,18051,256.18,126.21,256.18,0.88,35,ok
18034,18032,914.51,373.19,914.51,2.28,13,ok
18034,18047,181.15,157.34,181.15,0.44,34,ok
18034,6406,1339.53,516.99,1339.53,3.23,1,ok
18036,18046,395.35,249.62,395.35,1.17,25,ok
18036,18061,1223.72,735.91,607.81,3.50,1,ok
18037,6397,408.82,325.43,408.82,1.01,8,ok
1804,1806,385.98,366.03,385.98,1.10,25,ok
18040,18058,608.70,316.48,608.70,1.04,120,ok
18040,18078,895.64,640.20,895.64,1.56,1,ok
18041,17983,750.80,724.59,750.80,1.52,2,ok_undirected
18041,17995,445.77,463.01,445.77,0.89,92,ok_undirected
18041,18825,14742.48,11113.83,14671.62,15.67,1,ok
18041,20748,330.22,272.09,330.22,0.75,37,ok_undirected
18041,37617,678.58,471.63,678.58,1.36,8,ok_undirected
18041,7283,192.51,191.66,192.51,0.49,13,ok_undirected
18042,18033,145.92,238.30,145.92,0.51,33,ok
18043,18050,3845.47,1421.86,0.00,8.61,2,no_coverage
18046,18020,297.89,278.50,297.89,0.82,14,ok
18046,18064,570.43,428.27,130.05,1.52,1,ok
18046,18070,823.65,605.33,207.73,2.29,10,ok
18047,18032,391.00,262.14,391.00,1.05,14,ok_undirected
18047,6623,345.87,207.15,345.87,0.96,17,ok
18048,18100,1403.39,1410.12,491.15,1.50,2,ok
18048,18104,1403.39,1456.72,491.15,1.50,1,ok
1805,1801,254.93,185.87,254.93,0.62,25,ok
18050,18071,492.09,477.53,0.00,1.08,2,no_coverage
18051,20479,350.01,346.55,350.01,0.91,15,ok
18051,6484,319.92,243.25,319.92,0.77,58,ok
18052,18034,380.86,319.06,380.86,1.11,1,ok
18052,18037,257.28,218.96,257.28,0.82,8,ok
18054,6401,228.68,153.96,228.68,0.67,18,ok
18057,20223,227.90,177.45,0.00,0.74,8,no_coverage
18058,18078,286.94,336.46,286.94,0.52,120,ok
18059,18067,859.27,202.25,859.27,1.78,11,ok
1806,1807,351.06,353.95,351.06,0.76,25,ok
1806,51967,479.24,346.11,479.24,1.17,4,ok
18061,18052,240.58,249.40,240.58,0.65,9,ok
18062,18063,95.66,95.42,34.10,1.97,1,ok_undirected
18063,6476,3509.37,2206.68,3509.37,6.25,3,ok
18063,6748,3278.26,2308.81,3278.26,5.70,2,ok
18064,18057,189.30,220.96,0.00,0.85,7,no_coverage
18066,18041,356.81,311.67,356.81,0.48,149,ok_undirected
18067,6400,206.94,175.76,206.94,0.45,11,ok
18068,18054,468.54,284.84,468.54,1.27,11,ok
18069,18061,301.93,103.23,301.93,0.95,8,ok
18069,18064,395.06,280.84,219.52,1.33,6,ok
1807,1808,425.03,301.51,425.03,1.03,25,ok
18070,6402,713.80,257.15,713.80,1.62,10,ok
18071,6447,273.87,221.63,0.00,0.71,2,no_coverage
18072,6406,238.51,114.57,238.51,0.54,10,ok
18072,6466,276.70,276.57,276.70,0.74,7,ok
18077,17988,5137.40,3387.63,5137.40,8.15,1,ok
18077,43679,655.04,586.05,655.04,1.16,1,ok
18077,5945,1841.84,1802.93,1841.84,2.72,7,ok
18078,18082,198.20,157.68,198.20,0.49,108,ok
18078,20153,292.20,205.49,292.20,0.84,13,ok_undirected
1808,17370,121.47,196.15,121.47,0.30,25,ok
18081,20361,178.18,232.48,0.00,0.88,3,no_coverage
18082,18108,1925.31,917.80,1925.31,3.51,6,ok
18082,20843,452.02,320.76,452.02,0.89,110,ok
18083,6438,62.87,86.23,62.87,0.11,2,ok
18085,18041,1022.56,784.71,1022.56,1.68,2,ok
18085,18066,504.00,493.22,504.00,1.05,132,ok_undirected
18086,19763,625.24,596.16,171.46,1.32,2,ok
18086,19817,625.24,663.36,171.46,1.32,1,ok
18087,18311,897.17,880.74,872.64,1.11,1,ok
18087,6869,1015.56,976.75,1015.56,0.89,2,ok
1809,1810,425.03,376.15,425.03,0.90,25,ok
18090,18098,662.41,640.65,662.41,0.82,3,ok
18090,50459,899.83,701.07,899.83,1.16,4,ok
18091,18022,2705.78,1097.20,2705.78,4.19,25,ok
18091,18024,1428.56,1081.79,1428.56,1.71,2,ok
18092,18140,1636.51,1433.25,1636.51,1.88,8,ok
18092,6467,2028.13,1350.95,1985.94,3.00,3,ok
18097,17988,4035.44,2094.12,4035.44,5.65,1,ok
18097,18091,1253.13,608.33,1253.13,1.52,10,ok
18098,18127,1242.01,1134.38,1242.01,1.37,3,ok
18098,40267,1391.49,1217.85,1391.49,1.75,3,ok
18099,18108,310.61,382.66,310.61,0.52,91,ok_undirected
18099,19374,733.29,715.02,733.29,1.35,1,ok
1810,17013,481.11,310.77,425.03,1.17,1,ok
1810,1811,287.46,360.96,287.46,0.89,25,ok
18100,18083,1096.93,475.39,128.38,1.84,2,ok
18103,17989,1962.61,2001.28,1440.61,3.15,12,ok_undirected
18103,18825,13184.20,12594.24,13113.34,11.54,1,ok
18103,42151,2767.30,2290.07,2705.40,3.36,1,ok
18103,5820,3650.89,3388.79,3650.89,3.52,9,ok
18103,7048,161.10,146.03,161.10,0.28,17,ok_undirected
18104,18153,2652.70,1261.74,0.00,5.98,1,no_coverage
18108,19374,807.93,339.19,807.93,1.40,44,ok
18108,19749,1109.47,483.35,1109.47,2.43,24,ok
18108,20435,347.91,158.38,320.52,0.56,40,ok_undirected
18108,41673,2075.11,1243.60,2075.11,4.58,1,ok
18108,41784,2021.66,1212.74,2021.66,4.45,6,ok
1811,2556,608.16,336.08,608.16,1.62,23,ok
1811,51967,587.87,360.29,587.87,1.63,2,ok
18110,19471,949.32,519.20,933.74,1.56,103,ok
18110,7012,531.62,453.68,531.62,0.84,26,ok
18114,18115,185.63,125.23,185.63,0.87,7,ok
18114,39671,494.46,401.20,494.46,1.47,9,ok
18115,18122,194.30,175.09,194.30,0.72,11,ok
18116,18117,523.66,520.77,523.66,1.25,122,ok_undirected
18117,18110,352.18,209.40,352.18,0.68,123,ok
18117,20435,397.81,183.60,370.43,0.82,1,ok
18119,18114,326.47,249.62,326.47,1.38,9,ok
1812,1813,392.19,347.02,392.19,0.95,25,ok
18121,20499,922.68,398.18,922.68,2.35,13,ok
18121,50175,378.11,268.76,378.11,0.91,8,ok_undirected
18121,51615,311.73,275.89,305.06,0.71,113,ok_undirected
18122,6615,128.01,142.33,128.01,0.44,11,ok
18125,18119,154.29,184.57,154.29,0.67,10,ok
18127,18149,425.93,466.57,425.93,0.64,14,ok
18128,18022,4411.04,2650.71,4411.04,6.72,1,ok
18128,18097,1065.15,1061.56,1065.15,1.60,6,ok
18128,50459,1319.57,1068.75,1319.57,1.96,4,ok
18129,49338,987.78,845.35,987.78,1.33,4,ok
18129,49339,514.96,535.01,514.96,0.68,4,ok
18129,6608,1727.47,1086.26,1727.47,2.54,7,ok
1813,17011,566.71,352.95,450.87,1.58,5,ok
1813,17012,271.46,283.23,271.46,1.03,13,ok
1813,3053,346.15,299.34,346.15,1.22,7,ok
18130,18125,262.19,244.65,262.19,0.86,10,ok
18136,18091,2240.08,1449.89,2240.08,2.31,17,ok
18139,6607,110.26,129.41,110.26,0.44,11,ok
1814,1815,368.32,297.49,368.32,0.79,25,ok
18140,18198,2843.40,2107.22,2843.40,2.97,8,ok
18140,18202,2892.55,2163.90,2773.43,3.03,3,ok
18141,18155,637.15,543.35,637.15,0.92,120,ok_undirected
18141,18193,1495.12,1376.13,1495.12,2.39,4,ok
18144,18043,4180.14,2341.17,0.00,10.00,1,no_coverage
18146,19361,496.00,533.50,489.33,0.81,95,ok_undirected
18149,18189,695.62,707.39,695.62,0.89,3,ok
18149,49349,5416.27,2392.52,4583.75,10.10,8,ok
18149,6490,1229.41,1058.11,1229.41,1.85,3,ok
1815,1809,389.97,348.54,389.97,0.84,23,ok
1815,3464,82.89,101.40,82.89,0.32,2,ok
18150,18128,412.31,417.70,412.31,0.62,6,ok
18150,40267,515.72,266.48,515.72,1.00,11,ok
18153,6437,431.70,447.52,0.00,1.02,1,no_coverage
18155,18193,1104.06,832.79,1104.06,1.86,25,ok
18155,19379,679.84,408.63,679.84,1.05,103,ok
18158,18146,1343.77,543.42,1337.10,1.95,95,ok
18158,19361,1073.32,1061.23,1073.32,1.68,38,ok
18158,37622,201.11,168.12,201.11,0.42,8,ok
1816,1822,136.37,123.11,136.37,0.38,22,ok
18161,6471,0.00,164.97,0.00,0.18,8,no_coverage
18162,18161,692.73,121.30,692.73,1.45,8,ok
18162,6471,692.73,285.33,692.73,1.45,2,ok
18165,6637,3643.36,2307.74,0.00,3.12,3,no_coverage
18169,6554,384.18,388.09,384.18,1.15,12,ok
1817,1818,1096.77,276.78,1096.77,2.70,22,ok
18174,18150,869.09,776.57,869.09,1.39,17,ok
18177,19381,761.87,336.29,598.84,1.15,12,ok
18177,21286,540.97,402.87,540.97,0.70,32,ok
1818,1816,231.30,175.57,231.30,0.73,6,ok
1818,3047,311.28,220.26,311.28,0.96,16,ok
18181,6491,332.97,365.80,332.97,0.72,6,ok
18182,6493,220.89,231.00,220.89,0.49,7,ok
18183,6617,666.81,559.50,0.00,1.28,3,no_coverage
18185,6468,5388.38,3222.34,5388.38,8.63,1,ok
18185,6601,503.08,447.25,503.08,0.99,6,ok
18189,6598,1294.39,1132.13,1294.39,1.84,2,ok
18189,6657,1294.39,1086.10,1294.39,1.84,3,ok
1819,1817,753.49,539.78,753.49,1.67,6,ok_undirected
18192,17907,366.32,419.48,366.32,0.37,32,ok
18192,18103,2509.71,2238.38,2509.71,3.17,1,ok
18192,18169,348.38,326.52,348.38,0.40,12,ok
18193,19381,228.22,104.54,228.22,0.69,47,ok
18193,21286,455.93,381.45,455.93,1.04,17,ok
18193,6063,262.95,143.73,262.95,0.80,59,ok
18193,7062,86.84,72.56,86.84,0.17,9,ok
18195,21062,311.40,314.54,311.40,0.84,161,ok_undirected
18197,17981,9251.52,5486.58,9251.52,12.85,1,ok
18197,18136,2833.84,2106.23,2833.84,3.49,11,ok
18197,6467,3231.53,2373.09,3231.53,4.63,6,ok
18198,18224,1738.13,1721.99,1738.13,1.93,8,ok
18199,21080,421.54,209.09,421.54,1.27,121,ok_undirected
1820,3934,597.67,410.32,597.67,1.31,5,ok
18202,18183,1392.15,1051.65,0.00,1.87,3,no_coverage
18203,21039,461.84,352.90,346.20,1.59,8,ok
18203,21047,452.46,365.14,346.20,1.56,1,ok
18203,21050,200.64,93.96,200.64,0.63,7,ok
18203,5002,239.51,192.83,239.51,0.74,7,ok
18204,18241,2288.04,2119.25,0.00,2.40,6,no_coverage
18206,7248,489.08,265.06,489.08,0.96,9,ok
18208,37181,516.58,451.03,409.58,0.86,7,ok
1821,44242,767.31,182.37,767.31,2.07,22,ok
18210,38172,335.93,217.01,294.28,0.62,6,ok
18213,21018,317.30,132.25,317.30,1.00,15,ok_undirected
18215,7247,696.06,475.87,696.06,1.20,7,ok
18216,18218,194.40,173.28,194.40,0.39,9,ok
18218,18241,3022.69,2323.17,2636.41,4.30,2,ok
18218,49362,3010.99,2426.22,2652.59,4.28,7,ok
1822,1823,222.64,114.95,222.64,0.61,22,ok
18223,18197,1930.63,1876.56,1930.63,2.68,11,ok
18224,18225,247.36,186.34,247.36,0.88,5,ok
18224,18228,348.21,308.50,348.21,1.19,8,ok
18225,38169,363.15,341.77,0.00,0.78,5,no_coverage
18225,38181,328.81,273.37,204.66,0.92,5,ok
18227,18197,2212.84,2107.91,2212.84,3.42,1,ok
18227,18223,282.21,234.77,282.21,0.74,9,ok
18227,38169,519.49,421.55,147.42,1.29,1,ok
18228,18233,160.73,201.42,160.73,0.38,13,ok
18229,4861,229.70,219.20,229.70,0.59,183,ok
1823,1821,359.01,230.25,359.01,0.99,22,ok_undirected
18232,18227,156.32,83.36,147.41,0.41,9,ok
18233,18883,313.08,210.93,313.08,0.63,15,ok
18234,18192,2694.31,2521.71,2686.39,2.25,21,ok
18234,19381,2999.55,2569.65,2828.60,2.75,12,ok
18234,20265,2998.74,2571.20,2990.82,3.04,25,ok
18234,51790,500.15,586.00,492.23,0.37,12,ok
18235,18264,216.85,176.39,14.53,0.46,21,ok
18235,19368,382.92,180.67,180.59,1.16,6,ok
18235,20965,549.87,303.07,222.64,1.58,13,ok
18235,21289,417.20,252.32,89.97,1.04,90,ok
18236,18249,745.14,571.87,745.14,0.98,2,ok
18236,18251,671.37,670.64,671.37,0.86,28,ok
18236,18861,2355.44,1756.54,2355.44,2.53,9,ok
18236,7057,1131.61,557.03,1131.61,1.17,22,ok
18237,6583,228.01,178.60,70.40,0.16,13,ok
18238,18239,246.96,179.71,246.96,0.69,91,ok_undirected
18238,18366,385.27,368.60,385.27,1.18,2,ok_undirected
18239,18366,138.31,188.98,138.31,0.49,28,ok_undirected
18239,4703,138.31,176.85,138.31,0.49,12,ok_undirected
18239,4859,179.29,167.45,179.29,0.50,49,ok_undirected
18239,5168,693.93,583.01,693.93,1.15,2,ok_undirected
1824,1817,0.00,59.97,0.00,2.00,16,no_coverage
1824,1820,874.65,652.40,874.65,1.86,5,ok_undirected
18240,18215,2994.81,2537.47,2994.81,3.40,7,ok
18241,40587,2429.40,1909.83,745.44,8.73,2,ok
18241,6670,2506.70,1961.13,1041.23,9.31,6,ok
18243,6452,2389.56,1856.09,1315.27,2.44,2,ok
18244,6454,1056.60,555.56,1056.60,1.05,3,ok
18246,18213,129.34,125.35,129.34,0.49,15,ok
18246,21018,734.35,153.76,734.35,2.21,13,ok
18248,44138,772.09,778.61,772.09,0.93,11,ok
18248,44776,924.26,683.46,924.26,1.21,10,ok
18249,7241,672.25,656.56,672.25,1.18,14,ok
18251,18258,762.75,610.50,762.75,1.57,40,ok
18252,7205,84.14,67.62,84.14,0.28,5,ok
18252,7250,5757.48,4155.27,5757.48,6.04,1,ok
18254,18869,349.83,360.31,349.83,0.67,6,ok
18254,7234,214.28,158.94,214.28,0.47,30,ok
18256,18254,158.58,121.34,158.58,0.45,24,ok
18257,18244,2073.72,1942.06,2073.72,1.81,3,ok
18258,19818,391.48,422.74,391.48,0.92,4,ok
18258,5929,174.49,171.24,174.49,0.38,36,ok
1826,1827,445.06,206.30,445.06,1.04,16,ok_undirected
18261,6218,277.82,249.66,277.82,1.16,21,ok
18264,20968,269.10,256.78,269.10,0.79,23,ok
18266,20984,53.71,56.63,53.71,0.19,6,ok
18268,7235,211.49,224.85,211.49,0.47,35,ok
18269,4968,108.74,139.70,108.74,0.44,7,ok
1827,17328,163.06,148.84,163.06,0.47,16,ok_undirected
18270,18872,255.99,233.92,255.99,0.55,24,ok
18270,5776,286.51,353.65,286.51,0.59,11,ok
18276,6234,310.13,225.27,310.13,0.99,7,ok
18277,18281,1233.31,759.55,1233.31,1.33,7,ok
18277,18282,1396.75,904.16,1396.75,1.90,3,ok
18278,18277,1269.34,943.65,1269.34,2.57,3,ok
18279,18882,1223.56,852.43,1223.56,1.32,8,ok
18279,50925,1219.79,777.75,1219.79,1.34,2,ok
1828,1829,834.46,250.44,834.46,2.32,14,ok
18281,50202,1057.25,935.59,1057.25,0.99,3,ok
18281,7251,1077.90,953.09,1024.36,1.00,11,ok
18282,18279,212.68,224.90,212.68,0.74,2,ok
18282,18281,258.88,147.12,258.88,0.79,7,ok
18284,51232,171.67,152.77,171.67,0.45,26,ok
18285,7250,427.57,421.95,427.57,0.32,10,ok
18286,18294,1746.92,1033.52,1566.00,3.26,9,ok
18287,18288,4844.97,2855.50,0.00,4.92,2,no_coverage
18288,18289,494.19,110.03,0.00,0.78,2,no_coverage
18288,7256,407.77,313.80,0.00,1.47,2,no_coverage
18289,7256,167.65,213.99,0.00,0.22,2,no_coverage
1829,17341,0.00,23.28,0.00,0.54,14,no_coverage
18290,20961,57.56,130.70,57.56,0.15,8,ok
18293,18285,1603.82,1005.58,1603.82,1.90,8,ok
18294,18320,3063.59,2970.23,0.00,2.66,9,no_coverage
18296,18288,1067.90,813.00,0.00,1.73,2,no_coverage
1830,2597,720.95,293.61,720.95,1.53,18,ok
18300,4193,516.12,97.92,516.12,1.78,13,ok
18301,18296,2275.18,1834.61,244.73,6.35,2,ok
18301,7258,5044.58,2748.44,4672.86,6.07,2,ok
18302,18309,1773.28,1670.85,1773.28,1.79,11,ok
18303,18246,188.83,160.47,188.83,0.54,26,ok
18305,18306,518.35,222.03,518.35,1.58,7,ok
18306,20966,148.49,215.97,148.49,0.38,7,ok
18307,18758,678.85,559.37,678.85,0.82,6,ok
18308,18307,2083.87,1497.14,2083.87,2.31,2,ok
18308,18757,1983.83,1720.30,1983.83,2.13,10,ok
18308,41573,2046.98,1503.87,2046.98,2.25,2,ok
18309,18319,1319.15,1107.15,1319.15,1.83,8,ok
18309,40925,1431.66,1151.90,1292.13,2.29,1,ok
18309,40926,1581.52,994.66,1581.52,4.58,2,ok
1831,1833,321.22,112.04,321.22,1.08,14,ok
18310,18302,1074.73,1063.75,1074.73,1.40,8,ok
18310,18307,1399.77,976.27,1399.77,2.16,4,ok
18310,41573,1362.88,987.25,1362.88,2.10,2,ok
18311,18777,1228.34,1167.72,484.19,1.39,2,ok
18311,6869,1190.91,571.24,828.82,0.99,1,ok
18312,21057,167.83,178.35,167.83,0.52,12,ok
18313,18342,4570.62,3795.32,4570.62,5.40,13,ok
18313,41472,4421.62,3739.20,4421.62,5.17,16,ok
18315,18301,3638.16,2347.77,0.00,3.80,2,no_coverage
18319,18293,3074.28,3026.73,3074.28,2.34,8,ok
1832,3114,127.61,155.19,127.61,0.36,18,ok
18320,18308,1219.35,1146.97,226.56,1.76,14,ok
18321,7255,847.59,625.99,705.28,0.96,3,ok
18322,6204,422.11,160.21,181.69,1.21,7,ok
18324,7258,4839.97,2091.83,1406.42,6.91,2,ok
18327,40715,3215.83,2267.85,0.00,3.07,2,no_coverage
18328,7273,1245.29,1177.74,0.00,0.85,2,no_coverage
18329,7260,427.97,276.20,0.00,0.77,2,no_coverage
1833,1835,207.09,67.85,207.09,0.52,5,ok
1833,3531,441.21,281.76,441.21,0.70,9,ok
18332,7271,1449.27,1371.75,0.00,1.20,2,no_coverage
18334,18759,835.56,894.51,0.00,0.57,2,no_coverage
18336,18337,158.50,134.91,158.50,0.45,18,ok
18337,6224,265.72,242.03,265.72,0.74,18,ok
18338,18303,116.04,141.43,116.04,0.36,8,ok
18338,21006,0.00,33.07,0.00,0.09,18,no_coverage
18339,4259,217.15,171.03,217.15,0.65,8,ok
18339,51153,738.42,460.96,107.96,2.19,2,ok
1834,1832,390.99,136.81,390.99,1.21,18,ok
18341,18360,958.96,957.77,0.00,1.00,2,no_coverage
18342,18531,3489.70,2346.74,3489.70,4.78,13,ok
18345,18365,320.30,267.47,320.30,0.86,50,ok
18347,21069,347.36,285.57,347.36,1.31,14,ok
18348,38689,342.13,298.40,342.13,0.72,34,ok
1835,1836,248.33,234.83,248.33,0.79,14,ok
18355,18362,86.65,97.84,86.65,0.16,63,ok
18355,18371,263.78,274.34,263.78,0.49,1,ok
18356,41472,1118.95,1005.52,123.09,2.90,2,ok
18357,18355,226.73,134.65,226.73,0.44,64,ok
18357,18362,313.38,145.93,313.38,0.60,1,ok
18358,18359,166.38,136.62,166.38,0.48,23,ok
18359,44166,505.31,503.60,505.31,1.07,9,ok
18359,4701,641.64,613.82,641.64,1.52,13,ok
18359,4865,921.87,61.42,921.87,1.76,11,ok
1836,2702,120.98,118.48,120.98,0.42,14,ok
18360,7272,1467.21,1136.15,0.00,1.00,2,no_coverage
18362,18371,177.14,177.18,177.14,0.32,62,ok
18362,18395,520.67,405.82,520.67,0.95,2,ok
18363,21049,318.16,346.38,318.16,1.02,38,ok
18363,21081,1190.27,771.32,1190.27,3.49,9,ok
18365,18919,3760.67,2876.84,3760.67,4.49,4,ok
18365,18953,8140.63,5077.82,8140.63,6.73,2,ok
18365,20695,8362.76,5131.67,8362.76,7.14,2,ok
18365,44342,434.66,175.41,434.66,0.98,2,ok
18365,51974,576.69,265.81,576.69,1.25,10,ok
18365,5238,158.33,136.15,158.33,0.34,40,ok
18366,5168,942.20,488.12,885.33,1.39,64,ok
18368,4665,645.62,459.69,645.62,1.77,8,ok
18368,4924,495.33,333.60,495.33,1.28,25,ok
1837,1838,242.62,245.20,242.62,0.59,18,ok
18370,19389,857.30,836.26,857.30,1.61,26,ok
18370,21165,243.68,171.20,243.68,0.48,106,ok
18371,18395,343.53,252.57,343.53,0.63,8,ok
18371,49903,343.53,185.77,343.53,0.63,55,ok
18373,43110,1401.05,1028.42,318.90,2.20,2,ok
18375,7275,2583.62,2199.29,0.00,2.08,2,no_coverage
18376,21145,344.13,178.71,344.13,0.98,55,ok
18376,4150,356.47,211.90,356.47,1.01,31,ok_undirected
1838,1834,179.63,114.26,179.63,0.51,10,ok
1838,3531,427.55,263.05,427.55,0.66,8,ok
18382,18386,474.34,415.11,474.34,1.09,4,ok
18382,18387,282.46,278.47,282.46,0.73,68,ok
18382,18399,425.74,373.13,425.74,0.94,9,ok
18383,21124,371.53,340.32,371.53,1.18,16,ok
18383,4212,317.92,318.65,317.92,0.92,21,ok
18385,21111,250.93,196.52,250.93,0.54,58,ok
18386,18399,469.34,232.11,469.34,1.16,57,ok
18386,48225,2705.17,1618.02,2705.17,6.74,1,ok
18386,5621,411.81,334.23,411.81,1.04,66,ok
18387,18386,191.88,139.00,191.88,0.36,119,ok
18389,18407,294.36,296.15,294.36,0.72,60,ok
1839,1837,225.55,112.58,225.55,0.79,18,ok
18390,18397,212.59,187.35,212.59,0.68,55,ok
18394,18390,107.95,142.48,107.95,0.45,55,ok
18394,18397,320.53,328.59,320.53,1.13,10,ok
18394,18426,1257.59,750.03,1257.59,3.89,1,ok
18395,18394,186.41,123.06,186.41,0.47,66,ok
18397,18409,172.78,123.10,172.78,0.56,67,ok
18397,18426,937.06,475.14,937.06,2.76,1,ok
18399,18426,286.35,231.45,286.35,0.64,14,ok
18399,5240,481.83,300.72,481.83,1.27,52,ok
18401,21126,33.74,58.50,33.74,0.07,14,ok_undirected
18401,21135,307.66,280.47,307.66,0.61,28,ok
18401,4265,513.96,306.37,360.79,1.12,1,ok
18401,4855,567.48,369.69,567.48,1.25,58,ok
18401,4963,976.52,922.50,976.52,2.10,1,ok
18407,20722,343.53,291.98,343.53,0.71,60,ok
18409,18420,524.59,126.23,524.59,1.49,56,ok
18409,38799,1050.85,863.99,305.01,3.02,1,ok
18409,7152,371.05,202.24,305.01,1.07,10,ok
18410,4195,256.98,229.06,256.98,0.65,47,ok_undirected
18413,21083,880.93,477.38,880.93,1.87,111,ok
18414,19392,623.35,444.05,623.35,1.93,57,ok
18414,21087,750.81,516.40,743.16,1.95,2,ok
18415,37174,84.07,99.21,84.07,0.13,2,ok
18415,51055,84.07,82.09,84.07,0.13,2,ok
18416,18389,637.04,301.53,637.04,2.02,5,ok
18416,20776,265.67,253.79,265.67,0.78,46,ok
18418,19424,249.62,188.79,249.62,0.60,58,ok
18418,4633,570.74,413.84,498.38,1.62,4,ok
1842,1781,2489.18,1017.74,2489.18,4.23,22,ok
1842,1782,1021.90,991.31,1021.90,1.95,70,ok_undirected
18420,18397,887.44,241.33,887.44,2.69,1,ok
18420,18426,239.69,296.57,239.69,0.72,13,ok
18420,5240,228.09,271.20,228.09,0.75,44,ok
18420,5241,373.22,405.82,373.22,1.24,1,ok
18420,5620,355.95,176.20,355.95,1.05,1,ok
18421,18431,389.44,177.08,389.44,1.13,9,ok
18421,7216,397.62,312.54,397.62,1.11,53,ok
18423,5617,461.55,356.77,461.55,1.29,54,ok
18423,5618,588.32,423.63,588.32,1.72,2,ok
18425,4517,478.82,377.69,478.82,1.06,71,ok
18426,18477,325.37,216.61,325.37,1.01,57,ok
18428,18429,391.98,299.17,391.98,0.81,188,ok
18429,18521,581.41,465.75,274.24,1.07,64,ok
18429,21195,515.74,417.01,274.24,0.95,125,ok
18429,21210,1215.61,976.91,1215.61,2.27,2,ok
1843,3030,34.79,212.43,34.79,0.07,8,ok
18431,18470,687.34,562.13,687.34,1.76,28,ok
18431,18489,637.41,517.76,637.41,1.65,5,ok
18431,35332,844.29,528.19,844.29,2.54,16,ok
18431,37179,1095.19,763.54,1095.19,2.87,3,ok
18431,6057,696.45,459.54,696.45,1.89,14,ok
18434,18423,240.47,212.04,240.47,0.62,55,ok
18435,21190,115.46,168.32,115.46,0.28,92,ok
18435,51572,800.92,527.91,800.92,1.84,6,ok
18437,18456,396.80,264.65,396.80,0.91,37,ok
18437,20819,636.06,482.73,636.06,1.37,2,ok
18437,21272,259.29,245.31,259.29,0.54,51,ok
1844,3777,265.55,222.98,265.55,0.67,8,ok
18440,18441,764.44,575.88,764.44,2.37,2,ok
18440,51959,175.36,83.19,175.36,0.41,23,ok
18440,51962,169.06,108.92,169.06,0.40,26,ok_undirected
18441,18901,412.61,233.19,412.61,0.91,7,ok
18441,19078,289.79,248.37,289.79,0.50,9,ok
18441,19627,1132.53,936.18,1132.53,1.83,4,ok
18441,21152,1539.33,914.65,1539.33,2.32,9,ok
18442,18431,370.16,269.34,370.16,1.04,57,ok
18442,18434,196.23,117.95,196.23,0.52,19,ok
18442,7222,294.89,262.14,294.89,0.59,5,ok
18443,18444,297.81,306.77,297.81,0.61,72,ok
18443,18445,536.70,455.99,536.70,1.15,5,ok
18443,18446,823.69,616.13,823.69,1.82,4,ok
18443,21163,330.75,122.67,330.75,0.96,21,ok
18444,18445,238.89,208.29,238.89,0.54,44,ok
18444,18456,405.17,175.61,405.17,0.95,28,ok
18445,18446,286.99,227.04,286.99,0.67,51,ok
18445,21191,476.02,312.04,476.02,1.16,5,ok
18446,21191,189.03,184.19,189.03,0.49,72,ok
18446,43142,472.74,431.83,472.74,1.10,4,ok_undirected
18446,47903,135.54,116.28,135.54,0.30,1,ok
18446,51572,842.84,685.72,842.84,1.97,6,ok
18448,18449,547.36,488.66,547.36,0.94,60,ok
18448,18461,380.84,321.31,380.84,0.67,17,ok
18449,18450,516.81,385.07,516.81,0.93,60,ok
1845,1594,254.73,181.00,254.73,0.60,8,ok
18450,18451,132.35,195.88,132.35,0.27,77,ok
18451,18452,851.75,211.55,610.25,1.59,97,ok
18452,21186,278.04,238.90,278.04,0.90,123,ok
18452,5085,824.70,781.02,824.70,2.16,5,ok
18454,18416,659.93,477.11,659.93,1.85,10,ok
18454,18426,425.79,225.85,425.79,1.19,1,ok
18454,20776,925.60,713.87,925.60,2.63,1,ok
18454,5240,485.58,152.84,485.58,1.47,28,ok
18454,5241,630.72,136.93,630.72,1.96,1,ok
18454,5620,542.04,493.89,542.04,1.52,14,ok
18455,18440,172.63,125.84,172.63,0.49,19,ok
18455,18443,225.30,173.13,225.30,0.59,21,ok
18456,21167,243.68,223.40,243.68,0.54,65,ok
18458,18434,330.34,198.53,330.34,0.86,8,ok
18458,18442,134.11,84.29,134.11,0.34,70,ok
18459,18458,310.94,330.99,310.94,0.66,25,ok
18459,5616,628.45,570.85,628.45,1.35,35,ok
1846,1847,317.08,168.68,317.08,0.74,8,ok
18460,18435,398.75,325.60,398.75,0.97,21,ok
18461,19268,392.60,305.21,392.60,0.79,17,ok
18462,44139,320.44,223.69,320.44,0.57,15,ok
18463,18450,523.91,384.19,523.91,0.98,17,ok
18464,21139,806.66,281.69,806.66,1.97,22,ok
18469,18500,501.09,403.39,0.00,0.94,2,no_coverage
1847,3779,129.54,132.39,129.54,0.50,8,ok
18470,18544,908.88,789.60,908.88,1.42,4,ok
18470,35332,156.94,66.19,156.94,0.78,72,ok
18471,44142,258.60,212.36,258.60,0.60,38,ok
18473,21099,676.94,260.54,676.94,1.24,2,ok
18474,18413,320.28,159.62,320.28,0.47,11,ok
18474,18480,380.16,290.50,380.16,0.65,5,ok
18474,21099,794.25,398.84,794.25,1.36,5,ok
18474,21103,402.47,213.68,402.47,0.69,24,ok
18474,21117,981.83,943.99,981.83,1.89,13,ok
18477,18484,90.09,150.57,90.09,0.26,55,ok
18477,6194,1430.64,1062.09,90.09,4.15,1,ok
18477,6249,1399.36,1161.34,109.25,3.61,1,ok
18478,18479,545.13,460.16,545.13,1.09,19,ok
18479,21107,250.78,231.03,250.78,0.78,56,ok
1848,1842,491.58,375.87,491.58,1.28,92,ok_undirected
18480,4650,210.00,199.69,210.00,0.50,68,ok
18481,4194,457.54,369.42,457.54,1.05,27,ok
18481,44141,320.83,168.66,320.83,0.71,14,ok
18483,21133,290.12,206.88,290.12,0.75,34,ok
18484,18454,100.24,84.40,100.24,0.38,55,ok
18484,5620,642.28,577.88,642.28,1.90,1,ok
18488,18418,1525.99,706.88,1467.31,3.08,4,ok
18488,18473,1269.75,509.72,1269.75,2.59,2,ok
18488,18474,1387.06,567.93,1387.06,2.79,11,ok
18488,18480,1382.71,740.05,1382.71,2.85,49,ok
18488,21099,1762.56,490.80,1762.56,3.54,26,ok
18488,21103,1405.01,697.22,1405.01,2.88,14,ok
18488,21117,1950.14,895.60,1950.14,4.07,11,ok
18489,18505,458.83,341.09,458.83,1.11,22,ok
18489,18522,609.58,500.20,609.58,1.51,7,ok
1849,2803,593.34,506.77,593.34,1.66,10,ok
1849,3096,622.45,592.79,608.90,1.69,17,ok_undirected
1849,3521,623.42,543.53,623.42,1.55,80,ok
18490,21146,473.16,130.06,473.16,1.32,13,ok
18492,18493,196.87,189.32,196.87,0.42,13,ok
18493,18494,240.48,207.85,240.48,0.74,13,ok
18494,38664,234.77,167.77,234.77,0.55,13,ok
18497,19385,322.20,187.80,322.20,0.81,39,ok
18499,19394,58.22,63.45,58.22,0.16,14,ok
18499,19425,184.33,166.07,184.33,0.40,14,ok
18500,18531,469.13,385.49,198.87,0.94,1,ok
18500,18538,443.84,366.01,70.57,1.34,1,ok
18502,21157,465.19,254.37,403.60,1.15,41,ok
18503,18415,696.66,704.25,696.66,1.30,4,ok
18505,18527,495.40,262.02,495.40,1.64,7,ok
18505,18546,407.74,308.08,407.74,1.38,15,ok
18507,18458,1208.44,437.80,1208.44,2.70,2,ok
18507,18459,897.50,323.71,897.50,2.04,2,ok
18507,20227,233.09,176.76,233.09,0.44,20,ok
18507,35332,717.72,514.29,717.72,1.99,4,ok
18507,47944,478.62,475.12,478.62,1.04,5,ok
18508,18469,857.64,380.99,0.00,1.58,2,no_coverage
18509,18546,333.24,270.99,333.24,1.03,29,ok
18509,6057,1329.64,470.09,1329.64,3.66,7,ok
1851,35853,2128.63,465.11,2111.31,2.92,96,ok
18510,37180,489.95,441.98,489.95,1.03,6,ok
18510,6195,485.88,306.84,248.28,0.50,1,ok
18510,6249,225.26,122.29,225.26,0.23,15,ok
18513,18531,826.87,426.96,826.87,1.24,22,ok
18514,21123,263.22,206.40,263.22,0.74,27,ok
18514,4195,248.74,206.11,248.74,0.69,10,ok
18516,44140,304.16,264.25,304.16,0.39,27,ok
18519,18520,189.44,182.53,189.44,0.43,28,ok
1852,1856,373.24,298.78,373.24,1.21,61,ok_undirected
18520,21151,373.47,272.80,373.47,0.90,1,ok
18520,4150,403.03,187.22,403.03,1.01,11,ok_undirected
18520,4963,249.21,252.38,249.21,0.57,16,ok
18522,18527,344.66,215.96,344.66,1.24,1,ok
18522,18534,249.62,209.48,249.62,0.94,1,ok
18522,6194,1760.76,360.98,926.51,4.47,1,ok
18523,18919,3386.47,2364.12,3386.47,4.45,14,ok
18527,18509,309.59,193.90,309.59,0.92,36,ok
1853,2056,119.95,118.13,119.95,0.22,63,ok
18530,43146,398.89,332.49,398.89,0.60,26,ok
18531,18489,978.67,755.99,978.67,1.52,3,ok
18531,35332,907.92,805.82,907.92,1.78,25,ok
18531,6057,1154.18,870.07,1154.18,2.16,9,ok
18531,6195,1363.83,1031.95,1096.42,2.31,1,ok
18532,21100,1439.43,718.06,1439.43,2.74,5,ok
18535,18536,235.00,145.11,235.00,0.73,7,ok
18536,18414,93.38,152.00,93.38,0.16,7,ok
18538,37163,2527.08,1783.73,17.87,4.50,1,ok
18538,7223,210.14,147.05,0.00,0.00,1,no_coverage
1854,1855,195.85,192.14,195.85,0.45,63,ok
18542,19413,1085.92,456.97,1085.92,1.45,50,ok_undirected
18544,18547,858.68,439.03,858.68,1.57,32,ok_undirected
18546,18548,109.32,154.67,109.32,0.31,25,ok
18546,18550,257.66,284.18,257.66,0.77,18,ok
18546,18556,601.83,143.61,601.83,1.84,1,ok
18547,18551,513.42,148.16,513.42,1.27,51,ok
18547,18560,325.79,227.85,325.79,0.74,35,ok
18548,18552,290.75,206.78,290.75,0.77,25,ok
18549,18527,415.60,156.53,415.60,1.36,28,ok
18549,18550,366.99,335.64,366.99,1.15,32,ok
18549,18561,702.43,434.00,702.43,1.99,3,ok
18549,6057,1336.17,752.26,1336.17,3.80,14,ok
1855,1853,318.73,237.34,318.73,0.70,63,ok
18550,18556,344.17,226.04,344.17,1.06,15,ok
18550,18561,335.44,100.35,335.44,0.83,35,ok
18551,18549,176.34,271.75,176.34,0.52,59,ok
18552,18559,184.86,135.49,184.86,0.53,38,ok
18552,18560,127.49,189.68,127.49,0.38,6,ok
18553,18566,241.45,184.09,241.45,0.90,36,ok
18556,18553,118.19,161.83,118.19,0.37,36,ok
18557,18565,234.41,202.86,234.41,0.55,14,ok
18559,18513,380.22,303.30,380.22,0.82,22,ok
18559,18547,163.23,121.47,163.23,0.36,34,ok
18559,7210,197.61,126.31,197.61,0.43,12,ok
1856,1857,315.73,331.76,315.73,0.66,61,ok_undirected
18560,18586,519.31,334.77,519.31,1.19,9,ok
18560,18588,734.84,506.60,734.84,1.76,32,ok
18561,18507,692.46,605.53,692.46,1.24,19,ok
18561,6194,1105.98,365.86,691.04,1.48,3,ok
18561,6249,653.60,506.42,653.60,0.89,16,ok
18563,21051,781.12,585.91,781.12,1.48,6,ok
18563,21056,1232.95,574.03,1232.95,2.25,57,ok
18563,21073,308.29,95.67,308.29,0.56,30,ok
18565,18576,428.88,374.01,428.88,0.81,14,ok
18566,18549,344.51,296.63,344.51,1.01,17,ok
18566,18552,282.57,126.57,282.57,0.80,19,ok
18567,17600,1044.87,1040.35,1044.87,1.33,32,ok
18567,20933,1080.88,983.21,988.23,1.38,10,ok
18568,6121,350.53,248.30,350.53,0.59,32,ok_undirected
18568,6139,820.66,744.51,820.66,1.32,11,ok
1857,1860,483.40,366.95,483.40,1.52,33,ok
1857,3233,412.23,140.79,412.23,1.25,7,ok
1857,3962,865.38,492.34,865.38,3.62,33,ok
18570,18571,310.38,268.35,310.38,0.55,47,ok
18570,21051,356.51,164.66,356.51,0.77,8,ok
18570,21073,1069.58,612.50,872.61,1.94,11,ok
18571,18583,1236.00,574.11,1039.04,2.10,13,ok
18571,21073,759.20,351.70,562.24,1.39,41,ok
18572,18581,0.00,188.22,0.00,0.60,13,no_coverage
18573,18680,1693.69,1515.74,1693.69,2.22,40,ok
18573,43531,734.68,412.36,734.68,1.26,7,ok
18573,50662,334.80,168.37,334.80,0.57,17,ok
18576,18582,324.60,253.74,324.60,0.85,14,ok
18578,18591,241.44,265.98,241.44,1.08,19,ok
18578,6096,901.69,819.05,901.69,2.50,2,ok
18579,21306,806.73,621.82,806.73,1.40,57,ok
18579,43540,1532.75,1129.62,1532.75,3.43,7,ok
1858,1854,365.86,295.64,365.86,1.05,63,ok_undirected
1858,2856,408.73,257.17,408.73,1.63,9,ok_undirected
18580,18578,140.22,105.90,140.22,0.25,2,ok
18580,50884,691.91,360.95,691.91,1.61,10,ok
18580,6096,761.47,715.73,761.47,1.83,4,ok
18581,18587,580.68,199.28,0.00,1.05,14,no_coverage
18582,18572,703.29,470.91,703.29,1.26,2,ok
18582,18581,703.29,646.90,703.29,1.26,1,ok
18582,35294,136.09,199.12,136.09,0.19,11,ok
18583,21290,542.12,247.20,542.12,0.91,20,ok
18583,6151,417.30,400.01,417.30,0.67,64,ok_undirected
18586,18619,1263.17,1030.05,1263.17,1.56,9,ok
18587,18595,118.40,214.94,118.40,0.35,12,ok
18587,18597,0.00,137.70,0.00,0.37,2,no_coverage
18588,6581,233.07,236.00,233.07,0.59,25,ok
18588,7215,355.80,248.11,355.80,1.03,7,ok
18589,18547,2260.65,1393.97,696.82,6.91,10,ok
18589,7211,1204.83,878.26,355.26,4.13,3,ok
1859,3233,224.15,215.03,224.15,0.80,67,ok
18591,18601,264.00,198.01,264.00,0.89,9,ok
18591,6096,660.25,566.83,660.25,1.42,10,ok
18592,7214,353.83,346.26,353.83,0.97,36,ok
18593,18580,225.92,247.94,225.92,0.40,22,ok
18595,18589,238.41,290.52,238.41,0.62,13,ok
18595,7211,1443.24,1168.41,593.67,4.46,1,ok
18596,19118,167.79,169.69,112.65,0.37,8,ok
18597,18595,118.40,142.97,118.40,0.35,2,ok
18599,18609,319.14,192.21,319.14,1.01,19,ok
18599,18618,312.26,231.41,312.26,0.78,10,ok
18599,18624,471.97,377.38,471.97,1.08,5,ok
1860,1861,363.87,291.54,363.87,0.78,85,ok
1860,3416,171.25,203.90,171.25,0.40,11,ok
18601,18604,307.90,183.65,307.90,0.93,1,ok
18601,18625,699.12,417.90,699.12,1.77,24,ok
18602,18592,174.29,155.27,174.29,0.55,24,ok
18602,7215,220.24,167.45,220.24,0.73,5,ok
18603,18599,309.78,90.83,309.78,0.76,34,ok
18604,7214,1179.58,950.23,1179.58,1.45,12,ok
18609,18602,292.90,308.36,292.90,0.91,29,ok
18609,6248,247.99,215.62,148.57,0.81,2,ok
1861,1864,265.60,238.99,265.60,0.66,30,ok
1861,1868,148.70,202.09,148.70,0.34,55,ok
18611,18618,254.11,203.14,254.11,0.60,23,ok
18618,18623,259.57,106.97,259.57,0.57,15,ok
18618,18624,159.71,158.71,159.71,0.29,18,ok
18619,18629,3303.02,1709.88,3232.63,3.75,4,ok
18619,7016,3312.54,1694.96,3312.54,3.74,10,ok
1862,1859,382.70,335.86,382.70,1.54,12,ok
1862,1860,465.86,277.70,465.86,1.67,33,ok
1862,3694,346.71,286.09,346.71,1.40,34,ok
18621,5908,236.67,184.90,236.67,0.62,14,ok
18623,18603,177.01,191.90,177.01,0.43,34,ok
18624,18593,756.03,528.48,756.03,1.84,8,ok
18624,18619,563.73,248.22,563.73,1.31,5,ok
18624,6096,1261.86,399.49,1261.86,2.75,10,ok
18625,18609,326.89,249.43,326.89,1.04,12,ok
18625,18623,271.21,200.71,271.21,0.68,19,ok
18627,18604,3338.14,1871.13,3338.14,4.36,11,ok
18627,18625,3729.36,1580.77,3729.36,5.20,6,ok
18628,6054,236.45,199.71,236.45,0.74,13,ok
18629,18637,1716.51,1127.21,1716.51,2.30,9,ok
1863,1870,445.39,312.31,431.88,1.67,13,ok
1863,2558,399.11,368.45,399.11,1.57,87,ok_undirected
18634,18627,1834.31,1171.74,1834.31,2.40,6,ok
18634,7016,1929.53,1174.28,1929.53,2.53,5,ok
18637,18642,549.28,351.63,549.28,0.92,9,ok
18639,18641,480.15,423.76,480.15,1.56,17,ok
18639,40292,517.88,475.17,517.88,1.53,1,ok
1864,1865,1012.12,217.28,1012.12,2.96,45,ok
18640,40288,221.58,175.44,221.58,0.66,19,ok
18641,40286,86.44,104.94,86.44,0.34,17,ok
18642,18656,603.82,647.37,603.82,0.84,9,ok
18643,18644,334.24,180.23,334.24,1.42,12,ok
18643,40294,131.45,120.95,131.45,0.55,12,ok
18644,21234,304.86,233.17,304.86,1.14,21,ok
18649,18650,248.51,301.42,248.51,0.58,16,ok
18649,6072,172.96,162.87,172.96,0.25,4,ok
1865,1880,4846.53,233.24,4846.53,13.24,45,ok
18650,20752,344.40,195.09,344.40,0.75,4,ok
18650,34256,187.22,147.27,187.22,0.40,16,ok
18651,18649,397.60,204.04,397.60,1.09,16,ok
18655,19453,579.29,600.82,579.29,0.97,11,ok
18655,42049,694.65,505.12,452.47,1.18,2,ok
18655,42055,1099.28,447.16,452.47,1.87,4,ok
18656,18655,89.11,90.32,89.11,0.12,2,ok
18656,18664,246.81,253.26,246.81,0.48,9,ok
18657,18689,3036.00,2813.59,3036.00,4.02,3,ok
18658,18651,182.18,191.25,182.18,0.42,16,ok
18659,21164,370.79,347.76,370.79,0.71,48,ok_undirected
18659,43716,268.38,110.98,268.38,0.71,7,ok
1866,1867,255.17,252.31,255.17,1.67,40,ok
18662,18681,337.74,318.75,337.74,0.62,46,ok
18662,7050,4518.89,3744.35,4518.89,4.67,1,ok
18662,7054,5316.07,4596.09,5108.72,4.40,2,ok
18663,18658,176.26,135.10,176.26,0.53,13,ok
18664,5760,623.37,479.98,623.37,1.32,9,ok
18665,21203,339.32,352.06,0.00,1.00,2,no_coverage
18665,43731,416.14,423.77,416.14,1.42,7,ok
18666,19476,169.52,162.51,0.00,0.23,18,no_coverage
18666,47799,1120.27,977.26,668.16,2.62,2,ok
18667,21202,117.41,136.90,117.41,0.32,3,ok
18668,19478,297.38,192.11,297.38,0.87,20,ok
18669,21179,433.65,475.36,0.00,0.78,2,no_coverage
1867,1859,84.97,68.44,84.97,0.54,23,ok
1867,3962,273.67,172.51,273.67,1.83,17,ok_undirected
18675,19253,505.56,351.14,505.56,1.30,7,ok
18675,21218,463.68,425.12,463.68,1.22,3,ok
18677,5498,347.22,153.12,347.22,0.44,16,ok
18677,5760,151.27,123.95,151.27,0.19,3,ok_undirected
18679,21174,1528.37,685.90,1528.37,2.98,43,ok
18679,21177,757.63,545.76,757.63,1.48,10,ok
1868,2061,779.86,783.09,779.86,1.13,37,ok
1868,2570,849.55,809.43,849.55,1.68,18,ok_undirected
18680,21292,390.53,404.00,390.53,0.75,40,ok_undirected
18681,51405,327.63,368.04,327.63,0.52,46,ok
18687,18953,1917.40,1871.11,1917.40,2.36,31,ok
18687,5237,1888.35,1860.56,1888.35,2.33,8,ok
18687,5624,2498.90,1452.59,2498.90,3.28,1,ok
18689,18749,3216.88,2926.98,2904.40,2.95,2,ok
18689,6870,3285.52,2948.88,2984.99,3.01,1,ok
1869,1862,273.62,241.65,273.62,1.14,79,ok_undirected
1869,2764,326.43,271.86,326.43,1.22,17,ok
18690,18696,330.92,334.18,330.92,0.79,19,ok
18690,18953,4258.64,3433.66,2341.13,6.53,2,ok
18691,18700,1841.45,1601.57,1841.45,2.67,12,ok
18691,18704,2809.52,2724.33,2809.52,3.88,5,ok_undirected
18691,35542,378.47,254.97,378.47,0.48,4,ok
18691,42400,2178.18,1478.81,2023.74,3.18,7,ok
18691,47799,2178.18,1467.86,2023.74,3.18,8,ok
18691,47810,2178.18,1467.86,2023.74,3.18,3,ok
18691,47857,2178.18,1467.86,2023.74,3.18,15,ok
18692,18668,414.02,469.03,414.02,0.91,11,ok
18692,20637,873.96,374.52,873.96,1.94,7,ok
18692,49540,365.30,224.44,59.77,0.63,4,ok
18695,18692,271.15,188.93,271.15,0.43,22,ok
18696,18677,2108.07,1563.72,1003.15,3.03,6,ok
18696,47799,332.01,197.12,177.57,0.84,1,ok
1870,1891,524.96,526.75,524.96,1.96,4,ok
1870,2559,395.86,364.86,395.86,1.54,9,ok
18700,18695,245.32,270.60,245.32,0.41,6,ok
18700,19478,1227.86,1094.93,1227.86,2.63,1,ok
18703,18695,1364.25,1062.97,1364.25,1.83,2,ok
18703,18700,1118.93,945.44,1118.93,1.42,1,ok
18703,42400,1455.66,1066.62,1301.22,1.90,9,ok
18703,47766,1455.66,1079.04,1301.22,1.90,11,ok
18703,47799,1455.66,1079.04,1301.22,1.90,6,ok
18703,47810,1455.66,1079.04,1301.22,1.90,4,ok
18703,47879,1455.66,1079.04,1301.22,1.90,10,ok
18704,20796,2515.47,2002.30,2496.18,2.85,28,ok
18704,7282,2483.89,1968.57,2464.59,2.85,6,ok
18707,18712,348.40,297.44,348.40,0.55,50,ok
18707,20735,520.43,335.11,520.43,0.87,6,ok
1871,2870,298.15,234.37,298.15,1.12,8,ok
18712,18717,547.75,560.47,547.75,0.77,43,ok
18712,19809,922.43,454.29,910.65,1.34,7,ok
18713,19074,2855.50,2259.76,2855.50,2.77,2,ok
18713,19384,2854.71,2365.42,2854.71,2.87,17,ok
18713,20325,2518.13,2347.18,2518.13,2.17,23,ok
18715,18957,4402.80,3914.63,4402.80,3.44,2,ok
18715,35314,2721.75,2344.10,2721.75,2.09,40,ok
18715,41741,2822.88,2225.51,2822.88,2.35,1,ok
18716,19808,717.60,582.69,717.60,1.07,40,ok
18717,18723,445.22,442.62,445.22,0.67,41,ok
18717,6058,494.38,438.41,494.38,0.97,5,ok
18718,18707,2764.72,2585.41,2764.72,2.39,38,ok
18718,20480,4699.12,4409.76,4597.55,5.54,1,ok
1872,1873,205.66,188.59,205.66,0.57,87,ok_undirected
18723,20137,803.65,666.00,241.55,2.16,1,ok
18723,20480,593.03,528.87,491.47,1.25,40,ok
18724,19747,4414.06,3567.50,4315.22,5.48,2,ok
18727,18730,5006.24,4877.91,4991.10,3.85,34,ok
18727,20086,5009.20,4788.10,4924.83,3.86,4,ok
18728,18718,5022.49,4875.77,5022.49,3.81,37,ok
1873,1899,361.38,374.24,361.38,0.82,87,ok_undirected
18730,18739,1709.76,1597.94,1709.76,1.49,34,ok_undirected
18735,18736,2828.85,2518.89,2828.85,2.61,6,ok
18735,20795,1636.31,1558.49,1636.31,1.29,28,ok
18735,6512,3187.88,2738.11,3164.54,3.32,2,ok
18736,20794,1144.61,1053.64,1144.61,1.21,6,ok
18736,20795,1395.81,965.38,1395.81,1.29,6,ok
18737,18747,3041.59,2930.52,3041.59,2.16,33,ok
18738,18728,1632.25,1579.58,1632.25,1.42,33,ok_undirected
18739,18748,7668.23,4316.62,7668.23,5.48,34,ok_undirected
1874,1871,161.85,85.27,161.85,0.47,8,ok_undirected
18747,18738,4378.96,4371.77,4378.96,3.13,33,ok
18748,18735,2983.01,2960.57,2983.01,2.32,34,ok
18749,50838,1644.47,1140.48,1644.47,3.12,3,ok
1875,1876,303.99,304.13,303.99,1.11,8,ok
18753,18768,380.67,208.28,214.41,1.08,14,ok
18753,41631,763.49,584.33,532.89,0.95,4,ok
18754,38964,164.28,152.63,164.28,0.38,3,ok
18757,18313,919.51,945.26,919.51,1.08,12,ok
18757,20878,954.54,979.10,954.54,1.31,5,ok
18758,18321,805.62,639.05,565.07,1.02,2,ok
18758,7255,0.00,13.11,0.00,0.51,3,no_coverage
18759,7275,1257.47,1191.86,0.00,1.00,2,no_coverage
1876,3962,163.61,71.65,123.07,0.64,8,ok_undirected
18760,18763,404.29,170.20,404.29,0.82,18,ok
18761,18762,378.60,341.77,378.60,0.79,18,ok
18762,18765,536.23,410.32,536.23,1.27,18,ok
18763,18761,396.10,204.60,396.10,0.87,18,ok
18765,18766,283.19,272.39,283.19,0.53,18,ok
18766,18753,307.74,223.48,263.48,0.63,18,ok
18768,18771,242.63,212.40,242.63,0.55,16,ok
1877,1859,966.99,621.45,966.99,3.06,32,ok
1877,3290,1575.52,650.93,1575.52,4.80,23,ok
1877,3962,1360.98,583.73,1360.98,4.82,39,ok
18770,17801,384.42,340.27,384.42,0.82,15,ok
18771,20883,707.73,324.43,116.85,1.51,11,ok
18771,41634,355.32,246.39,116.85,0.76,5,ok
18772,6874,351.88,277.17,351.88,0.41,3,ok
18773,6872,1162.52,1100.50,1162.52,1.80,2,ok
18773,6882,652.08,525.32,652.08,1.12,5,ok_undirected
18773,6981,2412.16,1956.46,2412.16,3.88,1,ok
18775,18772,1281.31,1058.33,1240.06,1.66,2,ok
18775,6881,707.28,667.12,707.28,0.77,1,ok
18776,20011,2032.95,1742.00,97.35,2.50,2,ok
18777,18087,283.45,288.96,283.45,0.27,2,ok
18777,4174,545.25,448.33,545.25,1.02,3,ok
18778,20489,567.60,464.41,567.60,1.16,22,ok
18778,38756,1062.32,509.57,861.61,1.93,2,ok
18779,39149,351.87,449.84,351.87,1.06,22,ok
18779,42193,1023.59,970.32,1023.59,3.60,2,ok
1878,38116,493.31,293.65,493.31,1.74,27,ok
18780,34161,203.84,214.66,203.84,0.40,97,ok
18781,20853,844.50,814.11,844.50,0.62,22,ok
18786,6913,421.60,459.37,408.11,1.12,8,ok
18787,6905,271.34,418.25,271.34,0.57,8,ok
18788,19799,761.59,574.94,761.59,0.92,36,ok
18789,20680,2369.99,2281.85,2369.99,4.06,18,ok
1879,1877,548.76,234.16,548.76,1.71,32,ok
1879,1878,347.21,195.06,347.21,1.39,14,ok_undirected
18790,18791,1393.00,770.54,1393.00,1.83,21,ok
18791,18792,1049.08,1027.16,1049.08,1.31,20,ok
18791,40848,13.27,262.18,13.27,0.01,1,ok
18792,40847,1352.93,1193.20,1352.93,2.42,1,ok
18792,6853,1196.94,1189.29,1196.94,2.14,20,ok
18793,17888,601.13,546.81,601.13,0.57,62,ok_undirected
18793,6936,665.14,530.90,665.14,0.97,2,ok
18795,7178,398.60,273.98,11.15,0.92,4,ok
18796,18798,224.42,222.62,37.36,0.26,2,ok
18796,18801,1588.97,1520.63,0.00,2.70,2,no_coverage
18798,17005,4850.71,3134.80,4508.11,4.84,2,ok
1880,1881,154.05,163.82,154.05,0.44,46,ok
18801,18802,405.88,350.35,405.88,1.55,4,ok
18802,6997,244.93,292.62,244.93,0.53,4,ok
18803,19576,455.91,393.82,455.91,1.06,9,ok
18803,20501,198.72,134.79,150.30,0.68,1,ok
18803,4171,405.11,351.65,405.11,1.09,4,ok
18804,19556,102.14,73.45,102.14,0.22,2,ok_undirected
18804,19879,1359.62,545.17,1234.22,2.89,2,ok
18804,20314,436.54,284.97,436.54,1.07,9,ok_undirected
18804,35246,156.09,125.58,156.09,0.40,8,ok_undirected
18804,39029,113.92,49.48,113.92,0.31,7,ok_undirected
18804,49485,167.04,144.90,167.04,0.37,12,ok_undirected
18805,1766,1607.45,1319.00,1607.45,1.84,8,ok
18805,18803,1633.91,1337.05,1633.91,1.91,13,ok
18806,19322,854.61,428.36,843.38,1.49,40,ok_undirected
18807,19323,360.47,309.31,360.47,0.87,52,ok
18809,19298,232.36,250.82,232.36,0.76,10,ok
18809,41272,188.72,135.20,188.72,0.65,9,ok
1881,2817,414.04,301.76,414.04,1.15,17,ok
1881,2824,0.00,57.60,0.00,0.62,28,no_coverage
1881,3967,869.13,270.82,869.13,2.46,1,ok
18810,19342,863.22,868.26,863.22,0.83,2,ok
18810,38921,1131.52,934.67,794.12,1.08,2,ok
18810,43510,1817.95,1378.27,1480.56,2.74,3,ok
18812,19312,380.85,335.04,380.85,0.97,39,ok
18812,19314,652.87,612.66,652.87,1.69,3,ok
18814,19295,490.45,448.60,479.22,0.83,62,ok_undirected
18815,19293,490.87,403.68,490.87,0.97,23,ok_undirected
18815,19321,272.43,282.00,272.43,0.47,66,ok_undirected
18816,19293,2346.57,2173.65,2346.57,4.55,1,ok
18816,19343,1486.53,1279.78,1486.53,1.64,13,ok
18818,18832,1936.30,1838.57,1936.30,2.05,9,ok
18818,19863,1921.85,1808.32,1921.85,2.03,4,ok
18819,18816,2336.09,2236.07,2268.21,3.24,5,ok_undirected
18819,18818,2326.00,2215.89,2326.00,3.22,6,ok
18819,18820,403.02,469.07,403.02,0.83,13,ok
1882,1889,362.12,339.34,362.12,1.23,29,ok
18820,18818,1922.98,1785.99,1922.98,2.39,5,ok
18821,18823,5026.09,2890.05,5026.09,4.60,54,ok
18821,20218,5713.03,2863.28,5713.03,12.28,12,ok
18822,6713,3217.62,2903.82,3217.62,3.36,81,ok
18822,6723,3165.29,2814.45,3165.29,3.15,2,ok
18823,18825,1110.65,947.58,1110.65,1.32,15,ok
18823,19581,1125.23,1001.01,1125.23,1.28,47,ok
18824,18822,1057.68,1038.64,1057.68,1.20,65,ok_undirected
18824,20218,995.27,913.84,995.27,1.14,8,ok_undirected
18825,18826,698.03,570.28,646.11,1.64,20,ok_undirected
18826,1359,,42606.21,,37.52,1,unreachable
18826,18830,776.95,758.46,776.95,1.39,18,ok_undirected
18826,2347,13915.54,11336.52,13844.68,23.59,1,ok
18827,37164,808.53,588.43,808.53,0.86,3,ok_undirected
18828,18829,750.29,807.74,750.29,1.40,21,ok
18829,18824,640.01,545.66,640.01,1.44,15,ok_undirected
18829,19581,589.47,488.12,589.47,1.38,6,ok
1883,1884,286.23,260.90,286.23,0.84,27,ok
18830,18831,1439.18,1343.50,1439.18,1.45,8,ok_undirected
18830,19863,1427.54,1331.58,1427.54,1.44,10,ok_undirected
18831,18816,1920.71,1830.09,1920.71,2.02,9,ok_undirected
18831,6027,2028.60,1733.30,2028.60,1.92,10,ok
18832,18828,1423.26,1263.82,1423.26,1.45,21,ok
18833,18824,3452.81,1427.89,3452.81,3.44,55,ok
18833,18825,1602.20,1385.95,1531.34,1.49,3,ok
18834,20090,4294.09,4147.12,4294.09,3.39,44,ok
18834,7076,4386.85,4104.86,4386.85,3.49,2,ok
18835,18858,697.26,689.84,697.26,1.39,44,ok
18838,17739,693.62,690.66,693.62,0.53,16,ok
1884,1885,399.56,173.01,399.56,1.12,27,ok
18844,4759,491.71,502.93,491.71,0.77,58,ok
18845,41048,4083.32,3160.61,4083.32,6.06,2,ok
18845,4744,478.79,516.03,478.79,0.48,58,ok
18846,18847,1224.20,967.69,1224.20,1.09,21,ok
18846,40848,924.22,674.61,924.22,0.91,1,ok
18847,18848,980.71,611.88,970.65,1.44,22,ok
18848,49659,360.46,293.52,360.46,0.55,21,ok_undirected
18848,6969,340.74,279.71,340.74,0.51,1,ok_undirected
1885,1886,417.16,381.17,417.16,1.61,27,ok
18857,18234,569.90,550.74,561.98,0.49,37,ok_undirected
18857,41592,710.27,453.74,673.91,0.64,2,ok
18857,41593,983.47,397.53,947.12,1.28,2,ok
18858,18859,595.60,572.77,595.60,1.08,44,ok
18859,17922,374.23,370.32,374.23,0.67,12,ok_undirected
18859,18860,76.78,65.58,76.78,0.14,12,ok
18859,20485,2112.23,1995.88,2112.23,3.34,6,ok
18859,5821,594.11,558.96,594.11,1.25,10,ok_undirected
18859,6538,228.80,164.27,228.80,0.41,2,ok
18859,6564,439.64,442.62,439.64,0.92,2,ok
1886,2570,235.47,210.42,235.47,0.59,27,ok_undirected
18860,18862,695.60,693.68,695.60,1.33,49,ok
18861,18876,3795.27,3532.41,3781.75,3.12,2,ok
18861,21283,2585.38,2325.49,2571.86,2.12,30,ok
18861,7109,2639.68,2283.51,2626.16,2.18,1,ok
18862,37272,755.97,701.98,755.97,1.34,20,ok
18862,6534,644.78,631.67,644.78,1.17,29,ok
18864,18177,458.52,429.60,458.52,1.22,12,ok_undirected
18869,18249,357.13,271.13,357.13,0.52,12,ok
18869,18857,433.18,373.27,433.18,0.59,15,ok
18869,47989,6163.80,5766.65,6110.63,6.50,2,ok
1887,3642,129.08,147.15,129.08,0.40,12,ok
18871,4873,1190.73,1194.60,1190.73,2.99,24,ok
18872,18873,165.29,189.37,165.29,0.68,24,ok
18873,37186,172.92,127.18,172.92,0.65,24,ok
18875,19762,478.22,481.04,478.22,1.03,11,ok
18875,41094,152.59,196.01,152.59,0.33,6,ok
18876,18880,1820.38,1651.18,1820.38,1.94,16,ok
18876,18881,3630.50,2239.62,3630.50,4.21,1,ok
18876,35518,1820.38,1605.71,1820.38,1.94,4,ok
18877,17972,1922.86,1619.40,1877.19,1.67,4,ok
18877,21282,2841.92,1677.27,2841.92,2.36,16,ok
1888,1895,104.39,159.35,104.39,0.43,12,ok
18880,18881,730.09,647.66,730.09,0.74,16,ok_undirected
18881,18905,2535.24,1211.52,2535.24,2.88,16,ok
18881,43093,3269.94,1926.45,3269.94,3.84,1,ok
18882,18237,4102.58,3539.15,3467.41,3.44,8,ok
18883,18237,85.07,22.92,85.07,0.06,5,ok
18883,44277,107.49,199.53,107.49,0.23,5,ok
18883,6641,144.31,169.10,144.31,0.38,7,ok
18887,40863,1747.51,1371.46,39.63,1.89,2,ok
18887,6034,884.74,823.91,0.00,0.57,1,no_coverage
1889,1864,567.93,274.68,567.93,1.51,14,ok
1889,2852,121.25,110.88,121.25,0.41,15,ok
18890,5294,656.18,614.24,0.00,1.70,1,no_coverage
18893,17675,1819.59,1690.62,1819.59,1.46,39,ok
18893,4243,2014.95,1526.89,2014.95,1.79,9,ok
18894,4809,753.22,444.98,753.22,1.06,5,ok
1890,3643,91.32,85.66,91.32,0.33,12,ok
18901,18902,365.49,322.18,365.49,0.80,54,ok
18902,18903,598.49,634.54,598.49,1.15,48,ok
18902,40720,531.53,537.96,531.53,1.07,6,ok
18903,18904,1062.99,684.08,1062.99,1.56,48,ok
18904,18414,1323.99,535.47,1323.99,1.91,52,ok
18904,19392,1947.34,975.47,1947.34,3.84,2,ok
18905,19834,2556.69,2065.33,2556.69,2.47,16,ok
18905,41572,2763.15,2164.01,2763.15,2.63,1,ok
18906,4267,244.57,217.02,244.57,0.93,4,ok
18907,18917,2708.65,2046.43,2708.65,2.42,17,ok
18907,43093,3544.13,1738.96,3502.62,3.53,2,ok
18908,21077,948.71,563.19,948.71,3.75,6,ok
1891,1902,500.62,346.48,500.62,1.18,9,ok
1891,1911,615.34,464.51,615.34,1.59,1,ok
1891,2858,850.25,509.74,850.25,1.75,3,ok
18910,18911,1152.92,1005.21,1137.66,1.24,90,ok_undirected
18911,18912,922.74,817.16,907.48,1.01,78,ok
18911,20224,601.81,435.78,530.01,0.66,6,ok
18911,4173,2005.64,1866.83,1990.38,2.10,1,ok
18911,43054,937.34,811.84,922.08,1.03,5,ok
18912,4173,1082.91,1063.69,1082.91,1.09,94,ok
18913,18914,520.05,519.48,520.05,0.53,63,ok
18914,18915,1134.23,879.84,1106.31,1.63,56,ok
18914,6916,1332.06,1067.95,1181.45,2.03,7,ok
18915,21298,911.30,937.34,852.05,1.38,55,ok_undirected
18915,49788,1149.09,862.36,1089.85,1.56,1,ok
18916,18310,416.07,429.38,416.07,0.86,4,ok
18916,18313,384.40,419.02,384.40,0.76,17,ok
18917,19833,1787.85,1340.77,1787.85,1.78,19,ok
18918,18907,3988.18,3444.14,3988.18,4.21,14,ok
18918,41572,4180.58,3502.09,4144.70,4.36,2,ok
18919,18310,4405.69,3765.92,4405.69,4.93,10,ok
18919,20878,4510.51,3775.41,4510.51,5.34,16,ok
18919,44025,4776.14,3798.00,4776.14,5.76,3,ok
1892,1893,236.62,290.32,236.62,0.66,96,ok
18925,17983,3471.88,3168.13,3471.88,5.34,2,ok
18925,17994,4479.70,3167.81,4479.70,7.43,16,ok
18926,21279,2829.60,2626.57,2829.60,4.04,27,ok
18926,7115,2808.01,2505.12,2777.91,4.00,1,ok
1893,1869,323.02,312.63,323.02,1.20,96,ok
18934,6346,180.06,275.09,180.06,0.36,3,ok
18935,5657,973.47,582.48,936.84,1.04,3,ok
18938,18939,585.05,584.56,585.05,0.52,15,ok
18938,6341,1217.52,1159.49,1217.52,1.10,1,ok
18939,6341,632.48,649.81,632.48,0.58,15,ok
1894,1911,581.01,378.99,581.01,1.41,11,ok
1894,1913,1216.03,810.43,1216.03,2.38,1,ok
18940,19957,621.48,615.26,621.48,0.73,1,ok
18940,19985,651.27,583.27,651.27,0.75,4,ok
18941,18945,947.41,870.56,0.00,1.98,1,no_coverage
18945,18938,1775.79,1712.21,1775.79,1.60,15,ok
18946,18947,1029.29,1028.25,1029.29,0.76,4,ok
18947,20073,453.65,455.94,453.65,0.35,4,ok
18948,18945,984.99,946.50,984.99,0.90,14,ok
1895,3644,193.46,100.64,193.46,0.61,12,ok
18950,6352,883.84,845.95,825.77,1.70,1,ok
18953,20409,13624.60,8729.24,12285.68,11.88,4,ok
18953,20696,1505.21,1389.24,1505.21,1.32,35,ok_undirected
18953,5232,1502.27,1361.13,1439.96,1.29,1,ok
18955,18703,862.74,859.48,862.74,1.02,9,ok_undirected
18955,18704,987.78,741.22,987.78,1.12,1,ok_undirected
18956,19897,3330.40,3258.87,3330.40,2.64,8,ok
18957,18958,824.53,795.66,824.53,1.46,40,ok
18957,20114,1059.80,909.08,1059.80,2.44,5,ok
18957,42890,1166.34,879.95,1166.34,2.22,7,ok
18958,2047,,16642.91,,32.13,2,unreachable
18958,2345,2540.37,2543.32,2540.37,3.59,18,ok
18958,2347,2550.99,2452.85,2550.99,3.64,13,ok
18958,2673,8934.51,7153.89,8934.51,10.09,8,ok
18958,3845,,14314.19,,18.68,2,unreachable
18958,3956,13088.27,10554.96,13088.27,14.77,4,ok
18959,18960,835.11,807.37,835.11,0.67,34,ok
18959,20698,860.87,835.19,713.81,0.67,3,ok
1896,3645,155.13,134.75,155.13,0.40,12,ok
18960,35315,1656.77,1646.24,1656.77,1.40,29,ok
18960,41741,2160.61,1714.74,2046.43,2.26,7,ok
18961,18955,3353.81,3257.04,3353.81,2.65,10,ok
18962,18961,2046.27,1828.87,2046.27,1.89,10,ok
18964,19002,5517.94,4990.07,5463.08,5.18,2,ok
18964,19747,3296.85,1635.64,3143.14,4.94,2,ok
18965,19929,1363.69,937.33,1058.43,1.59,2,ok
18965,20044,1143.85,787.26,273.59,1.94,2,ok
18967,4333,1914.60,1826.42,20.54,2.23,5,ok
18969,5982,1585.35,1604.25,1510.93,2.87,3,ok
1897,1890,172.47,173.28,172.47,0.52,12,ok
18970,19963,5309.90,3455.70,4581.78,6.24,2,ok
18970,20026,903.71,602.29,150.83,0.96,1,ok
18971,20891,800.22,543.82,800.22,1.45,5,ok
18971,21308,668.80,647.81,668.80,1.61,66,ok_undirected
18972,4213,1277.17,1308.17,1277.17,1.77,39,ok
18972,6019,1267.22,1286.67,1267.22,1.76,6,ok
18973,41694,5365.40,4369.71,814.41,6.65,2,ok
18973,41696,2086.43,1563.91,2086.43,2.48,2,ok
18975,19679,1322.58,688.97,1308.72,2.31,13,ok
18976,18977,284.92,208.73,0.00,0.35,2,no_coverage
18977,5949,388.51,298.57,0.00,0.55,2,no_coverage
18978,18979,582.51,475.52,0.00,0.72,2,no_coverage
18979,18976,31.99,162.04,0.00,0.00,2,no_coverage
1898,1897,217.89,203.12,217.89,0.54,12,ok
18983,34285,976.96,574.09,976.96,1.14,2,ok
18983,4344,702.05,695.20,702.05,0.63,5,ok
18984,34307,298.52,401.21,298.52,0.58,7,ok
18985,4347,489.52,370.00,489.52,0.50,7,ok
1899,1900,389.70,267.09,380.33,0.99,87,ok
18991,18992,425.65,316.93,85.04,31.05,2,ok
18991,5981,703.44,570.66,180.45,24.76,2,ok
18992,5981,277.79,343.28,95.41,0.43,2,ok
18993,18983,1813.72,1691.75,1773.90,2.23,2,ok
18993,19988,1834.85,1751.05,1834.85,2.24,2,ok
18994,19961,877.29,798.90,877.29,1.51,3,ok
18994,19962,877.29,754.56,877.29,1.51,1,ok
18995,46432,278.08,212.90,278.08,0.24,4,ok
18996,19938,1106.67,826.29,1106.67,2.61,3,ok
18996,19939,1106.67,848.15,1106.67,2.61,1,ok
18999,4283,1270.90,1241.29,1235.12,1.93,5,ok
18999,4364,3362.59,2959.17,3326.81,3.41,1,ok
1900,1915,249.36,266.89,249.36,0.76,87,ok
19002,19992,323.54,329.97,323.54,0.60,2,ok
19002,19993,323.54,354.69,323.54,0.60,2,ok
19003,20027,376.99,420.30,376.99,0.45,4,ok
19003,5611,899.45,797.95,899.45,1.09,5,ok
19004,19773,403.31,416.46,403.31,0.39,4,ok
19004,20382,622.57,320.61,622.57,0.72,2,ok
19006,17583,1231.74,1101.99,1218.07,1.21,82,ok
19006,49788,1518.69,1110.90,1456.93,1.69,2,ok
1901,2568,275.58,295.26,275.58,0.73,9,ok
19010,50955,431.10,482.63,431.10,0.83,2,ok
19010,50960,431.10,375.67,431.10,0.83,2,ok
19011,20326,1791.97,1192.89,1791.97,2.28,2,ok
19012,19013,234.10,252.55,234.10,0.81,9,ok
19012,19188,389.65,300.25,389.65,1.43,3,ok
19013,19015,116.64,163.31,116.64,0.37,9,ok
19015,19199,188.25,122.50,188.25,0.65,8,ok
19015,6283,1068.34,693.72,1068.34,3.28,1,ok
19018,6277,207.54,270.88,207.54,0.77,2,ok
1902,1913,749.73,698.22,749.73,1.38,9,ok
19022,19202,194.95,179.34,194.95,0.92,1,ok
19023,5756,221.16,155.61,221.16,0.53,11,ok
19023,6282,1508.79,1226.83,1448.07,3.18,5,ok
19028,19235,194.44,164.12,194.44,0.74,3,ok
19028,19251,339.09,269.88,339.09,1.35,9,ok
19028,21265,465.93,324.28,465.93,1.79,1,ok
19031,19191,632.60,576.39,632.60,2.20,8,ok
19036,6275,538.55,367.52,538.55,1.44,10,ok
19037,19247,268.12,229.18,268.12,0.90,18,ok
19039,20928,219.60,189.71,219.60,0.74,11,ok
1904,1908,291.09,274.90,291.09,0.81,37,ok
1904,2714,472.09,420.67,472.09,1.21,10,ok
19040,19054,148.04,135.65,148.04,0.68,11,ok
19043,17696,937.02,625.94,597.62,1.48,8,ok
19043,20907,901.02,544.20,561.62,1.44,8,ok
19044,39897,93.55,152.82,0.00,0.62,8,no_coverage
19045,5528,343.08,224.91,0.00,1.17,8,no_coverage
19046,4269,1561.09,1335.33,1561.09,3.99,5,ok
19046,5533,856.39,791.37,856.39,2.09,10,ok
19047,20888,768.13,649.22,690.37,1.42,11,ok
19047,4269,1432.01,784.20,1354.25,3.30,3,ok
19047,6268,1251.32,551.89,1101.79,2.76,4,ok
19048,5904,376.86,285.37,376.86,0.71,12,ok
19049,40503,124.48,143.32,124.48,0.31,5,ok
1905,16993,316.04,287.77,316.04,0.82,7,ok_undirected
1905,2705,200.26,216.19,200.26,0.58,29,ok_undirected
19054,40616,88.55,104.27,88.55,0.35,22,ok
19055,19061,204.70,210.41,204.70,0.50,11,ok
19057,19132,0.00,204.16,0.00,0.13,3,no_coverage
1906,1851,691.96,731.92,691.96,1.01,96,ok_undirected
19060,40623,304.57,240.08,304.57,1.09,11,ok
19061,19054,526.00,441.15,526.00,1.66,11,ok
19067,17639,663.03,383.63,663.03,1.43,19,ok
19067,21250,249.30,263.01,249.30,0.54,3,ok
19068,5886,891.59,790.40,891.59,1.21,11,ok
1907,1905,603.12,245.34,603.12,2.00,7,ok
1907,2717,195.99,201.80,195.99,0.70,35,ok
19072,18567,433.07,385.23,433.07,0.71,42,ok
19072,19438,424.00,349.82,424.00,0.74,8,ok_undirected
19072,6121,0.00,21.30,0.00,1.72,10,no_coverage
19074,21253,1467.92,1104.95,1467.92,1.29,2,ok
19075,5756,486.49,424.63,416.18,1.15,2,ok
19075,6382,28.67,33.55,28.67,0.09,3,ok
19078,20958,3867.14,3590.57,3701.32,3.88,10,ok
1908,1910,417.46,280.29,417.46,1.28,19,ok_undirected
1908,2873,310.97,310.96,310.97,0.92,18,ok
19086,18004,1101.21,335.46,1101.21,2.79,88,ok
19087,18805,2541.12,2284.31,2171.51,2.16,13,ok
19087,4172,4776.17,4401.92,4776.17,3.73,11,ok
1909,1907,276.12,211.11,276.12,1.03,35,ok
19090,18441,2285.20,2151.44,2285.20,2.44,4,ok
19092,6916,481.63,337.16,143.47,1.54,1,ok
19093,18195,75.21,98.82,75.21,0.23,19,ok_undirected
19093,5143,1012.23,926.40,1012.23,3.15,2,ok
19095,19139,1117.35,968.80,1117.35,1.35,8,ok
19095,40496,1089.20,880.96,1089.20,1.31,8,ok
1910,1930,755.72,314.42,755.72,2.22,23,ok
1910,2738,604.07,297.00,604.07,1.72,41,ok
1911,1912,199.49,228.93,199.49,0.67,26,ok
19110,39896,335.18,228.85,0.00,1.12,8,no_coverage
19118,19119,171.75,214.85,0.00,0.21,5,no_coverage
19118,39907,573.79,596.63,0.00,1.52,3,no_coverage
19119,39907,402.04,383.42,0.00,0.95,5,no_coverage
1912,3648,169.02,110.47,169.02,0.61,26,ok
19121,39908,735.15,720.98,0.00,1.60,9,no_coverage
19124,39906,67.17,47.28,67.17,0.14,8,ok
19127,5892,1203.55,1228.76,1203.55,1.68,13,ok
19128,6260,442.84,366.55,442.84,0.95,8,ok
19129,19121,198.14,203.04,198.14,0.41,8,ok
1913,1956,231.42,225.32,231.42,0.60,9,ok
1913,2108,317.59,370.62,317.59,0.78,1,ok
19132,19444,853.77,443.02,853.77,1.98,3,ok
19133,19136,677.84,473.24,677.84,1.49,18,ok
19134,19046,1085.48,936.36,1085.48,1.56,8,ok
19134,40496,59.45,102.66,59.45,0.10,7,ok
19136,5534,246.07,198.16,246.07,0.75,18,ok
19137,19048,509.98,319.15,329.26,1.28,4,ok
19137,20887,454.19,206.13,273.47,1.14,5,ok
19138,40497,151.90,166.12,0.00,0.89,15,no_coverage
19139,20893,1040.96,955.71,1040.96,1.93,13,ok
19139,20894,1589.53,1305.31,1589.53,2.89,3,ok
1914,1892,361.38,379.30,361.38,0.82,96,ok
1914,1898,101.85,96.93,101.85,0.33,12,ok
19147,20898,1349.33,1199.66,1349.33,1.65,5,ok
19147,20900,1423.31,1194.02,1423.31,1.92,3,ok
19148,39996,0.00,85.32,0.00,1.15,18,no_coverage
1915,1946,478.78,273.27,478.78,1.87,50,ok
1915,3862,235.85,182.34,235.85,0.79,50,ok
19154,20906,346.59,294.15,346.59,0.68,10,ok
19154,6265,365.75,254.63,327.33,0.72,9,ok
19155,20907,339.77,289.62,339.77,0.98,13,ok
19155,5529,374.54,295.28,271.79,1.11,8,ok
1916,3675,185.50,114.03,185.50,0.49,13,ok
19168,19169,182.72,184.18,182.72,0.71,21,ok
19168,39696,40.35,36.54,40.35,0.04,3,ok
19169,19170,318.13,325.52,318.13,1.57,21,ok
1917,1920,370.47,240.44,370.47,1.01,33,ok
19170,20432,73.48,80.09,73.48,0.10,21,ok
19171,19172,466.31,459.33,466.31,1.21,24,ok
19172,19183,288.96,241.62,288.96,0.89,24,ok
19173,20913,3102.43,2281.66,3102.43,3.73,5,ok
19173,7139,3373.40,2495.16,3373.40,4.26,6,ok
19178,19179,721.12,592.49,721.12,2.21,6,ok
19178,21309,3729.43,3571.89,3729.43,5.27,1,ok
19178,4199,842.61,673.22,842.61,2.36,6,ok
19179,19182,668.24,574.99,668.24,1.82,12,ok
19179,20927,304.48,235.94,304.48,0.75,3,ok
1918,1919,201.26,201.88,201.26,0.59,31,ok
19182,19171,309.81,329.13,309.81,0.95,12,ok
19182,39699,861.53,825.98,861.53,2.40,14,ok
19183,41147,172.10,191.54,172.10,0.54,18,ok
19183,48327,164.46,200.23,164.46,0.43,6,ok
19187,19195,162.24,181.62,162.24,0.36,1,ok
19187,19199,288.22,301.93,288.22,0.61,2,ok
19188,19189,170.45,106.29,170.45,0.42,4,ok
19189,19190,106.58,154.72,106.58,0.25,4,ok
19189,6277,865.86,501.33,865.86,2.06,5,ok
19189,6382,316.64,274.21,316.64,0.80,14,ok
1919,3307,261.63,212.83,261.63,0.84,31,ok
19190,19201,61.05,68.39,61.05,0.15,4,ok
19191,19012,165.76,135.00,165.76,0.62,12,ok
19191,19188,555.41,434.25,555.41,2.05,1,ok
19191,19200,704.74,654.22,704.74,2.44,5,ok
19195,4184,184.71,184.65,184.71,0.39,1,ok
19196,19216,385.93,321.14,385.93,1.21,8,ok
19198,19196,935.60,644.53,601.49,2.74,8,ok
19198,6382,1498.09,1195.82,1498.09,4.07,9,ok
19199,4184,58.73,64.47,58.73,0.14,8,ok
19199,6283,880.09,580.17,880.09,2.63,2,ok
1920,1922,120.92,231.66,120.92,0.37,33,ok
19200,19189,458.68,372.83,458.68,1.03,19,ok
19201,17962,223.86,244.19,223.86,0.65,1,ok
19201,21266,109.44,79.94,109.44,0.29,3,ok
19202,19023,144.75,145.59,144.75,0.31,1,ok
19202,21265,273.99,243.71,273.99,0.86,1,ok
19205,21268,230.40,181.88,230.40,0.57,1,ok
1921,1918,284.42,274.02,284.42,0.79,31,ok
19214,19215,478.80,407.16,478.80,2.22,9,ok
19215,19031,106.71,120.61,106.71,0.33,9,ok
19216,19217,262.68,257.20,262.68,0.83,8,ok
19217,19241,206.40,197.08,206.40,0.68,8,ok
19217,6281,784.46,699.99,784.46,2.17,5,ok
19218,6271,419.40,366.07,419.40,1.65,8,ok
1922,3106,367.30,257.17,367.30,1.35,33,ok
19220,19245,180.35,199.62,180.35,0.90,10,ok
19221,19075,448.21,411.81,448.21,1.37,2,ok
19221,6382,476.88,424.75,476.88,1.46,8,ok
19225,19036,1238.02,660.74,1238.02,4.12,1,ok
19225,19227,297.77,238.58,297.77,0.66,9,ok
19225,19251,382.39,278.58,382.39,0.89,8,ok
19225,21265,504.19,383.83,433.89,1.33,2,ok
19225,6279,297.77,239.90,297.77,0.66,9,ok
19227,6279,0.00,31.54,0.00,0.08,9,no_coverage
19229,19202,380.02,334.32,380.02,2.22,1,ok
1923,1925,666.10,141.70,666.10,2.04,33,ok
19235,19023,280.81,277.66,280.81,0.89,3,ok
19239,19240,396.32,444.33,396.32,1.17,1,ok
19239,39631,0.00,103.11,0.00,0.62,5,no_coverage
19239,42087,132.45,185.70,132.45,0.49,3,ok
1924,2530,1981.28,257.21,1981.28,5.97,31,ok
19240,6276,387.82,329.07,387.82,1.02,4,ok
19241,19218,125.77,106.99,125.77,0.40,8,ok
19242,39631,571.52,301.01,571.52,1.20,5,ok
19245,19221,205.26,197.18,205.26,0.92,10,ok
19247,5490,60.41,73.09,60.41,0.16,9,ok
19247,6291,365.66,370.28,365.66,0.85,9,ok
19248,19265,121.14,119.33,121.14,0.44,24,ok
19249,19022,268.12,209.48,268.12,1.52,1,ok
1925,1909,426.80,367.45,426.80,1.29,19,ok_undirected
1925,1910,445.61,190.13,445.61,1.40,14,ok_undirected
19250,19028,447.98,294.54,447.98,2.08,13,ok
19251,21265,189.36,161.43,189.36,0.63,14,ok
19251,41565,1455.86,1080.01,1455.86,3.92,9,ok
19251,6292,511.77,415.15,511.77,1.55,8,ok
19253,18679,397.65,404.39,397.65,0.64,53,ok
19253,21177,1155.28,936.47,1155.28,2.12,2,ok
19259,21242,587.52,538.42,587.52,1.28,2,ok
19259,21300,451.95,403.26,451.95,0.95,29,ok
1926,1921,226.82,223.11,226.82,0.57,31,ok
19263,40360,2763.97,2479.76,2763.97,5.58,8,ok
19263,50154,524.01,516.18,524.01,0.68,5,ok
19263,50475,2111.76,1930.94,2111.76,2.19,2,ok
19264,18383,306.95,185.76,306.95,0.92,14,ok_undirected
19264,35291,703.81,329.89,703.81,1.67,5,ok
19264,43147,893.44,490.10,884.01,2.39,4,ok
19264,4588,666.79,364.91,666.79,1.78,1,ok
19264,5088,967.26,395.93,957.84,2.59,53,ok
19265,19225,338.40,226.54,289.76,0.71,18,ok
19265,19251,464.64,410.28,464.64,2.45,8,ok
19265,5756,344.07,197.18,295.44,0.72,16,ok
19265,6282,1631.70,1001.73,1522.35,3.37,1,ok
19268,18463,353.58,366.16,353.58,0.67,17,ok
1927,1923,515.00,326.14,515.00,1.32,33,ok
19270,19138,211.13,186.88,211.13,0.57,15,ok
19277,19281,287.72,180.41,287.72,0.54,2,ok
19277,40003,643.93,599.03,643.93,1.55,3,ok
19278,19277,2347.47,1995.53,2347.47,3.85,3,ok
19278,19284,2238.03,1901.30,2238.03,3.58,3,ok
1928,1929,192.31,229.47,192.31,0.56,57,ok
19280,21102,299.42,221.13,0.00,0.63,4,no_coverage
19281,19284,397.16,307.84,397.16,1.01,5,ok_undirected
19284,19285,2514.26,2020.15,2514.26,3.94,7,ok
19284,19349,2522.77,1949.67,2522.77,3.95,6,ok
19285,18831,7144.24,3238.89,7144.24,6.41,11,ok
19285,18832,3354.00,3331.92,3354.00,2.69,12,ok
1929,1909,300.12,188.50,300.12,0.91,16,ok
1929,2873,245.44,169.11,245.44,0.80,13,ok
1929,37471,292.85,249.77,292.85,0.98,28,ok_undirected
19290,5999,233.75,284.45,233.75,0.59,58,ok
19291,6003,320.98,314.41,320.98,0.95,50,ok
19293,19580,1247.48,1084.34,1247.48,1.24,26,ok_undirected
19293,20501,4382.39,4273.38,4382.39,10.84,4,ok
19293,4171,4227.44,4052.43,4227.44,10.59,7,ok
19294,19314,584.33,591.04,584.33,1.62,23,ok
19295,18815,304.23,250.48,304.23,0.54,91,ok_undirected
19296,19299,443.38,341.28,443.38,1.65,14,ok
19296,19301,675.03,436.80,675.03,2.59,5,ok
19296,40414,306.58,347.88,306.58,1.22,8,ok
19298,19296,339.50,279.76,339.50,0.99,27,ok
19299,19301,231.65,181.94,231.65,0.95,14,ok
1930,1934,159.79,183.24,159.79,0.44,68,ok
1930,1935,334.40,188.33,334.40,1.02,19,ok
19301,19303,204.51,204.23,204.51,0.62,19,ok
19303,6009,253.91,254.46,253.91,0.68,34,ok
19305,41005,540.09,196.44,540.09,1.23,16,ok
19306,41460,573.56,522.91,573.56,1.88,15,ok
19306,43887,202.21,122.95,202.21,0.65,7,ok
19306,6205,318.99,209.56,318.99,0.92,1,ok
19308,40374,483.28,384.75,483.28,1.17,7,ok
19308,41011,1594.61,1220.68,1552.67,3.35,21,ok
19309,6000,381.51,304.64,381.51,1.06,29,ok
1931,1932,213.66,195.24,213.66,0.61,75,ok
19310,18812,217.33,245.38,217.33,0.56,35,ok
19310,40348,824.73,763.32,824.73,2.25,7,ok
19312,19314,272.02,298.08,272.02,0.72,31,ok
19312,6004,692.89,668.88,692.89,1.92,8,ok
19314,19309,761.43,593.09,761.43,2.22,8,ok
19314,6004,420.87,385.71,420.87,1.20,57,ok
19315,18814,636.14,388.26,636.14,1.30,8,ok
19315,5571,745.16,496.06,597.70,1.53,1,ok
1932,1928,247.80,203.16,247.80,0.82,20,ok
1932,1930,213.09,137.90,213.09,0.66,19,ok
1932,2738,183.39,207.35,183.39,0.55,36,ok
19321,18806,521.07,379.40,521.07,0.87,77,ok_undirected
19322,18807,242.38,273.92,242.38,0.44,48,ok
19323,19324,279.80,278.40,279.80,0.70,35,ok
19323,40358,346.76,213.81,346.76,1.05,7,ok
19323,40363,287.80,181.27,287.80,1.60,10,ok
19324,19325,1175.58,1035.96,1175.58,3.21,6,ok
19324,40365,484.46,445.39,484.46,1.18,15,ok
19324,6005,440.50,462.21,440.50,1.04,22,ok
19325,19326,87.49,126.54,87.49,0.28,28,ok
19326,6015,409.85,363.52,409.85,1.19,28,ok
19328,19331,1230.69,1124.98,1230.69,1.32,19,ok
19328,20014,1229.69,1100.08,1183.02,1.29,1,ok
19329,6201,138.81,145.55,138.81,0.46,13,ok
1933,2425,246.50,267.88,246.50,0.70,33,ok
19330,19328,1427.06,716.95,545.40,2.83,19,ok
19331,19278,3620.57,3269.97,3605.82,3.11,3,ok
19331,19285,3648.16,3345.02,3633.41,3.12,16,ok
19332,21290,498.13,369.03,498.13,0.89,58,ok
19332,6151,375.32,214.21,375.32,0.69,1,ok
19335,20607,232.86,206.65,232.86,0.55,8,ok
19335,5997,446.26,351.40,446.26,1.16,8,ok
19336,19305,131.28,86.58,131.28,0.30,8,ok
19337,19631,1782.93,1640.51,1782.93,2.35,3,ok
19337,21116,432.46,236.82,432.46,0.68,1,ok
1934,1931,340.65,159.45,340.65,0.97,52,ok
1934,1933,348.52,259.80,348.52,0.98,33,ok
19340,20608,215.73,220.81,215.73,0.54,2,ok
19342,18818,1317.31,1285.70,1317.31,1.11,2,ok
19343,19293,860.05,899.86,860.05,2.91,13,ok
19345,19305,376.95,379.10,376.95,1.03,8,ok
19345,5997,297.05,132.21,297.05,0.83,12,ok
19349,19350,3623.13,3321.26,3623.13,3.73,15,ok
1935,1936,195.15,189.84,195.15,0.76,19,ok
19350,19351,1199.50,1108.84,1199.50,1.33,15,ok
19350,7111,2118.73,673.10,2118.73,3.22,1,ok
19351,19352,864.69,770.59,864.69,1.35,15,ok
19352,20184,1102.16,493.88,1102.16,1.45,27,ok
19352,20933,591.76,452.24,591.76,0.96,2,ok
19352,21285,1089.71,679.90,1089.71,1.65,1,ok
19359,18195,379.37,351.58,379.37,1.16,35,ok
19359,21037,370.12,181.07,370.12,1.05,11,ok
1936,1940,222.87,204.71,222.87,0.89,25,ok
1936,2769,224.69,209.12,224.69,0.70,40,ok_undirected
19361,18116,586.40,262.24,543.06,1.35,11,ok_undirected
19361,41672,767.28,639.51,767.28,1.81,30,ok
19361,41673,820.72,720.60,820.72,1.95,14,ok
19361,41675,767.28,639.51,767.28,1.81,58,ok
19361,41784,767.28,639.51,767.28,1.81,15,ok
19364,19366,439.86,147.80,439.86,1.37,6,ok
19365,19364,20.64,140.02,20.64,0.07,6,ok
19366,19367,218.01,77.64,218.01,0.85,6,ok
19367,20992,159.42,107.34,159.42,0.50,6,ok
19368,18266,215.02,184.25,215.02,0.67,6,ok
19369,21276,132.42,149.34,132.42,0.28,25,ok
19369,4202,6721.90,4337.66,6709.16,8.97,2,ok
19369,4780,3242.47,1915.59,3229.73,5.54,61,ok
19369,5926,4133.16,2153.00,4112.74,5.16,2,ok
1937,1938,196.37,208.57,196.37,0.63,51,ok
19371,21274,362.33,336.26,362.33,0.92,85,ok_undirected
19371,6211,247.61,112.75,247.61,0.80,7,ok_undirected
19372,20944,477.33,227.56,477.33,1.38,13,ok
19372,20945,292.75,223.45,292.75,0.82,65,ok_undirected
19372,38197,241.03,139.18,241.03,0.77,7,ok_undirected
19373,19372,130.48,78.26,130.48,0.55,7,ok_undirected
19373,6212,262.49,280.15,262.49,0.93,12,ok
19374,18103,1271.62,958.53,1271.62,3.31,1,ok
19374,18121,1078.56,662.88,1035.22,2.54,8,ok
19374,41673,1267.17,989.46,1267.17,3.19,2,ok
19374,41784,1213.72,943.94,1213.72,3.06,3,ok
19374,6334,1075.20,844.80,877.09,2.72,19,ok
19374,6848,340.68,207.78,340.68,0.95,2,ok
19379,18193,424.22,424.16,424.22,0.80,103,ok
1938,2431,268.93,214.91,268.93,0.96,51,ok
19380,4479,505.81,235.79,505.81,1.51,14,ok_undirected
19381,18192,426.37,273.47,426.37,0.98,12,ok
19381,20265,188.11,80.15,85.96,0.43,38,ok
19381,20621,181.73,128.33,181.73,0.55,6,ok
19381,21286,425.09,317.88,425.09,1.05,12,ok
19384,21261,506.54,285.17,506.54,1.26,20,ok_undirected
19384,5919,938.85,416.48,938.85,2.65,2,ok
19385,19425,470.73,302.09,470.73,0.90,14,ok
19385,21156,282.23,292.17,282.23,0.49,13,ok
19385,4671,1582.63,933.64,1582.63,3.10,33,ok
19386,19393,475.21,405.32,475.21,1.29,58,ok
19386,21129,311.11,256.30,311.11,0.93,23,ok
19388,18530,669.56,399.04,669.56,1.44,26,ok
19388,19385,859.62,577.33,859.62,2.02,21,ok
19388,19386,59.53,67.06,59.53,0.17,28,ok_undirected
19389,19264,1547.22,1082.77,1547.22,4.06,2,ok
19389,19386,592.62,541.21,592.62,1.47,26,ok
19389,21142,357.28,238.37,357.28,0.84,42,ok
1939,1934,253.15,270.96,253.15,0.76,17,ok
1939,1937,122.71,131.57,122.71,0.39,51,ok
19391,19388,706.98,473.88,706.98,2.20,49,ok
19391,21125,315.93,194.40,315.93,0.80,27,ok
19392,21070,598.89,323.14,598.89,2.03,8,ok
19392,21074,556.81,260.98,556.81,1.79,1,ok
19392,4166,533.66,339.13,533.66,1.67,73,ok
19393,19264,102.45,156.76,102.45,0.27,54,ok_undirected
19393,21125,341.11,281.67,341.11,0.88,5,ok
19394,19389,218.35,147.30,218.35,0.72,28,ok
19394,21156,388.38,331.56,388.38,1.01,13,ok
19396,19616,623.54,332.24,623.54,1.60,126,ok
19399,20972,1116.08,294.53,1116.08,3.45,30,ok
1940,3496,247.62,277.77,247.62,0.61,39,ok
19400,21002,656.27,522.11,656.27,1.55,10,ok
19401,19402,500.70,109.31,500.70,1.44,16,ok
19402,19406,267.54,126.83,267.54,1.07,16,ok
19404,4196,366.30,233.80,366.30,0.79,6,ok
19406,19408,453.28,256.87,316.71,1.52,16,ok
19407,19410,233.16,219.58,233.16,0.84,16,ok
19408,19409,185.73,144.93,185.73,2.10,16,ok
19409,19407,267.54,101.15,267.54,1.07,16,ok
1941,2722,364.70,193.98,364.70,0.93,7,ok_undirected
1941,2769,328.83,234.79,328.83,0.86,16,ok_undirected
19410,4197,215.93,200.63,215.93,0.84,16,ok
19411,21194,162.44,78.20,162.44,0.48,9,ok
19411,5912,74.05,42.60,74.05,0.22,2,ok
19412,20977,1117.20,354.06,1117.20,3.49,29,ok
19413,21118,989.21,684.94,989.21,1.66,44,ok
19413,51379,1120.98,793.19,1120.98,2.76,6,ok
19414,18305,206.61,170.06,206.61,0.66,7,ok
19414,19399,512.22,401.96,512.22,1.56,19,ok
19414,48416,310.98,267.70,310.98,1.00,10,ok
19415,19280,636.31,449.05,0.00,1.42,4,no_coverage
19416,21127,298.55,336.58,298.55,0.39,9,ok
19417,19420,498.53,393.71,498.53,1.48,7,ok
19417,36941,332.34,347.50,332.34,1.02,8,ok
19419,19421,594.86,271.57,594.86,1.37,4,ok
19420,19419,236.58,159.64,236.58,1.55,7,ok
19421,21201,390.58,317.69,390.58,1.12,4,ok
19421,51240,390.58,355.14,390.58,1.12,9,ok
19422,21119,86.78,138.98,86.78,0.24,40,ok
19423,4195,218.60,201.71,195.16,0.90,1,ok
19423,4633,349.63,219.28,349.63,1.19,39,ok
19424,21120,94.14,103.41,94.14,0.20,25,ok
19424,21123,192.23,209.72,192.23,0.55,11,ok
19424,4633,321.12,227.32,248.75,1.05,22,ok
19425,18401,408.60,376.67,408.60,1.02,28,ok
19427,18443,963.67,263.89,963.67,2.05,57,ok
19427,51959,687.49,386.98,687.49,1.44,1,ok
19428,21150,283.57,322.67,283.57,0.35,49,ok_undirected
19429,19428,742.68,636.17,742.68,1.04,41,ok_undirected
1943,1944,280.60,221.93,280.60,0.81,33,ok
19431,21173,174.08,207.22,174.08,0.48,41,ok
19434,21006,371.67,348.55,371.67,0.94,3,ok
19434,21019,139.41,173.47,139.41,0.35,28,ok
19435,6228,324.69,188.72,324.69,0.83,26,ok
19437,19067,312.54,302.59,312.54,0.93,6,ok
19438,19439,511.81,338.39,511.81,0.99,8,ok_undirected
19439,19440,376.85,370.86,376.85,1.02,16,ok
1944,1931,121.52,188.77,121.52,0.36,33,ok
19440,19441,552.48,259.79,552.48,0.93,16,ok
19441,19442,195.77,328.95,195.77,0.23,16,ok
19442,19443,438.29,357.33,438.29,0.57,8,ok
19443,18568,338.80,306.91,338.80,0.65,8,ok_undirected
19444,4337,375.85,411.00,375.85,0.81,5,ok
19445,19946,715.57,663.99,715.57,1.89,2,ok
19445,19947,765.90,674.81,765.90,1.93,3,ok
19446,19948,1505.05,1312.49,1505.05,3.01,9,ok
19446,19949,1425.48,1278.68,1425.48,2.98,8,ok
19447,20084,3147.41,2863.24,3147.41,2.49,6,ok
19447,20087,3147.41,2873.74,3147.41,2.49,9,ok
19449,20069,3487.20,3247.49,3487.20,3.53,3,ok
19449,4191,3760.32,3370.75,3760.32,3.86,1,ok
1945,1939,230.09,115.26,230.09,0.82,24,ok
1945,2769,594.08,261.27,594.08,2.05,13,ok
19450,20004,3521.14,3238.52,3521.14,3.00,3,ok
19450,35089,6238.70,5468.69,2076.69,5.03,1,ok
19450,4438,7812.20,4509.78,336.21,8.17,1,ok
19453,18634,503.18,481.46,503.18,0.64,11,ok
19454,19458,454.44,321.32,454.44,1.22,24,ok
19454,4198,629.31,436.66,629.31,1.75,40,ok
19454,6971,603.74,518.91,603.74,1.36,5,ok
19455,18786,771.28,638.99,641.41,0.95,3,ok
19455,20224,8428.34,7160.58,5652.47,9.72,5,ok
19455,3996,11283.03,10751.06,11283.03,11.02,2,ok
19455,4888,768.12,729.95,768.12,0.95,35,ok
19455,6985,887.23,659.42,887.23,1.40,7,ok
19456,4000,12523.06,11690.65,12523.06,10.32,1,ok
19456,41349,816.10,717.12,816.10,0.99,6,ok
19456,43869,557.66,570.33,557.66,0.70,2,ok
19456,4870,4837.40,4676.21,4837.40,4.50,38,ok
19457,19455,360.87,353.82,360.87,0.83,36,ok
19457,19456,418.10,317.45,418.10,0.91,14,ok
19457,43156,227.91,124.37,220.07,0.62,3,ok_undirected
19457,43255,227.91,124.37,220.07,0.62,3,ok_undirected
19457,43403,543.63,236.41,543.63,1.55,35,ok
19457,6985,1146.81,977.09,1146.81,2.76,7,ok
19458,19775,537.91,520.43,537.91,1.14,30,ok
19458,6908,431.95,422.18,431.95,0.91,20,ok
1946,17402,361.40,234.77,342.92,1.31,11,ok
1946,2540,234.35,150.35,215.86,0.85,63,ok
19461,6909,565.05,582.95,565.05,1.04,8,ok
19463,6904,371.38,311.05,371.38,0.92,8,ok
19467,4540,587.74,598.99,587.74,1.21,8,ok
19467,4929,699.72,458.81,699.72,1.40,11,ok
19467,4936,704.03,614.22,704.03,1.46,16,ok
19468,4706,591.29,478.07,591.29,1.10,76,ok_undirected
1947,1953,263.28,317.65,263.28,0.44,51,ok
19471,18085,549.62,523.23,549.62,1.11,3,ok_undirected
19471,20188,1531.93,132.71,1460.76,4.14,2,ok
19471,20642,349.85,341.33,349.85,0.68,98,ok_undirected
19472,19899,657.71,276.08,657.71,1.37,8,ok_undirected
19472,20647,496.68,249.07,496.68,1.05,12,ok_undirected
19472,7014,469.40,284.55,469.40,0.85,10,ok
19474,20747,198.75,164.33,198.75,0.60,1,ok
19474,34160,334.18,295.64,334.18,0.96,1,ok
19474,37628,378.67,325.79,378.67,1.10,12,ok
19476,18690,287.83,320.80,159.67,0.58,13,ok
19476,20637,844.32,306.43,716.17,2.04,5,ok
19478,18649,1073.62,480.24,1073.62,2.85,1,ok
19478,18663,317.57,315.32,317.57,0.80,13,ok
19478,20369,273.78,209.15,273.78,0.69,7,ok
19479,19480,344.03,285.54,344.03,0.91,12,ok
19479,20276,639.51,183.92,639.51,1.31,1,ok
1948,1949,223.46,140.85,223.46,0.55,90,ok
1948,2427,408.48,380.54,408.48,1.14,11,ok
19480,19808,204.51,226.99,204.51,0.58,12,ok
19483,19484,194.28,182.50,194.28,0.51,21,ok
19484,19485,305.50,246.85,305.50,0.88,20,ok
19484,20858,488.17,295.17,488.17,1.04,1,ok
19485,34308,225.93,239.89,225.93,0.56,20,ok
19486,18716,498.53,498.83,498.53,0.92,40,ok_undirected
19486,19809,905.83,573.56,894.04,1.55,3,ok
19487,5842,356.13,254.59,356.13,0.86,14,ok
19488,19725,1494.18,1339.25,1494.18,1.41,16,ok
19488,20891,1715.23,1438.39,1715.23,2.17,7,ok
19488,4205,1522.81,1456.62,1522.81,1.80,40,ok
19489,19487,370.69,333.49,370.69,0.82,12,ok
19489,19785,488.67,476.34,488.67,0.93,12,ok
19489,20284,746.28,481.43,746.28,2.02,2,ok
1949,1950,288.71,321.31,288.71,0.66,90,ok
19493,19494,499.40,308.41,499.40,1.09,6,ok
19493,19792,1221.15,523.75,998.99,3.04,1,ok
19493,34248,776.14,317.69,776.14,1.82,8,ok
19494,19809,2325.35,1955.17,2313.57,4.44,1,ok
19494,20851,804.11,461.13,804.11,1.42,20,ok
19495,19496,552.66,570.91,552.66,0.73,14,ok
19496,6851,1100.62,467.18,1100.62,1.86,14,ok_undirected
19497,19798,879.75,631.83,741.38,2.37,1,ok
19497,20833,287.66,120.64,287.66,0.75,1,ok
19497,5603,208.70,225.63,208.70,0.59,9,ok
1950,1956,257.59,223.87,257.59,0.66,26,ok
1950,1957,111.86,50.86,111.86,0.34,13,ok
1950,1960,565.48,261.35,565.48,1.28,50,ok
1950,2108,343.76,360.78,343.76,0.83,1,ok
19500,19793,280.18,197.44,280.18,0.64,7,ok
1951,1952,657.93,450.65,646.29,1.58,42,ok
1951,3718,533.17,426.99,533.17,1.51,1,ok
19517,18248,1074.04,840.17,1074.04,1.46,11,ok
1952,3234,584.77,327.97,584.77,1.89,42,ok
19523,6107,443.05,322.93,443.05,1.15,10,ok
19523,6742,319.14,316.19,319.14,0.82,25,ok
19524,20267,549.50,527.60,549.50,0.99,39,ok_undirected
19525,19831,501.61,326.00,501.61,1.13,28,ok
19526,37205,174.89,144.04,174.89,0.65,17,ok
19526,5515,516.47,304.03,516.47,1.64,3,ok_undirected
19527,6761,473.13,294.89,473.13,1.33,25,ok
19528,19531,300.57,178.67,300.57,0.95,17,ok
19529,5947,496.46,325.72,496.46,0.85,24,ok
1953,1955,364.80,421.42,364.80,0.87,46,ok
1953,3374,522.48,356.35,429.01,1.29,5,ok
19530,39146,419.71,366.14,419.71,0.95,6,ok
19531,42653,155.41,138.60,155.41,0.47,17,ok
19532,19527,487.43,337.04,487.43,1.51,25,ok_undirected
19534,19535,209.95,270.36,209.95,0.70,31,ok
19535,20461,353.70,204.09,353.70,1.01,16,ok
19535,6721,524.32,437.27,524.32,1.53,15,ok
19536,19534,360.50,359.24,360.50,1.07,16,ok
19537,19706,252.19,200.59,252.19,0.81,17,ok
1954,1951,351.87,356.20,351.87,0.71,43,ok
19545,19546,278.91,286.66,278.91,0.80,46,ok
19546,19547,574.56,536.62,574.56,1.84,8,ok
19546,20117,205.88,232.62,205.88,0.56,24,ok
19546,35274,197.09,235.37,197.09,0.53,26,ok
19546,5565,997.06,649.22,990.50,3.18,1,ok
19547,20720,161.82,191.14,161.82,0.46,8,ok
19547,20841,390.08,436.03,390.08,1.06,20,ok
19547,39024,414.73,277.41,414.73,1.08,8,ok
19549,20121,378.46,292.51,378.46,1.10,30,ok
1955,1985,503.75,227.64,503.75,1.27,19,ok
1955,2695,667.23,356.02,667.23,1.86,28,ok
19550,19551,447.82,136.94,447.82,1.23,49,ok
19551,35245,394.68,326.99,394.68,1.01,31,ok
19551,35253,402.53,233.59,402.53,1.04,16,ok
19551,5601,665.63,588.53,665.63,1.64,7,ok
19553,19555,280.63,258.21,280.63,0.65,35,ok
19553,19879,358.34,80.32,240.33,0.79,5,ok
19553,20340,204.01,186.78,204.01,0.42,7,ok
19554,19555,269.27,216.14,269.27,0.77,16,ok
19555,19556,303.39,314.42,303.39,1.08,58,ok
19556,20314,462.72,316.40,462.72,1.15,3,ok
19556,39029,140.10,69.59,140.10,0.39,9,ok
19556,49485,204.87,86.30,204.87,0.49,16,ok
19556,5881,479.04,468.76,479.04,1.02,9,ok
19556,5883,229.72,193.82,229.72,0.53,30,ok_undirected
1956,2496,347.26,297.49,347.26,0.81,44,ok
19560,17589,325.08,348.29,325.08,1.16,24,ok
19561,4812,401.47,234.47,401.47,1.01,5,ok
19561,5103,267.87,239.75,267.87,0.59,17,ok
19566,19705,209.95,304.50,209.95,0.70,27,ok_undirected
19568,19569,1480.45,726.22,1480.45,1.97,24,ok_undirected
19569,19846,450.33,423.15,450.33,0.72,24,ok
1957,2858,479.22,507.80,479.22,0.87,22,ok
19570,20490,1277.13,1124.41,1277.13,2.90,28,ok
19570,38756,1871.74,1435.67,1871.74,3.85,2,ok
19571,1294,8909.40,8627.01,8909.40,8.14,4,ok
19571,18913,7176.23,6047.26,7176.23,5.82,5,ok
19571,42807,6151.11,5634.50,6151.11,5.47,19,ok
19572,3891,1871.08,1217.20,1250.57,2.36,2,ok
19573,19574,244.94,232.00,244.94,0.70,23,ok
19574,2387,336.42,325.57,336.42,0.84,23,ok
19575,19858,809.05,694.30,809.05,2.18,3,ok
19575,37146,217.86,257.22,217.86,0.64,17,ok
19575,46568,209.03,207.11,209.03,0.60,3,ok
19576,19577,3044.47,3019.36,3044.47,2.53,12,ok
19577,18810,1189.20,1135.07,1189.20,1.04,7,ok
19577,19321,1199.07,993.71,1070.64,1.16,5,ok
19578,19857,195.94,193.81,195.94,0.68,17,ok
19578,19858,385.24,328.31,385.24,1.15,3,ok
19579,19862,195.96,180.35,195.96,0.50,26,ok
1958,17276,446.09,306.05,446.09,1.10,13,ok_undirected
1958,1901,532.07,381.23,532.07,1.72,8,ok
19580,2673,14060.06,10808.94,14060.06,21.28,2,ok
19580,3945,5798.14,3312.25,5798.14,13.39,23,ok
19580,4171,5474.92,2977.58,5474.92,11.83,1,ok
19581,18834,1435.02,1447.46,1435.02,1.77,44,ok
19581,41786,2237.12,692.90,2237.12,3.25,2,ok
19581,41796,2237.12,692.90,2237.12,3.25,3,ok
19581,41797,2223.74,710.97,2223.74,3.23,2,ok
19582,17788,303.02,300.39,303.02,0.58,8,ok
19582,19584,835.15,666.37,835.15,1.58,5,ok
19583,17771,320.78,352.81,320.78,0.75,10,ok
19584,17787,1188.92,575.21,1180.07,2.49,3,ok
19584,17788,604.54,477.20,604.54,1.33,4,ok
19584,17799,904.36,700.40,904.36,1.91,1,ok
19584,6506,1275.58,1032.29,1275.58,2.65,2,ok
19587,17758,896.42,727.60,896.42,1.54,5,ok
19587,6574,1122.29,1132.16,1122.29,1.79,6,ok
19588,6505,1977.17,1796.00,1912.98,2.65,2,ok
19588,6575,1715.51,1515.92,1651.33,2.15,9,ok
19589,18846,1295.53,1289.04,1295.53,1.75,21,ok
19589,40857,1456.52,1181.48,1431.52,1.89,1,ok
1959,1956,495.71,398.28,495.71,1.06,9,ok
1959,1957,495.03,225.05,495.03,1.16,8,ok
1959,2428,508.87,149.07,508.87,1.17,63,ok
19590,19281,463.06,447.69,463.06,1.20,3,ok
19592,19866,1809.17,1516.72,1809.17,1.99,24,ok
19593,19596,3906.39,3773.62,3812.44,5.12,19,ok
19594,19592,4362.26,3761.66,4362.26,4.15,22,ok
19596,19597,814.08,846.73,147.53,0.71,19,ok
19597,4220,1315.00,1256.64,1315.00,1.45,10,ok
19597,4222,1374.26,1322.22,1374.26,1.53,9,ok
19598,19599,1403.89,1408.32,872.47,2.87,24,ok
19598,4754,10005.78,9215.45,8713.86,13.35,1,ok
19599,19594,760.50,812.26,0.00,0.60,22,no_coverage
19599,4754,8601.89,7829.07,7841.39,10.80,2,ok
1960,3163,347.07,274.78,347.07,1.03,67,ok
19603,5289,779.69,723.15,41.18,0.61,1,ok
19606,5303,874.72,821.84,114.12,1.01,3,ok
19606,6354,1136.82,959.05,376.23,1.68,7,ok
1961,1962,166.52,211.93,166.52,0.48,67,ok
19611,6029,302.72,248.74,302.72,1.09,3,ok
19615,18366,252.09,258.61,252.09,0.81,33,ok_undirected
19615,4200,993.19,112.89,993.19,2.63,63,ok
19615,4703,252.09,279.38,252.09,0.81,14,ok_undirected
19616,18195,275.31,288.95,275.31,0.79,92,ok_undirected
19616,18363,1334.81,123.10,1334.81,3.51,9,ok
19616,4479,1015.96,707.29,1015.96,2.68,10,ok_undirected
1962,1963,430.77,318.01,430.77,1.00,67,ok
19620,40329,67.61,58.74,67.61,0.18,13,ok
19621,40330,278.74,232.45,278.74,0.82,32,ok
19622,19623,107.64,113.25,107.64,0.47,32,ok
19623,19624,235.01,242.80,235.01,1.19,32,ok
19624,17777,1222.97,1114.57,1222.97,3.15,7,ok
19624,4242,1033.76,1019.06,1033.76,2.71,19,ok
19625,19620,997.68,917.11,997.68,2.86,13,ok
19625,40329,1065.29,920.12,1065.29,3.04,14,ok
19627,19628,328.10,309.37,328.10,1.05,9,ok
19628,19629,633.54,550.90,633.54,2.12,9,ok
19629,19630,842.39,799.67,842.39,2.33,9,ok
1963,2560,408.96,326.27,408.96,0.97,67,ok
19630,21116,1731.37,1437.57,1731.37,3.68,5,ok
19630,21128,849.55,548.06,849.55,1.54,4,ok_undirected
19631,19632,842.39,800.30,842.39,2.47,4,ok
19632,19633,633.54,546.83,633.54,1.92,4,ok
19633,19634,345.20,333.40,345.20,1.01,4,ok
19634,21150,139.73,114.89,139.73,0.29,4,ok_undirected
19635,20177,,2240.81,,2.98,1,unreachable
19636,19637,319.71,257.10,319.71,0.60,5,ok
19637,19638,286.44,295.59,286.44,0.67,5,ok
19638,19639,487.40,467.27,487.40,1.14,5,ok
19639,40312,274.14,251.67,274.14,0.63,5,ok
1964,3359,250.76,170.94,250.76,0.93,11,ok
19640,40310,303.05,298.85,303.05,0.62,5,ok
19642,19643,149.23,122.18,149.23,0.37,5,ok
19643,19644,600.79,272.36,600.79,1.34,5,ok
19644,41142,0.00,109.82,0.00,1.08,5,no_coverage
19645,41139,186.08,209.84,104.71,0.66,5,ok
19646,19647,407.34,344.19,407.34,1.35,9,ok
19647,41142,172.72,192.02,172.72,0.58,9,ok
19648,19649,713.13,479.48,713.13,1.55,9,ok
19649,39838,249.81,289.84,249.81,0.55,9,ok
1965,3757,0.00,62.00,0.00,0.22,11,no_coverage
19651,19652,245.15,286.23,245.15,0.60,9,ok
19652,40313,504.85,385.04,504.85,1.57,9,ok
19653,19654,241.47,213.52,241.47,0.56,9,ok
19654,19655,381.31,299.36,381.31,0.74,9,ok
19655,40268,168.04,213.53,168.04,0.29,9,ok
19656,19657,426.98,426.38,426.98,0.93,5,ok
19657,40323,395.55,352.92,395.55,1.39,5,ok
19658,40325,420.03,354.32,420.03,1.31,13,ok
19659,19660,266.70,208.82,266.70,1.25,13,ok
1966,17368,29.13,138.68,29.13,0.10,11,ok
19660,40326,259.99,148.47,259.99,0.93,13,ok
19661,19662,183.23,216.57,183.23,0.45,13,ok
19662,40324,481.86,482.19,481.86,1.03,13,ok
19663,19664,324.79,299.52,324.79,0.75,10,ok
19664,19384,4956.82,3081.51,4419.29,6.17,2,ok
19664,21294,1680.96,1594.65,1564.58,2.83,8,ok
19667,44449,929.15,810.36,0.00,2.25,4,no_coverage
19668,19667,384.81,376.83,0.00,0.75,4,no_coverage
19669,19668,199.65,205.51,0.00,0.45,4,no_coverage
1967,3764,240.03,181.85,240.03,0.89,6,ok
19672,5309,767.96,771.71,767.96,1.08,12,ok
19673,18940,550.61,559.56,550.61,0.65,5,ok
19673,6341,330.74,166.86,330.74,0.42,1,ok
19675,4219,800.08,776.09,800.08,0.89,17,ok_undirected
19676,19677,880.91,711.64,880.91,2.12,2,ok
19677,19678,581.67,498.42,503.62,12.32,2,ok
19678,19728,543.21,580.98,195.87,1.23,1,ok
19678,19759,485.30,471.98,173.57,0.93,1,ok
19679,19494,732.73,530.05,732.73,1.91,14,ok
19679,20851,1536.84,955.00,1536.84,3.33,2,ok
19679,34253,560.50,257.31,560.50,1.50,1,ok
1968,2430,191.56,154.69,191.56,0.54,19,ok
19681,7179,411.26,319.07,0.00,1.00,1,no_coverage
19684,19686,549.22,505.47,549.22,1.32,3,ok
19686,7182,464.51,468.15,464.51,1.01,3,ok
19687,19468,162.28,105.90,162.28,0.43,16,ok
19687,4634,160.45,129.03,160.45,0.47,18,ok_undirected
19688,19687,212.92,162.36,212.92,0.78,16,ok
19688,4818,585.33,247.64,585.33,2.16,13,ok
19689,43351,266.00,194.77,266.00,0.67,21,ok
19689,4576,454.22,350.39,454.22,1.19,8,ok
1969,1968,206.55,144.86,206.55,0.58,19,ok
1969,3384,59.76,112.12,59.76,0.17,6,ok
19690,4577,376.05,314.41,376.05,1.16,16,ok
19690,4907,213.19,196.56,213.19,0.70,11,ok
19691,19688,184.34,193.55,184.34,0.64,16,ok
19693,5094,144.27,119.26,144.27,0.39,38,ok
19694,41722,432.36,241.98,360.90,1.19,13,ok
19694,4921,438.67,346.44,438.67,1.04,24,ok
19697,19573,244.94,228.28,244.94,0.56,6,ok
19697,6943,327.37,297.69,327.37,0.73,8,ok
1970,2850,279.82,216.71,279.82,0.74,28,ok
19702,20701,401.06,379.08,401.06,0.99,49,ok
19702,6715,634.03,493.19,634.03,1.54,16,ok
19703,19532,152.31,183.16,152.31,0.43,25,ok_undirected
19703,42200,1420.01,1148.51,1420.01,4.23,5,ok
19703,42652,409.83,344.01,409.83,1.19,26,ok_undirected
19704,20458,218.27,116.13,218.27,0.54,43,ok
19705,20460,359.62,368.09,359.62,0.88,17,ok_undirected
19705,39741,211.29,209.02,211.29,0.61,10,ok_undirected
19706,19745,179.05,177.71,179.05,0.56,16,ok
19706,50923,403.14,237.39,403.14,1.20,17,ok
19707,17457,2074.23,1837.90,1812.73,4.04,2,ok
19707,19708,174.41,321.45,174.41,0.24,38,ok
19708,19832,683.81,569.21,683.81,0.95,38,ok
19709,6998,492.85,433.45,492.85,1.38,31,ok_undirected
1971,1972,222.19,200.60,222.19,0.71,22,ok
19710,19711,546.31,537.34,546.31,0.84,40,ok
19711,19707,698.05,656.30,698.05,1.10,40,ok
19713,17570,867.14,644.76,802.73,1.79,2,ok
19713,17581,818.34,780.94,818.34,1.99,4,ok_undirected
19713,40489,1316.14,926.45,1316.14,2.93,10,ok
19713,6411,952.32,558.14,847.27,2.19,13,ok
1972,1970,176.29,162.07,176.29,0.59,22,ok
19722,19568,989.61,881.97,989.61,1.18,24,ok
19722,19846,2084.80,2016.14,2084.80,2.56,9,ok
19722,42239,1984.89,1844.15,1984.89,2.44,3,ok
19724,44825,326.80,448.25,326.80,0.63,22,ok
19725,19759,476.88,475.97,476.88,0.74,20,ok
19725,35347,583.08,516.46,583.08,0.94,1,ok
19727,6988,172.08,139.16,172.08,0.45,8,ok
19728,20891,681.35,537.78,681.35,1.37,4,ok
19728,21308,475.27,467.41,475.27,0.65,18,ok_undirected
19729,19730,301.15,214.40,301.15,1.09,11,ok
1973,1974,182.87,159.02,182.87,0.59,46,ok
19730,19573,385.29,310.38,385.29,1.02,11,ok
19733,37271,3068.70,3103.83,3068.70,3.71,7,ok
19733,5162,276.70,243.47,276.70,0.25,1,ok
19738,19739,957.47,941.44,957.47,1.23,3,ok
19739,21275,1945.43,1902.69,1945.43,1.59,3,ok
1974,1975,196.37,136.32,196.37,0.66,46,ok
19740,18973,287.21,240.06,287.21,0.55,4,ok
19740,19758,311.93,203.18,248.22,0.63,2,ok
19740,4229,248.22,107.93,248.22,0.50,8,ok
19742,19743,424.26,156.70,424.26,1.11,21,ok
19743,4230,370.63,406.56,370.63,0.74,21,ok
19744,19483,367.10,117.66,367.10,1.02,12,ok
19745,19536,302.47,166.19,302.47,0.77,16,ok
19746,17629,604.84,524.84,604.84,1.58,1,ok_undirected
19746,17684,203.33,223.79,203.33,0.45,9,ok
19746,5825,320.30,128.64,320.30,1.04,11,ok
19746,6093,607.80,321.64,607.80,1.79,12,ok
19747,5605,493.73,338.44,493.73,1.43,4,ok
19749,19750,240.72,244.33,240.72,0.92,63,ok
1975,1936,195.15,206.00,195.15,0.76,46,ok
19750,20850,189.56,194.43,189.56,0.60,39,ok
19750,41785,979.03,705.51,979.03,2.43,24,ok
19752,19753,177.50,193.93,177.50,0.47,18,ok
19753,19791,451.00,343.95,451.00,1.10,3,ok
19753,5603,798.07,724.24,798.07,2.01,1,ok
19753,6038,189.46,128.47,189.46,0.52,14,ok
19758,18970,1121.10,827.23,0.00,2.00,2,no_coverage
19759,18790,1778.50,1660.47,1778.50,2.16,20,ok
19759,6969,1700.28,1580.15,1700.28,2.02,1,ok
1976,1991,151.91,180.11,151.91,0.48,46,ok
19760,19589,1011.42,910.24,1011.42,1.20,21,ok
19760,40847,1167.41,900.83,1167.41,1.47,1,ok
19762,18254,44.59,100.95,44.59,0.09,12,ok
19762,18869,394.42,435.78,394.42,0.76,4,ok
19762,7234,258.86,236.91,258.86,0.56,1,ok
19763,6865,5077.67,4007.11,28.50,30.97,2,ok
19765,20466,611.78,477.60,611.78,1.15,25,ok_undirected
19767,38356,848.83,699.11,848.83,1.77,12,ok
19767,6722,623.96,642.18,623.96,1.16,10,ok_undirected
19769,19457,520.54,359.39,520.54,1.28,73,ok
19771,20157,157.09,128.65,157.09,0.46,32,ok
19772,6908,288.62,181.41,288.62,0.81,32,ok
19773,20287,855.58,611.64,855.58,1.00,5,ok
19773,4348,,331.00,,0.65,1,unreachable
19774,20570,334.88,379.62,334.88,0.69,29,ok
19774,20852,125.74,107.90,125.74,0.23,10,ok
19775,19778,320.96,169.65,215.74,0.91,3,ok
19775,20471,374.07,282.23,374.07,0.91,32,ok
19776,19777,358.16,293.46,358.16,0.99,32,ok
19777,19778,128.69,116.60,128.69,0.46,32,ok
19778,20470,114.94,111.83,114.94,0.36,32,ok
1978,1979,262.93,200.49,262.93,0.83,39,ok
19780,34251,204.20,205.49,204.20,0.40,1,ok
19782,19479,169.27,161.56,169.27,0.49,13,ok
19782,19809,980.11,436.82,968.33,2.45,1,ok
19785,19786,354.65,326.20,354.65,0.76,12,ok
19785,34246,472.48,430.32,472.48,1.04,1,ok
19786,20032,201.48,215.86,201.48,0.51,12,ok
19787,19487,283.07,136.78,283.07,0.74,2,ok
19787,20280,360.07,317.97,360.07,0.94,17,ok
1979,35840,122.76,168.78,122.76,0.36,39,ok_undirected
19791,19497,138.37,189.37,138.37,0.32,11,ok
19792,19497,986.03,788.18,986.03,2.84,1,ok
19792,19752,395.31,182.42,395.31,1.04,1,ok_undirected
19792,19791,847.66,598.82,847.66,2.52,1,ok
19793,5576,124.23,151.76,124.23,0.27,7,ok
19796,19797,160.93,129.18,160.93,0.72,9,ok
19797,34246,220.18,222.87,220.18,0.62,9,ok
19798,19495,443.10,417.26,443.10,0.89,14,ok
19798,19894,625.91,333.09,610.38,1.52,9,ok
19799,19454,1086.82,943.31,1086.82,2.18,18,ok
19799,19456,735.75,726.14,735.75,1.15,14,ok
19799,19457,1138.21,866.43,1138.21,2.29,14,ok
19799,43156,900.91,818.68,884.97,1.67,3,ok
1980,1981,181.01,147.48,181.01,0.64,37,ok
19800,5108,2995.49,2974.91,2995.49,2.48,3,ok
19802,5301,870.38,819.51,839.78,1.12,4,ok
19802,5668,1010.41,992.85,1010.41,1.38,15,ok
19808,35316,477.70,311.56,477.70,0.53,19,ok
19808,6850,422.36,388.85,422.36,0.48,40,ok
19809,20138,716.80,472.92,716.80,1.17,1,ok
19809,20286,257.71,248.49,257.71,0.32,10,ok_undirected
19809,34309,596.79,553.37,596.79,0.91,3,ok
1981,3796,140.93,148.75,140.93,0.44,37,ok
19810,20278,229.40,214.62,229.40,0.54,15,ok
19817,18777,2012.09,1688.07,2012.09,1.80,1,ok
19818,18268,218.22,127.29,218.22,0.61,24,ok
19818,18861,389.71,309.24,389.71,0.89,16,ok_undirected
1982,3075,1327.39,640.61,1318.41,1.89,74,ok
1982,3470,1281.47,662.73,1272.49,1.81,36,ok
19821,1495,,22117.64,,22.00,2,unreachable
19821,17000,3353.96,3046.63,3353.96,2.92,16,ok
19821,17001,3866.85,3517.44,3866.85,3.44,15,ok
19821,17003,5154.55,4776.59,5154.55,4.75,2,ok
19821,35892,3490.72,3043.24,3490.72,3.47,4,ok
19821,4111,6294.99,6028.40,6294.99,6.09,5,ok_undirected
19824,19827,1359.97,895.62,1359.97,1.79,8,ok
19825,18962,5749.79,3174.28,5749.79,6.49,10,ok
19827,4401,247.26,305.94,247.26,0.28,12,ok
19828,4400,2387.02,2319.70,2387.02,1.95,13,ok
19829,20255,2060.19,1979.18,2060.19,1.86,13,ok
1983,3756,214.98,126.22,214.98,0.50,11,ok
19830,19978,1548.93,1332.39,1419.89,1.57,3,ok
19830,20023,1548.93,1277.89,1419.89,1.57,2,ok
19831,20380,848.22,372.39,765.46,2.44,1,ok
19831,34159,423.49,307.42,340.74,1.24,3,ok_undirected
19831,4168,372.26,364.85,372.26,1.13,2,ok
19831,42196,571.95,466.23,489.19,1.28,13,ok
19831,6719,311.02,200.70,228.26,0.98,80,ok
19831,6763,216.51,265.31,216.51,0.61,18,ok
19832,2661,853.95,824.64,786.60,1.41,38,ok_undirected
19833,17972,2613.05,2201.40,2567.38,2.34,2,ok
19833,18877,690.19,686.46,690.19,0.67,16,ok
19833,21282,3532.11,2279.77,3532.11,3.04,1,ok
19834,18916,4121.77,3486.99,4121.77,4.78,16,ok
19834,20792,4322.16,3480.41,4300.61,5.53,1,ok
1984,1954,221.62,221.50,221.62,0.74,43,ok
1984,1955,184.23,80.29,184.23,0.61,1,ok_undirected
19840,20192,345.42,313.50,345.42,0.85,20,ok
19840,7170,345.24,248.57,345.24,0.93,25,ok
19842,19710,2179.22,2021.35,2179.22,4.74,2,ok_undirected
19842,19843,1043.43,1060.15,1043.43,1.25,20,ok_undirected
19843,20855,476.75,406.78,476.75,1.73,36,ok
19845,20688,1102.81,1093.61,1102.81,1.86,23,ok_undirected
19845,42198,1906.53,1662.46,1906.53,2.68,12,ok
19846,19709,1527.34,670.93,1527.34,2.00,31,ok_undirected
19846,6998,2066.72,1095.46,2066.72,3.37,4,ok
19847,39144,723.38,580.75,723.38,1.74,16,ok
19847,39147,491.88,495.85,491.88,1.15,14,ok
19849,19850,298.81,277.26,298.81,0.78,6,ok
19849,19851,400.94,407.61,400.94,1.01,2,ok
19849,20373,2004.86,1529.21,1981.46,5.71,1,ok
19849,40525,472.30,340.08,472.30,1.26,9,ok
1985,1986,562.91,516.53,562.91,1.21,54,ok
19850,19851,102.13,132.11,102.13,0.23,5,ok
19850,19852,528.22,332.90,528.22,1.25,3,ok
19851,19852,426.09,204.05,426.09,1.03,5,ok
19851,20373,1603.93,1128.99,1580.52,4.70,2,ok
19852,19853,349.59,198.06,349.59,0.84,27,ok
19853,19854,231.17,162.41,231.17,0.64,27,ok
19854,19855,118.76,156.73,118.76,0.47,14,ok
19854,40523,122.30,147.83,122.30,0.31,13,ok
19855,19856,229.98,174.69,229.98,1.10,14,ok
19856,20723,211.00,184.26,211.00,0.74,14,ok
19857,19858,189.30,178.91,189.30,0.47,17,ok
19858,19859,231.17,183.64,231.17,0.50,31,ok
19858,19860,373.75,357.61,373.75,0.84,3,ok
19859,19860,142.58,174.00,142.58,0.34,31,ok
1986,1987,230.79,282.37,230.79,0.65,54,ok
19860,19861,242.43,240.92,242.43,0.59,16,ok
19860,40524,372.31,297.32,372.31,0.90,18,ok
19861,19579,204.98,227.04,204.98,0.65,18,ok
19862,19263,120.33,56.80,120.33,0.24,13,ok
19862,4176,217.19,141.26,217.19,0.46,13,ok_undirected
19863,19277,5706.67,4951.32,5706.67,7.49,2,ok
19863,19278,3359.21,3298.78,3359.21,3.64,3,ok
19863,19349,3354.30,3346.09,3354.30,3.62,9,ok
19866,4753,1918.55,1795.23,1876.91,3.32,2,ok
19866,4754,2391.85,1839.53,2391.85,4.41,22,ok
19867,19593,1538.84,1540.49,1538.84,1.65,19,ok
19867,51230,3641.05,2165.64,3348.71,4.46,1,ok
19868,19187,384.44,269.68,384.44,0.99,1,ok
1987,1988,244.31,217.51,244.31,0.75,54,ok
19872,20697,2400.30,2349.88,2209.75,4.20,4,ok_undirected
19873,4958,409.47,296.36,409.47,1.32,6,ok
19877,17580,7587.43,3372.18,7587.43,6.37,13,ok
19877,21222,7039.92,3287.80,7039.92,5.47,2,ok
19877,4207,4724.42,951.93,4724.42,3.86,20,ok
19879,20317,503.86,265.02,503.86,1.25,4,ok
19879,20319,729.57,345.16,729.57,1.86,8,ok
19879,47430,759.26,102.29,759.26,1.78,39,ok
1988,2028,798.36,511.68,798.36,3.00,18,ok
1988,2029,677.51,601.28,677.51,2.63,1,ok
1988,2437,489.59,264.89,489.59,1.89,35,ok
19885,4187,1610.74,1609.79,1610.74,1.68,14,ok
19885,7100,1624.73,1496.56,1579.18,1.69,6,ok
19886,19200,772.90,729.84,772.90,1.62,14,ok
19886,41556,2783.18,2172.84,2783.18,6.81,1,ok
19889,20214,498.72,554.11,498.72,1.40,12,ok
19889,41007,443.70,352.12,443.70,1.17,2,ok
19889,7290,662.95,635.24,238.97,2.28,1,ok
1989,3353,454.11,284.40,444.37,1.18,62,ok
19890,34294,447.72,213.51,447.72,0.74,3,ok
19891,19893,1282.81,1148.64,1282.81,2.28,3,ok
19893,4345,826.96,721.51,826.96,1.04,3,ok
19894,20283,161.58,89.17,161.58,0.39,6,ok_undirected
19894,20871,708.46,491.18,708.46,1.72,1,ok_undirected
19894,34286,2028.68,1100.86,1947.85,4.38,2,ok
19896,18956,793.87,800.84,793.87,0.90,8,ok
19897,19898,2046.27,1783.86,2046.27,2.03,8,ok
19898,39219,499.44,625.64,499.44,0.47,8,ok
19899,19900,1097.94,190.20,1097.94,2.86,9,ok
1990,1991,335.84,154.34,335.84,1.24,22,ok
19900,20601,418.57,349.43,418.57,1.10,8,ok
19900,6847,484.31,245.99,484.31,1.26,1,ok
19908,7199,210.75,203.42,210.75,0.64,19,ok_undirected
19909,19910,2053.14,1161.10,0.00,2.82,2,no_coverage
19909,20210,671.29,483.64,0.00,1.65,2,no_coverage
1991,17301,270.27,214.63,270.27,0.55,68,ok
19910,19909,2051.47,1161.10,0.00,2.98,2,no_coverage
19911,42009,1765.12,1539.72,1765.12,2.60,1,ok
19911,5231,1279.78,1239.62,1279.78,1.53,39,ok_undirected
19915,19916,767.66,788.42,767.66,0.74,5,ok
19916,5261,599.68,573.67,599.68,0.75,3,ok
19916,5637,599.68,609.85,599.68,0.75,12,ok
1992,2605,284.65,241.43,284.65,0.68,19,ok
19920,18667,467.49,314.36,334.36,1.46,3,ok
19922,20128,1304.90,1157.79,900.99,1.27,3,ok
19922,6962,1366.71,898.19,1366.71,1.51,3,ok
19928,20138,2877.96,2713.51,2877.96,2.69,4,ok
19928,5580,2923.42,2749.17,2923.42,2.84,2,ok
19929,19928,803.74,863.77,803.74,0.62,4,ok
1993,17300,56.76,86.41,56.76,0.22,4,ok
19931,18965,1061.98,663.67,1061.98,1.74,2,ok
19931,19929,1431.70,1362.76,1431.70,1.96,1,ok
19931,35118,3030.50,1095.25,1390.62,4.19,1,ok
19932,20078,5125.28,4944.75,5125.28,4.76,1,ok
19932,20709,856.01,854.92,856.01,0.83,13,ok
19933,4282,9302.29,3283.69,9302.29,7.17,3,ok
19934,19932,9365.05,3205.16,9365.05,6.94,10,ok
19936,20363,2292.34,1551.59,1772.22,3.02,1,ok
19936,4357,2312.79,1165.01,2312.79,3.18,3,ok
19936,4358,1440.65,1279.47,1440.65,1.43,2,ok
19936,4360,1585.02,1538.37,1585.02,1.68,7,ok
19937,19939,1533.50,1502.80,1533.50,1.38,6,ok
19937,20048,1533.50,1459.73,1533.50,1.38,1,ok
19938,19936,1533.50,1513.91,1533.50,1.22,11,ok
19938,4353,1919.67,1545.66,1919.67,1.74,2,ok
19939,19941,435.59,358.57,435.59,0.41,6,ok
19939,20022,384.42,352.22,384.42,0.36,1,ok
1994,2135,364.68,345.49,364.68,1.21,17,ok
19940,19938,352.28,366.16,352.28,0.32,10,ok
19940,20048,352.28,345.90,352.28,0.32,2,ok
19941,4364,2201.21,2202.82,2201.21,1.65,7,ok
19942,4362,1769.41,1802.82,1769.41,1.26,9,ok
19942,4363,1780.88,1744.18,1780.88,1.26,4,ok
19943,19945,2288.20,2244.05,2288.20,1.56,11,ok
19943,20052,3779.62,3112.12,2288.20,2.58,1,ok
19945,19445,3348.09,2735.82,3348.09,3.73,2,ok
19945,19947,2672.23,2663.88,2672.23,2.04,11,ok
19946,20051,2621.90,2549.32,2621.90,1.77,2,ok
19946,5215,2621.90,2574.04,2621.90,1.77,11,ok
19947,19949,1346.91,1341.15,1346.91,0.98,7,ok
19947,20054,1330.94,1280.87,1330.94,0.95,7,ok
19948,19445,1934.12,1431.75,1873.99,2.70,1,ok
19948,19946,1226.19,1348.34,1226.19,0.95,11,ok
19949,19447,905.13,928.70,905.13,0.81,12,ok
19949,4238,1554.60,1283.75,490.75,1.69,3,ok
1995,2002,304.57,285.31,304.57,0.99,19,ok
1995,2961,268.49,199.69,268.49,0.96,15,ok
19950,19948,1076.19,918.16,1076.19,1.01,3,ok
19950,20054,959.79,828.39,959.79,0.94,12,ok
19951,19953,1299.05,1278.55,0.00,1.65,2,no_coverage
19951,20082,1299.05,1238.24,0.00,1.77,2,no_coverage
19952,19951,1371.15,1239.47,0.00,1.48,4,no_coverage
19953,20291,2543.88,2453.36,2543.88,2.44,16,ok
19954,20410,3181.30,1681.82,2433.89,3.99,2,ok
19957,20367,8410.57,6158.69,671.56,17.37,1,ok
19958,19010,1226.81,685.10,1226.81,1.28,2,ok
19958,50955,795.71,923.54,795.71,0.67,1,ok
1996,2039,439.44,306.63,401.69,0.76,29,ok_undirected
1996,3897,583.67,497.00,583.67,1.06,56,ok_undirected
19961,20309,3801.76,3716.93,3301.11,3.32,1,ok
19961,20310,7687.23,6257.63,7186.59,6.65,2,ok
19962,21299,3008.15,2573.24,2601.22,2.10,1,ok
19963,18969,3507.93,2780.69,3254.99,4.93,2,ok
19964,18970,5058.97,3461.15,0.00,4.47,1,no_coverage
19965,19964,476.48,326.44,0.00,0.45,1,no_coverage
19968,19969,844.82,832.17,0.00,0.88,5,no_coverage
19969,18965,1322.61,830.79,496.99,1.90,2,ok
19969,18967,1411.16,1335.29,20.54,3.26,3,ok
1997,1998,2404.46,183.81,2404.46,4.27,36,ok
19972,4409,4985.81,3575.87,4985.81,4.26,3,ok
19973,4414,1086.19,996.07,1057.00,0.88,3,ok
19973,4415,1085.29,1063.34,1085.29,0.87,3,ok
19975,4413,696.43,663.37,696.43,0.61,6,ok
19978,20025,1664.24,1602.88,1664.24,1.21,3,ok
19979,19449,4070.27,2487.41,2685.43,3.90,1,ok
19979,4430,1272.80,1203.98,1272.80,1.74,2,ok
19979,7169,1568.89,1274.94,184.05,2.87,2,ok
1998,1999,1789.90,336.34,1789.90,4.99,36,ok
19980,4425,10772.62,7518.59,66.96,10.52,1,ok
19980,4431,4763.05,3733.97,47.90,3.74,2,ok
19984,18718,2562.94,2528.63,1701.35,1.82,2,ok
19985,18946,1707.16,1721.46,1707.16,1.39,4,ok
19988,20439,954.80,849.50,954.80,1.35,3,ok
19988,4346,900.65,815.88,530.26,1.03,4,ok
1999,2000,3516.87,316.64,3516.87,6.98,36,ok
19992,18964,5194.40,4744.43,5194.40,4.89,2,ok
19992,20044,6290.55,4748.09,3731.28,7.09,2,ok
19992,4334,4346.23,3766.59,1755.35,4.99,1,ok
19992,4348,,9679.43,,9.00,1,unreachable
19993,20360,2031.12,1739.20,1928.77,3.16,2,ok
19993,4327,2734.40,2158.55,1464.53,3.33,3,ok
19997,44968,997.12,954.90,997.12,1.42,3,ok
19998,5214,1062.15,999.48,951.84,2.11,2,ok
19999,20254,1837.34,1809.02,1837.34,2.29,3,ok
19999,51694,644.45,597.78,644.45,1.00,14,ok
2000,2001,580.75,243.91,580.75,1.89,36,ok
20000,4387,1582.67,685.43,1582.67,2.02,5,ok
20000,4388,1112.90,1143.79,1112.90,1.00,20,ok
20002,19830,1548.54,1253.15,1548.54,1.96,5,ok
20004,4432,3880.67,2557.74,3880.67,3.69,1,ok
20004,7169,2467.43,2274.22,2467.43,2.28,2,ok
2001,2432,252.63,297.94,252.63,0.79,19,ok_undirected
2001,2956,304.02,318.33,304.02,1.02,17,ok_undirected
20011,18086,527.89,576.63,481.64,0.85,3,ok
20014,5587,974.40,843.65,0.00,1.35,1,no_coverage
20016,18964,1378.94,514.54,1378.94,2.10,2,ok
20017,20217,1455.00,1447.21,1455.00,0.97,7,ok
20018,20301,2837.03,2540.63,2837.03,2.17,3,ok
20018,4311,2837.03,2629.69,2837.03,2.17,1,ok
20019,19954,2623.66,2352.77,2623.66,1.88,1,ok
20019,20017,2516.53,2461.89,2516.53,1.77,6,ok
2002,2003,376.45,300.89,376.45,1.02,35,ok
20020,4366,4939.60,2405.89,4852.47,5.35,1,ok
20022,20310,4831.07,2441.26,4831.07,4.29,1,ok
20023,4416,3401.10,3234.55,3401.10,2.52,2,ok
20024,20002,1616.33,1531.98,1616.33,1.31,2,ok
20025,4420,1528.81,1169.58,1528.81,2.45,5,ok
20026,4229,532.04,396.95,0.00,0.55,1,no_coverage
20027,19010,1555.74,1308.06,1555.74,2.00,2,ok
20027,50960,1124.64,1008.21,1124.64,1.38,2,ok
2003,2004,235.24,293.71,235.24,0.46,35,ok
20030,19958,819.79,819.80,819.79,0.70,3,ok
20030,50955,1615.50,1695.48,1615.50,1.37,3,ok
20032,34309,464.59,443.14,464.59,0.97,5,ok
20032,44215,500.37,472.06,500.37,1.07,7,ok
20037,42028,447.24,294.54,0.00,1.30,1,no_coverage
20039,5659,780.54,695.09,780.54,0.78,3,ok
2004,2005,261.11,274.85,261.11,0.55,35,ok
20042,18993,1759.84,1635.70,1681.62,2.55,4,ok
20044,18967,61.33,89.39,61.33,0.07,2,ok
20044,19931,81.87,124.17,81.87,0.10,4,ok
20048,18996,948.45,816.32,601.42,1.06,3,ok
20049,19942,1776.83,1003.33,210.00,5.23,2,ok
20049,19943,1776.83,1062.81,210.00,5.23,1,ok
2005,3471,253.84,188.01,253.84,0.54,35,ok
20051,20052,1491.42,1234.34,0.00,2.67,2,no_coverage
20052,19945,1491.42,1274.05,1491.42,2.14,2,ok
20052,5215,1491.42,1293.14,1491.42,2.14,2,ok
20054,19446,1349.97,1240.81,1349.97,2.10,5,ok
20054,20405,1592.02,1443.69,1592.02,2.52,14,ok
20055,20813,676.87,553.73,83.81,0.60,2,ok
20056,20252,951.71,890.24,26.88,0.83,2,ok
2006,2009,233.18,199.49,233.18,0.53,4,ok
20062,38251,309.43,310.01,303.90,0.75,2,ok
20062,4454,309.43,326.25,303.90,0.75,3,ok
20065,48661,502.33,506.28,502.33,1.08,8,ok
20068,18935,1531.35,1346.31,1531.35,2.03,3,ok
20069,48542,1912.37,1789.89,1912.37,2.10,8,ok
2007,3033,345.67,336.77,345.67,1.16,80,ok
20070,20273,785.28,767.49,785.28,1.02,6,ok
20072,5654,556.15,519.91,556.15,0.76,3,ok
20073,20089,5116.05,4999.45,5116.05,3.67,4,ok
20075,20076,5116.05,5063.21,5116.05,3.81,14,ok
20076,18948,497.95,485.87,497.95,0.44,14,ok
20078,20075,1700.18,1657.73,1700.18,1.24,14,ok
20079,19952,3802.84,3749.82,3802.84,2.77,2,ok
20079,19953,3802.84,3816.79,3802.84,2.77,14,ok
2008,1959,339.15,344.78,339.15,0.81,80,ok
20080,20085,3546.86,3241.51,3546.86,4.09,7,ok
20081,4375,2206.20,2206.59,2206.20,1.73,12,ok
20082,20080,3802.84,3798.48,3802.84,2.81,4,ok
20082,20081,3802.84,3853.92,3802.84,2.81,9,ok
20083,20087,3847.37,3496.32,3847.37,3.40,4,ok
20083,20088,3847.37,3488.85,3847.37,3.40,8,ok
20084,20083,3874.62,3474.90,3874.62,3.11,9,ok
20085,20079,3513.10,3255.74,1445.26,4.79,4,ok
20085,20081,3513.10,3268.52,1445.26,4.79,3,ok
20086,5948,563.58,363.83,106.84,0.45,4,ok
20087,4373,3629.40,3651.80,3629.40,2.57,13,ok
20088,19950,3147.41,2945.31,3147.41,2.31,11,ok
20088,4238,3856.81,2947.35,3856.81,3.62,4,ok
20089,18995,1737.66,1738.61,1737.66,1.69,4,ok
2009,2010,183.78,202.03,183.78,0.42,4,ok
20090,40985,2425.29,1593.15,2425.29,3.14,18,ok
20090,7093,1501.18,1470.19,1501.18,1.43,28,ok_undirected
20091,18833,7065.12,4120.46,7046.18,6.19,51,ok
20091,41796,5119.23,4753.12,5119.23,4.82,2,ok
20092,20055,2286.67,1820.36,552.93,5.82,2,ok
20092,51050,2286.67,1871.57,552.93,5.82,2,ok
20093,4393,2305.77,1803.78,2120.08,3.32,4,ok
20093,4394,2305.77,1822.78,2120.08,3.32,1,ok
20097,6873,431.34,342.19,431.34,0.71,3,ok
2010,2020,211.46,161.24,211.46,0.65,4,ok
20100,7061,654.70,662.81,654.70,0.80,3,ok
20102,21280,589.07,271.02,589.07,0.52,3,ok
20105,40763,1305.79,1171.22,1305.79,3.35,13,ok
20105,40770,1463.68,1309.65,1463.68,3.45,3,ok
20106,17787,1783.77,1022.28,1774.92,3.91,5,ok
20106,19584,1760.45,1301.81,1760.45,3.79,5,ok
20107,20108,1192.04,1108.76,1192.04,3.11,4,ok
20107,6706,944.36,900.84,944.36,2.48,5,ok
20108,20152,1685.15,1219.00,1685.15,2.84,6,ok
20108,40770,265.64,204.79,265.64,0.79,9,ok
20108,6707,1259.11,1270.69,1259.11,2.03,18,ok
2011,2132,233.50,217.23,233.50,1.03,8,ok
2011,2135,250.33,250.49,250.33,1.03,25,ok
20112,6526,187.11,179.43,187.11,0.46,16,ok
20113,35473,684.18,495.61,448.30,1.72,10,ok
20114,20115,119.12,120.85,119.12,0.40,13,ok
20114,50147,403.09,280.28,403.09,1.21,1,ok
20115,50147,283.97,181.80,283.97,0.81,5,ok
20115,5555,227.26,228.41,220.69,0.68,8,ok
20117,20122,357.38,302.85,357.38,0.86,21,ok
20117,5555,635.44,593.23,628.87,2.19,3,ok
2012,1984,361.06,238.05,361.06,1.04,16,ok
2012,2695,290.20,136.98,290.20,0.88,33,ok
2012,2955,1484.73,1381.27,1484.73,3.61,2,ok
20121,19550,194.98,183.13,194.98,0.52,22,ok_undirected
20121,19551,252.83,320.07,252.83,0.70,5,ok
20121,5551,414.06,339.92,414.06,1.00,3,ok
20122,5551,56.69,73.84,56.69,0.14,8,ok
20122,5555,278.06,301.66,271.50,1.34,2,ok
20122,5565,126.01,121.14,126.01,0.33,11,ok_undirected
20123,18958,788.94,482.86,628.25,1.54,6,ok
20123,20320,416.28,254.42,409.71,0.81,11,ok
20126,21287,2872.46,2680.45,2872.46,2.95,24,ok
20126,40306,8448.30,6738.04,7583.94,11.09,2,ok
20128,20129,708.29,587.55,693.80,2.27,3,ok
20128,41148,1235.56,976.46,1221.07,3.98,4,ok
20129,20130,139.70,141.95,139.70,0.66,3,ok
2013,2014,336.18,247.32,336.18,0.93,5,ok
20130,20685,322.90,234.88,293.80,0.82,3,ok
20132,3266,1258.43,1167.31,1258.43,2.10,7,ok
20132,3275,1645.14,1439.93,1631.73,2.67,1,ok_undirected
20133,20134,625.30,549.21,625.30,1.40,5,ok
20134,20132,364.03,332.28,364.03,0.79,5,ok
20137,19785,368.22,230.21,368.22,0.90,1,ok
20137,20280,249.69,235.95,249.69,0.76,6,ok
20138,34246,382.74,405.69,382.74,0.69,12,ok
20139,20140,266.62,128.99,266.62,0.56,31,ok
2014,2015,129.08,89.47,129.08,0.42,5,ok
20140,20141,657.07,654.22,657.07,1.44,32,ok
20141,42565,251.00,228.28,251.00,0.51,41,ok
20142,20143,445.32,322.31,436.42,0.91,37,ok_undirected
20143,20144,1405.89,590.55,1396.98,2.84,17,ok_undirected
20143,35579,345.31,398.32,345.31,0.67,11,ok_undirected
20143,40962,1580.50,702.49,1571.60,3.30,9,ok_undirected
20144,40953,1097.72,255.30,1097.72,2.38,28,ok
20145,20146,242.83,234.16,242.83,0.59,34,ok
20146,20147,221.79,206.57,221.79,0.50,32,ok
20146,42567,471.99,438.45,471.99,1.02,2,ok
20147,42567,250.20,241.59,250.20,0.53,32,ok
20148,20149,1535.49,1488.79,1535.49,3.37,3,ok
20148,40954,247.16,209.01,247.16,0.59,31,ok
20149,40978,393.23,251.84,393.23,0.90,32,ok
20149,42564,793.63,765.38,793.63,2.09,5,ok
2015,2023,103.81,155.22,103.81,0.39,5,ok
20151,35580,633.16,464.87,633.16,1.37,8,ok_undirected
20151,50389,1021.43,875.22,1021.43,2.11,2,ok_undirected
20152,35581,723.18,611.37,723.18,1.44,4,ok
20152,50389,332.67,223.87,332.67,0.61,13,ok
20153,7284,907.49,440.32,889.74,2.30,13,ok
20157,19772,180.37,181.29,180.37,0.56,32,ok
20158,5843,195.12,153.35,195.12,0.79,6,ok
20159,17572,748.46,445.06,748.46,1.67,2,ok
20159,35598,178.91,161.51,178.91,0.47,1,ok
2016,2013,185.47,187.63,185.47,0.59,5,ok
20162,20354,1275.23,1073.13,1275.23,2.83,2,ok
20162,5868,479.97,345.92,479.97,1.22,3,ok
20166,20409,7041.88,4097.18,6872.66,5.42,14,ok
20166,4185,11051.79,9800.78,10882.57,9.32,9,ok
20166,42021,7659.40,4578.04,7453.08,6.38,1,ok_undirected
2017,2018,206.44,160.52,206.44,0.92,59,ok
20171,20288,1820.98,1681.92,1820.98,2.03,24,ok_undirected
20171,20409,11658.80,6287.63,10319.88,10.53,8,ok
20175,20756,283.24,313.08,283.24,0.67,1,ok
20175,20758,1159.90,983.54,1159.90,4.41,3,ok
20175,40494,237.68,263.18,237.68,0.76,16,ok
20177,20180,395.77,223.06,395.77,1.04,3,ok
2018,3732,329.60,251.03,155.13,1.85,34,ok
2018,3952,317.99,311.54,317.99,1.65,25,ok
20180,18969,4374.26,3507.23,4121.32,6.65,1,ok
20180,19635,,2150.42,,4.00,2,unreachable
20184,18568,2345.55,1042.94,2345.55,3.43,35,ok
20187,20642,288.62,233.82,288.62,0.59,25,ok
20188,20190,514.21,301.09,251.92,1.60,2,ok_undirected
2019,2026,142.29,103.56,142.29,0.44,5,ok
20190,19840,542.12,329.61,542.12,1.43,45,ok
20192,20193,843.79,474.24,826.04,1.87,20,ok
20193,18041,881.01,797.25,881.01,1.54,1,ok_undirected
20193,18066,524.20,488.97,524.20,1.06,17,ok_undirected
20193,18082,134.37,116.85,134.37,0.27,2,ok_undirected
20194,38358,242.38,217.37,242.38,0.61,28,ok
20194,6720,325.53,242.18,325.53,0.74,22,ok
20195,19534,270.86,182.01,270.86,0.71,15,ok_undirected
20195,50909,1033.66,477.28,1033.66,2.36,5,ok
20195,50915,913.11,433.77,913.11,2.24,16,ok
20196,20197,316.82,309.21,316.82,0.73,17,ok
20197,20198,210.69,156.24,210.69,0.55,17,ok
20198,20242,370.37,275.27,370.37,1.13,17,ok
2020,2988,306.01,121.94,306.01,1.14,4,ok
20200,20275,835.18,782.99,835.18,1.00,5,ok
20201,4292,585.51,555.05,585.51,1.25,3,ok
20201,4381,274.89,239.63,274.89,0.58,29,ok
20202,20624,4835.51,4778.27,4835.51,3.10,6,ok
20203,20221,2198.03,1780.83,2198.03,1.99,20,ok
20204,20205,2493.14,2412.54,2493.14,2.15,11,ok
20204,20206,2509.12,2491.28,2509.12,2.16,1,ok
20205,19952,2543.88,2431.49,2543.88,1.90,2,ok
20205,20082,2543.88,2451.94,2543.88,1.90,11,ok
20206,4391,3553.98,3494.22,3553.98,2.99,1,ok
20207,18913,6658.29,5804.09,6658.29,5.34,7,ok
20207,20892,108.83,84.13,108.83,0.16,12,ok
20207,20894,514.49,287.96,514.49,0.89,4,ok
20209,20374,3204.72,2918.67,3204.72,2.30,23,ok
2021,2022,115.65,154.46,115.65,0.35,78,ok
20210,19909,591.59,483.64,0.00,1.97,2,no_coverage
20210,20313,598.71,351.67,0.00,1.37,2,no_coverage
20212,17946,313.17,277.49,313.17,1.00,2,ok
20212,6551,209.73,195.99,209.73,0.62,5,ok
20214,17949,441.17,337.09,441.17,1.45,14,ok
20215,17961,316.87,192.85,316.87,0.78,5,ok
20216,19954,1562.13,1390.90,1562.13,1.21,1,ok
20216,20306,1455.00,1454.44,1455.00,1.10,2,ok
20217,19932,2456.00,2405.30,2456.00,2.94,2,ok
20217,44967,1459.48,1403.05,1459.48,1.34,5,ok
20218,20220,1591.22,1508.96,1591.22,1.73,17,ok
20218,20766,2079.94,1562.55,2079.94,3.80,3,ok
20219,18822,1243.20,1105.02,1243.20,1.81,18,ok_undirected
20219,18823,1172.31,1104.75,1172.31,1.73,8,ok_undirected
20219,19581,2157.64,1376.12,2157.64,2.88,2,ok
2022,2437,406.43,283.75,406.43,1.59,62,ok
2022,2571,383.40,256.99,383.40,1.55,16,ok
20220,6728,776.02,724.95,776.02,1.17,21,ok_undirected
20220,7086,843.80,598.41,843.80,1.09,2,ok
20221,7157,368.21,352.12,368.21,0.39,20,ok
20222,20202,3782.18,1652.78,3782.18,4.23,5,ok
20222,20204,3812.69,1715.41,3812.69,4.26,12,ok
20223,18020,191.02,221.90,167.83,0.54,8,ok
20224,20397,9627.30,8949.49,9627.30,8.58,1,ok
20224,20893,6499.68,5642.49,6295.78,6.33,1,ok
20224,21304,,8994.91,,6.69,15,unreachable
20224,35345,6205.17,5889.78,6016.18,5.75,6,ok
20227,18470,327.68,323.21,327.68,0.77,10,ok
20227,37179,906.08,728.59,906.08,2.45,1,ok
20227,6057,507.33,307.29,507.33,1.47,10,ok
2023,2024,383.78,152.75,383.78,1.26,5,ok
20230,6519,327.35,251.94,327.35,0.77,9,ok
20232,6082,114.78,142.90,114.78,0.37,33,ok
20234,7285,279.97,271.21,272.77,0.71,32,ok_undirected
20235,6084,167.35,221.28,167.35,0.49,12,ok
20236,20190,1262.84,545.26,1255.63,3.20,14,ok
20237,20190,1641.51,794.57,1634.30,4.24,1,ok
20237,20236,378.67,251.90,378.67,1.03,14,ok
20237,20747,334.39,204.21,334.39,0.94,1,ok
2024,2681,77.46,112.18,77.46,0.21,5,ok
20242,20243,162.04,88.96,162.04,0.62,17,ok
20243,20459,181.59,205.56,181.59,0.89,17,ok
20245,35356,1806.28,1517.54,1806.28,2.40,7,ok
20248,44013,680.23,633.82,680.23,0.82,3,ok
2025,2027,132.51,139.75,132.51,0.45,107,ok
20251,20030,974.07,901.37,974.07,0.75,4,ok
20252,41145,5313.65,4707.85,4563.69,5.72,1,ok
20252,4281,4253.05,3082.66,0.00,3.03,1,no_coverage
20253,4343,872.16,955.54,0.00,0.98,2,no_coverage
20254,19828,2094.75,1867.26,2094.75,2.03,12,ok
20254,4402,2043.15,1896.39,2043.15,1.95,3,ok
20255,20000,1901.24,1741.63,1901.24,2.37,2,ok
20255,20322,2058.46,1870.04,2058.46,2.89,2,ok
20255,51687,1391.45,1096.41,1226.77,1.57,1,ok
20255,51704,1229.79,1149.10,1229.79,1.36,11,ok
20256,4448,425.49,425.87,425.49,0.86,7,ok
20258,40620,2312.23,1864.28,2312.23,2.79,2,ok
20259,7292,437.40,341.59,437.40,0.75,9,ok
2026,3731,362.91,269.37,362.91,1.25,5,ok
20264,7198,0.00,257.43,0.00,0.50,9,no_coverage
20265,18158,993.24,817.64,993.24,1.45,3,ok
20265,6611,509.94,398.48,509.94,0.76,138,ok
20267,20713,344.61,191.22,344.61,1.06,39,ok_undirected
20268,6895,365.92,317.12,365.92,1.19,34,ok
20269,19523,787.56,424.72,787.56,2.41,33,ok_undirected
2027,3731,362.91,242.32,362.91,1.25,65,ok
2027,41948,177.84,87.56,177.84,0.63,42,ok
20273,44825,959.17,874.32,959.17,1.43,3,ok
20273,44826,1018.36,938.65,1018.36,1.51,3,ok
20275,20469,1078.85,1021.82,1078.85,0.93,5,ok
20275,40861,449.77,199.26,435.58,0.81,2,ok_undirected
20276,18717,1048.67,568.58,1002.52,1.85,1,ok
20278,19782,280.20,307.59,280.20,0.83,15,ok
2028,2045,287.47,259.00,287.47,1.01,48,ok
2028,2784,375.21,235.15,375.21,1.46,4,ok
2028,3327,200.28,263.29,200.28,0.69,38,ok
20280,20480,476.33,284.04,346.76,1.51,15,ok_undirected
20280,6117,421.74,403.17,421.74,1.29,8,ok
20283,20832,233.66,220.22,233.66,0.61,8,ok
20283,20864,160.24,181.84,160.24,0.37,11,ok
20284,20285,528.97,366.75,528.97,1.79,2,ok
20285,40687,206.80,185.89,206.80,0.93,2,ok
20286,19780,1052.12,427.04,1040.34,1.76,1,ok
20286,5564,418.65,276.76,381.73,0.95,7,ok_undirected
20286,5580,131.35,158.71,94.43,0.33,2,ok_undirected
20287,18985,69.71,290.70,69.71,0.08,5,ok
20288,20166,724.56,521.63,724.56,0.87,23,ok
20288,42008,913.31,604.87,752.41,1.11,1,ok
2029,2566,420.22,351.40,420.22,1.47,2,ok
2029,41354,182.26,166.13,182.26,0.64,15,ok
20290,19003,440.51,535.18,440.51,0.79,5,ok
20290,20382,672.18,602.27,672.18,1.15,5,ok
20291,20202,2523.66,2473.20,2493.14,1.90,1,ok
20291,20203,2542.07,2451.08,2542.07,1.93,17,ok
20295,4412,1040.35,968.63,1040.35,1.05,6,ok
20296,4411,1538.68,1487.22,0.00,1.23,3,no_coverage
20298,20255,1856.75,1732.07,1856.75,1.98,3,ok
2030,2031,295.89,277.05,295.89,0.91,29,ok
2030,2619,269.56,203.58,269.56,0.84,17,ok
20300,20019,2760.67,2588.24,2760.67,2.15,5,ok
20301,20625,7375.96,6754.50,4735.82,5.83,3,ok
20303,20304,1163.84,528.09,852.93,1.16,24,ok_undirected
20304,19911,1791.08,1753.92,1480.17,1.63,24,ok
20306,20018,2561.98,2471.48,2561.98,2.01,3,ok
20306,20020,2541.16,2420.90,2541.16,1.99,1,ok
20308,18345,90.43,100.10,90.43,0.21,50,ok
20308,18365,410.73,243.14,410.73,1.07,10,ok
20309,19940,923.02,866.30,923.02,0.88,3,ok
20309,19941,942.06,934.59,942.06,0.89,1,ok
2031,2032,245.55,256.83,245.55,0.87,29,ok
20310,18994,8569.84,6907.10,8391.73,7.06,1,ok
20310,20309,3940.19,2878.64,3940.19,3.43,3,ok
20313,17668,1531.93,1178.87,0.00,1.30,2,no_coverage
20314,20315,475.53,450.76,475.53,0.99,5,ok
20314,49514,294.08,279.06,294.08,0.60,33,ok
20315,20316,427.31,447.53,427.31,1.42,5,ok
20315,47287,197.10,186.28,197.10,0.54,33,ok
20316,20123,385.65,298.78,385.65,1.46,7,ok_undirected
20316,20321,306.12,221.02,306.12,1.24,38,ok
20317,20319,61.62,83.87,61.62,0.17,38,ok_undirected
20317,39018,1116.93,704.10,1116.93,3.32,3,ok
20317,39027,96.49,78.42,96.49,0.23,8,ok
20318,20720,32.73,45.96,32.73,0.13,8,ok
20318,20840,141.91,104.46,141.91,0.84,8,ok
20318,39024,285.64,273.14,285.64,0.75,7,ok
20319,19549,466.85,462.28,466.85,1.24,7,ok_undirected
20319,20318,294.52,225.08,294.52,1.08,23,ok_undirected
20319,20840,436.43,329.53,436.43,1.93,2,ok_undirected
20319,39024,551.13,416.61,551.13,1.38,6,ok_undirected
20319,47418,351.64,244.95,351.64,1.21,8,ok_undirected
2032,2033,186.34,191.00,186.34,0.66,29,ok
20320,18958,372.66,241.77,218.54,0.73,1,ok
20320,18959,663.53,341.90,645.44,1.09,3,ok
20320,42890,540.97,393.38,540.97,1.02,7,ok
20321,20123,79.54,97.71,79.54,0.22,7,ok_undirected
20321,47447,490.75,435.16,490.75,1.40,7,ok
20321,50147,118.40,134.59,118.40,0.33,24,ok
20322,20323,376.83,333.10,376.83,1.16,28,ok
20322,4380,422.65,350.60,351.21,1.30,17,ok
20323,4384,213.79,214.80,213.79,0.61,28,ok
20324,20201,444.76,450.34,444.76,0.83,32,ok
20325,20209,2952.21,2715.71,2952.21,2.72,23,ok
20326,20364,973.96,405.78,794.73,1.66,2,ok
20328,44343,437.21,259.83,363.79,1.22,6,ok
2033,2034,149.82,151.27,149.82,0.56,29,ok
20336,20337,398.99,339.17,398.99,1.35,7,ok
20337,35261,384.50,267.68,384.50,1.34,7,ok
20338,20339,241.82,277.95,241.82,0.70,7,ok
20339,19556,159.26,113.25,159.26,0.44,7,ok
2034,2960,192.79,112.21,192.79,0.83,10,ok
2034,36097,542.43,546.63,542.43,1.56,19,ok
20340,20341,379.24,314.75,379.24,0.85,7,ok
20341,47425,368.45,369.15,368.45,0.94,7,ok
20346,5288,161.93,138.78,0.00,0.27,1,no_coverage
20346,5650,242.52,230.23,80.59,0.30,1,ok
20349,20373,656.92,542.10,656.92,1.85,3,ok
20349,40515,313.56,281.28,313.56,0.97,12,ok
20349,5558,202.25,171.02,202.25,0.66,10,ok
2035,2628,311.50,227.73,311.50,0.89,46,ok
20350,35189,547.32,422.73,496.39,1.24,2,ok
20350,51051,496.39,466.02,496.39,1.12,2,ok
20354,5871,524.98,443.72,524.98,0.69,6,ok
20357,20358,289.48,224.95,289.48,0.78,7,ok
20358,18658,459.94,243.65,459.94,1.10,3,ok
20358,49547,504.56,491.04,504.56,1.66,4,ok
2036,2037,321.60,312.94,321.60,1.00,24,ok
20360,19002,2354.66,1900.54,2334.78,5.27,2,ok
20361,6442,2683.40,1153.65,0.00,5.00,3,no_coverage
20363,39150,491.20,412.81,450.02,2.21,3,ok
20363,4357,1187.70,531.85,1187.70,2.15,2,ok
20364,20030,1968.01,1261.89,1968.01,2.36,2,ok
20366,4274,686.38,414.04,686.38,1.27,4,ok
20367,18938,8466.77,6265.14,6511.43,6.57,1,ok
20367,21299,10604.01,6062.15,242.90,7.82,1,ok
20369,20357,483.80,342.79,483.80,1.34,7,ok
2037,2619,313.13,254.87,313.13,1.06,24,ok
20370,19867,2021.45,1810.77,2012.29,2.72,20,ok
20372,19575,487.29,418.88,487.29,1.44,3,ok
20372,40516,67.59,100.48,67.59,0.20,18,ok
20372,5558,567.24,333.23,567.24,1.74,2,ok
20373,7034,128.34,150.22,128.34,0.29,15,ok
20374,20408,4798.56,4319.44,4798.56,3.54,23,ok
20376,20477,330.41,224.30,330.41,0.94,11,ok
20377,20588,221.05,226.00,221.05,0.44,34,ok
2038,17506,620.32,639.50,620.32,0.87,60,ok
2038,1980,1260.11,1111.11,1260.11,1.66,20,ok
20380,34159,519.39,438.01,519.39,1.33,25,ok_undirected
20382,19003,302.88,259.16,302.88,0.43,4,ok
20382,19773,273.50,294.62,273.50,0.41,2,ok
20384,4885,609.00,520.06,484.70,0.46,2,ok
20384,4886,576.09,445.42,576.09,0.45,7,ok
20385,19872,2147.74,1724.82,2147.74,2.49,2,ok
20385,6105,1775.51,1704.32,1775.51,1.92,14,ok
20386,20235,226.14,53.93,226.14,0.63,1,ok
20386,37619,953.89,173.94,953.89,2.07,12,ok
20387,20388,334.71,195.52,334.71,0.85,24,ok
20388,20644,246.27,187.01,246.27,0.55,24,ok
20389,20646,259.79,171.54,259.79,0.57,24,ok
2039,2035,224.40,146.48,224.40,0.69,29,ok
20390,19545,180.94,104.85,170.74,0.45,25,ok_undirected
20390,19546,459.85,391.36,449.65,1.25,13,ok_undirected
20394,18975,668.48,669.50,368.67,0.60,13,ok
20397,18715,2712.27,2535.88,2712.27,2.46,27,ok
20397,46399,1579.54,1198.01,1579.54,1.81,9,ok
20397,46514,1305.26,1159.94,1305.26,1.40,7,ok
20397,47044,3176.72,2508.48,3176.72,2.94,4,ok
20397,47210,1544.93,1304.23,1544.93,1.75,3,ok
2040,2042,175.15,206.02,175.15,0.52,68,ok
20403,4739,2629.76,2533.97,2629.76,2.87,6,ok
20405,19446,264.68,203.08,264.68,0.43,14,ok
20408,19911,8647.11,6259.30,7185.74,6.86,5,ok
20408,20303,6366.82,4022.12,6366.82,4.83,14,ok
20408,4185,7548.32,6491.26,7548.32,7.05,5,ok
20408,42008,6411.64,3996.59,6411.64,4.89,1,ok
20409,19598,,15057.59,,14.15,2,unreachable
20409,42430,,71478.82,,59.45,1,unreachable
20409,5750,4147.40,3705.05,4147.40,3.24,27,ok
2041,3971,913.86,664.10,913.86,2.56,1,ok
20410,4310,1377.17,670.31,462.41,2.07,3,ok
20412,20298,1135.49,1137.68,1135.49,1.29,3,ok
20412,4408,1170.49,1246.15,1170.49,1.32,2,ok
20414,18790,1600.77,1398.26,637.58,2.74,1,ok
20414,49659,1969.66,1452.60,996.41,2.94,1,ok
20415,20235,510.32,443.45,510.32,1.22,2,ok
20415,37619,602.69,282.20,602.69,1.47,9,ok_undirected
20417,4370,2177.70,1428.56,2177.70,4.69,2,ok
20417,4371,2177.70,1387.86,2177.70,4.69,2,ok
2042,2043,285.19,252.99,285.19,0.72,68,ok
20422,20841,452.34,369.51,332.11,1.15,7,ok
20423,20424,237.60,110.78,237.60,0.48,17,ok
20424,6892,68.74,139.72,68.74,0.15,17,ok
20425,20426,379.39,242.26,379.39,0.79,29,ok
20426,20427,328.38,412.27,328.38,0.66,34,ok
20427,20377,264.54,230.70,264.54,0.52,34,ok
2043,2438,278.45,277.44,278.45,0.76,68,ok
20430,19787,293.28,367.49,293.28,0.60,19,ok
20431,20505,238.80,197.13,238.80,0.91,10,ok
20432,17827,302.00,285.34,302.00,0.40,21,ok
20435,19749,411.15,334.43,411.15,1.21,39,ok
20435,34160,126.08,113.00,126.08,0.33,2,ok
20437,20849,600.76,592.03,600.76,1.41,43,ok
20437,46932,855.92,554.42,855.92,2.04,9,ok
20438,19703,372.44,285.64,372.44,1.17,56,ok
20439,18983,1545.83,982.25,1545.83,1.93,2,ok
20439,4346,587.05,131.69,587.05,0.86,3,ok
2044,2868,318.23,300.45,318.23,0.97,52,ok
2045,36098,631.78,436.15,631.78,1.89,2,ok
2045,3817,285.27,233.50,285.27,1.16,58,ok
20450,20451,389.68,284.96,389.68,1.08,19,ok
20451,20452,144.82,158.31,144.82,0.45,19,ok
20452,20453,221.84,200.89,221.84,0.60,19,ok
20453,20454,246.12,274.82,246.12,0.67,19,ok
20454,20455,235.20,228.98,235.20,0.51,19,ok
20455,20456,195.01,129.21,195.01,0.48,19,ok
20456,20832,319.92,219.12,319.92,0.95,12,ok
20456,20872,371.97,294.66,371.97,1.21,2,ok
20456,34282,283.28,207.01,283.28,0.67,5,ok
20458,20437,166.87,240.56,166.87,0.38,52,ok
20459,20610,185.61,134.59,185.61,0.54,17,ok
2046,2016,248.40,160.52,248.40,0.70,5,ok
2046,2434,356.82,273.92,356.82,1.01,34,ok
20460,19537,243.73,193.28,243.73,0.75,17,ok
20461,20609,246.77,137.13,246.77,0.78,16,ok
20461,50907,159.09,154.29,159.09,0.63,6,ok
20462,20700,164.00,93.01,164.00,0.37,16,ok
20463,38356,489.56,312.63,489.56,1.48,16,ok
20465,17994,483.92,480.11,483.92,1.17,17,ok_undirected
20465,20703,667.78,498.15,667.78,1.73,1,ok
20465,34265,476.32,405.05,476.32,1.16,8,ok
20465,4227,149.24,152.68,149.24,0.30,2,ok
20466,38360,1439.52,229.73,1439.52,2.76,25,ok
20467,18887,1040.02,916.31,41.36,1.67,1,ok
2047,2028,460.63,400.46,460.63,1.74,67,ok
2047,2029,339.78,300.46,339.78,1.37,16,ok
2047,2571,321.41,210.01,321.41,1.39,35,ok
2047,36097,2088.88,927.80,2071.39,6.27,1,ok
20470,19771,119.27,115.91,119.27,0.37,32,ok
20471,19776,150.39,171.27,150.39,0.40,32,ok
20472,6893,112.72,146.51,112.72,0.31,1,ok
20473,20474,285.41,258.82,285.41,0.79,35,ok
20474,20475,333.40,347.03,333.40,0.72,35,ok
20475,20587,311.40,261.03,311.40,0.62,35,ok
20476,20852,357.89,152.30,357.89,0.88,1,ok
20477,20570,21.53,77.17,21.53,0.05,11,ok
20478,20423,222.29,216.20,222.29,0.42,17,ok
20479,18057,598.55,418.40,233.72,1.62,1,ok
20479,5832,402.78,110.11,402.78,1.19,7,ok
20479,6465,615.57,471.77,615.57,1.52,7,ok
2048,3731,256.37,209.94,256.37,1.13,4,ok
20480,48183,212.13,110.28,212.13,0.74,23,ok_undirected
20481,4373,7305.22,5927.48,4366.11,5.98,1,ok
20483,37509,0.00,1067.89,0.00,0.85,2,no_coverage
20484,3193,148.64,172.97,148.64,0.51,56,ok
20485,41672,2439.06,1595.93,2439.06,4.12,2,ok
20485,41785,2439.06,1595.93,2439.06,4.12,6,ok
20485,4179,1962.54,1934.63,1962.54,2.74,3,ok
20488,20720,286.39,260.09,286.39,1.28,3,ok_undirected
20488,20841,973.77,472.14,973.77,3.89,8,ok
20488,39024,998.42,408.82,998.42,3.91,1,ok
20488,49602,129.54,163.80,129.54,0.39,8,ok_undirected
20489,20520,1314.03,899.22,1314.03,1.59,24,ok
20490,19847,601.95,607.89,601.95,1.51,28,ok
20490,38759,829.32,586.20,829.32,2.03,2,ok
20491,20492,356.13,157.06,244.62,1.98,5,ok
20492,21296,3133.56,1830.89,2809.48,3.99,3,ok
20492,21307,3133.56,1810.17,2809.48,3.99,2,ok
20494,6116,296.55,221.07,296.55,0.68,15,ok
20495,20496,302.55,315.34,302.55,1.15,14,ok
20496,20497,276.46,245.84,276.46,0.85,14,ok
20496,39744,324.64,219.65,324.64,0.75,1,ok
20497,18040,2051.28,215.55,2051.28,3.81,12,ok
20497,7283,591.07,441.28,591.07,1.65,2,ok
20498,20568,115.40,109.71,115.40,0.46,2,ok
20499,20237,467.41,432.52,467.41,1.22,16,ok
2050,2441,405.56,342.57,405.56,1.20,16,ok
2050,2572,619.88,304.10,619.88,2.14,58,ok
20501,2347,1876.43,1911.13,1876.43,1.74,3,ok
20501,2673,8430.20,7658.51,8430.20,9.19,7,ok
20503,16970,323.23,394.15,323.23,0.84,3,ok
20503,3989,337.48,332.02,337.48,0.88,12,ok
20504,3266,691.42,598.35,691.42,1.58,23,ok
20504,6962,1704.16,1042.40,1704.16,2.15,1,ok
20505,17206,255.15,323.02,255.15,0.78,10,ok
20508,20509,149.15,188.99,149.15,0.47,37,ok
20509,20484,193.16,161.00,193.16,0.64,36,ok
20509,47023,260.17,295.87,260.17,0.86,1,ok
2051,2050,283.69,186.23,283.69,0.78,16,ok
2051,36098,501.87,497.26,501.87,1.05,2,ok
2051,3816,175.91,135.06,175.91,0.39,30,ok
20513,20139,1283.99,826.00,1283.99,2.85,3,ok_undirected
20513,20822,201.75,138.34,201.75,0.45,29,ok
20515,50388,377.57,377.61,377.57,0.62,19,ok
2052,3588,213.31,194.60,213.31,0.64,68,ok
2052,3840,565.57,284.24,565.57,2.52,11,ok_undirected
20520,18781,258.74,252.82,258.74,0.37,22,ok_undirected
20520,38757,617.81,465.01,617.81,1.54,2,ok_undirected
20521,20522,453.13,378.93,453.13,0.69,5,ok
20521,20674,412.94,326.32,412.94,0.61,12,ok
20522,17505,13804.15,11499.89,13745.55,16.01,2,ok
20522,20132,4159.38,3902.75,4159.38,3.82,3,ok
20522,51258,13252.71,11173.77,13252.71,15.07,1,ok
20524,6956,653.27,532.97,653.27,0.97,19,ok
20528,4290,376.70,358.64,376.70,0.77,29,ok
2053,2051,484.01,503.52,484.01,1.06,11,ok
2053,2566,333.38,359.48,333.38,0.75,36,ok
2053,3816,659.92,638.59,659.92,1.46,14,ok
20530,20531,667.48,509.37,667.48,1.31,33,ok
20531,20322,401.62,241.19,401.62,0.90,7,ok
20531,20532,373.29,319.03,373.29,0.88,26,ok
20532,19999,140.01,150.35,140.01,0.42,16,ok
20532,20000,195.12,100.90,195.12,0.44,22,ok
20532,4387,1777.79,727.63,1777.79,2.46,1,ok
20533,20303,10747.36,9819.44,10747.36,8.24,9,ok
20533,20409,7480.27,6543.64,6348.48,6.01,4,ok
20534,19524,498.48,524.25,498.48,1.26,2,ok_undirected
20534,20380,388.60,344.41,388.60,0.83,24,ok_undirected
20534,2047,,14732.11,,32.77,1,unreachable
20534,4168,542.00,219.92,542.00,1.54,65,ok
20534,6107,356.20,225.93,356.20,1.06,23,ok_undirected
20534,6742,113.40,150.28,113.40,0.32,12,ok_undirected
20535,18893,1046.07,945.46,1046.07,1.04,15,ok
20535,40269,1046.07,1000.86,1046.07,1.04,5,ok
2054,2055,205.49,169.29,205.49,0.51,64,ok
20540,20628,558.19,108.63,558.19,1.12,2,ok
20541,4159,262.89,261.25,262.89,0.56,17,ok
20542,20543,237.18,170.85,237.18,0.61,17,ok
20543,20544,111.75,135.93,111.75,0.29,17,ok
20544,20547,300.38,251.47,300.38,0.75,17,ok
20545,20546,261.15,184.96,261.15,0.81,17,ok
20546,20465,247.42,121.72,247.42,0.84,15,ok
20546,20703,915.20,611.88,915.20,2.57,2,ok
20547,20545,232.21,151.02,232.21,0.56,17,ok
2055,1852,360.18,371.28,360.18,0.79,61,ok
2055,2856,606.84,424.19,606.84,2.10,2,ok
20550,20551,331.63,266.17,331.63,0.82,27,ok
20550,20552,498.31,427.75,498.31,1.25,1,ok
20551,20552,166.68,164.94,166.68,0.42,36,ok
20552,20553,209.91,188.73,209.91,0.54,37,ok
20553,5582,156.66,185.83,156.66,0.47,46,ok
20553,6067,330.20,364.97,330.20,1.03,1,ok
20554,42561,267.26,198.55,267.26,0.83,44,ok
20555,20554,211.28,219.03,211.28,0.98,13,ok
20555,40946,127.74,140.62,127.74,0.61,31,ok
20556,20555,184.29,187.94,184.29,1.06,44,ok
20558,20559,238.36,275.43,0.00,1.00,1,no_coverage
20559,19092,329.36,324.48,0.00,0.45,1,no_coverage
2056,3074,513.95,516.16,513.95,0.64,65,ok
20561,20558,595.04,556.86,0.00,1.00,1,no_coverage
20563,6030,273.08,299.92,0.00,1.48,2,no_coverage
20566,5563,454.37,298.86,0.00,1.15,2,no_coverage
20568,20494,326.12,310.78,326.12,0.68,15,ok
2057,2071,306.79,254.54,306.79,0.71,63,ok
2057,3983,350.55,299.74,338.16,0.80,2,ok
20570,20472,531.51,455.44,531.51,1.14,1,ok
20570,20478,280.25,274.11,280.25,0.69,17,ok
20570,20595,482.73,476.62,482.73,0.99,22,ok
20571,20574,361.68,308.92,361.68,0.90,12,ok
20571,20576,197.98,155.66,197.98,0.60,2,ok_undirected
20571,20577,241.84,152.17,241.84,0.67,15,ok_undirected
20571,42606,446.13,183.21,446.13,1.13,10,ok
20572,20425,182.34,241.87,182.34,0.46,29,ok
20572,20426,561.73,445.76,561.73,1.25,5,ok
20574,20578,625.59,474.15,625.59,1.29,7,ok
20574,6883,511.56,479.07,511.56,1.00,22,ok
20574,6885,98.30,74.26,98.30,0.27,1,ok
20576,20681,883.92,497.53,883.92,1.68,11,ok
20576,6887,1072.62,458.29,1072.62,2.18,27,ok
20577,19769,3206.01,1830.41,3198.17,7.61,4,ok
20577,20584,206.99,232.24,206.99,0.52,17,ok_undirected
20577,34333,834.72,435.84,834.72,2.21,28,ok
20577,42596,331.63,266.17,331.63,0.97,10,ok_undirected
20578,20579,137.07,145.00,137.07,0.34,34,ok
20579,20580,289.75,262.20,289.75,0.75,34,ok
2058,2059,337.40,375.34,337.40,0.84,29,ok
20580,20581,95.61,186.00,95.61,0.25,34,ok
20581,20582,408.03,123.77,408.03,0.99,34,ok
20582,20583,218.93,173.96,218.93,0.58,34,ok
20583,20572,733.80,138.60,733.80,1.95,6,ok
20583,20574,297.11,232.96,297.11,0.80,2,ok
20583,6885,395.40,277.76,395.40,1.08,1,ok
20583,6886,374.31,188.22,374.31,0.97,25,ok_undirected
20584,20473,269.19,228.74,269.19,0.62,35,ok
20585,20574,571.40,516.55,571.40,1.33,4,ok
20585,20576,380.06,292.44,380.06,0.97,13,ok_undirected
20585,42596,454.15,311.31,454.15,1.25,13,ok
20585,6885,669.70,525.46,669.70,1.60,1,ok
20586,6895,325.52,239.66,325.52,1.35,35,ok
20587,20586,203.97,244.16,203.97,0.44,35,ok
20588,20268,289.80,246.94,289.80,0.57,34,ok
20589,20590,214.40,168.61,214.40,0.57,30,ok
2059,2060,399.56,219.87,399.56,1.07,29,ok
20590,6976,370.33,407.28,370.33,0.81,30,ok
20591,6974,672.42,252.13,672.42,1.98,31,ok
20595,20596,313.96,329.22,313.96,0.67,22,ok
20596,6889,379.39,341.84,379.39,0.93,22,ok
20599,20600,112.88,198.10,112.88,0.24,11,ok
2060,1882,376.18,339.73,376.18,1.01,29,ok
20600,20415,317.56,198.47,317.56,0.90,11,ok
20601,20599,209.44,171.98,209.44,0.47,11,ok
20603,17667,5210.88,3007.21,5210.88,8.12,6,ok
20603,19179,3140.47,3001.78,3140.47,4.08,9,ok
20604,17829,2366.92,1824.77,1731.37,4.56,1,ok
20604,4181,776.88,594.85,132.32,1.05,2,ok
20605,20606,391.88,313.57,391.88,1.06,20,ok
20606,19345,181.59,175.45,181.59,0.46,20,ok
20607,19340,103.78,120.21,103.78,0.27,2,ok
20607,20608,319.52,340.35,319.52,0.81,5,ok
20607,37201,181.59,212.84,181.59,0.47,19,ok
20608,18819,387.46,282.17,387.46,1.02,26,ok
20609,6024,435.34,286.06,435.34,1.00,16,ok
2061,2966,712.65,504.74,712.65,1.18,38,ok_undirected
20610,19566,327.66,156.15,327.66,0.98,17,ok_undirected
20610,6721,405.30,303.10,405.30,1.14,5,ok
20612,20876,220.47,181.40,220.47,0.72,17,ok
20612,49696,880.58,759.72,880.58,2.14,10,ok
20617,17994,364.68,276.08,364.68,1.01,1,ok_undirected
20617,7002,651.67,325.91,651.67,1.85,35,ok
20618,18040,709.10,510.90,709.10,1.84,33,ok_undirected
20618,7283,764.76,688.76,764.76,2.09,10,ok
20621,20265,243.30,200.31,243.30,0.62,67,ok
20623,17526,312.70,263.94,312.70,0.88,11,ok
20624,20300,7505.50,6712.28,7461.87,6.41,4,ok
20624,4311,7375.96,6689.27,7332.34,6.31,2,ok
20625,20203,4869.30,4702.03,0.00,3.44,3,no_coverage
20628,20465,272.10,243.71,272.10,0.79,13,ok
2063,3985,52.72,83.97,52.72,0.24,23,ok
20630,47364,573.73,508.80,573.73,3.00,12,ok
20635,20636,358.39,261.30,358.39,0.81,8,ok
20635,4291,337.76,346.59,337.76,0.54,21,ok
20635,44955,550.70,534.20,550.70,0.96,1,ok
20636,4288,422.78,277.94,422.78,1.13,29,ok
20637,4204,286.81,278.46,286.81,0.70,15,ok
20639,20640,263.63,223.80,263.63,0.54,27,ok
2064,3313,0.00,165.85,0.00,0.79,23,no_coverage
20640,20641,268.99,210.06,268.99,0.68,10,ok
20640,41186,656.61,575.35,656.61,1.51,15,ok
20640,41188,989.51,882.97,989.51,2.05,13,ok
20641,20578,314.14,226.44,314.14,0.84,27,ok
20641,6886,1077.70,671.79,1077.70,2.32,18,ok
20642,18085,199.76,182.78,199.76,0.43,123,ok
20643,20235,932.21,635.62,932.21,2.00,6,ok
20643,20387,527.61,322.15,527.61,1.23,12,ok
20643,37616,598.60,169.11,598.60,1.29,8,ok
20643,42609,944.58,647.96,944.58,1.97,8,ok
20644,20389,180.12,160.18,180.12,0.41,24,ok
20645,20232,120.58,149.99,120.58,0.32,23,ok
20645,39748,621.58,436.51,621.58,1.49,1,ok
20646,20645,388.85,284.51,388.85,0.85,24,ok
20647,20386,688.72,441.05,675.66,1.48,1,ok
20647,44395,480.76,272.29,467.69,1.04,12,ok
20648,17907,4776.84,4519.30,4776.84,4.15,1,ok
20648,18234,1768.52,1643.04,1768.52,1.72,17,ok_undirected
20648,18857,1210.69,1170.36,1210.69,1.11,24,ok
2065,2069,210.99,165.57,194.78,0.78,15,ok
2065,3986,457.40,267.62,441.19,1.42,8,ok
20655,20656,262.56,253.03,262.56,0.58,3,ok
20656,6923,1445.39,1405.68,1445.39,2.42,3,ok
20658,20659,390.38,267.86,390.38,1.00,13,ok
20659,20660,260.76,292.04,260.76,0.62,13,ok
2066,2083,1599.48,913.95,1599.48,4.66,2,ok
2066,3672,224.56,158.02,224.56,0.85,14,ok
2066,3986,438.83,263.03,438.83,1.17,41,ok
20660,20661,285.30,255.39,285.30,0.63,13,ok
20661,6944,179.54,193.81,179.54,0.40,10,ok
20663,6947,482.16,142.28,482.16,0.99,13,ok
2067,2068,431.78,419.21,431.78,0.97,57,ok
2067,2071,833.96,520.75,833.96,2.09,1,ok
2067,3512,1925.31,1257.86,1925.31,4.84,2,ok
20673,6952,547.21,568.54,547.21,0.93,12,ok
20674,20673,1266.70,982.01,1266.70,1.51,12,ok
20675,20524,433.63,411.93,433.63,0.78,8,ok
20675,40187,411.99,363.40,411.99,0.74,10,ok
20676,17010,374.66,191.70,374.66,0.76,8,ok
2068,2071,402.17,160.97,402.17,1.13,53,ok
2068,2072,965.54,504.32,965.54,2.60,4,ok_undirected
20680,18788,4392.66,1797.33,4392.66,5.27,19,ok
20680,19799,2412.89,2216.16,2412.89,2.49,7,ok
20680,6902,2074.12,1992.07,2074.12,2.41,8,ok
20681,20682,290.42,175.19,290.42,0.69,21,ok
20682,20683,338.90,76.28,338.90,0.90,21,ok
20683,20684,205.98,228.65,205.98,0.56,21,ok
20684,20640,299.15,232.22,299.15,0.79,11,ok
20684,42605,418.97,100.37,418.97,1.18,10,ok
20685,20686,255.76,183.84,0.00,0.75,3,no_coverage
20686,41144,153.64,135.79,0.00,0.08,3,no_coverage
20688,20269,332.03,318.04,332.03,1.71,33,ok_undirected
20689,5300,453.02,392.80,0.00,0.78,1,no_coverage
2069,2067,332.29,135.46,332.29,0.66,60,ok
2069,2071,1166.24,646.41,1166.24,2.76,2,ok
2069,3512,2257.60,1372.24,2257.60,5.51,7,ok
2069,3661,309.48,218.40,309.48,0.67,15,ok
20690,5817,393.44,384.29,0.00,0.70,1,no_coverage
20694,20695,1420.98,1477.94,1420.98,1.78,31,ok
20694,5237,1624.51,1395.53,1624.51,2.17,3,ok
20695,18691,2337.29,1701.94,2337.29,2.70,5,ok
20695,20637,4935.94,3376.42,4935.94,7.28,2,ok
20695,5760,2113.02,1644.95,2113.02,2.36,33,ok
20696,42009,2421.25,1452.11,2378.34,2.89,1,ok
20696,5627,1950.97,1824.10,1950.97,1.85,43,ok
20697,18793,937.88,823.91,0.00,1.42,2,no_coverage
20697,19572,301.63,255.38,0.00,0.17,2,no_coverage
20698,20328,1138.45,877.21,693.56,2.66,2,ok
20698,6290,4292.91,3507.94,0.00,3.35,3,no_coverage
2070,2078,141.48,157.20,141.48,0.48,37,ok_undirected
20700,20463,268.77,319.21,268.77,1.39,16,ok
20701,19566,367.29,254.12,367.29,1.04,10,ok_undirected
20701,20461,212.76,158.82,212.76,0.51,6,ok
20701,6715,232.97,128.69,232.97,0.54,33,ok
20702,20540,370.61,263.83,370.61,0.95,2,ok_undirected
20702,20612,291.48,241.01,291.48,0.95,25,ok_undirected
20702,49695,879.64,504.98,550.13,2.27,3,ok
20703,20704,262.59,229.92,262.59,0.63,17,ok
20703,5599,368.55,341.19,368.55,1.06,26,ok
20704,20705,469.31,501.37,469.31,0.93,17,ok
20705,20617,731.90,701.21,731.90,1.56,1,ok_undirected
20705,7171,655.02,334.32,655.02,1.82,16,ok
20709,20710,1920.35,1859.79,1920.35,1.84,13,ok
2071,2072,1195.83,584.09,1195.83,3.02,118,ok
2071,3512,1091.36,1081.91,1091.36,2.75,2,ok
20710,20078,2348.91,2274.20,2348.91,2.08,4,ok
20710,46769,2079.24,1962.04,2079.24,1.86,9,ok
20711,20712,1884.20,1813.76,1884.20,1.63,4,ok
20712,19933,878.89,794.46,878.89,0.69,3,ok
20712,19997,904.24,885.95,904.24,0.71,1,ok
20713,19842,302.78,143.65,302.78,0.63,4,ok_undirected
20713,19843,1188.93,1203.66,1188.93,1.99,16,ok
20713,42209,1644.38,1423.14,1644.38,2.85,9,ok
20717,43385,576.03,420.93,315.43,0.79,4,ok
2072,16964,1428.48,1262.50,1428.48,2.53,10,ok
2072,3512,616.78,497.84,616.78,1.86,127,ok
20720,39024,252.90,233.31,252.90,0.62,19,ok
20721,1766,547.27,437.82,547.27,2.22,7,ok
20721,18803,573.72,516.72,573.72,2.29,1,ok
20721,3945,617.97,553.55,617.97,2.42,17,ok
20722,20308,263.78,208.80,263.78,0.66,60,ok
20723,51216,81.67,95.93,81.67,0.23,2,ok
20723,5557,234.51,231.40,234.51,0.70,12,ok
2073,3767,119.76,130.98,119.76,0.29,8,ok
20735,20736,426.32,369.45,426.32,0.72,6,ok
20736,5564,275.95,257.14,275.95,0.51,6,ok
20737,19525,496.35,337.34,496.35,1.25,28,ok
20737,42199,463.77,429.84,463.77,1.36,18,ok
2074,3768,24.35,126.95,24.35,0.05,8,ok
20740,19821,,10743.66,,8.53,4,unreachable
20740,42405,11976.61,10270.05,11265.64,11.12,1,ok
20740,4763,7849.85,3962.60,7849.85,7.82,7,ok
20740,4895,11300.68,10674.57,11300.68,11.51,2,ok
20742,6073,195.11,182.78,0.00,0.77,4,no_coverage
20743,20745,558.39,309.97,558.39,1.50,22,ok
20744,4165,1236.45,146.94,1236.45,3.20,26,ok
20745,20746,303.91,304.90,303.91,0.78,22,ok
20746,18040,232.80,159.53,232.80,0.66,11,ok_undirected
20746,20748,403.97,342.58,403.97,1.08,10,ok
20746,7283,221.42,101.97,221.42,0.67,1,ok_undirected
20747,34160,135.44,135.34,135.44,0.36,1,ok
20747,6848,670.45,381.07,670.45,1.78,1,ok
20748,20749,588.74,393.41,588.74,1.52,12,ok
20748,38657,268.92,321.98,268.92,0.55,1,ok
20748,7001,257.74,234.85,257.74,0.74,35,ok
20749,20568,214.60,284.79,214.60,0.66,12,ok
2075,2683,362.30,236.98,362.30,0.90,8,ok_undirected
20750,34331,262.02,172.18,262.02,0.69,28,ok
20750,48797,270.10,227.96,48.75,0.74,1,ok
20752,20753,356.90,399.36,356.90,0.78,4,ok
20753,20754,455.54,213.14,455.54,1.24,4,ok
20754,49499,354.87,152.65,333.80,0.95,4,ok_undirected
20755,6076,224.95,173.33,224.95,0.42,4,ok
20756,20757,407.84,325.98,407.84,1.54,1,ok
20757,20758,468.82,493.99,468.82,2.20,1,ok
20758,20759,186.08,206.46,186.08,0.45,4,ok
20759,20219,1467.54,1089.70,1467.54,4.15,1,ok
20759,6062,207.19,176.24,207.19,0.49,3,ok
2076,2077,123.10,139.75,123.10,0.37,9,ok
20760,20761,382.12,297.42,382.12,1.20,9,ok
20761,20219,715.69,538.39,715.69,1.80,3,ok
20761,20220,350.50,309.43,350.50,1.26,6,ok
20766,20767,524.19,505.02,524.19,1.53,18,ok
20767,4201,280.06,248.71,280.06,0.80,18,ok
20768,20769,357.71,326.47,357.71,1.23,22,ok
20768,6711,929.92,628.89,929.92,2.72,4,ok
20769,40495,859.74,405.54,859.74,2.44,8,ok
20769,6712,478.51,455.83,478.51,1.51,12,ok
20769,6724,541.62,409.22,541.62,1.68,6,ok
2077,2063,223.52,117.08,223.52,0.77,9,ok
20774,5606,266.62,156.41,0.00,0.77,3,no_coverage
20775,17515,587.38,271.07,0.00,0.55,4,no_coverage
20776,18389,371.37,128.14,371.37,1.24,55,ok
20776,18397,370.94,264.11,370.94,1.22,1,ok
20776,18420,516.50,319.34,516.50,1.48,1,ok_undirected
2078,2080,255.72,183.85,255.72,0.78,37,ok_undirected
20781,41942,123.66,123.08,123.66,0.35,11,ok
20783,6890,164.63,199.94,164.63,0.37,17,ok
20784,20785,288.55,273.35,288.55,0.80,15,ok
20785,20786,191.81,236.80,191.81,0.69,14,ok
20785,39743,669.64,438.78,669.64,2.13,1,ok
20786,20787,397.56,326.70,397.56,1.04,14,ok
20787,20495,334.05,294.91,334.05,0.91,14,ok
2079,2620,512.37,448.52,512.37,0.81,67,ok
20792,41472,5221.45,4014.23,5025.39,6.66,1,ok
20792,41575,330.78,373.11,330.78,0.74,5,ok
20794,18737,1627.34,1605.12,1627.34,1.23,32,ok_undirected
20794,39237,1618.51,1531.15,1618.51,1.34,2,ok
20795,7194,3516.82,2787.16,3474.48,3.69,36,ok_undirected
20796,20794,3603.18,2801.61,3603.18,2.45,28,ok
20798,20799,304.98,233.41,304.98,0.60,15,ok
20799,20800,556.42,227.98,556.42,0.85,15,ok
2080,2755,386.68,341.80,386.68,0.85,82,ok
20800,18668,852.81,578.42,852.81,2.26,5,ok
20800,18690,815.62,558.80,815.62,2.05,8,ok
20801,20802,321.55,277.95,321.55,0.90,7,ok
20802,20803,237.80,188.86,237.80,0.55,7,ok
20803,6065,63.75,76.56,63.75,0.15,7,ok
20804,6115,467.24,332.87,467.24,1.11,7,ok_undirected
20806,20092,2890.36,1719.90,1597.04,2.93,2,ok
20808,41703,300.70,294.09,260.33,0.55,4,ok
20809,5577,1572.27,1316.02,756.31,2.86,2,ok
2081,2082,177.34,159.61,177.34,0.61,9,ok
20811,35183,2347.24,2003.74,2304.84,2.40,2,ok
20811,51056,2348.63,1937.54,2271.37,2.42,2,ok
20812,20350,182.26,174.24,182.26,0.17,4,ok
20813,51065,3668.77,1398.10,3668.77,4.04,4,ok
20814,18728,341.64,332.23,0.00,0.31,4,no_coverage
20815,43120,666.94,337.05,666.94,1.56,2,ok
20816,20044,6405.56,3755.38,5058.97,9.36,2,ok
20816,4334,4461.24,1890.63,3083.04,7.53,2,ok
20819,18440,227.11,224.75,227.11,0.49,20,ok
2082,3653,163.46,142.14,163.46,0.49,9,ok
20822,50387,321.20,347.45,321.20,0.63,29,ok
20823,44561,173.96,148.64,173.96,0.34,10,ok
20824,20513,331.57,339.98,331.57,0.87,22,ok
20829,20830,572.44,459.85,572.44,1.13,3,ok
2083,2088,,562.82,,1.55,1,unreachable
2083,3940,379.86,409.37,379.86,0.89,116,ok
20830,7137,1099.98,837.59,527.54,2.28,3,ok
20832,5988,132.69,123.45,132.69,0.41,13,ok
20832,5989,132.69,193.32,132.69,0.41,8,ok
20833,20834,374.26,292.19,374.26,0.82,17,ok
20834,34250,504.30,487.69,504.30,1.01,17,ok
20835,20837,843.94,354.49,843.94,4.31,9,ok
20836,39197,329.79,242.86,329.79,0.81,10,ok
20837,20839,281.06,169.62,281.06,0.69,9,ok
20838,20845,446.87,260.70,332.16,1.66,10,ok
20839,20838,281.06,154.74,281.06,0.45,10,ok
2084,2079,579.62,468.49,579.62,1.25,58,ok
2084,3332,706.58,389.60,706.58,1.69,27,ok
2084,3649,720.16,431.84,720.16,1.55,9,ok
20840,19549,53.57,133.02,53.57,0.22,20,ok
20840,49602,13.58,39.86,13.58,0.06,8,ok
20840,5549,104.38,131.78,104.38,0.44,11,ok_undirected
20841,19553,306.55,288.46,306.55,0.61,40,ok
20841,19555,587.17,540.32,587.17,1.26,7,ok
20843,18099,261.72,264.41,261.72,0.49,92,ok_undirected
20843,7009,327.95,286.16,312.37,0.96,18,ok_undirected
20845,20836,397.07,133.46,214.60,0.81,10,ok
20848,20438,389.49,463.15,389.49,1.17,56,ok
20849,39145,413.48,365.09,413.48,1.00,43,ok
2085,1271,444.70,211.57,444.70,1.67,67,ok
2085,3984,462.74,246.22,462.74,1.69,14,ok
20850,18121,171.94,107.81,171.94,0.40,40,ok
20850,51615,330.02,257.89,330.02,0.55,11,ok
20851,20480,515.30,388.68,515.30,1.69,16,ok_undirected
20851,6117,356.09,235.54,356.09,1.00,6,ok_undirected
20852,20376,441.44,118.91,441.44,1.19,11,ok
20853,19724,882.44,824.88,882.44,1.16,22,ok
20854,19570,937.73,1007.71,937.73,0.75,28,ok_undirected
20854,3802,,14431.91,,33.12,1,unreachable
20855,19710,672.84,566.93,672.84,1.86,29,ok
20855,38553,480.17,471.80,480.17,1.61,22,ok
20856,19523,2424.51,2206.28,2424.51,4.03,2,ok
20856,19845,478.55,379.15,478.55,0.75,32,ok_undirected
2086,2087,288.42,266.25,288.42,0.65,42,ok
20864,20871,388.47,230.30,388.47,0.96,16,ok
20864,34282,390.33,186.98,390.33,0.92,6,ok
20868,20138,1172.75,959.82,132.84,2.63,1,ok
20868,20869,0.00,78.21,0.00,0.53,18,no_coverage
20869,20450,306.78,306.48,306.78,0.85,19,ok
2087,17499,919.87,807.52,908.01,1.35,19,ok
2087,2095,235.49,188.13,235.49,0.89,12,ok
2087,36099,2654.50,1322.84,2654.50,4.19,11,ok
20870,4231,108.92,170.10,108.92,0.29,19,ok
20871,4234,129.29,195.95,129.29,0.34,19,ok
20872,19679,208.57,198.12,208.57,0.56,1,ok_undirected
20872,19792,1101.89,532.08,1101.89,3.24,1,ok
20872,20283,52.57,31.91,52.57,0.12,1,ok
20872,20832,286.23,250.98,286.23,0.74,1,ok
20873,20874,1532.89,875.39,1273.45,1.52,2,ok
20874,17675,1669.34,1063.34,1669.34,2.04,2,ok
20874,35343,2145.60,1092.25,1957.64,2.62,2,ok
20876,20541,292.60,264.13,292.60,0.80,17,ok
20876,20628,197.83,181.75,197.83,0.41,8,ok
20876,49695,91.60,92.51,91.60,0.26,10,ok
20878,18918,430.63,466.03,430.63,0.89,16,ok
20878,20792,636.27,420.33,636.27,1.49,3,ok
20878,44025,265.63,202.17,265.63,0.42,2,ok
2088,1283,,210.00,,0.54,100,unreachable
2088,2771,,672.37,,2.33,10,unreachable
2088,3164,,482.25,,1.25,5,unreachable
20881,17650,241.22,204.01,241.22,0.57,10,ok_undirected
20881,6389,531.19,370.11,531.19,1.07,17,ok
20883,6391,397.89,263.26,397.89,0.62,15,ok
20887,4268,202.45,209.59,0.00,0.82,13,no_coverage
20888,19095,748.90,676.15,748.90,1.01,16,ok
2089,2086,219.81,118.86,219.81,0.49,42,ok_undirected
20890,19270,708.96,377.20,708.96,1.48,15,ok
20891,19147,1594.13,1327.26,1594.13,2.07,8,ok
20891,20900,2881.05,2518.20,2881.05,3.75,3,ok
20891,6257,1594.13,1334.12,1594.13,2.07,5,ok
20892,19134,1059.65,967.07,1059.65,1.51,15,ok
20893,20894,548.57,362.66,548.57,0.95,13,ok
20893,21304,3584.08,3469.04,3569.16,3.87,1,ok_undirected
20893,43054,6390.48,6062.69,6390.48,5.03,2,ok
20894,51322,550.12,482.46,550.12,1.23,23,ok
20896,39893,216.81,222.65,0.00,0.19,7,no_coverage
20896,5525,257.61,205.05,0.00,0.27,8,no_coverage
20897,39914,203.61,215.49,0.00,0.38,15,no_coverage
20898,20896,328.47,262.03,0.00,0.91,15,no_coverage
2090,2092,332.09,264.69,332.09,0.98,177,ok
2090,2103,523.01,331.27,523.01,1.34,3,ok
20900,20904,401.43,485.57,401.43,0.80,24,ok
20900,35348,2753.72,2511.32,362.93,5.43,1,ok
20903,17696,561.26,502.24,561.26,0.98,11,ok
20903,5529,560.04,473.34,457.28,0.93,8,ok
20904,51310,225.70,255.53,225.70,0.42,24,ok
20906,51304,199.92,211.37,199.92,0.37,23,ok
20907,5532,541.28,523.85,541.28,1.00,21,ok
20908,19155,286.21,260.34,286.21,0.62,13,ok
20908,20914,557.70,429.88,557.70,1.22,9,ok
2091,1296,,6341.81,,16.12,2,unreachable
2091,2084,198.11,225.31,198.11,0.68,75,ok_undirected
2091,2085,593.51,261.88,593.51,1.88,73,ok
2091,2089,224.94,183.10,224.94,0.65,31,ok_undirected
20911,19154,166.57,197.08,166.57,1.00,8,ok
20911,19155,166.57,187.79,166.57,1.00,8,ok
20912,19178,3048.98,2282.68,3048.98,3.80,13,ok
20912,4199,3891.59,2710.24,3891.59,6.16,7,ok
20913,20920,2205.41,1461.71,2196.40,3.25,12,ok
20914,20915,206.13,206.87,163.66,0.26,9,ok
20914,6266,244.48,205.79,0.00,0.96,5,no_coverage
20915,20918,255.75,245.37,255.75,0.23,10,ok
20916,20911,336.62,329.86,58.36,2.05,8,ok
20916,6266,476.19,380.91,0.00,1.25,2,no_coverage
20917,18912,9570.45,9132.91,9570.45,7.86,16,ok
20917,20207,3290.50,3226.59,3290.50,3.33,11,ok
20917,20893,3428.62,3291.06,3413.70,3.52,2,ok
20917,4173,10653.36,9978.65,10653.36,8.94,1,ok
20917,43054,9598.88,9204.78,9598.88,7.89,16,ok
20918,20916,230.18,211.40,0.00,0.77,10,no_coverage
2092,2093,130.18,130.05,130.18,0.42,65,ok
2092,3108,200.15,195.21,200.15,0.64,114,ok
2092,3507,599.93,446.17,599.93,1.39,1,ok
20920,17829,1889.66,1323.69,1889.66,3.61,6,ok
20920,19168,2137.21,1039.81,2137.21,4.22,11,ok
20920,20604,1043.67,550.05,1043.67,1.80,3,ok
20924,21305,599.70,566.74,599.70,0.39,8,ok
20927,19182,363.76,342.18,363.76,1.07,14,ok
20928,20929,204.70,212.16,204.70,0.80,11,ok
20929,19060,154.89,114.16,154.89,0.59,11,ok
2093,2136,4198.44,2444.54,4190.68,9.20,1,ok
2093,2444,4007.80,2082.87,4007.80,7.39,1,ok
2093,3322,3945.24,1487.34,3945.24,7.18,2,ok
2093,3507,469.75,370.49,469.75,0.97,59,ok
2093,3791,158.28,165.12,158.28,0.49,15,ok
2093,38805,3745.71,2172.75,3745.71,6.42,3,ok
20930,18628,215.34,221.95,215.34,0.61,13,ok
20932,18621,95.84,134.91,95.84,0.23,14,ok
20933,21285,497.96,601.62,497.96,0.69,16,ok
20933,7122,5761.71,3787.94,5761.71,5.10,1,ok
20934,17812,120.45,146.84,120.45,0.36,12,ok
20935,17817,100.47,119.21,100.47,0.31,14,ok
20936,20934,141.87,119.80,141.87,0.53,12,ok
20937,20943,232.94,186.20,232.94,0.77,13,ok
20939,20935,261.35,180.60,261.35,0.91,14,ok
2094,2617,243.53,222.32,243.53,0.48,52,ok
20940,20939,190.82,180.28,190.82,0.70,14,ok
20941,6214,85.76,118.83,85.76,0.42,13,ok
20942,17809,236.31,274.40,236.31,0.71,12,ok
20943,20940,237.44,177.16,237.44,0.78,1,ok
20943,38201,329.85,267.72,329.85,0.98,12,ok
20944,20941,276.75,240.81,276.75,0.99,13,ok
20945,20946,333.84,238.74,333.84,0.85,63,ok_undirected
20945,20957,1788.27,825.58,1788.27,4.38,2,ok_undirected
20945,21288,127.55,138.84,127.55,0.34,7,ok_undirected
20946,20957,1455.93,606.44,1455.93,3.47,63,ok_undirected
20947,17822,207.56,219.21,207.56,0.62,20,ok
20948,17806,169.89,89.42,169.89,0.65,19,ok
20949,6052,1348.16,1143.53,1348.16,2.33,14,ok
2095,2096,179.77,218.51,179.77,0.58,26,ok
20950,51200,350.36,367.44,0.00,1.90,7,no_coverage
20952,38184,286.59,216.68,286.59,1.14,19,ok
20953,20970,466.41,347.77,466.41,2.74,8,ok
20954,21288,632.58,632.71,632.58,1.47,90,ok
20955,6207,82.29,80.08,82.29,0.22,7,ok
20956,6208,134.06,100.33,134.06,0.46,13,ok
20957,20981,499.39,370.23,369.39,1.96,65,ok
20958,20917,6335.23,5950.65,6335.23,6.61,1,ok
20958,4218,2088.18,2110.02,2088.18,1.67,23,ok
20959,20967,483.25,428.50,483.25,1.56,29,ok
2096,3311,164.55,150.93,164.55,0.53,26,ok
20960,20969,0.00,113.65,0.00,0.63,25,no_coverage
20961,6221,135.51,118.71,135.51,0.37,8,ok
20962,19401,488.80,392.02,488.80,1.22,16,ok
20962,20949,308.29,306.39,308.29,0.57,14,ok
20963,21017,814.47,753.62,814.47,1.04,10,ok_undirected
20963,41683,926.87,816.43,926.87,1.30,9,ok
20964,20960,367.52,321.56,367.52,1.14,25,ok
20965,20956,140.11,108.32,140.11,0.44,13,ok
20966,20950,416.29,391.31,157.20,1.08,7,ok
20967,51231,176.36,177.78,176.36,0.48,29,ok
20968,20959,246.73,230.31,246.73,0.86,29,ok
20969,20973,218.19,142.47,218.19,0.57,25,ok
2097,2098,123.59,143.43,123.59,0.32,27,ok
20970,20990,387.99,290.35,387.99,1.05,8,ok
20971,21148,4070.43,3721.98,3006.24,5.26,7,ok
20972,20962,123.71,146.16,123.71,0.27,30,ok
20973,6229,222.21,160.39,222.21,0.70,25,ok
20975,6220,106.58,99.07,106.58,0.43,21,ok
20976,6217,264.31,199.29,264.31,1.16,21,ok
20977,48416,622.73,214.38,622.73,2.01,9,ok
20977,6225,599.59,168.18,599.59,1.93,18,ok
20977,6226,708.45,593.32,708.45,2.17,2,ok
20978,20993,242.59,210.27,242.59,0.70,7,ok
20979,19435,218.19,254.66,218.19,0.55,26,ok
2098,17499,1041.61,599.50,1029.75,1.95,14,ok
2098,2094,271.65,229.05,271.65,0.92,13,ok
20981,18238,244.50,220.74,244.50,0.62,76,ok_undirected
20981,18264,153.31,120.95,153.31,0.40,2,ok_undirected
20984,20968,317.35,184.33,317.35,1.04,6,ok
20986,20976,179.01,134.73,179.01,0.50,8,ok
20986,5019,895.57,732.26,895.57,1.90,14,ok
20987,20996,384.71,332.02,384.71,1.27,8,ok
20987,6223,209.67,99.16,209.67,0.60,18,ok
20988,20991,207.19,184.55,207.19,0.69,9,ok
20988,43892,0.00,52.74,0.00,0.28,15,no_coverage
20989,18290,387.99,276.13,387.99,1.12,8,ok
20989,6227,194.25,243.41,194.25,0.61,17,ok
2099,2101,75.18,65.80,75.18,0.28,38,ok
20990,18338,359.73,341.34,359.73,0.99,18,ok
20990,20997,97.10,113.51,97.10,0.28,8,ok
20991,6222,142.26,143.06,142.26,0.40,9,ok
20992,18235,405.65,44.57,405.65,1.09,6,ok
20993,20999,169.39,158.96,169.39,0.62,7,ok
20994,20987,190.26,40.16,190.26,0.65,26,ok
20995,6231,180.17,119.90,180.17,0.72,9,ok
20996,18338,318.68,279.94,318.68,0.88,8,ok
20996,20989,187.31,145.53,187.31,0.48,8,ok
20997,20982,328.91,275.04,141.62,1.28,2,ok
20997,20988,451.37,347.13,451.37,1.54,7,ok
20997,6223,392.53,386.68,392.53,1.29,8,ok
20998,20994,484.43,158.92,484.43,1.66,26,ok
20999,6226,296.47,263.76,296.47,0.85,33,ok
2100,3312,304.28,148.32,304.28,0.83,27,ok
21000,19365,304.36,288.74,304.36,0.87,6,ok
21001,18300,180.24,177.04,180.24,0.61,13,ok
21002,19399,792.02,319.11,792.02,2.49,8,ok_undirected
21002,51282,889.52,448.92,889.52,2.58,7,ok
21002,6225,405.44,203.62,405.44,1.39,18,ok
21003,48416,568.73,482.28,568.73,1.88,6,ok
21004,6141,214.02,156.19,214.02,0.58,13,ok
21006,19399,787.83,607.42,787.83,2.33,3,ok
21006,19414,275.61,221.38,275.61,0.77,36,ok
21009,19396,196.30,188.33,196.30,0.52,83,ok_undirected
21009,21013,158.58,134.55,158.58,0.53,20,ok_undirected
2101,3793,3789.87,154.52,3789.87,8.81,40,ok
21010,21009,480.37,318.18,480.37,1.44,7,ok
21011,6205,187.99,47.82,187.99,0.50,7,ok
21012,6233,556.84,91.77,556.84,1.68,7,ok
21013,18284,398.87,237.33,398.87,0.98,26,ok
21013,19434,710.80,403.48,710.80,1.89,11,ok
21013,21000,524.31,291.80,524.31,1.41,6,ok
21013,21025,418.28,238.97,418.28,1.01,20,ok
21013,35578,429.83,179.19,429.83,0.92,7,ok
21014,21033,406.21,262.89,406.21,1.41,7,ok
21015,18248,130.90,139.05,130.90,0.21,10,ok
21015,21017,144.50,95.64,144.50,0.25,11,ok_undirected
21017,21054,1022.94,791.75,1022.94,2.49,21,ok
21018,35578,442.35,237.35,442.35,1.02,7,ok
21018,4193,622.80,282.13,622.80,1.98,28,ok
21019,18339,337.27,248.96,337.27,0.95,2,ok
21019,20997,508.31,442.94,508.31,1.28,8,ok
21019,21006,232.26,192.36,232.26,0.59,18,ok
2102,3811,95.22,137.15,95.22,0.41,39,ok
21020,21031,180.13,159.76,180.13,0.62,17,ok
21021,6245,49.85,61.59,49.85,0.16,7,ok
21022,18303,424.28,359.41,424.28,1.23,1,ok
21022,4259,149.26,125.40,149.26,0.46,9,ok
21023,6238,482.45,326.86,482.45,0.98,7,ok
21025,19434,292.52,171.28,292.52,0.89,20,ok
21026,38742,319.50,277.54,319.50,1.01,20,ok
21027,4968,1262.87,1026.23,1262.87,2.49,19,ok
21029,18570,266.20,293.68,266.20,0.45,56,ok
2103,17198,48.44,92.96,48.44,0.17,6,ok
21030,19306,230.57,182.84,230.57,0.75,23,ok
21031,21044,276.43,334.17,276.43,0.98,17,ok
21032,21040,117.14,255.35,117.14,0.37,18,ok
21033,21030,313.91,138.57,313.91,1.09,7,ok
21036,6239,264.51,181.30,264.51,0.80,7,ok
21037,4857,208.29,196.41,208.29,0.53,146,ok
21038,6241,77.19,111.79,77.19,0.17,7,ok
21039,21022,636.71,367.15,474.76,1.67,10,ok
2104,17322,409.96,216.42,409.96,1.18,6,ok
21040,21039,504.99,169.86,389.36,1.76,1,ok
21040,21050,309.77,227.47,309.77,1.05,9,ok
21040,21059,276.56,265.68,276.56,0.97,8,ok
21041,6203,375.69,345.62,375.69,1.02,21,ok
21042,21030,297.35,242.99,297.35,0.93,15,ok
21044,21058,279.80,235.72,279.80,1.01,10,ok
21044,5208,271.98,126.68,271.98,0.95,7,ok
21045,18347,199.91,234.29,199.91,0.65,14,ok
21047,21039,9.38,32.38,0.00,1.18,1,no_coverage
21048,19359,349.90,371.43,349.90,0.85,35,ok
21048,4208,778.92,680.60,778.92,2.17,2,ok
21049,4261,267.22,156.03,267.22,0.84,29,ok
21049,4655,363.00,285.31,363.00,1.21,9,ok_undirected
2105,2090,217.62,212.07,206.68,24.53,6,ok
21050,4260,186.87,213.98,186.87,0.55,23,ok
21051,18583,1416.12,717.52,1219.15,2.61,6,ok
21051,4989,304.04,236.35,304.04,0.92,8,ok
21054,21068,467.65,378.49,467.65,1.60,21,ok_undirected
21055,21042,279.80,226.56,279.80,0.83,8,ok
21056,18579,440.00,276.39,440.00,0.90,57,ok
21056,4987,548.95,333.72,548.95,1.25,8,ok
21057,21041,259.82,259.31,259.82,1.35,21,ok
21058,21063,208.57,143.99,208.57,0.77,10,ok
21059,21069,266.12,264.67,266.12,0.79,21,ok
2106,3790,429.57,228.00,429.57,1.22,28,ok
2106,3939,552.28,488.59,552.28,1.63,1,ok
21061,21048,281.86,147.14,281.86,0.97,27,ok
21061,4479,415.77,186.68,415.77,1.18,25,ok_undirected
21061,4655,424.06,291.03,424.06,1.50,40,ok_undirected
21061,5143,419.91,313.66,419.91,1.47,9,ok
21062,4806,301.98,237.45,301.98,0.72,161,ok_undirected
21063,21069,184.63,232.34,184.63,0.78,10,ok
21064,5207,259.95,175.40,259.95,0.70,14,ok
21064,6251,218.26,140.55,218.26,0.65,8,ok
21065,18312,938.51,230.46,938.51,3.88,12,ok
21068,21077,578.63,372.49,578.63,2.25,21,ok
21069,21074,549.42,150.42,549.42,1.76,1,ok
21069,4160,401.90,324.49,401.90,1.40,6,ok
21069,4166,629.28,551.57,629.28,1.98,38,ok
2107,3883,256.42,280.18,256.42,0.60,36,ok
21070,18203,339.73,315.29,339.73,1.19,23,ok
21070,21064,80.62,114.79,80.62,0.27,22,ok
21072,21065,429.45,194.96,399.03,1.31,12,ok
21073,18563,436.83,95.67,223.35,0.76,6,ok
21073,18583,255.67,229.25,255.67,0.43,65,ok_undirected
21073,43530,752.25,350.62,469.70,1.66,7,ok
21073,43532,260.98,105.59,244.47,0.46,7,ok
21074,19517,720.51,692.06,720.51,1.75,11,ok_undirected
21074,21072,221.65,218.57,221.65,1.49,12,ok
21074,21078,324.76,265.21,324.76,1.82,4,ok
21077,4160,231.86,163.24,231.86,0.82,2,ok
21077,4166,459.24,449.15,459.24,1.40,25,ok
21078,18906,0.00,36.93,0.00,0.00,4,no_coverage
2108,2109,163.63,174.59,163.63,0.52,36,ok
21080,21070,503.78,398.12,503.78,1.71,37,ok
21080,21074,461.70,391.33,461.70,1.47,25,ok
21080,4160,166.59,152.36,166.59,0.59,59,ok
21081,5169,405.52,301.84,405.52,0.93,9,ok
21082,36841,699.62,533.94,699.62,2.33,10,ok
21083,4676,201.36,193.91,201.36,0.50,93,ok_undirected
21083,4975,174.74,208.89,174.74,0.46,10,ok
21084,18908,280.60,249.64,280.60,1.09,6,ok
21085,18542,409.12,405.44,409.12,0.54,50,ok
21086,18368,306.45,282.50,306.45,0.89,31,ok
21086,21097,547.92,406.05,547.92,1.25,19,ok
21087,21095,262.39,226.51,262.39,0.57,21,ok
21088,4840,382.49,282.69,382.49,0.81,18,ok_undirected
2109,1957,197.16,155.59,197.16,0.71,1,ok
2109,1960,444.31,447.10,444.31,1.03,8,ok
2109,2428,211.00,215.83,211.00,0.72,27,ok
21090,19392,1331.30,390.78,1331.30,3.64,13,ok
21090,21085,1188.27,365.89,1188.27,2.65,3,ok
21092,18532,419.86,394.68,419.86,1.26,5,ok_undirected
21092,4665,650.56,396.98,650.56,1.62,101,ok
21092,4675,599.48,362.63,599.48,1.61,44,ok
21093,21088,537.27,408.17,537.27,1.09,18,ok
21095,18425,492.14,465.98,492.14,1.17,12,ok
21095,35836,839.35,247.00,839.35,2.24,7,ok
21095,4924,1243.58,858.24,1243.58,2.65,4,ok
21096,18479,284.47,218.74,284.47,0.74,37,ok
21097,18199,497.37,374.55,497.37,0.97,114,ok_undirected
21097,43910,174.01,136.33,174.01,0.38,20,ok
21099,18478,309.97,269.17,309.97,0.69,19,ok
21099,21096,384.45,131.52,384.45,0.97,37,ok
2110,2111,550.18,409.29,550.18,1.16,9,ok
21100,19392,1049.86,582.42,1049.86,2.98,1,ok
21100,21090,452.19,196.51,452.19,1.02,16,ok_undirected
21102,21112,381.26,356.37,0.00,0.83,4,no_coverage
21103,19422,239.09,226.63,239.09,0.62,41,ok
21104,18413,396.54,332.93,396.54,0.91,14,ok
21104,18474,622.93,300.52,622.93,1.31,24,ok
21107,21092,178.10,140.47,178.10,0.44,28,ok_undirected
21107,4666,151.73,154.61,151.73,0.40,28,ok
21109,21110,411.90,59.88,411.90,0.86,7,ok
2111,1960,117.02,193.20,117.02,0.26,9,ok
21110,18535,511.89,282.79,511.89,1.26,7,ok
21111,21083,1156.68,688.12,1156.68,2.48,11,ok
21111,21099,263.47,223.94,263.47,0.52,19,ok
21111,21117,436.94,436.27,436.94,1.02,39,ok
21112,4245,1227.16,472.99,422.52,1.50,4,ok
21113,21100,292.02,215.24,292.02,0.69,12,ok_undirected
21115,18413,295.25,316.05,295.25,0.66,47,ok
21115,18474,521.64,366.48,521.64,1.07,5,ok
21115,21103,206.44,154.72,206.44,0.46,3,ok
21115,21117,941.37,741.97,941.37,2.05,14,ok
21116,19416,662.84,538.33,662.84,0.91,9,ok
21117,18383,328.34,93.22,328.34,0.99,2,ok
21117,19391,422.39,285.12,422.39,1.19,1,ok
21117,43147,616.29,303.55,606.86,1.71,27,ok
21117,4588,389.64,169.09,389.64,1.11,28,ok
21117,5088,371.65,232.03,371.65,1.02,22,ok_undirected
21118,4196,398.77,301.44,398.77,0.88,44,ok
21119,21122,153.97,142.68,153.97,0.46,40,ok
2112,3364,201.19,136.92,201.19,0.57,6,ok
21120,21115,286.24,223.07,286.24,0.60,69,ok
21122,19423,290.37,218.38,290.37,0.80,40,ok
21123,18471,321.95,325.58,321.95,0.76,38,ok
21124,18410,390.45,158.05,376.96,1.06,15,ok_undirected
21125,18410,418.49,356.87,418.49,0.95,32,ok_undirected
21126,19389,786.79,720.31,786.79,1.87,2,ok
21126,4158,311.82,286.24,311.82,0.70,65,ok
21126,4532,503.47,476.37,503.47,1.15,7,ok
21126,4647,214.61,124.80,214.61,0.47,14,ok
21127,19631,849.55,602.50,849.55,1.56,1,ok
21127,4251,611.83,227.11,315.47,0.95,8,ok
21128,19415,957.01,506.84,315.47,1.49,4,ok
21129,21131,253.67,242.38,253.67,0.67,37,ok
2113,2514,233.06,220.13,233.06,0.59,29,ok
21130,19388,624.32,325.55,624.32,1.88,21,ok
21130,21132,416.93,102.93,416.93,1.39,13,ok
21131,21134,291.17,277.77,291.17,0.66,37,ok
21132,21136,165.38,156.45,165.38,0.46,13,ok
21133,21130,362.58,312.65,362.58,1.01,34,ok
21134,18514,332.81,230.11,332.81,0.72,37,ok
21135,18519,230.20,231.79,230.20,0.49,28,ok
21135,4963,668.86,662.19,668.86,1.49,1,ok
21136,18490,141.37,171.89,141.37,0.45,13,ok
21137,21126,362.63,341.27,362.63,0.83,27,ok
21138,19393,567.98,430.79,567.98,1.63,1,ok
21138,21129,289.85,249.14,289.85,0.89,14,ok
21139,18376,258.00,108.40,258.00,0.71,22,ok_undirected
2114,2119,332.54,238.00,332.54,1.05,83,ok
2114,3762,281.36,155.06,281.36,0.94,12,ok
21140,21138,165.89,168.24,165.89,0.40,15,ok
21141,21148,347.98,301.80,347.98,0.57,6,ok
21141,21152,1487.14,897.03,1487.14,2.26,21,ok
21142,18502,216.01,228.27,216.01,0.57,41,ok
21142,21160,787.92,513.12,787.92,1.95,1,ok
21143,21140,88.84,98.87,88.84,0.22,15,ok
21144,4590,2874.62,2102.80,631.11,6.45,4,ok
21145,18428,2769.52,1337.99,2769.52,5.88,2,ok
21145,21137,704.08,451.19,704.08,1.60,11,ok
21145,21151,109.39,124.03,109.39,0.28,33,ok
21145,4963,359.77,309.53,359.77,0.92,140,ok
21146,18492,339.46,199.30,339.46,0.84,13,ok
21147,21143,734.26,186.86,734.26,1.73,15,ok
21148,18443,808.54,623.24,808.54,1.26,15,ok
2115,2140,231.01,200.01,231.01,0.48,102,ok
21150,18901,1052.30,791.00,1052.30,2.65,47,ok
21150,21144,1254.94,921.49,1195.95,2.96,4,ok
21150,21148,1262.03,839.21,1262.03,2.91,2,ok
21151,4157,163.91,201.36,163.91,0.47,65,ok
21152,36837,256.57,303.22,256.57,0.46,8,ok_undirected
21152,6197,238.55,282.97,238.55,0.43,43,ok_undirected
21153,18497,317.33,246.87,317.33,0.87,39,ok
21154,21147,196.87,208.58,196.87,0.39,15,ok
21155,18516,123.82,168.89,123.82,0.17,27,ok
21156,18499,522.17,293.21,522.17,1.38,28,ok
21157,21160,229.90,197.12,168.31,0.53,41,ok
21158,21153,257.29,179.53,257.29,0.78,39,ok
21159,21154,185.58,187.44,185.58,0.44,15,ok
2116,2117,346.72,290.38,346.72,0.86,95,ok
21160,21155,379.96,159.62,379.96,0.71,27,ok
21160,39265,321.86,238.32,321.86,0.61,15,ok
21161,21158,168.31,155.29,168.31,0.40,39,ok
21163,18455,191.11,109.90,191.11,0.62,40,ok
21164,19332,1715.06,1677.03,1715.06,2.38,34,ok_undirected
21164,21290,4005.04,2036.44,4005.04,6.75,14,ok
21165,4590,68.56,105.19,68.56,0.13,106,ok
21166,18440,360.15,359.03,360.15,0.79,12,ok
21166,20819,133.04,156.74,133.04,0.30,20,ok
21166,21163,319.58,308.39,319.58,0.95,19,ok
21167,18446,753.58,508.09,753.58,1.79,28,ok
21167,19427,126.47,157.35,126.47,0.25,29,ok
21167,51809,741.64,605.38,741.64,0.92,8,ok
21168,18462,337.46,289.42,337.46,0.66,15,ok
21169,21178,209.24,228.85,209.24,0.35,15,ok
2117,2151,316.59,321.81,316.59,0.72,94,ok
2117,2159,271.40,192.28,271.40,0.61,1,ok
21170,21171,375.44,167.34,375.44,0.72,21,ok
21171,18460,127.44,167.02,127.44,0.28,21,ok
21172,19429,172.90,201.72,172.90,0.34,41,ok
21172,21175,301.49,178.13,140.77,0.60,1,ok
21173,19411,451.34,324.51,329.88,1.20,2,ok
21173,5912,415.09,356.57,293.63,1.10,39,ok
21174,18659,455.74,272.06,455.74,0.92,53,ok_undirected
21175,19411,805.24,464.75,533.95,2.17,1,ok
21175,21193,839.75,410.91,69.48,2.12,2,ok
21177,18659,785.71,426.89,785.71,1.64,2,ok
21177,19920,969.93,629.65,969.93,2.10,3,ok
21177,21174,121.83,157.25,121.83,0.23,10,ok_undirected
21178,18435,348.96,287.29,348.96,0.80,77,ok
21179,18662,194.72,145.25,43.05,0.34,2,ok
2118,2113,230.59,207.15,230.59,0.71,10,ok_undirected
2118,2115,247.95,219.77,247.95,0.73,81,ok_undirected
21184,5085,236.01,296.80,75.15,0.62,14,ok_undirected
21186,21184,761.60,254.00,550.16,1.72,14,ok
21186,5085,573.24,550.25,573.24,1.29,174,ok
21186,5193,631.05,477.93,573.37,1.43,6,ok
21187,5913,482.46,395.87,482.46,1.20,41,ok
21188,21189,483.98,424.85,483.98,1.14,41,ok
21188,51245,578.64,440.46,578.64,1.39,4,ok
21189,21172,582.72,548.09,582.72,1.47,41,ok
2119,2125,329.83,192.23,329.83,0.84,49,ok
2119,2761,258.02,244.98,258.02,0.68,39,ok
21190,18437,298.82,188.21,298.82,0.71,84,ok
21190,47903,254.36,140.87,254.36,0.59,14,ok
21191,18448,261.18,279.58,261.18,0.51,7,ok
21191,4152,83.82,122.77,83.82,0.18,90,ok
21192,21186,278.04,297.70,278.04,0.90,67,ok
21193,19417,597.97,447.88,597.97,1.98,8,ok
21193,6198,444.28,199.68,444.28,1.31,2,ok
21194,21201,493.48,442.13,178.88,1.35,1,ok
21194,6198,178.88,186.12,178.88,0.49,8,ok
21195,21210,1257.20,597.88,1194.62,2.71,3,ok_undirected
21195,21224,1519.38,841.50,1456.80,3.36,8,ok_undirected
21195,4155,2081.11,260.01,2081.11,4.56,97,ok
21195,43143,2973.93,1448.19,2911.36,6.62,1,ok_undirected
21195,44547,2053.86,1057.14,1991.28,4.17,7,ok_undirected
21195,49636,1381.49,741.17,1318.91,2.99,9,ok_undirected
21198,21188,222.93,247.18,222.93,0.55,45,ok
21198,51235,448.87,231.77,219.24,1.07,1,ok_undirected
2120,2121,309.05,363.32,309.05,0.94,49,ok
21200,21207,205.57,192.39,205.57,0.54,13,ok
21201,21215,272.77,317.51,272.77,0.68,5,ok
21202,21206,248.39,212.12,248.39,0.71,3,ok
21203,18669,549.54,423.28,0.00,1.40,2,no_coverage
21204,6199,180.66,217.32,180.66,0.44,10,ok
21205,21200,239.74,136.21,239.74,0.63,13,ok
21206,18675,275.13,260.95,275.13,0.80,3,ok
21207,21216,288.21,249.51,288.21,0.75,13,ok
21208,21205,222.90,258.62,222.90,0.58,13,ok
21209,51063,186.21,154.84,186.21,0.47,12,ok
2121,2122,195.80,217.22,195.80,0.76,49,ok
21210,38965,938.06,606.08,938.06,1.88,5,ok
21210,44547,1034.33,600.40,1034.33,2.03,1,ok
21211,21198,554.95,503.00,554.95,1.23,41,ok
21211,21209,246.60,52.05,246.60,0.61,8,ok
21213,17580,809.36,800.01,809.36,1.36,34,ok
21213,21301,1392.06,876.16,1392.06,1.96,7,ok
21213,5911,721.31,711.71,721.31,1.24,8,ok
21214,21208,230.31,172.09,230.31,0.72,1,ok
21214,43650,485.37,292.30,485.37,1.53,4,ok
21215,21227,566.45,365.71,566.45,1.43,5,ok
21216,6202,294.70,172.26,294.70,0.92,13,ok
21217,18665,505.16,327.52,483.77,2.09,9,ok
21218,19068,1084.62,1103.51,1084.62,1.15,11,ok
21218,19259,1112.55,1031.76,1112.55,1.20,31,ok
2122,2123,338.21,269.89,338.21,1.25,49,ok
21220,17865,179.56,201.86,179.56,0.55,10,ok
21221,21214,149.63,155.52,35.68,0.52,5,ok
21221,51060,247.33,106.93,133.38,0.82,5,ok
21222,50869,262.61,274.57,262.61,0.44,4,ok
21223,39195,262.18,214.69,262.18,0.65,12,ok
21224,21229,237.86,189.57,237.86,0.56,9,ok
21225,51246,139.36,170.30,139.36,0.34,2,ok
21225,6200,0.00,68.92,0.00,0.73,8,no_coverage
21226,21221,179.56,211.05,179.56,0.72,10,ok
21227,6200,40.37,147.00,40.37,0.11,5,ok
21228,21223,237.86,255.77,237.86,0.69,12,ok
21229,21237,517.42,477.71,517.42,1.51,1,ok
21229,5007,231.25,213.49,231.25,0.64,8,ok
2123,2126,222.22,193.23,222.22,0.70,1,ok
2123,3939,211.50,234.24,211.50,0.60,48,ok
21230,21226,314.13,225.06,314.13,0.65,10,ok
21231,21228,273.82,176.90,273.82,0.80,12,ok
21231,5007,424.92,244.49,424.92,1.23,9,ok
21232,21233,142.12,160.85,142.12,0.48,10,ok
21233,21240,202.31,186.85,202.31,0.52,10,ok
21234,21231,201.81,212.46,201.81,0.73,21,ok
21235,21230,218.71,220.61,218.71,0.63,10,ok
21236,21238,248.27,262.34,248.27,0.86,22,ok
21237,18639,304.00,174.54,304.00,1.07,18,ok
21238,21239,294.24,234.14,294.24,1.08,24,ok
21239,40293,102.16,93.41,102.16,0.36,24,ok
2124,17189,373.09,326.32,373.09,0.91,10,ok_undirected
2124,2118,540.51,230.83,540.51,1.81,91,ok
21240,21241,220.91,228.20,220.91,0.44,10,ok
21241,21235,346.63,379.61,346.63,0.73,10,ok
21242,17652,247.53,268.80,247.53,0.69,31,ok
21243,5495,164.05,129.45,164.05,0.45,38,ok
21244,21243,232.57,207.73,26.27,0.65,2,ok
21248,21243,247.19,231.31,247.19,0.67,22,ok
21249,21244,234.75,276.73,0.00,1.00,2,no_coverage
2125,2120,205.42,188.12,205.42,0.49,49,ok
21250,5492,111.97,22.24,111.97,0.20,3,ok
21251,21249,229.87,217.15,0.00,0.10,2,no_coverage
21253,5759,739.78,657.40,670.70,0.87,2,ok
21254,21287,1664.87,1301.57,1664.87,2.75,2,ok
21255,21254,587.25,402.26,581.44,0.79,2,ok
21256,5922,374.63,343.61,374.63,0.95,18,ok
21259,5920,104.28,89.11,104.28,0.29,18,ok_undirected
2126,3761,115.96,140.75,115.96,0.37,29,ok
21261,5919,175.75,152.14,175.75,0.51,20,ok_undirected
21262,5928,348.46,324.07,348.46,0.91,20,ok
21264,5491,3009.38,2824.74,3009.38,3.03,11,ok
21264,5497,3003.53,2929.73,3003.53,3.06,7,ok
21264,6272,333.18,282.98,333.18,0.76,9,ok
21265,19187,396.30,283.75,396.30,1.03,2,ok
21265,19205,119.27,113.85,119.27,0.34,1,ok
21265,19868,11.87,45.36,11.87,0.04,1,ok
21265,21268,349.67,212.46,349.67,0.90,17,ok
21265,4184,743.25,649.95,743.25,1.78,2,ok
21266,19075,10.90,41.06,10.90,0.03,3,ok
21268,19217,545.90,318.85,545.90,2.18,5,ok
21268,4184,393.58,440.11,393.58,0.88,13,ok
21269,19598,3290.87,2683.11,3290.87,3.82,12,ok
21269,36135,2760.72,2516.75,2258.82,2.22,3,ok
21269,4224,2846.22,2748.33,2739.08,2.68,31,ok
2127,2128,342.88,356.87,342.88,0.90,101,ok
2127,3882,247.71,260.79,247.71,0.65,1,ok
21270,17748,3767.46,3421.76,3767.46,2.69,41,ok
21270,34304,4308.29,2980.59,4308.29,4.08,5,ok
21271,19672,3673.19,1926.52,3594.53,4.49,1,ok
21271,4216,402.09,290.14,402.09,0.53,26,ok_undirected
21271,4219,2088.66,1980.19,2088.66,1.86,3,ok_undirected
21272,21166,243.73,209.80,243.73,0.53,51,ok
21273,4368,1591.07,1207.49,1544.85,2.71,1,ok
21273,4369,1591.07,1116.77,1544.85,2.71,3,ok
21274,19369,616.33,493.42,616.33,1.12,90,ok
21275,39237,227.98,212.22,227.98,0.37,3,ok
21276,19372,744.56,567.09,744.56,1.69,64,ok
21279,17600,581.27,473.76,581.27,0.86,20,ok
21279,20184,1186.43,539.18,1186.43,1.53,8,ok
2128,2129,282.30,253.07,282.30,0.69,101,ok
21280,20100,1922.22,1791.24,1922.22,1.54,3,ok
21281,19352,246.48,137.05,246.48,0.57,14,ok
21281,20933,838.23,574.14,838.23,1.53,5,ok
21282,17970,1297.21,1177.38,1297.21,1.07,32,ok
21282,18875,4014.26,3596.12,4014.26,4.97,2,ok
21282,20648,3831.57,3606.38,3831.57,4.40,3,ok
21282,7109,1366.87,1135.73,1342.77,1.14,3,ok
21283,17972,1202.08,1196.48,1202.08,0.97,23,ok
21283,18876,1209.89,1225.22,1209.89,1.00,8,ok
21285,18925,2844.37,2474.62,2844.37,3.09,17,ok
21285,7096,3686.55,2766.08,3649.70,4.31,1,ok
21286,18236,2530.01,2489.83,2530.01,2.01,43,ok
21286,41592,2658.92,2522.72,2658.92,2.14,1,ok
21286,41593,2932.13,2652.98,2932.13,2.76,1,ok
21286,51777,2984.30,1950.21,2976.38,2.33,16,ok
21287,21294,3130.03,2438.08,3013.65,2.98,44,ok
21288,19371,399.90,219.67,399.90,0.81,92,ok_undirected
21288,21274,633.31,549.36,633.31,1.67,5,ok
21289,20954,481.93,339.07,481.93,1.04,90,ok
2129,2130,368.58,331.84,368.58,0.86,101,ok
21290,18563,422.59,378.84,422.59,0.72,86,ok_undirected
21290,43536,908.07,424.92,908.07,1.96,7,ok
21291,19598,2856.34,2858.32,2856.34,3.44,10,ok
21291,20917,,16772.23,,13.63,8,unreachable
21291,36134,2563.61,2527.54,2563.61,2.76,29,ok
21291,4220,2871.10,2823.90,2871.10,3.46,3,ok
21292,18662,580.55,421.42,580.55,1.09,47,ok
21294,21291,1940.76,1319.03,1940.76,2.15,48,ok
21294,37632,4311.23,1545.07,1692.03,4.93,2,ok
21294,4220,4811.86,4104.24,4811.86,5.60,2,ok
21295,21307,1161.38,1026.68,1161.38,0.86,19,ok
21295,35382,1700.92,630.80,1553.04,1.64,2,ok
21296,20397,1519.08,1453.93,1519.08,1.56,23,ok_undirected
21296,20917,1498.40,1430.70,1498.40,1.21,3,ok_undirected
21298,19488,1261.84,1074.81,1247.44,1.15,55,ok
21298,39998,1444.78,988.95,1380.16,1.68,1,ok
21299,20367,10604.01,6062.15,9320.23,12.49,1,ok
21299,6102,242.90,195.67,242.90,0.52,3,ok
2130,2124,265.13,340.37,265.13,0.62,101,ok
21300,21242,135.57,145.00,135.57,0.32,29,ok
21301,18893,3219.67,3175.65,3219.67,2.78,24,ok
21301,20535,2198.39,2231.84,2198.39,1.80,20,ok
21302,4677,3168.97,3162.79,3168.97,4.86,2,ok
21302,4724,621.81,641.49,621.81,0.84,58,ok
21304,18008,,16603.47,,13.45,5,unreachable
21304,20873,6955.24,5669.19,6955.24,5.60,2,ok
21304,4243,6953.07,5776.36,6953.07,5.61,26,ok
21305,20397,1295.75,1256.51,1295.75,1.06,16,ok
21305,20917,1360.00,1389.96,1360.00,1.31,9,ok
21305,46514,2601.00,1647.64,2601.00,2.46,2,ok
21306,19072,687.90,692.42,687.90,1.16,1,ok
21306,4998,305.47,284.55,305.47,0.48,64,ok_undirected
21307,35344,3100.42,2730.46,2754.97,2.28,2,ok
21307,4211,2840.42,2658.64,2840.42,2.10,19,ok
21308,19006,1507.12,1465.57,1507.12,1.42,82,ok_undirected
21308,39993,1989.83,1470.43,1972.39,2.79,2,ok
21308,39998,1839.45,1435.42,1822.01,2.19,8,ok
21309,46399,2555.66,1996.12,2555.66,2.63,8,ok
21309,46514,2281.38,1937.58,2281.38,2.21,18,ok
21309,47145,2549.65,2217.10,2549.65,2.64,4,ok
2131,2988,187.28,83.90,187.28,0.60,19,ok
21310,35185,269.57,213.39,269.57,0.53,4,ok
2132,2445,389.77,328.68,389.77,1.10,35,ok_undirected
2132,2573,703.92,605.31,703.92,1.78,1,ok
2133,2134,329.88,322.97,329.88,0.98,37,ok
2133,2434,468.28,478.32,468.28,1.40,38,ok
2134,2017,193.97,180.17,193.97,0.65,25,ok
2134,2434,138.40,158.76,138.40,0.42,12,ok
2135,2162,184.17,124.02,184.17,0.88,43,ok
2136,2137,424.96,183.80,424.96,1.31,36,ok_undirected
2136,2988,450.09,441.53,450.09,1.40,2,ok_undirected
2137,2133,267.42,186.96,267.42,1.07,34,ok
2137,2135,335.54,161.27,335.54,1.35,1,ok
2137,2988,530.02,298.73,522.26,1.64,1,ok
2139,2113,293.59,243.95,293.59,0.72,19,ok
2139,2114,262.90,244.46,262.90,0.77,68,ok
2140,2141,336.71,324.56,336.71,0.62,102,ok
2141,3626,224.27,206.40,224.27,0.35,102,ok
2142,2144,362.99,159.01,362.99,0.80,88,ok
2142,39749,346.04,349.77,346.04,0.76,14,ok
2143,3490,1651.21,1410.94,1605.25,5.64,32,ok
2143,35790,886.69,513.57,886.69,2.46,68,ok_undirected
2143,3959,3427.28,3090.69,3427.28,10.58,2,ok
2144,2116,213.88,282.88,213.88,0.57,94,ok
2145,2146,341.04,360.96,341.04,0.54,87,ok
2146,2147,339.29,336.94,339.29,0.65,87,ok
2147,2139,292.16,236.28,292.16,0.71,87,ok
2148,39710,200.45,218.49,200.45,0.99,6,ok
2149,2116,0.00,81.47,0.00,0.20,1,no_coverage
2149,2859,352.00,199.29,352.00,0.94,73,ok
2150,17442,465.23,158.86,465.23,1.23,6,ok
2151,35844,458.59,327.37,458.59,1.60,19,ok
2151,3699,599.48,433.69,599.48,2.05,31,ok_undirected
2151,3977,477.39,417.98,477.39,1.43,48,ok
2153,2154,1609.94,250.31,1609.94,3.48,6,ok
2154,2155,341.04,264.73,341.04,0.54,6,ok_undirected
2155,39749,457.63,499.62,457.63,0.89,6,ok_undirected
2157,2192,6278.61,5349.71,3998.96,11.38,2,ok
2157,2711,188.93,154.48,188.93,0.77,46,ok_undirected
2157,3510,354.51,322.71,354.51,0.57,5,ok
2158,2159,208.07,249.98,208.07,0.59,79,ok
2159,2150,108.52,132.69,108.52,0.20,6,ok
2159,3487,271.40,259.04,271.40,0.52,74,ok
2160,3322,572.59,412.02,572.59,1.85,43,ok
2162,3029,326.01,185.60,326.01,1.92,18,ok
2162,35822,497.42,271.09,497.42,2.07,9,ok
2162,38892,422.41,258.02,422.41,2.33,17,ok
2164,3732,399.46,256.65,298.46,1.89,11,ok
2164,3952,222.65,182.77,222.65,0.99,39,ok
2164,41361,578.58,243.19,578.58,1.65,5,ok
2166,3731,74.23,120.21,74.23,0.24,52,ok
2167,2170,384.38,360.18,384.38,1.07,85,ok
2168,3139,314.25,337.25,314.25,0.75,6,ok
2170,2053,351.21,324.56,351.21,1.08,58,ok
2170,3839,878.58,680.76,878.58,3.40,27,ok
2171,2166,540.63,227.92,540.63,2.14,52,ok
2171,3959,575.54,257.96,575.54,2.67,29,ok
2172,3970,405.55,346.94,405.55,1.06,75,ok_undirected
2175,3181,2267.70,2233.20,2267.70,3.22,4,ok
2175,3852,995.87,973.16,995.87,1.41,157,ok
2176,3599,351.25,341.02,351.25,0.82,33,ok_undirected
2176,3601,386.11,381.18,386.11,0.96,10,ok_undirected
2177,2191,569.37,477.99,569.37,1.16,20,ok
2177,2192,594.12,524.39,594.12,1.18,15,ok
2179,1469,885.00,538.78,885.00,1.42,126,ok
2179,2218,1644.45,786.37,1239.87,3.34,1,ok
2179,3915,1313.77,977.08,1313.77,2.32,23,ok
2181,2193,190.82,211.41,190.82,0.67,31,ok
2181,2194,231.70,138.44,231.70,0.76,5,ok_undirected
2182,2183,232.05,228.96,232.05,0.71,34,ok
2183,2185,340.09,316.27,340.09,1.01,34,ok
2184,3023,293.32,304.96,293.32,0.57,14,ok
2185,2186,294.51,232.68,294.51,0.85,34,ok
2186,35627,275.40,258.69,275.40,0.77,34,ok
2188,2209,230.41,216.86,230.41,0.63,56,ok
2189,2212,256.55,286.67,256.55,0.70,51,ok
2190,2589,487.03,483.39,475.99,1.14,43,ok_undirected
2191,2208,206.13,206.63,206.13,0.57,51,ok
2192,2215,386.13,435.36,386.13,0.71,19,ok
2193,2197,507.52,366.62,507.52,1.83,31,ok
2194,3632,509.75,325.34,188.09,1.37,5,ok
2196,3595,145.16,148.69,145.16,0.67,31,ok
2197,2196,300.31,238.41,300.31,1.34,31,ok
2199,2200,327.86,351.70,327.86,0.81,31,ok
2200,2201,241.29,280.24,241.29,0.57,31,ok
2201,2675,434.49,332.24,403.73,1.24,17,ok
2201,3022,417.85,281.23,417.85,1.18,14,ok
2202,2203,274.76,266.42,274.76,0.74,56,ok
2203,2211,440.27,425.54,440.27,1.20,56,ok
2205,2291,339.67,261.95,339.67,1.23,16,ok
2206,2205,232.80,219.23,232.80,1.10,16,ok
2206,2500,286.53,245.38,286.53,1.22,17,ok
2206,3915,385.40,330.39,385.40,1.45,5,ok
2208,2189,380.74,261.08,380.74,1.02,51,ok
2209,2190,222.30,136.71,222.30,0.51,22,ok
2209,3559,432.39,243.29,432.39,1.58,34,ok
2211,2188,240.64,154.49,240.64,0.73,56,ok
2212,2213,180.55,222.41,180.55,0.52,51,ok
2213,2757,893.99,583.75,218.62,2.59,6,ok
2213,2944,343.81,218.81,343.81,1.02,45,ok
2214,2190,304.58,262.62,304.58,0.76,21,ok
2215,2989,730.77,638.12,155.06,1.74,1,ok
2215,35656,316.27,203.79,316.27,0.80,18,ok
2216,2757,139.97,122.63,109.74,0.36,15,ok_undirected
2217,35814,544.34,483.05,544.34,1.30,44,ok
2218,2181,214.72,208.25,206.98,0.76,31,ok_undirected
2218,3594,734.97,518.39,467.34,2.41,1,ok_undirected
2220,1488,140.80,135.16,140.80,0.40,44,ok
2220,43021,274.29,246.83,274.29,0.96,11,ok
2223,2517,218.19,222.50,218.19,0.63,11,ok
2224,2225,226.32,248.10,226.32,0.67,13,ok
2225,2545,464.14,338.46,464.14,1.08,13,ok
2226,2223,243.24,226.27,243.24,0.85,11,ok
2227,49158,433.50,391.14,433.50,1.48,11,ok
2228,2227,413.12,434.90,413.12,1.14,11,ok
2229,2235,526.37,323.58,526.37,1.86,43,ok
2229,3907,386.76,376.16,386.76,1.22,4,ok_undirected
2230,3719,274.82,262.24,274.82,0.86,59,ok
2231,2233,155.76,176.33,155.76,0.47,41,ok
2231,2234,356.26,326.03,356.26,1.12,12,ok
2232,2230,179.56,175.56,179.56,0.55,59,ok
2233,2239,247.37,213.52,247.37,0.90,70,ok
2234,2963,111.26,174.58,111.26,0.34,12,ok
2235,2964,285.48,226.46,285.48,0.81,39,ok_undirected
2236,2232,322.06,305.59,322.06,0.89,47,ok
2236,2963,198.62,246.57,198.62,0.65,35,ok
2238,2236,316.31,216.96,316.31,0.97,82,ok
2239,2471,316.62,289.54,316.62,1.18,50,ok
2239,35798,521.73,331.30,521.73,1.72,18,ok
2239,39238,2004.48,957.19,1258.78,4.29,1,ok
2240,2238,136.71,166.63,136.71,0.43,82,ok
2243,2244,244.44,232.46,244.44,0.50,63,ok
2244,2255,245.51,181.76,245.51,0.58,63,ok
2245,2246,186.40,134.89,186.40,0.52,17,ok
2246,3706,260.11,250.37,260.11,0.64,17,ok_undirected
2247,2252,501.31,374.28,501.31,0.94,17,ok
2248,2249,625.24,454.72,615.44,1.58,17,ok
2248,51771,561.89,393.58,537.13,1.35,5,ok
2249,2247,410.99,375.28,410.99,1.10,17,ok
2250,2243,311.51,154.86,311.51,0.83,17,ok
2250,2880,200.64,131.90,200.64,0.58,14,ok
2251,2245,266.27,262.07,266.27,0.72,17,ok
2252,2472,262.80,219.18,262.80,0.83,17,ok
2253,2254,202.95,177.50,202.95,0.53,68,ok
2254,2248,251.92,108.32,251.92,0.75,17,ok_undirected
2254,2880,352.02,260.78,352.02,1.04,32,ok
2254,35795,230.83,202.20,230.83,0.68,19,ok
2255,2257,271.87,219.30,271.87,0.92,45,ok
2255,2839,341.04,337.61,341.04,0.94,18,ok
2256,2253,409.01,286.52,409.01,0.82,68,ok
2257,2737,230.56,160.13,230.56,0.65,45,ok
2258,2473,117.12,184.21,117.12,0.33,28,ok
2258,35649,264.24,124.85,264.24,0.66,17,ok
2259,2260,172.51,181.93,172.51,0.67,19,ok
2260,2261,273.41,235.11,273.41,0.84,19,ok
2261,2256,228.03,269.25,228.03,0.69,19,ok
2262,17476,1062.30,454.71,1062.30,2.87,31,ok
2262,2259,935.36,254.87,935.36,2.67,19,ok
2263,2264,320.58,310.75,320.58,0.86,49,ok
2264,35655,167.97,176.33,167.97,0.54,49,ok
2265,3136,496.12,379.38,496.12,1.35,26,ok
2266,2267,458.23,452.75,458.23,1.19,56,ok
2267,2582,322.87,330.81,322.87,0.93,56,ok
2268,2270,383.54,293.71,383.54,1.07,34,ok
2268,44851,522.67,506.30,522.67,1.41,12,ok
2269,2266,290.14,222.69,290.14,0.84,48,ok
2270,2271,334.24,335.98,334.24,0.94,34,ok
2271,2273,351.14,250.78,351.14,1.13,34,ok
2272,2581,480.54,314.88,480.54,1.40,37,ok
2273,2275,332.20,327.56,332.20,1.01,39,ok
2274,2266,614.36,541.75,614.36,1.78,8,ok
2274,2272,358.74,225.64,358.74,1.05,37,ok
2275,2280,356.46,216.51,356.46,0.96,14,ok
2275,2739,298.65,229.39,298.65,1.12,5,ok_undirected
2275,2862,499.47,469.64,499.47,1.87,1,ok
2275,37466,346.88,272.42,346.88,1.21,19,ok
2276,2279,347.54,234.79,347.54,0.95,19,ok
2277,3012,329.93,398.24,329.93,0.84,33,ok
2278,35945,185.01,199.24,185.01,0.50,18,ok
2278,36107,581.46,512.04,581.46,1.62,14,ok
2279,2274,338.32,318.49,338.32,1.03,45,ok
2280,2281,115.74,182.62,115.74,0.24,14,ok
2281,36107,757.70,666.27,757.70,1.96,14,ok
2282,2475,313.48,301.79,313.48,0.88,19,ok
2283,17354,2884.01,246.07,2884.01,6.61,19,ok
2284,2743,2204.36,305.54,2204.36,4.96,18,ok
2285,2286,380.90,397.94,380.90,1.14,51,ok
2286,2287,384.42,350.96,384.42,1.11,51,ok
2287,2288,543.45,203.51,543.45,1.80,51,ok
2288,2273,769.54,573.42,452.95,2.40,5,ok_undirected
2288,2289,144.79,199.97,144.79,0.38,46,ok_undirected
2289,2268,387.47,264.22,387.47,1.21,46,ok
2291,2292,461.56,438.16,461.56,1.23,28,ok
2291,2584,773.58,739.59,773.58,2.24,1,ok
2292,2584,312.02,305.85,312.02,1.01,28,ok
2294,2295,255.38,276.97,255.38,0.78,29,ok
2295,2500,356.74,268.43,356.74,0.90,12,ok
2295,3066,417.61,201.64,250.54,1.12,2,ok
2295,3725,325.93,247.17,325.93,0.90,14,ok
2295,39198,839.95,544.63,630.22,3.08,1,ok
2296,2285,647.78,444.95,647.78,2.12,14,ok
2296,2585,357.86,300.55,357.86,1.14,29,ok
2297,2299,468.86,399.87,468.86,1.34,48,ok
2298,2296,421.64,431.11,421.64,1.25,43,ok
2299,2300,198.53,201.56,198.53,0.66,53,ok
2300,2301,381.40,327.34,381.40,1.07,53,ok
2301,2304,389.34,425.60,389.34,1.20,1,ok
2301,2674,327.24,364.94,327.24,1.06,52,ok
2302,2303,427.82,344.99,427.82,1.38,51,ok
2303,2477,182.94,268.61,182.94,0.70,51,ok
2304,3574,509.72,434.91,476.18,0.81,1,ok
2305,2302,250.19,187.85,250.19,0.77,51,ok
2306,2476,608.68,604.15,608.68,1.05,76,ok
2307,2308,257.56,237.54,257.56,0.82,35,ok
2308,2311,280.77,232.10,280.77,0.83,35,ok
2309,2310,245.14,220.23,245.14,0.78,32,ok
2310,2358,674.29,636.14,674.29,1.20,1,ok
2310,2501,99.83,98.75,99.83,0.29,31,ok
2311,2318,258.65,326.43,258.65,0.75,35,ok
2312,2313,515.51,452.70,515.51,1.54,35,ok
2313,2742,159.68,159.19,159.68,0.45,35,ok
2314,2479,475.28,422.91,475.28,1.28,32,ok
2315,2660,230.94,228.31,230.94,0.57,39,ok_undirected
2315,2782,370.44,296.64,370.44,0.97,19,ok_undirected
2316,2314,323.54,223.41,323.54,0.84,32,ok
2316,35662,417.22,334.98,417.22,1.15,19,ok
2316,51527,567.15,611.20,567.15,1.02,12,ok
2317,2587,255.70,285.29,255.70,0.79,31,ok
2318,2312,471.50,318.54,471.50,1.50,35,ok
2320,35674,279.23,298.00,279.23,0.88,29,ok
2322,2480,288.81,177.39,288.81,0.94,21,ok_undirected
2322,2909,302.62,272.85,302.62,0.88,30,ok_undirected
2323,2320,318.83,251.75,318.83,0.91,29,ok
2323,2910,389.22,317.75,389.22,1.47,38,ok
2324,2487,254.24,186.44,254.24,0.66,14,ok
2325,2324,252.28,249.72,252.28,0.72,14,ok_undirected
2326,2488,343.59,327.68,343.59,0.85,51,ok
2327,2330,238.35,212.22,238.35,0.86,51,ok
2328,2329,498.90,334.50,498.90,1.53,67,ok_undirected
2329,2504,399.29,378.76,399.29,1.03,67,ok_undirected
2330,35624,150.61,103.26,150.61,0.58,51,ok
2331,2328,229.08,195.20,229.08,0.63,67,ok
2333,2489,238.98,289.00,238.98,0.75,35,ok
2334,1081,747.58,669.20,747.58,1.08,5,ok
2335,2336,65.91,138.15,65.91,0.25,28,ok
2336,3399,230.57,165.07,230.57,0.64,28,ok
2337,1720,532.72,528.87,532.72,0.55,15,ok
2337,1725,4660.83,4643.76,4660.83,4.16,2,ok
2337,38790,911.92,839.48,911.92,0.95,2,ok
2337,38793,532.72,462.43,532.72,0.55,3,ok
2338,2339,1310.12,1295.11,1310.12,1.13,29,ok
2339,2760,6950.98,1248.10,6950.98,15.10,29,ok
2340,2490,1260.44,1238.51,1260.44,1.15,21,ok
2340,38782,1794.62,1303.56,1794.62,2.66,1,ok
2341,3153,919.74,866.87,919.74,1.20,29,ok
2342,3727,608.94,655.70,608.94,1.24,7,ok
2344,17059,300.72,168.77,300.72,0.67,1,ok
2344,17060,354.54,367.95,354.54,0.74,64,ok
2345,17566,4817.76,4402.91,4817.76,5.39,11,ok
2345,2358,7738.03,6691.55,7738.03,10.03,3,ok
2345,3923,3668.22,2794.27,3668.22,4.22,4,ok
2347,2673,6553.77,5945.99,6553.77,7.46,16,ok
2347,3275,10169.68,7296.48,10150.14,11.23,1,ok
2349,17102,446.37,430.40,446.37,1.01,50,ok
2349,44652,337.72,274.29,337.72,0.94,9,ok
2350,2750,306.76,303.02,306.76,0.66,50,ok
2350,2933,1189.19,1182.05,1189.19,2.22,2,ok
2356,2357,2975.82,2163.93,2975.82,4.25,2,ok
2356,3869,3047.59,1334.11,3047.59,4.22,95,ok
2357,2179,2567.97,1511.24,1783.61,3.40,2,ok
2357,3803,716.67,683.66,716.67,0.89,92,ok_undirected
2358,1461,874.18,391.10,874.18,2.22,102,ok
2358,2359,1173.12,1168.32,1173.12,1.78,9,ok
2358,3009,431.27,350.28,431.27,0.78,9,ok
2359,2306,868.92,843.05,868.92,1.27,76,ok
2359,2476,1477.59,1422.35,1477.59,2.32,44,ok
2359,2740,454.26,293.53,454.26,1.42,30,ok
2360,2362,563.17,540.55,563.17,1.46,5,ok
2360,3422,391.54,335.25,391.54,1.11,96,ok
2360,3532,371.76,385.32,371.76,1.02,64,ok
2362,19087,2727.77,2606.23,2727.77,3.07,19,ok
2362,37028,3969.71,3423.93,3725.74,5.90,1,ok
2363,2364,819.70,785.06,819.70,1.24,64,ok
2363,2535,211.80,121.30,211.80,0.54,48,ok
2364,2360,824.86,819.08,824.86,1.48,113,ok
2364,3532,1196.62,1204.41,1196.62,2.50,9,ok
2373,2358,2303.42,2251.50,2303.42,3.54,9,ok
2373,2660,1319.41,560.82,1319.41,2.44,54,ok
2373,3403,901.42,870.95,901.42,1.47,13,ok
2374,19722,1038.42,769.98,971.07,1.30,36,ok_undirected
2374,6998,6781.85,3850.39,6781.85,9.73,17,ok
2378,1267,415.98,391.36,415.98,0.94,3,ok
2381,1267,599.80,572.27,599.80,1.32,88,ok
2381,2378,183.82,181.07,183.82,0.39,2,ok
2381,3847,183.82,143.03,183.82,0.39,12,ok
2384,3970,2253.37,305.00,2253.37,6.74,35,ok
2384,3979,826.87,686.52,815.04,2.28,2,ok_undirected
2387,1814,1190.15,1094.99,1190.15,2.27,6,ok
2387,2813,881.40,807.14,683.80,1.42,9,ok
2387,3053,881.40,787.28,683.80,1.42,6,ok
2387,3054,967.91,867.87,770.31,1.65,2,ok
2390,2391,272.20,222.77,272.20,0.59,28,ok
2391,2633,243.57,204.72,243.57,0.76,28,ok
2392,3265,2270.45,1739.03,2270.45,2.49,18,ok
2392,3276,2309.41,1808.66,2309.41,2.47,12,ok
2392,3668,3251.72,3192.04,3251.72,3.53,1,ok_undirected
2392,51864,4637.77,3553.20,4637.77,4.50,3,ok
2393,2396,181.91,144.27,181.91,0.45,34,ok
2394,42805,332.51,242.65,332.51,0.49,7,ok
2394,42806,324.16,323.19,324.16,0.49,59,ok
2395,2143,965.53,1001.14,965.53,1.35,9,ok
2395,2402,292.18,221.25,205.25,0.67,69,ok_undirected
2396,2713,244.56,228.47,244.56,0.87,32,ok
2402,2356,919.26,911.84,380.67,1.81,2,ok_undirected
2402,51258,1104.92,524.29,1017.99,3.34,28,ok
2405,2614,353.19,314.85,287.55,1.12,12,ok
2406,17039,485.09,439.70,485.09,0.78,7,ok
2406,17040,682.23,514.90,682.23,1.24,9,ok
2407,3325,607.21,512.76,607.21,1.74,11,ok
2409,2050,118.54,58.36,118.54,0.42,48,ok_undirected
2409,3818,469.30,301.14,469.30,1.45,35,ok
2409,3971,632.61,281.30,632.61,2.04,58,ok
2410,2384,819.33,786.92,819.33,2.30,37,ok_undirected
2412,17047,228.81,190.94,228.81,0.68,17,ok
2412,2413,194.05,149.86,194.05,0.57,1,ok
2413,17047,34.76,56.45,34.76,0.11,1,ok
2414,17487,505.68,461.93,505.68,1.25,23,ok
2414,3950,333.75,231.01,333.75,0.84,7,ok
2415,2837,204.04,193.85,204.04,0.63,52,ok
2416,3339,314.43,182.32,314.43,1.11,1,ok
2416,51611,754.63,585.96,754.63,2.02,5,ok
2417,2418,338.75,242.60,338.75,0.88,11,ok
2418,2420,362.14,213.23,362.14,0.87,11,ok
2419,2509,430.98,304.10,430.98,1.17,25,ok
2420,2421,0.00,150.07,0.00,0.48,11,no_coverage
2421,1795,258.82,124.37,258.82,0.77,11,ok
2424,3646,0.00,136.17,0.00,0.80,12,no_coverage
2425,1943,289.94,106.46,289.94,0.86,33,ok
2426,3681,293.67,278.83,293.67,0.85,26,ok
2427,2883,554.70,358.18,554.70,1.56,12,ok
2427,3234,350.91,206.37,350.91,1.35,63,ok
2428,2429,232.70,176.44,232.70,0.49,90,ok
2429,3090,142.72,182.82,142.72,0.32,90,ok
2430,1973,330.22,247.25,330.22,1.15,19,ok
2431,1971,254.17,164.02,254.17,0.91,22,ok
2431,36922,251.85,272.56,251.85,0.72,34,ok
2432,2433,357.31,338.78,357.31,0.74,19,ok_undirected
2433,2784,706.75,310.10,706.75,2.09,19,ok
2434,2499,181.77,167.04,181.77,0.50,84,ok
2435,2436,526.04,317.52,526.04,1.21,51,ok
2436,3105,747.07,370.52,747.07,1.69,51,ok
2437,2025,249.62,260.51,249.62,0.76,107,ok
2438,2439,263.73,268.41,263.73,0.54,68,ok
2439,2882,351.95,345.29,311.73,0.59,68,ok
2441,2442,357.31,360.51,357.31,0.74,16,ok
2442,2002,252.63,278.54,252.63,0.79,16,ok
2443,2028,617.96,557.06,617.96,2.38,1,ok
2443,2047,157.33,160.62,157.33,0.65,116,ok
2443,2566,917.33,758.00,917.33,3.48,2,ok
2444,17302,971.20,398.02,971.20,2.27,9,ok_undirected
2444,2136,2348.75,383.10,2082.75,7.98,35,ok
2444,2532,1969.35,660.53,1703.35,6.80,1,ok
2444,3365,809.66,525.20,809.66,1.99,1,ok_undirected
2445,2573,479.23,328.39,479.23,1.08,35,ok
2445,46749,1259.38,656.59,1259.38,2.32,4,ok
2448,2454,410.27,210.77,410.27,0.87,4,ok_undirected
2449,2457,282.37,195.71,282.37,0.55,5,ok
2450,3687,635.38,289.58,635.38,1.34,4,ok
2454,2711,578.53,455.00,578.53,1.51,4,ok_undirected
2455,3688,609.05,430.85,609.05,1.49,5,ok
2456,2450,220.47,205.05,220.47,0.47,4,ok_undirected
2457,2458,996.61,399.20,996.61,1.86,5,ok
2458,2459,566.52,474.67,0.00,2.47,5,no_coverage
2459,2647,464.08,387.37,464.08,0.93,4,ok
2462,49174,806.99,659.99,783.81,1.11,11,ok_undirected
2464,3093,3775.94,300.79,3675.00,6.50,11,ok
2465,2214,309.26,338.78,309.26,1.22,21,ok
2466,2218,412.58,264.58,404.19,1.15,31,ok
2467,2224,235.10,178.47,235.10,0.89,16,ok
2468,2469,425.02,349.94,425.02,1.45,53,ok
2468,3719,216.51,173.42,216.51,0.69,1,ok
2469,2231,316.83,269.51,316.83,1.04,53,ok
2470,2615,408.03,387.83,408.03,1.25,36,ok
2470,35638,358.34,256.50,358.34,1.08,12,ok
2470,3582,432.45,321.60,432.45,1.46,12,ok
2471,2694,368.29,288.90,368.29,0.90,17,ok
2471,2879,555.37,454.32,555.37,1.57,33,ok
2472,2240,196.57,192.84,196.57,0.75,63,ok
2473,2474,226.79,159.23,226.79,0.58,51,ok
2474,17468,306.30,283.20,79.50,0.69,37,ok
2474,3927,353.16,198.69,353.16,0.63,14,ok
2475,2283,2304.55,298.37,2304.55,6.20,19,ok
2476,2500,774.63,774.37,774.63,1.36,149,ok
2476,3725,732.80,692.28,732.80,1.33,8,ok
2477,2586,344.86,270.81,344.86,1.00,51,ok
2478,2502,1109.00,580.25,1109.00,2.15,67,ok
2478,2659,1208.54,1245.73,1208.54,2.25,2,ok
2478,3402,842.80,856.17,842.80,1.57,13,ok
2478,6998,6714.94,5577.87,6714.94,9.78,6,ok
2479,2317,382.19,298.30,382.19,1.14,31,ok
2479,2587,637.89,583.49,637.89,1.92,1,ok
2480,2325,266.26,191.56,266.26,0.86,14,ok_undirected
2480,2484,242.08,210.38,242.08,0.78,35,ok
2481,2483,358.88,246.72,358.88,1.22,45,ok_undirected
2482,2485,199.87,186.80,199.87,0.58,14,ok
2482,2503,196.96,241.23,196.96,0.58,51,ok
2483,2323,609.03,288.79,609.03,2.03,29,ok
2483,2909,486.83,241.78,486.83,1.56,16,ok
2483,2983,295.39,294.35,295.39,0.94,14,ok_undirected
2484,2482,409.91,322.21,409.91,1.28,21,ok
2484,2908,556.71,364.89,556.71,1.70,14,ok
2485,2486,322.51,310.29,322.51,0.69,14,ok
2486,2588,339.95,327.59,339.95,0.86,14,ok
2487,2878,299.91,309.32,299.91,0.64,14,ok
2488,2327,255.01,272.16,255.01,0.81,51,ok
2489,3016,363.22,257.16,363.22,0.95,14,ok
2489,3324,266.23,218.35,266.23,0.73,21,ok
2490,2512,1456.26,944.95,1456.26,1.34,22,ok
2491,2338,1484.10,974.06,1484.10,1.29,27,ok
2492,1795,791.58,469.36,791.58,2.10,2,ok
2492,1797,377.47,328.63,377.47,1.39,14,ok
2493,2494,230.42,174.14,230.42,0.52,19,ok
2494,1793,390.55,336.71,390.55,0.84,20,ok
2496,2108,261.09,159.14,261.09,0.77,9,ok
2496,2110,156.48,176.73,156.48,0.45,9,ok
2496,2766,253.21,229.54,253.21,0.57,18,ok
2497,1993,281.36,258.52,281.36,0.86,4,ok
2498,2108,317.54,259.54,317.54,0.96,19,ok
2499,2564,330.96,284.96,330.96,0.78,80,ok
2499,3187,259.62,221.42,259.62,0.61,4,ok
2500,1249,1077.30,1074.39,1077.30,1.72,24,ok
2500,3899,398.12,250.03,398.12,0.84,154,ok_undirected
2501,2358,574.46,562.78,574.46,0.91,79,ok
2501,2362,399.75,333.97,399.75,0.89,4,ok
2501,3009,1005.74,907.42,1005.74,1.69,1,ok
2501,3423,814.58,521.82,814.58,1.87,51,ok
2502,3402,250.60,275.94,250.60,0.54,48,ok
2502,35837,825.93,387.65,771.89,1.98,38,ok
2503,36130,225.45,176.49,225.45,0.64,51,ok
2504,16988,340.46,322.17,340.46,0.99,67,ok
2506,17021,116.21,187.14,116.21,0.30,4,ok
2508,17120,82.56,193.69,82.56,0.17,10,ok
2508,1797,197.88,162.93,197.88,1.34,4,ok
2509,1802,354.65,242.52,354.65,0.73,25,ok
2512,1734,46.22,521.58,46.22,0.07,22,ok
2513,2114,157.20,169.01,157.20,0.55,27,ok
2513,2115,254.65,229.12,254.65,0.72,21,ok
2514,2515,275.39,271.02,275.39,0.74,1,ok
2514,3789,175.49,157.74,175.49,0.45,28,ok
2515,2516,256.42,236.17,256.42,0.55,29,ok
2516,2106,299.00,337.52,299.00,0.86,1,ok
2516,3765,205.95,193.05,205.95,0.58,28,ok
2517,2518,81.41,73.96,81.41,0.22,11,ok
2518,35567,222.47,122.10,222.47,0.93,11,ok
2519,2467,245.82,251.85,245.82,0.94,13,ok
2523,2362,954.48,886.11,707.04,2.28,2,ok
2523,2501,561.17,552.32,313.73,0.84,71,ok
2524,2525,320.89,134.83,320.89,5.26,13,ok
2525,2577,95.51,185.82,52.59,1.04,13,ok
2526,2527,320.89,173.54,320.89,0.91,13,ok
2527,2630,215.44,259.83,215.44,0.55,13,ok
2528,1915,222.25,206.66,222.25,1.20,13,ok
2529,1926,141.50,203.34,141.50,0.34,31,ok
2530,2529,379.33,246.68,379.33,1.00,31,ok
2531,1984,421.38,354.46,421.38,1.20,27,ok
2531,1985,223.13,251.28,223.13,0.63,35,ok
2531,3755,252.64,140.88,252.64,0.56,6,ok
2532,2533,226.39,171.25,226.39,0.73,5,ok
2533,3086,143.42,153.07,143.42,0.43,5,ok
2534,2666,209.10,206.07,209.10,0.65,4,ok
2534,3222,515.00,326.62,515.00,1.68,1,ok
2534,35671,471.08,313.42,471.08,1.45,12,ok
2535,2297,233.97,208.36,233.97,0.83,48,ok
2536,3490,485.70,483.87,485.70,1.26,14,ok
2536,42794,392.00,358.65,392.00,0.98,1,ok
2538,2465,521.29,389.09,521.29,1.05,2,ok_undirected
2539,2414,283.43,116.13,283.43,0.78,30,ok
2540,2883,357.26,325.42,357.26,0.80,63,ok
2541,2542,216.93,293.80,216.93,0.55,14,ok
2542,2543,235.80,224.50,235.80,0.55,14,ok
2543,2226,447.92,311.99,447.92,1.46,11,ok
2543,2467,909.35,588.17,909.35,2.94,3,ok
2544,3034,429.68,310.73,429.68,1.57,1,ok
2544,39089,228.47,249.11,228.47,0.86,13,ok
2545,2546,325.28,387.40,325.28,0.66,13,ok
2546,2547,221.71,173.31,221.71,0.57,13,ok
2547,17511,224.81,222.30,224.81,0.72,13,ok
2549,17225,523.98,470.96,523.98,0.98,67,ok
2554,38623,290.72,265.87,290.72,0.61,12,ok
2556,17149,368.15,307.47,368.15,0.78,25,ok_undirected
2558,1872,176.96,188.95,176.96,0.61,87,ok_undirected
2559,1891,460.07,324.06,460.07,1.52,9,ok
2560,2561,627.49,315.20,627.49,1.73,67,ok_undirected
2561,2011,439.42,392.37,439.42,1.73,33,ok
2561,2017,193.69,196.77,193.69,0.67,34,ok
2563,1372,7564.80,6296.25,7564.80,14.33,2,ok
2563,3360,4082.07,3630.48,4014.48,7.19,7,ok_undirected
2563,3797,8472.77,7872.97,8472.77,6.94,17,ok
2563,43513,989.35,689.18,989.35,1.95,3,ok
2563,43656,762.29,685.57,762.29,1.52,15,ok
2564,2007,450.86,190.49,450.86,1.20,80,ok
2566,2051,150.62,144.06,150.62,0.32,37,ok
2566,3816,326.54,279.12,326.54,0.71,18,ok
2567,2132,588.86,430.12,588.86,2.13,1,ok
2567,3563,137.30,177.29,137.30,0.46,83,ok
2568,1874,249.39,243.97,249.39,0.91,8,ok
2568,2559,404.63,228.46,404.63,1.70,1,ok
2569,41355,283.52,296.40,283.52,0.82,4,ok
2570,2835,1854.50,443.82,1854.50,3.25,25,ok
2570,3437,1031.23,793.95,1031.23,2.17,47,ok
2571,2435,472.47,280.05,472.47,1.46,2,ok
2571,42438,336.54,207.20,336.54,1.03,49,ok
2572,2021,324.10,162.68,324.10,1.10,48,ok
2572,3327,310.83,180.88,310.83,1.12,10,ok
2573,2092,3002.72,2142.90,2700.23,5.39,2,ok
2573,2836,1171.89,1029.83,1171.89,2.11,23,ok
2573,3437,1631.53,1263.16,1631.53,2.88,8,ok
2573,3939,2670.34,2122.53,2670.34,4.76,2,ok
2574,1641,1846.15,1844.46,1846.15,2.41,9,ok
2574,50891,982.50,994.04,982.50,1.18,11,ok_undirected
2576,3435,223.53,178.13,223.53,0.62,12,ok
2577,2528,158.19,188.83,49.17,0.38,13,ok
2578,3955,166.96,162.21,166.96,0.47,58,ok
2580,1099,433.33,455.86,433.33,0.81,56,ok_undirected
2581,2269,375.87,384.44,375.87,1.31,48,ok
2582,35625,398.13,357.02,398.13,1.33,56,ok
2583,2363,736.48,557.39,736.48,1.12,112,ok
2583,2364,1555.27,1326.63,1555.27,2.29,25,ok
2584,2583,330.24,247.66,330.24,1.05,29,ok_undirected
2585,2294,503.92,450.32,503.92,1.23,29,ok
2586,2298,287.93,286.75,287.93,1.00,43,ok
2586,2740,912.96,768.39,912.96,3.49,8,ok
2587,2309,331.21,229.76,331.21,0.99,32,ok
2588,2483,608.22,434.83,608.22,1.77,14,ok_undirected
2589,2176,250.16,253.87,250.16,0.53,43,ok_undirected
2591,3754,82.67,132.00,82.67,0.24,6,ok
2594,2595,377.72,186.97,377.72,0.92,10,ok
2595,17021,272.13,210.33,272.13,0.76,10,ok
2596,17355,325.08,299.48,325.08,1.14,18,ok
2597,3926,73.25,63.44,73.25,0.17,8,ok
2597,3933,110.68,97.05,110.68,0.43,10,ok
2598,17099,322.33,284.23,322.33,0.79,10,ok
2598,17100,314.30,310.69,314.30,0.71,37,ok
2600,2936,252.34,227.60,252.34,0.51,50,ok
2601,2753,369.47,350.48,369.47,1.12,27,ok
2602,17115,708.80,678.80,708.80,1.07,33,ok
2603,1945,199.79,238.38,199.79,0.81,37,ok
2604,1992,355.93,301.46,355.93,0.89,19,ok_undirected
2604,2955,929.31,432.07,929.31,2.27,47,ok
2605,2851,251.08,183.65,251.08,0.57,19,ok
2606,2609,539.68,450.95,539.68,1.25,4,ok
2606,36029,300.90,282.67,300.90,0.89,10,ok
2606,36030,1551.52,971.52,1551.52,2.53,2,ok
2608,1615,843.15,626.26,843.15,1.15,4,ok
2608,2969,1426.01,747.45,1426.01,2.60,8,ok
2609,2607,695.88,666.02,695.88,1.00,16,ok
2612,2613,206.06,217.88,206.06,0.67,30,ok
2613,2539,196.74,154.31,196.74,0.56,30,ok
2614,3271,249.30,260.64,0.00,0.77,12,no_coverage
2615,3223,335.94,273.40,335.94,1.27,36,ok
2616,2468,324.45,358.18,324.45,1.14,37,ok
2616,3582,565.47,416.50,565.47,1.97,1,ok
2617,3782,165.32,172.32,165.32,0.36,45,ok
2617,42830,602.32,555.00,602.32,1.89,7,ok
2618,17046,469.74,195.17,469.74,1.80,4,ok
2618,17199,88.96,114.18,88.96,0.31,2,ok
2618,2612,324.61,302.99,324.61,1.24,15,ok
2618,3950,721.57,673.48,721.57,1.99,7,ok
2619,2035,140.35,158.09,140.35,0.41,17,ok
2619,2038,575.82,379.36,575.82,1.18,24,ok
2620,2570,513.29,539.48,513.29,0.78,11,ok
2620,3077,1038.45,681.55,1038.45,1.89,47,ok
2620,3652,76.00,49.30,76.00,0.18,9,ok
2623,17443,247.34,243.83,247.34,0.34,70,ok
2624,17440,113.51,134.30,113.51,0.26,70,ok
2625,1924,381.97,177.87,381.97,0.95,31,ok_undirected
2626,1982,509.84,465.57,509.84,0.56,110,ok
2627,1941,1095.29,706.71,1095.29,2.21,23,ok
2627,2654,632.71,592.22,632.71,0.79,96,ok
2628,2030,237.94,219.16,237.94,0.63,46,ok
2630,2631,160.33,165.18,160.33,0.45,13,ok
2631,2632,119.76,107.95,119.76,0.54,13,ok
2632,3678,178.83,115.77,178.83,0.63,13,ok
2633,16972,326.30,247.45,326.30,1.07,2,ok
2633,20508,383.59,334.79,383.59,1.17,18,ok
2633,3194,384.55,219.66,384.55,1.12,1,ok
2633,41946,159.03,62.88,159.03,0.56,8,ok
2638,1187,151.45,107.57,151.45,0.48,37,ok
2639,1302,224.55,234.69,224.55,0.51,14,ok
2641,3676,81.33,94.83,81.33,0.33,13,ok
2642,2643,96.54,152.82,96.54,0.21,13,ok
2643,3664,119.12,108.41,119.12,0.24,13,ok
2647,2456,485.63,493.12,485.63,0.95,4,ok
2648,2649,576.50,489.95,576.50,1.30,2,ok
2649,17501,679.74,491.47,441.13,1.73,2,ok
2650,2651,577.42,194.31,577.42,1.99,43,ok
2651,2881,417.23,419.34,417.23,1.45,5,ok_undirected
2651,3222,509.81,301.77,509.81,1.87,35,ok_undirected
2651,3501,462.22,376.74,462.22,1.63,2,ok_undirected
2651,39239,229.51,226.64,229.51,0.87,1,ok_undirected
2653,1784,870.11,886.75,870.11,2.03,29,ok
2654,1906,1124.23,1146.46,1124.23,1.50,36,ok_undirected
2654,3038,800.69,886.02,800.69,0.96,60,ok
2655,1914,539.79,480.83,539.79,1.82,108,ok
2656,1665,264.20,345.81,264.20,1.08,7,ok
2657,1187,480.21,299.48,480.21,1.50,96,ok
2659,2374,582.94,506.09,582.94,0.91,36,ok_undirected
2660,2523,880.84,604.50,527.27,1.98,16,ok_undirected
2660,3403,573.56,310.12,573.56,1.21,49,ok_undirected
2660,35837,770.06,357.23,770.06,1.83,28,ok_undirected
2661,2373,1097.28,918.07,1029.93,1.40,54,ok_undirected
2663,1456,637.34,554.93,637.34,1.85,1,ok
2663,17282,309.11,221.39,309.11,0.87,42,ok
2665,2604,448.72,373.87,438.98,1.04,1,ok_undirected
2665,3828,240.84,207.70,231.10,0.54,59,ok_undirected
2666,3497,246.74,209.08,246.74,0.96,43,ok
2669,2670,331.66,247.25,331.66,0.66,2,ok
2670,2554,681.57,473.15,460.37,1.55,2,ok
2673,3265,1473.51,1335.55,1473.51,1.41,3,ok
2673,3275,1465.54,1400.30,1465.54,1.37,33,ok_undirected
2674,2360,541.15,341.10,541.15,1.61,52,ok
2676,1786,431.43,253.76,431.43,1.41,42,ok
2678,2679,196.50,188.79,196.50,0.61,66,ok
2679,1586,372.05,289.73,372.05,1.00,30,ok
2679,2976,537.97,316.85,246.50,1.74,7,ok
2679,43018,313.80,167.71,313.80,0.81,29,ok
2680,2580,592.46,294.86,592.46,1.36,11,ok
2681,2682,206.57,162.76,206.57,0.51,5,ok
2682,2019,185.85,163.57,185.85,0.50,5,ok
2683,3769,120.86,169.29,120.86,0.26,8,ok
2684,3770,230.44,146.70,230.44,0.48,8,ok
2686,3094,288.34,297.61,288.34,0.82,8,ok
2687,2075,716.51,199.94,716.51,1.70,8,ok
2688,3824,159.17,673.29,93.66,0.28,7,ok
2689,1733,1210.64,657.58,1210.64,1.25,7,ok
2689,3521,9185.11,8888.51,9119.60,13.81,3,ok
2690,2491,0.00,457.86,0.00,0.28,27,no_coverage
2691,2688,2083.08,1402.48,2083.08,7.10,7,ok_undirected
2693,17020,291.12,318.25,291.12,0.73,6,ok
2693,1794,650.96,606.44,650.96,1.45,2,ok
2693,1795,545.04,539.97,545.04,1.27,2,ok
2693,2406,1560.45,1433.20,1560.45,3.13,1,ok
2693,2493,46.16,86.01,46.16,0.12,19,ok
2693,2494,276.58,259.71,276.58,0.64,1,ok
2693,3449,1032.69,897.98,1032.69,2.07,1,ok
2694,2251,311.88,282.12,311.88,0.64,17,ok
2695,3759,293.64,193.14,293.64,0.83,6,ok
2695,3804,433.13,333.68,433.13,1.15,60,ok
2697,1671,308.29,283.22,308.29,0.87,7,ok
2697,43000,229.17,185.64,229.17,0.64,5,ok
2698,17352,181.28,66.80,181.28,0.69,9,ok
2698,2771,214.28,51.01,214.28,0.74,5,ok
2699,2698,340.97,263.27,340.97,1.07,14,ok
2700,1283,995.46,883.87,995.46,2.77,4,ok
2700,17352,400.90,387.79,400.90,0.87,26,ok
2700,17463,387.69,300.52,387.69,0.82,18,ok
2701,2700,0.00,25.19,0.00,1.03,8,no_coverage
2701,2849,249.27,266.16,249.27,0.41,6,ok_undirected
2701,2894,292.77,237.74,292.77,0.56,24,ok_undirected
2701,3050,752.61,571.90,752.61,1.15,1,ok_undirected
2702,2699,183.48,141.54,183.48,0.55,14,ok
2705,17438,215.17,194.69,215.17,0.58,55,ok
2706,3019,269.67,221.25,269.67,0.47,70,ok
2709,2731,482.28,461.21,482.28,0.94,77,ok
2711,3373,747.39,421.65,747.39,2.02,47,ok
2711,3490,1358.35,1109.77,1312.40,4.35,3,ok
2713,17046,144.37,92.08,144.37,0.57,8,ok
2713,3493,247.28,256.04,247.28,0.90,22,ok
2714,2715,265.86,350.04,265.86,0.67,10,ok
2715,2716,269.93,168.19,269.93,0.96,10,ok
2716,2733,252.88,180.12,252.88,0.72,10,ok
2717,2718,87.18,96.65,87.18,0.30,35,ok
2718,3543,216.90,162.62,216.90,0.63,19,ok
2718,42741,235.16,228.04,235.16,0.70,16,ok
2719,3020,377.25,376.07,377.25,0.69,77,ok
2720,2721,271.23,235.82,271.23,0.73,47,ok
2721,1904,204.39,235.23,204.39,0.63,47,ok
2722,2723,269.93,289.21,269.93,0.68,7,ok
2723,2724,265.86,219.07,265.86,0.61,7,ok
2724,1907,338.87,336.28,338.87,0.97,7,ok
2725,3154,441.17,272.35,441.17,1.34,13,ok_undirected
2726,2727,338.17,216.44,338.17,1.21,18,ok
2727,1901,141.88,136.05,141.88,0.79,1,ok
2727,1911,526.12,347.79,526.12,1.20,14,ok
2727,2858,761.03,377.01,761.03,1.36,3,ok
2728,1879,213.76,229.56,213.76,0.68,46,ok
2729,1392,283.06,281.80,283.06,0.70,25,ok
2730,1409,309.46,266.71,309.46,0.82,37,ok
2731,17444,238.43,204.62,238.43,0.34,77,ok
2732,2807,380.33,272.10,380.33,1.02,36,ok
2732,38136,273.64,302.77,273.64,0.77,41,ok
2733,1939,97.88,101.89,97.88,0.29,44,ok
2733,1940,207.48,267.01,207.48,0.81,14,ok
2733,2626,849.70,707.05,849.70,1.19,29,ok
2737,2258,215.45,190.52,215.45,0.58,45,ok
2738,2733,311.18,221.25,311.18,1.02,77,ok
2739,2282,651.76,329.41,651.76,1.95,19,ok
2739,2364,445.39,288.10,445.39,1.49,33,ok
2739,35944,584.49,409.43,448.31,1.92,5,ok
2740,2279,305.19,276.72,305.19,0.89,8,ok
2740,2862,285.13,256.40,285.13,0.98,18,ok
2740,37466,132.54,173.15,132.54,0.32,30,ok
2741,2596,183.21,147.07,183.21,0.55,18,ok
2742,2315,489.20,258.69,489.20,1.23,58,ok
2743,2744,224.67,236.64,224.67,0.67,18,ok
2744,2740,427.37,263.56,427.37,1.19,18,ok
2745,17104,188.16,202.50,188.16,0.37,47,ok
2746,2930,385.29,426.88,385.29,0.94,37,ok
2746,44647,686.84,222.26,686.84,1.85,10,ok
2747,2344,250.07,266.90,250.07,0.57,65,ok
2748,2932,668.90,548.95,668.90,1.41,50,ok
2750,17106,386.04,373.71,386.04,0.77,50,ok
2750,44631,480.22,265.81,480.22,0.97,9,ok
2751,1747,776.25,699.63,776.25,0.99,50,ok
2751,3975,4374.48,3627.73,4374.48,5.30,2,ok
2752,17093,448.20,349.28,448.20,0.80,37,ok
2753,17124,121.98,124.93,121.98,0.29,7,ok
2753,3256,257.32,251.59,257.32,0.62,37,ok
2753,38570,333.17,315.12,333.17,1.04,6,ok
2755,2085,151.84,72.17,151.84,0.69,8,ok_undirected
2755,2089,340.41,252.66,340.41,1.07,11,ok_undirected
2755,2090,187.42,237.29,187.42,0.68,63,ok
2756,2277,411.17,239.79,411.17,1.15,19,ok
2756,35695,1090.89,726.03,1090.89,2.99,14,ok
2756,36107,673.83,666.42,673.83,1.89,16,ok
2756,44850,427.18,276.23,427.18,1.19,11,ok
2757,2758,432.71,423.52,432.71,0.81,21,ok
2758,2322,390.08,289.51,390.08,1.66,21,ok_undirected
2759,2340,1128.92,1336.53,1128.92,0.96,22,ok
2760,2341,8202.13,416.94,7964.74,15.84,27,ok
2760,38791,8752.32,659.20,8514.93,17.59,2,ok
2761,2762,368.58,299.01,368.58,0.87,39,ok
2762,3882,373.88,419.88,373.88,1.08,39,ok
2764,3966,292.69,248.86,292.69,1.19,41,ok
2765,1283,2173.30,1655.41,2173.30,4.92,2,ok
2765,17352,1578.74,1186.87,1578.74,3.02,2,ok
2765,2700,1177.84,803.50,1177.84,2.15,4,ok
2765,3045,425.23,218.25,425.23,1.00,18,ok
2766,3124,337.18,259.16,337.18,0.81,18,ok
2767,3766,293.45,165.24,293.45,0.82,8,ok
2769,1928,301.19,167.11,290.49,0.98,37,ok
2769,1930,283.11,143.93,283.11,0.98,32,ok_undirected
2771,2701,810.76,336.78,810.76,1.35,39,ok
2771,3868,1382.60,1140.11,1382.60,3.02,1,ok
2772,3443,285.94,175.36,285.94,0.64,13,ok
2773,1878,121.25,106.17,121.25,0.45,13,ok_undirected
2774,2775,359.45,283.54,359.45,0.86,12,ok
2775,2776,244.76,283.69,244.76,0.42,12,ok
2776,17015,356.45,190.29,106.63,0.78,1,ok
2776,17023,719.57,609.48,719.57,1.78,1,ok
2776,2778,204.64,236.03,204.64,0.50,10,ok
2777,17023,681.33,673.21,567.20,1.70,1,ok
2778,17023,514.93,468.80,514.93,1.28,10,ok
2780,2781,390.43,374.92,390.43,1.15,18,ok
2781,2786,250.99,231.49,250.99,0.68,18,ok
2782,2783,361.54,348.01,361.54,1.11,35,ok_undirected
2783,2502,665.81,44.89,665.81,1.54,19,ok
2783,2780,0.00,10.65,0.00,0.35,16,no_coverage
2784,2052,514.45,446.09,514.45,1.87,19,ok
2784,2569,464.02,311.75,464.02,2.27,4,ok
2785,3553,381.73,322.97,381.73,0.93,7,ok
2786,2316,264.75,234.03,264.75,0.63,63,ok
2787,2788,313.65,289.31,313.65,0.50,5,ok
2787,3550,684.98,375.90,684.98,1.11,2,ok
2788,3550,371.32,97.42,371.32,0.62,5,ok
2789,2790,414.28,240.12,414.28,1.85,7,ok
2790,17409,180.84,316.76,180.84,0.84,7,ok
2791,2947,303.07,296.44,303.07,1.22,7,ok
2792,2797,257.56,172.73,257.56,0.58,9,ok
2793,3554,191.22,214.36,191.22,0.63,7,ok
2794,17035,432.24,412.64,432.24,0.97,7,ok
2796,3456,418.07,145.98,418.07,0.92,1,ok
2796,38544,28.07,118.89,28.07,0.06,6,ok
2796,6105,1940.90,1643.86,1940.90,2.81,5,ok
2797,38545,82.94,174.91,82.94,0.18,9,ok
2798,3454,1692.48,217.26,1489.35,3.86,9,ok
2799,17036,363.68,451.82,363.68,0.60,4,ok
2799,3310,168.06,154.99,168.06,0.55,5,ok
2803,17488,4747.11,4223.85,3719.78,6.26,32,ok
2803,3370,235.92,174.85,235.92,0.97,77,ok
2803,3486,623.54,570.22,623.54,1.36,51,ok
2803,3939,5601.68,5122.29,4574.34,7.94,5,ok
2804,1860,852.11,638.25,852.11,3.11,29,ok
2804,3290,747.65,419.05,747.65,2.75,15,ok_undirected
2804,3962,1234.09,730.93,1234.09,5.20,18,ok
2807,2720,0.00,54.10,0.00,0.18,47,no_coverage
2809,3693,518.68,574.32,518.68,2.54,31,ok
2812,3604,828.09,652.43,0.00,1.87,6,no_coverage
2813,17012,74.68,89.67,74.68,0.19,7,ok_undirected
2813,1814,525.50,348.47,525.50,1.19,19,ok
2813,3054,86.51,137.68,86.51,0.21,3,ok
2815,1787,366.88,232.62,366.88,1.09,20,ok
2816,3557,266.96,205.72,266.96,0.82,52,ok
2816,50170,458.98,404.81,458.98,1.33,10,ok
2817,2818,104.18,100.87,104.18,0.21,17,ok
2818,3334,550.58,304.80,550.58,1.58,17,ok
2819,2820,469.56,341.30,469.56,1.03,18,ok
2820,2821,355.97,78.80,355.97,0.76,18,ok
2821,2824,268.87,191.46,268.87,0.62,18,ok
2823,38617,275.78,207.29,275.78,0.87,10,ok
2824,2728,344.39,255.46,344.39,0.91,46,ok
2826,2815,220.37,218.96,220.37,0.58,8,ok_undirected
2826,2827,436.54,203.20,436.54,1.17,14,ok
2827,2828,259.34,214.47,259.34,0.58,14,ok
2828,1785,547.80,310.33,541.72,1.38,1,ok_undirected
2828,2832,401.61,335.77,401.61,1.17,13,ok
2829,2831,259.34,249.66,259.34,0.80,12,ok_undirected
2830,2829,248.52,238.58,248.52,0.52,12,ok_undirected
2831,17142,264.85,206.94,264.85,1.06,12,ok
2832,1780,449.37,401.46,449.37,1.56,12,ok_undirected
2832,42762,131.44,169.00,131.44,0.73,30,ok
2833,2877,502.11,184.57,346.09,1.62,1,ok
2833,39198,187.13,161.28,144.48,0.75,2,ok
2835,2444,10622.15,962.44,8807.96,12.98,34,ok
2836,1880,1647.04,870.14,1647.04,3.65,1,ok
2836,2058,726.00,468.67,726.00,1.66,29,ok
2836,2819,846.48,739.03,846.48,1.85,18,ok
2836,2966,1171.66,634.11,1171.66,2.39,8,ok_undirected
2836,3077,935.93,616.55,935.93,1.97,17,ok
2837,1773,221.51,123.88,221.51,0.65,51,ok
2837,3349,398.10,316.60,398.10,1.43,1,ok
2838,1670,231.72,142.39,231.72,0.83,8,ok
2838,3116,193.90,170.86,193.90,0.71,3,ok
2838,42991,358.11,376.12,358.11,1.85,1,ok
2839,2840,445.91,224.87,445.91,1.17,18,ok
2840,3186,158.99,239.22,158.99,0.39,18,ok
2841,2263,159.11,202.27,159.11,0.52,17,ok
2841,2473,147.12,245.92,147.12,0.48,23,ok
2843,1682,207.36,199.69,207.36,0.49,9,ok
2843,17418,207.36,221.16,207.36,0.49,1,ok
2844,2845,239.20,194.68,239.20,0.65,16,ok
2845,2846,141.19,118.35,141.19,0.45,16,ok
2846,3046,475.60,71.34,475.60,0.90,6,ok
2846,3050,363.94,257.35,363.94,0.74,10,ok_undirected
2847,2844,233.54,187.79,131.03,0.61,16,ok
2849,3050,503.34,395.21,503.34,0.74,17,ok_undirected
2849,3176,380.56,176.16,380.56,0.82,10,ok
2850,1990,263.85,199.00,263.85,0.67,22,ok
2850,3826,392.26,168.36,258.66,1.89,6,ok
2851,1969,252.95,228.04,252.95,0.65,25,ok
2852,3444,288.65,262.13,288.65,0.85,17,ok
2853,2809,268.39,211.55,268.39,0.82,31,ok
2854,3113,337.28,240.42,337.28,0.61,2,ok_undirected
2854,3224,368.21,268.57,368.21,0.73,15,ok_undirected
2855,3308,273.78,242.52,273.78,0.47,63,ok
2856,2857,159.70,141.14,159.70,0.58,12,ok
2857,2921,236.93,240.88,236.93,0.98,2,ok
2857,3743,115.82,137.56,115.82,0.42,10,ok
2858,1958,238.87,184.23,238.87,0.59,28,ok
2859,2145,301.88,281.30,301.88,0.50,87,ok
2862,17346,240.24,181.84,240.24,0.73,1,ok
2862,35647,441.15,333.13,441.15,1.29,12,ok
2862,35669,713.60,604.76,713.60,2.03,18,ok
2863,2709,226.11,157.21,226.11,0.48,77,ok
2864,2865,182.32,145.68,182.32,0.44,70,ok
2865,3369,414.48,334.95,414.48,1.03,70,ok
2866,2867,325.28,272.68,325.28,0.40,20,ok
2867,17400,135.00,171.96,135.00,0.38,20,ok
2868,2410,1954.25,1653.70,1954.25,4.46,2,ok
2868,3611,145.78,113.69,145.78,0.56,50,ok
2870,1875,258.53,229.44,258.53,0.65,8,ok
2871,1701,217.97,259.34,217.97,0.52,20,ok
2872,1395,350.54,328.90,350.54,1.00,6,ok
2873,3445,315.92,259.30,315.92,1.08,31,ok
2875,3545,514.55,500.52,514.55,1.00,7,ok_undirected
2876,1310,141.49,107.90,141.49,0.68,17,ok
2876,1311,302.65,250.41,302.65,1.19,4,ok
2877,2291,466.45,346.07,466.45,2.88,1,ok
2878,16988,435.20,363.18,435.20,0.99,14,ok
2879,2243,344.95,282.62,344.95,0.90,28,ok
2879,2248,165.25,147.99,165.25,0.46,5,ok_undirected
2880,2472,519.98,455.37,519.98,1.66,46,ok
2881,2228,349.81,272.26,349.81,1.13,11,ok_undirected
2881,2673,3966.46,3428.45,3966.46,5.14,3,ok
2881,3194,7863.12,4986.40,7863.12,12.27,2,ok
2882,17506,581.85,239.25,581.85,1.14,41,ok
2882,3381,351.95,318.63,351.95,0.80,24,ok
2883,1947,238.89,215.28,238.89,0.46,51,ok
2883,3718,218.63,98.42,183.22,0.50,25,ok_undirected
2885,3785,293.92,267.99,293.92,0.69,11,ok
2889,3526,171.07,101.27,171.07,0.34,9,ok
2889,3821,96.28,99.71,96.28,0.30,11,ok_undirected
2890,2891,510.02,454.87,510.02,0.93,10,ok
2891,2892,274.50,194.55,274.50,0.78,15,ok
2892,2893,222.59,196.41,222.59,0.64,42,ok
2893,2700,267.68,251.36,267.68,0.53,26,ok
2893,2849,127.12,69.19,127.12,0.28,16,ok_undirected
2894,3182,264.64,153.38,264.64,0.65,34,ok
2896,2897,350.10,267.32,350.10,0.64,5,ok
2897,3164,625.96,369.16,625.96,1.92,5,ok
2898,1579,2279.24,1836.05,2279.24,2.33,2,ok
2898,1584,2358.62,1840.49,2358.62,2.46,2,ok
2898,1608,413.97,389.11,413.97,0.55,1,ok
2898,1617,955.15,589.43,955.15,1.66,1,ok
2899,2898,345.18,340.45,345.18,0.78,6,ok
2904,1260,614.38,351.50,614.38,1.37,9,ok
2904,16958,624.08,344.20,624.08,1.44,4,ok
2904,38780,672.30,402.59,672.30,1.46,1,ok
2905,2482,415.34,311.88,415.34,1.24,30,ok
2906,2323,421.00,357.09,421.00,1.23,38,ok_undirected
2906,2480,319.54,242.30,319.54,0.92,14,ok_undirected
2907,2906,319.56,280.59,319.56,0.81,38,ok_undirected
2908,2907,477.24,245.09,477.24,1.36,38,ok
2908,42485,141.59,106.67,87.76,0.36,28,ok_undirected
2909,3723,217.81,244.86,217.81,0.59,46,ok
2910,36108,432.73,402.16,432.73,1.05,52,ok
2911,2912,296.32,206.60,296.32,0.46,14,ok
2912,2913,296.50,341.27,296.50,0.70,14,ok
2913,35622,207.45,237.70,207.45,0.57,14,ok
2916,1324,283.11,293.61,283.11,0.65,71,ok_undirected
2920,1858,392.34,297.36,392.34,1.52,72,ok_undirected
2921,3143,161.07,195.45,161.07,0.64,12,ok
2922,2923,436.38,192.51,436.38,1.60,2,ok
2922,3745,161.15,110.72,161.15,0.61,10,ok
2923,2924,128.82,196.80,128.82,0.36,12,ok
2924,1857,338.03,275.96,338.03,1.22,12,ok
2928,1298,83.34,68.53,83.34,0.28,37,ok
2930,2598,282.23,213.80,282.23,0.75,37,ok
2931,2748,291.93,240.96,291.93,0.62,50,ok
2931,2932,960.82,788.61,960.82,2.03,2,ok
2932,17101,548.38,514.21,548.38,1.36,2,ok
2932,17186,382.89,339.85,382.89,0.91,50,ok
2933,17114,377.84,289.32,377.84,0.79,9,ok
2933,2751,401.06,372.62,401.06,0.65,52,ok
2934,2752,687.44,581.10,687.44,1.49,37,ok
2936,17059,224.92,197.28,224.92,0.45,50,ok
2939,1846,180.29,196.62,180.29,0.40,8,ok
2944,2199,305.99,212.03,305.99,0.84,31,ok
2944,51494,186.80,206.58,186.80,0.53,14,ok
2945,44397,600.69,415.91,600.69,1.89,9,ok
2946,2910,612.98,511.87,612.98,1.72,14,ok
2947,2793,225.73,168.44,225.73,1.02,7,ok
2948,17509,178.39,163.25,178.39,0.49,9,ok
2949,3652,190.40,185.23,190.40,0.46,9,ok
2950,3671,194.88,173.94,194.88,0.50,9,ok
2951,35914,592.39,105.32,592.39,1.26,13,ok
2953,17406,1899.56,1526.45,1899.56,1.59,2,ok_undirected
2955,3468,261.23,223.78,261.23,0.56,14,ok
2955,36871,476.67,282.87,476.67,1.13,33,ok
2956,2957,446.94,154.59,446.94,1.55,1,ok
2956,3328,214.69,215.98,214.69,0.85,30,ok
2957,17362,413.81,176.26,413.81,1.20,4,ok_undirected
2957,2958,1574.30,1533.96,1574.30,2.43,11,ok
2958,1976,282.94,251.94,282.94,0.80,12,ok
2959,2956,259.27,227.38,259.27,0.87,14,ok
2960,3815,205.62,235.48,205.62,0.54,27,ok
2961,2960,423.75,402.04,423.75,1.20,15,ok
2963,3922,258.82,250.15,258.82,0.94,44,ok_undirected
2964,2232,409.42,413.60,409.42,1.12,11,ok
2964,2233,220.54,272.47,220.54,0.59,29,ok
2965,4132,4008.88,3344.11,4008.88,4.63,2,ok_undirected
2966,2080,1196.67,584.83,1196.67,2.41,45,ok
2966,2081,1205.05,536.59,1205.05,2.41,9,ok
2966,3332,1290.97,622.37,1290.97,2.69,1,ok
2968,2747,234.80,195.58,234.80,0.56,65,ok
2969,1620,455.52,407.90,455.52,0.97,35,ok
2969,2609,419.89,406.14,419.89,0.90,13,ok
2969,48648,299.19,223.86,299.19,0.82,5,ok
2970,2816,203.33,136.87,91.48,0.39,52,ok
2971,3529,0.00,99.01,0.00,0.75,31,no_coverage
2972,42620,203.08,304.11,203.08,0.68,22,ok
2975,17359,153.60,127.86,153.60,0.62,4,ok
2976,1590,102.22,88.06,102.22,0.29,29,ok
2976,17422,254.19,161.83,254.19,0.75,39,ok_undirected
2979,17508,1419.14,589.79,1244.06,4.42,1,ok
2979,42585,203.53,250.53,203.53,0.45,14,ok_undirected
2983,2984,329.47,339.14,329.47,0.92,14,ok_undirected
2984,36132,1038.61,161.00,1038.61,2.86,14,ok
2986,2987,164.87,180.04,164.87,0.42,14,ok
2987,2480,335.47,316.53,335.47,1.07,14,ok
2988,2532,256.45,106.22,256.45,0.79,4,ok
2988,3146,527.97,366.96,527.97,1.27,19,ok
2989,35653,189.32,190.95,189.32,0.49,19,ok
2989,3802,986.52,717.00,143.61,2.53,1,ok
2993,3736,111.20,146.53,111.20,0.34,11,ok
2994,2995,180.24,130.32,180.24,0.77,11,ok
2995,2996,153.23,148.45,153.23,0.65,11,ok
2996,3964,111.24,115.59,111.24,0.40,20,ok
2997,3737,300.16,157.54,300.16,1.06,20,ok
2998,2785,293.75,336.08,293.75,0.98,7,ok
2999,2889,208.30,122.55,208.30,0.78,20,ok
3000,1097,440.80,323.05,440.80,1.19,17,ok_undirected
3000,1656,643.22,374.11,643.22,1.74,32,ok
3001,2787,280.25,144.01,280.25,0.73,7,ok
3004,3005,254.13,297.90,254.13,0.74,9,ok
3005,3006,388.63,299.85,388.63,1.03,4,ok
3005,3560,508.90,308.29,508.90,1.73,5,ok
3006,3560,120.27,75.62,120.27,0.70,4,ok
3007,17455,828.68,553.04,828.68,2.70,8,ok
3007,3070,466.86,400.21,466.86,0.92,43,ok
3008,38851,203.79,223.86,203.79,0.50,15,ok
3009,2305,302.81,217.63,302.81,0.93,49,ok
3009,3574,666.17,651.26,118.60,1.43,1,ok
3011,2278,362.17,297.73,362.17,0.97,32,ok
3011,35652,283.38,228.27,283.38,0.75,11,ok
3012,3145,184.99,146.76,184.99,0.56,46,ok
3016,3158,381.72,385.72,381.72,0.85,81,ok
3018,34219,404.69,333.72,404.69,1.12,5,ok
3019,2623,342.37,323.20,342.37,0.50,70,ok
3020,2732,129.38,126.61,129.38,0.29,77,ok
3021,4003,2324.92,2201.83,2324.92,1.82,2,ok_undirected
3021,42406,7820.68,6733.16,7820.68,6.15,4,ok
3021,4871,14530.69,12194.83,14530.69,11.80,2,ok
3021,49677,,21222.67,,22.08,2,unreachable
3022,2184,306.33,270.36,306.33,0.66,14,ok
3023,3387,275.93,252.03,275.93,0.66,14,ok_undirected
3025,3026,369.82,383.46,369.82,0.86,17,ok
3026,2182,436.08,418.04,436.08,1.20,17,ok
3027,17451,1196.40,1103.51,68.66,3.08,3,ok
3029,17317,760.06,577.07,760.06,1.81,18,ok
3030,1844,226.66,200.77,226.66,0.52,8,ok
3032,2054,305.67,298.20,305.67,0.72,63,ok
3032,3965,362.09,286.31,279.86,0.85,1,ok
3033,2008,199.28,140.08,199.28,0.79,80,ok
3034,3102,90.31,130.40,90.31,0.29,13,ok
3035,3449,228.72,227.80,228.72,0.58,5,ok
3037,2663,958.89,891.55,958.89,2.01,2,ok
3037,38636,1007.95,683.70,825.39,3.10,2,ok
3038,1906,335.03,262.85,317.71,0.42,60,ok_undirected
3039,35850,470.10,466.00,470.10,0.63,45,ok
3040,16952,309.33,269.48,309.33,0.65,13,ok
3042,1663,546.58,391.69,546.58,1.72,13,ok
3042,16955,1434.18,880.10,1325.71,4.33,2,ok
3042,51643,240.89,132.19,240.89,0.95,7,ok
3045,2700,752.61,596.38,752.61,1.15,3,ok
3045,3046,265.81,187.68,265.81,0.41,16,ok
3046,2700,486.80,473.79,486.80,0.74,7,ok
3046,2849,237.54,221.68,237.54,0.33,5,ok
3046,2894,420.51,217.91,420.51,0.69,10,ok
3047,3048,2231.35,174.14,2231.35,5.96,16,ok
3048,17333,79.95,120.36,79.95,0.25,16,ok
3049,17334,241.71,129.48,241.71,0.82,16,ok
3050,1296,5066.73,3555.53,5066.73,7.21,1,ok_undirected
3050,3868,386.88,238.61,386.88,0.89,27,ok_undirected
3051,17448,506.80,180.01,404.29,1.50,10,ok
3053,3054,86.51,148.41,86.51,0.21,16,ok
3054,20521,863.92,732.59,863.92,1.64,6,ok
3054,20522,1317.05,1083.21,1317.05,2.33,1,ok
3054,20676,495.69,286.93,495.69,0.95,8,ok
3054,40187,887.37,694.69,887.37,1.69,10,ok
3056,3057,317.12,344.72,317.12,1.05,7,ok
3057,3058,371.86,275.55,371.86,1.04,7,ok
3058,2998,1467.89,456.64,1467.89,2.92,7,ok
3059,3056,522.71,194.61,522.71,1.84,7,ok
3061,1269,126.32,123.52,126.32,0.26,39,ok_undirected
3061,2066,293.95,180.40,293.95,0.63,1,ok_undirected
3064,2885,312.32,210.66,312.32,0.92,11,ok
3065,17480,182.97,154.88,182.97,0.63,22,ok
3066,2833,235.20,195.52,235.20,1.06,3,ok
3067,3662,169.79,136.76,0.00,0.63,14,no_coverage
3068,17454,455.72,304.74,256.59,1.02,6,ok
3068,3069,754.38,481.27,744.69,1.57,48,ok
3069,2179,534.14,444.18,534.14,1.08,24,ok_undirected
3069,3932,1088.21,476.17,1074.93,2.59,24,ok
3070,3600,314.01,356.61,314.01,0.49,43,ok
3071,3072,474.87,292.08,474.87,1.32,57,ok
3072,3073,146.74,149.87,146.74,0.52,57,ok
3073,2976,368.82,324.50,368.82,1.20,50,ok
3073,43018,485.53,364.46,485.53,1.01,7,ok
3074,2057,251.93,274.50,251.93,0.47,65,ok
3075,1996,553.31,505.74,553.31,0.73,85,ok_undirected
3075,41290,226.03,226.47,226.03,0.40,28,ok_undirected
3077,1877,939.77,561.99,927.91,2.05,62,ok
3077,2852,783.32,577.49,771.46,1.87,2,ok
3080,3677,133.46,148.51,133.46,0.39,13,ok
3083,17044,343.07,322.02,343.07,0.58,1,ok
3083,49733,334.04,146.59,334.04,0.90,5,ok_undirected
3086,2444,1974.02,354.33,1974.02,4.22,1,ok
3086,2445,209.85,151.19,209.85,0.54,4,ok_undirected
3088,3751,131.78,156.13,131.78,0.28,9,ok
3088,3963,242.47,303.83,242.47,0.55,1,ok
3089,3088,2161.79,369.23,2161.79,5.80,1,ok
3089,3750,1863.09,150.02,1863.09,5.08,9,ok
3090,2426,153.00,97.96,153.00,0.56,26,ok
3090,2427,325.13,357.30,325.13,0.89,64,ok
3091,3144,470.95,218.85,470.95,1.30,14,ok_undirected
3092,3200,190.73,226.29,190.73,0.56,14,ok
3093,2462,1670.57,242.66,1663.23,3.17,11,ok
3094,3776,155.33,193.69,155.33,0.50,8,ok
3096,35852,1394.15,1228.84,1380.59,1.86,36,ok
3096,3972,857.42,746.16,843.87,1.27,45,ok
3098,3100,228.47,206.10,228.47,0.79,11,ok
3100,3101,286.01,247.90,286.01,0.97,11,ok
3101,2541,407.71,353.70,407.71,1.04,14,ok
3102,3103,304.69,228.61,304.69,1.11,13,ok
3103,3379,413.12,319.00,413.12,1.32,13,ok
3104,2686,212.27,157.76,212.27,0.64,8,ok
3105,2012,214.01,183.98,214.01,0.57,51,ok
3106,3107,123.94,147.47,123.94,0.52,33,ok
3107,1927,159.46,197.05,159.46,0.72,33,ok
3108,2126,200.74,178.31,200.74,0.63,15,ok
3108,2127,253.15,217.99,253.15,0.84,100,ok
3110,3165,377.58,155.18,377.58,1.09,4,ok
3111,17335,79.40,100.85,79.40,0.22,12,ok
3111,3166,244.78,195.83,244.78,0.57,9,ok
3112,3126,193.33,128.81,193.33,0.50,4,ok
3112,3214,686.01,479.11,686.01,1.71,5,ok
3112,3291,475.71,421.42,475.71,1.13,16,ok
3113,2726,361.79,227.47,361.79,1.04,18,ok
3114,1830,0.00,49.53,0.00,0.61,18,no_coverage
3115,2279,327.18,257.13,327.18,1.02,18,ok_undirected
3115,2739,132.54,149.78,132.54,0.32,33,ok_undirected
3116,1108,2064.86,2104.15,1777.39,2.32,3,ok
3116,42995,148.80,117.77,148.80,0.31,6,ok
3118,17336,355.41,201.49,355.41,1.19,11,ok
3119,17337,301.66,233.68,301.66,0.84,36,ok
3120,3121,341.54,359.17,341.54,0.87,16,ok
3120,3166,429.98,410.36,429.98,1.04,16,ok
3121,3122,833.25,112.39,808.58,2.00,11,ok
3121,3363,338.37,300.71,338.37,0.81,22,ok
3122,17353,168.48,252.35,168.48,0.39,11,ok
3123,2891,366.78,240.36,366.78,0.93,5,ok
3124,2532,212.16,169.48,212.16,0.64,1,ok
3124,3446,196.92,221.85,196.92,0.59,17,ok
3125,17353,535.24,404.99,535.24,1.36,6,ok
3126,17510,136.00,117.58,136.00,0.39,4,ok
3128,3129,318.25,311.84,318.25,0.72,14,ok
3129,3130,175.27,162.95,175.27,0.35,14,ok
3130,46319,263.99,248.20,263.99,0.55,14,ok_undirected
3131,3132,471.92,433.56,471.92,1.00,14,ok
3132,3133,410.01,252.83,410.01,0.93,14,ok_undirected
3133,35624,145.16,136.20,145.16,0.40,14,ok_undirected
3136,3137,146.20,145.28,146.20,0.52,26,ok
3137,1328,417.37,239.89,417.37,0.91,1,ok
3137,2916,236.97,171.59,236.97,0.54,25,ok_undirected
3139,17439,139.13,125.14,139.13,0.42,6,ok
3140,1277,127.05,139.55,127.05,0.34,34,ok
3142,1360,351.78,356.92,351.78,0.95,42,ok
3143,17324,394.33,220.58,394.33,1.44,2,ok
3143,3744,163.59,69.66,163.59,0.68,10,ok
3144,1271,108.86,72.52,108.86,0.31,8,ok_undirected
3144,2090,893.30,480.77,893.30,2.81,14,ok
3145,35666,409.71,280.68,409.71,1.19,16,ok
3145,35945,943.90,731.96,943.90,2.45,14,ok
3145,44238,446.68,472.61,446.68,1.23,1,ok
3145,51493,472.71,429.53,472.71,1.33,15,ok
3146,2498,365.62,279.50,365.62,0.73,19,ok
3149,3120,407.75,171.68,407.75,1.79,32,ok
3150,3654,141.82,132.40,141.82,0.33,14,ok
3151,3198,132.63,123.94,108.07,0.27,14,ok
3152,1735,818.38,848.11,818.38,0.81,21,ok
3152,38791,1368.57,1019.72,1368.57,2.55,1,ok
3153,2653,463.30,465.35,463.30,1.23,29,ok
3154,3224,102.77,122.68,102.77,0.30,13,ok_undirected
3155,3156,531.50,238.61,531.50,1.10,4,ok_undirected
3156,3004,1174.26,335.13,1174.26,2.37,4,ok
3158,35623,180.70,117.67,180.70,0.67,81,ok
3159,3160,488.57,403.53,488.57,1.61,45,ok
3160,2501,237.47,217.64,237.47,0.77,14,ok
3160,2741,201.63,219.86,201.63,0.78,18,ok
3160,44240,133.45,91.95,133.45,0.47,13,ok
3161,3162,325.41,322.91,325.41,1.03,31,ok
3162,35626,786.38,319.27,732.33,2.38,31,ok
3163,1961,251.62,210.68,251.62,0.91,67,ok
3164,3362,390.87,346.24,390.87,0.89,17,ok
3165,3111,156.33,138.32,156.33,0.45,21,ok
3166,3167,149.64,173.29,149.64,0.32,25,ok
3167,34296,250.03,244.20,250.03,0.56,25,ok
3168,43211,311.66,377.98,311.66,0.38,16,ok
3169,3112,407.39,293.31,407.39,1.08,25,ok
3170,3220,315.38,225.30,315.38,0.90,24,ok
3170,43212,657.06,558.54,657.06,1.51,19,ok
3171,3172,628.91,357.98,628.91,1.68,19,ok
3172,17338,533.04,295.26,533.04,1.25,19,ok
3172,3540,274.06,109.19,274.06,0.70,6,ok
3173,3174,309.05,369.28,309.05,0.74,36,ok
3174,17335,132.96,113.36,132.96,0.37,19,ok
3174,3121,274.07,144.32,274.07,0.72,17,ok
3176,3177,357.79,282.78,357.79,1.10,10,ok
3177,3051,212.22,174.91,109.70,0.56,10,ok
3178,3209,614.12,298.47,614.12,1.86,10,ok
3179,3178,102.32,139.53,102.32,0.31,10,ok
3181,1296,5996.49,5513.18,5996.49,6.50,2,ok_undirected
3181,48019,458.63,378.50,458.63,1.55,18,ok_undirected
3181,48020,458.63,378.50,458.63,1.55,15,ok_undirected
3181,51258,441.84,392.48,441.84,1.22,81,ok
3182,2896,333.89,242.55,333.89,0.98,5,ok_undirected
3182,3125,361.76,204.78,361.76,1.05,6,ok_undirected
3182,3215,314.66,340.83,314.66,0.72,23,ok_undirected
3183,3161,171.71,141.45,171.71,0.45,19,ok
3185,48434,966.10,733.39,101.71,1.32,6,ok
3186,2841,334.39,164.61,334.39,0.82,40,ok
3187,2006,216.08,197.42,216.08,0.50,4,ok
3190,3191,321.20,275.84,321.20,0.84,45,ok
3191,16974,448.83,132.53,448.83,1.53,33,ok
3191,3194,222.00,166.12,222.00,0.53,12,ok
3193,16970,152.91,165.36,152.91,0.40,36,ok
3193,17050,155.48,48.97,155.48,0.47,17,ok
3193,2393,820.20,330.81,820.20,2.05,3,ok
3194,17051,172.93,180.40,172.93,0.53,43,ok
3196,2305,642.46,478.58,642.46,1.38,1,ok
3196,3423,498.69,334.99,498.69,1.26,14,ok_undirected
3198,3067,134.90,136.05,0.00,0.37,14,no_coverage
3199,3092,258.02,179.75,258.02,0.65,14,ok
3200,3150,163.55,121.43,163.55,0.62,14,ok
3201,2069,876.10,646.09,876.10,2.37,4,ok
3201,2084,330.64,275.25,330.64,1.10,9,ok_undirected
3201,2090,430.02,415.82,430.02,1.45,42,ok
3201,3984,108.59,99.20,108.59,0.29,13,ok
3202,3203,382.30,269.27,382.30,1.15,33,ok
3203,3204,79.62,159.48,79.62,0.22,33,ok
3204,1917,273.31,285.42,273.31,0.63,33,ok
3208,1283,455.04,432.99,455.04,1.41,6,ok
3208,2771,381.98,197.50,381.98,1.05,6,ok
3208,2890,465.40,249.32,465.40,1.28,10,ok
3209,3210,266.56,271.71,266.56,0.68,10,ok
3210,3211,241.71,109.03,241.71,0.71,10,ok
3211,17330,186.64,82.33,186.64,0.55,10,ok
3212,1816,194.70,150.43,194.70,0.61,10,ok
3213,1826,151.29,83.71,151.29,0.60,16,ok
3214,3110,357.06,275.52,357.06,0.88,4,ok
3214,3123,246.46,186.62,246.46,0.65,5,ok
3215,3119,613.73,441.42,613.73,1.50,19,ok
3215,3214,344.13,142.61,344.13,0.91,4,ok
3216,1636,4739.82,3621.24,4739.82,7.92,15,ok
3216,46662,3059.29,2606.51,1694.79,4.23,2,ok
3217,3218,94.80,147.03,94.80,0.22,15,ok
3218,3219,312.72,277.96,312.72,0.83,15,ok
3219,43210,200.58,184.13,200.58,0.58,15,ok
3220,3221,312.72,334.80,312.72,0.90,24,ok
3221,3541,298.91,255.05,298.91,0.85,24,ok
3222,2616,248.74,253.01,248.74,0.98,38,ok
3223,2666,224.94,197.76,224.94,0.86,36,ok
3224,3294,459.12,257.48,459.12,1.44,29,ok
3225,2772,368.21,281.72,368.21,0.73,13,ok
3225,3113,102.77,80.32,102.77,0.30,16,ok_undirected
3226,3232,184.00,137.43,184.00,0.75,29,ok
3227,3225,214.83,200.19,214.83,0.77,29,ok
3228,1848,573.86,558.74,573.86,1.24,84,ok
3228,37808,679.41,538.92,679.41,1.41,10,ok
3229,2307,348.30,295.31,348.30,0.78,35,ok
3229,2478,324.42,345.17,324.42,0.54,70,ok
3232,3674,141.33,112.03,141.33,0.55,29,ok
3233,2993,692.20,404.81,692.20,1.61,9,ok
3233,3526,719.22,507.70,719.22,1.45,65,ok
3234,1948,606.09,403.99,562.76,1.77,9,ok
3234,3949,107.01,64.57,107.01,0.44,13,ok_undirected
3234,3953,146.51,116.69,146.51,0.53,113,ok
3235,3739,258.84,273.35,258.84,0.51,9,ok
3237,3238,98.18,202.89,98.18,0.23,9,ok
3238,3741,227.13,108.58,227.13,0.50,9,ok
3249,17348,206.71,167.80,206.71,0.79,9,ok
3252,3089,2781.27,247.62,2781.27,7.47,1,ok
3252,3749,2795.13,164.66,2795.13,7.52,9,ok
3253,17318,560.24,424.25,560.24,1.32,12,ok_undirected
3253,2151,630.57,520.85,630.57,1.71,4,ok
3254,3690,1732.78,1345.17,1732.78,1.92,66,ok
3254,42285,2219.14,1221.17,2219.14,2.64,8,ok
3256,17183,176.21,158.40,176.21,0.40,43,ok
3257,3258,221.15,204.67,221.15,0.59,43,ok
3258,3259,2100.58,397.18,2100.58,4.58,43,ok
3259,17057,168.69,242.04,168.69,0.31,43,ok_undirected
3260,3262,460.87,450.88,460.87,1.08,25,ok
3260,41595,288.81,255.41,288.81,0.70,33,ok
3262,3263,1226.64,229.93,1220.62,2.71,58,ok
3263,3264,3574.55,260.70,3574.55,7.97,58,ok
3264,2968,240.02,237.16,240.02,0.63,51,ok
3264,38570,581.52,569.76,581.52,1.70,7,ok
3265,3295,422.03,438.67,408.61,0.70,21,ok
3266,1296,3246.95,2028.88,3246.95,4.18,3,ok_undirected
3266,3275,406.60,323.36,406.60,0.80,23,ok_undirected
3266,3276,393.53,284.28,393.53,0.75,4,ok
3272,17495,349.21,339.67,349.21,1.00,17,ok
3272,2412,601.69,585.07,601.69,1.78,1,ok
3274,2168,316.65,242.05,316.65,1.71,6,ok
3275,1296,2849.43,1889.75,2849.43,3.28,1,ok_undirected
3275,1314,4587.03,3337.04,4587.03,5.44,6,ok
3275,2162,11665.28,9438.50,11637.91,17.20,1,ok
3275,3956,2830.85,2007.11,2830.85,3.56,26,ok
3275,3996,1946.99,1822.99,1946.99,2.54,24,ok
3276,2534,4908.81,4311.86,4908.81,4.93,4,ok
3276,3668,1441.37,1386.60,1441.37,1.11,12,ok_undirected
3277,35815,387.30,345.51,387.30,0.75,52,ok
3280,2468,828.95,333.22,828.95,3.24,5,ok
3280,3583,145.22,181.75,145.22,0.53,4,ok_undirected
3281,2181,820.87,637.02,192.56,2.89,5,ok
3288,3628,307.79,229.74,307.79,1.08,33,ok
3290,2920,272.25,264.50,272.25,0.96,72,ok_undirected
3291,2892,387.26,337.38,387.26,0.90,27,ok
3292,51628,193.82,197.99,193.82,0.42,7,ok
3293,50893,332.52,361.57,332.52,0.47,15,ok
3294,3226,195.20,195.75,195.20,0.57,29,ok
3295,19922,311.50,254.06,311.50,0.76,6,ok_undirected
3295,34279,301.55,212.04,288.13,0.59,15,ok_undirected
3296,17449,271.77,140.37,271.77,0.68,48,ok
3297,3707,518.74,359.28,518.74,1.33,14,ok
3298,3299,120.87,213.91,120.87,0.31,14,ok
3299,3300,255.56,203.15,255.56,0.58,14,ok
3300,3301,183.23,205.83,183.23,0.43,14,ok
3301,3317,189.41,213.80,189.41,0.43,9,ok_undirected
3301,3500,654.27,525.67,654.27,1.52,5,ok
3302,3317,106.83,175.95,106.83,0.25,19,ok_undirected
3302,3708,82.58,114.40,82.58,0.21,12,ok
3303,3304,110.42,177.93,110.42,0.27,31,ok
3304,3305,266.01,233.77,266.01,0.64,31,ok
3305,3306,375.74,302.25,375.74,0.89,31,ok
3306,17468,928.09,475.45,928.09,2.49,31,ok
3307,2853,89.32,130.71,89.32,0.29,31,ok
3308,3032,486.98,510.46,486.98,0.68,64,ok
3309,17033,192.09,104.81,192.09,0.44,7,ok
3310,17136,1170.17,958.46,1170.17,2.90,2,ok
3310,38547,232.94,225.67,232.94,0.94,5,ok
3311,2099,334.44,143.19,334.44,1.10,26,ok
3312,2097,164.55,145.02,164.55,0.46,27,ok
3313,2065,70.63,58.07,70.63,0.21,23,ok
3316,3183,185.26,141.53,185.26,0.70,19,ok
3317,3318,476.89,170.35,476.89,1.11,28,ok
3318,3319,0.00,105.12,0.00,1.31,28,no_coverage
3319,3320,436.45,211.65,436.45,0.98,28,ok
3320,3500,678.52,421.01,678.52,1.59,9,ok
3320,3708,189.41,269.16,189.41,0.44,19,ok
3321,3660,254.28,158.98,254.28,0.57,14,ok
3322,3981,170.26,132.00,170.26,0.49,45,ok
3323,2791,206.63,143.95,206.63,0.74,7,ok
3324,34330,534.95,372.21,534.95,1.36,16,ok
3324,35801,284.58,270.21,255.73,0.53,35,ok
3325,1791,195.98,168.11,195.98,0.57,16,ok
3326,2406,451.76,522.68,451.76,0.65,15,ok
3327,1995,421.29,383.64,421.29,1.15,34,ok
3327,2957,653.11,506.86,653.11,2.02,14,ok
3328,2021,386.02,351.93,386.02,1.27,30,ok
3328,2045,533.26,383.45,533.26,1.87,12,ok
3329,1785,605.98,336.76,605.98,1.75,35,ok
3329,2830,167.31,123.02,167.31,0.45,12,ok_undirected
3331,1090,284.26,257.80,284.26,0.56,43,ok
3331,17297,309.99,275.51,309.99,0.59,5,ok
3332,3333,180.42,191.24,180.42,0.59,28,ok
3333,2069,543.69,463.00,543.69,1.45,2,ok
3333,46987,160.79,162.41,160.79,0.51,26,ok
3334,2061,391.84,290.29,391.84,0.68,1,ok
3334,2570,461.53,342.55,461.53,1.22,16,ok_undirected
3335,1784,330.25,309.63,330.25,0.86,70,ok
3336,1783,291.05,247.10,291.05,0.83,70,ok_undirected
3337,3338,276.20,223.62,276.20,1.26,6,ok
3338,2416,126.51,200.52,126.51,0.43,6,ok
3339,1776,224.68,145.83,206.66,0.74,1,ok
3339,2676,307.90,168.90,289.88,0.87,8,ok
3340,3341,135.09,163.30,135.09,0.38,43,ok
3341,3342,324.90,203.20,324.90,0.93,43,ok
3342,3343,352.32,310.46,352.32,0.71,43,ok
3343,1771,595.04,371.51,595.04,1.72,12,ok
3343,3340,167.28,116.57,167.28,0.42,10,ok
3343,3344,175.44,219.15,175.44,0.39,8,ok
3343,3547,350.27,255.44,350.27,1.16,23,ok
3344,3345,303.09,223.11,303.09,0.58,8,ok
3345,2816,477.07,421.22,365.22,0.88,8,ok
3346,3347,315.73,240.21,315.73,0.74,40,ok
3347,3806,127.42,189.45,127.42,0.28,40,ok
3348,3352,187.53,209.02,187.53,0.35,52,ok
3349,2826,283.54,261.26,283.54,0.99,1,ok
3350,3351,319.21,180.96,319.21,0.81,22,ok_undirected
3351,17142,388.28,293.11,388.28,1.27,9,ok
3351,3556,150.37,135.42,150.37,0.40,13,ok
3352,2970,111.95,120.23,111.95,0.21,52,ok
3353,2531,248.70,217.02,248.70,0.69,68,ok
3354,2415,371.27,279.95,371.27,1.14,52,ok
3356,3357,113.31,200.52,113.31,0.29,6,ok
3357,2153,301.53,209.82,301.53,1.11,6,ok
3358,1967,102.51,84.31,102.51,0.45,6,ok
3359,1983,48.75,64.99,22.82,0.09,5,ok
3359,3758,106.08,104.60,80.15,0.99,6,ok
3360,1372,5336.71,4461.28,5336.71,5.23,7,ok
3361,2513,355.22,244.19,355.22,0.85,36,ok
3362,3165,324.32,291.15,324.32,0.76,17,ok
3363,3208,390.87,336.98,390.87,1.22,22,ok
3364,2444,1557.28,196.86,1557.28,3.32,4,ok
3364,2836,1252.10,957.49,1252.10,2.38,1,ok
3364,3224,1892.15,778.40,1892.15,3.13,1,ok_undirected
3365,3004,860.14,583.61,860.14,1.63,5,ok
3365,3155,217.38,102.57,217.38,0.36,4,ok
3365,3560,337.66,172.94,337.66,1.06,1,ok
3367,16977,247.89,258.84,247.89,0.47,12,ok
3367,3522,444.05,286.92,444.05,1.11,221,ok
3367,35827,466.91,298.09,402.16,1.09,36,ok
3368,2803,303.86,344.49,303.86,0.92,155,ok
3368,3096,284.60,296.62,284.60,0.83,64,ok_undirected
3368,3228,232.87,267.12,232.87,0.52,65,ok
3368,3825,9245.03,8934.02,9245.03,10.70,2,ok
3369,3486,651.77,529.12,651.77,1.34,7,ok
3369,3521,406.24,309.81,406.24,1.11,63,ok
3370,2863,439.99,378.75,439.99,0.94,77,ok
3371,1252,796.61,642.97,796.61,0.88,1,ok_undirected
3371,1279,387.39,347.00,387.39,0.65,2,ok_undirected
3371,43460,113.62,131.72,113.62,0.28,63,ok_undirected
3371,50436,397.61,341.73,397.61,0.55,2,ok
3372,3521,371.23,364.34,371.23,0.98,100,ok
3373,17200,418.23,457.68,418.23,0.66,63,ok
3374,1964,327.77,358.64,222.63,0.88,5,ok
3376,3042,583.26,586.20,583.26,1.78,8,ok_undirected
3376,36911,703.14,640.25,692.11,1.48,14,ok_undirected
3376,37771,688.15,543.74,677.12,1.49,2,ok_undirected
3379,2534,395.33,403.49,395.33,1.30,13,ok
3381,3382,150.16,165.00,150.16,0.31,52,ok
3382,3895,238.75,261.92,238.75,0.68,52,ok
3384,3753,238.63,131.29,238.63,0.43,6,ok
3385,17508,317.67,269.32,317.67,0.98,7,ok
3385,42993,169.02,113.61,169.02,0.50,6,ok
3385,44491,151.80,101.68,151.80,0.39,9,ok
3386,1643,310.71,235.20,310.71,0.96,22,ok
3386,17493,224.71,160.03,224.71,0.81,7,ok
3387,3388,391.91,176.02,391.91,1.00,28,ok
3388,3389,207.57,158.50,139.18,0.49,14,ok_undirected
3388,36131,255.33,193.93,255.33,0.62,14,ok
3389,3390,398.25,352.44,0.00,1.00,14,no_coverage
3390,2906,281.35,246.32,238.42,0.69,14,ok_undirected
3391,3392,275.36,284.82,0.00,0.37,16,no_coverage
3392,3393,330.47,234.71,139.18,0.78,16,ok_undirected
3393,3025,308.44,287.68,308.44,0.73,16,ok_undirected
3393,38137,344.01,299.57,344.01,0.85,14,ok_undirected
3394,3802,1280.58,936.44,328.58,3.49,3,ok
3394,39267,359.67,205.83,359.67,0.99,15,ok
3395,1326,227.00,211.07,227.00,0.68,43,ok
3396,3397,244.77,274.87,244.77,0.79,6,ok
3397,3400,243.14,146.44,243.14,0.90,6,ok
3399,1392,758.95,660.39,270.34,1.89,1,ok
3399,1398,67.61,85.50,67.61,0.15,13,ok
3399,1410,155.66,135.04,155.66,0.35,18,ok
3400,1678,279.53,130.85,279.53,0.87,6,ok
3401,1410,472.14,348.17,472.14,1.44,2,ok
3401,3399,316.48,213.49,316.48,1.09,4,ok
3402,2374,888.27,895.65,888.27,1.51,8,ok_undirected
3402,2659,365.75,389.56,365.75,0.69,34,ok
3402,2782,1091.10,72.68,1091.10,2.80,16,ok
3402,2786,406.92,325.27,406.92,0.84,45,ok
3403,2501,827.54,846.54,827.54,1.16,13,ok
3403,2523,448.28,294.37,94.72,0.94,57,ok_undirected
3404,2975,239.76,164.27,239.76,1.14,4,ok
3408,3409,293.64,247.96,293.64,0.89,12,ok
3409,2099,424.44,157.37,424.44,1.17,12,ok
3411,3412,181.46,237.18,181.46,0.39,12,ok
3412,3783,313.83,341.13,313.83,0.63,12,ok
3414,3530,0.00,42.70,0.00,0.68,12,no_coverage
3415,3321,198.87,183.24,198.87,0.43,14,ok
34156,20194,371.61,277.27,371.61,0.90,44,ok
34156,20195,467.63,271.14,467.63,1.15,31,ok
34156,6720,697.13,519.45,697.13,1.63,15,ok
34157,34158,667.99,441.41,667.99,1.47,95,ok
34157,5518,876.90,628.49,876.90,2.14,2,ok
34158,19529,181.73,175.82,181.73,0.57,3,ok
34158,42193,648.98,405.93,648.98,2.29,17,ok
34158,50119,237.18,241.31,237.18,0.76,10,ok
34158,5518,208.91,190.55,208.91,0.67,63,ok
34158,6718,1052.32,680.51,909.10,2.85,12,ok_undirected
34159,18780,964.57,607.57,964.57,2.01,82,ok
34159,19529,886.63,693.10,886.63,1.84,4,ok
34159,34161,1168.41,593.91,1168.41,2.41,1,ok
34159,42653,911.74,764.68,911.74,2.15,26,ok
34159,50119,942.08,685.53,942.08,2.02,8,ok
3416,3417,338.54,182.08,338.54,1.05,12,ok
34161,34156,263.84,291.45,263.84,0.55,90,ok
34161,50900,755.93,308.48,755.93,2.07,5,ok
34161,6720,960.97,739.19,960.97,2.19,3,ok
3417,3418,118.11,135.33,118.11,0.28,12,ok
3418,17325,454.78,483.53,454.78,1.16,2,ok
3418,3967,269.41,231.16,269.41,0.72,10,ok
3419,3420,47.15,216.12,47.15,0.10,12,ok
3419,3747,673.32,323.30,673.32,1.72,1,ok
34199,34200,423.55,290.80,423.55,0.88,7,ok
3420,3421,478.50,264.97,478.50,1.11,2,ok
3420,3752,3989.72,140.01,3956.68,9.31,10,ok
34200,34204,246.47,209.69,112.57,0.65,7,ok
34201,17074,313.15,260.70,313.15,0.81,7,ok
34203,34201,395.38,200.05,267.54,1.00,7,ok
34204,34205,162.23,200.78,162.23,0.37,7,ok
34205,34207,438.18,361.55,438.18,0.88,7,ok
34207,17073,257.41,159.57,257.41,0.62,7,ok
34208,34203,716.42,548.78,589.15,1.66,7,ok
3421,2056,472.78,279.00,472.78,1.53,1,ok
3421,3747,147.67,125.35,147.67,0.51,10,ok
3421,3965,306.79,277.35,306.79,1.09,1,ok
34210,17813,169.61,171.02,169.61,0.60,3,ok
34210,40764,586.67,375.73,586.67,1.67,9,ok
34210,6706,397.47,369.26,397.47,1.51,3,ok
34218,35844,642.04,433.01,642.04,1.85,8,ok
34218,3977,660.84,569.05,660.84,1.69,31,ok
34219,34220,230.03,244.17,230.03,0.58,5,ok
3422,3532,209.45,93.95,209.45,0.59,64,ok
3422,42571,789.60,587.22,789.60,1.90,12,ok
3422,44945,579.23,415.44,579.23,1.45,19,ok
34220,3718,258.73,273.34,258.73,0.78,5,ok
34221,17344,217.58,214.39,217.58,0.77,29,ok
3423,1461,935.32,442.72,935.32,2.55,39,ok
3423,3009,492.42,386.98,492.42,1.10,40,ok
3424,1305,195.13,112.92,195.13,0.46,48,ok
34246,20430,218.56,160.43,218.56,0.45,22,ok
34248,34253,212.37,156.88,212.37,0.45,8,ok
34249,5991,138.18,284.16,138.18,0.30,8,ok
3425,3426,237.46,271.09,237.46,1.55,13,ok
34250,19752,464.88,164.20,464.88,1.22,7,ok
34250,5930,286.48,193.69,286.48,0.89,10,ok
34251,5992,381.51,238.16,381.51,0.88,1,ok
34253,19500,357.88,290.74,357.88,0.92,7,ok
34253,19792,315.69,172.50,315.69,0.88,2,ok
34256,18666,315.16,273.97,243.65,0.78,20,ok
34257,19827,2106.19,1998.01,2106.19,1.76,4,ok
34258,34260,1383.82,1763.36,1383.82,1.21,3,ok
34259,34257,1383.82,1789.76,1383.82,1.14,4,ok
3426,1276,508.88,323.02,508.88,1.50,13,ok
3426,3427,369.97,318.33,369.97,0.89,24,ok_undirected
34260,4316,6360.27,5578.45,6360.27,5.94,1,ok
34260,4319,6748.78,5500.50,6748.78,6.64,2,ok
34262,4737,2432.82,2346.15,1302.00,3.47,1,ok
34262,4738,3775.08,2384.11,2666.37,5.61,1,ok
34263,34262,758.82,746.93,696.01,1.80,2,ok
34264,34258,2106.19,2035.15,2106.19,2.09,3,ok
34265,20703,191.46,168.03,191.46,0.57,40,ok
3427,3428,225.64,141.32,225.64,0.77,31,ok
34279,20503,258.86,258.01,258.86,0.56,15,ok
3428,17445,367.76,365.55,367.76,0.78,31,ok
34281,20864,160.76,83.47,160.76,0.48,11,ok
34281,20872,286.23,260.52,286.23,0.98,1,ok
34282,50094,1072.04,889.67,1072.04,1.85,11,ok
34284,18978,421.15,446.37,0.00,0.28,2,no_coverage
34285,34284,501.87,607.23,0.00,0.57,2,no_coverage
34286,20253,646.70,607.83,0.00,0.32,2,no_coverage
34288,34290,153.12,235.40,153.12,0.48,6,ok
34290,38852,191.72,176.39,191.72,0.62,6,ok
34293,4794,5242.52,4980.25,5242.52,6.02,9,ok
34294,19891,411.99,607.37,411.99,0.69,3,ok
34296,17485,352.98,258.70,352.98,0.88,16,ok
34296,3540,267.56,182.93,267.56,0.68,9,ok
34298,17748,700.30,543.48,700.30,1.29,5,ok
34298,4225,1097.76,719.25,1097.76,1.63,3,ok
34299,34300,542.84,477.04,0.00,1.03,3,no_coverage
3430,1700,851.82,365.41,851.82,4.06,1,ok
34304,34298,0.00,13.56,0.00,1.21,8,no_coverage
34304,34299,352.02,337.88,352.02,0.78,3,ok
34305,5599,159.20,149.70,159.20,0.49,17,ok
34306,20643,329.81,236.64,329.81,0.86,8,ok_undirected
34306,20743,179.03,112.35,179.03,0.48,1,ok
34307,20290,480.98,368.40,480.98,0.73,10,ok
34308,19742,0.00,69.58,0.00,0.81,20,no_coverage
34309,19968,2757.96,2744.01,2757.96,2.93,5,ok
34309,51053,2794.07,2679.99,2794.07,3.01,3,ok
3431,3402,209.65,190.12,209.65,0.64,42,ok
3431,3403,245.16,164.76,245.16,0.61,8,ok
3431,35770,471.31,318.12,471.31,1.28,70,ok
34329,3016,649.75,438.27,649.75,1.65,19,ok
3433,2276,214.96,263.67,214.96,0.50,19,ok
34330,3620,314.83,190.33,314.83,0.78,16,ok
34331,34332,288.43,272.76,288.43,0.72,29,ok
34332,20572,737.40,489.91,737.40,2.06,10,ok
34332,20576,634.03,466.20,634.03,1.85,1,ok_undirected
34332,20584,571.30,359.60,571.30,1.60,18,ok
34333,20750,256.09,260.46,256.09,0.74,29,ok
3435,3647,142.72,169.12,142.72,0.46,12,ok
3436,1894,372.48,293.95,372.48,1.39,12,ok
3437,17488,245.29,48.95,245.29,0.42,52,ok
3437,3372,4662.41,4062.52,4662.41,5.15,34,ok
3437,3735,960.39,759.34,960.39,1.58,67,ok
3441,17414,525.52,480.16,525.52,1.29,1,ok
3441,38620,229.04,140.21,229.04,0.64,9,ok
3443,2773,288.65,286.01,288.65,0.96,13,ok
3444,2854,285.94,158.29,285.94,0.71,17,ok
3445,2625,3861.71,160.58,3861.71,11.35,31,ok
3446,1994,185.54,79.79,185.54,0.63,17,ok
3449,17137,398.11,313.18,398.11,0.62,9,ok
3451,3449,34.75,173.25,34.75,0.07,2,ok
3452,17018,35.17,151.20,35.17,0.08,3,ok
3452,3325,388.52,374.36,388.52,1.18,5,ok
3454,2799,122.92,232.37,122.92,0.26,9,ok
3455,38546,,225.07,,0.90,12,unreachable
3456,17030,250.10,194.55,250.10,0.75,6,ok
3457,17029,326.39,319.33,326.39,0.70,6,ok
3461,3888,162.56,132.95,162.56,0.48,6,ok
3463,17133,96.99,156.73,96.99,0.20,6,ok
3464,3461,203.78,224.08,203.78,0.63,6,ok
3468,41118,1420.25,1273.20,1420.25,2.21,14,ok
3469,17028,192.70,142.42,192.70,0.44,11,ok
3470,1997,370.06,350.15,370.06,0.65,36,ok_undirected
3471,41290,189.95,224.12,189.95,0.33,35,ok
3472,3473,96.26,114.02,96.26,0.25,9,ok
3473,17399,213.34,175.38,213.34,0.53,9,ok
3474,39152,208.64,156.61,208.64,0.48,9,ok
3477,3680,45.98,91.76,45.98,0.18,13,ok
3478,3479,295.86,242.21,295.86,0.95,13,ok
3479,3480,94.43,96.91,94.43,0.32,13,ok
3480,2524,77.71,112.61,77.71,0.38,13,ok
3481,42826,1389.31,272.20,1389.31,3.03,18,ok
3482,38966,1310.10,240.11,1310.10,2.85,18,ok
3483,3484,297.48,162.47,297.48,0.80,19,ok
3484,3555,225.64,235.30,225.64,0.57,19,ok
3485,3337,358.52,242.07,358.52,1.07,6,ok
3485,3607,331.66,335.64,331.66,0.91,13,ok
3486,3492,2108.49,1471.19,2108.49,2.86,9,ok
3486,3821,4336.43,2053.81,4336.43,8.04,42,ok
3486,41084,441.86,462.61,441.86,0.90,7,ok
3487,2149,346.72,303.09,346.72,0.70,74,ok
3489,3565,1035.54,975.93,1035.54,0.90,9,ok
3489,3798,12063.26,10300.20,12032.33,9.24,18,ok
3490,17318,980.10,668.08,980.10,2.35,15,ok_undirected
3490,2158,282.38,273.95,282.38,0.86,38,ok
3490,2160,264.86,242.39,264.86,1.10,11,ok_undirected
3490,3977,365.59,147.17,365.59,0.96,6,ok
3491,1092,489.53,452.72,489.53,0.84,53,ok_undirected
3491,17482,639.10,459.13,639.10,1.29,11,ok
3492,2996,271.23,77.82,271.23,1.01,9,ok
3493,3857,149.03,108.13,149.03,0.50,29,ok
3495,2603,142.42,200.72,142.42,0.39,37,ok
3496,1978,349.97,275.32,349.97,0.86,39,ok
3497,3280,820.27,371.81,820.27,3.15,4,ok
3497,3920,470.74,261.53,470.74,1.69,39,ok_undirected
3499,3513,192.13,196.80,192.13,0.43,31,ok
3500,3514,459.03,215.69,459.03,1.21,14,ok
35006,20467,3770.21,3455.77,0.00,2.65,1,no_coverage
3501,2648,1157.79,880.56,1157.79,2.32,2,ok
3507,17488,534.76,603.41,534.76,1.02,58,ok
3507,3322,3475.49,1250.26,3475.49,6.21,1,ok
3507,38805,3275.97,1862.77,3275.97,5.45,1,ok
3507,43498,212.12,280.01,212.12,0.39,12,ok
35077,17416,415.02,304.02,280.19,1.14,4,ok
35078,39618,155.89,211.89,155.89,0.32,4,ok
35079,36112,395.61,270.77,395.61,1.55,4,ok
35079,3615,327.05,336.91,327.05,1.37,4,ok
35080,1310,333.47,186.69,333.47,1.52,3,ok
35080,1694,298.94,146.27,298.94,1.40,5,ok
35081,35082,302.22,295.79,302.22,0.64,16,ok
35082,3617,506.60,474.27,506.60,1.13,17,ok
35083,36077,452.11,427.65,452.11,1.27,19,ok
35083,3872,579.43,356.35,579.43,2.08,1,ok
35085,2871,256.65,181.16,256.65,0.87,19,ok
35086,1340,409.03,417.56,409.03,1.02,14,ok
35086,1358,604.66,547.99,604.66,1.58,9,ok
35087,1359,376.56,205.54,376.56,1.12,1,ok
35087,3832,358.13,293.62,358.13,0.99,2,ok
35088,35086,665.62,569.14,601.57,1.60,1,ok
35089,35091,452.70,314.34,452.70,0.51,2,ok
35090,4191,6511.82,5176.29,6511.82,5.29,2,ok
35091,35093,684.77,812.48,684.77,0.59,2,ok
35092,35090,0.00,255.34,0.00,0.02,2,no_coverage
35093,4425,2943.02,2655.97,2943.02,2.65,1,ok
35093,7167,3075.20,2774.85,3075.20,2.86,1,ok
35094,35092,1137.47,827.98,1137.47,1.04,2,ok
35095,35094,2840.35,2687.75,2840.35,2.38,2,ok
35097,5851,136.31,112.33,136.31,0.77,2,ok
3510,2455,930.65,415.97,930.65,1.91,5,ok
35111,21302,4086.98,3970.53,4086.98,3.02,4,ok
35117,40305,0.00,118.09,0.00,0.78,1,no_coverage
35117,5880,531.29,526.93,531.29,0.75,2,ok
35118,19929,1680.96,1327.72,41.08,1.77,1,ok
3512,3858,414.08,369.54,414.08,1.11,140,ok
3513,3302,384.50,361.85,384.50,0.97,31,ok
3514,3515,381.65,363.36,381.65,0.76,14,ok
3515,35657,297.84,252.15,297.84,0.48,14,ok
3516,38783,940.18,515.08,940.18,1.50,9,ok_undirected
3517,3709,403.23,370.20,403.23,1.69,12,ok
3518,3499,510.09,409.96,510.09,1.22,31,ok
35181,5577,2348.43,831.86,2348.43,2.72,2,ok
35182,35184,2118.78,1916.70,0.00,1.65,2,no_coverage
35183,35181,2095.48,2025.73,2095.48,1.44,2,ok
35184,21310,2417.91,2008.87,1273.34,2.55,4,ok
35185,35186,0.00,145.66,0.00,0.91,4,no_coverage
35186,35188,554.48,224.04,554.48,1.26,4,ok
35188,20811,370.36,346.09,370.36,0.69,4,ok
35189,20092,8792.90,5251.02,7069.21,7.12,2,ok
35190,20812,1066.58,411.06,497.58,0.79,2,ok
35191,20806,3590.26,1326.54,0.00,3.00,2,no_coverage
35191,20809,3702.15,1294.55,0.00,3.00,2,no_coverage
3521,3367,313.80,256.14,313.80,0.55,269,ok
3521,3522,757.85,369.36,757.85,1.66,22,ok
35243,20317,908.38,683.06,908.38,2.34,3,ok
35243,5548,189.57,155.97,189.57,0.46,9,ok
35244,19545,317.95,218.04,317.95,1.07,7,ok
35245,4177,586.11,394.37,586.11,1.52,2,ok
35245,5601,270.95,261.63,270.95,0.63,29,ok
35246,5540,427.02,383.72,427.02,1.02,9,ok
35247,35243,532.21,347.88,532.21,1.40,1,ok
35247,35248,357.34,266.69,357.34,1.01,8,ok
35248,35243,174.87,162.32,174.87,0.40,8,ok
35249,19879,305.15,172.94,187.13,1.00,9,ok
3525,2053,479.53,478.35,479.53,1.31,3,ok
35250,35251,372.31,342.15,372.31,0.83,8,ok
35251,5550,302.92,319.15,302.92,0.63,8,ok
35253,41731,35.61,47.32,35.61,0.06,9,ok
35253,5541,260.30,212.23,260.30,0.57,8,ok
35255,35256,231.70,238.16,231.70,0.55,16,ok
35256,19545,470.19,285.04,470.19,1.44,1,ok
35256,35244,152.24,120.29,152.24,0.37,7,ok
35256,35257,252.95,175.45,252.95,0.64,8,ok
35257,46881,251.89,145.02,251.89,0.61,8,ok
35258,41093,168.75,180.19,168.75,0.57,16,ok
3526,3254,802.54,584.49,802.54,1.04,74,ok
35261,20338,246.23,224.21,246.23,0.63,7,ok
35263,35264,896.36,725.66,896.36,1.75,29,ok
35263,5552,1255.08,992.33,1255.08,2.52,2,ok
35264,18804,723.36,539.40,723.36,1.55,3,ok
35264,5552,358.72,268.55,358.72,0.77,26,ok
35270,35271,681.59,65.51,0.00,3.77,7,no_coverage
35271,35272,313.68,214.72,313.68,0.94,6,ok
35272,35273,367.91,112.22,367.91,0.68,6,ok
35273,6530,248.03,232.32,248.03,0.60,2,ok
35273,7020,687.08,295.12,687.08,1.53,4,ok
35274,19547,377.47,306.38,377.47,1.31,28,ok
35274,20841,767.55,738.78,767.55,2.38,2,ok
3529,17192,325.69,274.07,325.69,1.05,1,ok
3529,17279,179.68,138.92,179.68,0.58,30,ok
35291,18418,429.48,402.84,429.48,0.94,40,ok
35291,21099,580.85,500.14,580.85,1.18,4,ok
35291,4574,1027.69,447.90,1027.69,2.11,38,ok
35292,20813,908.99,827.83,908.99,0.80,2,ok
35293,35182,1621.16,1446.33,0.00,1.32,2,no_coverage
35294,18572,567.21,354.30,567.21,1.07,11,ok
35295,5244,97.01,126.55,60.18,0.23,39,ok
35296,5238,3359.50,2359.80,3359.50,5.25,3,ok
3530,3876,326.96,164.07,326.96,0.35,12,ok_undirected
35301,19928,1072.82,1046.24,0.00,0.87,2,no_coverage
3531,1834,355.14,237.63,355.14,0.64,8,ok
3531,1835,368.94,215.89,368.94,0.61,9,ok
35311,40631,179.53,170.64,179.53,0.37,6,ok
35312,4501,6184.45,2567.25,5916.32,10.22,10,ok
35312,4717,5174.93,2172.02,4906.80,9.06,6,ok
35313,4482,741.60,463.83,741.60,1.37,18,ok_undirected
35314,18957,1681.05,1643.12,1681.05,1.35,45,ok
35314,20698,2071.68,1552.23,1736.18,1.80,2,ok
35315,17572,2677.66,2348.25,2677.66,2.06,29,ok
35316,18707,252.26,184.37,252.26,0.56,18,ok
3532,19087,2919.19,2690.44,2919.19,3.50,4,ok
3532,2362,191.42,163.80,191.42,0.43,9,ok
3532,2374,2315.79,2311.91,2315.79,4.04,9,ok_undirected
3532,2478,596.92,582.83,596.92,1.16,18,ok
3532,3229,272.50,238.68,272.50,0.62,97,ok
35332,18386,2940.32,1665.28,2940.32,8.19,1,ok
35332,48129,281.60,49.60,281.60,1.21,45,ok
35333,40247,649.58,325.34,55.11,18.15,3,ok
35333,40258,250.63,243.88,250.63,2.59,2,ok
35334,35335,807.22,516.69,807.22,2.22,26,ok
35335,35381,275.30,308.27,275.30,1.03,41,ok
35337,42257,422.96,235.54,422.96,1.76,26,ok_undirected
35338,41045,753.69,592.80,753.69,2.18,13,ok_undirected
35338,4530,752.29,603.23,752.29,2.03,11,ok_undirected
35338,49538,693.16,642.46,693.16,1.96,15,ok_undirected
35340,47145,1099.65,996.63,1095.47,1.43,2,ok
35340,48767,1240.38,1054.06,1236.21,1.64,2,ok
35341,21309,992.98,618.57,661.18,2.78,4,ok
35342,35341,641.93,256.55,641.93,1.37,4,ok
35343,20874,2240.65,1092.25,2240.65,2.77,2,ok
35344,46517,1655.50,1239.92,0.00,3.13,2,no_coverage
35345,20397,3530.75,3277.88,3530.75,3.40,7,ok
35345,21295,3257.42,3167.86,3145.19,2.62,2,ok
35347,19676,29.51,196.44,29.51,0.07,2,ok
35348,17706,2415.20,2205.96,2415.20,5.38,1,ok
35349,20491,2890.91,1788.91,2851.22,4.29,5,ok
35350,37042,499.64,274.68,499.64,1.30,5,ok
35352,35386,360.59,331.07,360.59,0.46,2,ok
35353,35385,2436.04,2221.17,0.00,2.65,2,no_coverage
35353,35395,545.98,522.47,0.00,1.00,2,no_coverage
35356,20384,1321.58,1206.41,1321.58,1.09,7,ok
35356,35357,2735.35,2457.01,2735.35,2.57,2,ok
35356,5039,4500.52,2788.83,4500.52,5.93,5,ok
35357,35358,575.34,487.35,575.34,0.91,2,ok
35358,35360,7659.95,6218.07,7659.95,9.45,2,ok
35359,35392,7659.95,6283.21,0.00,17.65,2,no_coverage
3536,3489,2274.82,2141.91,2274.82,2.06,12,ok
35360,35361,4549.06,3088.28,4549.06,5.54,2,ok
35361,35359,4549.06,3089.10,244.54,8.47,2,ok
35361,35387,5017.97,2825.20,5017.97,5.10,2,ok
35362,35365,427.22,384.44,427.22,1.06,7,ok_undirected
35362,41714,436.09,210.09,436.09,1.48,11,ok_undirected
35363,35368,723.12,607.28,723.12,1.18,6,ok
35363,4832,1171.41,526.39,1171.41,1.96,11,ok_undirected
35364,35363,421.31,308.44,421.31,1.08,6,ok
35365,4202,3211.24,2218.74,3211.24,5.22,5,ok
35365,5926,622.50,376.63,614.81,1.42,2,ok
35367,35362,1389.99,572.73,1389.99,3.11,2,ok
35368,43350,655.83,404.77,655.83,1.07,11,ok
35368,5065,915.20,817.28,915.20,1.86,5,ok
35368,5096,655.05,544.15,655.05,1.03,1,ok
35374,40167,326.10,319.37,326.10,0.90,5,ok
35374,40174,116.37,195.75,116.37,0.34,5,ok
35376,40175,596.88,533.91,179.38,0.78,5,ok
35378,5044,254.38,211.91,254.38,1.06,5,ok
35379,5045,1205.50,1119.47,1135.88,1.72,5,ok
35381,42435,304.03,203.85,304.03,1.26,41,ok
35382,35349,703.12,501.19,515.36,1.24,5,ok
35384,4218,1785.41,1437.61,1785.41,2.86,3,ok
35385,35353,2535.45,2221.17,0.00,2.98,2,no_coverage
35386,35353,5513.05,3679.14,457.19,6.91,2,ok
35386,5108,1226.12,907.53,1226.12,1.44,2,ok
35387,35361,4987.42,2825.20,657.14,4.29,2,ok
35388,35356,2465.45,1984.33,2465.45,2.26,5,ok
3539,17475,307.95,161.16,307.95,0.87,7,ok
3539,3168,659.19,265.51,659.19,1.42,16,ok
35390,5040,179.54,169.09,179.54,0.43,10,ok
35391,35356,2735.35,2392.10,1107.36,2.34,2,ok
35392,35391,575.34,499.27,0.00,1.00,2,no_coverage
35393,5115,1420.03,1344.39,1420.03,3.10,3,ok
35393,5808,1231.48,1221.99,1231.48,2.53,2,ok
35394,4774,331.32,241.72,331.32,0.81,5,ok
35395,35352,4484.50,4024.29,4484.50,3.44,2,ok
3540,3217,448.84,381.08,448.84,1.18,15,ok
35407,1107,1599.13,127.00,1320.25,5.10,23,ok
35407,3000,131.41,124.99,131.41,0.40,17,ok_undirected
3541,3542,105.59,134.46,105.59,0.28,24,ok
35410,35412,233.13,166.94,233.13,0.63,15,ok
35411,4598,221.40,102.45,221.40,0.67,15,ok
35412,35414,464.78,225.90,464.78,1.31,15,ok
35413,35411,216.94,160.15,216.94,0.75,15,ok
35414,35417,257.83,203.74,257.83,0.75,15,ok
35415,35413,319.23,188.84,319.23,0.90,15,ok
35417,35418,476.22,309.30,476.22,1.55,15,ok
35418,6862,194.58,170.02,194.58,0.64,15,ok
35419,6159,503.10,296.31,503.10,1.20,15,ok
3542,17338,398.12,94.45,398.12,0.87,17,ok
3542,17485,290.03,204.42,290.03,0.70,7,ok
35420,4548,144.34,183.83,144.34,0.46,15,ok
35420,50521,448.35,493.50,448.35,1.17,13,ok
35421,4549,666.92,314.94,666.92,1.44,15,ok
35423,35471,397.74,278.11,397.74,0.84,13,ok
35423,42433,517.24,343.53,517.24,1.16,19,ok
35424,4948,472.81,222.18,472.81,1.15,15,ok
35424,5030,178.50,146.39,178.50,0.43,19,ok_undirected
3543,2705,177.98,95.76,177.98,0.56,19,ok
3544,1916,243.82,233.76,243.82,0.63,13,ok
3544,3202,206.48,278.40,206.48,0.51,33,ok
3545,3546,500.38,432.19,500.38,0.74,7,ok_undirected
35454,35456,636.15,531.56,636.15,0.74,101,ok_undirected
35455,35786,905.18,865.09,905.18,1.34,100,ok
35456,35829,2016.57,874.54,2004.34,2.89,145,ok
35457,35455,607.01,507.25,594.77,0.70,100,ok
35457,35830,1618.85,1129.98,1606.61,2.56,44,ok
35458,35457,916.12,883.30,916.12,1.30,144,ok_undirected
35459,35458,2940.17,1314.90,2940.17,4.03,144,ok
3546,2789,764.46,655.11,764.46,1.47,7,ok
35460,47854,574.45,432.29,574.45,1.54,145,ok
35461,4182,3111.85,1720.33,3111.85,4.05,32,ok
35461,7125,3131.78,1682.04,3131.78,4.08,1,ok
35462,21281,651.14,618.82,651.14,1.43,17,ok_undirected
35462,7094,1057.00,755.23,1057.00,2.49,4,ok
35464,4505,701.02,666.80,701.02,1.99,2,ok
35464,4630,421.73,300.78,421.73,1.12,29,ok
35464,47851,966.19,541.10,859.54,2.71,5,ok
35465,35466,207.92,161.32,207.92,0.46,15,ok
35465,4569,157.59,103.10,157.59,0.37,6,ok
35465,4608,116.90,126.59,116.90,0.29,17,ok
35466,35468,481.48,319.62,473.43,1.04,15,ok
35468,35470,225.39,269.22,225.39,0.41,15,ok_undirected
3547,1774,562.69,268.47,562.69,1.69,39,ok
3547,3350,143.01,104.48,143.01,0.52,22,ok_undirected
35470,35423,221.77,220.16,221.77,0.48,15,ok_undirected
35471,5014,510.59,230.33,510.59,1.19,16,ok
35471,5048,723.26,469.36,723.26,1.88,5,ok
35473,35505,297.62,225.14,297.62,0.75,10,ok
35474,6046,1116.86,737.46,880.97,2.74,9,ok
35474,6703,1186.85,842.42,659.76,3.17,4,ok
35476,3979,826.87,690.17,815.04,2.28,68,ok_undirected
35477,35478,445.76,441.68,445.76,1.32,6,ok
35478,35482,462.73,466.04,462.73,1.20,6,ok
35479,35477,887.89,499.81,887.89,3.26,4,ok
3548,3521,9836.30,8841.46,9836.30,8.49,9,ok
35480,35481,467.09,419.39,467.09,1.66,3,ok
35481,35479,853.24,485.36,411.11,2.53,3,ok
35482,35483,1358.51,1033.29,1358.51,2.63,4,ok
35482,35485,1134.32,984.69,702.38,1.94,2,ok
35483,35484,408.41,312.95,408.41,1.46,4,ok
35484,35934,811.43,731.30,811.43,1.30,4,ok
35485,35939,665.86,670.95,665.86,0.73,6,ok
35486,35934,1086.45,960.06,1086.45,1.04,3,ok
35487,35488,408.41,311.54,15.84,1.42,3,ok
35488,35489,1334.16,1058.56,1334.16,2.68,3,ok
35489,35480,518.72,509.96,518.72,1.28,3,ok
3549,3798,,23099.55,,16.00,11,unreachable
3550,43342,327.26,395.89,327.26,0.70,7,ok
35504,35474,266.06,221.47,0.00,0.35,1,no_coverage
35505,40750,623.97,600.68,278.26,1.32,10,ok
35505,5591,2196.56,1655.35,2196.56,3.93,3,ok
35518,35519,1811.35,1639.55,1471.80,2.45,4,ok
35519,35520,224.75,163.23,0.00,0.51,4,no_coverage
35520,35523,62.44,66.10,0.00,0.11,4,no_coverage
35523,35524,186.37,151.98,0.00,0.86,4,no_coverage
35524,35525,90.16,206.00,0.00,0.87,4,no_coverage
35525,35526,563.72,417.06,0.00,1.59,4,no_coverage
35526,18877,1811.35,1607.25,0.00,2.19,4,no_coverage
35528,35545,791.91,640.51,0.00,1.73,2,no_coverage
35529,35541,1402.47,1056.97,1244.01,2.30,4,ok
35529,35562,4374.16,3106.09,3953.84,4.90,3,ok
35529,50060,4082.99,3816.37,3924.53,4.32,3,ok
3553,3001,432.42,417.00,432.42,1.06,7,ok
35530,35533,438.46,408.42,438.46,0.96,6,ok
35531,39967,1182.33,682.82,1182.33,2.31,2,ok
35531,39976,910.61,708.09,910.61,1.57,2,ok
35532,35531,307.04,262.25,307.04,0.56,4,ok
35533,35535,309.18,295.21,309.18,0.82,6,ok
35534,35532,310.81,325.14,310.81,1.58,4,ok
35535,35536,542.67,462.34,542.67,1.74,6,ok
35536,35538,393.08,304.85,393.08,1.25,6,ok
35537,35534,542.67,480.64,542.67,1.34,4,ok
35538,35540,868.31,828.53,868.31,1.82,6,ok
35539,35537,462.14,326.76,462.14,1.01,4,ok
3554,17356,1283.88,725.33,1283.88,2.37,2,ok
3554,3059,1899.29,602.32,1899.29,4.19,5,ok
35540,35529,1371.30,1194.04,1371.30,2.36,6,ok
35541,35539,799.25,522.35,799.25,1.55,4,ok
35542,35528,1188.35,1068.53,1011.15,1.00,2,ok
35542,50010,1011.15,1049.23,1011.15,0.85,2,ok
35545,35561,463.63,353.94,0.00,1.12,2,no_coverage
35546,35530,691.08,569.33,691.08,1.11,6,ok
3555,3485,229.29,193.39,229.29,0.65,19,ok
35554,37172,2071.45,1613.54,2071.45,4.25,3,ok
35554,6735,3998.96,1714.12,3998.96,6.82,2,ok
35555,50060,180.85,220.78,180.85,0.31,3,ok
3556,17140,246.11,236.71,246.11,0.44,13,ok
35560,35555,778.91,614.50,778.91,1.08,3,ok
35561,35529,3844.98,3078.88,3506.81,4.41,2,ok
35562,35560,463.63,361.63,201.78,0.67,3,ok_undirected
35567,2519,89.58,123.10,89.58,2.76,11,ok
35568,35648,435.25,426.27,435.25,1.29,19,ok
35569,35570,178.25,141.30,178.25,0.52,7,ok
3557,3354,421.86,155.62,421.86,1.17,52,ok
35570,41076,180.92,167.57,180.92,0.57,7,ok
35571,42970,1646.48,1261.94,1646.48,3.82,3,ok
35571,5607,2626.03,1446.54,1750.05,2.49,4,ok
35572,20556,715.04,670.40,715.04,2.91,4,ok
35578,4193,419.02,184.94,419.02,0.75,7,ok_undirected
35578,5203,710.25,347.41,401.78,1.27,7,ok
35579,20144,2541.40,192.24,2541.40,5.22,11,ok
3558,2191,155.75,172.70,155.75,0.69,31,ok
3558,2192,168.99,138.59,118.97,0.72,2,ok
35580,20105,1281.89,625.66,1281.89,2.25,3,ok
35580,50389,565.15,447.16,565.15,0.99,4,ok
35580,6707,705.99,715.91,705.99,1.31,4,ok
35581,20139,613.51,561.74,613.51,1.34,14,ok_undirected
3559,3596,562.09,301.70,562.09,1.70,34,ok
35594,37191,3240.86,3202.56,3240.86,4.49,7,ok
3560,38892,401.79,272.74,401.79,2.36,4,ok
3560,48343,476.80,363.86,476.80,2.10,6,ok
35611,41786,994.82,782.55,994.82,1.93,3,ok
35622,2333,445.04,315.52,445.04,1.24,35,ok
35622,3724,310.23,317.51,310.23,0.83,30,ok
35623,2331,240.61,137.37,240.61,0.75,67,ok
35623,3128,306.20,311.02,306.20,0.68,14,ok
35624,2946,673.90,536.13,673.90,1.25,14,ok
35624,35622,215.60,172.40,215.60,0.73,51,ok
35625,2476,105.50,68.33,105.50,0.20,37,ok
35625,2583,146.06,138.46,146.06,0.22,19,ok_undirected
35626,35837,64.28,85.38,64.28,0.15,31,ok_undirected
35627,2202,212.52,208.80,212.52,0.57,48,ok
35629,35630,315.51,298.99,315.51,0.76,25,ok
3563,2131,547.54,438.33,547.54,1.67,19,ok
3563,2132,451.57,279.79,451.57,1.67,27,ok
3563,2133,362.80,232.50,362.80,1.20,41,ok
3563,2988,734.83,512.91,734.83,2.27,3,ok
35630,35631,150.40,190.46,150.40,0.28,25,ok
35631,35632,1319.05,1093.10,1319.05,2.69,14,ok
35631,3803,326.14,238.18,326.14,0.75,11,ok_undirected
35632,3601,311.19,243.75,311.19,0.71,42,ok
35632,3602,406.27,266.08,406.27,0.90,29,ok
35633,35634,319.35,340.73,319.35,1.22,26,ok
35634,17425,350.41,269.44,251.75,1.06,26,ok
35637,17159,292.18,220.76,292.18,0.64,20,ok
35638,35639,290.91,204.11,290.91,0.89,12,ok
35639,35640,294.16,248.99,294.16,0.70,12,ok
35640,3222,489.49,325.37,489.49,1.25,1,ok
35640,35673,434.36,381.21,434.36,1.01,11,ok
35642,35643,350.73,230.28,350.73,1.13,12,ok
35643,35644,157.24,199.40,157.24,0.59,12,ok
35644,35645,231.49,193.65,231.49,0.71,12,ok
35645,2468,205.14,152.51,205.14,0.73,12,ok
35646,38801,477.24,365.59,477.24,1.27,28,ok
35647,3012,298.22,226.10,298.22,0.78,13,ok
35648,2739,197.61,169.66,197.61,0.70,19,ok_undirected
35648,37466,100.04,96.27,100.04,0.44,11,ok
35649,2262,427.99,137.53,427.99,1.23,50,ok
3565,1636,,17402.15,,17.00,2,unreachable
3565,3798,11062.04,9816.00,11031.12,8.36,7,ok
35652,35956,261.23,166.99,261.23,0.68,11,ok
35653,17456,349.19,256.00,349.19,0.93,19,ok
35654,2465,307.36,211.00,307.36,0.75,19,ok
35655,2256,214.57,230.76,214.57,0.56,49,ok
35656,3394,904.49,373.63,868.63,2.23,18,ok
35657,3516,222.65,270.15,222.65,0.41,14,ok
35658,3518,297.84,292.03,297.84,0.68,31,ok
35659,35661,271.03,241.88,271.03,0.60,11,ok
35660,17458,586.55,484.00,419.59,1.27,19,ok
35661,35663,278.60,339.11,278.60,0.60,11,ok
35662,35664,239.66,216.10,239.66,0.82,19,ok
35663,2742,349.33,208.40,349.33,0.99,11,ok
35664,35660,309.97,324.67,309.97,0.67,19,ok
35666,35668,134.52,121.48,134.52,0.47,21,ok
35667,35695,385.27,252.11,385.27,0.88,16,ok
35667,44238,291.59,266.22,291.59,0.81,2,ok
35668,35568,551.42,362.53,551.42,1.58,21,ok
35669,35667,320.88,219.59,320.88,0.78,18,ok
35671,35642,199.05,232.50,199.05,0.52,12,ok
35673,2666,210.10,216.63,210.10,0.80,3,ok
35673,2881,409.33,351.96,409.33,1.37,11,ok_undirected
35674,2989,281.05,209.49,281.05,0.96,19,ok
35674,3787,188.55,180.98,188.55,0.72,10,ok
35695,3011,231.92,278.96,231.92,0.55,43,ok
35696,48889,2331.45,1415.99,2331.45,2.99,5,ok
35696,48890,159.70,243.51,159.70,0.36,13,ok
3573,3574,322.89,280.70,322.89,0.53,19,ok
3574,3575,893.24,794.06,893.24,2.27,21,ok
35748,35750,430.82,379.85,399.93,0.80,31,ok
35749,35800,460.70,475.38,268.43,0.93,32,ok
3575,3576,262.88,284.19,262.88,0.74,35,ok
35750,35752,1407.32,584.03,1407.32,2.83,31,ok
35751,35749,424.43,369.56,387.99,0.89,32,ok_undirected
35752,42705,457.38,400.23,457.38,0.87,31,ok
35755,35757,371.76,393.62,371.76,1.02,68,ok
35756,3431,364.25,276.96,364.25,1.26,70,ok
35756,35772,423.99,307.48,423.99,1.22,44,ok
35757,35767,513.29,484.79,513.29,1.05,68,ok
35758,35766,797.41,437.98,797.41,1.74,70,ok
35759,35751,728.08,569.72,728.08,1.26,32,ok
3576,3577,357.64,270.89,357.64,1.08,36,ok
35760,35783,710.69,695.08,710.69,1.27,70,ok
35761,35762,603.13,583.54,603.13,0.92,68,ok
35762,35764,828.81,833.14,828.81,1.26,68,ok
35763,35760,595.80,587.02,595.80,1.03,70,ok
35764,35755,870.30,863.00,870.30,1.54,68,ok
35765,35763,845.36,829.34,845.36,1.25,70,ok_undirected
35766,35765,947.22,805.25,924.28,1.44,70,ok
35767,35769,611.99,626.59,611.99,0.94,68,ok
35768,35758,626.99,485.85,626.99,1.27,70,ok
35769,35837,889.77,416.88,835.72,2.19,68,ok
3577,3578,498.10,304.48,498.10,1.44,36,ok
35770,35768,617.79,639.66,617.79,1.07,70,ok
35771,35501,506.44,250.19,506.44,2.14,35,ok_undirected
35771,50943,506.44,243.61,506.44,2.14,44,ok_undirected
35772,35773,441.02,421.84,441.02,0.67,92,ok
35773,35802,827.52,385.76,798.67,2.45,92,ok
35774,35771,461.05,436.86,425.76,1.30,79,ok_undirected
35775,35805,632.59,614.44,632.59,1.10,44,ok_undirected
35776,35779,457.19,400.09,457.19,1.20,44,ok_undirected
35777,35775,465.60,456.09,465.60,0.99,44,ok_undirected
35778,35777,507.49,479.15,507.49,1.73,44,ok
35779,35780,293.49,258.40,293.49,0.97,44,ok
3578,3579,1127.67,1031.75,1127.67,1.81,16,ok
3578,3805,2675.53,1520.72,2457.82,5.47,1,ok
35780,35809,464.38,511.13,464.38,1.24,44,ok
35781,35778,404.39,393.39,404.39,0.73,44,ok
35782,35761,702.57,686.87,702.57,1.11,68,ok
35783,35784,413.70,364.59,413.70,0.83,70,ok_undirected
35784,35787,1461.49,780.33,1452.01,2.63,101,ok
35785,35782,386.25,397.33,386.25,0.78,68,ok
35785,42701,663.61,517.33,663.61,1.37,32,ok
35786,35785,684.50,668.12,684.50,1.02,100,ok
35787,35454,808.26,770.35,808.26,1.20,101,ok
3579,2305,739.25,525.72,192.54,2.05,1,ok
3579,3196,534.07,278.71,525.39,1.06,15,ok_undirected
35790,35818,637.82,576.43,637.82,0.93,67,ok
35790,35834,551.23,559.64,551.23,1.31,120,ok
35790,3843,981.97,1006.15,981.97,1.52,18,ok
35791,47855,2182.55,1700.17,2182.55,3.48,112,ok
35791,48898,3379.30,1665.37,3379.30,5.04,27,ok
35792,35854,1102.20,1062.28,840.65,2.22,67,ok_undirected
35793,35820,427.77,440.61,427.77,1.27,68,ok
35794,2038,378.50,390.44,378.50,0.63,56,ok
35795,35797,414.60,397.78,414.60,1.15,50,ok
35796,2243,270.10,235.04,270.10,0.54,18,ok
35797,2240,401.68,319.63,401.68,1.30,19,ok
35797,35799,233.28,271.35,233.28,0.59,31,ok
35798,35796,420.10,397.95,420.10,1.26,50,ok
35799,35748,656.46,593.81,104.93,3.08,31,ok
3580,2964,826.43,391.69,826.43,2.41,1,ok
3580,3581,664.19,356.82,511.00,2.21,6,ok_undirected
35800,35798,427.50,392.40,427.50,1.31,32,ok
35801,35774,382.59,354.07,0.00,1.06,79,no_coverage
35802,3016,407.56,390.98,378.70,1.03,48,ok_undirected
35802,35804,369.59,364.23,340.74,0.92,44,ok_undirected
35803,35801,284.58,277.09,255.73,0.53,44,ok
35804,35806,761.38,582.73,761.38,1.81,44,ok_undirected
35805,35803,592.54,554.32,592.54,1.34,44,ok
35806,35807,681.00,504.37,681.00,1.21,44,ok_undirected
35807,35776,515.56,519.99,515.56,1.32,44,ok
35808,35781,311.25,294.25,0.00,0.80,44,no_coverage
35809,35810,407.62,382.23,407.62,0.86,44,ok
3581,3582,145.22,161.27,145.22,0.53,6,ok
35810,35811,490.20,304.27,490.20,1.64,44,ok_undirected
35811,35813,779.02,643.32,700.92,1.12,44,ok_undirected
35812,35828,280.76,328.83,280.76,0.46,44,ok
35813,3277,654.93,564.92,619.29,1.47,44,ok
35814,35812,773.52,673.43,773.52,1.60,44,ok
35815,35456,1461.00,1141.14,1461.00,2.44,44,ok_undirected
35815,35632,537.22,518.29,537.22,1.18,8,ok
35818,3698,279.32,286.96,279.32,0.49,67,ok
35819,35791,472.75,465.58,472.75,0.91,68,ok_undirected
3582,2650,440.42,325.07,440.42,1.45,6,ok
3582,3920,382.96,349.12,382.96,1.29,13,ok_undirected
35820,35819,423.00,400.33,423.00,0.71,68,ok
35821,17317,701.89,485.45,701.89,1.74,166,ok
35821,3253,506.08,343.96,506.08,1.16,17,ok
35821,3437,2885.96,1782.40,2771.78,4.50,12,ok
35822,35823,272.82,275.58,12.40,1.17,188,ok
35823,3732,341.06,305.65,0.00,0.91,142,no_coverage
35823,3952,329.45,258.85,162.85,1.58,46,ok
35824,17311,417.85,390.84,417.85,0.83,67,ok
35825,17316,416.94,313.13,416.94,1.44,32,ok
35825,2041,979.62,736.05,979.62,2.26,1,ok
35825,3812,435.33,352.54,435.33,1.48,86,ok
35825,3894,692.46,533.69,692.46,2.31,1,ok
35825,3896,459.52,232.08,459.52,1.59,20,ok_undirected
35828,35808,414.03,401.97,128.26,0.98,44,ok
35829,35460,1334.27,1315.37,1334.27,1.87,145,ok
3583,3584,664.19,388.15,511.00,1.69,4,ok
35830,2217,595.47,463.00,595.47,1.01,44,ok
35830,3281,802.13,600.78,588.14,1.31,5,ok
35831,35833,399.55,435.77,399.55,0.87,68,ok
35832,3813,612.89,531.15,612.89,1.96,67,ok
35833,35476,588.29,397.17,588.29,2.04,68,ok_undirected
35834,3977,475.52,441.95,475.52,1.96,120,ok
35835,1246,409.66,401.10,409.66,0.77,38,ok
35835,35791,446.92,439.30,439.81,0.89,71,ok_undirected
35836,21109,711.33,554.44,703.01,1.63,7,ok
35837,35501,354.35,196.68,354.35,1.96,97,ok_undirected
35837,50942,422.34,200.29,422.34,1.23,68,ok
35839,17226,125.38,182.16,125.38,0.19,49,ok
3584,2229,158.20,169.46,158.20,0.33,4,ok
35840,3075,1327.39,608.55,1318.41,1.89,39,ok
35844,1246,859.35,804.54,859.35,1.51,41,ok
35849,2627,507.86,406.24,468.39,0.54,119,ok
35850,2626,497.09,479.32,497.09,0.59,81,ok
35851,3039,615.89,658.56,615.89,0.82,45,ok
35851,35850,1085.99,1117.59,1085.99,1.44,36,ok
35851,3897,3764.72,2901.17,3764.72,4.96,2,ok
35852,16978,510.58,446.26,510.58,0.66,81,ok
35853,3228,1353.29,1338.61,1353.29,2.81,19,ok
35853,3521,1333.57,1243.63,1333.57,2.37,36,ok
35853,3522,1033.38,905.68,960.00,1.31,41,ok
35854,17299,686.40,338.23,686.40,2.02,67,ok_undirected
35862,35864,366.65,288.54,366.65,1.06,20,ok
35863,35872,340.12,184.47,340.12,1.33,20,ok
35864,35866,150.69,156.93,150.69,0.48,20,ok
35865,35863,366.65,308.81,326.46,2.30,20,ok
35866,35867,214.74,222.95,214.74,0.84,20,ok
35867,35868,407.47,346.12,407.47,1.15,20,ok
35868,35869,508.71,100.18,508.71,1.22,20,ok
35869,35870,287.75,277.20,287.75,0.95,20,ok
35870,35865,372.17,306.95,372.17,1.20,20,ok
35871,35862,340.12,144.37,340.12,1.00,20,ok
35871,4103,463.85,200.84,302.18,1.38,1,ok
35872,35873,329.51,249.87,329.51,0.81,31,ok
35873,35888,169.36,204.96,169.36,0.37,31,ok
35874,35931,329.31,343.85,329.31,0.92,19,ok
35875,35876,132.14,192.40,132.14,0.40,19,ok
35876,35879,302.99,167.55,302.99,0.93,19,ok
35877,35874,297.58,248.01,297.58,0.77,19,ok
35878,35877,103.02,65.53,103.02,0.36,19,ok
35878,48977,695.23,456.61,695.23,2.38,11,ok
35879,43967,275.68,341.15,275.68,0.65,30,ok
3588,2172,440.33,406.76,440.33,1.27,75,ok_undirected
35880,44964,388.53,324.83,388.53,0.90,19,ok
35881,35878,529.36,414.36,529.36,1.76,19,ok
35882,35890,237.13,208.25,237.13,0.79,19,ok
35883,35881,343.96,232.46,343.96,1.10,19,ok
35884,35875,342.75,323.32,342.75,0.85,19,ok
35885,35884,219.73,219.34,219.73,0.71,19,ok
35886,4108,429.15,288.78,429.15,0.98,19,ok
35887,35885,753.42,241.77,753.42,1.66,19,ok
35888,4108,448.31,411.12,448.31,1.13,31,ok
35889,35882,178.74,187.07,178.74,0.73,19,ok
3589,1082,680.19,584.87,680.19,1.16,25,ok_undirected
3589,3331,685.32,633.58,685.32,1.14,28,ok
3589,43014,296.18,221.20,296.18,0.79,22,ok
35890,35883,166.03,160.56,166.03,0.73,19,ok
35891,35905,1781.83,969.70,1781.83,2.83,15,ok
35892,35916,762.02,542.50,762.02,2.19,4,ok
35893,35894,1715.58,1612.79,1715.58,2.99,12,ok
35894,38450,502.17,401.44,464.14,1.40,12,ok
35895,2951,1788.65,1699.27,1788.65,2.45,11,ok
35895,35914,2381.04,1706.44,2381.04,3.71,2,ok
35896,35919,2844.74,2752.24,2844.74,2.94,7,ok
35897,35918,691.89,648.78,691.89,1.53,6,ok
35898,35900,224.14,260.93,116.69,0.55,7,ok
35899,35898,300.05,226.71,300.05,0.41,7,ok
35900,17001,428.72,342.48,428.72,0.91,4,ok
35900,1760,427.94,392.38,427.94,0.96,3,ok
35901,16936,534.62,401.30,534.62,1.18,15,ok
35902,35930,515.18,427.61,515.18,1.42,8,ok
35903,35904,221.68,220.79,221.68,0.57,8,ok
35904,35891,1781.83,962.79,1781.83,2.12,8,ok
35905,37232,192.39,195.12,192.39,0.63,15,ok
35906,4096,547.46,332.01,547.46,1.72,21,ok
35906,4127,222.48,136.21,178.65,0.50,4,ok_undirected
35909,35912,376.58,336.84,376.58,0.80,8,ok
3591,1636,1799.08,841.75,1799.08,2.72,25,ok
3591,17419,638.60,492.82,638.60,1.32,43,ok_undirected
3591,43513,590.88,551.52,590.88,1.51,8,ok
35910,4084,828.83,578.79,828.83,2.96,6,ok
35910,50329,227.73,163.28,227.73,0.80,5,ok
35911,35910,109.90,164.30,109.90,0.31,7,ok
35912,35915,439.19,362.98,439.19,1.05,8,ok
35913,4082,515.37,381.39,515.37,1.34,19,ok
35914,35910,681.86,641.57,681.86,1.84,4,ok
35914,35911,571.96,478.06,571.96,1.53,7,ok
35914,44729,573.86,457.17,573.86,1.64,4,ok
35915,35893,852.59,414.36,852.59,1.83,12,ok
35915,4088,2609.73,1347.03,2609.73,4.06,1,ok
35916,35899,524.19,445.74,524.19,1.70,7,ok
35917,35896,691.89,630.68,691.89,1.54,7,ok
35917,48425,217.29,223.97,217.29,0.58,7,ok
35918,17004,869.87,610.83,869.87,2.28,7,ok
35918,42726,463.16,351.27,463.16,1.20,6,ok
35919,35921,215.69,209.02,215.69,0.58,7,ok
35920,35897,2844.74,2745.51,2844.74,3.10,6,ok
35921,35923,369.78,392.44,369.78,1.04,7,ok
35922,35920,215.69,195.93,215.69,0.48,6,ok
35923,35927,573.40,472.16,430.23,1.76,7,ok
35924,35922,460.05,421.28,460.05,1.47,6,ok
35926,35924,226.83,244.30,226.83,1.04,6,ok
35927,35926,256.30,214.36,198.80,1.85,6,ok
3593,3558,108.28,134.32,108.28,0.60,33,ok
35930,35903,236.30,306.64,236.30,0.68,8,ok
35931,35886,239.35,272.30,239.35,0.73,19,ok
35934,35485,1086.45,1048.07,1086.45,1.01,4,ok
35934,35487,811.43,721.28,41.64,0.58,3,ok
35937,35486,549.03,625.03,549.03,0.66,3,ok
35939,19821,2055.19,1965.53,2055.19,2.25,4,ok_undirected
35939,4894,2045.94,1931.71,1961.76,3.23,2,ok
3594,3593,461.83,442.69,461.83,0.83,33,ok
35944,2299,563.92,334.76,183.74,1.87,5,ok
35945,2862,632.18,462.18,632.18,2.26,12,ok
35945,3115,464.31,359.16,464.31,1.58,51,ok
3595,3594,259.39,209.35,259.39,0.99,31,ok
35956,35648,284.02,221.05,284.02,0.89,11,ok
3596,3627,245.26,291.48,245.26,0.86,34,ok
3597,2464,390.81,344.44,390.81,0.79,11,ok
3599,3068,913.08,791.50,913.08,1.78,54,ok
3599,35830,1121.48,700.59,1121.48,2.16,5,ok
3599,38115,1163.06,769.91,1163.06,2.30,14,ok
35991,1610,154.09,186.71,154.09,0.32,11,ok
35991,42703,329.92,317.99,329.92,0.73,21,ok
35993,1038,873.82,586.67,873.82,1.88,3,ok
35993,51415,2235.68,1661.68,2235.68,3.09,17,ok
35994,1553,403.25,355.39,403.25,1.02,6,ok
3600,35632,616.86,624.12,616.86,1.38,49,ok
36000,1061,241.28,242.91,241.28,0.34,2,ok
36001,36003,751.39,722.26,751.39,1.24,2,ok
36001,44334,728.42,640.38,728.42,1.20,5,ok
36003,43347,477.51,344.22,477.51,1.10,3,ok
36003,43823,411.32,377.49,411.32,1.01,2,ok
36004,36006,410.77,386.93,410.77,0.76,1,ok
36004,44357,483.57,359.54,483.57,0.91,2,ok
36005,43348,299.05,204.48,16.83,0.50,2,ok
36006,1166,1255.02,1165.07,1255.02,2.91,3,ok
36009,16941,275.39,249.19,275.39,0.50,3,ok
36009,16942,330.78,258.90,330.78,0.61,5,ok_undirected
3601,3597,444.14,294.76,444.14,0.92,11,ok
3601,39927,376.57,361.76,376.57,0.70,18,ok
3601,43873,583.93,251.06,389.76,2.67,23,ok
36013,38267,366.57,268.35,366.57,0.94,10,ok
36014,36017,0.00,156.98,0.00,0.87,11,no_coverage
36015,36013,280.76,297.08,280.76,0.67,10,ok
36017,39190,639.29,332.99,639.29,1.61,11,ok
36019,36020,248.44,235.20,248.44,0.92,11,ok
3602,3603,600.90,357.43,589.86,1.36,35,ok
36020,36022,517.85,368.34,517.85,1.90,11,ok
36022,36024,208.38,219.77,208.38,0.63,11,ok
36024,36027,223.22,221.35,223.22,0.58,16,ok
36025,38270,223.52,128.87,223.52,0.64,10,ok
36025,48695,269.81,290.98,269.81,0.69,5,ok
36026,36025,288.61,266.59,288.61,0.73,15,ok
36027,36028,440.42,345.85,440.42,1.03,11,ok
36027,48569,325.90,304.80,325.90,0.68,5,ok
36028,2969,356.41,325.58,288.27,1.09,11,ok
36029,36026,440.42,356.12,440.42,1.04,10,ok
3603,2177,179.92,186.36,168.88,0.44,35,ok_undirected
36030,1627,568.34,453.86,568.34,1.01,10,ok
36031,1615,903.69,810.86,903.69,1.29,27,ok
36031,2606,1366.76,882.26,1366.76,2.40,3,ok
36031,2969,1486.55,871.45,1486.55,2.75,11,ok
36035,35991,226.76,195.85,226.76,0.47,5,ok
36035,42703,556.69,467.58,556.69,1.20,2,ok
36036,36037,513.94,493.94,513.94,1.07,14,ok
36037,36039,296.92,265.33,296.92,0.81,18,ok
36039,36040,394.34,387.18,394.34,1.04,39,ok
3604,49611,1577.04,1349.93,1488.39,1.90,6,ok_undirected
36040,40548,346.17,290.77,346.17,0.92,16,ok
36040,49657,500.05,285.77,500.05,1.10,23,ok
36041,38283,763.08,759.81,763.08,2.29,4,ok
36041,38285,564.37,564.77,564.37,1.64,7,ok
36041,42592,591.12,488.94,591.12,1.76,3,ok
36041,50300,261.84,288.98,261.84,0.75,20,ok
36042,36045,558.48,487.41,558.48,1.49,16,ok
36043,40549,153.77,157.20,153.77,0.50,11,ok
36044,40551,330.17,280.16,330.17,1.04,11,ok
36045,1624,506.76,316.29,506.76,1.42,6,ok
36046,1624,286.14,152.28,286.14,0.72,11,ok
36048,4065,766.90,267.91,766.90,4.31,3,ok
36048,4069,211.80,132.29,211.80,1.90,4,ok
36048,4070,199.10,79.63,199.10,1.89,14,ok
36050,4066,149.53,121.12,149.53,0.50,6,ok
36051,36115,520.25,173.23,520.25,1.45,5,ok
36051,4075,714.69,695.38,138.60,2.91,9,ok
36051,4076,2309.13,979.42,1733.04,6.13,3,ok
36055,36116,396.40,254.85,396.40,0.93,5,ok
36056,17258,450.47,261.27,450.47,1.10,9,ok
36058,36118,368.10,288.25,368.10,0.81,9,ok
36059,36060,235.90,189.58,235.90,0.78,5,ok
36060,36061,194.66,202.74,194.66,1.00,5,ok
36061,36062,219.83,174.46,219.83,0.83,5,ok
36062,36063,195.97,131.83,195.97,0.69,5,ok
36063,16946,439.47,382.13,439.47,1.43,5,ok
36064,4036,726.19,591.04,726.19,1.76,7,ok
36065,36069,503.58,254.14,503.58,1.28,13,ok
36068,1705,292.21,262.93,292.21,0.95,6,ok_undirected
36068,36065,437.18,289.48,437.18,1.13,6,ok
36069,1274,1144.73,744.77,1144.73,2.95,7,ok
36069,36068,427.07,455.23,427.07,1.21,6,ok
3607,3608,504.83,301.08,504.83,1.97,13,ok
36071,1248,664.80,539.36,664.80,1.66,6,ok
36072,36073,452.19,391.95,452.19,0.95,6,ok
36073,36074,385.24,383.37,269.51,0.83,6,ok
36075,4016,418.36,422.19,418.36,1.04,10,ok
36077,1310,312.01,294.51,312.01,1.01,18,ok
36077,3865,1985.76,1361.47,1985.76,4.97,1,ok
36078,36072,509.73,474.97,509.73,0.97,6,ok
36079,2606,3152.12,1322.93,3152.12,6.18,4,ok
36079,36031,1127.46,597.95,1127.46,1.75,41,ok_undirected
3608,3329,142.28,79.26,142.28,0.44,3,ok_undirected
3608,42762,98.82,74.48,98.82,0.32,10,ok_undirected
36080,1740,377.36,341.22,377.36,0.66,26,ok_undirected
36080,36036,264.22,192.02,264.22,0.54,11,ok
36080,36037,778.16,685.93,778.16,1.62,4,ok
3609,3610,556.94,264.17,556.94,1.59,9,ok
36097,2409,322.28,168.87,322.28,1.08,134,ok
36098,2960,458.55,423.31,458.55,1.33,4,ok
36098,37207,315.04,317.84,315.04,0.85,140,ok
36098,3820,466.09,443.86,466.09,1.36,17,ok
36099,36100,309.09,234.12,309.09,1.54,27,ok
3610,3483,248.32,226.61,248.32,0.76,9,ok_undirected
36100,1247,422.02,282.41,422.02,2.07,11,ok_undirected
36100,3845,290.55,248.97,290.55,1.29,16,ok
36102,3932,220.34,165.09,220.34,0.68,44,ok
36107,2911,467.01,308.75,467.01,1.47,14,ok
36107,3722,551.71,374.59,551.71,2.31,30,ok
36108,2277,662.33,421.83,662.33,1.55,14,ok
36108,3433,559.18,421.68,559.18,1.26,19,ok
36108,35945,425.24,408.73,425.24,0.89,19,ok
3611,17277,238.34,229.43,149.46,0.82,152,ok
3611,3812,416.43,436.79,416.43,1.38,50,ok
36111,17256,606.25,492.79,606.25,0.86,9,ok
36112,16940,2555.68,1770.12,2428.00,4.22,3,ok
36112,3615,68.56,66.16,68.56,0.18,1,ok_undirected
36113,36114,491.02,376.89,491.02,1.43,10,ok
36114,42590,377.60,407.83,377.60,1.27,10,ok
36115,36055,424.40,302.71,424.40,1.13,5,ok
36116,4054,318.41,291.75,318.41,0.73,5,ok
36118,36056,216.23,182.63,216.23,0.54,9,ok
36119,36078,434.66,271.59,434.66,0.98,6,ok
3612,2171,393.33,129.63,393.33,1.09,81,ok
36124,1579,957.09,1023.12,957.09,1.06,21,ok
36124,1583,937.04,969.79,937.04,1.04,3,ok
36124,41042,452.22,425.54,452.22,0.90,5,ok
36125,1592,345.23,300.45,345.23,0.69,26,ok_undirected
36125,38284,1213.31,660.59,1213.31,3.04,5,ok
36127,37226,412.32,413.43,412.32,0.61,7,ok
36128,40553,527.25,470.32,527.25,1.72,11,ok
36128,41033,222.74,166.21,222.74,0.78,5,ok
36130,2326,175.34,140.01,175.34,0.43,51,ok
36131,2986,340.69,255.15,340.69,0.92,14,ok
36132,3393,390.93,287.40,383.08,1.06,14,ok_undirected
36134,40343,1536.73,1464.88,1227.35,1.44,2,ok
36134,4223,1921.47,1560.71,1879.77,2.13,27,ok_undirected
36135,18008,2637.68,2629.98,2555.94,2.16,3,ok
3615,35078,726.10,601.29,726.10,1.75,4,ok
3617,35083,396.31,297.54,396.31,1.08,17,ok
3619,3621,101.34,151.41,101.34,0.35,19,ok
3620,35501,1171.92,567.05,1171.92,3.72,16,ok
3621,34329,225.94,209.86,225.94,0.61,19,ok
3624,3666,167.63,118.82,167.63,0.52,13,ok
3625,3477,244.78,130.60,244.78,0.97,13,ok
3626,2142,226.39,260.63,226.39,0.38,102,ok
3627,3281,746.55,480.94,746.55,3.36,1,ok
3627,3288,281.35,212.68,281.35,1.28,33,ok
3628,3629,253.83,235.32,253.83,0.83,33,ok
3629,3630,389.86,394.53,389.86,1.74,33,ok
3630,3277,1256.96,814.42,1256.96,2.93,8,ok
3630,3631,501.10,364.79,501.10,1.36,33,ok
3631,3632,604.34,396.85,604.34,1.73,33,ok
3632,2206,123.62,157.08,123.62,0.48,38,ok
3633,3634,309.04,266.75,309.04,0.84,4,ok
3634,3635,322.61,316.82,322.61,1.03,4,ok
3636,3637,409.17,320.30,409.17,1.38,11,ok
3637,3638,232.70,234.77,232.70,0.64,11,ok
3638,3118,0.00,27.53,0.00,0.25,11,no_coverage
3640,3641,211.89,136.36,211.89,0.66,12,ok
3641,1887,22.86,96.02,22.86,0.09,12,ok
3642,1888,193.10,127.30,193.10,0.66,12,ok
3643,3640,87.95,93.13,87.95,0.27,12,ok
3644,1896,148.66,198.81,148.66,0.45,12,ok
3645,2424,169.44,103.73,169.44,0.53,12,ok
3646,2576,256.90,126.58,256.90,0.94,12,ok
3647,3436,149.44,144.35,149.44,1.20,12,ok
3648,1946,506.59,292.43,506.59,2.00,12,ok
3648,3862,263.66,204.19,263.66,0.92,14,ok
3649,3663,109.80,86.73,109.80,0.26,9,ok_undirected
3650,3474,91.70,112.31,91.70,0.23,9,ok
3652,2950,126.12,96.53,126.12,0.38,9,ok
3652,50647,622.73,418.80,622.73,1.42,9,ok
3653,2076,145.63,88.11,145.63,0.43,9,ok
3654,1269,130.87,100.28,130.87,0.26,15,ok
3655,3656,228.67,125.42,228.67,0.64,14,ok
3656,3657,0.00,107.22,0.00,0.48,14,no_coverage
3657,3658,1748.32,139.14,1748.32,4.47,14,ok
3658,17466,261.67,212.43,261.67,0.89,14,ok_undirected
3659,3415,126.89,183.51,126.89,0.40,14,ok
3660,2063,49.49,132.55,49.49,0.12,14,ok
3661,3151,140.25,102.71,140.25,0.37,14,ok
3661,3654,57.58,24.42,57.58,0.16,1,ok
3662,3091,146.22,170.64,0.00,0.95,14,no_coverage
3663,3472,103.70,98.06,103.70,0.29,9,ok
3664,3665,202.97,182.43,202.97,0.70,13,ok
3665,3080,224.85,129.94,224.85,0.93,13,ok
3666,3667,102.54,119.56,102.54,0.47,13,ok
3667,3625,66.03,63.77,66.03,0.30,13,ok
3668,18959,11927.50,7048.88,11927.50,8.82,12,ok
3668,20114,12468.57,7225.09,12351.60,10.43,1,ok
3671,2948,94.63,72.90,94.63,0.31,9,ok
3672,3655,99.08,110.57,99.08,0.35,14,ok
3674,3227,209.31,229.95,209.31,0.68,29,ok
3675,2641,173.55,181.47,173.55,0.55,13,ok
3676,2642,203.99,150.95,203.99,0.57,13,ok
3677,2526,95.51,160.11,95.51,0.23,13,ok
3678,3968,225.69,197.80,225.69,0.59,13,ok
3679,3624,139.33,79.09,139.33,0.53,13,ok
3680,3717,137.83,166.88,137.83,0.47,13,ok
3681,1946,165.91,118.85,147.43,0.60,7,ok_undirected
3681,3949,248.98,194.54,197.26,0.86,19,ok_undirected
36836,36014,647.33,470.16,647.33,1.69,11,ok
36836,48828,120.04,156.56,120.04,0.35,5,ok
36837,36838,622.63,458.15,622.63,1.34,9,ok
36838,36839,417.63,427.84,417.63,0.95,9,ok
36839,36840,362.54,231.82,362.54,0.93,9,ok
3684,17204,232.53,159.92,232.53,0.78,12,ok
36840,19421,192.09,246.77,192.09,0.61,9,ok
36841,21037,626.33,354.91,626.33,2.07,1,ok
36841,4208,385.93,298.61,385.93,1.42,9,ok
3685,1077,220.14,175.94,220.14,0.93,6,ok
3685,1645,160.38,180.93,160.38,0.75,6,ok
3687,2448,821.84,498.24,821.84,1.99,4,ok_undirected
36871,1973,434.81,424.17,434.81,1.33,27,ok
36871,2431,347.25,323.12,347.25,1.03,5,ok
36871,2603,1048.74,786.63,985.23,2.90,1,ok
3688,2449,270.01,292.98,270.01,0.79,5,ok
3690,3372,612.30,584.73,612.30,1.46,66,ok
36911,1268,499.67,503.33,499.67,1.02,30,ok
36912,1238,722.00,597.02,722.00,1.70,13,ok_undirected
36912,3042,1163.92,549.95,1163.92,3.23,1,ok
36914,1690,317.54,251.50,317.54,0.93,9,ok
3692,2072,283.58,207.40,283.58,0.93,13,ok_undirected
3692,2855,972.33,788.75,972.33,2.50,1,ok
3692,3983,858.64,688.93,858.64,2.19,1,ok
36922,1976,549.53,323.13,549.53,1.41,34,ok
3693,17402,194.00,194.39,194.00,0.67,31,ok
36938,19428,43.87,113.69,43.87,0.09,8,ok_undirected
3694,3290,204.05,194.89,204.05,0.80,34,ok_undirected
36940,36938,1040.25,770.70,1040.25,2.16,8,ok
36941,36940,362.54,215.19,362.54,0.88,8,ok
36942,21082,345.60,279.45,345.60,0.78,10,ok
3695,3788,291.89,211.94,291.89,0.30,8,ok
3698,35792,493.41,456.58,493.41,1.07,67,ok_undirected
3699,17439,493.81,273.31,493.81,1.12,5,ok
3699,3274,1218.06,950.38,902.84,3.28,4,ok
3699,3958,1721.09,1668.94,1721.09,4.11,1,ok
3699,3998,1313.16,697.81,1065.90,3.31,30,ok
3700,3701,158.36,119.34,158.36,0.54,10,ok
3701,3419,225.40,162.53,225.40,0.56,10,ok
3702,3705,538.10,361.17,538.10,1.37,37,ok_undirected
37025,37027,296.69,302.51,296.69,4.96,3,ok
37026,37025,1391.02,1326.69,1165.66,2.28,3,ok
37027,17770,5612.34,4940.54,5539.58,6.01,1,ok_undirected
37027,17771,5630.82,4976.47,4492.20,5.46,1,ok
37027,50871,6614.21,2468.73,5003.33,6.04,1,ok
37028,37029,373.57,243.15,0.00,1.30,4,no_coverage
37029,17566,957.49,793.03,957.49,1.04,3,ok
37029,19087,1023.19,755.26,980.66,1.12,1,ok
3703,17055,352.06,282.16,352.06,0.80,58,ok
37041,35393,462.97,328.75,462.97,0.42,5,ok
37042,5112,940.65,693.05,940.65,1.83,5,ok
3705,6878,7519.60,5234.14,6916.98,11.24,4,ok
3706,2250,299.04,181.17,299.04,0.74,31,ok_undirected
3707,3298,205.38,212.85,205.38,0.68,14,ok
3708,3303,183.23,156.57,183.23,0.46,31,ok
3709,35658,222.65,228.27,222.65,0.52,31,ok
37103,35080,189.13,109.94,189.13,0.77,2,ok
37131,19738,203.45,223.71,203.45,0.37,3,ok
37132,37131,451.99,461.03,451.99,0.87,3,ok
37133,37132,323.56,295.91,323.56,0.68,3,ok
37133,41704,1098.65,865.69,935.65,2.49,2,ok
37134,37133,754.50,515.77,754.50,1.47,5,ok
37135,37134,330.98,328.47,330.98,0.80,5,ok
37136,37135,304.69,291.89,304.69,0.79,5,ok
37137,37136,463.01,453.71,463.01,1.00,5,ok
37138,37137,221.18,191.37,22.08,0.47,2,ok
37141,51932,1160.92,1106.06,1160.92,2.16,2,ok
37142,37141,2060.97,2078.46,2060.97,2.38,2,ok
37143,51224,257.25,231.89,257.25,0.64,25,ok
37144,40514,367.56,202.98,367.56,0.96,25,ok
37145,20349,332.49,309.04,332.49,1.49,8,ok
37145,46568,541.52,466.84,541.52,2.09,15,ok
37145,5570,895.50,733.98,895.50,3.15,2,ok
37146,51219,202.18,169.74,202.18,0.54,25,ok
37163,7223,2365.49,1702.41,0.00,1.98,1,no_coverage
37164,37161,2195.72,468.61,1902.53,3.11,3,ok
37165,19290,1781.03,1460.04,1739.09,3.37,14,ok
37167,7146,526.10,247.18,526.10,1.21,4,ok
3717,3478,113.72,151.38,113.72,0.34,13,ok
37172,39957,432.23,427.46,432.23,1.00,2,ok
37172,6695,191.68,217.49,191.68,0.46,10,ok
37174,40715,1400.50,483.45,0.00,1.80,2,no_coverage
37176,17859,1350.20,1308.77,1350.20,1.22,3,ok
37179,18421,900.09,594.98,900.09,2.15,13,ok
37179,38800,710.69,392.76,278.69,1.42,1,ok_undirected
37179,51195,524.75,408.67,524.75,1.27,16,ok
3718,2883,218.63,98.42,183.22,0.50,1,ok
3718,3234,354.45,333.68,354.45,1.18,30,ok
37180,18556,370.38,313.85,370.38,1.17,20,ok
37181,18174,1295.43,1346.32,261.40,2.09,2,ok
37181,37182,285.18,243.86,285.18,0.47,5,ok
37182,6657,236.57,107.58,236.57,0.39,5,ok
37183,6655,383.16,335.58,383.16,0.95,12,ok
37186,7236,161.14,144.41,161.14,0.62,24,ok
37187,6567,204.85,235.34,204.85,0.53,2,ok
37188,7074,1155.67,349.92,0.00,4.13,3,no_coverage
3719,2470,125.49,142.84,125.49,0.43,60,ok
37191,17934,1215.12,1184.81,1215.12,1.24,5,ok
37191,17935,1241.81,1186.44,1241.81,1.25,2,ok
37192,20090,2889.45,2573.96,0.00,4.00,2,no_coverage
37192,20091,2933.45,2701.39,58.24,2.23,2,ok
37194,35611,1754.77,1179.72,1158.97,2.89,3,ok_undirected
37195,17761,886.01,457.46,404.37,1.52,2,ok
37195,17791,3619.03,2714.22,204.77,7.10,1,ok
37201,20608,137.93,128.24,137.93,0.34,19,ok
37203,18814,532.66,550.36,532.66,1.04,47,ok
37203,19315,103.48,170.22,103.48,0.26,1,ok_undirected
37203,40359,532.14,463.75,532.14,1.68,9,ok
37205,19528,130.93,133.33,130.93,0.46,17,ok
37207,3815,349.14,332.28,349.14,1.02,140,ok
37208,35839,139.91,103.42,139.91,0.36,14,ok_undirected
3722,2322,316.62,209.78,316.62,1.17,30,ok_undirected
37223,37240,773.23,643.20,773.23,1.84,3,ok
37226,36001,241.28,279.58,241.28,0.34,7,ok
37227,4098,154.08,182.12,154.08,0.34,13,ok
3723,2905,199.76,111.42,199.76,0.48,30,ok
3723,3391,181.92,123.31,139.00,0.46,16,ok_undirected
37230,4099,136.85,223.88,136.85,0.49,5,ok
37231,4094,127.56,167.45,127.56,0.35,6,ok
37232,35901,236.30,314.59,236.30,0.80,15,ok
37233,17234,2389.63,1382.83,2389.63,4.43,3,ok
37234,37239,7.80,195.04,7.80,0.02,2,ok
37235,38925,879.41,243.26,830.15,2.15,1,ok
37236,4093,272.15,183.28,134.53,1.01,17,ok
37237,38508,326.80,323.59,326.80,0.94,1,ok
37237,4091,84.60,62.55,84.60,0.25,5,ok
37239,37241,1251.34,769.72,1251.34,3.16,2,ok
3724,3324,282.32,261.44,282.32,0.51,30,ok
37240,37233,467.43,281.54,467.43,0.88,3,ok
37241,39811,1026.30,683.88,1026.30,2.53,2,ok
37242,37223,354.90,282.86,354.90,0.96,3,ok
3725,3726,274.99,248.16,263.97,0.89,40,ok_undirected
3726,3594,1044.18,839.47,773.28,2.61,1,ok
3726,3630,715.84,516.79,704.82,1.84,8,ok
3726,3786,405.08,203.20,381.97,1.15,31,ok
3727,43343,372.38,371.42,372.38,0.87,7,ok
37271,20200,911.48,598.10,911.48,1.43,2,ok
37271,40860,1998.80,1484.33,683.07,3.44,2,ok
37271,48444,888.68,585.73,888.68,1.50,3,ok
37272,6021,430.07,445.59,430.07,0.52,23,ok
3728,2691,1203.76,506.25,1052.51,3.56,7,ok
37288,43934,230.79,104.05,230.79,1.00,12,ok
3731,17319,415.37,341.78,415.37,1.41,195,ok
3731,2046,456.25,361.53,456.25,1.43,5,ok
3731,2567,744.84,621.63,744.84,2.37,1,ok
3731,2578,281.62,253.39,281.62,0.98,50,ok
3732,3733,235.44,129.21,235.44,0.77,121,ok_undirected
3732,3734,219.84,189.26,60.81,0.74,66,ok
3733,2443,207.01,185.43,207.01,0.79,116,ok
3733,3731,337.76,136.58,337.76,1.13,5,ok
3734,3731,200.54,181.82,200.54,0.67,66,ok
3735,3791,144.03,73.14,144.03,0.38,15,ok_undirected
3735,3939,280.92,226.78,280.92,0.84,52,ok_undirected
3736,2994,191.08,212.13,191.08,0.49,11,ok
37368,37370,,7326.51,,8.00,6,unreachable
37368,37372,,9679.91,,9.00,2,unreachable
37368,37376,,39789.22,,23.00,1,unreachable
3737,2999,106.97,139.70,106.97,0.36,20,ok
37370,37368,,7326.51,,6.00,6,unreachable
37370,37372,,3265.92,,5.00,6,unreachable
37372,37370,,3265.92,,4.00,6,unreachable
37372,37374,,19818.80,,13.00,2,unreachable
37372,37376,,30973.64,,18.20,5,unreachable
37374,37372,,19818.80,,13.00,4,unreachable
37374,37376,,11279.51,,8.67,6,unreachable
37376,37368,,39789.22,,24.00,4,unreachable
37376,37372,,30973.64,,20.00,4,unreachable
37376,37374,,11279.51,,10.00,8,unreachable
37376,37378,,4690.76,,6.53,17,unreachable
37376,37380,,4900.08,,9.00,1,unreachable
37378,37376,,4690.76,,6.38,24,unreachable
37378,37380,,1695.49,,4.00,17,unreachable
37380,37378,,1695.49,,5.00,24,unreachable
37380,37388,,4886.27,,7.92,13,unreachable
37380,41293,,6926.54,,11.00,1,unreachable
37380,42507,,4673.29,,7.00,4,unreachable
37382,37384,,8636.55,,7.00,12,unreachable
37384,37382,,8636.55,,10.00,9,unreachable
37384,41293,,10628.03,,10.08,12,unreachable
37386,37388,,2379.54,,4.67,12,unreachable
37386,37392,,1936.91,,4.00,11,unreachable
37388,37380,,4886.27,,8.00,20,unreachable
37388,37386,,2379.54,,4.73,11,unreachable
37388,41293,,5332.36,,7.00,3,unreachable
3739,3740,325.31,257.39,325.31,0.45,9,ok
37392,37386,,1936.91,,4.00,12,unreachable
37392,41293,,1057.79,,3.18,11,unreachable
3740,3237,0.00,38.06,0.00,0.83,9,no_coverage
3741,3742,180.02,229.78,180.02,0.70,9,ok
3742,1866,113.25,88.42,113.25,0.53,9,ok
3743,2921,121.11,118.22,121.11,0.56,10,ok
3744,3961,230.74,147.40,230.74,0.76,10,ok
3745,2923,275.23,119.47,275.23,1.00,10,ok
37465,5318,80.35,106.12,54.53,0.19,1,ok_undirected
37465,5395,528.41,425.61,528.41,1.61,6,ok
37465,5709,263.44,240.56,263.44,0.62,8,ok_undirected
37466,2756,196.66,217.35,196.66,0.58,60,ok
37467,35673,340.46,298.72,340.46,0.94,3,ok
37468,37467,841.95,584.78,841.95,1.73,3,ok
37469,37468,511.28,541.37,511.28,1.08,3,ok
3747,2071,1397.77,928.36,1397.77,2.85,1,ok
3747,3965,159.12,153.60,159.12,0.58,10,ok
37470,1910,292.85,263.84,292.85,0.98,31,ok_undirected
37471,1905,296.48,255.08,296.48,1.15,28,ok_undirected
3748,3252,1576.88,109.26,1484.70,3.92,10,ok
3749,3089,13.86,83.19,0.00,0.32,9,no_coverage
3750,3088,298.69,219.30,298.69,0.72,9,ok
37508,49516,354.82,303.23,354.82,1.02,25,ok
37509,20417,2213.64,1358.93,2050.43,2.32,3,ok
3751,3963,110.69,158.01,110.69,0.26,9,ok
37510,35089,5054.45,4133.55,5054.45,4.56,1,ok
37512,39040,316.83,250.77,316.83,0.66,20,ok
37513,46810,162.65,139.32,162.65,0.37,20,ok
37514,37513,254.08,232.82,254.08,0.61,20,ok
37515,2706,145.61,203.85,145.61,0.33,16,ok
37517,4046,228.77,239.04,228.77,0.61,23,ok
37519,40888,241.28,264.60,241.28,0.76,23,ok
3752,3421,6207.44,145.71,5501.09,15.03,10,ok
3753,3358,322.37,140.10,322.37,0.92,6,ok
3754,3353,115.49,84.19,115.49,0.33,6,ok
3755,1983,22.82,78.11,22.82,0.04,6,ok
3756,1965,231.20,190.75,231.20,0.57,11,ok
3757,1966,239.43,124.42,239.43,0.88,11,ok
37570,3599,381.45,300.43,381.45,0.92,40,ok_undirected
37570,3602,511.92,476.82,511.92,1.27,6,ok
3758,1984,385.60,242.36,385.60,1.47,1,ok
3758,2695,100.74,87.44,100.74,0.53,5,ok_undirected
3759,3946,280.51,222.39,280.51,0.74,6,ok_undirected
3760,17365,187.32,133.77,187.32,0.39,6,ok
37607,20621,1045.06,509.78,1045.06,2.65,61,ok
37607,37625,616.81,467.73,616.81,1.22,8,ok
37608,37607,488.81,590.09,488.81,0.76,69,ok
37609,18155,239.00,187.61,239.00,0.34,8,ok_undirected
3761,2100,160.40,211.51,160.40,0.63,27,ok
3761,2101,235.58,206.54,235.58,0.91,2,ok
37610,37609,263.95,151.91,263.95,0.72,8,ok
37611,37610,373.97,458.75,373.97,1.68,8,ok
37612,18121,449.98,219.47,449.98,0.99,16,ok_undirected
37612,41675,904.69,408.06,904.69,2.34,11,ok
37613,37612,374.07,261.24,374.07,0.75,8,ok_undirected
37614,38915,285.90,223.03,285.90,0.68,8,ok
37614,6847,428.11,378.44,428.11,1.01,1,ok
37615,37614,221.59,220.96,221.59,0.39,9,ok
37616,37615,157.00,183.60,157.00,0.39,9,ok
37617,34306,497.87,369.63,497.87,1.11,8,ok
37618,18085,484.28,275.71,484.28,1.38,8,ok
37619,20387,238.06,211.54,0.00,1.97,11,no_coverage
37619,37616,654.55,308.41,243.74,1.39,1,ok
37619,5520,439.77,358.13,38.98,0.87,30,ok
3762,17349,188.61,100.81,188.61,0.48,12,ok
37620,50171,108.37,178.17,108.37,0.20,8,ok
37621,37620,558.38,403.83,558.38,0.98,8,ok
37622,37621,263.95,257.92,263.95,0.58,8,ok
37624,37623,649.90,523.32,370.75,0.76,67,ok
37625,20265,743.05,655.80,743.05,1.48,8,ok
37625,37624,586.62,533.23,574.28,1.00,8,ok
37627,20850,344.23,301.95,86.12,1.42,12,ok
37628,37627,467.41,446.30,244.49,3.16,12,ok
3763,3962,801.97,374.78,801.97,3.54,9,ok
37630,17749,140.66,122.63,48.65,0.27,1,ok_undirected
37630,42114,429.14,294.08,0.00,1.98,4,no_coverage
37630,49062,1495.11,1025.08,0.00,5.98,4,no_coverage
37631,18959,629.28,156.90,629.28,1.21,7,ok
37631,20114,1039.95,501.47,1039.95,2.78,7,ok
37631,39002,731.99,535.37,731.99,1.81,7,ok
37631,41725,1061.92,336.90,1061.92,3.00,8,ok
37631,42890,434.95,210.89,434.95,1.03,8,ok
37632,50430,733.43,362.22,0.00,1.80,2,no_coverage
3764,2591,218.65,151.00,218.65,0.74,6,ok
3765,17190,410.44,306.29,410.44,0.97,4,ok
3765,2106,93.05,150.02,93.05,0.28,24,ok
3766,2073,124.46,202.07,124.46,0.35,8,ok
3767,2074,225.80,112.29,225.80,0.43,8,ok
3768,2687,295.55,218.01,295.55,0.66,8,ok
3769,2684,147.01,141.24,147.01,0.29,8,ok
3770,3771,157.19,165.82,157.19,0.37,8,ok
3771,3772,98.87,149.72,98.87,0.28,8,ok
3772,3773,91.78,98.53,91.78,0.29,8,ok
3773,3942,314.74,131.81,314.74,0.81,8,ok
3774,39062,94.99,146.61,94.99,0.17,8,ok
3775,3104,195.99,138.55,195.99,0.61,8,ok
3776,1843,332.82,176.59,332.82,0.77,8,ok
37767,3386,221.02,259.91,221.02,0.68,21,ok
37768,37767,459.64,414.93,459.64,1.41,19,ok
37769,17433,684.47,374.12,684.47,2.03,2,ok
37769,37768,289.31,268.26,289.31,0.92,18,ok
37769,44348,762.76,439.89,762.76,1.95,6,ok
3777,3778,298.89,192.24,298.89,0.73,8,ok
37770,37769,554.38,542.27,554.38,1.80,2,ok
37770,42575,268.70,289.90,268.70,0.94,18,ok
37771,37770,446.31,281.88,446.31,1.20,20,ok
37772,36911,338.46,250.85,338.46,0.77,14,ok_undirected
37772,36912,286.84,220.07,286.84,0.71,1,ok_undirected
37773,37772,1185.82,564.85,1185.82,2.90,1,ok
37773,42574,287.13,276.61,287.13,0.86,14,ok
37773,42575,325.87,137.03,325.87,1.00,6,ok
37774,37773,270.55,259.90,270.55,0.80,21,ok
37775,37470,296.48,256.81,296.48,1.15,31,ok
3778,1845,0.00,122.01,0.00,0.04,8,no_coverage
3779,3780,438.55,173.44,438.55,1.46,8,ok
3779,3810,701.73,450.34,701.73,1.39,6,ok
3780,3695,90.08,128.79,90.08,0.15,8,ok
37808,43207,344.35,372.50,344.35,0.79,19,ok
3781,3988,156.72,148.71,156.72,0.35,8,ok
37813,37814,247.34,249.00,247.34,0.72,7,ok
37814,37815,175.53,188.79,175.53,0.56,7,ok
37815,37816,229.69,142.21,229.69,0.70,7,ok
37816,37817,369.06,299.17,369.06,1.54,7,ok
37817,37818,246.77,209.87,246.77,0.94,7,ok
37818,37819,272.46,262.00,272.46,0.82,7,ok
37819,37820,329.45,178.96,329.45,1.33,7,ok
3782,2084,340.41,266.46,340.41,1.07,10,ok_undirected
3782,2090,191.91,150.95,191.91,0.57,35,ok
37820,37821,197.97,256.88,197.97,0.62,7,ok
37821,37822,212.96,196.63,212.96,0.61,7,ok
37822,37823,649.28,578.23,649.28,1.69,7,ok
37823,37825,262.29,321.05,262.29,0.75,7,ok
37824,50650,610.09,420.45,610.09,1.49,7,ok
37824,6125,465.16,377.00,465.16,0.92,7,ok
37825,37824,420.89,249.59,420.89,1.01,7,ok
37825,43553,676.47,297.81,676.47,1.47,7,ok
3783,17350,372.96,297.43,372.96,0.41,12,ok
3785,1644,805.20,488.75,805.20,1.50,45,ok
3785,42314,577.58,460.36,577.58,1.03,5,ok_undirected
3785,44095,1292.49,403.26,1292.49,2.59,13,ok
3785,44097,1380.61,383.37,1380.61,2.93,6,ok
3786,2466,329.09,229.11,313.49,0.95,31,ok_undirected
3787,2202,631.71,411.30,631.71,2.26,8,ok
3787,2538,271.30,237.93,271.30,0.63,2,ok
3788,3781,260.77,230.10,260.77,0.45,8,ok
3789,2515,99.90,116.87,99.90,0.29,28,ok
3790,2444,4578.74,1906.09,4578.74,8.84,1,ok
3790,3322,4516.18,1324.32,4516.18,8.64,1,ok
3790,3507,420.82,212.73,420.82,0.85,12,ok_undirected
3790,3939,262.47,268.82,262.47,0.86,14,ok_undirected
3791,3892,163.72,180.50,163.72,0.41,30,ok
3792,2107,128.12,125.16,128.12,0.33,36,ok
3793,2102,1177.48,149.21,1177.48,3.39,39,ok
3793,3811,1272.69,285.86,1272.69,3.80,1,ok
3796,3495,301.53,216.27,301.53,0.73,37,ok
3797,3021,11338.75,9975.26,11338.75,8.82,8,ok
3797,3548,,22962.45,,15.61,9,unreachable
3798,1636,8628.82,7595.06,8482.38,6.49,37,ok
3803,2179,835.10,841.21,835.10,1.21,62,ok_undirected
3803,3932,1121.12,720.20,1121.12,1.77,41,ok
3804,2665,132.62,153.87,132.62,0.29,60,ok
3806,3807,141.04,153.30,141.04,0.27,40,ok
3807,3348,194.59,124.21,194.59,0.33,52,ok
3808,1770,188.72,158.04,188.72,0.42,12,ok
3809,3692,336.97,273.45,336.97,0.62,7,ok_undirected
3810,17397,1196.58,979.24,1196.58,1.61,6,ok
3811,3881,111.04,131.40,111.04,0.40,40,ok
38114,38214,235.38,239.84,235.38,0.75,5,ok
38115,35633,815.59,583.14,815.59,1.91,14,ok
38116,1883,99.30,127.79,99.30,0.36,27,ok
3812,3894,429.55,190.65,429.55,1.41,136,ok_undirected
3813,35824,295.96,222.60,295.96,0.91,67,ok
38136,16993,336.84,123.59,336.84,0.86,10,ok
38136,37775,276.94,257.64,276.94,0.72,31,ok
38137,35627,277.89,268.14,277.89,0.77,14,ok
38138,3481,563.64,462.13,563.64,1.16,18,ok_undirected
38142,1747,4054.07,3048.43,60.31,5.52,2,ok
3815,2040,664.70,556.11,664.70,2.41,67,ok
3815,3611,678.51,466.88,678.51,2.50,98,ok
3816,36098,325.96,362.21,325.96,0.66,59,ok
3816,3973,343.80,324.63,343.80,1.17,3,ok
38165,38178,422.54,200.76,422.54,1.13,5,ok
38166,38176,438.46,317.13,438.46,1.20,5,ok
38167,44275,256.57,222.57,256.57,0.54,5,ok
38168,18228,434.35,390.00,434.35,1.43,5,ok
38168,18883,908.16,795.33,908.16,2.43,2,ok
38169,18210,637.58,555.82,519.89,0.84,1,ok
38169,41089,117.69,251.32,0.00,0.85,5,no_coverage
3817,36098,346.51,340.54,346.51,0.73,46,ok
3817,3971,236.71,231.20,236.71,0.70,11,ok
38170,38168,156.56,321.15,156.56,0.31,7,ok
38171,38170,519.89,332.75,519.89,1.01,7,ok
38172,38175,281.00,260.23,0.00,0.59,6,no_coverage
38173,38182,246.69,129.82,246.69,0.62,7,ok
38174,38183,337.55,293.61,337.55,1.29,7,ok
38175,18219,356.31,330.10,356.31,0.67,6,ok
38176,18224,233.25,220.05,233.25,0.86,5,ok
38178,44276,810.74,537.74,791.21,2.53,5,ok
38179,38167,210.92,234.46,210.92,0.51,5,ok
3818,2410,472.88,476.25,472.88,0.92,35,ok
38180,38179,151.72,128.52,151.72,0.59,5,ok
38181,38180,141.86,147.14,0.00,0.62,5,no_coverage
38182,38171,151.44,173.85,151.44,0.34,7,ok
38183,38173,202.24,212.88,202.24,0.58,7,ok
38184,20948,190.28,151.83,190.28,0.78,19,ok
38185,38186,383.44,265.50,383.44,1.46,7,ok
38186,38189,228.31,200.07,228.31,0.95,7,ok
38187,17820,346.04,306.55,346.04,1.21,7,ok
38188,38187,228.31,198.04,228.31,0.80,7,ok
38189,38191,448.13,360.87,448.13,1.66,7,ok
3819,2959,428.74,274.06,428.74,1.25,14,ok
38190,38188,366.39,298.23,366.39,1.38,7,ok
38191,39304,213.10,218.47,213.10,0.70,7,ok
38192,38190,294.84,328.07,294.84,0.95,7,ok
38193,38195,248.60,234.52,248.60,0.88,7,ok
38194,38192,365.45,236.83,365.45,1.26,7,ok
38195,19373,203.09,188.60,203.09,1.58,7,ok
38196,20945,240.60,175.42,240.60,0.72,7,ok_undirected
38197,38199,278.75,238.30,278.75,0.76,7,ok
38198,38196,128.97,126.73,128.97,0.47,7,ok
38199,6213,285.38,211.93,285.38,1.06,7,ok
3820,2036,173.99,148.42,173.99,0.54,24,ok
38200,38198,278.75,206.08,278.75,0.87,7,ok
38201,38203,214.68,114.47,0.00,1.08,12,no_coverage
38202,20940,287.00,210.53,287.00,0.93,13,ok
38203,38202,248.05,133.03,248.05,1.43,13,ok
38204,38208,559.72,452.49,559.72,1.59,4,ok
38206,38205,291.60,261.12,291.60,0.79,5,ok
38208,38212,476.08,390.27,476.08,1.68,4,ok
3821,2804,158.78,126.15,158.78,0.52,62,ok
38210,4443,146.03,124.95,146.03,0.53,5,ok
38211,38210,368.81,290.99,368.81,1.22,5,ok
38212,38213,344.23,252.67,344.23,1.14,4,ok
38213,38215,235.38,238.05,235.38,0.61,4,ok
38214,38211,344.23,252.94,344.23,1.10,5,ok
38215,4447,1049.56,812.26,1049.56,2.46,3,ok
38215,51573,2064.11,1485.54,2064.11,3.52,1,ok
38216,38217,260.13,242.14,0.00,0.23,2,no_coverage
38217,38239,233.43,210.70,0.00,0.77,2,no_coverage
38218,38227,432.96,353.62,432.96,1.29,2,ok
38221,38223,366.23,305.11,0.00,0.98,2,no_coverage
38222,6097,505.87,403.41,505.87,1.39,2,ok
38223,38224,143.93,143.51,0.00,0.02,2,no_coverage
38224,38225,483.19,205.21,0.00,2.00,2,no_coverage
38225,38216,232.73,212.31,0.00,1.00,2,no_coverage
38226,40696,130.90,141.75,130.90,0.43,2,ok
38227,38226,190.34,147.76,190.34,0.58,2,ok
38232,38234,366.35,203.63,366.35,1.27,2,ok
38232,40911,823.44,637.69,174.89,3.54,2,ok
38233,38232,54.42,130.13,54.42,0.13,4,ok
38234,38236,124.54,187.29,124.54,0.38,2,ok
38235,38233,311.94,224.58,120.47,0.89,2,ok
38236,40694,419.42,314.94,419.42,1.06,2,ok
38239,38235,957.02,490.61,0.00,2.00,2,no_coverage
3824,2690,365.93,398.95,365.93,0.42,27,ok
3824,38782,2373.62,1882.49,2343.18,3.16,2,ok
38240,38218,248.81,242.13,248.81,0.90,2,ok
38244,38250,165.37,198.74,165.37,0.38,2,ok
38245,38248,448.06,292.29,397.91,1.41,2,ok
38248,4454,326.44,275.10,117.22,0.57,2,ok
38249,38244,448.06,306.21,0.00,1.97,2,no_coverage
3825,1731,858.59,861.18,858.59,0.96,14,ok
3825,2337,7045.58,7059.73,7045.58,6.32,2,ok
3825,39066,848.92,834.29,848.92,0.95,1,ok
38250,4455,203.39,183.34,196.22,0.49,2,ok
38251,38245,356.06,313.70,0.00,0.57,2,no_coverage
38251,38249,326.44,221.46,159.07,1.25,2,ok
38252,40691,736.73,557.50,736.73,1.83,5,ok
38253,20256,3123.74,1920.48,3123.74,4.26,2,ok
38253,4462,936.28,782.10,936.28,1.55,4,ok
38254,38263,354.31,340.60,0.00,0.90,1,no_coverage
38255,38254,183.05,176.82,0.00,0.88,1,no_coverage
38257,38255,182.62,178.00,0.00,0.55,1,no_coverage
38259,38257,260.95,240.91,0.00,1.03,1,no_coverage
3826,3828,96.27,110.10,96.27,0.24,6,ok_undirected
38261,38259,271.77,246.04,0.00,1.08,1,no_coverage
38262,38261,247.93,165.21,0.00,0.45,1,no_coverage
38263,40692,107.97,127.66,0.00,0.10,1,no_coverage
38264,38262,380.96,400.01,0.00,1.00,1,no_coverage
38265,40691,718.32,453.10,502.88,1.97,1,ok
38266,39167,211.92,156.51,211.92,0.67,8,ok
38267,38286,358.68,270.77,358.68,0.92,15,ok
38268,36015,1030.38,247.45,1030.38,2.64,10,ok
38269,39189,352.16,209.30,352.16,1.18,10,ok
3827,2851,266.29,191.56,266.29,0.75,6,ok
38270,38269,437.31,356.23,437.31,1.29,10,ok
38272,42840,151.95,119.11,93.53,0.45,11,ok
38274,4117,463.85,214.34,463.85,1.64,11,ok
38275,38274,274.08,220.61,274.08,0.68,11,ok
38276,4107,216.02,212.24,216.02,0.67,19,ok
38277,4114,2826.66,265.44,2826.66,7.49,29,ok
38278,4113,373.09,372.39,373.09,1.01,29,ok
38278,48973,3946.76,2955.26,3879.57,7.80,4,ok
38278,48981,2500.91,1629.14,2303.10,22.65,7,ok
3828,2604,207.88,167.21,207.88,0.50,65,ok_undirected
38281,1607,647.42,416.44,647.42,1.99,10,ok_undirected
38283,1589,626.22,553.87,626.22,1.63,1,ok
38283,1596,801.58,369.49,801.58,1.79,6,ok
38283,1741,735.60,388.25,735.60,1.65,15,ok_undirected
38283,36124,1040.25,865.37,1040.25,2.31,4,ok
38284,36039,596.79,555.63,596.79,1.89,16,ok
38284,36040,991.14,942.52,991.14,2.93,2,ok
38284,38285,251.15,244.26,251.15,0.91,4,ok
38285,38283,198.70,198.81,198.70,0.64,22,ok
38286,17237,159.21,75.45,148.60,0.30,15,ok_undirected
3830,3829,1979.13,1839.32,1756.87,2.47,1,ok
3830,51872,1820.54,1861.17,1820.54,2.26,5,ok
3832,36914,525.92,329.93,284.26,1.41,2,ok
3832,50064,330.42,261.10,330.42,0.68,22,ok
3834,36914,182.54,121.26,182.54,0.76,7,ok
3834,3835,81.38,96.36,81.38,0.36,12,ok
3835,50019,263.43,161.11,263.43,0.99,12,ok
38356,50901,195.52,237.57,195.52,27.56,43,ok
38357,19767,449.76,386.36,449.76,1.40,10,ok
38357,40438,147.20,191.20,147.20,0.64,12,ok
38358,38357,220.09,191.39,220.09,0.64,22,ok
38358,50905,442.06,297.71,442.06,1.03,6,ok_undirected
38359,6716,201.52,182.25,201.52,0.53,30,ok
3836,17040,326.17,327.23,326.17,0.94,1,ok
38360,38359,276.59,265.84,276.59,0.80,25,ok
3839,2040,1845.75,1536.55,1790.37,4.18,1,ok
3839,36098,985.93,785.44,985.93,2.45,54,ok
3839,3973,435.73,463.95,435.73,1.18,9,ok
3840,2050,848.11,577.26,848.11,2.52,10,ok
3840,3588,649.87,370.35,649.87,2.80,7,ok
3843,3998,1248.33,572.70,1001.07,3.21,18,ok
3845,17275,187.60,208.12,187.60,0.47,39,ok
38450,35895,452.96,435.60,452.96,1.98,13,ok
38454,38487,379.51,338.63,379.51,0.92,9,ok
38456,38489,250.30,243.71,250.30,0.65,11,ok
38457,38490,208.89,191.31,208.89,0.54,9,ok
38458,38459,252.38,241.52,252.38,0.57,11,ok
38459,38460,166.15,165.99,166.15,0.34,11,ok
38460,38525,247.98,281.60,247.98,0.60,11,ok
38461,38524,337.97,316.49,337.97,0.76,11,ok
38462,38494,220.45,180.07,220.45,0.67,9,ok
38463,38462,138.22,162.96,138.22,0.34,9,ok
38466,38500,1122.96,579.32,1122.96,2.21,9,ok
38467,38466,266.77,227.49,266.77,0.64,9,ok
38468,38467,115.00,118.96,115.00,0.26,9,ok
3847,1267,415.98,429.34,415.98,0.94,11,ok
3847,2378,0.00,38.04,0.00,0.08,1,no_coverage
38470,38468,692.65,677.52,692.65,1.46,9,ok
38471,38470,281.18,193.32,281.18,0.59,9,ok
38474,38533,290.94,275.40,290.94,0.81,1,ok
38476,38474,222.50,187.91,222.50,0.67,1,ok
38476,4146,468.38,374.75,468.38,1.30,16,ok
38482,38458,473.15,423.72,473.15,0.99,11,ok
38483,38484,310.25,328.39,310.25,0.89,9,ok
38484,38485,187.89,180.44,187.89,0.51,9,ok
38485,38526,449.38,372.94,449.38,1.01,9,ok
38487,38486,305.69,328.90,305.69,8.69,9,ok
38488,38454,351.86,287.49,164.62,1.01,9,ok
38488,38509,867.14,629.03,339.69,2.11,1,ok
38489,38528,355.55,368.48,355.55,0.84,11,ok
3849,1828,639.58,406.25,639.58,2.07,9,ok
38490,38529,346.99,338.06,346.99,0.89,9,ok
38491,38483,245.42,228.32,245.42,0.55,9,ok
38492,38491,139.69,169.86,139.69,0.42,9,ok
38494,38492,589.93,443.91,589.93,1.52,9,ok
38495,38496,287.64,186.30,287.64,0.64,11,ok
38496,38521,263.65,271.90,263.65,0.55,11,ok
38497,38520,58.79,49.70,58.79,0.12,11,ok
38499,38463,1209.87,877.63,1209.87,2.79,9,ok
38500,38517,59.57,104.63,59.57,0.12,9,ok
38501,38513,584.52,363.66,584.52,1.34,11,ok
38502,38501,570.74,522.43,570.74,1.20,11,ok
38503,38512,438.13,438.41,438.13,0.99,11,ok
38504,38511,175.61,157.04,175.61,0.46,11,ok
38505,38471,275.95,231.68,275.95,0.70,9,ok
38506,38505,194.80,176.42,194.80,0.49,9,ok
38507,38506,367.14,302.41,367.14,0.91,9,ok
38508,38507,236.39,202.53,236.39,0.84,9,ok
38508,4093,406.26,263.67,406.26,1.38,12,ok
38509,4093,333.19,364.03,333.19,1.10,12,ok
38511,38509,682.25,552.54,682.25,1.97,11,ok
38512,38504,159.01,139.82,159.01,0.45,11,ok
38513,38503,274.27,321.17,274.27,0.59,11,ok
38516,38502,138.57,203.89,138.57,0.31,11,ok
38517,38499,597.25,560.11,597.25,1.05,9,ok
38518,38516,753.25,577.97,753.25,1.37,11,ok
3852,3181,1271.84,1280.45,1271.84,1.81,164,ok
38520,38518,931.59,766.84,931.59,1.82,11,ok
38521,38497,110.18,133.83,110.18,0.26,11,ok
38523,38495,184.07,102.32,184.07,0.50,11,ok
38524,38523,189.54,173.70,189.54,0.51,11,ok
38525,38461,315.52,287.65,315.52,0.80,11,ok
38526,38457,568.74,364.80,568.74,1.28,9,ok
38527,38482,513.98,299.74,513.98,1.12,11,ok
38528,38527,157.26,189.60,157.26,0.37,11,ok
38529,38488,216.13,185.08,216.13,0.59,9,ok
38530,38456,311.96,268.99,124.72,0.85,11,ok
38531,38530,124.72,140.65,124.72,0.37,11,ok
38532,38488,414.04,341.04,226.80,0.94,1,ok
38532,38531,186.90,177.30,186.90,0.43,11,ok
38533,38532,264.88,262.63,264.88,0.69,12,ok
38534,38533,177.98,174.02,177.98,0.89,11,ok
38534,4149,191.62,147.07,191.62,0.93,9,ok
38535,6105,2072.28,1597.04,2072.28,2.91,6,ok
38536,38537,376.83,351.45,376.83,0.82,6,ok
38537,38538,589.42,480.05,589.42,1.17,6,ok
38538,38535,81.73,206.84,81.73,0.18,6,ok
38539,38541,1041.98,311.79,1041.98,2.25,5,ok
3854,2175,632.69,387.33,620.46,1.06,154,ok
3854,3852,1628.56,1315.42,1616.33,2.47,5,ok
38540,3309,1620.51,378.94,1620.51,3.77,1,ok
38540,38547,1288.68,391.38,1288.68,2.93,6,ok
38541,38543,863.10,200.34,863.10,1.93,5,ok
38542,38540,1041.98,332.46,1041.98,2.54,7,ok
38543,2792,344.21,277.92,344.21,0.80,5,ok
38544,38542,943.36,318.37,943.36,2.20,7,ok
38545,2798,1162.94,380.03,1162.94,2.77,9,ok
38546,17032,,284.59,,1.13,12,unreachable
38547,17136,937.23,812.86,937.23,1.96,5,ok
38547,38536,648.83,179.22,648.83,1.54,6,ok
38549,3451,469.35,289.92,469.35,0.84,2,ok
38550,38549,278.67,181.28,278.67,0.52,2,ok
38553,2373,3915.71,3890.43,3915.71,5.40,22,ok
38553,2501,5644.66,5585.10,5644.66,8.03,6,ok
38553,2661,6487.18,2993.07,6487.18,9.12,16,ok
38554,6984,246.36,329.60,246.36,0.65,6,ok
38555,38554,383.46,257.91,383.46,0.93,6,ok
38556,38558,658.13,422.44,658.13,1.67,8,ok
38557,38555,274.93,297.93,274.93,0.61,6,ok
38558,3703,364.37,439.87,364.37,0.79,8,ok
38559,38557,383.19,343.14,383.19,0.91,6,ok
38560,19394,323.99,348.98,323.99,0.64,27,ok
38561,17080,159.50,173.87,159.50,0.37,6,ok
38562,17089,275.60,250.12,275.60,0.60,7,ok
38565,38556,383.46,286.18,383.46,0.83,8,ok
38566,38559,284.51,251.32,284.51,0.67,6,ok
38567,2968,320.72,280.88,320.72,1.02,7,ok
38567,3256,541.09,509.41,541.09,1.53,6,ok
38568,38567,95.38,137.80,95.38,0.29,6,ok
3857,2618,374.95,227.86,374.95,1.15,29,ok
38570,38567,355.25,115.53,355.25,1.46,7,ok
38570,38568,259.86,88.19,259.86,1.17,6,ok
38574,36006,616.01,503.45,616.01,1.29,2,ok
38574,44366,599.11,539.27,572.83,1.28,1,ok
38575,44355,318.81,331.08,318.81,0.87,3,ok
38576,1397,1437.96,1277.52,1437.96,3.14,2,ok
38576,1403,1285.01,1112.05,1285.01,2.87,2,ok
38577,38576,560.64,530.12,560.64,1.11,4,ok
38578,38577,447.02,456.41,447.02,1.63,4,ok
3858,3974,427.13,416.01,427.13,0.90,9,ok
3858,3975,427.13,438.77,427.13,0.90,131,ok
3860,2767,586.00,572.85,586.00,1.43,6,ok
3860,2855,663.38,619.09,663.38,1.68,61,ok
3860,3983,549.69,508.58,549.69,1.37,40,ok
3861,17366,241.32,165.76,241.32,0.61,7,ok
38615,20070,4271.68,3110.28,4271.68,5.93,3,ok
38616,38619,237.64,273.99,237.64,0.76,10,ok
38617,16932,443.95,433.80,443.95,0.95,28,ok
38617,51644,834.16,546.63,834.16,1.75,7,ok
38618,17414,197.10,187.71,197.10,0.41,9,ok
38619,38626,343.03,233.76,343.03,1.38,10,ok
3862,1948,440.38,410.28,440.38,1.16,50,ok
3862,3949,167.12,153.66,115.41,0.54,14,ok_undirected
38620,38618,99.37,152.52,99.37,0.25,9,ok
38621,38632,570.59,450.72,570.59,1.39,9,ok
38621,38635,554.44,491.10,554.44,1.54,2,ok
38621,51631,492.22,538.44,492.22,1.38,9,ok
38623,16933,768.17,702.63,768.17,1.51,1,ok
38623,38630,615.99,459.42,615.99,1.14,11,ok
38624,38616,474.12,304.38,474.12,0.98,10,ok
38624,3903,415.28,409.65,415.28,0.82,2,ok
38625,3441,182.91,168.18,182.91,0.54,9,ok
38626,51645,67.87,103.32,67.87,0.14,10,ok
38627,38629,254.62,223.60,254.62,0.59,10,ok
38629,1685,246.80,162.56,246.80,0.62,10,ok
38630,38621,204.04,189.16,204.04,0.51,11,ok
38631,38624,500.07,374.15,500.07,1.09,12,ok
38632,38636,294.59,236.67,294.59,0.94,9,ok
38633,38645,456.03,365.91,456.03,1.13,9,ok
38634,38633,292.80,224.33,292.80,0.78,9,ok
38635,38637,203.40,199.91,203.40,0.50,11,ok
38636,38645,770.64,497.05,770.64,2.07,2,ok
38636,51631,405.40,372.07,405.40,0.97,9,ok
38637,3037,1082.71,772.80,603.97,2.37,2,ok
38637,38634,238.46,175.90,238.46,0.73,9,ok
38638,38641,650.04,491.84,650.04,1.77,18,ok
38640,51627,447.69,514.13,447.69,1.35,19,ok
38641,38640,465.83,179.64,362.62,2.33,18,ok
38645,1491,256.16,250.85,256.16,0.60,9,ok
38645,38631,448.80,346.03,448.80,0.99,12,ok
3865,37147,500.66,202.35,317.08,1.27,5,ok
3865,3834,427.82,383.82,427.82,1.35,16,ok
38657,7171,1699.15,728.51,1699.15,2.95,1,ok
38658,1097,3922.82,3197.57,3490.65,6.38,3,ok
38658,42987,2850.57,2777.39,2850.57,4.11,4,ok
38658,47885,3423.43,2982.06,3423.43,5.62,5,ok
38658,47973,3423.43,2982.06,3423.43,5.62,1,ok
38658,47975,3423.43,2982.06,3423.43,5.62,1,ok
38658,48350,3571.51,2917.69,3571.51,6.26,6,ok
38658,48419,3571.51,2917.69,3571.51,6.26,4,ok
3866,2847,543.39,168.11,440.87,1.47,16,ok
38664,21161,214.99,213.00,214.99,0.39,39,ok
3867,17329,307.29,271.78,307.29,0.78,23,ok
3867,3901,385.73,383.53,385.73,0.99,21,ok
3868,3875,279.84,192.69,279.84,0.75,9,ok
3868,3898,837.18,749.74,837.18,2.49,1,ok
3868,3900,325.56,307.86,325.56,0.92,21,ok
3868,48900,470.58,325.54,470.58,1.28,6,ok
38686,38688,334.38,302.86,334.38,1.21,17,ok
38688,18348,150.31,64.30,150.31,0.88,17,ok
38688,7221,274.80,327.59,274.80,1.15,17,ok
38689,38686,437.24,77.44,437.24,0.80,34,ok
3869,17425,1368.54,1050.66,1278.92,3.72,3,ok_undirected
3869,2357,886.97,851.62,886.97,1.26,92,ok_undirected
3872,3430,400.14,468.08,400.14,0.95,1,ok
3873,35079,356.92,322.77,356.92,0.81,8,ok
38742,21027,89.75,141.34,89.75,0.38,7,ok
38742,38745,214.66,230.79,214.66,0.70,13,ok
38743,21027,89.75,164.93,89.75,0.38,12,ok
38743,38745,214.66,252.07,214.66,0.70,9,ok
38744,38742,314.74,273.50,314.74,0.81,11,ok
38744,38743,314.74,293.51,314.74,0.81,12,ok
38745,4705,326.82,236.19,326.82,0.91,13,ok_undirected
38745,6230,374.43,238.57,374.43,1.12,9,ok
38746,3190,345.71,263.94,345.71,0.82,14,ok
3875,3849,200.17,202.89,200.17,0.58,9,ok
3875,3933,624.12,643.18,624.12,1.94,16,ok
38755,20489,667.72,544.72,667.72,1.78,2,ok
38755,20490,658.50,530.40,658.50,1.77,2,ok
38756,38760,329.18,303.64,329.18,0.34,4,ok
38757,19570,432.03,402.31,361.92,1.27,2,ok_undirected
38758,18778,588.86,314.18,157.01,0.97,2,ok
38758,19847,461.65,325.97,43.52,0.89,2,ok
38759,41114,1225.05,885.96,1225.05,2.67,4,ok
3876,17369,565.39,85.03,565.39,0.76,12,ok
38760,38755,329.18,300.98,329.18,0.32,4,ok
38761,6167,376.57,309.84,376.57,0.85,28,ok
38762,38761,280.86,328.72,280.86,0.83,28,ok
38763,5071,223.59,253.72,223.59,0.67,28,ok
38764,38765,111.35,162.97,111.35,0.52,41,ok
38765,4561,465.22,391.74,465.22,1.18,13,ok
38765,4945,323.06,157.71,323.06,0.92,28,ok
38769,38771,194.70,180.94,194.70,0.59,19,ok
3877,3201,610.73,540.57,610.73,1.38,4,ok
3877,3878,483.17,430.35,483.17,1.03,90,ok
38771,38773,250.88,304.69,250.88,0.61,19,ok
38772,38768,578.56,518.31,325.31,1.36,9,ok
38773,38774,1425.20,594.29,1425.20,2.72,19,ok
38774,3709,0.00,118.94,0.00,1.31,19,no_coverage
38775,38778,3097.03,1086.42,2883.76,5.40,3,ok
38776,1722,839.33,664.13,610.59,0.82,2,ok
38776,2337,801.54,665.75,572.80,0.78,1,ok
38777,1729,832.17,681.34,600.06,1.68,1,ok
38777,1730,860.80,716.40,628.69,1.70,2,ok
38778,39088,213.25,175.51,0.00,0.56,3,no_coverage
38779,1718,4226.41,2753.86,1681.71,4.91,2,ok
38779,1719,3328.91,2813.65,784.21,5.24,1,ok
3878,2067,1335.94,778.76,1335.94,3.38,2,ok
3878,2069,1003.66,669.28,1003.66,2.72,9,ok
3878,3201,127.56,118.94,127.56,0.35,64,ok
3878,3984,236.15,184.52,236.15,0.64,15,ok
38780,16943,1244.91,539.73,1244.91,2.45,1,ok
38780,17223,485.49,390.18,485.49,1.15,2,ok
38781,1229,2123.92,1241.20,1021.97,2.30,2,ok
38781,1230,2118.00,1314.10,1891.25,2.77,1,ok_undirected
38782,2338,572.15,494.95,572.15,0.76,2,ok
38782,2490,544.31,476.14,544.31,0.73,1,ok
38783,38772,1907.89,370.91,1907.89,3.67,9,ok
38784,2931,174.82,250.82,174.82,0.35,50,ok
38785,1724,1954.44,1779.08,1294.53,1.44,2,ok
38785,2337,981.35,476.56,333.25,0.95,6,ok
38786,38775,701.16,669.99,701.16,2.11,3,ok
38787,1715,1253.60,1058.26,1019.95,1.73,1,ok
38787,1716,1253.60,1031.70,1019.95,1.73,2,ok
38788,1727,3231.73,2956.27,2437.95,2.70,1,ok
38788,38794,1083.75,702.26,124.48,2.82,2,ok
38789,1718,4695.79,3040.56,922.40,3.78,2,ok
38789,1719,3798.29,3000.43,24.90,3.48,1,ok
38790,38779,3304.01,2736.91,3018.50,5.46,3,ok
38790,38789,3815.33,2976.26,3341.08,4.75,3,ok
38791,1735,550.19,536.83,359.01,2.86,1,ok
38791,2341,550.19,544.42,359.01,2.86,2,ok
38792,1721,3027.43,2491.98,2487.31,4.35,3,ok
38793,38792,3027.42,2427.40,3027.42,3.66,3,ok
38794,1725,3187.43,2746.69,2919.50,3.15,2,ok
38794,38788,1097.23,702.26,1097.23,2.67,1,ok
38795,1723,635.22,469.16,483.15,0.56,1,ok
38795,1724,572.25,468.91,420.18,0.50,2,ok
38799,18397,1351.19,810.93,1351.19,3.25,1,ok
38799,50686,455.15,389.03,455.15,0.80,10,ok
38800,51195,531.21,262.50,284.18,1.10,20,ok_undirected
38801,3916,253.03,261.08,253.03,0.74,28,ok
38802,35637,390.87,371.40,390.87,0.88,20,ok
38805,17318,988.91,433.30,988.91,1.84,2,ok_undirected
38805,2136,3274.83,704.11,3274.83,9.29,2,ok
38805,3490,516.66,236.08,516.66,1.27,15,ok
38805,3699,380.06,315.26,380.06,0.72,9,ok_undirected
3881,2093,335.41,214.64,335.41,1.02,17,ok
3881,2126,307.80,160.55,307.80,0.98,12,ok
3881,3322,4280.65,1481.22,4280.65,8.20,1,ok
3881,3939,297.07,285.88,297.07,0.88,50,ok
3882,3881,375.87,324.79,375.87,1.09,40,ok
3883,17321,99.90,118.02,99.90,0.26,36,ok
3884,3877,185.97,176.81,185.97,0.44,97,ok
3885,1764,776.05,582.18,767.17,1.09,11,ok
3885,18793,755.09,687.21,746.21,0.80,62,ok
38850,37774,438.62,423.94,438.62,1.13,15,ok
38851,1384,229.33,155.00,229.33,0.51,8,ok
38851,1688,197.87,90.25,197.87,0.44,7,ok
38852,1690,261.60,158.99,261.60,0.87,6,ok
3886,3887,753.87,531.95,734.32,0.84,79,ok
3886,3891,1331.19,989.65,1311.64,1.65,11,ok
3887,17148,577.33,470.68,577.33,0.81,75,ok
3887,2419,709.46,518.60,709.46,1.48,2,ok
3887,2693,611.65,587.25,611.65,1.03,3,ok
3888,3463,309.27,123.48,309.27,0.67,6,ok
38892,3954,444.53,424.36,444.53,1.48,21,ok
38901,21084,168.42,136.66,168.42,1.95,6,ok
3891,3885,447.99,473.63,439.11,0.51,73,ok_undirected
38915,6016,342.11,254.56,342.11,0.82,8,ok
38916,6458,413.85,259.39,413.85,1.27,2,ok
38917,38916,306.36,247.18,306.36,0.40,2,ok
38918,38919,446.26,207.64,446.26,0.69,2,ok
38919,17794,3263.24,2153.11,2455.09,4.12,1,ok
38919,17838,1004.86,640.56,429.03,2.26,1,ok
3892,17190,445.19,437.63,445.19,1.03,1,ok
3892,2106,151.49,67.41,151.49,0.44,1,ok_undirected
3892,3792,331.05,241.44,331.05,0.93,29,ok
38920,19290,367.17,251.25,367.17,0.90,35,ok
38921,43510,686.43,545.99,686.43,1.47,15,ok
38922,1099,538.02,573.19,538.02,1.02,7,ok_undirected
38923,38922,350.22,311.58,0.00,3.82,7,no_coverage
38926,4037,584.31,512.11,584.31,1.12,22,ok
3893,2052,1176.71,887.89,1176.71,3.96,2,ok
3894,2409,902.36,801.97,902.36,2.47,7,ok
3894,36097,580.07,634.99,580.07,1.39,115,ok
3894,3731,2244.19,1941.33,2244.19,7.37,1,ok
3894,3819,181.64,214.52,181.64,0.60,14,ok_undirected
3894,3820,126.21,163.18,126.21,0.32,7,ok
3894,3893,688.39,565.91,688.39,2.25,2,ok
3895,2044,284.19,246.69,284.19,0.95,52,ok
3896,35794,641.37,361.77,641.37,1.34,20,ok
38962,17705,1835.71,1035.23,1622.68,2.55,1,ok
38962,17725,355.05,333.48,355.05,0.41,2,ok
38963,17686,1167.52,875.30,1167.52,1.81,2,ok
38963,49307,1667.11,1409.08,1667.11,2.16,1,ok
38964,6644,467.16,392.62,467.16,0.98,3,ok
38965,18437,529.39,431.90,529.39,1.27,6,ok
38965,18445,703.28,587.34,703.28,1.63,7,ok
38965,19427,957.75,935.94,957.75,1.59,1,ok
38965,21152,3696.33,1584.47,3696.33,7.82,1,ok
38965,21191,605.32,322.48,605.32,1.50,14,ok
38965,51959,1567.92,1206.41,1567.92,3.54,1,ok
38966,42584,543.81,513.89,543.81,1.31,7,ok_undirected
38966,42825,491.39,467.90,491.39,1.18,11,ok_undirected
38968,43023,579.95,353.55,429.19,1.89,25,ok_undirected
3897,17316,307.62,326.03,307.62,0.75,36,ok
3897,3611,815.92,483.08,815.92,2.83,20,ok
3897,3894,583.14,487.06,583.14,1.62,2,ok
3898,1296,3977.37,2594.12,3977.37,4.30,14,ok_undirected
3898,48886,294.53,283.04,294.53,0.46,8,ok
3899,1249,1502.20,824.47,1492.72,2.68,87,ok
3899,3007,1420.54,728.71,1411.06,2.62,23,ok
3899,36102,1596.35,722.22,1586.87,3.22,44,ok
38995,39034,215.96,181.26,215.96,0.57,8,ok
38996,39033,174.21,197.85,174.21,0.58,7,ok
3900,17352,2028.79,1497.69,2028.79,4.04,7,ok
3900,2765,663.62,330.99,663.62,2.17,6,ok
3900,3875,741.44,415.45,741.44,1.82,16,ok
3900,48887,777.33,150.09,777.33,1.95,5,ok
3900,48900,932.19,599.42,932.19,2.35,21,ok
39001,41098,440.55,425.59,440.55,1.34,7,ok
39002,39036,274.29,257.90,274.29,0.79,7,ok
39003,19549,511.84,333.00,511.84,2.29,3,ok
39003,20840,458.27,291.44,458.27,2.07,29,ok
39003,20841,531.14,412.54,531.14,1.78,9,ok
39003,5549,541.37,400.79,541.37,1.97,2,ok_undirected
39006,39019,305.41,191.28,305.41,1.09,7,ok
39008,47419,256.79,221.62,256.79,0.66,7,ok
39008,49588,301.81,282.08,301.81,0.73,7,ok
39009,37631,627.42,460.80,627.42,1.29,8,ok
3901,3898,367.65,319.07,367.65,1.19,21,ok
39010,39009,152.86,171.12,152.86,0.30,8,ok
39011,39010,396.85,266.38,396.85,0.76,8,ok
39012,39037,301.11,266.24,301.11,0.76,8,ok
39015,7030,203.97,116.42,203.97,0.97,23,ok
39016,49601,236.00,246.87,236.00,0.57,14,ok_undirected
39017,47399,453.77,428.56,453.77,1.14,14,ok
39017,50601,255.80,168.96,255.80,1.00,8,ok
39018,7036,233.06,194.81,233.06,0.92,19,ok
39019,39023,474.62,415.11,474.62,1.39,7,ok
39022,49593,406.25,403.84,406.25,1.09,8,ok
39023,39026,151.93,206.79,151.93,0.40,7,ok
39024,5554,376.75,377.61,376.75,0.98,14,ok
39024,6064,932.86,523.94,932.86,2.40,1,ok
39024,7028,415.06,424.67,415.06,1.06,25,ok
39024,7030,2019.30,1819.83,2019.30,5.14,1,ok
39026,19553,359.44,191.77,359.44,0.75,7,ok
39027,39022,420.83,242.41,420.83,1.16,8,ok_undirected
39029,20314,322.62,251.20,322.62,0.76,9,ok
39029,37514,264.58,266.02,264.58,0.65,7,ok
3903,17413,1269.81,1007.14,1269.81,2.30,2,ok
39030,49485,277.15,249.09,277.15,0.79,10,ok
39030,5883,325.62,195.30,325.62,0.89,9,ok_undirected
39033,47287,290.15,235.38,290.15,0.83,7,ok
39034,39012,428.25,422.55,428.25,0.87,8,ok
39036,39001,170.86,167.83,170.86,0.46,7,ok
39037,39011,119.74,48.43,119.74,0.26,8,ok
39038,20314,521.61,379.55,521.61,1.40,17,ok
39038,39030,534.04,411.01,534.04,1.58,8,ok
3904,2765,457.00,297.15,457.00,1.44,7,ok_undirected
3904,3867,386.41,337.26,386.41,1.20,38,ok
39040,37508,122.76,126.38,122.76,0.30,20,ok
39050,21269,1213.79,891.03,1040.49,3.07,1,ok
39050,21270,1202.15,833.92,1202.15,2.86,2,ok_undirected
39051,39060,414.16,220.34,414.16,1.24,10,ok
39052,5313,435.59,209.87,435.59,1.03,47,ok_undirected
39052,5371,274.02,222.90,274.02,0.75,9,ok
39052,5376,461.15,352.40,461.15,1.28,8,ok
39053,5503,420.78,332.49,420.78,1.21,1,ok
39053,6387,507.24,202.99,507.24,1.23,8,ok
39054,39053,798.42,394.72,798.42,2.47,9,ok
39055,39054,457.87,75.40,457.87,1.11,9,ok
39057,5425,243.51,231.23,243.51,0.71,10,ok
39058,39059,218.91,217.02,218.91,0.65,10,ok
39059,5367,726.57,565.49,726.57,2.26,2,ok
39059,5712,416.44,416.17,407.51,1.12,8,ok
39060,42127,513.73,252.86,513.73,1.47,10,ok
39061,44354,939.70,707.16,245.94,3.91,3,ok
39062,3775,241.28,206.12,241.28,0.57,8,ok
39063,3679,264.61,251.14,264.61,0.71,13,ok
39064,38786,257.09,257.74,257.09,0.23,3,ok
39065,1731,1357.45,1209.40,1357.45,1.20,1,ok
39065,1732,1333.26,1187.06,1290.94,1.17,2,ok
39066,39064,1334.68,1184.53,1334.68,1.42,3,ok
3907,3928,1125.65,982.66,1125.65,1.70,10,ok
3908,1440,446.61,429.83,446.61,0.83,67,ok_undirected
3908,1448,333.59,173.94,333.59,0.68,2,ok
3908,17158,426.22,301.30,426.22,0.93,28,ok
39084,42736,5869.21,2632.96,40.97,5.04,2,ok
39085,50717,1945.81,1127.38,1945.81,3.36,1,ok
39086,20641,652.37,429.86,652.37,1.69,16,ok
39086,41193,257.05,220.63,257.05,0.94,25,ok
39086,42604,914.63,524.51,914.63,2.27,17,ok
39088,39065,3850.06,2130.17,1576.79,7.44,3,ok
39089,3034,201.21,145.70,201.21,0.72,13,ok
3909,2544,926.52,627.91,926.52,2.57,1,ok
3909,3101,620.45,456.56,620.45,1.59,1,ok
3909,3913,407.87,463.82,407.87,0.89,84,ok
39090,3589,113.09,163.45,113.09,0.27,34,ok
3910,3908,554.66,444.34,543.97,0.87,97,ok
3911,1448,586.17,550.40,586.17,0.84,64,ok
3912,3914,968.34,247.13,968.34,1.96,84,ok
3913,3912,389.72,281.86,379.04,0.73,84,ok_undirected
3914,3921,614.04,563.67,614.04,1.21,84,ok
39144,20848,488.08,354.58,488.08,1.37,42,ok
39145,39146,287.54,239.34,287.54,0.64,18,ok_undirected
39145,39147,249.10,161.87,249.10,0.61,27,ok_undirected
39146,18778,577.42,621.83,577.42,0.67,22,ok
39146,38759,699.36,430.61,685.64,1.04,2,ok
39147,18779,489.25,376.80,489.25,1.27,24,ok
39147,50110,553.83,369.19,553.83,1.39,17,ok
39147,5518,1072.77,1007.36,1072.77,3.25,1,ok
39149,18780,349.62,188.60,349.62,1.21,10,ok
39149,42193,671.72,521.59,671.72,2.54,3,ok
39149,50119,259.92,147.11,259.92,1.01,16,ok
39149,5518,231.65,180.73,231.65,0.92,14,ok
3915,2285,840.08,706.31,840.08,1.65,36,ok
3915,2583,792.61,784.27,792.61,1.26,89,ok_undirected
39150,4210,,922.91,,2.57,1,unreachable
39150,4357,1678.91,828.73,1529.57,5.72,2,ok
39151,18994,676.57,491.05,598.80,1.47,2,ok
39152,2079,130.40,111.79,130.40,0.34,9,ok
3916,1249,784.04,621.38,784.04,2.49,4,ok
3916,39232,412.81,317.91,412.81,1.21,6,ok
3916,3931,739.22,496.31,739.22,2.53,107,ok
39166,20062,2931.61,2577.45,2931.61,4.12,4,ok
39166,38266,1525.30,1273.66,1525.30,2.78,8,ok
39167,38252,451.78,376.11,451.78,1.09,1,ok
39167,38253,483.04,458.45,483.04,1.16,6,ok
39167,38264,333.56,243.44,168.30,0.86,1,ok
3917,1446,404.62,238.63,392.97,0.92,68,ok
3918,3916,436.44,480.70,436.44,1.36,89,ok
39185,20483,7250.08,6031.03,0.00,4.23,2,no_coverage
39187,38781,2069.06,1226.21,1891.25,2.57,2,ok
39188,38781,2196.54,1339.89,2196.54,2.61,1,ok
39189,38268,687.20,409.81,687.20,1.90,10,ok
39190,36019,351.62,232.43,351.62,0.98,11,ok
39192,41064,2191.71,1797.07,2191.71,3.64,2,ok
39193,39192,679.68,446.42,98.50,1.27,2,ok
39194,39193,420.38,239.72,420.38,0.80,2,ok
39195,51393,128.90,138.97,128.90,0.32,23,ok
39197,19752,356.88,283.80,356.88,0.96,10,ok
3920,1435,420.18,390.45,420.18,0.91,97,ok_undirected
3920,1437,1214.83,964.09,1214.83,3.02,20,ok
3920,3918,2979.70,2535.51,2979.70,6.16,7,ok
39200,39206,4408.89,2659.29,0.00,5.00,1,no_coverage
39201,5231,1641.50,1524.70,1641.50,2.76,2,ok_undirected
39202,39200,356.63,268.27,0.00,0.35,1,no_coverage
39203,39201,769.43,504.91,769.43,1.70,2,ok
39203,39202,760.95,450.25,760.95,1.68,1,ok
39204,39203,783.15,615.71,783.15,1.42,3,ok
39205,39287,1016.81,927.95,938.73,1.71,1,ok
39205,39288,1016.81,899.15,938.73,1.71,2,ok
39206,39205,998.45,883.75,998.45,1.18,3,ok
39207,39210,3273.21,2318.61,3273.21,3.26,3,ok
39208,39286,868.69,591.13,853.50,1.79,2,ok
39209,39206,4252.85,3201.71,4240.77,4.25,2,ok
39209,39285,4178.23,1928.06,3251.47,4.16,1,ok
3921,2229,513.26,498.38,513.26,1.58,43,ok
3921,2650,306.16,150.02,306.16,0.89,37,ok
3921,3280,684.62,315.41,684.62,2.66,5,ok
3921,3907,883.62,870.24,883.62,2.63,6,ok_undirected
3921,3928,1910.21,1760.60,1910.21,4.21,2,ok
39210,39211,399.73,199.09,399.73,0.88,3,ok
39211,39212,172.76,196.82,172.76,0.42,3,ok
39212,39209,302.04,261.75,302.04,0.84,3,ok
39219,19824,3890.38,1709.66,3850.26,4.94,8,ok
3922,1433,534.01,316.29,534.01,1.68,48,ok
3922,3580,792.50,320.12,782.72,2.44,7,ok
3922,3920,811.41,686.83,811.41,2.58,27,ok_undirected
39221,1176,402.59,304.84,402.59,1.18,45,ok
39225,41221,451.08,442.19,451.08,0.50,14,ok
39225,41713,788.33,509.65,788.33,1.02,14,ok
39229,6095,386.11,184.64,386.11,1.07,23,ok
3923,3925,1021.19,932.86,1021.19,1.63,31,ok_undirected
39232,49611,7328.23,3682.20,6468.05,9.91,6,ok
39234,39235,197.60,119.06,197.60,0.42,4,ok
39235,39236,84.54,127.00,84.54,0.22,4,ok
39236,18735,431.07,347.34,356.79,0.48,2,ok
39236,18737,431.03,393.99,356.79,0.48,1,ok_undirected
39236,37142,454.65,427.83,454.65,0.47,2,ok
39237,39236,342.22,298.96,342.22,1.33,1,ok
39237,41708,432.12,394.17,432.12,1.59,4,ok
39238,3725,2651.51,2443.93,334.93,7.46,1,ok
39239,39240,1901.43,1019.61,1875.31,5.56,1,ok
39240,3101,258.60,252.16,258.60,0.87,1,ok
39242,39243,370.78,388.57,319.55,0.83,1,ok
39243,39244,187.74,196.34,187.74,0.44,1,ok_undirected
39244,39246,222.84,135.09,222.84,0.73,1,ok_undirected
39245,1437,560.71,547.41,560.71,1.19,1,ok
39246,39245,312.31,226.69,312.31,0.95,1,ok
3925,3922,1821.65,1055.58,1821.65,4.24,31,ok
39257,1595,397.47,360.80,397.47,0.42,3,ok
39258,3042,957.39,635.74,957.39,2.05,13,ok
39259,16990,267.68,260.23,267.68,0.67,15,ok
3926,3904,352.84,351.79,352.84,0.75,45,ok
39265,21159,166.78,106.71,166.78,0.41,15,ok
39267,2216,333.09,286.98,313.79,0.75,15,ok_undirected
3927,3297,245.19,230.96,245.19,0.61,14,ok
3928,1457,954.43,961.94,954.43,1.09,12,ok
39285,39208,878.57,580.39,0.00,1.23,1,no_coverage
39286,39207,914.68,851.42,914.68,0.77,2,ok
39287,39207,989.29,883.50,0.00,1.00,1,no_coverage
39288,39204,3221.41,2476.20,3221.41,2.91,2,ok
3930,2395,1339.20,1294.31,1339.20,2.10,10,ok
39304,38193,365.45,302.84,365.45,1.16,7,ok
39305,39308,79.91,114.81,79.91,0.55,7,ok
39306,6212,225.86,193.52,225.86,0.67,7,ok
39307,39306,201.89,156.78,201.89,0.74,7,ok
39308,39307,247.39,207.80,247.39,1.09,7,ok
39309,39305,68.15,64.02,68.15,0.19,7,ok
3931,1249,175.61,176.91,175.61,0.41,72,ok_undirected
3931,2179,238.76,175.55,238.76,0.51,53,ok_undirected
3931,3007,425.61,178.33,425.61,1.48,28,ok
39310,39309,379.37,332.87,379.37,1.22,7,ok
3932,1446,796.13,795.38,796.13,1.79,2,ok
3932,38802,800.93,693.04,800.93,2.03,21,ok
3932,3917,544.25,560.99,544.25,1.36,66,ok_undirected
3932,3931,329.92,38.90,329.92,1.13,2,ok
3933,2395,1688.41,1616.36,1688.41,2.69,16,ok
3933,3930,349.20,324.16,349.20,0.59,10,ok
3934,17347,478.57,360.91,478.57,1.31,9,ok
3934,2072,5820.13,3613.57,5820.13,9.09,2,ok
3934,3900,453.05,371.33,453.05,1.14,23,ok_undirected
3935,1285,128.96,190.55,128.96,0.27,135,ok
3935,3938,462.61,485.50,462.61,0.93,7,ok
3937,3926,1803.69,1780.62,1803.69,2.79,13,ok
3937,48898,345.38,218.15,345.38,0.69,7,ok_undirected
3938,3877,574.80,490.33,574.80,1.28,2,ok
3938,3884,388.83,329.97,388.83,0.83,144,ok
3939,2091,333.43,274.35,333.43,1.12,172,ok
3940,1283,500.66,380.35,500.66,1.20,2,ok
3940,2088,,188.01,,0.53,114,unreachable
3942,17326,0.00,127.87,0.00,0.24,8,no_coverage
3943,3774,234.57,100.78,234.57,0.52,8,ok
3944,1964,0.00,95.61,0.00,0.34,6,no_coverage
3944,3018,269.69,293.10,269.69,0.64,5,ok
3945,17566,4279.22,3444.56,4279.22,5.89,22,ok
3945,1765,2327.03,1660.00,2327.03,3.47,27,ok
3945,37028,5503.41,2738.98,5305.83,8.74,3,ok
3946,17364,207.18,167.59,207.18,0.59,6,ok
3949,3544,528.00,348.66,528.00,1.91,46,ok
3950,17050,424.88,351.04,409.69,1.16,4,ok
3950,20504,662.10,569.64,646.91,1.78,3,ok
3950,2633,1088.38,403.54,1088.38,2.82,1,ok
3950,3951,433.75,375.76,433.75,1.17,18,ok
3950,3989,342.86,213.90,342.86,0.89,13,ok
3951,20431,269.68,166.99,269.68,1.12,9,ok
3951,7186,264.26,108.28,264.26,1.04,11,ok
3952,2167,279.30,213.13,279.30,1.05,85,ok
3952,3959,339.15,294.87,339.15,1.74,25,ok
3953,1946,0.00,23.43,0.00,1.45,5,no_coverage
3953,2655,383.86,326.39,383.86,1.05,108,ok_undirected
3954,2164,331.95,333.35,331.95,0.99,50,ok
3955,2567,296.26,211.09,296.26,0.91,53,ok
3955,41362,335.22,294.05,335.22,1.00,5,ok
3956,1314,2385.90,2178.93,2385.90,2.78,2,ok
3956,17352,4940.82,4246.82,4940.82,7.47,11,ok
3956,2765,3657.75,3207.38,3657.75,6.27,2,ok
3956,3045,3787.32,3411.62,3787.32,5.45,1,ok
3956,35696,522.64,336.82,522.64,0.93,5,ok
3956,3934,2759.13,2512.38,2759.13,3.52,18,ok
3956,48889,1530.37,1350.06,1530.37,1.53,33,ok
3956,48909,2345.30,2164.98,2345.30,2.71,7,ok
3957,3954,444.53,467.87,444.53,1.48,24,ok
3958,3839,747.29,736.39,747.29,2.64,37,ok
3958,3840,778.88,689.32,679.49,3.02,9,ok
3959,2443,453.42,352.65,453.42,1.85,3,ok
3959,3731,256.37,220.35,256.37,1.13,53,ok
3960,2392,6965.67,5307.51,6965.67,6.41,2,ok
3961,17324,0.00,78.34,0.00,0.49,10,no_coverage
39616,17472,57.27,129.15,57.27,0.20,4,ok
39617,3865,295.77,211.92,295.77,0.74,15,ok
39617,4001,6549.06,5372.32,5306.49,8.54,1,ok
39617,4003,2666.05,1855.21,2666.05,5.00,3,ok_undirected
39617,4079,4222.55,3098.94,4222.55,8.54,3,ok
39618,35077,240.88,191.31,240.88,0.57,4,ok
3962,1863,163.54,228.49,163.54,0.71,100,ok_undirected
3962,2764,236.45,215.00,236.45,0.95,24,ok_undirected
3963,1860,629.04,323.04,629.04,2.03,1,ok
3963,3763,209.04,183.74,209.04,0.59,9,ok
39630,39632,268.60,250.58,268.60,0.34,5,ok
39630,42087,401.06,71.11,401.06,0.83,5,ok
39631,39630,268.60,161.75,268.60,0.52,10,ok
39632,39633,114.99,31.48,114.99,0.20,10,ok
39633,19191,1467.55,1268.23,1467.55,4.72,5,ok
39633,19239,114.99,63.99,114.99,0.56,5,ok
3964,17323,99.04,107.23,99.04,0.30,20,ok
3965,2054,118.64,79.83,118.64,0.38,1,ok
3965,2056,165.99,129.48,165.99,0.44,1,ok
3965,3748,240.81,140.12,240.81,0.68,10,ok
39654,39665,70.68,139.03,70.68,0.21,3,ok
39655,39666,158.07,199.66,158.07,0.44,3,ok
3966,1866,213.98,195.55,213.98,0.85,31,ok
3966,3235,207.75,147.50,207.75,0.79,9,ok
39661,18185,2393.23,1614.73,2393.23,3.11,1,ok
39661,6747,1741.49,1579.21,1741.49,1.64,8,ok
39662,39654,550.31,227.76,550.31,1.79,3,ok
39663,41269,329.21,326.78,0.00,1.47,3,no_coverage
39664,39663,145.90,238.35,0.00,0.98,3,no_coverage
39665,6609,381.40,301.31,381.40,1.03,3,ok
39666,39662,399.04,281.66,399.04,1.50,3,ok
3967,17325,185.37,253.18,185.37,0.45,10,ok
3967,3419,726.48,708.91,726.48,1.91,1,ok
39670,18174,,1863.62,,20.27,1,unreachable
39671,17923,4253.73,3098.42,4253.73,4.81,1,ok
39671,17934,6311.59,3409.52,6311.59,6.77,8,ok
39672,39674,233.83,260.74,0.00,0.54,11,no_coverage
39673,49338,1955.93,1037.10,1868.71,3.10,11,ok
39674,39676,259.65,198.77,0.00,0.55,11,no_coverage
39675,39673,159.50,113.90,159.50,0.42,11,ok
39676,6610,103.92,79.83,61.58,0.32,11,ok
39677,39679,,135.75,,0.23,1,unreachable
39679,39670,,298.46,,1.42,1,unreachable
3968,39063,0.00,103.23,0.00,0.00,13,no_coverage
39696,17828,340.63,212.97,340.63,0.37,1,ok
39696,17829,256.19,261.41,256.19,0.28,2,ok
39697,39698,298.38,241.21,298.38,0.95,8,ok
39698,19171,116.16,156.56,116.16,0.42,8,ok
39699,39700,246.97,252.54,246.97,0.67,8,ok
39699,48303,161.99,143.14,161.99,0.29,6,ok
3970,3612,305.42,144.23,305.42,0.64,81,ok
3970,3979,360.69,394.30,360.69,0.72,29,ok
39700,39701,378.09,329.19,378.09,1.02,8,ok
39701,39702,212.30,154.59,212.30,0.63,8,ok
39702,39697,257.23,223.72,257.23,0.92,8,ok
39702,48305,625.56,344.23,625.56,1.72,6,ok
39703,6513,336.15,297.04,336.15,1.00,12,ok
39704,39703,423.48,344.08,423.48,1.13,12,ok
39705,39709,599.96,500.08,565.53,1.35,12,ok
39706,39704,289.76,300.01,289.76,0.73,12,ok
39708,39706,310.21,273.20,310.21,0.97,12,ok
3971,2052,236.81,249.48,236.81,0.73,60,ok
3971,41353,334.39,277.94,334.39,1.25,10,ok
39710,3356,397.64,140.51,397.64,1.82,6,ok
3972,35852,536.72,506.70,536.72,0.59,45,ok
3973,1233,624.68,573.21,624.68,0.66,12,ok
3974,16964,209.41,85.30,209.41,0.54,23,ok
3974,2381,481.19,482.10,481.19,1.12,100,ok
39741,20194,574.56,417.24,574.56,1.42,6,ok
39741,34157,369.81,260.74,369.81,0.91,27,ok_undirected
39743,20496,717.46,694.13,717.46,1.66,1,ok
39744,39747,448.95,443.26,448.95,0.84,1,ok
39747,7284,461.22,358.19,461.22,1.19,1,ok
39748,7013,218.23,230.54,218.23,0.55,10,ok
39749,2866,446.84,360.12,446.84,0.85,20,ok
3975,2381,481.19,504.94,481.19,1.12,2,ok
3975,3974,0.00,24.42,0.00,1.25,48,no_coverage
3976,1970,1758.42,303.15,1703.74,4.74,6,ok
3977,17318,614.52,549.38,614.52,1.39,181,ok_undirected
3977,3957,670.99,443.72,670.99,1.62,24,ok
3979,2536,468.25,429.83,468.25,0.75,15,ok
3979,35793,533.10,506.14,533.10,0.87,68,ok
3979,35844,960.87,967.69,960.87,2.13,14,ok
3979,42794,860.26,766.44,860.26,1.73,2,ok
3981,2157,188.48,216.27,188.48,0.53,45,ok
39810,44050,740.09,365.21,653.17,1.60,26,ok_undirected
39810,44055,733.68,407.40,733.68,1.61,14,ok
39811,39810,299.16,219.40,299.16,0.63,2,ok_undirected
39812,39814,353.83,326.16,353.83,1.42,23,ok
39813,42965,298.24,285.62,298.24,1.08,18,ok
39814,39816,340.33,281.71,340.33,1.04,23,ok
39815,39813,342.14,280.08,342.14,1.23,18,ok
39816,39818,423.78,361.65,423.78,1.66,23,ok
39817,39815,278.56,274.69,278.56,0.67,18,ok
39818,39821,421.20,340.17,421.20,1.08,32,ok
39819,39820,435.54,239.25,435.54,1.18,27,ok
39819,39822,396.21,212.23,396.21,1.09,23,ok
3982,3659,604.59,111.06,0.00,0.23,14,no_coverage
39820,39817,481.45,400.56,481.45,1.45,18,ok
39820,42952,393.04,321.58,393.04,1.21,9,ok
39821,4015,280.48,297.86,280.48,0.63,41,ok
39821,42928,181.93,222.93,181.93,0.41,9,ok
39822,39824,251.86,208.37,251.86,0.83,32,ok
39823,39821,295.86,220.20,295.86,0.84,18,ok
39823,40545,254.26,229.05,254.26,0.73,9,ok
39824,39826,209.18,223.27,209.18,0.74,32,ok
39825,39823,218.29,214.87,218.29,0.64,27,ok
39826,39828,373.18,353.30,373.18,1.09,32,ok
39827,39825,292.31,339.84,292.31,0.96,27,ok
39828,50556,456.81,413.06,456.81,0.99,23,ok
39828,50558,528.05,387.61,528.05,2.72,9,ok_undirected
39829,39827,413.31,333.77,413.31,1.48,27,ok
3983,3061,976.33,520.42,960.90,2.02,43,ok
39830,1585,2772.53,1231.87,2340.90,4.42,2,ok
39830,40543,306.50,216.18,306.50,0.72,39,ok
39830,42902,259.86,214.53,259.86,0.63,1,ok
39838,40317,334.25,302.03,334.25,0.68,9,ok
3984,2069,767.51,553.32,767.51,2.08,14,ok
3984,3199,359.37,228.25,359.37,1.06,14,ok
3984,46987,384.60,346.69,384.60,1.15,14,ok
3985,17343,159.46,116.06,159.46,0.54,23,ok
39850,39852,173.59,83.88,173.59,0.50,7,ok
39851,39850,144.75,83.90,144.75,0.39,7,ok
39852,5110,238.45,224.31,238.45,0.27,4,ok
39853,39851,151.00,147.74,151.00,0.55,7,ok
39857,5808,213.47,162.09,213.47,0.75,4,ok
39859,39860,286.19,233.65,286.19,0.81,2,ok
3986,1271,447.38,419.63,447.38,1.39,4,ok
3986,2070,153.90,151.56,153.90,0.48,37,ok_undirected
3986,3144,503.09,348.68,503.09,1.46,8,ok
39860,39863,165.72,191.03,165.72,0.77,2,ok
39861,4643,346.34,325.68,346.34,0.38,2,ok
39862,39861,165.72,186.79,165.72,0.15,2,ok
39863,39865,105.43,95.70,105.43,0.46,2,ok
39864,39862,105.43,87.76,105.43,0.08,2,ok
39865,4752,96.96,89.25,96.96,0.44,2,ok
39867,39872,248.54,202.84,248.54,0.93,3,ok
3987,3650,173.61,176.55,173.61,0.49,9,ok
39872,4813,189.71,189.13,189.71,0.74,3,ok
39874,39875,112.95,78.34,0.00,0.45,1,no_coverage
39875,39867,125.88,104.58,0.00,0.83,3,no_coverage
39876,6798,292.06,353.24,292.06,0.81,16,ok
39877,18127,237.57,199.78,237.57,0.46,11,ok
39877,18128,323.88,302.56,285.15,0.51,4,ok
39878,6800,0.00,45.35,0.00,0.20,8,no_coverage
39879,6796,407.16,169.43,407.16,0.88,7,ok
3988,3692,164.64,81.49,164.64,0.70,8,ok_undirected
39882,49349,995.94,876.31,995.94,1.29,1,ok
39882,6648,277.68,113.73,277.68,0.43,8,ok
39883,39885,238.66,173.34,238.66,0.43,1,ok
39883,39889,577.54,197.04,408.45,1.34,5,ok
39884,39882,102.22,141.96,102.22,0.16,9,ok
39885,39887,0.00,64.81,0.00,0.57,1,no_coverage
39886,39884,203.74,149.14,203.74,0.45,9,ok
39887,39889,340.88,216.42,340.88,0.84,1,ok
39888,39886,340.88,191.38,340.88,1.49,9,ok_undirected
39889,39888,0.00,31.93,0.00,3.25,1,no_coverage
3989,2390,229.75,179.48,229.75,0.58,28,ok
39890,39920,163.58,151.26,163.58,0.38,8,ok
39891,39904,187.12,248.74,187.12,0.43,8,ok
39893,39919,218.09,185.58,0.00,0.67,7,no_coverage
39896,19045,41.18,159.79,0.00,0.44,8,no_coverage
39897,19110,214.05,247.15,0.00,1.02,8,no_coverage
39898,19128,592.97,554.84,592.97,1.31,8,ok
39899,5892,907.22,895.91,907.22,1.94,5,ok
39901,39910,297.08,167.61,297.08,0.62,5,ok
39902,39901,0.00,85.39,0.00,0.28,5,no_coverage
39902,39910,297.08,226.13,297.08,0.62,3,ok
39904,39899,386.48,342.03,386.48,0.82,8,ok
39905,39891,303.59,149.96,303.59,0.83,8,ok
39906,39911,369.80,339.71,369.80,0.96,8,ok
39907,19124,359.49,308.70,359.49,1.01,8,ok
39908,20900,642.51,468.64,642.51,1.13,9,ok
3991,1655,244.72,158.81,244.72,0.84,11,ok
3991,3064,555.85,508.86,555.85,2.05,11,ok
39910,19129,436.97,414.10,436.97,1.08,8,ok
39911,39905,687.97,366.83,687.97,1.63,8,ok
39913,19127,54.82,54.79,54.82,0.10,8,ok
39913,20900,131.09,89.41,131.09,0.39,7,ok
39914,39913,272.75,244.01,272.75,0.33,15,ok
39915,19044,415.53,214.30,0.00,1.24,8,no_coverage
39916,20897,406.63,253.27,0.00,1.11,7,no_coverage
39917,39916,322.39,280.11,0.00,1.34,7,no_coverage
39918,39917,461.76,434.56,0.00,2.15,7,no_coverage
39919,39918,471.72,372.32,0.00,1.60,7,no_coverage
3992,3065,315.85,274.93,315.85,1.15,11,ok
39920,39902,419.88,246.21,419.88,0.94,8,ok
39922,5263,488.41,460.06,488.41,1.46,5,ok
39923,39922,296.37,225.48,0.00,0.80,3,no_coverage
39927,3185,1569.01,1476.96,1499.41,2.55,2,ok
39927,43493,2590.80,1259.36,2550.29,4.02,16,ok
3993,1134,382.87,213.51,382.87,1.31,6,ok
3993,38700,1806.77,1081.03,1507.91,5.54,4,ok
3993,42991,209.80,218.33,209.80,0.68,18,ok
3994,1133,116.26,191.27,116.26,0.76,5,ok
3995,1661,165.27,228.39,165.27,0.41,20,ok
39950,39951,312.30,417.41,312.30,0.65,6,ok
39951,39955,253.83,159.55,253.83,0.52,6,ok
39955,39956,310.35,292.54,310.35,0.80,5,ok
39956,6735,2283.28,1113.32,2283.28,3.35,5,ok
39957,39958,342.65,282.06,342.65,0.78,6,ok
39958,39950,481.04,375.54,481.04,0.94,6,ok
3996,2356,5834.51,5250.96,5834.51,6.24,3,ok_undirected
3996,3959,10303.90,9554.15,10303.90,17.37,1,ok
3996,51258,5592.79,5394.18,5592.79,5.92,14,ok
39964,39970,406.01,430.96,0.00,0.93,1,no_coverage
39965,7243,478.00,413.01,478.00,1.21,14,ok
39966,35546,164.30,125.72,164.30,0.40,8,ok
39967,39966,439.10,245.72,439.10,1.07,10,ok
39968,39969,741.33,487.92,0.00,2.47,1,no_coverage
39969,39964,527.80,450.52,0.00,0.20,1,no_coverage
39970,39972,896.98,631.96,292.70,3.12,1,ok
39972,7060,449.71,431.91,0.00,1.55,1,no_coverage
39973,39965,345.71,309.82,345.71,0.82,14,ok
39974,7063,658.64,465.20,31.54,0.89,2,ok
39974,7072,466.14,338.40,0.00,0.20,1,no_coverage
39975,7064,569.57,486.21,0.00,1.48,3,no_coverage
39976,39967,271.72,269.87,271.72,0.74,8,ok
3998,3525,930.01,872.30,668.46,2.00,3,ok_undirected
3998,3958,1182.66,975.24,909.28,3.46,45,ok_undirected
39983,5222,1053.38,1053.89,1053.38,1.47,14,ok
39983,5250,1112.15,1045.88,1112.15,1.58,3,ok
3999,2394,3311.05,3249.09,3311.05,2.81,56,ok
3999,42810,3353.22,3139.96,3353.22,2.90,8,ok
3999,4882,9093.42,8774.27,9093.42,7.21,4,ok
39991,19148,289.15,201.91,289.15,1.16,18,ok
39992,39991,19.20,81.32,19.20,0.05,11,ok
39993,39992,331.34,160.73,331.34,0.69,11,ok
39994,6255,581.59,426.93,549.38,1.81,5,ok
39996,39994,455.66,179.68,455.66,1.03,13,ok
39996,6255,1037.25,416.10,1005.04,2.83,5,ok
39998,39993,150.39,226.99,150.39,0.59,9,ok
4000,3536,4218.46,3904.38,4218.46,3.18,12,ok
4000,42256,6627.16,5168.22,6627.16,7.81,8,ok
40000,40001,733.59,709.48,733.59,0.86,12,ok
40001,19915,4241.12,4078.96,4241.12,3.48,5,ok
40001,19916,5008.78,4857.27,5008.78,4.22,7,ok
40002,5483,726.04,668.80,726.04,1.04,8,ok
40003,40015,595.80,280.63,595.80,1.83,3,ok
40004,40013,301.35,274.69,161.63,0.86,3,ok
40005,40007,260.90,220.95,260.90,0.67,3,ok
40006,40010,334.30,106.09,334.30,0.85,3,ok
40007,40011,337.60,259.33,337.60,0.82,3,ok
40008,40004,100.70,121.58,100.70,0.27,3,ok
4001,4871,8061.24,7158.01,8061.24,6.59,6,ok
40010,40008,363.97,328.50,363.97,0.83,3,ok
40011,40009,387.00,141.15,238.29,0.98,3,ok
40012,40005,168.10,180.10,168.10,0.51,3,ok
40013,40017,203.48,196.56,203.48,0.51,3,ok
40014,19590,385.10,237.80,385.10,1.20,3,ok
40015,40018,343.70,218.71,343.70,0.94,3,ok
40016,40014,68.96,117.66,68.96,0.22,3,ok
40017,40016,399.77,251.70,399.77,1.23,3,ok
40018,40012,203.48,204.31,203.48,0.68,3,ok
4003,4001,4331.67,3887.50,4331.67,3.57,5,ok
4004,1376,1059.39,866.65,1059.39,2.07,27,ok
4004,1381,1059.57,835.33,1059.57,2.08,11,ok
4004,4035,1607.77,130.22,1607.77,3.20,14,ok
4008,1585,1179.09,717.73,671.46,3.12,2,ok
4008,43345,557.57,418.48,557.57,0.61,27,ok
4010,1140,379.59,228.45,379.59,1.17,17,ok
4010,1153,704.02,615.97,704.02,2.03,6,ok
4011,37519,251.12,228.70,251.12,0.82,23,ok
4015,42929,162.15,102.93,162.15,0.35,41,ok
4016,1255,370.62,220.72,370.62,0.94,10,ok
40166,40172,602.60,458.93,602.60,1.77,5,ok
40167,40166,291.32,273.53,291.32,0.89,5,ok
40170,35376,349.15,269.08,0.00,0.89,5,no_coverage
40171,40170,336.99,232.34,0.00,0.35,5,no_coverage
40172,40173,262.32,189.38,262.32,0.60,5,ok
40173,40175,179.38,183.01,179.38,0.23,5,ok
40174,40171,262.32,151.85,0.00,0.65,5,no_coverage
40175,44516,287.53,252.57,287.53,0.37,5,ok
40175,5046,256.00,297.31,256.00,0.33,5,ok
40178,17517,1212.54,654.28,960.97,2.14,2,ok
40178,2965,2654.85,1136.56,2403.28,2.98,2,ok
4018,1184,572.84,404.22,572.84,1.32,1,ok_undirected
4018,1188,325.79,362.33,325.79,0.66,8,ok_undirected
4018,1197,177.50,159.32,177.50,0.37,9,ok_undirected
4018,42998,342.89,220.48,342.89,0.97,6,ok_undirected
40181,51412,664.54,484.28,664.54,2.09,21,ok
40184,40181,192.72,208.90,192.72,0.63,17,ok
40187,40190,484.35,436.83,484.35,1.16,20,ok
40187,40191,512.70,515.80,512.70,1.23,1,ok
40190,20521,542.44,478.39,542.44,0.90,10,ok
40190,20524,505.99,456.71,505.99,0.84,10,ok
40191,40192,300.50,291.97,0.00,1.75,1,no_coverage
40192,20524,848.75,829.37,548.26,1.45,1,ok
40211,4750,96.90,108.09,96.90,0.08,3,ok
40219,5679,142.70,139.09,142.70,0.42,5,ok
40225,40239,467.73,352.67,467.73,1.53,3,ok
40227,40225,294.29,196.55,294.29,0.96,3,ok
40228,40229,111.40,119.30,0.00,0.20,3,no_coverage
40229,40231,446.74,406.17,0.00,1.42,3,no_coverage
40230,40227,111.40,133.55,111.40,0.31,3,ok
40231,40237,448.01,291.53,0.00,0.87,3,no_coverage
40232,40240,358.63,333.19,358.63,1.14,3,ok
40235,4839,304.31,283.65,304.31,0.79,3,ok
40239,50015,609.98,565.50,609.98,0.94,3,ok
40240,40230,235.17,186.81,235.17,0.72,3,ok
40241,40569,345.34,247.79,0.00,0.68,6,no_coverage
40242,4878,2017.40,1264.42,2017.40,2.81,6,ok
40242,4880,1761.20,1338.51,1761.20,2.35,2,ok
40243,35333,511.92,396.84,55.11,2.63,3,ok
40247,40243,441.75,272.33,0.00,1.00,3,no_coverage
4025,1575,2866.01,2049.02,2866.01,4.15,5,ok
4025,1587,3455.62,2707.98,3304.81,4.02,2,ok
40250,40254,475.80,297.79,448.51,1.65,6,ok
40252,40250,226.07,187.24,226.07,0.55,6,ok
40254,40255,293.40,443.36,132.47,0.91,6,ok
40255,4781,744.77,646.87,744.77,4.49,3,ok
40255,4782,808.31,624.82,744.77,4.88,3,ok
40256,40257,239.06,135.37,239.06,0.95,2,ok
40257,40242,347.98,249.77,347.98,1.40,2,ok
40258,40259,274.98,239.58,274.98,0.93,2,ok
40259,40256,567.62,513.64,567.62,1.39,2,ok
4026,1144,468.07,537.93,468.07,1.41,41,ok
4026,43003,608.96,510.06,608.96,1.79,5,ok
40267,39879,126.03,166.76,126.03,0.39,1,ok
40267,6795,72.98,123.68,72.98,0.18,13,ok
40268,18893,297.44,290.71,297.44,0.58,9,ok
40269,19636,297.44,270.68,297.44,0.59,5,ok
4027,1143,246.33,172.36,246.33,0.80,17,ok
4028,1126,301.29,199.02,301.29,0.94,32,ok
4028,1128,390.94,277.63,390.94,1.26,5,ok
4028,17218,250.85,163.04,250.85,0.86,23,ok
40283,20521,1930.23,1235.39,1930.23,2.59,1,ok
40283,20675,1541.69,1141.94,1541.69,1.89,4,ok
40283,6953,650.95,625.05,650.95,0.89,9,ok
40286,18640,154.66,132.03,154.66,0.52,19,ok
40287,21236,229.64,192.28,229.64,0.87,22,ok
40288,40290,246.79,207.26,246.79,0.73,19,ok
40289,40287,387.15,165.97,387.15,1.33,22,ok
4029,17254,580.74,547.62,580.74,1.55,8,ok
4029,3798,624.77,454.13,593.85,1.62,1,ok
40290,40291,163.51,177.01,163.51,0.42,2,ok
40290,49626,203.99,196.06,203.99,0.51,17,ok
40291,21238,392.32,374.22,0.00,1.18,2,no_coverage
40292,40289,351.04,253.10,351.04,1.03,1,ok
40293,18643,139.73,132.70,139.73,0.55,24,ok
40294,40296,460.25,423.57,460.25,1.57,12,ok
40295,18644,663.04,533.52,663.04,2.33,9,ok
40296,40298,224.90,267.30,224.90,0.85,11,ok
40296,40301,1055.80,879.74,1055.80,3.38,1,ok
40297,40295,214.54,204.00,214.54,0.61,9,ok
40298,49609,172.88,181.95,172.88,0.45,11,ok
40299,49648,263.04,257.66,263.04,0.76,9,ok
4030,4042,411.21,369.25,411.21,0.96,14,ok
40300,40301,394.98,265.40,394.98,1.37,11,ok
40301,49621,245.44,300.13,245.44,0.65,12,ok
40302,49618,242.80,143.34,242.80,0.56,9,ok
40305,5880,531.29,409.08,531.29,0.75,1,ok
40306,19658,634.42,149.55,634.42,1.75,13,ok
4031,1167,448.60,281.92,448.60,1.19,2,ok
4031,17217,478.62,239.05,478.62,1.29,28,ok
40310,40315,748.62,602.71,748.62,1.38,5,ok
40311,19651,296.58,308.81,296.58,0.70,9,ok
40312,19640,245.15,274.96,245.15,0.53,5,ok
40313,19653,72.01,151.12,72.01,0.21,9,ok
40314,40311,564.08,532.62,564.08,1.17,9,ok
40315,40316,290.26,296.50,290.26,0.57,5,ok
40316,40318,325.25,406.26,325.25,0.69,5,ok
40317,40314,481.28,464.15,481.28,1.15,9,ok
40318,19642,281.83,258.54,281.83,0.79,5,ok
40319,19645,134.94,178.28,134.94,0.48,5,ok
4032,17216,461.33,289.02,461.33,1.06,23,ok
40321,19663,177.04,130.62,177.04,0.51,10,ok
40322,40321,256.88,300.76,256.88,0.80,10,ok
40323,40306,517.25,463.24,517.25,1.68,5,ok
40324,40327,251.37,227.81,251.37,0.70,10,ok
40324,43917,8921.65,7068.00,6580.15,12.05,1,ok
40325,19659,87.30,180.98,87.30,0.42,13,ok
40326,19661,137.20,61.65,137.20,0.50,13,ok
40327,40322,159.27,157.19,159.27,0.53,10,ok
40328,19656,1458.90,1440.49,1458.90,1.97,5,ok
40329,40331,394.36,328.24,394.36,1.05,27,ok
4033,4032,172.01,149.79,172.01,0.34,6,ok
40330,19622,283.13,264.54,283.13,0.98,32,ok
40331,40334,164.26,148.75,164.26,0.46,27,ok
40334,40336,178.42,173.02,178.42,0.53,27,ok
40336,40338,461.70,255.84,461.70,1.40,27,ok
40338,19621,239.53,343.41,239.53,0.73,32,ok
40339,40338,448.92,433.61,448.92,1.19,5,ok
4034,1186,715.51,455.87,715.51,1.50,8,ok
40342,40339,627.62,535.16,627.62,1.41,5,ok
40343,40342,466.04,447.03,466.04,0.99,5,ok
40346,40351,324.84,336.10,324.84,0.68,14,ok
40347,40349,223.32,243.91,223.32,0.55,15,ok
40348,40364,272.78,275.67,272.78,0.59,15,ok
40349,40391,239.08,222.73,239.08,0.73,15,ok
4035,17213,869.98,647.53,869.98,1.78,5,ok
4035,17214,711.49,602.95,711.49,1.42,7,ok
4035,36071,974.82,587.89,974.82,1.90,6,ok
40350,40346,232.53,231.69,232.53,0.41,14,ok
40351,40353,281.76,178.21,281.76,0.60,14,ok
40352,40350,457.72,298.27,457.72,1.22,14,ok
40353,40356,259.20,206.56,259.20,0.49,14,ok
40354,40352,345.19,253.05,345.19,0.74,14,ok
40355,40354,112.26,103.61,112.26,0.25,14,ok
40356,40357,135.56,225.14,135.56,0.41,14,ok
40357,18814,809.03,578.23,809.03,1.73,7,ok
40357,40359,454.64,269.27,454.64,1.28,7,ok
40358,40355,353.18,331.55,353.18,0.71,14,ok
40359,19849,2892.16,2522.67,2892.16,6.46,9,ok
40359,40361,54.15,131.10,54.15,0.17,7,ok
4036,1376,1522.14,859.40,1522.14,2.82,5,ok
4036,1704,1632.78,211.21,1632.78,3.21,11,ok
4036,17213,869.98,684.01,869.98,1.78,6,ok
4036,50891,3933.34,1860.67,3916.96,5.37,3,ok
40360,19314,990.32,622.35,547.46,2.39,8,ok
40360,19324,522.25,395.82,79.40,1.38,8,ok
40360,40358,487.76,236.35,487.76,1.36,7,ok
40361,40347,488.53,217.41,488.53,1.10,15,ok
40362,18814,684.17,410.23,684.17,1.76,7,ok
40363,19290,1241.00,840.00,1241.00,4.05,2,ok
40363,40367,266.48,277.43,266.48,0.99,8,ok
40364,40360,342.78,274.46,342.78,0.93,15,ok
40365,19325,691.12,590.66,691.12,2.03,15,ok
40366,40362,266.48,227.43,266.48,1.76,7,ok
40367,44295,204.76,191.46,204.76,0.53,8,ok
4037,17214,613.10,554.86,613.10,0.98,24,ok
40374,44208,212.47,188.30,212.47,0.55,7,ok
40378,44247,302.31,240.96,302.31,1.04,8,ok
4038,1190,341.01,284.62,341.01,0.80,13,ok
40381,6000,604.13,277.34,604.13,1.59,7,ok
40384,40390,285.92,292.22,285.92,0.88,7,ok
40385,40386,137.24,114.55,137.24,0.36,7,ok
40386,18812,691.10,371.72,691.10,1.95,7,ok
40388,40393,191.71,163.85,191.71,0.60,7,ok
40389,40385,222.64,168.76,222.64,0.64,7,ok
40390,40388,250.80,244.63,250.80,0.74,7,ok
40391,44299,657.55,556.17,657.55,1.95,7,ok
40391,6009,696.74,585.48,696.74,2.07,8,ok
40392,40389,250.80,231.99,250.80,0.68,7,ok
40393,44203,254.89,249.79,254.89,0.95,7,ok
40394,40392,435.91,390.68,435.91,1.18,7,ok
40402,40394,238.53,245.75,238.53,0.51,7,ok
40403,40402,226.77,155.23,226.77,0.51,7,ok
40404,40406,543.54,378.80,543.54,1.60,7,ok
40406,40413,270.35,213.02,270.35,1.08,7,ok
40406,41273,283.51,239.63,283.51,1.22,14,ok
40407,40404,123.73,120.72,123.73,0.51,7,ok
4041,1067,92.56,134.82,92.56,0.12,5,ok
4041,1074,151.68,120.59,116.38,0.25,2,ok
4041,36127,176.50,199.95,176.50,0.31,7,ok
40410,6013,244.41,257.58,244.41,0.84,7,ok
40412,44294,225.67,226.54,152.02,1.19,22,ok
40413,41281,505.50,459.59,505.50,1.89,7,ok
40414,44207,455.49,359.29,455.49,2.48,8,ok
40415,40410,350.29,351.55,350.29,1.41,7,ok
40418,40378,292.28,319.44,292.28,0.72,8,ok
40418,6002,116.52,154.24,116.52,0.33,42,ok
40418,6004,1154.32,802.11,1154.32,3.26,8,ok
4042,4041,705.11,603.13,705.11,1.59,14,ok
4043,1380,322.52,187.49,322.52,0.84,36,ok
40438,19767,302.56,227.42,302.56,0.76,12,ok
4044,1307,212.07,149.77,212.07,0.68,36,ok
4045,41999,335.12,189.37,335.12,0.97,28,ok_undirected
4046,4010,237.98,271.29,237.98,0.70,23,ok
4047,4038,276.35,143.94,276.35,0.66,13,ok
4047,41538,296.34,233.83,194.68,0.74,15,ok
4048,4050,293.19,221.54,293.19,0.52,5,ok
40486,48254,429.90,301.95,429.90,1.03,10,ok
40487,40490,386.81,299.24,386.81,1.19,10,ok
40488,40486,203.62,192.09,203.62,0.50,10,ok
40489,40488,207.69,170.68,207.69,0.51,10,ok
4049,1534,1952.24,1528.51,1447.13,2.49,3,ok
4049,17239,1950.64,1565.33,1477.36,2.47,2,ok
40490,17611,1385.58,1066.54,1385.58,3.64,10,ok
40490,39147,5572.48,5098.43,5556.26,11.22,1,ok
40491,20768,320.55,311.08,320.55,1.11,16,ok
40492,6711,521.32,589.07,521.32,1.21,8,ok
40493,6062,380.75,406.81,380.75,1.01,14,ok
40494,40491,383.35,264.01,383.35,1.37,16,ok
40495,40493,614.43,567.23,614.43,1.52,14,ok
40495,6728,4566.44,1916.69,4566.44,8.79,2,ok
40496,20890,173.02,143.83,173.02,0.27,11,ok
40496,6261,372.51,183.52,173.02,0.58,4,ok
40497,6267,141.81,184.30,0.00,0.57,15,no_coverage
4050,4049,244.77,206.75,0.00,0.87,5,no_coverage
40502,5535,333.30,324.02,0.00,1.68,13,no_coverage
40503,40502,313.83,272.72,0.00,1.10,12,no_coverage
40507,51223,173.42,231.89,173.42,0.41,7,ok
40512,39015,183.08,74.29,183.08,0.39,7,ok_undirected
40512,51222,133.13,135.75,133.13,0.26,9,ok
40513,51172,305.94,272.20,305.94,0.90,10,ok
40514,37143,123.47,96.76,123.47,0.13,25,ok
40514,40514,0.00,0.00,0.00,0.00,8,same_stop
40515,20373,343.36,261.58,343.36,0.88,10,ok
40515,40517,369.20,338.81,369.20,1.00,9,ok
40515,7034,471.70,409.05,471.70,1.17,2,ok
40516,19575,419.70,323.11,419.70,1.24,18,ok
40516,5558,499.65,235.21,499.65,1.53,8,ok
40517,40512,345.22,355.63,345.22,0.77,16,ok
40520,40517,472.46,312.07,472.46,1.67,7,ok
40522,20349,450.83,333.10,450.83,1.24,14,ok
40522,37146,668.69,596.87,668.69,1.88,8,ok
40523,40522,246.42,247.81,246.42,0.64,22,ok
40524,19579,330.35,245.94,330.35,0.78,8,ok
40524,40527,431.55,489.19,388.25,1.11,12,ok
40525,19852,658.13,382.73,658.13,1.69,19,ok
40525,19861,338.71,208.67,338.71,0.91,2,ok
40525,40507,421.40,364.34,421.40,1.18,7,ok
40526,40525,284.61,298.92,284.61,0.85,19,ok
4054,4057,552.10,502.64,552.10,1.23,5,ok
40543,4133,3808.29,2771.34,3808.29,3.66,1,ok_undirected
40543,43346,1773.03,1684.87,1773.03,1.68,39,ok
40544,39822,149.44,144.82,149.44,0.36,9,ok
40545,42934,544.99,421.01,544.99,1.57,9,ok
40547,39812,199.34,217.48,199.34,0.81,23,ok
40547,42966,185.43,222.41,185.43,0.74,9,ok
40548,36042,153.77,180.36,153.77,0.43,16,ok
40549,36041,503.85,402.72,503.85,1.44,17,ok
40551,36043,228.31,238.06,228.31,0.53,11,ok
40551,40549,382.08,394.58,382.08,1.03,6,ok
40553,44450,221.69,116.80,221.69,0.73,11,ok
40554,38284,419.76,216.94,419.76,1.22,18,ok
40554,50268,422.87,424.01,422.87,1.23,5,ok
40569,50041,1708.87,1032.63,1315.88,1.84,3,ok
40569,5032,505.27,558.51,112.28,0.85,3,ok
4057,4058,336.72,312.74,336.72,0.87,8,ok
40571,40574,157.82,193.14,0.00,0.44,6,no_coverage
40574,40241,295.71,174.68,0.00,0.89,6,no_coverage
40576,40577,137.68,120.58,137.68,0.54,4,ok
40577,40578,153.01,119.23,77.76,0.61,4,ok
40578,40580,222.74,190.78,0.00,0.50,4,no_coverage
40579,40576,105.34,127.74,105.34,0.42,4,ok
4058,4059,1385.12,373.52,1385.12,2.40,5,ok
4058,4060,1622.98,103.77,1622.98,3.01,3,ok
40580,5835,,675.27,,0.98,10,unreachable
40581,40582,,8619.90,,9.00,4,unreachable
40581,40584,,8656.66,,7.00,7,unreachable
40582,40581,,8619.90,,8.14,7,unreachable
40582,40583,,21712.72,,13.00,4,unreachable
40583,40582,,21712.72,,13.57,7,unreachable
40584,37380,,19697.61,,18.00,3,unreachable
40584,40581,,8656.66,,8.00,4,unreachable
40584,42507,,15091.06,,10.00,4,unreachable
40586,50806,763.23,641.38,692.43,1.86,3,ok
40586,50811,615.38,514.13,544.58,1.34,4,ok
40586,6668,352.18,254.66,352.18,0.68,7,ok
40587,18240,2440.04,1958.31,773.32,3.30,2,ok
40587,49362,2456.22,1842.08,789.50,3.33,8,ok
4059,36059,282.49,299.46,282.49,0.75,5,ok
40592,6678,276.90,226.10,276.90,0.73,11,ok
40595,6680,217.37,250.85,217.37,0.50,14,ok
40596,40599,300.87,245.63,300.87,0.64,14,ok
40597,40676,280.81,241.97,280.81,0.49,14,ok
40598,40597,102.30,122.82,102.30,0.19,14,ok
40599,40598,320.16,151.20,320.16,0.63,14,ok
4060,4061,280.54,310.24,280.54,0.92,3,ok
40601,40603,289.79,204.40,289.79,0.77,11,ok
40602,40604,413.34,255.41,413.34,1.12,11,ok
40603,40608,286.44,269.41,286.44,1.26,11,ok
40604,40606,264.17,222.71,264.17,0.68,11,ok
40605,40626,191.24,236.18,191.24,0.61,11,ok
40606,40611,306.06,279.62,306.06,0.84,11,ok
40607,40602,412.49,326.45,412.49,1.32,11,ok
40608,40609,149.09,170.51,149.09,0.54,11,ok
40609,40613,224.19,121.42,224.19,0.71,11,ok
4061,4063,3214.51,204.00,2638.42,10.08,3,ok
40610,40605,365.82,286.27,365.82,1.16,11,ok
40611,40613,275.10,226.09,275.10,0.71,11,ok
40612,40607,269.32,257.21,269.32,0.64,11,ok
40613,40615,331.47,232.95,331.47,1.13,22,ok
40614,40610,528.61,377.21,528.61,1.67,11,ok
40614,40612,315.68,238.72,315.68,0.94,11,ok
40615,19039,457.84,382.35,457.84,1.57,11,ok
40615,19040,414.37,231.63,138.18,1.40,11,ok
40616,40614,220.62,187.05,220.62,0.66,22,ok
40617,40621,665.78,569.74,665.78,1.75,11,ok
40617,44138,3199.67,2314.43,2475.14,4.93,3,ok
40618,20930,154.13,137.66,154.13,0.54,13,ok
4062,4066,820.75,632.68,244.66,2.54,3,ok
40620,6053,399.01,322.47,399.01,1.13,13,ok
40621,40624,231.80,204.18,231.80,0.60,11,ok
40622,40620,201.49,162.43,201.49,0.49,11,ok
40623,40622,130.32,159.44,130.32,0.37,11,ok
40624,19055,515.89,363.19,515.89,1.39,11,ok
40626,40601,259.61,205.03,259.61,0.81,11,ok
40627,40682,160.77,185.81,160.77,0.46,21,ok
4063,4062,234.45,189.27,234.45,0.77,3,ok_undirected
40631,35312,562.07,293.42,562.07,1.00,16,ok
40632,40631,439.06,319.84,439.06,1.18,10,ok
40634,40632,315.52,275.37,315.52,0.95,21,ok
40635,40634,309.98,247.24,309.98,0.99,21,ok
4065,4057,2174.15,739.44,2174.15,5.72,3,ok
4066,36049,541.54,146.85,377.11,2.58,3,ok
4066,4068,342.44,108.50,342.44,1.49,3,ok
40665,20403,455.65,323.45,455.65,0.39,6,ok
40676,40714,450.22,372.32,450.22,0.84,14,ok
40677,40681,345.94,316.81,345.94,1.12,21,ok
40678,40679,465.88,438.11,465.88,1.44,21,ok
40679,40680,240.70,234.32,240.70,0.90,21,ok
4068,4069,82.03,89.17,82.03,0.50,3,ok
40680,40635,392.57,270.17,392.57,1.38,21,ok
40681,40627,312.69,233.36,312.69,1.06,21,ok
40682,40683,395.85,339.01,395.85,1.16,21,ok
40683,40678,691.22,574.26,691.22,2.36,21,ok
40687,19809,478.92,224.19,467.14,0.75,2,ok
40688,19483,734.53,687.58,734.53,1.86,3,ok
40688,44220,243.98,272.31,243.98,0.66,6,ok
4069,16937,1042.53,899.98,1042.53,2.96,7,ok_undirected
40691,20062,4352.05,3794.50,4352.05,5.97,1,ok
40691,39166,1420.44,1217.45,1420.44,1.84,5,ok
40692,38265,272.96,260.34,0.00,0.67,1,no_coverage
40694,38240,360.60,238.74,360.60,0.95,2,ok
40695,38222,421.49,321.70,421.49,1.18,2,ok
40696,40695,215.42,187.78,215.42,0.47,2,ok
4070,4071,199.10,130.23,34.67,1.77,17,ok
4071,4072,691.07,242.32,691.07,3.97,17,ok
40714,40586,168.70,267.45,168.70,0.36,14,ok
40715,40716,229.28,174.33,0.00,0.80,4,no_coverage
40716,40717,404.85,326.92,0.00,0.98,4,no_coverage
40717,18373,308.61,229.94,56.72,0.24,2,ok
40717,18375,394.99,345.05,22.85,0.31,2,ok
40718,18904,1184.00,795.49,1184.00,2.03,6,ok
40719,40718,111.80,80.00,111.80,0.37,6,ok
4072,36051,86.59,79.60,86.59,0.40,17,ok
40720,40719,268.16,244.43,268.16,0.98,6,ok
40744,6508,482.62,413.65,0.00,2.72,2,no_coverage
4075,4076,1594.45,296.44,1594.45,4.03,9,ok
40750,40752,520.91,197.14,520.91,1.12,10,ok
40751,35474,667.30,658.70,667.30,1.45,9,ok
40752,41348,425.54,366.51,425.54,1.22,10,ok
40753,40751,520.91,143.04,520.91,1.04,9,ok
40754,40753,319.74,243.18,319.74,1.21,9,ok
40755,17737,496.46,423.14,496.46,0.99,3,ok_undirected
40755,17738,524.65,416.09,286.67,0.78,2,ok
40756,40755,195.97,137.02,195.97,0.46,5,ok
40757,40772,160.35,119.26,160.35,0.39,13,ok
40758,40769,417.11,270.62,417.11,1.16,13,ok
40759,40763,154.75,132.65,154.75,0.38,10,ok
40759,6707,1379.33,1172.92,1379.33,2.32,3,ok
4076,4077,299.12,293.45,299.12,0.97,9,ok_undirected
4076,4078,518.40,531.99,518.40,1.53,3,ok_undirected
40760,20108,310.25,212.50,310.25,0.93,9,ok
40762,40760,345.57,352.05,345.57,0.90,9,ok
40763,17813,768.79,730.81,768.79,2.57,3,ok
40763,20106,1359.85,1265.94,1359.85,4.07,3,ok
40763,40767,126.74,116.21,126.74,0.44,10,ok
40763,6524,753.74,554.75,753.74,2.37,7,ok
40764,40762,320.22,248.43,320.22,0.87,9,ok
40765,6524,940.83,458.24,940.83,2.48,10,ok
40766,40765,119.67,84.59,119.67,0.36,10,ok
40767,40766,615.00,550.12,615.00,1.60,10,ok
40769,40759,147.84,214.36,147.84,0.45,13,ok
4077,4078,219.27,261.48,0.00,0.54,9,no_coverage
40770,40771,459.28,401.72,459.28,1.24,12,ok
40771,20141,1187.86,1150.81,1187.86,2.60,9,ok
40771,6045,1710.05,750.68,1710.05,4.34,3,ok
40772,40758,168.27,214.54,168.27,0.45,13,ok
40773,40757,376.35,392.92,376.35,0.91,13,ok
4078,4079,1412.75,444.02,1321.60,2.98,9,ok
4078,42256,3336.98,2497.42,3245.83,5.79,3,ok
40783,5485,170.93,187.03,170.93,0.79,4,ok
4079,17257,336.72,234.05,336.72,1.16,12,ok
4080,35913,485.65,334.17,485.65,1.94,15,ok
40804,1536,1099.85,768.58,1099.85,2.67,5,ok
4081,4083,280.25,287.65,280.25,0.72,19,ok_undirected
4081,44724,564.36,597.00,564.36,1.54,5,ok
40817,40869,56.51,71.21,56.51,0.10,5,ok
40817,40870,56.51,71.21,56.51,0.10,4,ok
40818,4762,744.57,534.93,744.57,2.05,2,ok
4082,4081,189.22,261.94,189.22,0.51,19,ok
40821,40823,2305.22,1371.13,16.02,5.48,3,ok
40823,40864,0.00,58.09,0.00,0.42,3,no_coverage
4083,4084,350.64,247.45,350.64,1.01,19,ok_undirected
40833,5109,1370.60,684.97,1370.60,3.13,5,ok
40834,40836,309.06,294.92,309.06,0.91,7,ok
40835,40833,396.53,338.78,396.53,0.80,5,ok
40836,40837,381.56,342.32,381.56,1.03,7,ok
40837,40838,256.35,244.13,256.35,0.64,7,ok
40838,40839,567.82,237.72,567.82,1.44,7,ok
40839,50827,390.15,283.00,390.15,0.79,7,ok
4084,4085,279.25,334.98,279.25,1.26,30,ok
40840,40841,244.07,178.16,244.07,0.72,10,ok_undirected
40841,40842,438.17,176.66,438.17,1.18,10,ok
40842,4622,109.12,101.59,109.12,0.40,10,ok
40843,4622,135.27,94.99,135.27,0.51,4,ok
40843,4627,166.65,130.63,166.65,0.53,5,ok
40844,40849,230.03,265.97,230.03,0.59,9,ok
40845,40850,164.19,149.95,164.19,0.71,5,ok
40846,40851,280.54,240.10,280.54,0.84,5,ok
40847,19589,400.11,177.51,400.11,0.67,1,ok
40847,6853,155.99,153.77,155.99,0.25,1,ok_undirected
40848,18847,851.70,342.58,851.70,0.87,1,ok_undirected
40848,40857,1146.68,882.14,1146.68,1.34,1,ok
40849,40843,239.81,190.10,239.81,0.85,9,ok
4085,4086,153.75,129.72,153.75,0.55,26,ok
4085,4087,817.77,743.15,817.77,1.47,1,ok
4085,4127,208.88,111.25,208.88,0.60,4,ok_undirected
40850,40844,327.08,297.67,327.08,1.01,5,ok
40851,40845,322.99,242.59,322.99,1.07,5,ok
40852,40846,229.65,199.94,229.65,0.53,5,ok
40853,40854,2546.19,2173.87,1072.62,3.29,1,ok
40853,43218,1306.26,1054.24,1120.36,1.69,3,ok
40854,40856,1551.90,1325.45,1551.90,2.56,3,ok
40855,40856,1563.24,1068.91,262.09,2.13,1,ok
40855,4727,1567.72,1090.76,266.57,1.85,3,ok
40856,40853,969.01,850.71,783.11,1.73,4,ok
40857,18792,408.97,208.98,408.97,0.40,1,ok
40857,18846,326.00,207.65,300.96,0.27,1,ok
40858,35364,2710.39,2468.63,518.51,4.25,1,ok
40859,18887,1553.84,1151.28,0.00,3.48,2,no_coverage
40859,19800,2008.24,1379.94,2008.24,2.99,2,ok
4086,4087,664.02,646.89,664.02,0.92,49,ok
4086,4088,2720.89,1756.01,2720.89,3.17,9,ok
4086,4132,2409.11,2275.38,2409.11,2.87,4,ok_undirected
4086,4135,831.56,597.27,831.56,1.60,6,ok
4086,4138,1188.32,867.42,1188.32,2.66,13,ok
40860,40859,340.49,369.53,340.49,0.66,4,ok
40861,40860,679.71,928.10,679.71,1.36,2,ok
40863,20200,996.20,814.11,185.53,1.56,2,ok
40864,40821,2394.32,1422.89,262.73,8.85,3,ok
40864,41222,2720.35,2466.74,2720.35,2.94,9,ok
40864,41710,4011.65,3264.20,4011.65,4.73,2,ok
40866,4530,,932.37,,2.97,11,unreachable
40869,20680,1066.69,508.65,1066.69,1.99,13,ok
4087,4088,2056.87,1110.19,2056.87,2.25,69,ok
40870,43859,988.50,674.64,988.50,1.85,9,ok
40870,6928,3029.63,2477.15,78.91,8.91,1,ok
40871,4761,564.01,622.25,564.01,0.95,10,ok
40875,41222,2720.35,2466.74,2720.35,2.94,9,ok
40877,20680,1066.69,508.65,1066.69,1.99,3,ok
40878,43935,1262.91,1225.88,1257.13,2.51,1,ok
40878,4761,564.01,622.25,564.01,0.95,6,ok
4088,37237,1511.88,996.21,1511.88,3.02,1,ok
4088,4089,615.36,446.53,615.36,0.77,25,ok
4088,4132,600.80,550.11,600.80,0.75,57,ok_undirected
40888,37517,516.45,228.95,516.45,1.33,23,ok
40889,1471,618.14,567.85,618.14,1.77,30,ok
40889,51633,426.83,328.56,426.83,1.18,7,ok
4089,4090,560.57,471.52,560.57,1.37,33,ok
40890,50897,659.87,602.13,659.87,1.23,18,ok
4090,37236,692.71,590.70,692.71,1.91,15,ok
4090,37237,335.95,355.38,335.95,0.88,5,ok
4090,38508,662.75,655.82,662.75,1.82,9,ok
4090,4091,420.56,414.40,420.56,1.12,8,ok
4090,4142,555.09,515.42,555.09,1.50,16,ok
40907,3328,253.80,305.18,253.80,1.03,11,ok
4091,37236,272.15,176.42,272.15,0.79,2,ok
4091,38508,242.19,262.01,242.19,0.70,6,ok
4091,4142,134.53,122.98,134.53,0.37,1,ok
40911,38233,830.07,536.26,775.93,2.22,2,ok
40912,4148,1330.50,1103.81,432.77,1.24,2,ok
40913,6744,432.77,360.34,432.77,0.40,5,ok
40914,1522,240.64,195.26,224.05,0.39,5,ok
40915,36000,706.99,683.63,706.99,0.90,2,ok
40922,40980,70.31,113.90,36.44,0.45,2,ok
40923,18320,73.78,109.85,0.00,0.11,5,no_coverage
40924,40922,173.61,151.36,173.61,1.03,2,ok
40924,40923,173.61,167.15,173.61,1.03,2,ok
40925,40929,259.19,239.31,0.00,0.48,4,no_coverage
40926,40928,102.94,144.53,102.94,1.33,2,ok
40927,40923,426.41,363.82,34.08,2.36,3,ok
40928,40930,271.13,197.91,271.13,1.20,2,ok
40929,40927,337.15,183.73,0.00,1.12,3,no_coverage
4093,37231,293.00,224.56,293.00,0.86,6,ok
4093,4094,420.56,385.84,420.56,1.21,44,ok
4093,4095,694.11,627.40,694.11,1.91,2,ok
40930,40924,325.21,290.17,325.21,0.96,4,ok
40936,20556,557.90,461.56,557.90,2.19,10,ok
40937,40938,97.30,176.60,97.30,0.18,10,ok
40938,44899,536.87,445.18,536.87,1.26,10,ok
40939,40937,229.32,278.09,229.32,0.46,10,ok
4094,4090,0.00,22.59,0.00,0.97,20,no_coverage
4094,4095,273.56,260.61,273.56,0.70,30,ok
40941,40939,362.71,267.29,362.71,0.87,10,ok
40942,40944,337.77,227.50,337.77,0.77,10,ok
40943,44940,397.90,237.45,397.90,0.95,10,ok
40944,40943,451.14,310.41,451.14,0.95,10,ok
40945,40948,400.48,325.18,400.48,1.90,10,ok
40946,20554,83.54,88.67,83.54,0.37,31,ok
40947,40945,454.58,323.64,315.94,0.84,10,ok
40948,40950,245.55,208.45,245.55,0.64,10,ok
40949,40947,245.55,214.93,245.55,0.57,10,ok
4095,4124,318.67,341.30,318.67,0.64,19,ok_undirected
4095,4132,474.16,339.47,474.16,0.81,13,ok_undirected
40950,40951,93.97,129.21,93.97,0.28,10,ok
40951,42569,277.25,203.18,277.25,0.82,10,ok
40952,20551,488.75,399.65,488.75,1.46,9,ok
40953,20550,545.92,546.97,545.92,1.25,3,ok_undirected
40953,42566,401.00,386.32,401.00,0.92,25,ok_undirected
40954,40955,2911.33,307.92,2911.33,6.17,31,ok
40955,20149,995.92,974.43,987.02,2.03,31,ok_undirected
40956,40957,204.76,192.27,204.76,0.73,10,ok
40957,40959,316.57,133.54,316.57,0.88,10,ok
40959,40936,266.75,296.66,266.75,0.72,10,ok
4096,35909,471.20,330.85,471.20,1.33,8,ok_undirected
4096,4097,350.64,256.46,350.64,1.01,13,ok_undirected
40960,40952,127.01,133.25,127.01,0.38,9,ok
40961,40960,281.84,305.54,281.84,0.73,9,ok
40962,40961,328.83,267.71,328.83,0.67,9,ok
40963,42563,1036.96,702.86,1036.96,3.84,9,ok
40964,7039,638.18,601.89,638.18,1.11,6,ok
40965,40964,437.78,284.70,437.78,0.92,6,ok
40966,40965,340.16,290.72,340.16,1.08,6,ok
40967,42145,326.62,261.60,326.62,0.76,10,ok
40968,40969,264.02,245.06,264.02,0.63,10,ok
40969,42139,190.86,109.13,190.86,0.40,10,ok
4097,37227,304.75,361.63,304.75,0.77,13,ok
40970,20513,176.86,191.81,176.86,0.46,10,ok
40975,35594,490.24,474.89,490.24,1.46,1,ok
40975,40976,218.71,236.48,218.71,0.51,10,ok
40976,35594,271.53,239.41,271.53,0.95,1,ok
40976,40963,130.03,105.23,130.03,0.93,9,ok
40977,20151,188.70,114.70,188.70,0.42,7,ok_undirected
40977,20823,659.85,550.61,659.85,1.16,10,ok
40977,6025,1686.96,1051.90,1686.96,3.50,3,ok
40978,40773,1096.00,701.19,1074.85,2.47,10,ok
40978,42564,845.09,514.02,823.93,2.16,24,ok
40979,40925,594.01,503.10,34.08,2.59,3,ok
4098,37230,378.52,188.80,378.52,1.03,5,ok
4098,4099,515.37,376.43,515.37,1.52,8,ok
40980,40979,350.09,253.89,0.00,0.92,2,no_coverage
40985,18835,357.23,365.28,357.23,0.57,18,ok_undirected
40986,6545,425.39,262.79,425.39,1.17,6,ok
40987,40966,334.12,369.86,334.12,0.73,6,ok
4099,4100,585.53,350.73,585.53,1.80,8,ok
4099,44719,368.61,411.20,368.61,1.25,5,ok
40990,40998,955.91,736.98,955.91,2.92,2,ok
40990,5973,1040.82,870.03,1040.82,3.42,2,ok
40991,49181,270.85,282.52,270.85,0.85,6,ok
40992,40994,276.92,301.13,276.92,0.85,6,ok
40993,49192,227.66,248.44,227.66,0.79,4,ok
40994,6562,615.89,297.37,615.89,1.56,6,ok
40995,40993,393.82,361.73,393.82,1.34,4,ok
40997,40991,1008.64,769.25,1008.64,2.55,4,ok
40998,41000,455.27,425.69,455.27,1.02,2,ok
40999,40997,327.13,228.08,327.13,0.76,4,ok
4100,35902,1102.42,1078.38,1102.42,1.33,8,ok
41000,42151,201.98,114.84,201.98,0.47,2,ok
41003,41012,1350.34,963.52,986.20,4.62,16,ok
41005,41003,1190.71,874.97,1190.71,3.26,16,ok
41007,41008,378.21,317.91,378.21,0.99,6,ok
41008,41009,237.45,177.56,237.45,0.94,6,ok
41009,41010,194.61,225.73,194.61,0.41,6,ok
4101,35871,2060.14,998.48,2001.72,5.02,1,ok
4101,4102,1949.95,892.99,1891.53,3.29,20,ok
41010,20214,729.56,707.20,729.56,2.09,2,ok
41010,20215,366.61,116.35,366.61,1.04,4,ok
41011,5898,224.89,225.01,224.89,0.54,21,ok
41012,41014,495.40,385.55,495.40,1.27,16,ok
41013,19335,208.16,149.98,208.16,0.68,16,ok
41014,41013,273.75,245.69,273.75,0.95,16,ok
4102,35871,176.23,127.06,176.23,0.58,20,ok
4103,4116,30.06,77.40,0.00,0.00,1,no_coverage
41032,42703,462.01,177.39,462.01,1.41,5,ok
41033,50273,290.31,274.76,290.31,0.75,5,ok
41034,41032,477.32,433.92,477.32,1.21,5,ok
41035,50281,526.99,370.84,526.99,0.78,5,ok
41036,50281,259.20,249.91,259.20,0.38,5,ok
41037,41039,384.60,365.09,384.60,1.10,5,ok
41038,41036,349.72,361.98,349.72,0.89,5,ok
41039,41040,383.33,338.50,383.33,0.73,5,ok
41040,41043,512.71,477.42,512.71,0.89,5,ok
41041,41038,420.63,352.78,420.63,1.03,5,ok
41042,41041,546.43,544.75,546.43,1.04,5,ok
41043,36125,1176.54,533.94,1176.54,2.52,5,ok
41045,40820,952.81,810.84,836.26,1.74,15,ok
41045,41047,820.59,800.95,820.59,1.48,31,ok
41045,41048,612.96,606.46,612.96,1.06,38,ok
41046,41048,1025.77,435.61,1025.77,1.96,33,ok
41047,21302,698.13,500.00,698.13,1.37,6,ok
41047,4759,3509.61,3187.37,3509.61,5.56,5,ok
41047,49559,705.44,500.84,705.44,1.53,30,ok
41048,35334,1581.81,754.17,1581.81,3.22,14,ok
41048,4530,1021.69,655.72,1021.69,1.92,15,ok
41048,4659,1058.99,696.37,1058.99,1.94,43,ok
41048,49546,294.98,227.13,294.98,0.60,13,ok_undirected
41048,5165,2133.00,1456.58,2133.00,3.28,2,ok
4105,38276,560.72,495.41,560.72,1.51,1,ok
4105,4106,403.52,360.48,403.52,1.07,18,ok
41054,41060,13.16,83.32,0.00,0.25,1,no_coverage
41055,41056,306.08,281.74,306.08,0.88,2,ok
41056,41066,237.35,172.34,237.35,0.73,2,ok
41057,41054,290.10,209.36,0.00,0.23,1,no_coverage
41059,5805,374.87,358.22,252.21,0.31,1,ok
4106,38276,157.20,137.81,157.20,0.44,18,ok
41060,41059,557.82,524.34,0.00,1.28,1,no_coverage
41061,41057,253.33,276.79,0.00,0.77,1,no_coverage
41062,41061,340.37,159.24,0.00,0.88,1,no_coverage
41063,17893,2573.54,1302.26,2527.01,4.11,2,ok
41063,39194,2472.69,1500.39,2472.69,4.03,1,ok
41064,43601,303.41,262.63,303.41,0.66,6,ok
41065,41064,219.64,253.29,219.64,0.76,2,ok
41066,41065,411.67,171.88,411.67,1.06,2,ok
41067,41055,355.15,369.02,355.15,1.09,2,ok
41068,41067,215.82,196.66,215.82,0.55,2,ok
41069,41070,0.00,26.09,0.00,0.50,4,no_coverage
4107,4108,402.65,433.29,402.65,1.00,19,ok
41070,41071,436.03,325.22,436.03,2.54,4,ok
41071,50362,429.53,402.76,429.53,0.76,4,ok
41072,41069,436.03,344.22,383.60,2.33,4,ok
41073,41252,0.00,58.54,0.00,2.12,2,no_coverage
41074,41235,335.60,284.16,335.60,1.03,4,ok
41075,35571,309.65,312.35,309.65,0.68,7,ok
41076,41075,309.65,235.07,309.65,0.56,7,ok
41077,41078,347.86,340.15,0.00,0.52,15,no_coverage
41078,41077,347.86,340.15,0.00,10.45,15,no_coverage
41078,41079,303.09,305.22,0.00,0.47,15,no_coverage
41079,41078,303.09,305.22,0.00,0.48,15,no_coverage
41079,41080,474.95,472.85,0.00,0.07,15,no_coverage
4108,4109,197.79,211.40,197.79,0.49,69,ok
41080,41079,474.95,472.85,0.00,0.08,15,no_coverage
41080,41081,315.82,315.76,0.00,0.50,15,no_coverage
41081,41080,315.82,315.76,0.00,0.47,15,no_coverage
41081,41082,347.27,346.43,0.00,10.45,15,no_coverage
41082,41081,347.27,346.43,0.00,0.52,15,no_coverage
41084,42679,461.91,364.09,461.91,1.20,17,ok
41089,18210,519.89,306.34,519.89,0.69,5,ok
4109,35917,845.00,614.66,845.00,2.19,7,ok
4109,4111,666.29,582.44,666.29,1.58,1,ok_undirected
4109,42840,497.14,320.96,497.14,1.15,30,ok
4109,42842,497.14,320.96,497.14,1.15,20,ok
4109,48978,861.42,763.50,861.42,1.90,11,ok
41093,19554,249.89,192.67,249.89,0.73,16,ok
41094,19762,325.63,288.00,325.63,0.70,6,ok
41098,38996,204.90,137.42,204.90,0.41,7,ok
4111,1757,1879.18,1781.08,1879.18,1.75,56,ok_undirected
4111,4086,7050.65,6679.92,7050.65,5.41,4,ok
4111,4088,9771.55,8370.33,9771.55,8.58,4,ok
4111,4130,3435.76,3338.81,3435.76,2.98,2,ok_undirected
4111,4131,5819.47,5520.94,5819.47,4.44,9,ok
4111,4132,,8915.38,,7.82,1,unreachable
41114,47004,229.41,222.45,229.41,0.46,4,ok
41115,51357,1018.07,442.43,1018.07,1.93,4,ok
41118,3328,577.44,594.10,577.44,2.00,1,ok
41118,40907,634.47,296.95,634.47,2.31,11,ok_undirected
4112,4101,978.48,393.73,867.07,1.97,21,ok
41120,41126,386.47,278.41,386.47,1.32,12,ok
41121,43968,483.21,358.97,483.21,1.34,12,ok
41122,4129,3223.70,1535.88,3223.70,3.76,12,ok
41122,48986,1412.18,1269.34,1330.84,2.39,11,ok
41123,41129,310.95,251.24,310.95,0.76,23,ok
41126,41128,621.58,690.55,621.58,1.87,12,ok
41127,41121,531.06,623.99,531.06,1.53,12,ok
41127,48968,889.35,662.41,889.35,2.61,11,ok
41128,41122,234.65,270.84,234.65,0.55,23,ok
41129,41127,325.17,354.57,325.17,0.88,23,ok
4113,38277,258.79,195.20,258.79,0.80,29,ok_undirected
41134,35569,240.76,216.06,240.76,0.66,7,ok
4114,4115,279.52,258.89,279.52,0.84,11,ok
4114,50426,416.72,357.12,416.72,1.24,18,ok
41140,19646,104.71,133.87,104.71,5.58,9,ok
41141,19648,74.56,113.16,74.56,0.13,9,ok
41141,40319,445.12,307.73,445.12,1.01,5,ok
41142,41146,195.47,162.68,195.47,0.40,14,ok
41143,41149,291.14,210.07,291.14,1.41,3,ok
41144,41143,321.48,271.58,321.48,3.97,3,ok
41145,20251,5313.65,4695.88,3708.17,5.20,1,ok
41145,4281,9566.71,7783.16,3708.17,9.36,1,ok
41146,41141,195.47,197.07,195.47,0.31,14,ok
41147,17667,182.93,96.12,182.93,0.57,6,ok_undirected
41147,4199,386.72,160.00,386.72,0.89,12,ok
41148,41259,367.40,276.58,367.40,1.10,5,ok
41149,5607,3442.95,1022.13,2977.46,6.43,3,ok
4115,38275,143.65,159.45,143.65,0.35,11,ok
41159,1482,586.06,297.86,586.06,0.75,15,ok
4116,4105,401.52,348.81,13.85,1.06,1,ok
4117,4118,176.23,161.48,176.23,0.60,11,ok
4118,48611,478.85,399.13,478.85,1.16,11,ok
41186,39086,144.96,133.82,144.96,0.53,15,ok
41187,20641,947.68,722.14,947.68,1.88,12,ok
41187,42604,1209.94,794.56,1209.94,2.47,13,ok
41188,41190,388.25,330.53,388.25,0.95,13,ok
41188,50125,752.12,478.63,752.12,1.84,13,ok
41189,41187,307.90,263.70,307.90,0.81,13,ok
4119,38272,515.06,434.38,515.06,0.64,11,ok
41190,41194,223.38,218.06,223.38,0.53,13,ok
41191,42602,378.04,285.89,378.04,1.16,26,ok
41193,41195,364.55,236.24,364.55,0.94,25,ok
41194,41191,335.61,251.17,335.61,0.87,26,ok
41195,42601,335.66,307.38,335.66,0.81,13,ok
41195,46709,693.84,638.26,693.84,1.88,12,ok
4122,4123,1805.13,1719.33,1805.13,1.35,55,ok
4122,4124,7701.39,7416.78,7686.08,6.71,2,ok_undirected
41221,40823,2696.82,2463.53,2526.98,3.52,15,ok
41222,4541,1300.45,543.05,1300.45,2.82,29,ok
4123,4008,1774.04,894.29,1774.04,1.69,23,ok_undirected
4123,40543,4377.93,2691.86,4377.93,5.45,4,ok
4123,4089,5906.00,5664.32,5906.00,5.17,4,ok
4123,4124,6885.39,5709.13,6885.39,6.26,22,ok
4123,42821,2891.58,453.36,2891.58,3.13,2,ok
41235,49750,1019.45,629.61,1019.45,2.12,4,ok
4124,1745,585.10,465.78,585.10,0.73,4,ok
4124,4125,613.73,528.02,613.73,0.74,48,ok
4124,4127,2304.07,2252.75,2304.07,2.64,2,ok_undirected
4125,1758,8711.41,8352.35,8711.41,7.95,2,ok
4125,4126,2293.49,1098.60,2293.49,2.73,29,ok
4125,4127,1769.47,1748.78,1769.47,2.12,6,ok_undirected
4125,4135,1305.94,1092.83,1305.94,1.95,5,ok
4125,4138,1662.70,1082.74,1662.70,3.01,6,ok
41252,41074,0.00,59.24,0.00,0.77,2,no_coverage
41254,41256,421.07,329.68,0.00,1.00,3,no_coverage
41256,5759,171.68,197.73,0.00,0.68,3,no_coverage
41258,41254,291.34,232.30,0.00,0.32,3,no_coverage
41259,6960,456.18,225.79,456.18,1.93,5,ok
4126,35906,789.12,601.11,789.12,1.24,18,ok
4126,4127,651.33,650.36,651.33,0.88,22,ok_undirected
41268,39655,187.07,151.24,187.07,0.50,3,ok
41269,41268,304.81,265.16,304.81,0.89,3,ok
4127,1758,7124.82,6672.87,7109.05,6.18,2,ok
4127,4128,1494.49,1232.90,1478.72,1.20,36,ok
41270,41276,249.35,189.85,249.35,0.63,7,ok
41272,19298,43.64,119.28,43.64,0.11,9,ok
41273,44246,212.82,186.04,212.82,0.78,14,ok
41275,44202,310.22,312.68,310.22,0.86,8,ok
41276,40381,276.56,251.51,276.56,0.70,7,ok
41277,41270,289.41,287.87,289.41,0.85,7,ok
41278,40384,242.49,135.99,242.49,0.87,7,ok
41279,40415,199.54,192.46,199.54,0.81,7,ok
4128,1758,5630.33,5482.80,5630.33,4.98,6,ok
4128,4129,2190.13,2207.65,2190.13,1.94,30,ok
41280,44205,216.11,201.23,216.11,1.07,8,ok
41281,41279,253.79,135.63,253.79,1.02,7,ok
41283,35379,755.07,588.00,718.59,6.22,2,ok
41283,41288,835.15,696.38,569.92,2.77,3,ok
41284,41286,660.56,536.20,660.56,2.90,2,ok
41285,41283,215.61,176.13,215.61,0.91,5,ok
41286,41285,236.84,209.61,236.84,0.84,5,ok
41288,41284,196.31,138.36,76.86,1.61,3,ok
4129,1752,1441.15,1434.23,1441.15,1.10,42,ok
41290,17506,402.14,373.46,402.14,0.72,35,ok
41290,3381,1389.49,376.75,1389.49,2.79,28,ok
41291,41292,,11387.53,,13.67,6,unreachable
41291,41293,,13058.19,,11.50,8,unreachable
41292,41291,,11387.53,,7.00,8,unreachable
41293,37384,,10628.03,,9.33,9,unreachable
41293,37388,,5332.36,,7.38,8,unreachable
41293,37392,,1057.79,,3.00,12,unreachable
41293,41291,,13058.19,,14.00,6,unreachable
4130,4131,2350.63,2234.28,2335.71,1.71,44,ok
4131,35906,1374.63,1136.76,1330.80,1.33,4,ok
4131,4086,1231.19,1185.27,1231.19,0.97,49,ok
4132,1495,7963.11,7431.74,7963.11,8.64,4,ok
4132,16929,7067.15,4960.09,7067.15,7.52,15,ok
4132,16945,,15164.71,,21.00,1,unreachable
4132,4133,5793.11,5651.03,5793.11,4.91,41,ok_undirected
4132,6877,,15527.41,,14.48,2,unreachable
4133,1495,3866.20,1791.90,3866.20,4.30,73,ok
4133,16930,1849.44,1731.95,1849.44,1.41,5,ok_undirected
4134,3589,318.83,327.42,318.83,0.85,30,ok
4134,39090,205.73,164.01,205.73,0.59,34,ok
4134,43513,1427.89,1129.80,1427.89,3.46,3,ok
41348,40754,105.80,123.38,0.00,0.57,10,no_coverage
41349,43403,737.26,620.56,684.21,0.97,3,ok
4135,4136,250.17,250.88,250.17,0.77,11,ok
41352,2437,321.99,282.23,321.99,1.34,10,ok
41353,41352,181.94,149.25,181.94,0.75,10,ok
41354,2566,237.96,185.55,237.96,0.83,15,ok
41355,2048,212.27,205.95,212.27,0.73,4,ok
41359,2164,343.92,258.88,343.92,1.22,5,ok
4136,4138,106.59,87.72,106.59,0.30,2,ok
4136,44734,208.50,198.23,208.50,0.55,9,ok
41360,41359,121.62,133.88,121.62,0.56,5,ok
41361,41365,499.61,486.38,499.61,0.69,5,ok
41362,3954,170.59,98.94,170.59,1.00,5,ok
41363,41360,176.23,172.35,176.23,0.54,5,ok
41364,41363,172.25,191.45,172.25,0.61,5,ok
41365,38805,505.89,457.97,505.89,1.14,5,ok_undirected
41366,41364,261.86,163.55,261.86,1.05,5,ok
4138,4139,243.28,203.30,211.32,0.88,21,ok
4139,4140,113.48,125.08,113.48,0.45,21,ok
4140,4141,97.63,138.94,97.63,0.37,21,ok
4141,4087,168.24,98.48,168.24,0.40,19,ok
4141,4126,161.63,123.79,161.63,0.45,11,ok_undirected
4142,38476,463.49,434.06,463.49,1.30,17,ok
41454,41457,1634.19,383.91,1634.19,4.31,26,ok
41455,41454,461.60,323.36,461.60,1.44,26,ok
41456,20963,1085.10,554.40,1085.10,1.78,9,ok
41456,41455,886.92,291.66,886.92,1.42,15,ok
41457,41459,1928.86,202.86,1928.86,4.33,26,ok
41458,41456,173.68,151.03,173.68,0.43,24,ok
41459,41461,364.03,292.22,364.03,0.97,26,ok
4146,38486,95.07,130.78,95.07,8.16,11,ok
4146,4147,267.26,292.98,267.26,0.61,5,ok
41460,41458,311.67,300.94,311.67,0.77,24,ok
41461,4256,310.50,255.77,310.50,1.08,16,ok
41461,43887,310.50,303.90,310.50,1.08,10,ok
4147,40913,1330.50,1175.51,1330.50,1.90,5,ok
41472,18357,3946.63,2632.07,3946.63,4.73,5,ok
41472,5238,3838.72,2844.73,3838.72,4.39,14,ok
41474,41478,950.68,730.27,950.68,1.64,5,ok
41476,41479,178.85,231.40,178.85,0.31,4,ok
41477,41480,528.12,271.59,528.12,0.88,5,ok_undirected
41478,41477,178.85,271.36,178.85,0.35,5,ok
41479,41480,349.28,246.42,349.28,0.58,4,ok_undirected
4148,4149,266.69,278.08,29.07,1.00,2,ok
41480,4735,813.92,704.34,813.92,1.30,4,ok
41480,4736,964.46,824.70,964.46,1.36,5,ok
41481,41482,725.25,683.22,725.25,1.19,9,ok
41482,41474,750.83,455.95,750.83,1.17,5,ok
41482,41484,611.66,397.17,611.66,1.20,4,ok
41484,41476,664.33,386.80,664.33,1.04,4,ok
4149,16924,931.87,796.46,931.87,2.24,11,ok
4150,21126,912.13,619.43,903.57,2.04,2,ok
4150,21135,829.84,356.96,829.84,2.00,1,ok
4150,4506,502.12,306.07,493.56,1.07,155,ok
4150,4507,1621.67,1250.59,1613.11,3.72,4,ok
4151,18376,220.95,263.21,220.95,0.51,64,ok
4151,4529,995.78,825.99,276.86,2.28,1,ok
41510,41513,315.24,283.10,315.24,0.85,7,ok
41512,46628,364.85,320.58,364.85,1.05,12,ok
41513,41989,244.85,214.09,244.85,0.76,47,ok
41514,42663,351.84,232.38,351.84,0.76,12,ok
41516,1158,1343.46,660.92,1302.10,3.58,12,ok
41516,1176,1202.43,499.32,1202.43,3.10,5,ok
41517,41516,215.53,156.63,215.53,0.63,17,ok_undirected
41518,1158,393.92,345.59,393.92,1.34,33,ok_undirected
41518,41517,678.29,558.40,678.29,1.80,17,ok_undirected
41519,41990,197.27,207.73,197.27,0.41,10,ok
4152,17537,398.75,345.28,398.75,0.84,20,ok
4152,18448,177.36,161.42,177.36,0.33,70,ok
41520,1163,431.02,322.06,431.02,1.33,11,ok
41521,41997,317.83,380.70,317.83,0.63,11,ok
41522,1145,379.64,372.94,379.64,0.92,10,ok
41523,41521,414.32,269.16,414.32,0.92,11,ok
41533,4031,125.43,145.06,125.43,0.32,28,ok
41534,41533,228.36,191.93,228.36,0.67,28,ok
41535,41536,432.38,138.98,432.38,1.22,28,ok
41536,41534,283.95,274.00,283.95,0.79,28,ok
41537,4032,116.82,142.55,116.82,0.24,17,ok
41538,41991,300.15,173.37,0.00,0.69,15,no_coverage
41539,41537,300.15,262.17,300.15,0.95,17,ok
4154,4156,419.54,340.25,419.54,0.68,62,ok
41546,42088,628.02,407.78,628.02,1.23,5,ok
41547,41546,314.27,227.43,314.27,0.48,5,ok
41548,41549,198.14,200.35,198.14,0.48,5,ok
41549,41551,164.21,223.37,164.21,0.43,5,ok
4155,21168,286.32,347.49,286.32,0.47,15,ok
4155,21170,207.05,221.56,207.05,0.39,20,ok
4155,4154,163.99,215.55,163.99,0.27,62,ok
41550,6274,198.14,258.55,198.14,0.50,5,ok
41551,6078,267.72,150.62,0.00,0.93,5,no_coverage
41552,6285,276.53,232.53,276.53,0.92,30,ok
41553,41552,20.19,132.16,20.19,0.04,9,ok
41554,41588,1575.33,1273.95,1575.33,2.61,2,ok
41554,41589,1209.07,1024.26,1209.07,1.93,1,ok
41554,42092,341.30,260.62,341.30,0.73,14,ok
41555,41558,561.73,330.43,561.73,1.43,5,ok
41555,4186,2863.91,2259.06,2863.91,7.94,2,ok
41555,42085,396.31,386.04,396.31,0.78,9,ok
41555,7107,2815.56,2183.15,2815.56,7.87,1,ok
41556,41588,1520.27,1378.65,1520.27,2.53,1,ok
41556,6284,286.25,248.86,286.25,0.65,15,ok
41557,42093,254.27,160.09,254.27,0.65,5,ok
41557,6273,245.80,234.11,245.80,0.81,1,ok
41558,6278,121.21,110.48,121.21,0.49,5,ok
41559,41557,182.06,126.35,182.06,0.78,6,ok
4156,21178,375.76,321.67,375.76,0.62,62,ok
41561,42085,176.98,152.10,176.98,0.79,5,ok
41562,41559,306.13,230.41,306.13,1.20,1,ok
41565,41567,386.09,319.94,386.09,1.08,34,ok
41567,41568,797.15,403.24,797.15,2.03,34,ok
41568,41569,133.53,153.65,133.53,0.31,34,ok
41569,6280,533.01,419.71,533.01,1.19,34,ok
4157,4151,220.25,149.92,220.25,0.58,65,ok
41570,41571,398.80,418.91,398.80,0.93,3,ok
41571,18907,484.16,340.20,484.16,1.18,2,ok
41571,19834,454.80,237.31,454.80,1.16,1,ok
41572,43113,324.93,296.21,324.93,0.41,3,ok
41573,18302,288.15,261.78,288.15,0.50,3,ok
41573,18757,513.16,286.07,513.16,1.08,7,ok
41574,18916,787.97,479.49,787.97,2.11,5,ok
41575,41574,481.34,261.84,481.34,0.97,5,ok
41577,41578,194.33,213.36,16.24,0.40,3,ok
41578,41579,1376.49,915.62,1376.49,5.01,3,ok
41579,18905,181.20,247.10,181.20,0.26,1,ok
41579,18917,113.97,135.11,106.40,0.16,2,ok
4158,4532,191.65,201.12,191.65,0.44,107,ok
41580,41581,244.06,159.52,244.06,0.45,8,ok
41581,4187,1059.55,442.83,1023.03,1.96,6,ok
41581,4189,1091.11,469.54,1054.60,1.99,2,ok
41582,41580,223.48,247.31,165.19,0.74,8,ok
41585,5484,333.68,244.93,0.00,0.73,3,no_coverage
41586,41590,799.67,624.23,104.30,115.25,4,ok
41587,41586,329.11,102.82,329.11,0.52,4,ok
41588,41587,104.30,199.64,104.30,0.16,4,ok
41589,41588,366.26,319.77,366.26,0.68,1,ok
4159,5914,191.52,109.65,191.52,0.46,17,ok
41590,41555,1154.02,1105.47,1117.00,1.70,3,ok
41590,6285,1500.15,1196.61,1474.39,2.92,1,ok
41592,41593,273.20,146.65,273.20,0.63,3,ok
41593,18234,447.98,357.18,447.98,1.01,4,ok_undirected
41593,18236,446.44,287.72,173.23,1.16,2,ok
41595,3262,172.06,195.75,172.06,0.38,33,ok
4160,21085,164.56,133.01,164.56,0.45,45,ok
4160,21087,374.55,242.31,374.55,0.88,19,ok
4160,21095,636.94,426.80,636.94,1.45,2,ok
4161,21097,545.86,306.88,545.86,1.27,98,ok
41614,41615,241.05,234.95,241.05,0.41,15,ok
41615,41616,170.80,97.10,170.80,0.32,15,ok
41616,41617,268.34,314.68,268.34,0.60,15,ok
41617,41626,152.66,152.55,152.66,0.49,15,ok
41618,6392,444.83,248.90,444.83,0.82,15,ok
41619,41620,332.17,208.19,104.69,2.43,15,ok
4162,18368,506.49,259.34,500.10,1.44,2,ok
4162,4860,341.11,284.48,341.11,0.90,147,ok
41620,41621,152.66,203.21,0.00,0.98,15,no_coverage
41621,41622,268.34,245.00,109.94,0.69,15,ok
41622,41623,202.20,112.13,107.10,1.36,15,ok
41623,17754,339.49,305.32,339.49,0.79,15,ok
41624,17772,121.76,161.21,121.76,0.25,30,ok
41626,41618,247.38,208.32,247.38,0.75,15,ok
41627,41624,329.47,248.89,329.47,0.71,30,ok
41628,17785,404.98,366.11,404.98,0.73,6,ok
41628,6392,382.58,350.24,382.58,0.72,1,ok
41629,41628,379.07,326.47,379.07,0.63,7,ok
4163,18401,201.04,183.97,201.04,0.42,66,ok
4163,4647,190.96,102.93,190.96,0.40,35,ok
41631,17785,540.97,408.87,540.97,0.84,14,ok
41631,42112,578.57,384.42,578.57,0.97,2,ok
41632,18768,557.10,319.88,416.05,0.69,2,ok
41632,41636,823.29,787.34,823.29,1.31,1,ok
41633,18770,620.14,272.56,620.14,1.01,1,ok
41633,42113,455.55,398.36,108.26,0.77,4,ok_undirected
41634,41633,352.42,311.24,0.00,0.62,5,no_coverage
41635,41631,833.15,795.08,833.15,0.99,2,ok
41636,17836,3036.91,1537.93,2119.91,5.08,1,ok
4164,4162,316.18,139.24,316.18,0.71,129,ok
4164,43910,148.58,171.76,148.58,0.31,7,ok
4165,20643,221.55,239.76,221.55,0.57,26,ok_undirected
4166,4164,399.24,336.81,399.24,0.78,136,ok
41671,18824,4313.84,807.88,4313.84,5.16,3,ok
41671,18833,914.30,637.89,914.30,1.67,2,ok_undirected
41672,18103,1273.57,197.31,1273.57,3.07,17,ok
41672,18116,689.62,522.13,689.62,1.79,55,ok_undirected
41672,18121,1105.77,539.01,1105.77,2.34,3,ok
41672,4179,613.84,338.71,613.84,1.55,2,ok_undirected
41673,18110,1673.89,1157.85,1673.89,3.44,6,ok
41673,18121,1052.32,619.65,1052.32,2.21,15,ok
41675,18116,689.62,522.13,689.62,1.79,28,ok_undirected
41675,18121,1105.77,539.01,1105.77,2.34,17,ok
41675,19472,649.14,379.56,649.14,1.60,29,ok_undirected
41675,49978,1031.74,998.56,1031.74,1.34,11,ok
4168,19524,331.53,304.36,331.53,0.78,37,ok_undirected
4168,6742,68.53,74.06,68.53,0.24,40,ok
41682,41681,346.83,239.38,185.39,1.13,9,ok
41683,41682,354.11,348.02,354.11,0.99,9,ok
41684,4981,210.79,184.45,210.79,0.57,24,ok
41685,41692,369.94,343.53,0.00,1.00,2,no_coverage
4169,6740,702.44,473.91,702.44,1.48,10,ok
4169,6742,944.81,624.15,944.81,2.23,5,ok
4169,6762,454.69,406.14,454.69,1.02,13,ok
41691,20563,695.42,683.89,0.00,1.47,2,no_coverage
41692,41691,344.76,264.63,0.00,0.65,2,no_coverage
41693,41685,168.55,157.68,0.00,0.13,2,no_coverage
41694,41695,184.91,175.01,0.00,0.60,2,no_coverage
41695,41693,339.62,249.35,0.00,0.87,2,no_coverage
41696,5979,188.25,194.63,188.25,0.43,4,ok
41702,35292,183.93,144.51,0.00,0.08,2,no_coverage
41702,35293,71.12,127.21,0.00,0.03,2,no_coverage
41703,41702,458.39,344.38,0.00,0.96,4,no_coverage
41704,37137,736.68,582.31,736.68,1.84,3,ok
41706,39234,287.34,276.03,287.34,0.59,4,ok
41707,41706,466.86,261.12,466.86,0.91,4,ok
41708,41707,230.33,213.88,230.33,0.68,4,ok
41709,41710,423.91,416.27,423.91,0.56,14,ok
4171,19849,2942.17,2710.58,2942.17,4.10,1,ok
4171,40526,2650.04,2453.55,2122.34,3.56,2,ok
4171,4175,2113.25,2040.79,2107.50,2.68,9,ok
41710,41221,1304.21,1110.50,1304.21,1.78,1,ok
41710,41711,423.91,338.84,423.91,0.60,11,ok
41711,41712,497.91,510.58,497.91,0.53,11,ok
41712,41222,359.82,290.41,359.82,0.63,11,ok
41713,41709,519.25,448.85,519.25,0.68,14,ok
41714,35363,436.09,168.96,436.09,1.48,11,ok
41715,4239,268.86,187.96,268.86,0.69,11,ok_undirected
41715,49608,425.62,267.73,425.62,1.08,10,ok
41716,4835,344.92,202.02,344.92,0.95,5,ok_undirected
41716,5917,860.23,594.74,860.23,1.96,11,ok_undirected
41718,43353,295.90,211.17,295.90,0.86,11,ok
41719,4577,676.28,524.95,676.28,1.75,11,ok
4172,18959,2610.86,2552.05,2610.86,1.97,15,ok
41720,4961,350.73,211.70,350.73,1.05,10,ok
41720,4965,199.95,167.92,199.95,0.55,13,ok
41721,19688,188.52,164.06,188.52,0.53,13,ok
41722,4518,71.46,97.21,71.46,0.42,10,ok
41722,4930,203.28,170.26,203.28,0.86,13,ok
41725,41727,251.86,282.54,251.86,0.74,8,ok
41726,20114,315.96,270.00,315.96,0.99,1,ok
41726,42890,581.52,382.37,581.52,1.24,8,ok
41727,47417,344.19,366.68,344.19,0.84,8,ok
41728,41726,251.86,287.15,251.86,0.66,9,ok
41729,41728,325.71,281.71,325.71,0.71,9,ok
4173,1764,691.79,583.71,691.79,0.77,7,ok
4173,3886,627.61,584.69,627.61,0.59,90,ok_undirected
4173,3887,1225.29,1107.11,1225.29,1.29,1,ok
41730,50122,727.52,322.10,727.52,1.26,8,ok
41731,41733,316.68,348.88,79.23,0.72,1,ok
41731,50084,79.23,108.00,79.23,0.18,8,ok
41733,47414,804.98,388.37,575.30,1.46,1,ok
41735,41738,305.68,327.32,305.68,0.49,8,ok
41736,4177,390.65,356.17,390.65,0.98,10,ok
41737,41736,321.40,334.50,321.40,0.43,10,ok
41738,41739,571.36,449.29,142.71,0.88,8,ok
41738,41740,520.66,503.12,115.17,0.82,2,ok
41739,41737,485.68,416.20,485.68,0.83,10,ok
4174,18087,819.25,726.80,819.25,0.79,1,ok
4174,18776,579.38,496.15,556.51,0.56,2,ok
41740,17572,3497.84,2516.22,3022.60,3.51,2,ok
41740,35314,447.08,322.19,447.08,1.08,7,ok
41741,41739,267.67,257.80,267.67,0.41,3,ok
41742,4728,183.16,191.25,183.16,0.87,15,ok
41742,4729,192.69,84.20,192.69,0.71,27,ok_undirected
41743,4657,240.01,153.25,240.01,0.74,29,ok_undirected
41743,6319,688.71,703.84,688.71,1.35,14,ok_undirected
41744,41748,606.92,299.06,606.92,1.51,14,ok
41745,41744,523.68,326.41,523.68,1.54,14,ok
41746,41745,249.87,288.25,249.87,0.65,14,ok
41747,41746,754.67,125.78,754.67,1.40,7,ok
41748,7215,591.10,574.11,591.10,1.49,7,ok
4175,19263,733.64,683.92,727.89,1.21,2,ok
4175,19849,840.41,671.77,834.67,1.44,5,ok
4175,19850,1139.22,860.21,1133.47,2.23,2,ok
4176,17563,939.14,709.27,939.14,3.53,23,ok
4177,19545,567.80,509.80,567.80,1.90,2,ok
4177,20390,624.99,405.14,614.79,2.03,5,ok
4177,5517,125.47,124.01,125.47,0.44,37,ok
41784,18103,1273.57,197.31,1273.57,3.07,16,ok
41784,18116,689.62,522.13,689.62,1.79,13,ok_undirected
41784,18121,1105.77,539.01,1105.77,2.34,10,ok
41784,4179,613.84,338.71,613.84,1.55,10,ok_undirected
41784,50246,1098.20,1089.76,1031.74,1.43,2,ok
41785,18121,1105.77,539.01,1105.77,2.34,24,ok
41785,18177,3576.90,2177.02,3576.90,4.79,2,ok
41785,4179,613.84,338.71,613.84,1.55,15,ok_undirected
41786,18833,914.30,637.89,914.30,1.67,3,ok_undirected
41786,18834,952.60,767.50,952.60,1.73,2,ok
4179,18177,2585.79,1843.67,2585.79,2.52,30,ok
41796,18827,848.93,721.68,848.93,1.76,3,ok_undirected
41796,18833,914.30,637.89,914.30,1.67,2,ok_undirected
4180,17828,993.87,908.11,993.87,1.42,20,ok
4180,19168,1245.15,1096.24,1245.15,2.07,13,ok
4181,17605,2143.67,1920.63,2143.67,2.51,13,ok
4181,20829,3556.54,3145.23,2222.90,4.35,2,ok
4181,20912,2136.75,1632.29,2136.75,2.31,12,ok
4181,20920,142.26,46.07,142.26,0.16,2,ok
4181,7139,2383.52,1819.80,2383.52,2.84,6,ok
4182,4180,493.54,464.08,493.54,0.64,33,ok
4182,7136,493.54,422.46,493.54,0.64,2,ok
4183,35462,2437.78,1699.68,2437.78,4.72,21,ok
4184,51371,247.65,230.74,247.65,0.54,14,ok
4184,6283,821.36,515.99,821.36,2.49,10,ok
4185,18876,1249.18,1170.84,1249.18,1.13,11,ok
4185,21282,2232.75,1287.16,2232.75,1.87,23,ok
4186,19885,553.49,443.45,553.49,0.54,20,ok
4187,4185,605.35,527.62,605.35,0.63,20,ok
4188,4189,551.12,513.55,551.12,0.62,14,ok
4188,7100,556.07,528.20,556.07,0.63,2,ok
4189,7106,1579.18,1497.75,1579.18,1.28,16,ok
4191,19450,273.12,279.22,273.12,0.39,3,ok
4191,20069,273.12,265.92,273.12,0.39,5,ok
4193,19396,254.90,153.82,254.90,0.74,44,ok_undirected
4193,4674,209.36,173.39,209.36,0.65,19,ok_undirected
41934,4656,680.79,390.64,619.48,1.75,14,ok
41935,4656,680.79,390.64,619.48,1.75,5,ok
41935,4820,1153.12,806.05,1091.82,1.59,1,ok
41936,4656,680.79,390.64,619.48,1.75,11,ok
41937,50037,964.60,630.31,903.30,1.44,7,ok
41939,4656,680.79,370.37,619.48,1.75,3,ok
4194,19264,266.07,215.98,266.07,0.79,21,ok_undirected
4194,19388,807.13,416.19,807.13,2.56,5,ok
4194,5088,1067.41,569.44,1057.98,2.96,1,ok
41942,41719,309.12,304.55,309.12,1.13,11,ok
41943,4974,505.50,350.92,348.04,1.27,1,ok
41944,17719,813.08,643.86,390.77,1.18,1,ok
41944,17720,842.58,600.86,420.26,1.19,2,ok
41945,41944,422.32,426.20,422.32,0.83,3,ok
41946,3194,225.52,192.23,225.52,0.56,27,ok
41947,2046,383.81,303.33,383.81,1.23,34,ok
41947,2578,209.18,230.87,209.18,0.78,8,ok
41948,41947,82.75,137.74,82.75,0.26,42,ok
4195,18385,146.34,147.10,146.34,0.40,35,ok
4195,21111,397.27,343.62,397.27,0.95,11,ok
4195,21120,250.25,168.23,250.25,0.64,44,ok
4196,4241,948.71,469.56,948.71,2.19,50,ok
4197,19412,357.77,355.08,357.77,0.98,29,ok
41978,4656,680.79,370.37,619.48,1.75,2,ok
4198,19774,542.03,264.97,542.03,1.50,39,ok
4198,6973,280.23,165.23,280.23,0.83,31,ok_undirected
41989,1200,875.71,386.34,875.71,2.80,23,ok
41989,17272,670.30,393.90,670.30,2.26,19,ok
41989,4029,628.05,336.17,628.05,2.27,5,ok
4199,21309,3233.15,2952.92,3233.15,3.64,25,ok
41990,41998,391.39,315.66,391.39,1.00,10,ok
41997,41520,326.27,244.70,326.27,0.74,11,ok
41998,41522,452.83,413.74,452.83,1.46,10,ok
41999,41535,1054.14,424.45,1054.14,3.04,28,ok
4200,18235,167.94,245.07,167.94,0.40,112,ok_undirected
42006,42007,373.45,274.89,373.45,0.43,2,ok
42007,20166,3367.61,1933.04,2906.32,2.86,1,ok
42007,20303,3148.00,1879.11,2849.26,2.68,1,ok
42008,42006,3376.23,2027.78,2925.91,2.85,2,ok
42009,42016,155.49,146.81,155.49,0.42,2,ok
4201,20768,634.46,504.47,634.46,2.03,6,ok
4201,20769,769.01,697.04,769.01,2.54,4,ok
4201,40492,421.12,220.18,421.12,1.28,8,ok
42011,42017,657.20,421.51,0.00,1.05,2,no_coverage
42016,5231,656.80,355.03,613.89,0.54,1,ok_undirected
42016,5627,656.90,417.73,613.89,0.54,1,ok
42017,5233,761.12,469.30,761.12,1.53,1,ok
42017,5625,799.70,508.05,799.70,1.57,1,ok
4202,18971,1434.87,1299.65,1434.87,2.41,50,ok
4202,47177,1411.20,1243.49,1333.96,2.36,2,ok
42020,7288,208.71,200.67,208.71,0.93,32,ok
42020,7289,453.62,241.84,80.72,1.98,2,ok
42021,42022,255.51,198.51,255.51,0.31,2,ok
42022,20408,1127.05,639.86,1127.05,1.68,1,ok
42025,5302,770.04,395.51,0.00,1.47,1,no_coverage
42026,42025,461.25,262.64,0.00,1.28,1,no_coverage
42027,42026,0.00,120.37,0.00,0.60,1,no_coverage
42028,42029,1013.54,672.18,0.00,1.40,1,no_coverage
42029,5664,975.16,828.85,0.00,1.20,1,no_coverage
4203,21086,230.31,228.70,230.31,0.50,50,ok
4203,21097,778.23,612.84,778.23,1.74,13,ok
4203,4161,349.48,341.29,349.48,0.83,98,ok
42031,5310,255.24,144.58,255.24,0.58,4,ok_undirected
42031,5683,265.86,107.16,265.86,0.63,5,ok
4204,20798,417.40,292.01,417.40,0.91,15,ok
42046,42054,246.96,154.42,0.00,0.64,2,no_coverage
42047,42046,412.59,195.11,0.00,1.72,2,no_coverage
42048,42047,346.27,173.02,0.00,1.63,2,no_coverage
42049,42048,858.72,711.29,0.00,3.26,2,no_coverage
4205,18972,646.54,634.16,646.54,1.20,44,ok
4205,47177,646.51,571.36,597.03,1.24,1,ok
42051,18656,358.65,228.53,155.87,0.50,2,ok
42052,42058,240.60,206.00,0.00,0.82,2,no_coverage
42053,42052,586.22,326.37,0.00,2.48,2,no_coverage
42054,18691,2126.68,1472.23,785.42,2.90,1,ok
42054,42055,909.23,847.61,0.00,2.98,1,no_coverage
42055,18691,1217.45,625.04,785.42,1.66,2,ok
42055,5498,469.83,388.39,60.43,0.64,2,ok
42055,5760,526.49,416.40,117.09,0.70,1,ok
42057,42053,452.42,353.09,0.00,1.29,2,no_coverage
42058,42051,359.35,344.85,0.00,1.40,2,no_coverage
4206,18235,1893.68,888.66,1885.13,5.56,11,ok
4206,4200,1494.27,720.28,1494.27,4.49,35,ok_undirected
4206,4859,1068.43,799.36,1059.88,3.33,33,ok
4207,17580,2893.51,2429.39,2893.51,2.67,18,ok
4207,21222,2346.00,2342.90,2346.00,1.78,2,ok
4208,18195,49.65,56.38,49.65,0.16,15,ok_undirected
4208,18363,360.78,291.71,360.78,1.03,38,ok
4208,21037,240.39,249.33,240.39,0.65,33,ok
4208,4857,448.68,444.31,448.68,1.17,4,ok
42081,41548,480.30,417.12,480.30,1.16,5,ok
42082,42083,168.52,163.39,168.52,0.40,5,ok
42083,42090,478.27,375.72,478.27,1.06,5,ok
42084,42081,253.72,277.23,253.72,0.61,5,ok
42085,19248,328.73,275.28,328.73,0.73,9,ok
42085,19265,449.87,391.44,449.87,1.17,5,ok
42087,19240,263.87,269.26,263.87,0.68,8,ok
42088,39632,114.99,130.11,114.99,0.56,5,ok
42090,41554,510.06,470.71,510.06,1.33,5,ok
42090,42091,211.77,190.35,211.77,0.66,25,ok
42091,41552,330.91,179.86,330.91,0.74,16,ok
42091,41554,298.29,312.44,298.29,0.67,9,ok
42092,41555,286.25,242.38,286.25,0.59,14,ok
42093,41556,223.21,252.69,223.21,0.46,15,ok
4210,19937,,1446.75,,1.24,7,unreachable
4210,4358,,192.71,,0.46,7,unreachable
4211,20971,2168.55,2055.45,1574.06,2.51,7,ok
4211,44137,2688.71,2026.67,2688.71,3.88,12,ok
42111,51225,1981.03,1261.25,1981.03,5.06,2,ok
42112,17750,876.07,693.18,876.07,1.46,9,ok
42113,17746,270.59,223.00,0.00,1.00,4,no_coverage
42114,20883,368.80,358.83,109.80,0.59,4,ok
4212,4195,446.59,321.73,446.59,1.38,21,ok
42121,42397,303.27,114.06,241.97,1.00,1,ok
42121,42398,303.27,114.06,241.97,1.00,1,ok
42127,39058,516.70,447.88,516.70,1.16,10,ok
42127,5504,462.50,244.51,462.50,0.99,8,ok
42129,42130,173.42,155.36,173.42,0.54,7,ok
4213,49649,514.98,411.37,514.98,0.84,39,ok
42130,42135,86.78,226.51,86.78,0.27,7,ok
42131,42136,154.56,185.08,154.56,0.45,7,ok
42132,42131,118.52,89.84,118.52,0.33,7,ok
42134,43112,154.90,205.80,0.00,1.02,4,no_coverage
42135,42132,437.54,267.44,437.54,1.57,7,ok
42136,42143,298.13,200.31,298.13,0.63,7,ok
42137,40968,391.46,282.06,391.46,0.96,10,ok
42138,42137,234.60,219.17,234.60,0.63,10,ok
42139,40970,274.18,235.77,274.18,0.65,10,ok
4214,49633,273.28,322.44,273.28,0.50,62,ok
4214,49642,309.25,253.76,309.25,0.56,10,ok
42140,42129,220.09,156.33,220.09,0.68,7,ok
42142,42144,156.04,167.91,156.04,0.73,7,ok
42143,17764,228.23,214.19,228.23,0.58,1,ok_undirected
42143,19582,2638.75,2432.57,2638.75,3.88,2,ok
42143,19587,290.09,194.00,290.09,0.37,3,ok
42144,42140,210.21,173.63,210.21,0.76,7,ok
42145,42138,362.71,195.75,362.71,0.83,10,ok
42151,19889,379.99,270.35,379.99,1.06,15,ok
4216,4219,1777.09,1694.47,1777.09,1.53,26,ok_undirected
4217,5706,345.08,341.18,345.08,0.44,30,ok
4218,21296,3212.45,2513.20,3069.43,3.01,23,ok
4218,35382,3552.89,2964.27,3552.89,3.60,3,ok
4219,21269,6162.37,5701.90,6162.37,5.18,5,ok
4219,34304,3236.10,2603.55,3236.10,4.19,6,ok
4219,4225,2200.93,2072.88,2200.93,1.93,40,ok
42192,42202,325.28,202.52,325.28,0.83,6,ok
42193,20737,389.64,384.15,389.64,1.04,44,ok
42193,6718,443.46,327.22,443.46,1.30,79,ok_undirected
42194,20458,403.86,280.70,403.86,0.95,6,ok_undirected
42196,6765,614.43,501.27,614.43,1.72,13,ok
42197,20534,742.75,397.60,742.75,2.13,12,ok
42198,34159,706.21,641.31,706.21,1.85,12,ok_undirected
42199,19842,1013.71,897.54,1013.71,2.00,18,ok_undirected
4220,21270,2867.86,2707.62,2867.86,2.95,44,ok_undirected
4220,44353,2827.06,2612.10,2827.06,2.59,2,ok
42200,6740,622.87,610.08,622.87,1.93,5,ok
42200,6762,375.12,222.40,375.12,1.47,12,ok
42202,42194,1384.83,849.96,1384.83,3.10,6,ok_undirected
42207,19710,730.94,504.25,730.94,1.31,9,ok
42208,42223,355.52,323.67,355.52,0.49,3,ok
42209,42207,354.75,322.88,354.75,0.63,9,ok
4221,4217,1777.50,1676.46,1777.50,1.46,30,ok
4221,5706,2122.58,2010.00,2122.58,1.91,5,ok
42210,38138,146.90,136.99,146.90,0.46,11,ok_undirected
42210,42584,198.53,185.76,198.53,0.60,7,ok
4222,18008,2978.86,3010.15,2978.86,2.35,37,ok
42223,19845,529.04,432.72,529.04,0.82,3,ok_undirected
4223,4242,1775.91,1656.64,1775.91,1.54,54,ok_undirected
4223,42724,4942.04,4423.31,4894.57,3.93,1,ok_undirected
42239,42240,1174.63,494.00,1174.63,1.67,3,ok_undirected
4224,40343,1409.45,1358.58,936.19,1.24,3,ok
4224,4223,2224.52,1446.39,2117.38,2.89,28,ok_undirected
42240,42241,913.06,683.39,913.06,1.50,3,ok_undirected
42241,42208,669.76,429.50,669.76,1.43,3,ok_undirected
4225,21269,3961.44,3754.66,3961.44,3.25,42,ok
4225,44353,3971.54,3719.12,3940.20,3.25,1,ok
42256,50019,471.70,399.53,471.70,1.09,13,ok
42257,42461,224.29,289.47,224.29,0.93,39,ok_undirected
4226,40328,5850.45,4291.62,5850.45,5.93,2,ok_undirected
4226,4220,1812.21,1470.65,1770.52,1.97,29,ok_undirected
4226,4222,1850.27,1407.49,1808.58,2.00,28,ok_undirected
4227,18926,3433.35,3102.83,3433.35,3.24,27,ok
4227,7096,4216.82,2814.61,4179.98,4.38,1,ok
42285,42577,293.66,283.10,293.66,0.74,8,ok_undirected
4229,20394,297.37,279.74,297.37,0.54,8,ok
4229,6851,781.38,421.83,739.46,1.67,5,ok
4230,19489,1310.54,875.57,1096.22,3.17,1,ok
4230,19810,354.36,109.94,354.36,0.79,15,ok
4230,44221,780.19,658.19,780.19,1.75,5,ok
4231,5915,290.79,253.23,290.79,0.75,19,ok
42310,5119,441.62,277.92,441.62,1.55,9,ok
42311,5125,268.19,272.79,268.19,0.67,6,ok
42314,43017,677.51,598.37,677.51,1.23,5,ok
42314,44097,1399.19,477.90,1399.19,2.90,5,ok
42314,44099,1399.19,477.90,1399.19,2.90,2,ok
42314,44101,1399.19,477.90,1399.19,2.90,5,ok
4234,4235,264.96,250.63,264.96,0.71,19,ok
4235,20870,137.66,114.42,137.66,0.32,19,ok
4238,19447,698.16,524.80,698.16,1.32,3,ok
4238,19950,698.16,584.65,698.16,1.32,4,ok
4239,19468,1292.17,1193.88,1292.17,2.63,32,ok
4239,47768,987.72,897.38,955.36,1.96,11,ok
4239,4977,904.07,453.13,904.07,1.67,3,ok
42397,4515,533.27,523.34,533.27,1.16,2,ok
42398,4515,533.27,523.34,533.27,1.16,3,ok
42400,47857,0.00,24.25,0.00,0.12,7,no_coverage
42400,47879,0.00,24.25,0.00,0.01,9,no_coverage
42405,19821,849.11,525.96,799.86,1.08,2,ok_undirected
42406,4871,6718.21,5914.34,6718.21,5.64,4,ok
4241,19627,1296.74,1093.14,1296.74,2.24,5,ok
4241,21141,216.40,213.13,216.40,0.46,27,ok
4241,21152,1703.54,1100.03,1703.54,2.72,18,ok
4242,21301,3130.57,2946.28,3130.57,2.33,37,ok
4242,42736,3148.76,2744.37,3148.76,2.41,36,ok
4243,19877,1869.39,1660.92,1869.39,1.56,35,ok_undirected
42431,35424,669.86,318.92,669.86,1.63,20,ok
42431,35471,524.04,341.41,524.04,1.10,8,ok
42433,4636,84.49,91.30,84.49,0.23,15,ok_undirected
42433,4773,1607.68,230.86,1607.68,3.26,1,ok
42433,5114,1309.20,557.58,1309.20,3.12,5,ok_undirected
42433,5165,2669.40,1759.23,2669.40,4.63,4,ok
42434,4597,587.81,382.61,548.91,1.29,25,ok
42434,5916,467.25,385.45,467.25,0.95,10,ok
42435,49537,264.78,362.74,264.78,0.58,14,ok
42435,5141,379.65,320.55,379.65,1.62,27,ok
42437,20694,1777.27,1651.42,1704.34,2.37,2,ok
42437,20696,1736.34,1652.24,1736.34,2.39,1,ok_undirected
42437,42011,2176.70,1757.85,2176.70,3.02,1,ok
42437,5626,1656.34,1563.10,1656.34,2.22,1,ok
42438,2435,135.92,144.58,135.92,0.43,49,ok
4244,19337,1485.49,713.58,1485.49,1.64,9,ok
4245,51157,0.00,164.83,0.00,1.90,4,no_coverage
42451,17148,2112.73,1866.56,2112.73,4.48,1,ok
42451,3469,242.93,190.34,242.93,0.52,6,ok
4246,4244,638.30,411.46,638.30,0.88,8,ok
4246,51157,638.30,504.34,638.30,0.88,1,ok
42461,35338,236.00,240.72,236.00,0.88,39,ok_undirected
4247,4248,5094.65,341.17,4356.00,7.99,4,ok
4248,4250,107.03,234.04,0.00,0.22,4,no_coverage
42483,3131,371.74,323.23,371.74,0.81,14,ok
42483,46319,203.49,214.22,203.49,0.46,14,ok
42484,42486,607.41,373.65,553.57,1.63,30,ok
42485,42483,482.32,440.95,482.32,0.99,28,ok
42486,2481,313.06,262.32,313.06,0.82,16,ok_undirected
42486,2482,260.40,131.81,260.40,0.67,14,ok_undirected
4250,4251,0.00,30.90,0.00,2.98,1,no_coverage
42505,37767,701.78,514.91,701.78,2.16,2,ok
42505,37768,242.14,171.72,242.14,0.74,1,ok
42505,37774,178.10,128.83,178.10,0.54,6,ok
42506,42505,489.82,301.85,489.82,1.35,3,ok
42506,44347,1205.41,158.98,1205.41,3.12,6,ok
42507,37380,,4673.29,,7.00,4,unreachable
42507,40584,,15091.06,,10.00,4,unreachable
4251,4246,4416.89,472.58,1601.54,10.23,9,ok
4252,4255,505.87,169.00,505.87,3.99,7,ok
42525,5650,2599.97,2492.99,2599.97,1.83,8,ok
42526,19603,2093.50,1368.78,1354.99,1.59,1,ok
42526,5289,1396.17,1353.93,1396.17,1.06,17,ok
4254,4258,412.67,340.43,412.67,0.99,7,ok
4255,4254,147.36,139.09,147.36,0.32,7,ok
42557,35464,207.92,150.99,207.92,0.44,15,ok_undirected
4256,18322,522.33,362.32,522.33,1.70,7,ok
4256,21014,71.22,102.55,71.22,0.22,7,ok
4256,21020,297.29,136.52,297.29,1.02,17,ok
42560,42557,581.02,310.29,581.02,1.40,15,ok
42561,20145,133.94,142.41,133.94,0.35,34,ok
42561,42568,403.19,366.36,403.19,1.01,10,ok
42563,40958,316.57,145.70,316.57,0.78,9,ok
42564,20139,532.74,395.33,532.74,1.07,2,ok
42564,20151,619.34,508.33,619.34,1.28,3,ok_undirected
42564,35580,1125.11,947.43,1125.11,2.33,3,ok
42564,40977,430.64,401.29,430.64,0.86,20,ok
42565,20142,267.95,273.72,267.95,0.55,37,ok
42565,6775,2561.96,1662.49,2540.81,6.34,4,ok
42566,20550,144.91,165.07,144.91,0.33,25,ok_undirected
42567,20148,97.35,135.41,97.35,0.21,34,ok
42568,40949,93.97,135.78,93.97,0.23,10,ok
42569,20553,186.82,190.54,186.82,0.56,10,ok
42571,43431,869.37,690.68,869.37,1.71,12,ok
42572,3423,786.81,568.22,786.81,2.20,12,ok
42574,37772,302.87,288.78,302.87,1.09,14,ok_undirected
42575,37769,285.69,252.48,285.69,0.86,24,ok
42577,1848,623.79,380.44,623.79,1.41,8,ok
42577,1849,573.00,358.81,573.00,1.33,17,ok
42578,51600,397.79,229.46,389.89,1.36,13,ok
4258,4256,49.69,62.14,49.69,0.18,8,ok
42581,4026,369.21,171.38,369.21,1.29,46,ok
42584,50381,909.79,594.70,909.79,2.20,14,ok
42585,42982,286.46,212.54,276.35,0.82,14,ok_undirected
42586,17446,234.14,274.20,234.14,0.66,14,ok
42587,38138,438.62,450.24,438.62,1.24,7,ok_undirected
42587,42825,405.32,417.73,405.32,1.15,7,ok
42588,16947,309.05,238.75,309.05,1.10,25,ok
42589,36046,478.28,392.48,478.28,1.35,11,ok
4259,21002,302.76,212.03,302.76,1.12,8,ok
4259,21032,692.56,308.42,692.56,1.88,8,ok
42590,38281,493.97,211.58,493.97,1.53,10,ok_undirected
42592,36035,407.32,456.73,407.32,0.93,7,ok
42594,42595,235.17,193.11,235.17,0.62,23,ok
42595,42599,420.49,303.28,420.49,1.28,23,ok
42596,42607,388.45,321.17,388.45,0.96,23,ok
42597,20576,621.40,419.32,621.40,1.65,10,ok_undirected
42597,42606,940.60,608.57,940.60,2.39,13,ok
42598,20574,999.78,418.02,999.78,1.86,7,ok_undirected
42598,20577,1077.06,636.57,1077.06,2.25,23,ok
42598,20681,31.69,24.75,31.69,0.08,10,ok
42599,42603,498.42,419.16,498.42,1.23,23,ok
4260,21042,309.76,251.14,309.76,0.90,7,ok
4260,21045,115.15,56.94,115.15,0.45,7,ok
4260,43885,607.12,403.85,607.12,1.83,9,ok
42600,42597,267.18,253.86,267.18,0.69,23,ok
42601,41189,167.38,217.86,167.38,0.46,13,ok
42602,39086,171.66,152.20,171.66,0.79,26,ok
42603,6883,152.60,141.89,152.60,0.40,18,ok
42603,6886,1107.39,624.77,1107.39,2.37,5,ok
42604,42605,369.87,334.67,369.87,0.95,30,ok_undirected
42605,42598,203.31,183.51,203.31,0.61,40,ok
42606,42594,225.32,159.60,225.32,0.56,23,ok
42607,42600,312.81,198.22,312.81,0.80,23,ok
42609,39748,766.84,180.02,766.84,1.73,8,ok
4261,19380,206.85,188.95,206.85,0.49,50,ok
42611,17514,580.65,413.24,580.65,1.59,2,ok
42612,1315,157.05,154.85,157.05,0.36,14,ok
42613,3425,177.04,116.13,177.04,0.59,34,ok
42619,42611,473.71,362.93,473.71,1.42,2,ok
42620,1595,103.63,96.49,103.63,0.35,19,ok
42620,39257,501.10,436.00,463.23,1.17,3,ok
42652,42193,380.16,370.16,380.16,1.11,26,ok_undirected
42653,19704,151.85,159.19,151.85,0.44,43,ok
4266,5193,523.12,306.94,106.09,2.21,2,ok
42663,41512,348.21,296.43,348.21,0.92,12,ok
4267,38901,449.03,323.36,280.60,1.57,4,ok
42679,42577,771.06,557.52,771.06,1.90,17,ok_undirected
4268,5539,252.46,202.92,0.00,0.81,13,no_coverage
4269,19048,258.24,193.88,258.24,0.66,8,ok
4269,6269,355.63,192.74,202.45,0.92,4,ok
42701,42706,1990.36,1932.16,1990.36,2.31,32,ok
42702,35784,915.78,514.26,606.89,3.19,31,ok
42703,1624,771.27,700.14,771.27,2.01,5,ok
42703,42704,314.66,291.36,314.66,0.86,23,ok
42704,1624,456.61,413.49,456.61,1.15,23,ok
42705,42702,1962.08,1919.25,1007.79,2.76,31,ok_undirected
42706,35759,368.70,400.40,368.70,0.80,32,ok_undirected
42724,39084,5767.54,2507.62,0.00,4.70,1,no_coverage
42726,1758,375.17,253.42,375.17,1.28,12,ok
42726,35917,530.01,357.63,530.01,1.63,7,ok
42726,4111,285.56,264.29,285.56,0.75,1,ok_undirected
42736,17580,348.17,191.45,348.17,0.65,2,ok
42736,50869,683.58,458.44,683.58,1.32,44,ok
4274,4398,3073.31,2973.27,3073.31,2.53,4,ok
42741,37515,219.82,123.56,219.82,0.44,16,ok
42762,1780,317.93,232.75,317.93,0.83,58,ok_undirected
42763,42764,253.04,291.54,253.04,0.69,18,ok_undirected
42764,42767,1118.90,361.29,1118.90,3.15,18,ok
42765,3609,442.89,449.08,442.89,1.38,1,ok
42765,42762,400.46,352.63,400.46,1.28,18,ok
42766,42765,324.15,254.47,324.15,1.53,19,ok
42767,42769,350.63,336.41,350.63,1.39,18,ok
42768,42766,262.33,267.70,262.33,1.38,19,ok
42769,42771,426.33,205.63,426.33,1.38,18,ok
42770,42768,713.12,236.61,713.12,2.61,19,ok
42771,47960,108.28,135.74,108.28,0.32,10,ok_undirected
42771,49967,68.22,92.56,68.22,0.21,8,ok_undirected
42794,3437,2873.61,1687.94,2759.44,4.42,3,ok
42794,41366,432.59,347.31,432.59,1.06,5,ok
42805,17043,799.55,768.67,799.55,1.36,7,ok
42806,1479,1071.23,874.20,1071.23,1.09,59,ok
42807,42809,374.81,244.85,374.81,0.65,3,ok
42807,42811,331.66,318.85,331.66,0.57,103,ok
42809,43776,892.73,516.45,865.70,1.37,3,ok
4281,51574,4190.03,2095.79,0.00,3.17,2,no_coverage
42810,18788,6256.30,5917.48,6256.30,5.56,7,ok_undirected
42810,4882,6281.78,5915.25,6281.78,5.49,1,ok
42811,1294,3254.04,3070.12,3254.04,3.07,93,ok
42811,51258,9873.80,9582.27,9873.80,9.93,8,ok
4282,4210,,1506.15,,1.39,3,unreachable
42821,1559,2399.26,1875.06,2399.26,4.09,3,ok
42821,1566,2412.89,1999.91,2412.89,4.11,2,ok
42821,1569,1281.35,803.07,1281.35,2.37,3,ok
42821,16928,680.17,592.20,680.17,1.65,2,ok
42821,4008,1748.18,796.96,1728.50,2.93,4,ok
42823,43251,227.74,211.59,227.74,0.79,5,ok
42825,1586,425.27,334.37,425.27,1.02,7,ok
42825,2976,989.61,709.75,989.61,2.38,11,ok
42826,17422,359.95,325.31,359.95,1.00,18,ok_undirected
42827,3482,308.63,278.60,308.63,0.57,18,ok
42828,42256,367.93,225.05,367.93,0.83,2,ok
42829,3834,258.91,111.24,234.49,0.98,3,ok_undirected
42829,42828,360.37,351.63,360.37,1.07,2,ok
4283,6350,1066.29,652.09,1054.48,1.87,3,ok
4283,6351,291.35,297.90,291.35,0.47,5,ok
42830,2083,457.59,395.44,457.59,1.28,82,ok
4284,4286,753.01,800.93,753.01,0.86,4,ok
42840,17004,455.72,312.05,455.72,1.25,41,ok
42840,1758,375.17,253.42,375.17,1.28,3,ok
42840,4111,285.56,264.29,285.56,0.75,8,ok_undirected
42841,4111,285.56,264.29,285.56,0.75,23,ok_undirected
42842,4111,285.56,264.29,285.56,0.75,8,ok_undirected
42842,4112,147.04,119.46,88.63,0.53,20,ok_undirected
42847,7054,1179.28,502.16,971.94,2.03,1,ok
42848,42847,144.44,226.26,144.44,0.35,1,ok
42849,42848,101.64,136.19,101.64,0.27,1,ok
42850,42849,394.19,330.05,394.19,0.96,1,ok
4286,35095,4386.98,4034.92,4357.30,3.83,2,ok
4286,4426,4273.69,4130.62,4273.69,3.68,1,ok
4286,7167,4347.62,4004.37,4347.62,3.82,1,ok
4287,4421,877.94,744.26,0.00,0.38,2,no_coverage
4287,4422,824.48,632.54,0.00,0.55,2,no_coverage
4288,4292,332.04,275.14,332.04,0.82,21,ok
4288,44955,726.07,537.67,726.07,1.53,8,ok
4289,20528,456.66,398.32,456.66,0.99,29,ok
42890,37631,434.95,210.89,434.95,1.08,29,ok
4290,20635,390.43,277.41,390.43,0.72,30,ok
42902,44038,1948.07,1541.81,1948.07,2.85,1,ok
42903,37026,3871.99,3602.22,442.74,5.14,1,ok
42904,39818,551.53,472.59,551.53,1.34,9,ok
42904,42951,514.36,515.10,514.36,1.24,17,ok
42905,50556,602.17,444.97,602.17,1.24,9,ok
42905,50558,667.72,427.44,667.72,3.07,12,ok_undirected
42906,42910,306.43,240.63,306.43,0.73,9,ok
42908,42904,322.13,353.26,322.13,0.91,17,ok
42909,42904,338.68,259.57,338.68,0.94,9,ok
4291,20636,290.73,256.27,290.73,0.84,21,ok
42910,42912,348.72,244.47,348.72,0.87,9,ok
42911,42909,302.42,193.92,302.42,0.76,9,ok
42912,42917,319.13,256.72,319.13,0.88,9,ok
42914,42954,387.57,247.20,387.57,1.13,9,ok
42916,42918,153.68,146.40,153.68,0.50,9,ok
42917,42914,208.56,209.75,208.56,0.66,9,ok
42918,42911,312.15,290.55,312.15,0.83,9,ok
4292,20530,296.59,239.95,296.59,0.69,33,ok
42923,1632,427.98,262.86,427.98,0.93,4,ok
42923,37234,2501.88,1393.72,2501.88,4.63,2,ok
42923,39810,444.41,365.72,444.41,0.95,38,ok_undirected
42928,42941,235.03,208.12,235.03,0.63,9,ok
42929,39819,549.87,246.68,549.87,1.60,41,ok
42934,42935,86.59,100.72,86.59,0.25,9,ok
42935,42937,282.43,272.85,282.43,0.66,9,ok
42936,40544,667.67,522.83,667.67,1.60,9,ok
42937,42940,322.68,249.36,322.68,0.73,9,ok
42938,42936,190.59,218.30,190.59,0.48,9,ok
42939,42938,227.21,185.90,227.21,0.53,9,ok
42940,42942,249.08,250.85,249.08,0.57,9,ok
42941,42939,244.85,257.66,244.85,0.55,9,ok
42942,39819,503.60,239.23,503.60,1.42,9,ok
42951,42923,560.47,546.17,560.47,1.18,17,ok
42952,42905,603.89,486.76,603.89,1.58,21,ok
42952,42906,572.29,411.28,572.29,1.50,9,ok
42953,42916,458.38,301.36,458.38,1.25,9,ok
42954,42956,302.19,213.95,302.19,1.23,9,ok
42955,42953,233.95,227.85,233.95,0.55,9,ok
42956,42958,162.98,168.73,162.98,0.73,9,ok
42957,42955,174.65,158.75,174.65,0.54,9,ok
42958,42961,212.68,228.78,212.68,0.54,9,ok
4296,4284,1102.35,902.65,1102.35,1.99,2,ok
4296,4421,1102.05,882.89,1007.91,1.97,2,ok
42960,42957,291.39,259.65,291.39,0.86,9,ok
42961,42962,382.09,300.41,382.09,0.99,9,ok
42962,42965,306.36,281.73,306.36,1.48,9,ok
42963,42960,382.09,296.09,382.09,0.96,9,ok
42965,42923,310.24,229.63,310.24,0.89,27,ok
42966,42963,276.27,276.51,276.27,0.76,9,ok
4297,4300,356.21,346.44,356.21,0.27,4,ok
42970,41134,1857.20,1612.18,1857.20,2.39,4,ok
4298,4314,3779.62,3499.11,3779.62,2.87,2,ok
42982,38850,260.70,290.61,260.70,0.95,14,ok
42983,1288,537.35,405.84,537.35,1.34,14,ok
42983,3427,215.78,217.68,215.78,0.58,7,ok_undirected
42984,42983,355.16,287.27,355.16,0.99,21,ok
42985,1288,214.78,187.59,214.78,0.53,33,ok
42986,42984,217.86,179.47,217.86,0.70,21,ok
42987,1097,1098.10,451.53,1098.10,3.82,11,ok
42988,42990,391.86,237.11,391.86,1.18,3,ok
42989,1098,232.11,225.38,222.68,0.51,1,ok_undirected
42989,42987,237.87,200.26,237.87,0.86,7,ok
4299,4298,432.57,439.03,432.57,0.32,2,ok
42990,42992,284.72,265.70,284.72,0.98,3,ok
42991,42989,403.70,350.82,403.70,1.40,8,ok
42991,48060,739.95,344.23,739.95,2.41,2,ok
42991,48340,332.27,274.32,332.27,1.24,6,ok_undirected
42991,49323,599.28,384.78,599.28,1.95,11,ok
42991,49330,599.28,384.78,599.28,1.95,3,ok
42992,2979,360.41,283.82,360.41,1.08,14,ok_undirected
42993,1604,349.82,373.87,349.82,0.85,6,ok
42993,2972,507.05,255.85,507.05,1.48,6,ok
42994,1670,205.17,99.33,205.17,0.63,9,ok
42994,3994,305.79,248.00,305.79,0.82,5,ok
42995,42996,372.03,273.80,372.03,1.06,6,ok
42996,44346,565.99,439.88,565.99,2.13,6,ok
42997,1207,275.54,181.32,275.54,1.05,5,ok
42998,42999,252.29,199.83,252.29,0.84,6,ok
42999,1665,96.92,119.51,96.92,0.34,6,ok
4300,4301,1999.15,1906.56,1999.15,1.69,4,ok
43000,42997,293.39,229.55,293.39,0.69,5,ok
43001,35407,328.13,224.75,316.59,0.93,27,ok
43002,17271,183.08,144.45,183.08,0.77,6,ok
43003,43005,240.92,201.28,240.92,0.77,5,ok
43004,43002,204.33,203.73,204.33,0.86,6,ok
43005,43007,227.86,180.54,227.86,0.97,5,ok
43006,43004,223.74,210.51,223.74,0.59,6,ok
43007,43009,94.20,124.95,94.20,0.22,5,ok
43008,43006,154.95,134.80,154.95,0.52,6,ok
43009,43011,386.67,278.55,386.67,0.81,5,ok
4301,4303,3034.85,2828.93,3034.85,2.60,4,ok
43010,43008,330.26,228.16,330.26,1.01,6,ok
43011,43013,157.44,136.43,157.44,0.41,5,ok
43012,43010,177.54,185.97,177.54,0.53,6,ok
43013,1668,262.47,180.82,262.47,0.69,5,ok
43014,1648,298.51,194.09,298.51,1.06,22,ok
43016,3065,321.52,233.18,321.52,1.57,11,ok
43017,44489,192.80,216.27,192.80,0.44,11,ok
43018,1586,106.29,122.45,106.29,0.27,18,ok_undirected
43018,42210,462.13,235.52,462.13,1.04,18,ok
43019,42588,335.71,325.23,15.38,0.91,14,ok
4302,4299,1965.52,1848.31,1965.52,1.89,2,ok
43021,38968,296.10,309.90,296.10,0.74,25,ok
43023,43019,169.57,214.22,0.00,1.08,25,no_coverage
4303,5631,635.68,335.30,635.68,1.14,4,ok
4304,4302,3068.48,2869.26,3068.48,3.08,2,ok
4305,4304,531.68,346.90,531.68,0.78,2,ok
43054,18788,6899.81,5850.36,6274.08,9.21,7,ok_undirected
43054,19456,8518.20,6948.31,8518.20,7.69,11,ok
43087,43088,467.09,189.62,467.09,1.14,10,ok
43088,42031,87.58,129.00,87.58,0.20,9,ok_undirected
43093,41577,374.65,265.72,374.65,0.78,3,ok
4310,20017,1911.26,1105.68,1068.37,1.58,1,ok
4310,20306,1911.26,1170.28,1068.37,1.58,2,ok
43107,18503,674.18,428.05,674.18,1.38,4,ok
43108,43107,0.00,234.89,0.00,0.83,4,no_coverage
43109,43108,761.18,542.52,761.18,1.79,4,ok
4311,4313,1268.69,1281.49,1221.97,0.91,2,ok
4311,4314,1283.68,1206.18,1283.68,0.93,1,ok
43110,43109,338.10,353.07,338.10,0.67,4,ok
43111,18327,660.93,582.75,0.00,1.02,2,no_coverage
43111,18328,625.99,593.76,0.00,1.35,2,no_coverage
43112,43111,505.79,376.23,0.00,1.78,4,no_coverage
43113,41570,514.04,441.73,514.04,1.60,3,ok
4312,20300,1351.50,1201.36,129.53,1.06,1,ok
43120,4335,286.48,247.90,286.48,0.54,2,ok
43125,5666,1131.74,979.17,396.26,14.34,1,ok
4313,4297,3825.53,3551.89,3825.53,2.97,4,ok
43130,43352,174.41,172.13,174.41,0.42,13,ok
43131,4778,449.58,409.98,449.58,0.73,1,ok
43131,4779,449.58,400.63,449.58,0.73,2,ok
4314,50588,1338.11,1358.82,1338.11,1.11,3,ok
43142,18452,1945.04,968.73,1703.54,3.20,7,ok
43142,51393,807.18,551.40,807.18,1.21,5,ok
43143,43145,138.62,143.94,138.62,0.72,22,ok
43145,44541,155.66,153.37,155.66,0.43,23,ok
43146,38664,239.26,184.06,239.26,0.49,26,ok
43147,21092,256.00,127.14,256.00,0.64,23,ok_undirected
43147,4665,570.92,381.48,570.92,1.85,16,ok_undirected
43147,4675,684.88,419.96,684.88,1.75,2,ok_undirected
43147,4676,725.33,689.11,725.33,1.62,4,ok_undirected
4315,4312,1415.27,1322.29,1368.56,1.20,1,ok
4315,4313,1368.56,1301.01,1368.56,1.16,2,ok
43156,19454,217.78,165.50,217.78,0.61,3,ok
43156,19457,269.18,124.37,269.18,0.72,3,ok
43158,19454,217.78,165.50,217.78,0.61,10,ok
43158,19457,269.18,124.37,269.18,0.72,3,ok
4316,4315,1731.71,1359.10,1731.71,1.39,3,ok
4317,34259,6336.11,5593.89,6336.11,5.49,4,ok
4319,4316,427.43,342.88,427.43,0.58,1,ok
4319,5213,359.37,513.90,359.37,0.58,3,ok
43207,41084,243.71,227.44,243.71,0.60,10,ok
43207,43208,281.08,238.98,281.08,0.70,9,ok_undirected
43208,3821,3047.47,1760.56,3047.47,3.71,9,ok_undirected
43210,3149,389.50,165.54,389.50,1.76,6,ok
43210,3169,193.87,214.55,193.87,0.65,25,ok
43211,43210,361.40,330.33,361.40,0.67,16,ok
43212,3171,174.75,159.68,174.75,0.44,19,ok
43218,40855,1219.42,996.34,1219.42,2.39,4,ok
4322,4316,1081.41,943.21,322.80,6.44,1,ok
4322,4317,1057.25,877.24,298.64,6.72,2,ok
4323,4322,615.55,213.73,615.55,1.38,3,ok
43245,18657,1090.00,943.57,1090.00,1.30,1,ok
43245,6870,1164.33,999.92,1152.24,1.38,2,ok
43246,18775,2093.39,839.75,2093.39,3.86,1,ok
43246,6981,2134.25,883.48,2085.41,3.02,2,ok_undirected
43247,17240,2491.85,2407.12,2491.85,2.48,3,ok
43248,43247,430.98,289.30,430.98,0.98,5,ok
43249,43248,229.87,163.12,229.87,0.57,5,ok
43250,43249,192.31,193.43,192.31,0.49,5,ok
43251,43250,592.02,356.67,592.02,1.52,5,ok
43255,19454,217.78,165.50,217.78,0.61,26,ok
43255,19457,269.18,124.37,269.18,0.72,3,ok
4327,4284,6128.58,3182.41,6128.58,6.52,2,ok
4327,4422,6118.82,3173.46,6118.82,6.47,1,ok
4328,19992,2313.19,2111.34,1464.53,2.56,4,ok
4332,19993,2394.21,1990.51,966.25,2.48,3,ok
4333,20816,4438.42,1910.28,4223.14,5.42,4,ok
4333,4332,1920.41,1747.25,1920.41,1.90,3,ok
4334,20815,3727.57,2717.92,3542.97,4.73,2,ok
4334,4348,,5922.70,,5.92,1,unreachable
43341,3728,383.57,377.00,383.57,0.75,7,ok
43342,43341,690.14,692.16,690.14,1.57,7,ok
43343,2875,1734.53,687.00,1734.53,3.60,7,ok
43345,50557,1591.84,1256.21,1591.84,1.83,24,ok
43345,50558,1844.80,1232.25,1844.80,3.98,5,ok_undirected
43346,1569,239.51,202.90,239.51,0.31,36,ok
43346,16929,304.34,253.52,304.34,0.41,2,ok_undirected
43346,42821,1445.76,906.72,1445.76,2.01,3,ok
43347,36004,266.04,339.84,266.04,0.43,3,ok
43348,40915,412.35,396.46,412.35,0.89,2,ok
43348,44334,433.78,344.91,433.78,0.94,2,ok
4335,4333,2830.85,2816.59,2830.85,2.29,2,ok
43350,4956,107.10,157.15,107.10,0.27,24,ok
43351,4576,188.22,191.13,188.22,0.52,34,ok
43352,19693,146.96,111.11,146.96,0.41,13,ok
43353,4972,481.78,328.40,481.78,1.19,11,ok
43354,41720,119.58,154.33,119.58,0.30,23,ok
43355,4577,580.55,500.05,580.55,1.50,10,ok
43355,4977,125.33,190.37,125.33,0.30,13,ok
43356,43355,183.19,193.15,183.19,0.48,23,ok
4337,18985,1278.15,1223.86,1278.15,1.61,2,ok
4337,34307,1248.28,1143.39,1212.89,1.55,3,ok
4339,5986,443.24,279.55,443.24,0.94,16,ok
43392,3190,345.71,293.95,345.71,0.82,3,ok
4342,20248,872.16,882.03,872.16,0.85,3,ok
43424,43427,336.97,202.61,336.97,0.86,12,ok
43426,51526,235.12,368.31,235.12,0.64,12,ok
43427,43429,225.10,218.09,225.10,0.65,12,ok
43428,43426,190.33,185.89,190.33,0.47,12,ok
43429,43432,409.02,335.19,409.02,1.20,12,ok
4343,4345,376.95,322.23,376.95,0.46,2,ok
43430,43428,229.54,238.12,229.54,0.67,12,ok
43431,43430,152.81,155.59,152.81,0.40,12,ok
43432,42572,811.93,671.24,811.93,1.57,12,ok
43433,49037,356.89,281.29,356.89,1.06,13,ok
4344,41696,3082.42,2335.29,534.23,4.21,2,ok
4344,4342,310.66,322.97,310.66,0.31,3,ok
43444,43447,244.15,243.21,244.15,0.30,3,ok
43446,43457,8955.27,470.75,8882.90,13.25,8,ok
43447,43449,293.36,275.53,293.36,0.33,3,ok
43448,43446,3183.76,310.04,3183.76,6.62,8,ok
43449,43451,467.14,452.88,467.14,0.69,3,ok
4345,19988,693.88,692.43,693.88,1.22,5,ok
4345,20042,737.65,643.73,737.65,1.34,2,ok
43450,43448,7047.39,442.35,6975.02,9.73,8,ok
43451,43452,266.13,203.63,266.13,0.42,3,ok
43452,43454,298.73,314.13,298.73,0.61,3,ok
43453,44363,358.15,302.33,358.15,0.72,8,ok
43454,1165,2729.84,2199.01,2729.84,2.82,1,ok
43454,1252,515.38,452.80,515.38,0.89,2,ok_undirected
43455,43453,279.77,286.43,279.77,0.84,8,ok
43457,16996,373.95,271.84,373.95,1.12,8,ok
43458,43444,540.18,410.20,540.18,1.07,3,ok
43459,43474,213.33,187.03,213.33,0.36,3,ok
4346,18984,559.85,516.01,260.70,0.63,7,ok
43460,1279,282.70,222.73,282.70,0.68,2,ok_undirected
43460,43458,734.43,415.37,734.43,1.34,2,ok
43460,50436,445.11,215.77,445.11,0.69,61,ok
43461,1284,142.85,140.39,142.85,0.29,53,ok_undirected
43462,43458,767.90,397.57,767.90,1.35,1,ok
43462,43460,251.27,123.56,251.27,0.54,2,ok_undirected
43463,43465,168.15,133.41,168.15,0.37,8,ok
43464,43462,204.79,195.73,204.79,0.54,3,ok
43465,43467,255.62,257.01,255.62,0.62,8,ok
43466,43464,264.93,242.44,264.93,0.74,3,ok
43467,43469,183.06,154.10,183.06,0.39,8,ok
43468,43466,196.44,188.92,196.44,0.55,3,ok
43469,44361,342.46,277.89,342.46,0.75,8,ok
4347,18983,1257.92,1350.22,1257.92,1.31,3,ok
4347,20042,1298.39,1282.92,1298.39,1.37,2,ok
4347,20439,666.95,387.76,666.95,0.89,2,ok
43470,43468,300.55,273.81,300.55,0.89,3,ok
43471,44669,230.79,232.55,230.79,0.39,59,ok_undirected
43473,1295,191.69,172.74,191.69,0.31,3,ok
43473,3371,648.06,426.11,648.06,1.16,1,ok
43474,44669,312.18,191.86,312.18,0.53,3,ok_undirected
43485,49067,773.15,682.84,139.77,2.68,7,ok
43485,5120,222.05,181.27,222.05,0.83,8,ok
4349,20251,1343.29,1053.26,1343.29,1.58,1,ok
43493,49611,1660.37,1593.16,1660.37,2.19,16,ok_undirected
43494,37570,1470.75,1303.87,1470.75,2.23,11,ok
43495,2513,410.93,235.85,410.93,1.18,12,ok
43496,43495,197.15,184.86,197.15,0.57,12,ok
43497,43496,168.06,202.02,168.06,0.40,12,ok
43498,43497,353.76,323.30,353.76,0.64,12,ok
43510,38920,165.40,255.55,165.40,0.30,18,ok
43512,42314,241.37,201.31,241.37,0.59,6,ok_undirected
43512,43514,320.10,226.07,320.10,0.82,28,ok_undirected
43513,1644,749.10,738.11,749.10,1.34,11,ok
43513,44098,1324.51,392.80,1324.51,2.77,7,ok
43513,44101,1324.51,392.80,1324.51,2.77,3,ok
43514,1636,2614.58,690.83,2614.58,4.48,10,ok
43514,17419,603.48,699.05,603.48,1.41,7,ok_undirected
43514,43656,202.14,247.88,202.14,0.52,11,ok_undirected
43518,2922,79.30,89.69,79.30,0.24,12,ok
4353,19936,386.16,393.19,386.16,1.14,2,ok
43530,43534,307.93,278.56,307.93,0.69,7,ok
43531,43535,337.38,301.47,337.38,0.70,7,ok
43532,43533,534.65,430.68,479.06,1.43,7,ok
43533,18579,475.21,379.61,475.21,1.26,7,ok
43534,6110,1185.25,580.89,1185.25,2.77,7,ok
43535,50890,226.92,270.31,226.92,0.50,7,ok
43536,43537,175.76,171.33,175.76,0.42,7,ok
43537,43538,310.79,348.81,310.79,0.83,7,ok
43538,6133,271.36,162.60,271.36,0.92,7,ok
43539,43546,321.41,199.99,321.41,0.80,7,ok
43540,43541,194.02,207.94,194.02,0.64,7,ok
43541,43542,655.70,452.74,655.70,1.52,7,ok
43542,43543,337.70,161.81,337.70,0.93,7,ok
43543,43544,350.54,319.09,350.54,0.96,7,ok
43544,6135,161.10,143.97,161.10,0.48,7,ok
43545,43547,857.03,623.00,857.03,2.46,7,ok
43546,21004,413.81,448.66,413.81,1.01,7,ok
43547,43549,408.88,398.68,408.88,0.91,7,ok
43548,43539,535.62,458.15,535.62,1.51,7,ok
43549,37825,251.75,356.99,251.75,0.63,7,ok
43550,43548,408.88,393.50,408.88,0.94,7,ok
43551,43554,453.10,85.25,453.10,0.97,7,ok
43552,37824,459.67,396.75,459.67,0.99,7,ok
43553,43552,262.16,187.20,262.16,0.51,7,ok
43554,6136,561.74,285.91,561.74,1.25,7,ok
4356,4210,,333.29,,1.07,10,unreachable
4356,4360,549.58,432.80,549.58,1.24,2,ok
4357,4356,215.64,186.97,215.64,0.24,12,ok
4358,50589,2158.44,2188.51,2158.44,1.59,8,ok
4358,6350,2933.39,2282.62,2921.57,2.98,1,ok
43598,2335,567.75,473.60,567.75,1.62,5,ok
4360,19934,1481.71,1455.24,1481.71,1.52,10,ok
43601,17902,224.93,163.46,224.93,0.29,5,ok
43601,5935,1437.73,1104.69,1437.73,1.51,1,ok
43602,41062,594.35,536.90,303.41,1.22,1,ok
43602,41063,303.41,332.16,303.41,0.62,3,ok
4362,19940,2238.15,2154.35,2238.15,1.58,9,ok
43621,43623,268.03,182.43,268.03,0.77,7,ok
43622,6622,1498.97,354.85,1498.97,2.99,8,ok
43623,43625,195.99,180.92,195.99,0.49,7,ok
43624,43622,407.37,225.26,407.37,1.14,8,ok
43625,43627,242.85,226.96,19.94,0.60,7,ok
43626,43624,195.99,172.74,195.99,0.81,8,ok
43627,43626,256.18,210.12,256.18,0.78,8,ok
4363,18999,3309.71,2912.21,3273.92,3.31,1,ok
4363,4283,2038.81,1852.52,2038.81,1.56,3,ok
4364,19943,1742.57,1769.98,1742.57,1.27,11,ok
4364,20049,3519.40,1302.40,3410.59,3.43,1,ok
43647,21208,422.77,250.18,422.77,1.33,4,ok
43647,51059,433.44,285.52,433.44,1.66,5,ok
43648,43647,262.68,369.81,262.68,0.41,9,ok
43649,43648,0.00,22.11,0.00,0.72,8,no_coverage
43650,43649,262.68,291.32,262.68,0.51,8,ok
43655,18570,638.64,680.85,638.64,1.01,2,ok
43655,21029,372.44,396.99,372.44,0.56,54,ok
43655,6120,509.28,340.54,509.28,1.01,8,ok
43656,1041,372.80,345.54,372.80,0.76,29,ok
43656,1042,332.00,253.31,332.00,0.68,47,ok
4366,21273,458.46,311.65,154.17,1.14,3,ok
43679,18114,494.46,378.79,494.46,1.37,7,ok
4368,37509,5073.74,2121.42,5073.74,3.71,1,ok
4369,20018,3771.09,3347.98,3771.09,2.77,1,ok
4369,20019,3824.25,3460.95,3824.25,2.83,2,ok
4370,20481,0.00,1108.27,0.00,0.88,1,no_coverage
4370,4373,7305.22,6954.41,4366.11,5.98,1,ok
4371,4366,6263.08,2276.77,1102.21,13.91,2,ok
43713,43736,231.75,172.09,231.75,0.56,7,ok
43714,43738,194.72,148.11,194.72,0.34,7,ok
43716,43718,96.78,112.66,96.78,0.25,7,ok
43717,21292,1444.23,99.23,1444.23,3.15,7,ok
43718,43722,588.48,385.07,588.48,1.42,7,ok
43719,43717,96.78,134.65,96.78,0.27,7,ok
4372,20084,3567.80,3554.76,3567.80,2.52,3,ok
4372,20088,3567.80,3577.66,3567.80,2.52,7,ok
43720,43719,369.54,277.33,369.54,1.07,7,ok
43721,43720,38.07,49.38,38.07,0.11,7,ok
43722,43723,93.13,154.92,93.13,0.23,7,ok
43723,43726,329.25,227.09,329.25,0.86,7,ok
43724,43721,274.00,228.98,274.00,0.81,7,ok
43725,43724,329.25,215.35,329.25,0.96,7,ok
43726,43727,172.61,220.12,172.61,0.47,7,ok
43727,43740,936.52,616.85,936.52,2.27,7,ok
43728,43725,406.30,318.41,406.30,1.32,7,ok
4373,4374,1886.42,1857.56,1886.42,1.34,15,ok
43730,18675,627.75,517.74,627.75,2.40,7,ok
43731,43732,260.05,245.60,260.05,0.63,7,ok
43732,43734,131.36,143.54,131.36,0.35,7,ok
43733,43730,260.05,222.98,260.05,0.62,7,ok
43734,43737,655.23,393.91,655.23,1.83,7,ok
43735,43733,226.42,193.15,226.42,0.58,7,ok
43736,43735,517.30,358.22,517.30,1.36,7,ok
43737,43714,153.54,128.34,153.54,0.41,7,ok
43738,43728,972.74,618.18,972.74,2.31,7,ok
43739,43713,194.72,190.31,194.72,0.40,7,ok
4374,20079,2160.21,2204.27,2160.21,1.56,12,ok
4374,20080,2160.21,2132.43,2160.21,1.56,3,ok
43740,43739,275.67,200.18,275.67,0.59,7,ok
4375,39185,1877.09,1788.05,1840.43,1.23,2,ok
4375,4372,1902.04,1842.78,1902.04,1.25,10,ok
43777,2394,973.48,469.33,973.48,1.61,2,ok
4380,4388,950.51,736.44,681.03,0.87,1,ok
4381,4289,197.75,189.99,197.75,0.46,29,ok
43815,2794,519.12,354.07,519.12,0.96,7,ok
43823,46505,954.88,871.92,954.88,0.92,2,ok
4384,20324,347.83,159.57,347.83,0.69,28,ok
43859,2792,1288.07,1132.53,1288.07,1.44,4,ok
43859,3456,1394.83,1159.62,1394.83,1.67,5,ok
43869,4870,4279.75,4127.65,4279.75,3.80,2,ok
4387,19999,1715.74,803.85,1707.15,1.79,1,ok
4387,20322,2005.92,612.00,1997.33,2.49,2,ok
4387,20324,1225.51,499.64,1179.32,1.73,1,ok
4387,4388,616.71,473.51,616.71,0.86,1,ok
4387,6336,550.63,340.71,550.63,0.77,2,ok_undirected
43870,19455,664.21,586.12,664.21,0.88,4,ok
43873,37570,214.79,123.60,214.79,1.17,24,ok
4388,20717,529.35,417.87,529.35,0.91,4,ok
4388,7156,308.37,334.69,308.37,0.42,18,ok
43884,41460,371.34,386.89,371.34,1.23,9,ok
43884,4256,0.00,88.37,0.00,0.95,7,no_coverage
43885,43884,432.78,313.45,432.78,1.40,16,ok
43886,21045,373.12,346.63,373.12,1.17,7,ok
43886,5209,303.62,358.90,303.62,0.82,10,ok
43887,43886,639.92,339.87,639.92,1.70,17,ok
43888,4193,224.82,132.98,224.82,0.70,15,ok_undirected
43889,43888,345.72,225.57,345.72,1.02,15,ok
43890,43889,67.76,190.24,67.76,0.16,15,ok
43891,43890,943.31,203.08,943.31,2.75,15,ok
43892,43891,294.17,190.01,294.17,0.94,15,ok
4390,20205,3569.96,3470.06,3569.96,2.78,1,ok
4390,20291,3569.96,3499.70,3569.96,2.78,2,ok
43906,40942,413.46,318.47,413.46,0.96,10,ok
43906,6025,502.61,409.68,502.61,1.16,14,ok
43907,43906,263.46,236.05,263.46,0.49,24,ok
43908,43907,379.29,415.10,379.29,0.70,24,ok
43909,18199,1253.75,551.72,1253.75,3.11,7,ok
43909,4162,630.44,347.59,630.44,1.35,20,ok
4391,4395,1848.21,1799.31,0.00,1.65,1,no_coverage
43910,43977,192.35,204.71,192.35,0.38,27,ok
43911,43913,71.85,90.06,71.85,0.17,12,ok
43911,4665,731.93,394.97,731.93,2.02,5,ok
43911,4924,581.64,319.45,581.64,1.54,14,ok
43912,43909,44.32,119.84,44.32,0.09,27,ok
43912,43977,0.00,14.82,0.00,0.25,5,no_coverage
43913,43912,252.57,194.92,252.57,0.53,32,ok
43914,20126,1258.56,758.84,0.00,1.35,2,no_coverage
43914,40306,9706.86,6260.06,7583.94,12.74,1,ok
43914,43916,1214.97,756.44,0.00,1.40,1,no_coverage
43915,43914,1114.37,701.44,0.00,1.23,4,no_coverage
43916,43919,649.57,362.86,0.00,0.68,1,no_coverage
43917,43915,618.80,443.32,0.00,0.51,4,no_coverage
43918,43917,2996.76,2655.72,0.00,2.98,3,no_coverage
43919,43918,2874.81,2565.49,0.00,2.23,1,no_coverage
4393,20205,5418.17,5305.52,5418.17,4.03,1,ok
4393,4390,1848.21,1835.46,1848.21,1.25,3,ok
43933,37288,374.96,371.73,374.96,0.85,12,ok
43934,4712,507.56,427.79,507.56,1.04,9,ok
43934,4713,630.89,383.81,630.89,1.28,5,ok
43935,5641,1901.33,1780.06,41.32,2.27,1,ok
4394,20366,7340.61,5992.97,7200.69,9.10,1,ok
43944,50872,88.53,140.26,88.53,0.33,28,ok
43945,43947,243.99,253.91,243.99,0.62,31,ok
43945,43949,825.82,378.60,825.82,2.10,2,ok
43946,43944,231.93,226.21,231.93,0.71,28,ok
43947,43949,581.83,181.83,581.83,1.47,20,ok
43947,5469,272.36,183.44,272.36,0.65,11,ok
43948,43946,497.49,205.43,497.49,1.30,18,ok
43949,5743,352.77,315.70,352.77,0.97,22,ok
4395,20093,2266.35,1764.68,2266.35,2.19,5,ok
43961,43962,576.23,476.94,576.23,2.05,12,ok
43961,48991,948.35,791.16,948.35,3.21,11,ok
43962,41120,246.85,197.64,246.85,0.81,12,ok
43962,48994,1052.98,965.93,1052.98,2.76,11,ok
43963,43961,475.19,470.17,475.19,1.32,12,ok
43963,50152,220.79,165.22,220.79,0.55,7,ok
43964,43963,368.94,311.08,368.94,1.75,19,ok
43965,43964,519.32,549.10,519.32,1.64,12,ok
43965,48971,814.48,373.31,814.48,2.30,11,ok
43966,35878,380.15,389.69,380.15,1.19,11,ok
43966,35880,653.82,302.05,653.82,2.29,19,ok
43967,43969,361.46,300.26,361.46,0.76,30,ok
43968,43965,289.02,218.44,289.02,1.12,12,ok
43969,43966,361.46,321.37,361.46,0.65,30,ok
43969,48985,352.54,309.74,307.93,0.88,11,ok
43971,19760,1377.07,1092.51,1377.07,2.04,19,ok
43972,4734,1137.42,891.13,1137.42,1.44,23,ok
43973,4722,1079.67,905.62,1079.67,1.32,6,ok
43974,43972,1078.68,1001.68,1078.68,1.29,6,ok_undirected
43977,43911,324.42,265.77,324.42,0.70,32,ok
4398,4395,3622.58,3409.27,3622.58,2.85,4,ok
4400,19825,247.26,256.72,247.26,0.27,10,ok
4400,34264,247.26,293.25,247.26,0.27,3,ok
4401,19829,2422.03,2286.69,2422.03,1.89,11,ok
4401,4402,2461.26,2337.40,2461.26,1.94,1,ok
44013,19679,1893.71,1154.21,1879.85,3.49,3,ok
44013,20283,1234.92,957.28,1234.92,1.90,12,ok
44013,20871,1569.46,685.60,1455.01,2.82,1,ok
44013,20872,1182.35,958.01,1182.35,1.77,1,ok
44017,44023,945.77,862.99,857.25,2.42,1,ok
44017,44050,791.58,475.31,791.58,2.03,23,ok
44017,44052,610.48,549.40,610.48,1.51,9,ok
4402,4404,1950.48,1980.22,1950.48,2.04,4,ok
44023,44051,409.68,222.19,26.75,1.28,1,ok
44025,18907,4153.18,3713.57,4153.18,4.68,3,ok
44025,20792,370.64,236.70,370.64,1.08,2,ok
4403,19828,2028.23,1988.17,59.62,2.57,1,ok
4403,19829,2037.77,1939.27,57.19,2.60,2,ok
44033,44065,512.58,333.58,512.58,1.56,58,ok
44035,44068,262.11,313.87,262.11,0.74,58,ok
44036,44038,105.12,79.86,105.12,0.19,26,ok
44037,17234,417.79,256.88,417.79,1.28,5,ok_undirected
44038,44060,210.09,205.19,210.09,0.34,31,ok
44039,6414,361.91,133.16,296.63,0.85,3,ok
44039,6417,43.94,156.17,43.94,0.15,3,ok
4404,4410,1974.31,1998.35,1974.31,3.36,4,ok
44040,44039,558.52,224.67,558.52,1.32,6,ok
44041,44040,82.40,171.61,82.40,0.20,6,ok
44042,44041,0.00,46.26,0.00,0.82,6,no_coverage
44043,44042,474.58,285.98,474.58,0.89,6,ok
44044,44043,166.33,202.67,166.33,0.42,6,ok
44045,44044,413.94,215.81,413.94,1.18,3,ok
44046,37176,170.76,131.93,170.76,0.44,3,ok
44047,44046,258.43,225.51,258.43,0.61,3,ok
44048,44047,82.00,119.25,82.00,0.24,3,ok
44049,44048,269.95,161.07,269.95,0.84,3,ok
44050,44033,236.09,277.49,236.09,0.55,58,ok
44051,44053,385.97,244.25,366.75,0.89,50,ok_undirected
44051,44054,581.52,443.77,581.52,1.54,1,ok
44052,46875,381.87,262.02,381.87,1.16,9,ok
44053,44054,175.80,203.64,175.80,0.39,32,ok_undirected
44053,44059,249.28,303.35,249.28,0.63,26,ok_undirected
44054,1632,427.61,377.14,427.61,0.84,3,ok
44054,17234,997.80,450.66,997.80,2.14,45,ok
44055,17294,1886.66,1307.62,1155.89,3.29,2,ok
44055,44057,,360.63,,1.00,9,unreachable
44056,44054,446.70,322.48,446.70,1.26,9,ok
44059,44036,588.10,235.68,588.10,1.80,26,ok
4406,4407,1836.13,1738.30,1836.13,1.70,2,ok
44060,44062,329.12,296.32,169.56,0.49,30,ok
44061,44017,351.84,223.60,351.84,0.74,33,ok
44061,44037,208.73,202.83,208.73,0.36,5,ok
44061,50557,2406.66,1732.66,1591.94,4.52,1,ok
44062,44056,451.82,332.50,451.82,1.07,9,ok
44063,44061,322.07,308.70,322.07,1.34,39,ok
44065,44035,286.36,301.66,286.36,0.72,58,ok
44068,44051,370.39,275.11,370.39,1.05,50,ok
44068,46875,461.28,405.82,461.28,1.38,8,ok
4407,20412,1093.59,1041.83,1093.59,1.35,5,ok
4408,20295,4985.81,3643.21,4985.81,4.52,2,ok
4409,4407,61.78,802.11,61.78,0.06,3,ok
44096,1057,2657.52,493.99,2657.52,5.45,7,ok
44096,1644,459.43,464.15,459.43,1.03,6,ok
44097,1644,459.43,464.15,459.43,1.03,11,ok
44098,1644,459.43,464.15,459.43,1.03,10,ok
44099,1057,2657.52,493.99,2657.52,5.45,6,ok
44099,1644,459.43,464.15,459.43,1.03,15,ok
44099,48060,1928.29,1315.18,1928.29,5.15,2,ok
4410,20295,1538.68,1447.17,1134.24,1.04,4,ok
44100,1644,459.43,464.15,459.43,1.03,7,ok
44101,1644,459.43,464.15,459.43,1.03,8,ok
44101,42314,1937.68,477.90,1937.68,4.40,7,ok
44101,43017,1271.36,484.84,1271.36,2.44,6,ok
44101,43512,1048.10,349.18,1048.10,2.02,17,ok
4411,4403,1974.31,1962.31,0.00,1.56,3,no_coverage
4412,19973,696.43,680.36,696.43,0.69,6,ok
4413,19972,1040.35,1008.91,1040.35,0.90,3,ok
4413,20296,1040.35,966.59,1040.35,0.90,3,ok
44137,20258,277.04,204.11,277.04,0.45,2,ok_undirected
44137,20963,255.98,278.83,255.98,0.52,10,ok_undirected
44138,20958,1134.23,276.83,968.42,1.88,14,ok
44139,21169,392.60,351.35,392.60,0.75,15,ok
4414,7166,6430.34,6230.00,5901.26,4.20,3,ok
44140,19386,363.92,324.06,363.92,0.71,27,ok
44141,4563,426.83,300.29,426.83,1.03,14,ok
44142,21104,188.68,174.29,188.68,0.42,38,ok
4415,20002,3372.81,3162.02,3372.81,3.15,3,ok
4416,19975,1057.00,1008.64,1057.00,0.84,6,ok
44166,4702,341.63,125.91,341.63,1.09,8,ok
44167,44223,128.56,254.06,128.56,0.40,12,ok
44188,44191,266.38,202.93,266.38,0.66,11,ok
44189,17689,300.30,273.02,300.30,0.54,11,ok
44190,44189,123.33,115.01,123.33,0.41,11,ok
44191,44192,184.78,163.34,184.78,0.45,11,ok
44192,44195,146.30,150.78,146.30,0.31,11,ok
44193,44190,218.77,194.38,218.77,0.75,11,ok
44194,44193,146.30,142.81,146.30,0.51,11,ok
44195,44196,342.68,214.72,231.56,0.84,11,ok
44196,44194,342.68,236.17,342.68,0.87,11,ok
4420,19980,1488.99,1216.71,746.75,1.67,3,ok
4420,20024,1536.90,1290.78,794.65,1.69,2,ok
44202,6002,275.79,176.71,275.79,0.75,8,ok
44203,40407,330.89,225.60,330.89,1.02,7,ok
44205,40412,289.39,247.65,289.39,1.25,22,ok
44206,44205,124.61,78.96,124.61,0.58,14,ok
44207,41280,253.79,130.82,253.79,1.18,8,ok
44208,40366,336.02,348.28,336.02,0.91,7,ok
4421,4328,6424.86,3059.73,0.00,4.95,4,no_coverage
44213,5603,166.87,181.65,166.87,0.49,7,ok
44214,44218,541.65,396.79,541.65,1.03,7,ok
44215,44214,379.64,410.82,379.64,0.69,7,ok
44216,44213,321.98,291.46,321.98,0.86,7,ok
44217,44216,565.25,561.73,565.25,1.21,7,ok
44218,19808,229.89,235.51,229.89,0.76,7,ok
44219,19483,178.61,196.84,178.61,0.48,6,ok
4422,4296,987.44,815.05,987.44,1.58,3,ok
44220,44219,375.25,230.31,362.46,0.88,6,ok
44221,6118,396.13,243.40,396.13,1.22,5,ok
44222,44167,450.50,224.44,435.18,2.35,11,ok
44223,50094,405.94,349.80,405.94,0.90,12,ok
44226,44217,188.74,175.17,188.74,0.46,7,ok
44235,44239,377.28,327.33,377.28,0.98,12,ok_undirected
44236,44238,279.39,217.69,279.39,0.73,11,ok
44237,44235,310.43,248.99,310.43,0.82,12,ok_undirected
44238,43433,280.42,144.68,280.42,0.95,13,ok
44238,49058,111.06,111.50,111.06,0.43,1,ok
44239,3161,330.51,170.43,330.51,0.89,12,ok
44240,44236,435.61,426.82,435.61,1.14,11,ok
44240,49058,826.06,612.09,826.06,2.29,2,ok
44241,35666,756.16,531.62,756.16,2.28,3,ok
44241,44237,610.45,324.61,610.45,1.53,12,ok
44242,1824,0.00,140.94,0.00,0.62,22,no_coverage
44243,17614,211.47,189.15,211.47,0.84,22,ok
44243,17623,604.75,242.39,604.75,2.06,45,ok
44243,5575,83.37,47.45,83.37,0.47,2,ok_undirected
44244,17665,78.46,78.10,78.46,0.10,11,ok_undirected
44245,38920,222.86,255.58,222.86,0.59,8,ok
44246,44206,70.74,108.29,70.74,0.34,14,ok
44247,41275,223.59,167.40,223.59,0.87,8,ok
4425,4287,4215.44,4138.56,0.00,3.21,4,no_coverage
4426,4435,3518.48,3270.35,3518.48,2.87,4,ok
44275,38165,54.69,67.10,54.69,0.14,5,ok
44276,18225,294.15,228.89,294.15,1.01,5,ok
44277,44278,178.05,79.31,158.57,0.38,5,ok
44278,44279,462.46,408.11,0.00,0.85,5,no_coverage
44279,44280,96.75,112.34,0.00,0.45,5,no_coverage
44280,44283,275.77,227.38,0.00,0.35,5,no_coverage
44281,38166,244.14,89.49,244.14,0.68,5,ok
44282,44281,141.90,168.34,141.90,0.35,5,ok
44283,44284,298.08,226.30,0.00,0.83,5,no_coverage
44284,44286,162.63,139.93,162.63,0.94,5,ok
44285,44282,202.42,193.90,0.00,0.25,5,no_coverage
44286,44285,258.29,206.72,258.29,0.86,5,ok
4429,20025,3579.28,3399.41,3579.28,2.82,2,ok
44294,19303,405.35,311.90,405.35,1.31,15,ok
44294,40403,588.22,404.32,588.22,1.66,7,ok
44295,44245,179.73,156.22,179.73,1.04,8,ok
44296,40348,210.73,223.60,210.73,0.43,8,ok
44296,41278,56.99,74.31,56.99,0.24,7,ok
44299,6010,293.10,274.29,293.10,0.83,22,ok
4430,4429,1146.84,1095.34,1146.84,0.98,2,ok
44300,44296,522.32,359.85,522.32,1.67,7,ok
44300,44299,388.10,373.48,388.10,1.23,15,ok
4431,4432,1085.91,1005.44,28.40,1.39,2,ok
4432,19979,155.65,143.95,155.65,0.15,4,ok
44334,1036,1405.29,1047.30,1405.29,1.62,2,ok
44334,36111,1326.24,1264.87,1326.24,1.83,5,ok
44341,17579,761.51,593.06,761.51,2.49,12,ok
44341,17595,514.74,412.04,514.74,2.32,24,ok
44341,48062,326.92,306.26,326.92,1.41,31,ok
44342,18341,3519.24,3017.57,3360.94,3.79,2,ok
44342,18919,3357.26,3020.00,3357.26,3.61,11,ok
44343,18957,1218.42,862.05,1218.42,2.82,2,ok
44343,18960,938.86,809.95,938.86,1.54,2,ok
44343,49750,4271.50,2228.37,479.09,7.09,2,ok
44346,1133,132.93,134.37,132.93,0.97,6,ok
44347,42505,618.97,248.69,618.97,1.47,6,ok_undirected
44348,44492,204.80,268.64,204.80,0.39,6,ok
4435,19449,2501.37,2310.09,2501.37,2.24,3,ok
4435,4432,1413.24,1315.70,1413.24,1.40,1,ok
44353,39061,947.73,568.31,947.73,1.40,3,ok
44354,39050,1103.98,796.92,1103.98,1.66,3,ok
44355,44365,580.78,498.73,580.78,1.27,3,ok
44356,38574,322.68,300.67,322.68,0.67,3,ok
44357,38575,263.62,236.84,263.62,0.66,3,ok
44358,4030,791.54,800.88,791.54,1.71,14,ok
44359,43470,520.25,359.98,520.25,1.12,3,ok
44360,44669,274.45,205.88,274.45,0.58,5,ok_undirected
44360,51915,689.80,392.21,689.80,1.66,3,ok
44361,44360,478.34,283.97,478.34,1.06,8,ok
44362,43463,141.89,145.92,141.89,0.31,8,ok
44363,43450,4639.62,240.59,4639.62,9.04,8,ok
44364,44357,1109.08,1019.05,683.37,1.39,1,ok
44364,44366,1104.26,1102.04,652.27,1.34,1,ok
44364,50213,610.57,573.24,610.57,0.71,7,ok
44365,44356,248.92,204.20,248.92,0.42,3,ok
44366,36005,373.41,389.30,0.00,0.81,2,no_coverage
4438,7173,2207.70,1572.34,2207.70,2.42,2,ok
4439,4453,3352.25,3204.86,36.36,8.81,1,ok
44394,4773,1045.50,247.91,1045.50,2.03,11,ok
44395,20386,207.96,236.72,207.96,0.44,12,ok
44397,42994,346.22,340.93,346.22,1.03,9,ok
44425,4514,156.10,126.36,156.10,0.44,43,ok
44425,5070,79.59,119.17,79.59,0.23,15,ok
4443,38206,223.06,244.35,223.06,0.78,5,ok
44440,17969,433.28,448.40,433.28,0.60,12,ok
44440,17989,427.99,376.99,427.99,0.58,31,ok_undirected
44442,17991,499.53,362.62,499.53,1.02,12,ok
44443,39705,236.65,264.37,236.65,0.64,12,ok
44448,2444,4339.47,254.30,4225.30,7.91,4,ok
44449,7270,1161.50,1000.92,0.00,2.93,4,no_coverage
44450,42589,462.83,435.30,462.83,1.50,11,ok
44451,17039,143.85,236.19,143.85,0.32,4,ok
4446,38114,1061.94,842.36,1061.94,2.04,4,ok
4446,4349,8205.60,4363.34,8205.60,8.40,1,ok
4446,51573,1105.81,980.64,1105.81,1.20,2,ok
4447,4449,2420.44,1584.62,2420.44,2.76,4,ok
4448,4446,2420.44,1562.88,2420.44,2.47,7,ok
44489,43016,573.33,383.14,297.88,1.99,11,ok
4449,4450,425.49,372.17,425.49,0.82,4,ok
44491,42506,262.95,275.92,262.95,0.56,9,ok
44492,42993,328.50,278.88,328.50,0.70,6,ok
4450,38252,3131.44,2020.06,3131.44,4.35,4,ok
4451,4438,3244.95,3133.69,3244.95,3.20,1,ok
44516,5042,1611.61,1233.92,1598.71,2.70,5,ok
44517,35374,1160.18,943.53,1160.18,2.87,5,ok
4452,48852,3103.57,2868.33,3103.57,4.94,4,ok
4452,6098,3358.65,2971.37,3080.89,5.33,2,ok
4453,38251,270.62,267.38,257.93,0.75,2,ok
4453,4455,257.93,231.73,257.93,0.72,9,ok
4454,4451,350.23,303.60,350.23,1.05,1,ok
4454,4452,423.41,397.02,423.41,1.26,6,ok
44540,44546,295.37,294.62,295.37,0.57,22,ok
44541,44540,270.31,226.99,270.31,0.64,22,ok
44541,44546,565.68,391.74,565.68,1.21,1,ok
44542,43144,138.62,117.53,0.00,0.69,21,no_coverage
44543,44542,177.92,190.82,173.12,0.42,21,ok
44544,44543,233.79,160.93,233.79,0.55,21,ok
44545,44544,129.89,189.22,129.89,0.28,21,ok
44546,38965,258.48,215.27,258.48,0.66,16,ok
44546,43142,240.18,171.56,240.18,0.57,7,ok_undirected
44547,43145,781.46,552.02,776.66,1.71,1,ok
44547,44545,239.86,166.51,239.86,0.47,21,ok
4455,4456,272.02,270.75,272.02,0.77,8,ok
44553,40967,655.77,564.29,655.77,1.58,10,ok
44554,20139,557.74,583.52,557.74,1.18,10,ok_undirected
44555,44554,173.96,87.82,173.96,0.34,10,ok
44556,44555,487.75,294.50,487.75,1.06,10,ok
44557,44556,234.21,249.06,234.21,0.44,10,ok
44558,44557,191.20,199.59,191.20,0.45,10,ok
44559,44897,655.98,411.38,655.98,1.78,10,ok
4456,4458,365.65,273.29,365.65,0.93,8,ok
44560,44559,234.21,244.49,234.21,0.46,10,ok
44561,44560,487.75,306.36,487.75,1.06,10,ok
4458,39166,2591.68,2358.70,2591.68,3.41,7,ok
4458,4462,5748.21,2760.96,5748.21,9.56,1,ok
4462,20256,2187.46,1439.45,2187.46,2.72,5,ok
44631,44645,164.38,185.43,164.38,0.26,9,ok
44632,2745,307.73,235.94,307.73,0.52,10,ok
44633,44651,89.26,186.83,89.26,0.20,10,ok
44634,44638,1118.48,216.73,1118.48,2.73,9,ok
44635,44646,263.39,224.32,263.39,0.83,9,ok
44636,44637,440.69,194.51,440.69,1.20,10,ok
44637,44633,1118.48,241.60,1118.48,2.90,10,ok
44638,44635,0.00,186.82,0.00,0.28,9,no_coverage
44639,44642,248.22,264.05,248.22,0.65,10,ok
44640,17097,163.32,115.88,163.32,0.49,9,ok
44641,44640,319.52,254.93,319.52,0.76,9,ok
44642,44643,295.83,139.89,295.83,0.69,10,ok
44643,17097,661.36,436.22,661.36,1.46,10,ok
44644,44632,164.38,151.20,164.38,0.33,10,ok
44645,17106,263.38,212.86,263.38,0.50,9,ok
44646,44648,263.39,144.59,263.39,0.73,9,ok
44647,44636,440.69,75.13,440.69,1.28,10,ok
44648,17102,509.27,279.27,509.27,1.35,9,ok
44650,44634,89.26,150.15,89.26,0.17,9,ok
44651,44653,264.06,215.86,264.06,0.70,10,ok
44652,44650,152.27,205.96,152.27,0.31,9,ok
44653,2598,225.93,223.46,225.93,0.72,10,ok
44669,51813,399.07,254.33,399.07,0.84,54,ok
44669,51915,519.02,285.34,519.02,1.26,5,ok
44669,51918,519.02,285.34,519.02,1.26,2,ok
44669,51919,519.02,285.34,519.02,1.26,6,ok
44670,44675,204.68,156.22,204.68,0.62,25,ok
44673,44670,191.83,164.86,191.83,0.59,25,ok
44674,16968,219.98,232.03,219.98,0.59,18,ok
44675,49879,206.57,207.46,206.57,0.58,25,ok
44676,44678,170.71,171.08,170.71,0.58,7,ok
44677,44676,357.08,343.53,357.08,0.89,7,ok
44678,16976,409.41,195.34,409.41,0.89,7,ok
44679,44359,217.49,205.28,217.49,0.32,3,ok
4469,4473,252.70,231.12,252.70,0.66,26,ok
4469,4526,232.60,118.03,232.60,0.59,14,ok
4470,4729,358.07,353.02,358.07,1.04,13,ok_undirected
4470,4909,293.98,283.01,293.98,0.77,29,ok
4471,4472,201.61,236.55,201.61,0.54,28,ok
44710,35913,298.84,239.26,298.84,1.34,4,ok
44710,44720,383.69,259.12,383.69,1.09,5,ok
44711,44719,289.18,293.91,289.18,0.93,4,ok
44712,44714,340.31,217.73,340.31,0.74,4,ok
44713,44718,912.33,996.26,912.33,2.02,5,ok
44714,44716,382.41,348.34,382.41,1.07,4,ok
44715,44713,412.67,422.84,412.67,0.88,5,ok
44716,50307,40.61,181.45,40.61,0.13,4,ok
44717,44715,601.85,331.37,601.85,1.45,5,ok
44718,44710,288.01,229.16,273.67,0.80,9,ok
44719,44712,1202.93,1081.97,1202.93,3.49,4,ok
44719,44717,461.40,381.65,461.40,1.44,5,ok
4472,4470,344.96,221.60,344.96,0.96,28,ok
44720,4081,511.47,407.57,511.47,1.51,5,ok
44721,44711,319.35,287.76,319.35,1.22,4,ok
44723,44721,1106.25,945.46,1106.25,3.80,4,ok
44724,44726,511.05,355.12,511.05,1.44,5,ok
44725,44723,134.77,177.05,134.77,0.55,4,ok
44726,44727,170.48,216.18,170.48,0.31,5,ok
44727,44730,122.41,92.55,122.41,0.22,5,ok
44728,35915,350.13,240.81,350.13,0.84,5,ok
44729,44725,709.91,366.19,709.91,1.80,4,ok
4473,4474,229.02,233.65,229.02,0.68,26,ok
44730,44728,234.80,292.70,234.80,0.50,5,ok
44731,4141,539.83,571.80,539.83,1.41,9,ok
44732,44731,105.46,156.57,105.46,0.27,9,ok
44734,44732,717.39,441.37,717.39,1.93,9,ok
4474,4477,227.44,209.57,227.44,0.67,11,ok
4474,5079,290.38,135.31,290.38,0.82,15,ok
4475,4471,330.05,242.25,330.05,0.88,28,ok
4476,4469,167.45,96.94,167.45,0.52,40,ok
4477,4527,298.11,263.22,298.11,0.83,1,ok
4477,4570,306.82,237.83,306.82,0.93,10,ok
44776,41455,269.49,229.57,269.49,0.52,10,ok
4479,18488,861.12,543.91,861.12,1.62,83,ok_undirected
4479,4975,698.91,613.56,698.91,1.15,33,ok
44793,44795,1930.67,1510.42,0.00,21.98,181,no_coverage
44795,44793,1930.67,1510.42,0.00,11.70,181,no_coverage
44795,44798,2459.50,2236.97,0.00,14.73,181,no_coverage
44798,44795,2459.50,2236.97,0.00,14.98,181,no_coverage
4480,4735,1374.91,1193.99,545.82,3.86,2,ok
4480,5033,1166.84,997.48,459.39,2.38,3,ok
4482,4484,732.10,648.08,596.46,1.52,5,ok_undirected
4482,5185,497.13,356.70,497.13,1.00,13,ok_undirected
44825,17575,260.45,211.32,260.45,0.55,36,ok
44826,38615,4113.02,2950.20,4018.65,4.61,3,ok
44826,48253,1328.81,1108.83,1328.81,1.47,10,ok
4483,35311,546.27,340.61,546.27,1.17,6,ok_undirected
44830,46457,408.34,363.17,408.34,1.09,14,ok
44831,50127,205.17,242.39,205.17,0.54,11,ok
4484,40677,459.86,248.34,327.36,2.38,10,ok
4484,4483,380.55,343.74,244.92,1.12,6,ok_undirected
4485,4492,291.82,320.79,291.82,0.57,26,ok
44850,2581,387.54,348.88,387.54,1.06,11,ok
44851,35945,268.05,224.92,268.05,0.71,12,ok
4486,4489,595.68,105.18,595.68,1.15,27,ok
4487,4494,202.16,144.11,202.16,0.65,26,ok
4488,4499,252.90,275.06,252.90,0.61,26,ok
4489,4490,292.33,279.76,292.33,0.66,27,ok
44897,44553,208.38,167.91,208.38,0.74,10,ok
44898,44558,355.68,260.64,355.68,1.01,10,ok
44899,44898,436.38,329.59,436.38,1.33,10,ok
4490,5028,478.21,243.53,478.21,1.06,27,ok
4491,4486,267.70,257.01,267.70,0.65,27,ok
4492,4487,245.93,242.60,245.93,0.58,26,ok
44927,5454,329.19,396.35,329.19,1.08,11,ok
44928,51409,820.97,591.40,580.67,1.61,11,ok
4493,5069,114.98,156.11,114.98,0.24,27,ok
4494,4912,216.43,185.60,216.43,0.80,26,ok
44940,40941,164.71,196.32,164.71,0.42,10,ok
44945,3573,630.08,317.64,630.08,1.10,19,ok_undirected
4495,4692,1085.11,703.59,546.62,2.31,1,ok
44951,4292,178.60,131.72,178.60,0.43,9,ok
44952,44951,319.62,356.62,319.62,0.73,9,ok
44953,44952,279.97,200.40,279.97,0.79,9,ok
44954,44953,198.95,194.94,198.95,0.55,9,ok
44955,44954,346.74,328.79,346.74,0.77,9,ok
44956,36099,3081.38,2139.02,3081.38,4.60,16,ok
44957,2771,638.51,548.91,638.51,1.70,19,ok_undirected
4496,4869,786.07,760.58,0.00,0.67,3,no_coverage
44964,35889,253.76,146.37,253.76,0.94,19,ok
44967,19932,996.53,1002.88,996.53,1.61,2,ok
44967,19933,1019.40,959.75,1019.40,1.62,3,ok
44968,20216,1419.91,1441.94,1419.91,1.04,3,ok
4499,4485,571.57,91.01,571.57,1.16,26,ok
4500,21137,621.70,577.62,621.70,1.32,16,ok
4500,21151,339.45,247.55,339.45,0.81,31,ok
4500,4150,649.66,309.98,649.66,1.45,113,ok
45005,1548,334.61,97.16,111.65,0.80,7,ok
4501,18359,1235.59,869.44,1235.59,2.73,10,ok
4502,4913,296.12,299.17,296.12,0.58,29,ok
4503,4508,281.17,273.41,281.17,0.37,6,ok
4504,41935,377.82,161.72,377.82,1.13,6,ok_undirected
4504,41939,872.98,137.61,872.98,2.12,3,ok
4504,41978,872.98,137.61,872.98,2.12,2,ok
4504,4820,1814.65,810.84,1790.76,3.10,4,ok
4505,4970,598.02,530.57,598.02,1.23,26,ok_undirected
4505,6326,372.28,321.18,372.28,0.73,24,ok
4506,18464,307.51,154.66,307.51,0.72,22,ok
4506,21126,410.02,318.08,410.02,0.97,45,ok
4506,38560,593.86,249.47,593.86,1.34,13,ok
4506,4265,175.46,94.52,22.29,0.37,1,ok
4506,4529,238.74,218.11,238.74,0.56,74,ok
4507,43147,752.72,388.23,743.29,2.32,4,ok
4507,4675,239.61,211.40,239.61,0.74,16,ok
4507,4924,224.99,188.89,224.99,0.69,104,ok
4507,50258,371.37,315.21,371.37,1.28,11,ok
4508,5172,385.49,320.52,385.49,0.73,6,ok
4509,4511,362.56,390.23,362.56,0.46,114,ok
4509,4728,964.86,910.57,964.86,1.34,1,ok
4509,4790,1630.77,1606.09,1630.77,2.26,2,ok
4509,5026,1014.08,989.42,1014.08,1.37,15,ok
4510,35337,707.27,584.90,707.27,1.73,26,ok_undirected
4510,4530,3355.26,1585.69,3355.26,4.53,2,ok
4510,4980,4132.04,2171.36,4132.04,6.15,1,ok
4510,6254,503.01,542.92,503.01,0.73,97,ok_undirected
4511,41743,982.63,544.28,982.63,1.84,43,ok
4511,4728,602.30,520.40,602.30,0.88,22,ok
4511,5026,651.52,601.47,651.52,0.90,48,ok
4512,47851,942.03,630.76,691.79,2.02,26,ok
4512,48054,871.64,784.64,871.64,1.93,18,ok
4512,4980,457.02,392.87,457.02,1.00,39,ok
4513,41742,156.17,158.88,156.17,0.51,14,ok
4513,4729,333.82,241.16,333.82,0.80,15,ok_undirected
4514,4613,157.30,166.37,157.30,0.34,43,ok
4515,19561,443.86,453.40,443.86,0.83,17,ok
4515,4628,449.40,383.57,449.40,0.88,18,ok
4516,4710,568.03,497.24,504.82,0.67,1,ok
4517,18401,335.64,184.55,335.64,0.83,1,ok
4517,4855,427.42,369.97,427.42,0.97,71,ok
4518,4928,244.24,137.23,244.24,0.67,37,ok
4519,4595,334.26,310.53,334.26,0.86,7,ok
4520,4519,190.76,199.23,190.76,0.40,7,ok
4521,4522,319.69,342.40,319.69,0.76,5,ok
4522,4504,976.20,455.09,952.31,2.38,5,ok
4523,4524,1893.91,220.50,1893.91,4.79,29,ok
4524,4475,254.16,234.39,254.16,0.81,1,ok
4524,4570,260.53,251.39,260.53,0.77,28,ok
4525,4528,134.32,155.04,134.32,0.37,14,ok
4525,5015,457.35,422.68,457.35,1.09,15,ok
4526,4523,134.32,174.16,134.32,0.36,14,ok
4527,4525,418.73,99.45,418.73,1.00,29,ok
4528,4470,400.06,162.46,400.06,1.20,14,ok
4529,21113,521.48,519.93,521.48,1.04,12,ok
4529,4704,556.75,463.18,556.75,1.13,63,ok
4530,4512,319.75,282.07,319.75,0.62,83,ok
4530,4980,776.77,617.18,776.77,1.62,4,ok
4531,4919,355.04,282.71,288.02,0.79,2,ok
4532,4507,206.06,160.81,206.06,0.53,121,ok
4533,4832,2806.82,402.86,2806.82,6.64,11,ok
4533,5096,356.84,254.74,356.84,0.77,13,ok
4534,4533,783.64,592.74,783.64,1.59,24,ok
4535,4840,329.97,203.33,329.97,0.85,36,ok_undirected
4537,41742,633.46,632.81,633.46,1.29,13,ok_undirected
4538,4615,420.04,356.68,420.04,1.04,59,ok
4540,19687,329.06,329.08,329.06,1.07,18,ok
4540,43130,506.74,347.78,506.74,1.59,13,ok
4541,4722,666.99,327.05,666.99,1.75,29,ok
4542,4775,588.42,617.89,588.42,1.18,34,ok
4543,4592,178.08,169.87,178.08,0.58,27,ok
4544,4974,421.28,258.43,421.28,1.06,27,ok
4546,4538,311.57,179.15,311.57,0.88,43,ok
4547,4546,180.76,239.22,180.76,0.48,43,ok
4548,4549,480.87,374.59,480.87,1.14,31,ok
4548,6858,276.63,189.30,276.63,0.72,15,ok
4549,35465,661.71,669.41,661.71,1.99,6,ok
4549,4505,59.24,22.72,59.24,0.20,15,ok
4549,47851,1195.77,649.12,1089.12,3.46,19,ok
4549,48181,1241.28,610.14,1241.28,3.04,6,ok
4550,4601,298.15,188.11,298.15,0.81,24,ok
4551,41943,500.19,379.02,138.30,1.68,1,ok
4551,43351,285.15,241.69,285.15,0.95,13,ok
4552,4557,226.85,218.05,226.85,0.56,14,ok
4553,4551,226.50,125.90,226.50,0.70,14,ok
4554,4555,619.75,113.08,619.75,1.66,13,ok
4555,4559,114.30,88.91,114.30,0.29,13,ok
4556,4553,608.31,135.87,608.31,1.63,14,ok
4557,4556,114.30,66.06,114.30,0.26,14,ok
4558,4554,226.50,136.81,226.50,0.55,13,ok
4559,5164,226.85,183.12,226.85,0.61,13,ok
4560,4563,292.61,234.69,292.61,0.92,25,ok
4561,6167,552.48,489.28,552.48,1.24,28,ok
4562,39225,837.79,668.18,837.79,1.78,28,ok
4562,43974,351.20,297.02,351.20,0.61,6,ok
4563,19391,306.95,216.84,306.95,0.88,14,ok
4563,43147,640.14,387.83,630.71,1.78,10,ok
4563,5088,713.97,308.44,704.54,1.98,15,ok
4565,35410,871.14,414.22,871.14,2.56,15,ok
4565,4573,476.65,415.07,458.09,1.35,43,ok_undirected
4565,4668,809.52,488.31,809.52,2.38,91,ok
4566,4854,402.29,323.81,402.29,1.09,130,ok
4566,6861,426.75,267.65,426.75,1.25,13,ok_undirected
4567,4950,379.69,149.12,379.69,0.88,30,ok
4568,4624,204.15,143.03,204.15,0.56,7,ok
4568,4943,250.43,204.36,250.43,0.63,7,ok
4569,5014,607.48,253.27,607.48,1.43,6,ok
4570,4572,211.74,160.08,211.74,0.64,61,ok
4571,4817,263.39,224.13,263.39,0.72,40,ok
4572,4847,139.84,147.96,139.84,0.45,61,ok
4573,4959,592.27,426.35,573.70,1.42,43,ok
4574,18413,435.45,298.62,435.45,0.93,39,ok
4574,18474,661.84,445.66,661.84,1.34,18,ok
4574,18480,657.49,300.31,657.49,1.40,14,ok
4576,4907,213.53,152.58,213.53,0.59,5,ok
4576,5037,146.13,141.25,146.13,0.42,37,ok
4577,19693,364.69,330.02,364.69,0.95,25,ok
4577,5093,123.55,84.73,123.55,0.32,13,ok
4578,4589,451.90,232.15,451.90,1.49,21,ok
4579,41715,808.82,474.16,808.82,2.14,10,ok
4579,5917,1160.47,609.66,1160.47,2.54,11,ok
4580,4579,324.45,270.44,324.45,0.77,21,ok
4581,46348,195.15,251.86,195.15,0.56,26,ok
4581,5022,212.23,145.75,212.23,0.69,1,ok
4582,4583,175.49,202.91,175.49,0.34,7,ok
4583,4606,321.69,230.76,321.69,0.62,7,ok
4584,38762,382.70,269.88,382.70,0.94,28,ok
4584,4587,302.37,306.12,302.37,0.73,18,ok
4585,4584,185.56,224.24,185.56,0.42,46,ok
4586,4842,241.34,241.35,241.34,0.74,29,ok
4586,5013,307.08,269.44,307.08,0.91,32,ok
4587,4586,300.24,221.82,300.24,0.68,18,ok
4588,21093,420.09,277.20,420.09,1.09,18,ok
4588,4535,464.45,465.29,464.45,1.14,36,ok
4589,43356,311.16,187.06,311.16,1.04,10,ok
4589,4965,260.74,79.03,260.74,0.81,11,ok
4590,4500,329.82,355.23,329.82,0.72,160,ok
4591,4729,411.33,406.67,411.33,1.10,11,ok_undirected
4592,19690,268.15,180.13,268.15,0.84,27,ok
4593,4544,352.95,277.95,352.95,1.07,27,ok
4594,4631,354.66,341.32,354.66,0.75,11,ok
4595,4602,319.16,248.26,319.16,0.77,7,ok
4596,17557,260.71,174.44,260.71,0.49,147,ok_undirected
4596,18428,402.56,381.42,402.56,0.88,28,ok_undirected
4597,4903,199.50,136.36,199.50,1.23,24,ok
4598,4566,284.44,338.40,284.44,0.79,143,ok
4601,5031,204.73,187.17,204.73,0.58,24,ok
4602,4672,274.17,242.68,274.17,0.66,7,ok
4603,4521,312.05,284.10,312.05,0.69,5,ok
4604,4603,345.63,256.47,345.63,0.89,5,ok
4606,4607,147.58,161.45,147.58,0.32,7,ok
4607,43933,1080.58,724.02,1080.58,2.03,7,ok
4608,35423,486.43,362.75,486.43,1.22,17,ok
4609,4610,300.89,288.18,300.89,1.03,7,ok
4609,4616,165.17,156.62,165.17,0.58,5,ok
4610,4582,305.24,203.37,305.24,0.63,7,ok
4611,4612,238.41,222.09,238.41,0.71,12,ok
4612,4609,231.83,236.07,231.83,0.85,12,ok
4613,4614,180.83,124.78,180.83,0.37,43,ok
4614,5058,179.76,212.05,179.76,0.48,43,ok
4615,38763,330.88,244.16,330.88,0.94,28,ok
4615,5059,291.86,299.82,291.86,0.74,31,ok
4616,4825,352.05,261.38,352.05,0.84,6,ok
4616,4942,513.27,445.58,513.27,1.08,5,ok
4617,4616,152.66,191.25,152.66,0.34,6,ok
4618,4766,1820.01,1616.95,1820.01,1.43,6,ok
4620,5034,559.20,398.25,559.20,1.48,36,ok
46217,47150,233.68,248.45,233.68,0.55,14,ok
4622,4623,484.35,427.75,484.35,1.30,19,ok
4622,50822,349.90,313.97,349.90,1.04,5,ok
4623,4625,335.13,258.85,335.13,0.91,15,ok
4623,4626,593.32,583.80,593.32,1.54,4,ok
46230,18510,497.21,382.47,497.21,0.75,20,ok
4624,4611,341.63,254.78,341.63,0.97,7,ok
4624,4622,320.03,297.08,320.03,0.98,10,ok
4624,5016,337.20,234.06,337.20,0.96,6,ok_undirected
46241,46978,1057.92,280.37,1057.92,2.35,11,ok
4625,4626,613.40,334.57,613.40,1.58,15,ok
4626,19561,55.66,75.48,55.66,0.12,5,ok
4626,4658,388.20,385.07,388.20,0.70,14,ok_undirected
4627,40840,327.85,253.99,327.85,0.81,5,ok
4627,4943,342.46,264.58,342.46,0.80,21,ok
4628,4629,345.61,335.54,345.61,0.84,23,ok
4628,4663,1145.26,661.93,1145.26,3.18,2,ok
4629,4663,799.65,358.12,799.65,2.34,23,ok
4630,34293,487.75,552.17,487.75,1.18,9,ok
4630,6169,678.36,453.56,678.36,1.43,14,ok
4630,6855,366.22,267.51,366.22,0.99,15,ok
4631,42431,406.77,373.18,406.77,1.16,15,ok
4631,44394,390.69,390.48,390.69,1.12,11,ok
46310,46507,256.55,245.85,256.55,0.55,11,ok
46319,42484,453.37,283.54,453.37,1.64,30,ok
4632,4631,0.00,20.36,0.00,0.78,15,no_coverage
4632,4667,354.66,324.57,354.66,0.75,14,ok_undirected
46322,46506,554.36,360.38,554.36,1.50,26,ok
4633,18481,361.42,228.09,361.42,0.92,41,ok
4633,18483,364.95,227.26,364.95,0.99,34,ok
4633,4195,54.42,74.47,54.42,0.15,11,ok
4633,4560,611.16,385.73,611.16,1.80,25,ok
4634,19086,514.63,482.80,514.63,1.24,74,ok_undirected
4634,42541,510.42,227.63,510.42,1.16,3,ok
4634,47768,352.87,189.74,352.87,1.06,12,ok_undirected
4634,47791,510.42,227.63,510.42,1.16,2,ok
46348,47232,458.61,211.85,458.61,1.15,26,ok
4635,4565,356.91,201.74,356.91,1.06,117,ok_undirected
4636,4632,322.28,318.06,322.28,0.93,14,ok_undirected
4636,49556,391.92,260.27,391.92,0.93,15,ok
4637,40665,2732.34,1886.19,2732.34,2.75,6,ok
4637,4720,2221.88,2151.52,2221.88,1.74,9,ok
46377,20603,2268.11,1992.32,2268.11,1.96,14,ok
4638,4902,1970.64,1684.94,1970.64,1.58,20,ok
4639,4932,207.37,165.10,207.37,0.40,5,ok
46399,20603,2537.16,2100.08,2537.16,2.44,1,ok
46399,46377,269.05,217.42,269.05,0.48,9,ok
46399,47145,457.03,221.13,457.03,0.77,10,ok
46399,47163,601.03,257.14,576.64,0.92,2,ok
4640,40579,340.29,221.99,340.29,1.23,4,ok
4643,4531,2907.55,2485.37,2315.85,4.80,2,ok
46432,20711,2081.08,2080.41,2081.08,1.65,4,ok
4644,4645,444.71,375.37,444.71,0.71,4,ok
4645,4843,3779.93,2856.74,3472.46,6.37,2,ok
4645,4873,4489.66,3707.24,4199.70,5.52,2,ok
46457,46217,474.54,290.77,474.54,1.07,14,ok
4647,4648,208.54,234.27,208.54,0.40,59,ok
46470,50018,3432.75,3341.62,3432.75,2.56,5,ok
4648,18425,387.51,261.99,387.51,0.84,59,ok
4649,4673,208.54,181.47,208.54,0.51,63,ok
4650,18385,250.47,222.71,250.47,0.56,23,ok
4650,4633,496.05,335.67,423.68,1.40,45,ok
46504,47179,155.82,180.35,155.82,0.43,13,ok
46505,1111,3008.39,2696.66,3008.39,3.60,2,ok
46506,5022,225.78,228.09,225.78,0.73,26,ok
46507,47161,62.09,117.07,62.09,0.13,11,ok
46509,46322,240.97,100.76,0.00,1.20,26,no_coverage
46514,18715,1650.77,1507.49,1650.77,1.45,16,ok
46514,20158,1819.68,1275.81,1819.68,2.01,2,ok
46514,47145,268.27,285.30,268.27,0.43,11,ok
46517,47291,390.87,389.47,0.00,0.88,2,no_coverage
4653,4984,420.26,369.12,376.60,1.39,3,ok
4654,4567,263.42,232.13,263.42,0.52,30,ok
46545,50256,476.60,335.96,476.60,1.20,8,ok
4655,4971,724.07,391.17,724.07,1.41,99,ok
4655,6240,748.39,375.39,748.39,1.48,7,ok
4656,4515,155.75,206.72,155.75,0.36,28,ok
4656,4520,348.55,275.33,348.55,0.75,7,ok
4656,5057,266.93,227.04,266.93,0.72,8,ok
46568,5570,353.98,267.14,353.98,1.06,18,ok
4657,5027,269.59,140.61,269.59,0.79,29,ok
46578,17635,331.03,334.40,331.03,0.73,13,ok
46578,17653,251.74,212.38,251.74,0.56,13,ok
4658,41978,654.54,571.65,654.54,1.65,1,ok_undirected
4658,4504,458.72,436.79,458.72,1.02,24,ok_undirected
4659,4509,1406.21,1395.96,1406.21,1.94,6,ok
4659,5165,1074.00,1063.29,1074.00,1.33,93,ok
4660,4954,156.93,131.93,156.93,0.40,24,ok
4661,4578,488.87,521.65,488.87,1.41,21,ok
4662,5050,611.33,523.22,0.00,0.75,5,no_coverage
46628,50240,2347.91,256.17,2347.91,5.66,20,ok
4663,4611,611.34,343.11,611.34,1.82,5,ok
4663,4627,567.97,375.19,567.97,1.68,13,ok
4663,5016,467.92,289.06,467.92,1.41,14,ok_undirected
4664,19689,262.64,219.52,262.64,0.69,29,ok
4664,41721,349.54,246.44,349.54,0.93,13,ok
4664,4552,153.96,83.05,153.96,0.33,14,ok
4665,4507,228.86,17.71,228.86,0.54,10,ok
4665,4815,283.92,254.91,283.92,0.55,120,ok
4666,18383,377.90,273.34,377.90,1.08,14,ok
4666,19391,471.95,419.02,471.95,1.29,50,ok
4666,35291,393.81,231.88,393.81,0.86,49,ok
46662,43348,1007.82,960.64,291.21,1.59,2,ok
4667,47851,296.08,202.39,55.94,0.98,14,ok
4668,20740,880.46,755.53,880.46,1.97,5,ok
4668,49545,275.00,286.54,275.00,0.74,77,ok
4668,49560,260.52,215.78,260.52,0.70,14,ok
46701,20848,415.62,281.65,415.62,1.09,14,ok
46709,50109,333.58,353.96,333.58,0.93,12,ok
4671,17557,743.90,482.26,743.90,1.42,7,ok
4671,19090,582.59,258.35,582.59,1.07,4,ok
4671,4596,335.60,308.42,335.60,0.85,175,ok_undirected
4671,6043,980.61,508.86,955.01,2.65,2,ok_undirected
4672,5109,107.43,106.75,107.43,0.29,7,ok_undirected
4673,38560,499.91,369.72,499.91,1.06,14,ok
4673,4158,288.94,196.39,288.94,0.65,42,ok
4673,4532,480.59,356.97,480.59,1.10,7,ok
4674,19615,488.22,282.40,488.22,1.31,112,ok
4674,6232,538.18,246.01,538.18,1.48,7,ok
46748,1179,321.75,225.37,321.75,0.90,23,ok
46748,41510,273.78,252.18,273.78,0.76,7,ok
46749,2112,451.57,122.64,451.57,1.22,6,ok
4675,43913,488.28,193.34,488.28,1.39,20,ok
4675,4838,303.72,204.00,303.72,0.93,40,ok
4675,4861,1240.37,999.93,1240.37,3.42,2,ok
4676,19359,1361.34,794.33,1361.34,2.79,11,ok
4676,21061,822.52,497.04,822.52,1.80,42,ok
4676,4261,891.90,536.44,891.90,2.05,5,ok
4676,4655,788.28,611.30,788.28,1.38,52,ok_undirected
4676,5143,917.80,548.53,917.80,1.65,14,ok
46769,20078,269.68,312.20,269.68,0.22,9,ok
4677,4804,414.12,438.21,414.12,0.57,54,ok
4677,5167,2537.72,2511.27,2537.72,2.57,7,ok_undirected
4678,18845,457.34,477.72,457.34,0.61,60,ok
4678,20740,3221.38,3239.89,3221.38,4.07,4,ok
4678,4744,936.13,993.66,936.13,1.09,2,ok
4679,4680,0.00,273.57,0.00,0.56,3,no_coverage
4680,4681,220.89,191.86,220.89,0.58,3,ok
4681,4682,674.66,446.96,674.66,1.28,3,ok
46810,37512,157.61,111.78,157.61,0.43,20,ok
4682,4689,285.90,620.36,285.90,0.50,3,ok
4683,4684,85.00,167.01,0.00,1.26,5,no_coverage
46835,46748,255.83,248.02,255.83,0.68,30,ok
4684,4688,1108.28,709.52,0.00,1.64,5,no_coverage
4686,5098,280.26,175.74,0.00,0.61,5,no_coverage
4687,4692,1231.23,763.58,0.00,2.00,3,no_coverage
46875,47139,354.05,186.23,354.05,1.28,17,ok
4688,4662,123.35,140.34,0.00,0.56,5,no_coverage
46881,47427,256.60,256.95,256.60,0.59,8,ok
4689,4690,753.83,457.64,753.83,1.89,3,ok
4690,4691,280.32,212.09,280.32,0.67,2,ok
4690,4694,2516.74,1073.30,424.08,4.33,1,ok
46902,47069,117.79,113.73,117.79,0.35,12,ok
46902,47926,117.79,152.12,117.79,0.35,11,ok
4691,4694,2470.06,902.65,488.77,4.57,2,ok
4692,4693,235.27,220.26,0.00,0.97,4,no_coverage
4693,4687,1449.01,915.83,0.00,2.25,1,no_coverage
4693,4982,768.59,611.53,0.00,1.00,3,no_coverage
46932,50910,360.16,238.78,211.36,1.14,9,ok
4694,4695,219.93,185.96,219.93,0.49,3,ok
46942,47445,295.22,226.01,295.22,0.96,8,ok
4695,4696,365.59,290.27,167.69,0.79,3,ok
4696,4697,313.26,266.57,0.00,0.78,3,no_coverage
4697,4516,242.55,296.79,0.00,0.51,3,no_coverage
46978,46310,352.35,283.62,352.35,0.82,11,ok
4698,4785,2400.84,2098.61,2400.84,2.23,3,ok
4698,4816,3075.97,2207.82,3051.28,3.36,1,ok
46984,35384,391.63,408.62,391.63,0.98,3,ok
46987,2069,382.91,300.77,382.91,0.93,40,ok
4699,51987,2282.11,2136.03,2282.11,2.77,3,ok
47004,41115,70.36,246.43,70.36,0.20,4,ok
4701,18366,127.12,112.40,127.12,0.41,1,ok
4701,4200,444.38,278.43,444.38,1.24,14,ok_undirected
4701,4859,529.75,342.76,521.21,1.68,11,ok
4702,4865,471.55,390.58,471.55,1.01,12,ok_undirected
4702,5000,398.99,348.71,398.99,0.94,22,ok
47023,17206,144.14,147.80,144.14,0.43,1,ok
47024,48086,209.88,170.61,209.88,0.44,11,ok
4703,4702,470.79,285.36,470.79,1.53,26,ok
4704,4649,331.53,294.95,331.53,0.72,63,ok
47044,35342,847.60,318.64,847.60,1.60,4,ok
4705,4866,286.70,161.83,286.70,0.42,13,ok_undirected
4706,17999,776.25,668.98,776.25,1.44,2,ok_undirected
4706,4862,802.75,585.43,802.75,1.59,3,ok_undirected
4706,4930,1522.58,650.72,1522.58,3.99,1,ok
4706,5097,502.96,478.00,502.96,0.88,71,ok_undirected
47069,47024,219.86,174.21,219.86,0.32,11,ok
47069,48086,420.00,308.45,207.64,1.61,1,ok
4710,4886,760.74,669.38,760.74,1.16,1,ok
47112,18971,1785.88,1120.61,0.00,2.47,2,no_coverage
47112,18972,1813.09,1028.86,49.51,2.33,1,ok
47114,47156,209.88,171.13,209.88,0.56,10,ok
4712,40818,889.81,671.24,780.30,3.29,25,ok
4712,4762,165.51,148.44,165.51,0.30,5,ok
4712,4863,1574.37,1476.58,1440.59,1.77,5,ok
4713,40852,823.91,612.26,823.91,1.14,5,ok
4713,4941,827.61,790.11,827.61,1.27,15,ok
47139,44050,704.13,545.15,704.13,2.00,9,ok
47139,44053,864.99,409.13,864.99,2.43,8,ok
47145,20917,1422.25,1287.60,1397.85,1.98,15,ok
47145,21295,1685.39,1628.51,1661.00,2.13,8,ok
47145,21304,1420.93,1315.55,1420.93,1.52,4,ok_undirected
47150,47323,297.53,304.47,297.53,0.80,14,ok
47152,50127,433.00,330.47,433.00,0.84,14,ok
47156,47923,446.87,294.88,446.87,1.50,10,ok
4716,5166,229.93,140.00,229.93,0.31,7,ok_undirected
47161,44831,480.36,404.50,480.36,1.10,11,ok
47163,35340,910.89,935.75,910.89,1.32,4,ok
4717,4678,2456.39,2406.05,2456.39,4.60,8,ok
4717,4805,2132.40,2089.07,2132.40,3.91,28,ok_undirected
47177,47112,1714.10,1027.31,0.00,4.52,3,no_coverage
47179,41194,290.23,330.70,290.23,0.72,13,ok
4718,4769,1367.28,1336.20,1367.28,1.46,6,ok
4719,4740,534.67,472.85,534.67,0.68,6,ok
4720,4864,5026.20,4981.55,5026.20,3.41,9,ok
4721,4638,1932.79,1867.33,1932.79,1.30,20,ok
47210,46399,34.61,134.68,34.61,0.06,3,ok
4722,4969,348.51,303.00,348.51,0.64,35,ok
4723,43131,841.79,491.89,841.79,1.35,1,ok
47232,46509,145.22,179.01,145.22,0.30,26,ok
4724,18844,1697.97,1675.05,1697.97,2.57,58,ok
4725,20740,622.22,615.75,622.22,0.91,5,ok_undirected
4725,41046,858.57,881.25,858.57,1.29,3,ok_undirected
4725,5020,733.69,721.57,733.69,1.04,50,ok_undirected
4726,4889,2498.68,1510.91,2498.68,2.89,11,ok
4726,5197,1561.65,1479.51,1561.65,1.65,1,ok
4727,20384,4480.20,4145.96,1603.48,3.49,2,ok
4727,4772,6893.06,6540.97,6893.06,5.03,19,ok
4728,4476,302.51,244.96,302.51,0.89,11,ok
4728,4502,282.59,254.91,282.59,0.72,29,ok
47287,20316,230.20,261.83,230.20,0.88,40,ok
4729,4510,1200.63,790.28,1200.63,1.69,33,ok
4729,4915,562.88,544.75,562.88,0.73,101,ok_undirected
4729,4980,3281.30,2939.21,3281.30,5.06,2,ok
47291,49470,842.12,783.40,0.00,2.15,2,no_coverage
4731,4783,1146.19,1005.87,1146.19,1.08,6,ok
4732,4770,534.37,555.96,534.37,0.50,6,ok
47323,47152,235.55,127.50,235.55,0.59,14,ok
4733,19760,2202.07,1973.56,2202.07,2.98,3,ok
4733,43971,825.00,881.52,825.00,0.95,19,ok
4733,43973,797.16,826.24,797.16,0.92,6,ok
4734,4805,3550.61,3234.57,3550.61,4.44,27,ok_undirected
4735,4741,2010.23,1988.72,2010.23,1.87,30,ok
4735,4742,2118.69,1976.45,2118.69,2.07,9,ok
4736,4791,3040.83,2730.56,3040.83,3.97,6,ok
4736,49977,1491.18,1361.49,1425.23,2.22,38,ok_undirected
4736,51946,1579.42,1231.86,1535.72,2.33,3,ok
47364,21190,658.84,543.44,658.84,2.63,6,ok
47364,21191,690.48,527.84,690.48,2.71,6,ok
4737,4653,2754.05,2112.47,2312.04,6.77,2,ok
4737,4755,1959.21,1882.92,1959.21,4.75,11,ok
4738,4797,706.51,662.28,706.51,1.24,8,ok
4739,4718,534.67,448.26,534.67,1.03,6,ok
47399,7035,252.88,203.65,252.88,0.59,14,ok
4740,4721,3289.83,2688.16,3289.83,4.29,6,ok
47407,35250,139.50,146.58,139.50,0.36,7,ok
4741,40242,4034.38,3180.22,4034.38,6.26,2,ok
4741,4878,2592.34,2328.00,2592.34,3.60,22,ok
4741,4879,2381.27,2266.53,2381.27,3.36,6,ok
47414,41729,346.65,389.43,346.65,0.87,9,ok
47417,41730,184.55,190.66,184.55,0.42,8,ok
47418,47426,521.78,468.09,521.78,2.02,8,ok
47419,47437,154.44,103.44,154.44,0.38,7,ok
4742,40571,3715.61,3151.68,3132.11,3.23,3,ok
4742,4699,2177.85,2012.98,2177.85,1.84,2,ok
4742,50041,4263.86,3676.87,4263.86,3.87,4,ok
47425,20336,92.20,88.40,92.20,0.33,7,ok
47426,39018,444.95,317.52,444.95,1.44,8,ok
47427,46942,262.90,261.27,262.90,0.54,8,ok
47430,20317,255.40,164.16,255.40,0.53,39,ok_undirected
47433,5542,225.27,79.80,225.27,0.56,15,ok
47437,20422,271.03,272.96,271.03,0.72,7,ok
4744,20740,2285.25,2246.82,2285.25,2.98,2,ok
4744,4725,3003.93,1634.28,3003.93,4.04,58,ok
47445,5565,95.42,87.60,95.42,0.33,8,ok_undirected
47447,19550,343.36,337.10,343.36,1.02,25,ok_undirected
47447,35274,157.17,207.70,157.17,0.53,4,ok
4745,4763,2053.98,1992.10,2053.98,1.54,20,ok_undirected
4746,4548,394.53,394.15,394.53,0.67,31,ok
4750,4801,2207.74,2213.12,2207.74,1.93,1,ok
4750,4947,2733.74,2179.93,2733.74,2.51,2,ok
4752,4843,1744.88,1106.36,1727.37,3.20,2,ok
4753,4800,1628.85,1485.98,1628.85,1.68,2,ok
4753,4947,2154.85,1757.24,2154.85,2.26,3,ok
4754,18871,569.00,437.55,559.84,1.35,24,ok
4754,4791,11902.65,10949.81,11893.50,20.15,2,ok
4754,4880,4376.63,3993.25,4367.48,10.63,1,ok
4755,4776,2301.38,2329.57,2301.38,3.21,13,ok
4756,34263,5079.67,4019.92,3979.11,7.75,1,ok
4756,4738,3231.83,1876.70,3223.67,4.32,7,ok
4757,4809,825.16,760.20,284.13,0.96,2,ok
4758,4698,2734.46,1872.74,2699.25,3.06,3,ok
4759,4677,357.49,343.51,357.49,0.67,63,ok
4761,43933,351.83,223.22,351.83,0.79,5,ok
4761,4713,310.20,196.66,310.20,0.65,15,ok
4761,4941,1137.81,955.45,1137.81,1.93,4,ok
4762,4863,1408.86,1330.24,1275.08,1.46,9,ok
4763,19821,6902.33,6910.67,6902.33,6.18,2,ok_undirected
4763,4875,1929.86,1956.52,1929.86,1.70,37,ok_undirected
4763,4877,2117.22,1872.38,2117.22,1.90,3,ok
4765,4807,578.61,382.21,578.61,0.42,6,ok
4766,4897,698.37,842.56,698.37,0.64,6,ok
4767,5056,4399.57,3865.95,4125.25,3.96,1,ok
4768,5163,438.85,438.64,0.00,0.57,2,no_coverage
4769,4731,534.37,548.80,534.37,0.57,6,ok
4770,4719,1367.28,1257.37,1367.28,2.08,6,ok
4771,43218,7338.72,6280.24,7080.32,5.53,1,ok
4771,4726,6978.26,6532.34,6978.26,5.06,12,ok
4772,4774,1702.43,1605.62,1702.43,2.13,19,ok
4773,4771,1571.73,1590.64,1571.73,1.34,13,ok
4774,42431,1015.06,249.35,1015.06,2.22,8,ok
4774,4636,1995.24,227.24,1995.24,4.59,14,ok
4774,47851,2174.16,991.34,1923.93,4.95,2,ok
4775,4562,222.53,196.18,222.53,0.57,34,ok
4776,4836,2618.31,2552.91,2618.31,2.67,13,ok_undirected
47766,5498,1894.19,1510.09,693.00,2.04,11,ok
47768,19086,348.70,334.64,316.33,0.90,11,ok_undirected
47768,4634,352.87,189.74,352.87,1.05,2,ok
47768,5017,468.68,312.13,468.68,1.35,2,ok
47768,5065,447.23,252.81,447.23,1.45,12,ok
4777,4653,3224.99,2350.51,2778.27,3.95,1,ok
4777,4756,2394.79,2346.46,2394.79,2.39,7,ok
4778,5176,1942.97,1849.46,1942.97,1.31,1,ok
4779,4757,396.94,403.29,0.00,0.27,2,no_coverage
47791,47768,39.24,39.47,39.24,0.17,2,ok
47799,18677,2013.65,1484.29,789.84,2.27,10,ok
47799,18687,1916.55,1584.50,1797.66,2.18,1,ok
47799,18695,341.82,268.50,222.94,0.58,7,ok
47799,18704,1325.41,1259.91,1206.52,1.72,6,ok_undirected
47799,5498,1894.19,1510.09,693.00,2.04,2,ok
4780,4550,397.18,202.25,397.18,0.84,24,ok
4780,4827,707.47,623.02,707.47,1.26,73,ok
4780,4916,275.55,224.34,275.55,0.53,26,ok_undirected
47807,19468,491.38,324.72,491.38,1.37,15,ok
47807,4634,352.87,189.74,352.87,1.05,5,ok
4781,4735,962.86,914.18,962.86,1.08,3,ok
47810,18687,1916.55,1584.50,1797.66,2.18,1,ok
47810,18695,341.82,268.50,222.94,0.58,7,ok
47810,19896,1275.20,1150.91,1156.31,1.79,8,ok
47810,5498,1894.19,1510.09,693.00,2.04,4,ok
4782,49977,566.73,555.41,566.73,0.77,3,ok_undirected
47825,5048,233.83,143.31,233.83,0.89,22,ok_undirected
47825,6189,1040.71,566.90,1040.71,2.70,14,ok
47827,17579,712.28,509.94,712.28,4.58,27,ok
47827,17613,281.16,180.70,281.16,3.20,1,ok
47828,5048,233.83,143.31,233.83,0.89,28,ok_undirected
4783,4896,1369.44,1051.10,1369.44,1.42,6,ok
4784,4732,1146.19,993.44,1146.19,0.92,6,ok
47841,48898,1170.24,822.64,1170.24,3.60,28,ok_undirected
47848,16977,317.18,153.22,317.18,0.77,5,ok_undirected
47848,3368,834.62,416.72,834.62,2.51,16,ok
4785,4789,1969.39,1882.79,1969.39,1.86,7,ok
47851,48001,135.65,61.39,135.65,1.42,2,ok
47851,4957,1290.59,577.89,1290.59,4.36,1,ok
47854,3437,3719.44,2443.31,3719.44,5.27,34,ok
47854,35790,3721.14,1639.52,3626.06,6.23,111,ok
47855,35459,616.14,358.50,616.14,2.22,144,ok
47856,2356,673.31,443.92,673.31,2.52,2,ok_undirected
47856,2394,10206.34,9868.35,10206.34,10.00,1,ok
47856,3937,1166.88,791.37,1166.88,3.51,6,ok
47856,3999,6895.30,6619.36,6895.30,7.19,3,ok
47857,18704,1325.41,1259.91,1206.52,1.72,22,ok_undirected
47858,5048,233.83,143.31,233.83,0.89,15,ok_undirected
47859,39052,681.86,498.41,681.86,1.95,22,ok
47859,5266,473.17,264.02,473.17,1.71,2,ok
4786,4503,459.09,363.59,459.09,1.09,3,ok
47860,5266,473.17,264.02,473.17,1.71,29,ok
47861,2356,673.31,443.92,673.31,2.52,5,ok_undirected
47861,2392,7415.94,5610.08,7415.94,8.43,3,ok
47863,1296,6016.67,5745.13,6016.67,6.87,6,ok_undirected
47863,2356,673.31,443.92,673.31,2.52,4,ok_undirected
47863,2392,7415.94,5610.08,7415.94,8.43,7,ok
47866,47868,208.54,161.92,208.54,0.61,10,ok
47867,6578,231.83,255.07,231.83,0.60,10,ok_undirected
47868,47867,653.83,320.78,653.83,1.57,10,ok
47869,17569,308.27,220.10,308.27,0.90,10,ok
4787,39864,1023.27,924.64,1023.27,1.73,2,ok
47877,19486,594.43,481.20,594.43,1.98,11,ok
47878,1296,6016.67,5745.13,6016.67,6.87,12,ok_undirected
47878,20675,13653.35,11365.27,13653.35,14.11,1,ok
47879,5498,1894.19,1510.09,693.00,2.04,19,ok
4788,50395,2636.47,1830.89,2554.09,3.46,2,ok
47885,1098,585.62,499.92,585.62,1.60,13,ok_undirected
47885,1109,400.28,346.29,400.28,1.24,14,ok
47887,4773,2154.22,1001.43,2154.22,4.90,1,ok
47887,4957,1154.94,609.64,1154.94,2.94,1,ok
47887,5048,233.83,143.31,233.83,0.89,8,ok_undirected
4789,4889,2133.37,1097.21,2133.37,2.56,4,ok
4789,4890,1162.34,1070.80,1162.34,1.28,3,ok
47893,48898,1170.24,822.64,1170.24,3.60,14,ok_undirected
47893,49615,1457.60,317.96,1372.29,3.07,6,ok
47896,2356,673.31,443.92,673.31,2.52,10,ok_undirected
47896,2394,10206.34,9868.35,10206.34,10.00,7,ok
47896,3960,450.27,309.28,450.27,2.02,2,ok
47897,35465,547.51,492.72,547.51,1.89,4,ok
47897,4505,1004.82,625.00,1004.82,3.06,2,ok
47897,4594,271.89,197.17,138.40,1.01,11,ok_undirected
47897,4630,725.53,512.34,725.53,2.19,2,ok
47898,2356,673.31,443.92,673.31,2.52,22,ok_undirected
4790,41481,3081.65,2794.54,3081.65,3.38,4,ok
4790,49976,1694.21,1465.26,1694.21,1.63,31,ok
4790,51946,1596.57,1382.00,1596.57,1.48,3,ok
47903,43142,340.27,337.51,340.27,0.81,1,ok_undirected
47903,51809,0.00,40.81,0.00,0.00,14,no_coverage
47908,19468,491.38,324.72,491.38,1.37,13,ok
47908,4634,352.87,189.74,352.87,1.05,10,ok
4791,4510,1730.18,1430.86,1730.18,2.37,5,ok
4791,4728,661.35,596.27,661.35,1.19,2,ok
4791,4729,670.41,640.64,670.41,0.97,70,ok_undirected
47911,19486,594.43,481.20,594.43,1.98,6,ok
47912,19821,,10363.31,,14.98,1,unreachable
47912,5048,233.83,143.31,233.83,0.89,4,ok_undirected
47914,5048,233.83,143.31,233.83,0.89,9,ok_undirected
47916,19486,594.43,481.20,594.43,1.98,3,ok
47916,4339,521.91,413.22,521.91,2.36,2,ok_undirected
4792,18788,3405.34,3182.14,3405.34,3.53,3,ok_undirected
4792,19571,7131.40,3281.97,7131.40,7.27,10,ok
47923,20881,635.91,382.62,635.91,1.15,10,ok_undirected
47925,4505,1004.82,625.00,1004.82,3.06,2,ok
47925,4635,720.12,450.00,720.12,2.14,7,ok
47925,4957,1154.94,609.64,1154.94,2.94,7,ok
47925,5048,233.83,143.31,233.83,0.89,1,ok_undirected
47926,17694,559.16,492.76,559.16,2.00,11,ok
47928,1296,6016.67,5745.13,6016.67,6.87,5,ok_undirected
4793,4837,1737.46,1625.94,1737.46,1.63,8,ok
47930,17721,380.15,258.30,380.15,1.66,13,ok
47931,49043,531.06,523.84,531.06,1.97,11,ok
4794,20245,445.22,431.67,445.22,0.54,7,ok
4794,4885,442.93,377.06,332.62,0.58,2,ok
47944,18459,418.88,387.18,418.88,1.00,6,ok
47944,18544,1045.12,883.50,1045.12,1.75,2,ok
47945,47949,237.19,259.39,237.19,0.79,11,ok
47946,17621,251.59,65.88,251.59,0.72,13,ok
47946,47945,339.88,299.63,339.88,0.97,11,ok
47947,17636,934.94,209.01,934.94,2.93,1,ok
47947,47946,281.47,308.26,281.47,0.93,24,ok
47948,2356,673.31,443.92,673.31,2.52,12,ok_undirected
47948,2392,7415.94,5610.08,7415.94,8.43,1,ok
47949,19713,204.45,243.27,204.45,0.66,11,ok_undirected
4795,4620,5248.11,5039.86,5248.11,4.92,8,ok
47951,3549,10584.48,9278.72,10584.48,11.34,4,ok
47957,47972,493.50,237.82,493.50,0.79,12,ok
47958,47971,500.04,331.52,500.04,1.41,13,ok
47959,3368,735.83,368.73,671.75,2.20,43,ok_undirected
4796,34263,3853.32,3195.08,2717.50,6.65,1,ok
4796,4737,700.50,723.59,700.50,0.95,12,ok
47960,47961,332.72,355.03,332.72,1.06,22,ok
47961,47957,311.94,227.78,311.94,1.00,12,ok
47961,48787,370.37,284.23,370.37,1.06,10,ok
47964,3228,952.57,510.12,888.49,2.96,7,ok_undirected
47965,17141,910.26,377.66,910.26,2.06,12,ok
47967,47968,381.16,270.31,381.16,1.09,22,ok
47968,42770,494.97,496.96,494.97,1.37,9,ok_undirected
47968,49967,250.65,277.90,250.65,0.57,13,ok
47969,3549,10584.48,9278.72,10584.48,11.34,7,ok
4797,19821,1913.67,1736.85,1913.67,3.35,1,ok_undirected
4797,4894,1924.65,1746.85,1924.65,3.38,7,ok
47970,47967,254.58,222.89,254.58,0.59,13,ok
47971,47970,218.16,163.74,218.16,0.48,13,ok
47972,47965,253.18,330.46,253.18,0.83,12,ok
47973,1109,400.28,346.29,400.28,1.24,6,ok
47973,2657,721.26,645.82,721.26,2.05,17,ok
47974,4339,521.91,413.22,521.91,2.36,6,ok_undirected
47975,1098,585.62,499.92,585.62,1.60,3,ok_undirected
47975,1109,400.28,346.29,400.28,1.24,17,ok
47975,1141,633.94,373.27,633.94,2.32,5,ok
47975,1170,1154.79,745.05,1154.79,3.47,1,ok
47975,2657,721.26,645.82,721.26,2.05,11,ok
47984,39052,681.86,498.41,681.86,1.95,10,ok
47984,5266,473.17,264.02,473.17,1.71,11,ok
47988,19486,594.43,481.20,594.43,1.98,11,ok
47989,18116,397.75,359.00,373.22,0.99,7,ok_undirected
47995,2179,5439.48,4019.55,5421.82,9.60,9,ok
47995,2356,673.31,443.92,673.31,2.52,8,ok_undirected
47997,18459,418.88,387.18,418.88,1.00,12,ok
47997,18523,1240.23,812.35,1240.23,2.09,8,ok
47997,6057,261.81,31.33,261.81,0.87,2,ok
47998,18116,397.75,359.00,373.22,0.99,2,ok_undirected
47998,19472,355.74,216.09,331.21,0.87,1,ok_undirected
4800,4639,2318.00,2225.80,2318.00,2.16,5,ok
48000,18121,763.46,381.68,618.53,4.43,1,ok
48000,41672,349.47,165.04,324.94,0.89,25,ok_undirected
48001,4635,720.12,450.00,720.12,2.14,28,ok
48001,4957,1154.94,609.64,1154.94,2.94,2,ok
48003,4505,1004.82,625.00,1004.82,3.06,5,ok
48003,4565,1046.62,586.32,1046.62,3.26,18,ok_undirected
48003,4635,720.12,450.00,720.12,2.14,3,ok
4801,20370,2355.78,1404.28,2355.78,3.03,1,ok
4801,4754,2200.76,1473.39,2191.61,2.78,2,ok
48019,3437,3826.77,2487.55,3826.77,6.24,18,ok
4802,4786,3334.04,2733.45,3334.04,2.64,3,ok
4802,5814,5117.99,2660.30,5117.99,5.78,2,ok
48020,17505,775.78,657.28,775.78,2.14,21,ok
48024,3368,834.62,416.72,834.62,2.51,46,ok
4803,4934,1941.09,1850.87,1941.09,1.71,3,ok
48031,3368,834.62,416.72,834.62,2.51,28,ok
48034,3368,834.62,416.72,834.62,2.51,16,ok
48038,3437,3826.77,2487.55,3826.77,6.24,11,ok
48039,17505,775.78,657.28,775.78,2.14,29,ok
4804,4716,2175.13,2064.27,2175.13,2.01,7,ok
4804,4733,3604.64,3388.42,3604.64,5.02,28,ok
4804,5167,2123.60,2074.69,2123.60,2.00,19,ok_undirected
48040,3368,834.62,416.72,834.62,2.51,31,ok
48043,17505,775.78,657.28,775.78,2.14,21,ok
48044,3368,834.62,416.72,834.62,2.51,32,ok
48045,17505,998.74,648.76,998.74,3.04,18,ok
4805,4678,906.15,320.20,906.15,1.30,55,ok
48051,3368,834.62,416.72,834.62,2.51,19,ok
48054,35464,628.40,469.97,628.40,1.82,2,ok
48054,4505,691.44,485.31,691.44,1.89,3,ok
48054,4630,412.15,418.95,412.15,1.02,7,ok
48054,6189,1121.60,644.26,1121.60,2.63,6,ok
4806,4203,1415.36,215.07,1408.88,3.63,161,ok
48060,1097,1216.72,564.64,1216.72,3.63,2,ok
48060,1109,400.28,346.29,400.28,1.24,11,ok
48060,1141,633.94,373.27,633.94,2.32,36,ok
48060,2657,721.26,645.82,721.26,2.05,3,ok
48060,44095,1678.39,1329.88,1678.39,4.79,3,ok
48061,17595,505.52,420.63,487.25,2.58,2,ok
48061,44243,303.46,271.74,303.46,1.62,55,ok
48062,17559,288.65,211.89,288.65,1.52,22,ok
48062,49871,211.15,234.65,211.15,1.03,10,ok
48068,17613,281.16,180.70,281.16,3.20,1,ok
48068,17623,373.99,277.30,373.99,3.51,4,ok_undirected
4807,4617,1241.40,1158.09,1241.40,1.00,6,ok
48079,3228,952.57,510.12,888.49,2.96,3,ok_undirected
48079,3368,735.83,368.73,671.75,2.20,7,ok_undirected
48086,47930,171.36,126.34,171.36,0.46,2,ok
48086,49031,600.18,487.98,538.57,1.77,10,ok
4809,4656,2278.90,1550.39,2278.90,3.05,7,ok
4810,18894,779.91,431.09,328.44,1.00,4,ok
4810,4898,328.44,339.19,328.44,0.42,1,ok
48102,1296,6016.67,5745.13,6016.67,6.87,19,ok_undirected
48102,3999,6895.30,6619.36,6895.30,7.19,4,ok
48103,17505,998.74,648.76,998.74,3.04,9,ok
48103,2392,7415.94,5610.08,7415.94,8.43,3,ok
48106,17623,373.99,277.30,373.99,3.51,6,ok_undirected
4811,4504,569.89,347.22,569.89,1.38,6,ok_undirected
4812,4604,22.92,143.82,22.92,0.06,5,ok
48129,18459,418.88,387.18,418.88,1.00,28,ok
48129,18489,86.30,117.81,86.30,0.22,17,ok
48129,18544,1045.12,883.50,1045.12,1.75,8,ok
48129,46230,235.74,262.95,235.74,0.56,10,ok
48129,6057,261.81,31.33,261.81,0.87,7,ok
4813,4816,2613.51,2028.61,2588.82,4.06,3,ok
48141,1296,6016.67,5745.13,6016.67,6.87,3,ok_undirected
48141,2356,673.31,443.92,673.31,2.52,13,ok_undirected
48143,17614,324.57,239.95,324.57,3.31,17,ok
48143,17623,373.99,277.30,373.99,3.51,1,ok_undirected
4815,18401,469.04,434.14,469.04,1.02,7,ok
4815,21145,1346.55,1109.50,1346.55,3.14,2,ok
4815,4163,268.00,257.51,268.00,0.60,101,ok
4815,4647,458.96,270.10,458.96,1.00,10,ok
4816,39874,3157.24,2360.69,2685.50,6.19,1,ok
4816,4758,341.51,335.61,341.51,0.35,3,ok
4817,4475,184.73,189.39,184.73,0.56,12,ok
4817,4527,182.39,248.31,182.39,0.42,28,ok
4818,4542,163.74,168.87,163.74,0.49,7,ok_undirected
4818,4929,278.22,223.93,278.22,0.82,13,ok_undirected
4818,4936,247.02,161.88,247.02,0.71,10,ok_undirected
48180,17623,373.99,277.30,373.99,3.51,2,ok_undirected
48181,4957,1064.31,614.20,1064.31,2.41,24,ok
48182,19486,594.43,481.20,594.43,1.98,2,ok
48182,19489,593.06,307.83,378.74,1.77,5,ok
48183,19489,593.06,307.83,378.74,1.77,12,ok
48183,4339,521.91,413.22,521.91,2.36,8,ok_undirected
48183,6117,567.02,381.27,567.02,1.86,18,ok
48183,6118,726.90,362.60,726.90,2.31,13,ok
48184,5017,468.68,312.13,468.68,1.35,11,ok
48198,17613,281.16,180.70,281.16,3.20,3,ok
48198,17623,373.99,277.30,373.99,3.51,9,ok_undirected
4820,4810,797.26,819.44,797.26,0.91,5,ok
48200,5266,473.17,264.02,473.17,1.71,31,ok
48220,3368,834.62,416.72,834.62,2.51,36,ok
48221,17623,373.99,277.30,373.99,3.51,10,ok_undirected
48225,18421,637.15,381.93,637.15,1.74,3,ok
48225,18459,418.88,387.18,418.88,1.00,2,ok
48225,18523,1240.23,812.35,1240.23,2.09,6,ok
48225,18538,1095.88,1004.21,1034.90,1.79,1,ok
48225,18544,1045.12,883.50,1045.12,1.75,6,ok
4824,40219,112.58,134.57,112.58,0.33,5,ok
48240,17623,373.99,277.30,373.99,3.51,4,ok_undirected
48241,19486,594.43,481.20,594.43,1.98,10,ok
48242,5048,233.83,143.31,233.83,0.89,28,ok_undirected
48245,18421,637.15,381.93,637.15,1.74,5,ok
48245,18544,1045.12,883.50,1045.12,1.75,5,ok
48245,6057,261.81,31.33,261.81,0.87,13,ok
4825,40840,622.84,530.78,622.84,1.53,5,ok
4825,4624,529.41,465.37,529.41,1.32,16,ok
48250,40487,898.91,616.46,898.91,2.52,10,ok
48251,48252,468.87,272.03,468.87,1.03,10,ok
48252,7191,2427.00,1460.52,2279.03,3.84,10,ok
48253,48250,156.37,208.82,156.37,0.44,10,ok
48254,48251,0.00,176.36,0.00,0.63,10,no_coverage
48258,17629,405.71,381.01,405.71,1.27,23,ok_undirected
48259,17629,322.74,243.05,322.74,1.01,22,ok_undirected
48259,47947,284.67,197.07,284.67,0.81,1,ok
4826,4618,576.65,406.96,576.65,1.25,6,ok
4826,4942,326.37,269.50,326.37,0.64,22,ok
48260,48957,179.20,169.51,179.20,0.81,23,ok
4827,4634,1041.45,510.61,1041.45,2.19,83,ok
4827,5065,546.47,489.30,546.47,1.21,16,ok
4828,4780,246.04,251.04,246.04,0.69,24,ok
4829,5975,329.53,240.69,329.53,0.77,5,ok
48296,1257,705.70,622.78,705.70,0.94,58,ok
48296,1372,2078.42,1832.55,2078.42,2.20,4,ok
48297,1228,700.62,621.84,681.83,1.21,90,ok_undirected
4830,35362,1296.71,611.01,1296.71,2.18,5,ok_undirected
4830,5095,295.29,353.80,295.29,0.52,22,ok
48302,48304,463.14,359.56,463.14,2.02,12,ok
48303,48302,301.15,296.14,161.10,0.71,12,ok
48304,19171,544.12,586.56,544.12,1.29,6,ok
48304,48868,164.10,171.30,164.10,0.46,6,ok
48305,48808,146.15,175.96,146.15,0.35,6,ok
48306,48307,322.88,284.63,322.88,0.71,6,ok
48307,48310,689.39,342.79,689.39,2.47,6,ok
4831,4830,390.57,397.14,390.57,0.95,27,ok
48310,48312,267.48,396.46,267.48,0.64,6,ok
48311,39702,624.44,308.95,624.44,1.60,6,ok
48312,48314,318.16,218.81,318.16,0.75,6,ok
48313,48311,267.48,374.31,267.48,0.62,6,ok
48314,48316,126.93,103.80,126.93,0.28,6,ok
48315,48313,318.16,238.55,318.16,0.82,6,ok
48316,48319,487.22,413.46,487.22,1.03,6,ok
48317,48315,0.00,60.26,0.00,1.00,6,no_coverage
48318,48317,573.65,278.24,573.65,1.30,6,ok
48319,48320,275.55,258.13,275.55,0.83,6,ok
4832,4833,1355.66,374.24,1355.66,2.44,22,ok
48320,48322,293.27,244.99,293.27,1.01,6,ok
48321,48318,316.06,340.98,316.06,1.03,6,ok
48322,48324,358.27,352.69,358.27,1.13,6,ok
48323,48321,249.30,182.36,249.30,0.85,6,ok
48324,48326,259.07,271.25,259.07,0.64,6,ok
48325,48323,371.11,349.64,371.11,1.15,6,ok
48326,20927,274.34,124.08,274.34,0.66,6,ok
48327,48325,290.19,215.38,290.19,0.65,6,ok
4833,4834,856.85,288.68,856.85,2.19,22,ok
4834,5917,813.27,510.22,813.27,1.72,22,ok_undirected
48340,1109,737.50,412.10,737.50,2.53,8,ok
48340,47885,513.71,72.75,513.71,1.87,3,ok
48340,48060,513.71,72.75,513.71,1.87,2,ok
48343,3563,238.24,197.81,238.24,0.83,6,ok
4835,4831,352.42,327.96,352.42,0.83,27,ok
48350,1109,737.50,412.10,737.50,2.53,15,ok
48351,1098,585.90,475.49,585.90,1.78,15,ok_undirected
48358,17594,716.85,801.21,716.85,1.82,1,ok
48358,44341,1471.57,1059.47,1471.57,3.84,12,ok
4836,4792,1627.30,1591.09,1627.30,1.54,13,ok_undirected
4837,4777,2378.99,2515.37,2378.99,2.45,8,ok
4838,21097,789.17,306.20,789.17,2.01,4,ok
4838,4860,433.29,355.72,433.29,1.25,36,ok
4839,40228,546.44,474.56,6.32,1.82,3,ok
4839,40232,416.56,364.23,6.32,1.39,3,ok
4840,18418,449.85,280.97,449.85,1.01,18,ok
4840,21117,857.82,642.72,857.82,1.94,3,ok
4840,4574,326.30,184.50,326.30,0.65,33,ok_undirected
48400,1515,750.47,518.81,750.47,1.16,1,ok
4841,4513,248.70,184.54,248.70,0.75,29,ok
48414,1109,737.50,412.10,737.50,2.53,10,ok
48416,21002,169.29,118.81,169.29,0.50,15,ok
48416,21032,774.92,562.46,774.92,1.96,10,ok
48419,1170,1175.66,774.35,1037.51,3.79,4,ok
4842,4841,271.42,270.44,271.42,0.68,29,ok
48420,1134,505.34,416.20,505.34,1.87,1,ok
48420,2657,688.70,617.70,550.55,2.08,4,ok
48425,48426,387.75,163.33,387.75,0.97,7,ok
48426,48427,530.46,268.40,397.06,1.62,7,ok
48428,48429,508.07,211.71,397.06,1.55,7,ok
48429,48430,296.87,169.01,296.87,0.73,7,ok
4843,4844,237.12,253.41,237.12,0.51,4,ok
48430,35918,308.17,276.70,308.17,0.96,7,ok
48434,49177,643.91,593.94,643.91,0.97,11,ok
48434,50750,680.77,527.74,573.22,1.05,6,ok
4844,4787,574.15,495.21,574.15,1.22,2,ok
4844,4788,574.15,547.96,574.15,1.22,2,ok
48444,20200,145.90,122.63,145.90,0.21,1,ok
48444,20275,981.08,904.80,981.08,1.21,2,ok
4845,4568,283.51,239.60,283.51,0.76,14,ok_undirected
4846,5011,91.46,97.24,91.46,0.21,11,ok
4846,5025,75.74,130.48,75.74,0.12,61,ok
4847,4849,138.72,98.53,138.72,0.41,72,ok
4848,42434,120.67,143.54,120.67,0.22,35,ok_undirected
4848,4914,0.00,95.44,0.00,0.61,26,no_coverage
4849,5160,162.50,144.24,162.50,0.37,72,ok
4850,5081,166.84,134.90,166.84,0.59,27,ok
48516,49880,371.13,349.87,371.13,1.56,10,ok
48517,48883,507.10,482.59,507.10,1.33,10,ok
4852,4853,404.50,288.19,404.50,0.80,39,ok
48528,19450,5594.90,1795.31,5594.90,12.94,2,ok
48528,4191,5868.03,1702.63,5868.03,13.27,2,ok
4853,4850,299.70,177.01,299.70,0.76,27,ok
4853,5011,91.46,123.50,91.46,0.21,12,ok
48530,48679,394.91,302.24,102.97,1.13,5,ok
48535,48689,247.70,195.57,247.70,0.61,5,ok
48537,47967,254.17,258.18,254.17,0.99,9,ok
48538,48856,448.80,277.46,448.80,1.21,5,ok
4854,47851,779.98,314.43,779.98,3.48,130,ok_undirected
48542,20065,570.48,616.94,570.48,1.10,8,ok
4855,21145,310.04,307.37,310.04,0.87,129,ok
48555,50325,308.08,286.54,308.08,0.65,5,ok
48567,48683,290.79,297.24,290.79,0.78,5,ok
48569,48752,235.80,233.12,235.80,0.49,5,ok
4857,21013,396.83,246.21,396.83,1.18,50,ok
4857,4674,816.71,366.30,816.71,2.31,100,ok
4858,19093,255.60,243.26,255.60,0.73,20,ok_undirected
4858,21037,455.70,450.28,455.70,1.29,80,ok_undirected
4858,4208,230.04,203.84,230.04,0.67,83,ok_undirected
48585,49385,279.80,229.81,279.80,1.26,9,ok
48586,48865,304.33,278.76,304.33,0.80,5,ok
48588,48538,102.42,140.30,102.42,0.26,5,ok
4859,21009,337.45,283.93,337.45,0.88,96,ok_undirected
48597,50334,0.00,101.18,0.00,0.33,5,no_coverage
4860,18229,273.66,276.31,273.66,0.66,183,ok
4861,19093,559.08,548.25,559.08,1.41,2,ok
4861,4858,677.21,307.87,670.74,1.75,183,ok
48611,48676,363.78,312.08,363.78,0.85,11,ok
48613,36024,267.21,309.59,267.21,0.80,5,ok
4862,4654,378.41,275.06,378.41,0.89,30,ok
48621,48585,282.79,318.17,282.79,0.73,9,ok
4863,4721,5197.20,5292.61,4560.98,3.37,14,ok
4864,40878,1805.40,724.78,1805.40,1.82,1,ok_undirected
4864,4761,1291.33,1306.58,1291.33,0.98,8,ok
48641,48875,448.57,344.46,448.57,0.99,5,ok
48643,48528,3254.28,539.55,603.50,6.53,4,ok
48648,48535,138.54,167.48,138.54,0.39,5,ok
4865,38744,638.15,369.22,624.71,1.25,23,ok
48659,4119,337.23,214.10,337.23,0.66,11,ok
4866,4701,618.35,640.33,618.35,1.39,13,ok
48661,4453,3163.58,2895.27,3163.58,4.46,10,ok
4867,4495,750.40,747.27,750.40,1.91,1,ok
48673,48530,329.76,216.93,329.76,0.89,5,ok
48676,48869,658.41,527.58,658.41,1.92,11,ok
48679,48588,459.59,246.24,459.59,1.18,5,ok
4868,4883,1360.39,1238.26,0.00,1.22,2,no_coverage
48683,48673,167.98,176.81,167.98,0.39,5,ok
48689,48555,273.27,254.81,273.27,0.59,5,ok
4869,4876,2080.89,2033.17,0.00,1.68,6,no_coverage
4869,4895,7410.23,5336.23,5342.04,7.53,2,ok
48695,48756,276.47,283.02,276.47,0.61,5,ok
4870,3489,14225.92,12050.37,14225.92,11.34,15,ok
4870,4000,7739.43,7014.44,7739.43,5.94,19,ok
4870,4008,,18709.03,,16.12,2,unreachable
48704,48876,202.73,190.43,202.73,0.55,10,ok
4871,19455,4707.57,4576.82,4707.57,5.10,12,ok
4871,19457,5026.87,4505.18,4767.53,5.90,2,ok
4871,43870,5220.86,4024.21,5220.86,5.75,4,ok
48711,48704,313.90,255.27,313.90,0.86,10,ok
48712,50321,144.54,96.64,144.54,0.44,5,ok
48713,48597,194.98,153.59,194.98,0.45,5,ok
4872,5082,996.78,963.38,996.78,1.90,22,ok
48729,50289,310.08,233.10,310.08,0.72,5,ok
4873,35333,4338.51,1785.16,4308.17,9.27,3,ok
4873,40242,4242.31,1795.92,4242.31,9.10,3,ok
4873,4880,2616.90,2497.71,2616.90,6.30,24,ok
4874,50395,3910.97,3285.04,3910.97,5.18,2,ok
4875,19821,4972.47,4955.18,4972.47,4.48,30,ok_undirected
4875,4893,5063.04,4859.15,5045.13,4.07,6,ok
4875,4918,7115.87,5305.21,7049.18,5.81,1,ok
48751,48586,306.02,225.63,306.02,0.70,5,ok
48752,48729,190.99,188.13,190.99,0.41,5,ok
48756,48779,303.70,264.42,303.70,0.68,5,ok
4876,35111,1945.05,1926.72,1945.05,1.70,4,ok
4876,6864,1949.20,1927.48,1949.20,1.71,31,ok_undirected
48767,46377,166.10,246.04,166.10,0.24,3,ok
48767,46514,228.85,177.23,228.85,0.34,2,ok
4877,4867,2105.64,2031.98,2105.64,3.71,1,ok
4877,4868,2051.14,2095.34,2000.20,3.57,2,ok
48779,48713,512.14,198.32,512.14,1.18,5,ok
4878,4872,2886.68,2636.06,2886.68,3.84,22,ok
4878,4874,2863.91,2556.70,2863.91,3.74,2,ok
4878,5145,4804.83,2827.90,4804.83,9.11,4,ok
48787,48537,259.76,123.27,259.76,0.45,10,ok
4879,5036,3025.17,2957.32,3025.17,5.82,6,ok
48792,1609,14.09,59.79,14.09,0.03,5,ok
48797,34331,434.62,247.53,213.27,1.14,1,ok
4880,4736,4485.19,4385.36,4485.19,5.55,1,ok
4880,5063,2347.47,2340.02,2347.47,2.91,35,ok
48801,47114,488.79,280.27,488.79,1.15,10,ok_undirected
48804,48792,269.73,226.76,269.73,0.54,5,ok
48808,48303,326.10,187.03,326.10,0.73,6,ok
48810,48516,526.29,515.45,526.29,2.73,10,ok
4882,4793,3285.75,3259.48,3285.75,3.32,8,ok
48828,48712,391.87,373.05,391.87,1.11,5,ok
4883,4983,3022.89,2132.39,0.00,2.18,2,no_coverage
4884,4869,1347.82,1259.25,0.00,1.00,5,no_coverage
4885,4679,1231.89,714.88,572.05,2.21,2,ok
4885,4884,5564.25,5472.75,0.00,4.47,2,no_coverage
48852,48643,580.82,541.40,580.82,2.13,4,ok
48856,48613,344.46,296.37,344.46,0.79,5,ok
4886,4795,468.56,401.70,468.56,0.61,8,ok
48865,38267,193.34,187.86,193.34,0.54,5,ok
48868,48306,227.64,211.36,227.64,0.54,6,ok
48869,48659,338.41,356.39,338.41,0.66,11,ok
48875,48751,317.49,286.39,317.49,0.78,5,ok
48876,5695,877.61,412.97,877.61,1.88,10,ok
4888,19571,563.99,573.09,563.99,0.77,18,ok
4888,19872,2824.97,2223.76,2824.97,3.39,2,ok
4888,20385,677.22,597.78,677.22,0.89,9,ok
4888,3996,10514.91,10220.48,10514.91,10.07,3,ok
4888,4882,687.57,471.07,687.57,0.91,3,ok
48883,17586,582.10,404.76,582.10,1.48,10,ok
48886,48912,845.30,834.02,845.30,0.84,60,ok
48887,48886,840.66,834.03,840.66,1.34,52,ok
48889,48909,814.92,845.50,814.92,1.17,75,ok
4889,4901,1251.48,1160.33,1251.48,1.25,15,ok
48894,1828,638.85,385.34,617.87,1.44,5,ok
48894,3926,469.36,438.44,448.38,0.84,24,ok
48894,48907,380.55,329.87,359.57,0.66,47,ok
48896,2143,1192.78,1179.56,1192.78,1.79,9,ok
48896,35790,3090.64,1688.54,3090.64,6.87,26,ok
48898,48906,1312.80,707.97,1312.80,1.83,76,ok
4890,4727,1576.34,1522.26,1576.34,1.17,18,ok
48900,48917,423.95,438.62,423.95,1.36,87,ok
48902,3867,399.21,259.89,399.21,1.15,6,ok
48902,48900,570.18,571.96,570.18,1.36,60,ok
48903,2395,1041.01,987.46,1041.01,1.61,52,ok
48903,48896,813.77,809.27,813.77,1.16,35,ok
48904,48889,2161.12,1675.97,2161.12,2.61,37,ok
48906,48894,418.88,424.06,397.90,0.64,76,ok_undirected
48907,48913,357.40,370.44,357.40,0.71,47,ok
48909,3900,1417.12,718.20,1417.12,2.99,7,ok
48909,3934,413.84,348.70,413.84,0.82,9,ok
48909,48902,778.09,748.65,778.09,2.01,66,ok
4891,43972,1533.09,1098.83,1533.09,2.28,17,ok
4891,4734,2275.56,1987.91,2275.56,3.21,4,ok
48912,1296,2890.25,1528.38,2890.25,2.85,7,ok_undirected
48912,2392,3197.33,1498.72,3197.33,3.35,18,ok
48912,35696,1484.41,1430.45,1484.41,1.52,13,ok
48912,48890,1644.11,1673.79,1644.11,1.88,22,ok
48913,48887,557.72,562.24,557.72,1.33,47,ok
48915,48903,991.88,417.30,991.88,1.61,87,ok
48917,48915,327.38,232.42,327.38,0.57,87,ok_undirected
4893,4796,1788.67,1730.04,1788.67,2.29,13,ok
4894,21302,10982.41,10723.05,10982.41,9.15,2,ok
4894,4876,4950.38,4954.67,4950.38,4.43,29,ok
4895,35937,2215.77,2005.02,2215.77,2.07,3,ok
4895,42405,755.69,420.05,706.43,1.66,4,ok_undirected
48957,48259,321.32,283.68,321.32,1.04,23,ok
48958,17589,465.64,424.95,465.64,1.19,10,ok
4896,4765,586.76,883.55,586.76,0.42,6,ok
48960,43969,532.87,329.24,129.21,1.31,11,ok
48968,43965,591.13,419.97,591.13,1.86,11,ok
4897,4784,1257.83,1099.59,1257.83,1.14,6,ok
48971,48982,372.93,290.30,372.93,1.68,11,ok
48972,50155,204.40,100.99,204.40,0.76,11,ok_undirected
48973,35872,3002.01,2759.87,3002.01,5.71,4,ok
48975,35879,2722.79,828.27,2722.79,8.14,11,ok
48977,43962,1299.75,841.72,1299.75,5.91,11,ok
48978,48960,612.00,434.43,612.00,1.22,11,ok
4898,4723,496.72,464.76,496.72,0.44,1,ok
48981,35872,1556.17,967.37,1556.17,4.67,7,ok
48982,48972,242.99,229.85,242.99,0.89,11,ok
48984,41123,1048.14,998.49,1048.14,1.93,11,ok
48985,48990,792.33,394.58,792.33,1.51,11,ok
48987,46902,808.71,661.29,808.71,1.63,10,ok
48988,48975,288.08,340.21,288.08,1.10,11,ok
48990,17004,819.99,731.30,819.99,2.12,11,ok
48991,41128,1036.01,760.78,1036.01,3.22,11,ok
48994,48954,288.08,311.72,144.93,0.72,11,ok
4901,4637,1941.35,1978.87,1941.35,1.34,15,ok
49010,49038,1056.95,721.74,0.00,3.60,8,no_coverage
4902,4890,1242.13,1436.60,1242.13,1.80,15,ok_undirected
4902,5197,1212.40,1374.15,1212.40,1.76,5,ok_undirected
49022,49010,390.54,421.55,0.00,2.12,8,no_coverage
49024,49047,429.81,223.62,0.00,2.00,11,no_coverage
4903,4571,248.58,200.87,248.58,0.87,13,ok
4903,4847,38.29,74.09,38.29,0.15,11,ok
49031,46320,311.73,318.72,0.00,1.23,20,no_coverage
49036,46902,301.90,398.08,301.90,1.02,13,ok
49037,35666,348.16,297.45,348.16,1.07,2,ok
49037,35695,401.58,293.25,401.58,0.98,13,ok
49038,17746,379.58,342.64,0.00,1.85,4,no_coverage
49038,17749,465.58,466.95,40.51,0.78,4,ok
49039,49036,492.80,355.51,492.80,1.85,12,ok
4904,4577,419.65,270.91,419.65,1.19,1,ok
4904,4593,310.84,265.75,310.84,0.89,11,ok
49042,49022,491.56,312.03,0.00,1.57,8,no_coverage
49043,49064,265.15,174.16,265.15,0.80,11,ok
49047,49039,214.18,125.38,214.18,1.61,12,ok
49047,49057,214.18,183.07,214.18,1.61,20,ok
4905,4904,139.62,175.33,139.62,0.43,12,ok
49057,48801,889.41,395.14,889.41,2.14,10,ok
49057,51290,430.84,321.42,430.84,1.15,10,ok
49058,49037,187.54,172.67,187.54,0.56,3,ok
4906,4905,311.11,296.19,311.11,0.93,12,ok
49062,49042,338.50,321.67,0.00,1.20,8,no_coverage
49064,49024,109.90,152.21,109.90,0.25,11,ok
49067,49076,316.31,226.68,0.00,0.27,7,no_coverage
4907,19691,318.96,298.88,318.96,0.88,16,ok
49071,5120,320.12,317.35,0.00,1.51,7,no_coverage
49073,51565,450.63,400.42,450.63,0.64,11,ok
49076,49087,277.95,212.45,0.00,1.00,7,no_coverage
49080,49071,221.03,202.08,0.00,0.45,7,no_coverage
49087,49080,210.12,238.26,0.00,0.60,7,no_coverage
4909,5190,284.42,301.89,284.42,0.63,29,ok
4910,4476,298.32,245.81,298.32,0.91,29,ok
4911,4910,406.80,403.74,406.80,0.94,29,ok
4912,4591,250.29,275.49,250.29,0.63,26,ok
4913,4493,303.08,281.61,303.08,0.69,27,ok
4913,5028,776.79,714.58,776.79,1.34,2,ok
4914,4488,526.04,132.69,526.04,1.09,26,ok
4915,4510,287.86,249.96,287.86,0.36,88,ok_undirected
4915,5139,582.61,455.36,582.61,1.05,13,ok_undirected
49158,3098,160.79,154.11,160.79,0.53,11,ok
4916,4827,668.41,399.07,652.91,1.19,26,ok
49174,49178,1577.13,939.06,1553.95,2.13,11,ok
49175,49073,2313.88,1350.71,2313.88,3.18,11,ok
49177,37570,1784.08,1351.61,1784.08,3.38,11,ok
49178,49175,411.29,245.12,411.29,0.76,11,ok
4918,4893,2133.45,2110.66,2099.73,3.52,1,ok
49181,40992,178.50,189.99,178.50,0.59,6,ok
49189,7056,2673.78,2315.72,2394.66,2.06,3,ok
4919,39859,2550.98,2386.21,2550.98,2.50,2,ok
49192,40990,270.85,281.26,270.85,1.06,4,ok
49201,49202,118.74,143.32,118.74,0.09,14,ok
49202,50816,479.15,430.94,479.15,0.83,14,ok
49204,49201,439.30,404.62,439.30,0.82,14,ok
4921,5097,146.61,123.18,131.11,0.34,24,ok_undirected
4922,44425,285.77,253.13,285.77,0.74,29,ok
4922,5070,365.36,301.77,365.36,0.97,1,ok
4923,44425,160.89,140.61,160.89,0.56,29,ok
4924,4588,689.61,354.55,689.61,2.07,25,ok
4924,4666,635.96,312.52,635.96,1.90,73,ok
4924,50258,515.23,337.69,515.23,1.69,35,ok_undirected
4924,5169,412.22,405.09,412.22,1.24,14,ok
4925,5096,336.99,123.75,336.99,0.78,24,ok
4926,4518,131.82,176.93,131.82,0.33,27,ok
4927,4540,62.09,111.09,62.09,0.26,13,ok
4927,4542,114.74,101.34,114.74,0.32,11,ok
4927,4906,496.36,480.84,496.36,1.69,1,ok
4927,4936,191.21,203.71,191.21,0.51,3,ok
4928,19694,116.66,115.95,116.66,0.28,37,ok
4929,4926,243.64,250.78,243.64,0.57,27,ok
49295,17686,465.33,409.46,465.33,0.47,17,ok
49295,18754,940.89,803.71,940.89,1.47,2,ok
4930,41722,203.28,170.26,131.82,0.51,10,ok
4930,4927,397.02,311.84,397.02,1.16,28,ok
49307,17643,300.70,374.27,300.70,0.24,17,ok
4931,43356,199.95,168.30,199.95,0.60,13,ok
4931,4961,300.31,60.75,300.31,0.88,11,ok
4932,4824,293.63,252.78,293.63,0.77,5,ok
49323,2657,685.45,685.46,685.45,1.92,47,ok
49324,1141,598.13,386.79,598.13,2.20,26,ok
49325,1109,364.47,303.25,364.47,1.12,1,ok
49325,1134,778.38,526.61,778.38,2.48,6,ok
49325,1141,598.13,386.79,598.13,2.20,6,ok
49325,2657,685.45,685.46,685.45,1.92,5,ok
49326,1141,598.13,386.79,598.13,2.20,27,ok
4933,5171,166.55,168.49,166.55,0.44,3,ok
49330,1141,598.13,386.79,598.13,2.20,3,ok
49330,2657,685.45,685.46,685.45,1.92,9,ok
49338,18174,4740.87,2235.29,2882.90,9.06,6,ok
49338,39888,1573.48,911.92,1404.39,2.61,1,ok
49338,6490,5274.66,1729.93,3416.69,9.98,4,ok
49338,6648,882.92,685.34,882.92,1.17,4,ok
49339,39672,1249.29,645.23,1196.92,1.91,9,ok
49339,6608,1212.51,686.55,1212.51,1.86,4,ok
4934,5306,173.55,216.83,173.55,0.34,3,ok
49349,39672,1722.10,764.74,1669.73,2.70,1,ok
49349,49339,472.81,361.94,472.81,0.79,9,ok
49349,6755,1795.34,1363.75,1795.34,3.23,3,ok
4935,5809,293.97,253.34,293.97,0.78,43,ok
4936,4664,266.62,274.72,266.62,0.69,42,ok
4936,5067,278.46,258.41,278.46,0.73,13,ok
49362,5781,3311.13,2133.15,3311.13,4.16,15,ok
49363,5730,89.51,162.89,89.51,0.29,17,ok
4937,4540,126.66,91.91,126.66,0.36,10,ok
4937,4542,80.85,74.48,80.85,0.17,11,ok
4937,4929,263.36,211.06,263.36,0.61,3,ok
4938,4940,441.46,375.15,441.46,0.92,5,ok
49385,6377,323.67,169.93,323.67,1.53,46,ok
4940,4829,152.17,163.09,152.17,0.36,5,ok
4941,40844,796.10,653.26,796.10,1.89,4,ok
4941,4825,384.74,353.91,384.74,0.89,15,ok
4942,4712,1043.25,955.68,1043.25,1.87,25,ok
4942,4762,1208.76,1050.11,1208.76,2.17,2,ok
4943,4826,366.13,393.14,366.13,0.84,28,ok
4944,4585,286.52,192.65,286.52,0.66,43,ok
4945,4944,136.25,176.50,136.25,0.41,43,ok
4946,4658,435.36,310.00,435.36,0.81,11,ok_undirected
4947,4800,526.00,508.46,526.00,0.75,3,ok
4947,4801,526.00,525.92,526.00,0.75,2,ok
49470,46984,883.33,800.90,883.33,2.23,3,ok
4948,42560,349.76,296.72,349.76,0.70,15,ok
49485,19879,425.40,406.72,307.38,0.86,35,ok
49485,20317,693.23,671.73,693.23,1.52,3,ok
49499,49557,492.61,127.67,492.61,0.58,4,ok
4950,4953,122.55,130.88,122.55,0.31,30,ok
49508,20755,288.98,263.00,288.98,0.70,4,ok
4951,4534,233.41,205.19,233.41,0.49,24,ok
49512,49508,358.44,338.92,358.44,0.85,4,ok
49514,20315,181.45,174.52,181.45,0.39,33,ok
49516,39038,276.84,242.55,276.84,0.85,25,ok
4952,4951,305.24,257.27,305.24,0.65,24,ok
49528,6161,246.83,143.52,246.83,0.77,14,ok
49529,49544,1146.32,391.04,1130.89,2.51,13,ok
4953,4780,591.99,469.44,591.99,1.74,6,ok
4953,4952,161.02,166.34,161.02,0.42,24,ok
49530,4632,701.38,255.64,701.38,1.69,15,ok
49532,42257,526.77,422.85,526.77,1.46,13,ok_undirected
49533,6309,351.57,218.94,351.57,0.97,13,ok
49534,50481,695.49,626.74,695.49,1.68,16,ok
49536,49532,152.25,137.75,152.25,0.50,13,ok
49537,5140,532.98,363.41,326.05,1.12,14,ok
49538,49530,188.79,169.33,188.79,0.46,15,ok
49539,49559,183.48,127.14,183.48,0.76,13,ok
4954,4955,311.44,237.87,311.44,0.71,24,ok
49540,49542,686.81,502.52,0.00,2.62,4,no_coverage
49541,49539,231.63,166.48,231.63,1.14,13,ok
49542,49543,516.35,453.10,516.35,8.98,4,ok
49543,18668,615.07,537.19,615.07,1.36,4,ok
49544,4537,567.19,400.19,567.19,1.25,13,ok_undirected
49545,21302,562.58,547.69,562.58,1.13,48,ok
49545,41046,264.65,234.11,264.65,0.63,27,ok
49545,41047,797.23,415.44,797.23,1.73,2,ok
49546,49548,214.27,192.63,214.27,0.53,13,ok
49547,18649,391.62,284.80,391.62,1.27,4,ok
49548,49541,273.81,272.00,273.81,0.99,13,ok
49549,49550,279.50,271.75,279.50,0.52,14,ok
4955,5100,196.68,180.19,196.68,0.45,24,ok
49550,41048,414.88,272.91,414.88,0.74,14,ok
49553,49534,366.75,365.96,366.75,1.09,16,ok
49555,6300,354.79,283.72,354.79,1.00,14,ok
49556,49562,275.04,294.44,275.04,0.89,15,ok
49557,49512,309.87,270.66,309.87,0.59,1,ok
49557,51934,177.34,156.65,177.34,0.21,3,ok
49558,49549,256.09,244.93,256.09,0.90,14,ok
49559,4598,429.70,321.20,429.70,1.25,87,ok
4956,4660,783.64,558.35,783.64,1.77,24,ok
49560,49558,192.94,119.12,192.94,0.50,14,ok
49561,35335,673.70,626.10,673.70,1.69,15,ok
49562,49561,208.25,169.44,208.25,0.57,15,ok
4957,35334,943.03,410.80,896.35,2.18,12,ok
4957,41045,462.08,429.89,462.08,1.01,25,ok
4957,4659,437.04,461.65,437.04,0.93,56,ok
4958,6357,248.28,222.42,248.28,0.55,9,ok
49588,39006,165.54,236.56,165.54,0.37,7,ok
4959,4957,332.41,281.16,332.41,0.84,43,ok
49593,46545,101.34,108.40,101.34,0.23,8,ok
49601,39015,481.23,423.18,481.23,0.87,16,ok
49601,40513,537.94,488.46,537.94,1.01,8,ok
49602,35258,381.54,294.41,381.54,1.17,16,ok
49606,40302,284.80,229.07,284.80,0.78,9,ok
49608,49630,1099.75,930.73,1099.75,2.39,10,ok
49609,40300,263.04,195.42,263.04,0.71,11,ok
4961,4580,102.14,151.98,102.14,0.30,21,ok
49611,3437,3619.09,2574.04,3560.37,4.47,22,ok_undirected
49611,51258,4926.45,332.84,4192.72,7.84,6,ok
49612,49646,313.56,295.36,313.56,0.76,10,ok
49614,18971,1598.14,1540.93,1598.14,2.92,19,ok
49614,4202,554.98,245.59,554.98,1.15,43,ok
49615,3185,1465.95,1280.08,1408.41,1.72,6,ok
49615,3917,5131.48,3741.00,1957.77,10.16,2,ok
49615,43494,1576.47,1561.65,1576.47,2.11,11,ok
49618,40299,136.79,120.96,136.79,0.31,9,ok
49619,4661,632.91,419.28,632.91,1.69,10,ok
49621,38965,1307.29,594.87,1307.29,2.67,1,ok
49621,39195,369.22,235.68,369.22,0.79,11,ok
49622,49638,158.04,276.84,158.04,1.15,21,ok
49626,49622,409.06,447.13,251.02,0.90,17,ok
4963,18429,1659.18,1313.83,1659.18,3.39,1,ok
4963,21210,2874.79,2286.20,2874.79,5.66,1,ok
4963,4964,336.33,358.54,336.33,0.74,156,ok
49630,49645,634.68,536.06,634.68,1.15,10,ok
49633,49614,632.86,474.60,632.86,1.42,62,ok
49634,4239,306.27,281.15,306.27,0.59,49,ok
49636,49606,284.06,219.54,284.06,0.66,9,ok
49638,40289,536.23,429.71,536.23,1.73,21,ok
4964,19389,972.01,663.68,972.01,1.93,1,ok
4964,4671,288.20,265.01,288.20,0.68,155,ok_undirected
49642,49612,201.75,211.67,201.75,0.38,10,ok
49645,49634,190.56,162.45,190.56,0.38,10,ok
49646,49619,1100.44,644.84,1100.44,2.21,10,ok
49648,40297,183.24,139.84,183.24,0.56,9,ok
49649,49634,311.83,351.58,311.83,0.51,39,ok
4965,4925,183.82,169.17,183.82,0.48,24,ok
49657,49662,367.29,345.22,367.29,0.73,23,ok
49659,19728,1810.13,1605.88,1800.06,2.51,21,ok
49659,35347,1917.66,1475.63,1879.55,2.63,1,ok
49662,16945,,21367.72,,23.87,3,unreachable
49662,38658,12426.92,11791.20,12426.92,9.62,4,ok
49662,38659,14342.20,11844.23,14342.20,12.04,3,ok
49662,50085,9251.20,8778.61,8482.42,7.64,3,ok
49674,36041,728.38,353.76,728.38,1.79,12,ok
49677,49674,499.89,497.35,499.89,1.11,12,ok
4968,21048,840.23,487.65,840.23,2.18,8,ok
4968,4261,853.04,469.15,853.04,2.22,32,ok
4968,4479,533.06,416.24,533.06,1.37,48,ok
4968,5143,404.17,277.13,404.17,1.10,2,ok
4969,19467,260.05,198.60,260.05,0.62,35,ok
49695,49707,245.09,172.79,139.88,0.38,10,ok
49696,49708,337.42,236.81,337.42,0.69,18,ok
4970,4745,527.55,341.88,527.55,0.94,20,ok
4970,4763,2348.68,2332.97,2348.68,2.28,15,ok_undirected
49700,20876,477.84,421.97,477.84,1.22,18,ok
49705,49700,204.06,201.48,204.06,0.39,18,ok
49707,49696,1123.62,692.00,1025.55,2.78,8,ok
49708,49705,375.99,334.56,375.99,0.72,18,ok
4971,21026,1101.23,778.58,1101.23,2.20,20,ok
4971,4206,576.61,433.70,576.61,1.19,79,ok
4972,4973,91.55,174.15,91.55,0.26,27,ok
49729,17043,282.44,139.71,282.44,0.85,5,ok
4973,4543,421.28,230.34,421.28,1.42,27,ok
49733,17042,393.21,268.29,393.21,0.73,5,ok
4974,20781,461.01,399.31,461.01,1.35,12,ok
4974,4976,288.37,262.14,288.37,0.75,16,ok
4975,21092,1260.86,505.27,1260.86,3.38,21,ok
4975,36942,508.96,386.23,508.96,1.33,10,ok
4975,4666,693.58,618.91,693.58,1.59,12,ok
49750,20328,4689.68,2119.83,4689.68,6.54,4,ok
49750,41073,1355.05,836.62,169.25,1.90,2,ok
4976,4979,213.32,215.22,213.32,0.51,16,ok
4977,4978,269.29,247.18,269.29,0.76,16,ok
49770,17583,1144.27,1104.12,1096.18,1.48,2,ok
49770,21298,1133.13,1045.87,1085.04,1.42,1,ok_undirected
4978,4972,313.41,173.75,313.41,0.82,16,ok
49788,49770,743.57,799.03,743.57,0.98,3,ok
4979,19086,406.85,303.03,406.85,1.00,3,ok_undirected
4979,43354,362.21,282.41,362.21,0.94,13,ok
4980,4598,567.84,386.92,567.84,1.29,41,ok
4980,4668,403.59,415.21,403.59,0.80,5,ok
4981,4931,183.82,145.28,183.82,0.50,24,ok
4982,4496,623.19,530.37,0.00,0.33,3,no_coverage
4983,4686,761.66,652.50,0.00,1.07,5,no_coverage
4984,4755,516.13,465.18,494.38,0.75,2,ok
4984,4756,449.50,421.53,449.50,0.62,1,ok
4987,6146,244.25,177.08,244.25,0.75,8,ok
49871,48517,415.65,375.26,415.65,1.27,10,ok
49879,44674,511.37,175.47,511.37,1.10,18,ok
49879,44677,528.49,117.74,528.49,1.10,7,ok
4988,6140,210.70,193.45,210.70,0.72,6,ok
49880,48061,300.77,281.62,300.77,1.54,10,ok
4989,6130,88.18,73.06,88.18,0.26,8,ok
4990,6133,170.44,244.85,170.44,0.58,8,ok
49903,18395,0.00,110.60,0.00,0.18,55,no_coverage
4991,4993,416.36,362.89,416.36,0.99,8,ok
4992,4994,425.89,403.06,425.89,1.01,8,ok
4993,6132,173.29,228.21,173.29,0.35,8,ok
4994,4995,257.79,225.12,257.79,0.60,8,ok
4995,4990,381.56,264.84,381.56,1.08,8,ok
49967,50039,329.38,274.80,329.38,1.00,21,ok
49976,4735,1447.08,1433.28,1447.08,1.48,30,ok
49976,5033,1586.05,1307.18,1412.53,1.71,2,ok
49977,4791,1641.18,1369.08,1629.06,1.89,40,ok
49977,5092,667.80,516.17,414.32,0.66,1,ok
4998,19072,395.33,412.98,395.33,0.65,57,ok_undirected
4998,37813,326.31,170.54,326.31,0.82,7,ok_undirected
4999,20986,156.34,199.80,156.34,0.38,22,ok
5000,4999,225.22,190.43,225.22,0.69,22,ok
50006,7046,410.75,323.66,338.26,1.18,2,ok
50008,18022,686.92,483.78,686.92,0.94,3,ok_undirected
50008,18028,672.42,387.12,628.51,0.94,1,ok
5001,20955,191.21,177.44,191.21,0.59,7,ok
50010,35529,4091.19,3687.33,4091.19,4.44,2,ok
50015,50070,739.87,726.49,739.87,0.69,8,ok
50018,50015,1131.21,1113.22,1131.21,1.13,5,ok
50019,1359,622.79,428.30,622.79,1.66,12,ok
50019,1688,450.98,475.69,450.98,1.10,8,ok
50019,35087,539.76,379.02,539.76,1.30,5,ok
5002,5003,223.59,275.26,223.59,0.58,14,ok
50024,4656,1070.34,828.21,1070.34,2.08,10,ok
50027,4785,3444.78,3338.60,3444.78,3.25,4,ok
5003,5005,214.14,168.30,214.14,0.49,14,ok
50030,6481,240.46,235.48,240.46,0.59,8,ok
50037,5641,1024.67,1077.18,1024.67,0.92,7,ok
50039,2826,219.62,176.33,219.62,0.78,21,ok
5004,21050,333.64,242.27,333.64,1.05,7,ok
5004,21059,300.44,346.16,300.44,0.97,6,ok
50041,50042,737.26,738.68,737.26,1.31,7,ok
50042,40235,1099.03,763.35,312.72,3.88,3,ok
50042,50027,1124.01,1108.83,1124.01,1.97,4,ok
5005,21003,634.48,388.31,634.48,1.29,14,ok
50051,17988,1338.25,937.28,1338.25,1.75,3,ok
50051,6483,1657.48,856.73,1657.48,2.18,5,ok
50051,6646,1338.25,1013.20,1338.25,1.75,2,ok
50056,42770,523.32,289.32,523.32,1.53,9,ok_undirected
50056,47960,357.28,258.17,357.28,0.97,12,ok
5006,5004,353.27,326.56,353.27,1.33,13,ok
50060,18677,1728.12,1221.63,1705.50,2.18,3,ok
50060,18687,1405.17,1270.24,1405.17,1.75,3,ok
50064,37147,959.44,537.38,775.86,2.33,3,ok
50064,3865,458.78,359.43,458.78,1.08,3,ok
50064,39617,163.01,148.12,163.01,0.34,22,ok
50068,6488,391.87,369.33,391.87,0.78,4,ok
50068,6686,929.01,980.51,929.01,1.56,1,ok
5007,5918,286.17,300.08,286.17,0.87,17,ok
50070,40571,1774.42,998.72,1114.06,1.56,3,ok
50070,51987,4323.71,3683.92,4323.71,4.16,5,ok
50073,50155,333.37,307.16,325.74,1.07,7,ok_undirected
50073,50161,449.09,233.22,441.47,1.43,7,ok
50074,50077,322.64,211.13,322.64,1.06,14,ok
50075,50074,278.34,284.99,278.34,0.92,14,ok
50077,50073,515.62,460.33,515.62,1.80,14,ok
50078,50075,327.63,234.20,327.63,1.39,14,ok
50079,47414,941.75,373.37,941.75,1.79,8,ok
50083,51411,490.99,351.36,490.99,1.91,21,ok
50084,50079,403.62,330.65,403.62,0.80,8,ok
50085,38659,5148.86,3077.93,5148.86,4.67,3,ok
50088,50089,185.30,179.51,185.30,0.45,17,ok
50089,50121,265.01,284.90,265.01,0.69,17,ok
50090,50597,379.83,356.50,379.83,0.85,8,ok
50094,44830,179.88,115.67,179.88,0.53,14,ok
50094,46241,234.60,181.04,48.81,0.61,11,ok
50097,50598,278.74,281.66,278.74,0.79,8,ok
50100,39145,614.75,469.20,614.75,1.86,2,ok
50100,50906,283.68,199.84,283.68,0.94,32,ok
50102,50083,193.61,193.20,193.61,0.62,21,ok
50104,50102,359.25,295.29,359.25,1.43,21,ok
50109,50128,573.11,168.20,573.11,1.76,12,ok
5011,5012,197.09,136.42,197.09,0.54,23,ok
50110,50135,380.77,354.26,380.77,1.33,17,ok
50112,19545,689.21,499.29,689.21,2.12,8,ok
50119,50100,556.77,502.11,556.77,1.98,34,ok
5012,4570,324.54,283.37,324.54,0.98,23,ok
50121,40184,429.70,305.06,429.70,1.48,17,ok
50122,50112,405.60,338.10,405.60,0.70,8,ok
50125,50134,470.96,92.42,470.96,1.36,13,ok
50127,44013,146.05,93.70,146.05,0.31,14,ok
50127,44222,533.64,410.00,533.64,1.52,11,ok
50128,41187,476.37,375.11,476.37,1.33,12,ok
5013,4791,114.25,81.35,114.25,0.35,16,ok
5013,4911,158.28,156.20,158.28,0.50,16,ok
5013,49976,1838.23,1530.07,1838.23,2.05,1,ok
50134,46504,265.64,221.91,265.64,0.82,13,ok
50135,19529,549.24,365.66,549.24,1.69,17,ok
5014,47851,697.93,331.82,591.28,2.01,13,ok
5014,5048,181.60,239.90,181.60,0.41,9,ok_undirected
50147,19550,1461.41,640.18,1461.41,4.16,2,ok
50147,20488,287.57,227.02,287.57,0.82,9,ok_undirected
50147,47407,132.77,104.43,132.77,0.37,7,ok
50147,47447,372.35,304.06,372.35,1.07,12,ok
5015,5029,189.87,137.35,189.87,0.49,15,ok
50152,50158,685.04,216.01,685.04,1.46,7,ok
50153,50161,202.67,125.42,202.67,0.67,18,ok
50154,7032,3323.51,2922.63,3323.51,3.39,5,ok
50155,1754,362.42,158.74,362.42,1.29,18,ok
50157,43964,625.36,226.58,625.36,1.58,7,ok
50158,50078,344.86,240.05,344.86,1.07,7,ok
50159,50163,107.39,118.86,107.39,0.36,14,ok
5016,4811,397.73,426.58,397.73,0.76,6,ok_undirected
5016,4845,157.99,165.55,157.99,0.39,14,ok_undirected
50161,43961,1041.80,725.88,392.54,5.45,11,ok
50161,50159,382.26,318.57,382.26,1.03,14,ok
50162,50157,480.45,161.42,480.45,1.09,7,ok
50163,50078,209.21,211.41,209.21,0.80,7,ok
50163,50162,566.92,275.22,566.92,1.51,7,ok
50164,19849,652.20,483.76,652.20,1.51,3,ok
50164,4176,634.42,559.83,634.42,1.17,3,ok_undirected
5017,35367,861.02,796.01,861.02,1.38,2,ok
5017,41684,374.95,194.16,374.95,0.78,24,ok
5017,43350,391.69,263.58,391.69,0.80,13,ok
50170,50172,318.18,291.35,318.18,0.86,10,ok
50171,19361,184.60,153.48,184.60,0.41,8,ok
50172,3343,160.35,166.26,160.35,0.50,10,ok
50174,5748,1080.38,866.98,0.00,1.68,1,no_coverage
50175,37611,249.01,212.12,184.41,1.92,8,ok
50177,5746,3092.76,1814.99,0.00,3.95,1,no_coverage
50188,50219,288.94,281.20,288.94,0.73,20,ok
5019,4717,1445.93,576.93,1445.93,2.40,3,ok
5019,5166,6659.16,445.78,6615.38,10.53,11,ok
50190,50191,435.51,418.96,435.51,0.92,30,ok
50191,46835,337.86,332.44,337.86,0.75,30,ok
5020,41046,163.58,205.90,163.58,0.33,3,ok
5020,41047,696.17,419.44,696.17,1.43,3,ok
5020,49559,410.78,466.10,410.78,0.83,44,ok
50202,6452,5416.23,3975.30,5416.23,5.18,3,ok
50203,50190,280.22,280.07,280.22,0.61,30,ok
5021,4664,286.56,340.21,286.56,0.55,14,ok
5021,4936,431.84,339.28,431.84,1.09,13,ok
50213,50203,207.56,168.71,207.56,0.82,30,ok
50219,1154,989.32,749.32,989.32,2.41,8,ok_undirected
5022,5021,271.48,127.27,271.48,0.73,27,ok
50222,50188,430.88,414.25,430.88,1.02,20,ok
5023,4581,173.04,129.36,173.04,0.48,27,ok
5024,4983,3153.60,2204.41,0.00,6.30,3,no_coverage
50240,50222,1444.30,329.35,1444.30,4.00,20,ok
50242,50248,284.57,306.27,54.70,0.62,2,ok_undirected
50245,41675,2282.92,1011.89,2184.86,5.82,11,ok
50246,50247,292.36,279.67,292.36,0.60,2,ok
50246,50248,237.67,164.42,237.67,0.48,11,ok
50247,44440,651.02,388.96,0.00,1.38,2,no_coverage
50248,50245,304.12,237.14,237.67,0.61,13,ok_undirected
5025,4848,441.33,178.19,441.33,0.86,61,ok
50256,39018,308.61,364.40,308.61,1.10,8,ok
50258,18383,240.77,179.71,240.77,0.73,7,ok_undirected
50258,19391,549.14,307.52,549.14,1.52,11,ok
50258,35291,471.00,196.95,471.00,1.09,28,ok
5026,4790,616.69,616.69,616.69,0.89,36,ok
5026,4911,616.66,500.18,616.66,0.96,13,ok
5026,4922,689.23,570.74,689.23,1.14,14,ok
50267,50277,383.22,336.32,383.22,0.79,5,ok
50268,50280,609.06,450.47,609.06,1.62,5,ok
50269,36039,532.37,344.99,532.37,1.51,5,ok
5027,4923,370.23,335.56,370.23,1.03,29,ok
50270,50269,611.67,343.96,611.67,1.48,5,ok
50271,50278,277.22,284.94,277.22,0.69,5,ok
50273,41035,228.35,232.26,228.35,0.54,5,ok
50275,1596,769.92,343.57,769.92,1.63,5,ok_undirected
50276,50271,327.51,341.89,327.51,0.72,5,ok
50277,50276,531.51,331.05,531.51,1.26,5,ok
50278,50275,478.94,410.08,478.94,1.10,5,ok
50279,50270,286.42,326.19,286.42,0.75,5,ok
5028,4852,119.01,69.10,119.01,0.25,29,ok
50280,50279,318.31,286.73,318.31,0.87,5,ok
50281,41034,568.33,425.13,568.33,0.82,5,ok
50281,41037,295.34,255.37,295.34,0.42,5,ok
50289,48804,16.83,73.36,16.83,0.05,5,ok
5029,4475,62.94,52.01,62.94,0.15,15,ok
50297,36836,247.99,244.27,247.99,0.66,5,ok
5030,35464,435.03,388.29,435.03,0.96,19,ok
50300,38285,302.54,277.60,302.54,0.90,11,ok
50300,42592,329.29,233.15,329.29,1.01,4,ok
50300,50267,222.85,170.45,222.85,0.68,5,ok
50307,44718,422.00,440.08,422.00,1.25,4,ok
5031,4930,430.91,353.96,430.91,1.23,24,ok
5032,51987,3164.52,2626.24,3164.52,3.14,3,ok
50321,48567,194.18,172.92,194.18,0.49,5,ok
50325,36026,325.90,319.40,325.90,0.79,5,ok
50329,4084,601.10,431.85,601.10,2.16,5,ok
5033,4736,312.64,276.44,63.21,0.30,3,ok
5033,4938,1222.75,1122.38,1094.95,1.78,2,ok
50334,48641,457.70,317.79,457.70,1.15,5,ok
5034,35465,379.71,283.84,379.71,1.10,28,ok_undirected
5034,47851,837.64,534.90,837.64,3.34,2,ok_undirected
5034,48181,563.49,507.49,563.49,1.48,6,ok_undirected
50341,1288,119.86,84.20,119.86,0.25,7,ok_undirected
50341,3426,172.07,198.55,172.07,0.43,24,ok_undirected
50341,42986,159.15,144.91,159.15,0.36,21,ok_undirected
5035,40252,404.94,310.60,404.94,1.17,6,ok
5036,5119,480.66,408.92,480.66,1.58,6,ok
50362,50369,619.30,422.91,619.30,1.53,4,ok
50363,50367,429.53,244.66,429.53,0.73,4,ok
50367,41072,0.00,123.84,0.00,0.85,4,no_coverage
50368,50370,107.36,58.79,107.36,0.24,4,ok
50369,51237,219.67,127.91,219.67,0.58,4,ok
5037,41718,347.02,263.36,347.02,0.91,11,ok
5037,43354,313.04,274.15,313.04,0.84,10,ok
5037,4593,507.80,213.49,507.80,1.30,16,ok
50370,41069,606.60,384.92,142.40,5.96,1,ok
50370,50363,112.12,191.91,112.12,0.21,4,ok
50371,50368,188.44,159.56,188.44,0.46,4,ok
50381,43021,237.95,189.20,237.95,0.65,14,ok
50383,5748,2502.99,1126.12,0.00,3.30,1,no_coverage
50387,20515,398.07,386.36,398.07,0.78,29,ok
50388,20105,330.40,236.89,330.40,0.64,1,ok_undirected
50388,35581,494.52,449.42,494.52,0.99,10,ok
50388,6707,341.11,288.57,341.11,0.63,8,ok
50389,43908,445.24,402.49,445.24,0.73,14,ok
50389,6025,1590.60,1445.15,1590.60,3.08,5,ok
5039,35390,1228.92,914.44,1228.92,3.05,10,ok
50395,4644,769.61,917.45,497.95,1.67,4,ok
5040,35388,734.97,392.02,734.97,1.13,5,ok
5040,44517,2328.56,1973.93,2328.56,3.69,5,ok
5041,5039,1550.58,1552.19,864.20,4.19,5,ok
5042,5043,958.08,878.35,769.16,1.44,5,ok
5042,50492,917.62,794.06,769.16,1.37,5,ok
50426,50153,209.36,180.23,209.36,0.71,18,ok
5043,35374,1016.37,680.46,318.57,3.39,5,ok
50430,21291,1948.42,1636.59,0.00,1.87,2,no_coverage
50436,1323,1505.78,452.91,1496.42,2.64,41,ok
50436,51005,1248.04,1242.87,1248.04,1.66,6,ok
50436,51637,1407.75,1187.58,1407.75,2.04,16,ok_undirected
5044,35379,58.79,60.70,23.42,8.82,3,ok
5044,41286,265.95,266.34,265.95,0.93,3,ok
5045,5042,1785.13,800.77,900.91,2.80,5,ok
50455,18097,937.45,565.23,347.49,2.51,5,ok
50455,18098,920.44,543.65,330.49,2.54,3,ok
50456,50455,434.42,331.63,434.42,0.67,8,ok
50459,50456,1117.44,565.83,1117.44,2.64,8,ok
5046,5041,966.50,738.39,0.00,0.47,5,no_coverage
50475,7032,1735.77,1628.99,1735.77,1.88,2,ok
50476,4176,3462.49,1984.89,3456.74,6.64,5,ok
50479,49529,718.33,689.49,718.33,1.32,13,ok
5048,4505,954.55,524.76,954.55,2.86,21,ok
5048,4635,696.56,475.80,696.56,1.82,79,ok
5048,48181,300.12,172.10,300.12,0.85,14,ok_undirected
5048,4957,1131.38,750.13,1131.38,2.62,15,ok
50481,4538,387.42,337.22,387.42,0.88,16,ok
50492,35378,1794.60,1475.71,1621.96,2.87,5,ok
5050,4884,3103.41,2219.64,0.00,2.85,3,no_coverage
5050,5024,3153.60,2212.02,0.00,3.02,2,no_coverage
50521,4620,595.99,446.32,595.99,1.65,28,ok
50538,50541,310.54,342.73,310.54,0.38,2,ok
5054,4767,220.62,239.83,220.62,0.19,1,ok
5054,4768,294.87,223.26,220.62,0.25,2,ok
50541,7121,1285.55,1088.38,1233.99,2.60,1,ok
50541,7122,2356.93,1885.71,2346.77,3.10,1,ok
50542,42908,396.86,212.55,396.86,2.63,8,ok
50544,39829,236.66,162.24,236.66,2.15,9,ok
50545,39830,305.58,127.87,305.58,2.14,2,ok_undirected
50546,39830,305.58,127.87,305.58,2.14,4,ok_undirected
50548,39830,305.58,127.87,305.58,2.14,3,ok_undirected
50556,39830,234.34,114.98,234.34,0.51,32,ok_undirected
50557,39829,165.42,186.46,165.42,0.52,18,ok
50557,42908,325.62,221.78,325.62,1.00,7,ok
50558,39830,369.45,110.11,369.45,2.56,1,ok
5056,5054,4620.19,3972.39,4620.19,6.20,2,ok
50568,5285,393.38,322.69,393.38,0.66,17,ok_undirected
5057,4627,584.66,494.69,584.66,1.31,8,ok
5058,4547,304.04,139.04,304.04,0.84,43,ok
50588,4317,1755.88,1304.17,1755.88,1.70,2,ok
50588,4319,2168.55,1483.15,2168.55,2.43,1,ok
50589,18999,1562.25,1315.35,1526.46,1.99,5,ok
50589,4364,2383.04,1970.85,2383.04,1.74,4,ok
5059,4945,346.58,327.53,346.58,0.97,15,ok
5059,5091,423.41,455.15,423.41,1.19,16,ok
50593,50599,500.23,185.64,500.23,1.17,8,ok
50594,50090,240.89,253.68,240.89,0.58,8,ok
50595,50594,291.55,268.24,291.55,0.73,8,ok
50596,50097,428.56,310.00,428.56,1.22,8,ok
50597,7035,278.77,149.53,278.77,0.75,8,ok
50598,50600,134.25,151.81,134.25,0.36,8,ok
50599,49601,308.09,286.77,308.09,0.68,8,ok
50600,50593,509.70,179.17,509.70,1.24,8,ok
50601,50602,274.14,191.11,274.14,0.85,8,ok
50602,50595,665.07,426.28,665.07,1.65,8,ok
5063,41481,2061.62,1899.23,2061.62,2.62,5,ok
5063,4736,2137.72,2100.31,2137.72,2.64,38,ok
5063,4938,3324.99,3124.07,3203.35,4.44,3,ok
50640,50642,429.60,445.77,429.60,0.53,10,ok
50641,19253,1154.89,1073.97,1154.89,1.28,28,ok
50641,21217,1190.60,1072.27,1190.60,1.36,2,ok
50642,50641,851.01,831.65,851.01,0.84,10,ok
50643,17639,619.06,314.14,619.06,1.14,13,ok
50646,2966,2052.51,261.73,2034.26,3.19,9,ok
50647,50646,153.46,92.62,153.46,0.32,9,ok
5065,4542,471.17,470.55,471.17,1.68,5,ok
5065,4818,564.67,302.03,564.67,2.04,17,ok
5065,4906,269.74,190.83,269.74,0.94,11,ok
50650,50666,353.07,360.11,353.07,0.98,7,ok
50651,6111,785.63,344.41,785.63,1.92,6,ok_undirected
50657,50663,563.71,259.39,563.71,1.54,7,ok_undirected
5066,41715,560.26,315.85,560.26,1.94,11,ok
5066,4661,405.32,364.96,405.32,1.43,11,ok
5066,4835,411.85,316.84,411.85,1.44,22,ok
50662,50665,241.73,241.81,241.73,0.52,6,ok
50663,19332,484.74,305.23,484.74,1.23,17,ok_undirected
50664,50651,835.02,236.08,835.02,2.01,6,ok
50665,50664,383.67,306.75,383.67,0.97,6,ok
50666,50657,1175.55,231.11,1175.55,3.18,7,ok
5067,5023,371.88,181.78,371.88,0.94,27,ok
50682,5423,647.08,608.42,531.93,2.59,8,ok
50685,38799,455.15,413.53,0.00,1.00,10,no_coverage
50686,20776,525.11,200.81,525.11,1.23,10,ok
5069,4491,245.93,169.43,245.93,0.58,27,ok
5070,5071,219.96,211.38,219.96,0.51,16,ok
5071,5072,302.37,289.28,302.37,0.62,44,ok
50716,39085,1192.24,1061.45,748.77,2.02,1,ok
50716,5803,3614.72,1458.59,3369.65,7.14,1,ok
50717,51648,680.81,563.00,680.81,1.19,2,ok
5072,5013,909.69,502.03,909.69,2.31,1,ok
5072,5073,266.06,228.59,266.06,0.57,43,ok
5073,5074,270.57,214.40,270.57,0.83,43,ok
5074,5075,71.70,117.23,71.70,0.21,43,ok
5075,4561,269.24,240.38,269.24,0.62,15,ok
5075,5091,203.91,132.59,203.91,0.59,28,ok
50750,2812,1145.20,656.27,778.23,2.02,6,ok
5076,50479,432.26,379.45,432.26,0.98,13,ok
5076,5077,311.57,174.93,311.57,0.85,43,ok
5077,5078,180.76,267.93,180.76,0.55,43,ok
5078,4935,223.92,148.35,223.92,0.80,43,ok
5079,5080,342.08,146.12,342.08,0.77,15,ok
5080,4523,305.15,375.42,305.15,0.79,15,ok
50804,49677,12190.93,11672.71,12190.93,8.54,4,ok
50805,49204,201.17,200.27,201.17,0.65,14,ok
50806,50813,237.75,204.64,237.75,0.81,14,ok
50807,50805,198.91,199.63,198.91,0.56,14,ok
50808,50809,126.73,161.36,126.73,0.59,14,ok
50809,50814,177.21,142.62,177.21,0.50,14,ok
5081,4571,210.29,200.25,210.29,0.72,27,ok
50810,50807,166.56,171.50,166.56,0.48,14,ok
50811,50806,147.85,142.42,147.85,0.50,11,ok
50811,6790,188.17,177.80,188.17,0.63,14,ok
50812,50810,304.17,258.12,304.17,1.29,14,ok
50813,50812,180.79,129.33,180.79,0.69,14,ok
50814,50815,443.85,386.08,443.85,1.54,14,ok
50815,50811,97.08,117.29,97.08,0.39,7,ok
50815,6668,394.17,332.51,252.01,1.10,7,ok
50816,50808,212.44,174.03,212.44,0.66,14,ok
50817,2393,130.90,139.46,130.90,0.33,25,ok
5082,20370,1155.05,517.57,1155.05,2.32,19,ok
5082,4753,492.15,470.58,492.15,0.91,3,ok
50822,5182,763.69,534.57,763.69,1.43,5,ok
50827,4663,558.14,431.24,558.14,1.03,7,ok
50832,43245,517.62,473.58,517.62,0.89,3,ok
50832,43246,1201.20,496.25,1201.20,1.68,3,ok
50833,50832,969.60,543.90,969.60,1.60,3,ok
50834,50840,259.81,221.28,259.81,0.44,3,ok
50835,50841,17.59,254.96,17.59,0.03,3,ok
50836,50837,1830.84,268.73,1830.84,4.07,3,ok
50837,50832,121.61,296.62,121.61,0.20,3,ok_undirected
50838,50835,569.11,307.29,569.11,0.95,3,ok
50839,50836,377.43,354.82,377.43,0.63,3,ok
50840,50839,497.72,467.48,497.72,0.74,3,ok
50841,50833,143.06,236.96,143.06,0.23,3,ok
50842,50834,391.63,407.42,391.63,0.72,3,ok
5085,18370,744.74,631.90,744.74,1.75,132,ok
5085,19389,1577.75,1412.19,1577.75,3.28,13,ok
5085,4150,2012.17,1376.94,2012.17,4.46,6,ok
5085,4590,1032.69,815.28,1032.69,2.28,50,ok
50869,21211,613.53,558.30,613.53,0.91,48,ok
50870,37026,4817.84,3517.92,4817.84,4.04,2,ok
50870,5592,3902.84,3794.86,3902.84,3.01,4,ok
50871,6732,517.65,549.70,517.65,1.00,4,ok
50872,5699,445.11,351.35,445.11,1.49,29,ok
50874,50881,78.70,64.16,78.70,0.23,10,ok
50877,51807,42.17,171.40,42.17,0.09,10,ok
5088,21092,329.83,204.32,329.83,0.85,78,ok_undirected
5088,5169,745.06,320.34,745.06,1.90,13,ok
50880,50883,274.42,171.76,37.38,0.63,10,ok
50881,50882,211.75,94.13,185.58,0.66,10,ok_undirected
50882,50877,377.31,235.26,377.31,0.90,10,ok
50884,50880,513.84,233.10,401.18,1.08,10,ok
50889,1225,1022.96,1000.66,1022.96,1.48,10,ok
50890,18563,325.25,254.65,325.25,0.84,7,ok_undirected
50891,1208,1099.25,810.86,1099.25,1.76,3,ok
50891,1641,981.30,880.78,981.30,1.39,11,ok
50893,41159,612.60,537.62,612.60,0.84,15,ok
50897,40889,309.66,354.82,309.66,0.69,18,ok
50900,50921,150.28,181.35,150.28,0.38,5,ok_undirected
50902,6080,421.66,214.42,421.66,1.50,46,ok
50905,50916,203.90,199.29,203.90,0.56,6,ok_undirected
50906,19530,262.62,249.99,262.62,0.67,6,ok
50906,39144,371.01,273.74,371.01,1.04,26,ok
50907,50908,280.40,195.52,280.40,0.73,6,ok_undirected
50908,50920,433.44,315.33,433.44,0.92,6,ok_undirected
50909,50911,240.29,229.89,240.29,0.56,5,ok
5091,5092,230.50,267.74,230.50,0.61,44,ok
50911,50922,240.28,223.62,240.28,0.60,5,ok
50912,46701,279.27,196.71,279.27,0.88,14,ok
50914,50902,327.88,225.29,327.88,1.39,46,ok
50915,19706,326.68,192.27,326.68,0.90,16,ok_undirected
50916,34158,535.90,352.09,535.90,1.45,6,ok_undirected
5092,4585,297.05,174.02,297.05,0.47,3,ok
50920,39741,385.35,366.15,385.35,0.98,6,ok_undirected
50921,38359,367.34,271.17,367.34,0.94,5,ok
50922,20610,253.83,206.80,253.83,0.69,5,ok
50923,39741,877.93,357.83,877.93,2.34,17,ok
50925,18278,1236.66,870.65,950.63,1.84,2,ok
5093,4558,161.51,184.49,161.51,0.42,13,ok
5094,4936,276.61,282.80,276.61,0.92,13,ok
5094,4937,356.85,327.64,356.85,1.17,24,ok
5094,5067,78.53,118.35,78.53,0.23,14,ok
5095,35362,1001.42,465.73,1001.42,1.66,11,ok_undirected
5095,35368,309.67,199.56,309.67,0.54,11,ok
50955,19004,1164.24,1000.24,1164.24,0.84,6,ok
5096,4634,241.40,244.14,241.40,0.68,12,ok_undirected
5096,5017,265.91,123.19,265.91,0.75,26,ok
50960,19011,817.58,807.16,817.58,0.77,2,ok
50960,20056,1637.87,1576.09,1637.87,1.50,2,ok
50963,3159,754.13,521.68,754.13,3.04,14,ok
50963,35772,506.44,284.58,506.44,2.14,8,ok
50968,3431,446.70,297.16,446.70,2.19,22,ok
5097,17999,273.28,196.21,273.28,0.56,36,ok_undirected
5097,4780,111.60,51.72,111.60,0.22,32,ok_undirected
5097,4862,299.79,235.03,299.79,0.71,27,ok_undirected
50971,3159,754.13,521.68,754.13,3.04,29,ok
50972,35772,506.44,284.58,506.44,2.14,19,ok
50972,3619,1093.19,608.13,1093.19,3.42,19,ok
50973,3431,446.70,297.16,446.70,2.19,28,ok
50974,35772,506.44,284.58,506.44,2.14,21,ok
5098,4683,1225.49,767.10,0.00,1.91,5,no_coverage
5099,5102,548.21,288.61,548.21,1.15,24,ok
50993,17952,486.03,537.39,486.03,1.07,4,ok
50996,17902,1666.06,1644.00,1666.06,2.25,3,ok
50996,17919,529.33,385.58,529.33,1.03,10,ok
50996,41068,688.86,620.79,688.86,1.37,2,ok
5100,5099,246.18,246.99,246.18,0.54,24,ok
51001,51204,137.41,200.12,137.41,0.30,7,ok
51005,17227,1083.50,1072.56,1083.50,1.60,6,ok
5102,4828,320.57,224.64,320.57,1.14,24,ok
5103,19733,1138.90,1146.79,1138.90,1.60,8,ok
5103,40834,863.15,661.96,863.15,1.59,7,ok
5103,5104,1117.69,1104.99,1075.71,1.59,2,ok
5104,5105,726.95,644.21,0.00,0.33,2,no_coverage
51049,20812,5364.88,3756.65,5364.88,4.27,2,ok
5105,35386,383.33,339.79,383.33,0.49,2,ok
51050,35190,5996.75,3345.18,0.00,4.65,2,no_coverage
51051,51052,4907.65,3790.90,0.00,3.85,2,no_coverage
51052,18329,457.23,402.13,0.00,1.23,2,no_coverage
51053,19890,1036.71,1095.70,1036.71,1.28,3,ok
51055,35184,7711.47,5016.66,7711.47,7.86,2,ok
51056,7276,7727.30,4975.18,0.00,5.78,2,no_coverage
51059,21220,201.57,197.40,201.57,1.29,5,ok
51059,51060,166.96,154.62,166.96,1.14,8,ok
5106,5107,2984.05,1346.97,2408.69,3.90,1,ok
5106,5108,2297.74,1826.00,1014.10,3.14,1,ok
51060,51241,404.46,351.70,404.46,1.36,8,ok
51060,51246,543.83,496.82,543.83,1.69,5,ok
51062,43650,535.18,382.60,535.18,1.93,4,ok
51062,51059,290.79,310.85,290.79,1.44,8,ok
51063,51064,469.16,339.78,469.16,1.36,12,ok
51064,51062,643.99,363.79,643.99,1.87,12,ok
51065,20814,449.75,407.16,265.42,0.36,4,ok_undirected
5107,5106,3048.35,1346.97,1212.06,5.08,1,ok
5108,5109,1675.39,1157.98,1675.39,2.96,6,ok
51084,4197,1227.63,1020.01,1227.63,2.25,11,ok
51086,20138,242.25,193.11,242.25,0.56,6,ok
51086,5580,287.70,124.02,287.70,0.70,7,ok
5109,4628,438.90,204.99,438.90,1.19,7,ok
5109,4946,403.51,246.48,403.51,1.05,11,ok
5110,39857,155.14,128.12,155.14,0.40,4,ok
51115,1600,946.32,395.15,922.38,1.60,14,ok
51115,35991,690.66,683.45,690.66,1.19,1,ok
51115,40554,149.87,91.67,149.87,0.36,11,ok
5112,35394,351.05,359.95,351.05,0.62,5,ok
5114,37041,1232.77,954.87,1232.77,2.08,5,ok
5115,39853,194.22,194.94,194.22,0.94,7,ok
51153,21047,55.70,30.30,0.00,0.57,2,no_coverage
51157,4244,0.00,132.87,0.00,1.45,1,no_coverage
51157,4247,671.73,470.84,422.23,0.93,4,ok
5116,4880,3007.52,2917.40,3007.52,4.38,9,ok
51172,40524,1363.58,988.28,1363.58,3.90,2,ok
51172,51218,237.31,187.91,237.31,0.70,8,ok
5118,42310,209.75,209.26,209.75,0.71,9,ok
5119,43485,273.68,303.12,273.68,1.16,15,ok
51195,18459,644.97,382.53,644.97,1.58,10,ok_undirected
51195,18470,1452.12,123.27,1452.12,3.76,13,ok
51195,18489,348.10,153.00,348.10,1.01,2,ok_undirected
51195,46230,497.55,284.90,497.55,1.35,10,ok_undirected
51195,6250,849.45,532.49,430.13,2.24,1,ok_undirected
51196,5001,493.37,411.11,493.37,1.37,7,ok
51197,20952,1188.10,980.35,1188.10,2.48,7,ok
51198,21001,354.74,268.41,354.74,1.14,4,ok
5120,5121,284.67,180.09,284.67,1.01,15,ok
51200,51196,0.00,41.12,0.00,0.90,7,no_coverage
51201,51207,159.51,74.62,159.51,0.56,4,ok
51203,51001,83.07,161.49,83.07,0.15,7,ok
51204,51197,297.10,319.89,297.10,0.55,7,ok
51205,20953,266.86,227.93,266.86,0.47,1,ok
51205,51203,364.11,300.13,364.11,0.67,7,ok
51206,51198,359.15,270.57,359.15,1.08,4,ok
51207,51206,232.21,63.32,232.21,0.80,4,ok
5121,5116,555.96,550.10,555.96,1.34,9,ok
5121,5124,767.72,271.39,767.72,1.98,6,ok
51216,5557,158.42,136.30,158.42,0.46,2,ok
51218,40516,70.34,130.78,70.34,0.21,8,ok
51219,37144,31.55,63.40,31.55,0.08,25,ok
51222,39017,441.91,395.40,441.91,0.73,19,ok
51222,7035,1148.57,975.02,1148.57,2.45,2,ok
51223,40520,334.19,196.75,334.19,0.96,7,ok
51224,37145,87.54,124.70,87.54,0.24,25,ok
51228,5783,581.25,277.29,581.25,1.47,15,ok
51230,19592,2654.34,1485.91,591.49,2.55,2,ok
51231,18358,335.35,374.49,335.35,1.04,23,ok
51231,20976,0.00,20.86,0.00,1.17,4,no_coverage
51232,51233,67.76,170.52,67.76,0.21,26,ok
51233,20998,943.31,224.28,943.31,2.77,26,ok
51234,19411,256.84,161.05,256.84,0.78,8,ok
51234,21172,594.79,461.21,575.75,1.55,1,ok
51235,50370,593.46,436.91,260.93,1.35,1,ok
51235,50371,505.68,327.49,496.99,1.16,4,ok
51236,51248,343.01,301.30,343.01,1.02,8,ok
51237,51242,208.52,253.13,208.52,0.53,4,ok
51239,51235,403.04,188.35,403.04,0.93,4,ok
5124,42311,339.26,190.89,339.26,0.89,6,ok
51240,51234,304.07,254.62,304.07,0.68,9,ok
51241,51249,272.26,232.90,272.26,0.76,8,ok
51242,51251,219.20,208.72,219.20,0.51,4,ok
51244,5913,469.78,417.86,469.78,1.36,4,ok
51245,51250,328.36,260.01,328.36,1.04,4,ok
51246,51247,535.28,534.01,535.28,1.27,7,ok
51247,19417,455.28,308.17,455.28,1.57,7,ok
51248,21193,265.28,144.01,265.28,0.93,8,ok
51249,51236,314.69,319.81,314.69,0.74,8,ok
5125,5127,446.34,333.34,446.34,0.79,6,ok
51250,51239,240.94,221.00,240.94,0.59,4,ok
51251,51244,282.60,173.83,282.60,0.84,4,ok
51264,42908,396.86,212.55,396.86,2.63,2,ok
5127,5128,673.40,725.74,673.40,1.36,6,ok
5128,5129,148.13,200.53,148.13,0.30,6,ok
51282,5006,718.94,393.36,718.94,1.88,13,ok
5129,5131,999.41,865.24,999.41,2.22,6,ok
51290,17737,1456.79,947.22,1456.79,3.63,10,ok_undirected
51295,21198,585.22,475.94,585.22,1.30,5,ok
51304,17706,235.88,231.01,235.88,0.35,23,ok
5131,5132,747.53,657.84,747.53,1.78,6,ok
51310,20908,232.78,196.10,232.78,0.42,13,ok
51310,6265,249.66,130.55,211.25,0.46,11,ok
51318,5497,3181.37,2236.99,3181.37,3.36,6,ok
51318,5758,3207.59,2228.42,3207.59,3.40,13,ok
5132,5147,82.78,146.94,82.78,0.19,6,ok
51322,5891,87.18,113.40,87.18,0.18,23,ok
5133,5134,379.17,223.37,379.17,0.96,6,ok
51331,21248,670.50,631.60,670.50,1.78,4,ok
51331,5492,338.34,294.65,338.34,0.74,7,ok
51331,5496,390.40,313.75,390.40,0.96,11,ok
51336,20207,793.85,567.58,793.85,1.64,12,ok_undirected
51336,20892,1540.10,649.79,1540.10,3.03,3,ok
51336,20894,425.67,347.00,425.67,0.75,3,ok_undirected
51336,35345,658.22,401.36,658.22,1.39,3,ok_undirected
5134,4873,918.29,830.02,918.29,1.75,4,ok
5134,5145,32.64,50.02,32.64,0.08,2,ok
51357,38758,674.10,480.29,545.37,1.60,4,ok
51371,4186,723.17,560.50,723.17,1.36,14,ok
51378,19404,268.16,249.09,268.16,0.85,6,ok
51379,51378,111.80,66.20,111.80,0.45,6,ok
5139,49536,250.07,220.13,250.07,0.59,13,ok
51393,18452,1137.86,554.29,896.36,2.01,24,ok
51393,21186,953.68,779.03,936.82,1.71,4,ok
5140,6181,393.31,136.76,393.31,1.19,14,ok
5140,6254,673.46,496.46,673.46,1.42,7,ok
51405,21217,495.25,277.45,495.25,0.82,7,ok
51405,21218,484.11,413.48,484.11,0.75,39,ok
51409,5708,288.03,236.27,288.03,0.45,11,ok
5141,5165,254.66,237.81,254.66,0.81,27,ok
51410,44927,1466.26,605.03,1466.26,2.69,11,ok
51411,17381,315.51,279.92,315.51,1.40,21,ok
51412,50104,265.01,279.64,265.01,0.52,21,ok
51413,51414,238.93,212.63,238.93,0.94,17,ok
51414,50088,784.84,578.10,784.84,2.19,17,ok
51415,51413,91.10,69.58,91.10,0.36,17,ok
5143,4717,3057.92,2251.36,3057.92,3.04,6,ok
5143,51788,579.50,441.98,579.50,1.02,21,ok_undirected
5145,5146,754.05,262.88,754.05,2.03,9,ok
5146,5149,1318.67,1184.76,1318.67,3.15,9,ok
5147,5133,358.74,292.89,358.74,0.97,6,ok
5149,5156,335.28,347.04,335.28,0.80,9,ok
51493,44241,305.49,259.42,305.49,1.00,15,ok
51494,3387,455.41,289.57,455.41,1.28,14,ok_undirected
5150,5118,290.70,260.86,290.70,0.78,9,ok
5151,5150,239.21,256.72,239.21,0.69,9,ok
51512,2742,522.48,565.96,522.48,1.16,12,ok
5152,5151,269.10,211.51,269.10,1.03,9,ok
51522,43424,95.27,211.25,95.27,0.26,12,ok_undirected
51526,51512,725.30,449.58,725.30,1.82,12,ok
51527,51522,725.30,435.52,725.30,1.56,12,ok
5153,5152,461.80,390.60,461.80,1.03,9,ok
51530,5334,717.50,520.72,717.50,1.72,16,ok
51531,51534,304.78,284.08,304.78,0.77,7,ok
51532,51530,312.03,309.59,312.03,0.57,16,ok
51533,51531,371.66,318.13,371.66,0.86,7,ok
51534,5693,1293.90,916.54,1293.90,2.25,7,ok
5154,5153,566.18,554.64,566.18,0.97,9,ok
5155,5154,288.37,246.67,288.37,0.62,9,ok
5156,5155,379.75,412.95,379.75,0.67,9,ok
51565,48434,648.45,504.51,648.45,1.40,11,ok
51572,20630,539.34,441.00,539.34,0.98,12,ok
51573,20251,8443.08,4411.76,8443.08,8.78,2,ok
51573,41145,13756.74,8775.35,13006.78,14.48,1,ok
51574,38114,2076.50,1453.41,1016.32,4.01,1,ok
51574,4447,1105.81,947.65,45.63,1.59,1,ok
51576,5373,956.26,550.18,956.26,4.30,2,ok
51577,5217,475.03,438.28,475.03,4.10,2,ok
51577,5267,475.14,365.69,455.63,1.77,4,ok
51578,5266,327.39,206.62,327.39,3.27,12,ok
51578,5373,956.26,550.18,956.26,4.30,10,ok
51579,5217,475.03,438.28,475.03,4.10,13,ok
51579,5266,327.39,206.62,327.39,3.27,9,ok
5160,4846,165.32,126.56,165.32,0.28,72,ok
51600,2638,303.35,197.46,303.35,1.23,13,ok
51602,51607,77.43,146.45,77.43,0.30,7,ok
51604,1662,208.11,189.06,208.11,0.49,7,ok
51607,51757,154.95,135.60,154.95,0.49,7,ok
5161,6155,554.30,516.95,554.30,1.38,14,ok
51611,1777,1004.99,829.46,1004.99,2.54,10,ok
51611,3339,759.20,705.73,759.20,1.91,8,ok
51612,38617,255.68,254.60,255.68,0.89,7,ok
51615,18141,334.02,405.95,334.02,0.47,124,ok
5162,5106,1998.57,1535.19,1998.57,2.80,1,ok
51624,38617,1152.10,805.28,1152.10,2.47,9,ok
51625,1421,1442.71,1083.31,1442.71,3.36,7,ok
51625,17415,232.84,218.34,232.84,0.58,7,ok
51626,51639,228.03,237.02,228.03,0.66,16,ok
51627,38635,196.90,107.51,196.90,0.52,9,ok
51627,38645,560.25,463.01,560.25,1.63,10,ok
51628,17451,177.80,120.30,177.80,0.44,7,ok
51629,1460,657.82,479.89,657.82,1.92,9,ok
51629,1475,113.20,180.02,113.20,0.26,9,ok
5163,43131,2320.09,1976.57,444.86,4.16,2,ok
51630,51632,263.35,269.54,263.35,0.54,16,ok
51631,38638,161.21,146.94,161.21,0.49,18,ok
51632,1417,496.58,329.13,496.58,1.29,16,ok
51633,51642,532.09,486.50,532.09,1.25,7,ok
51634,1394,313.19,297.37,313.19,0.57,16,ok_undirected
51636,3293,564.85,503.70,564.85,1.06,13,ok
51636,51624,531.76,438.96,531.76,1.05,9,ok
51637,51630,1691.71,251.95,1691.71,2.95,16,ok
51639,51634,541.31,260.94,541.31,1.32,16,ok_undirected
5164,5094,153.96,99.00,153.96,0.42,13,ok
51640,51625,553.05,426.61,553.05,1.16,7,ok
51642,51984,387.00,350.88,387.00,0.82,7,ok
51643,17513,520.81,469.84,520.81,1.08,7,ok
51644,51640,532.35,472.38,532.35,1.08,7,ok
51645,38627,330.63,335.11,330.63,0.68,10,ok
51648,51652,177.82,177.80,0.00,0.21,2,no_coverage
5165,4509,332.21,332.69,332.21,0.61,117,ok
5165,5139,431.75,316.19,431.75,0.89,9,ok
51652,50716,914.98,758.27,737.15,1.94,2,ok
5166,35313,2760.99,2168.95,2760.99,3.39,18,ok
5167,4479,5392.97,2260.51,5336.56,9.97,2,ok
5167,51786,2594.76,1901.59,2594.76,2.59,24,ok_undirected
5168,4479,1249.37,938.45,1249.37,2.37,2,ok_undirected
5168,4968,716.32,552.10,716.32,0.99,64,ok_undirected
51687,4290,122.69,150.75,122.69,0.22,1,ok
5169,18488,646.27,554.95,646.27,1.30,9,ok_undirected
5169,4676,496.25,481.81,496.25,0.85,27,ok_undirected
51694,20254,1192.89,1222.69,1192.89,1.30,12,ok
51694,4406,1173.35,1121.01,1173.35,1.28,2,ok
51704,20000,671.45,604.72,671.45,1.01,1,ok
51704,20322,828.67,722.03,828.67,1.53,6,ok
51704,20532,784.91,588.54,784.91,1.43,4,ok
5171,5194,294.87,249.78,294.87,0.77,3,ok
5172,5678,446.95,450.14,446.95,0.63,6,ok
5173,5304,390.01,361.35,390.01,0.51,3,ok
5175,4958,712.82,611.65,712.82,2.09,3,ok
51757,1251,805.57,712.46,805.57,2.29,7,ok
5176,5054,644.24,418.39,644.24,0.93,1,ok
51770,3706,339.19,270.40,206.42,0.76,14,ok_undirected
51771,17452,655.97,494.50,166.34,2.28,5,ok
51777,18236,497.46,556.60,489.54,0.36,16,ok_undirected
51786,21048,923.63,749.58,923.63,1.86,2,ok
51786,4261,936.44,677.90,936.44,1.90,2,ok
51786,4479,616.46,557.60,616.46,1.06,15,ok
51786,4655,616.12,552.35,616.12,1.15,5,ok_undirected
51788,4717,3887.91,2013.77,3887.91,4.61,21,ok
51790,18192,2194.16,1954.15,2194.16,1.88,12,ok
5180,5181,203.51,168.41,203.51,0.62,9,ok
51807,18578,459.97,311.99,459.97,1.02,10,ok
51809,43142,340.27,317.24,340.27,0.81,8,ok_undirected
51809,44547,463.43,410.81,463.43,0.96,14,ok
5181,5187,348.40,272.03,348.40,0.91,9,ok
5182,5188,567.82,244.95,567.82,1.34,5,ok
5184,40835,381.56,368.13,381.56,0.92,5,ok
5185,40677,81.40,106.29,81.40,0.27,11,ok
5185,4484,331.41,326.28,195.77,0.94,2,ok
51864,3911,1951.52,1756.34,1943.73,2.23,3,ok
5187,5191,267.46,282.06,267.46,0.44,3,ok
5187,5677,674.68,451.66,674.68,1.59,6,ok
51872,3956,4711.10,3651.97,4711.10,5.88,5,ok
5188,5184,256.35,258.25,256.35,0.68,5,ok
5189,4802,1831.26,1845.85,1831.26,1.43,2,ok
5189,6361,2878.75,1931.06,2800.92,2.56,3,ok
5190,4791,234.89,103.40,234.89,0.67,13,ok
5190,4922,280.66,173.72,280.66,0.86,16,ok
5191,5173,424.58,387.77,424.58,0.53,3,ok
51915,3371,1153.16,685.18,1153.16,2.38,20,ok
51915,43473,505.10,344.33,505.10,1.22,3,ok
51918,3371,1153.16,685.18,1153.16,2.38,23,ok
51918,43473,505.10,344.33,505.10,1.22,1,ok
51919,3371,1153.16,685.18,1153.16,2.38,21,ok
51919,44679,442.34,321.38,442.34,1.10,3,ok
51926,49512,429.40,269.67,429.40,0.73,3,ok
5193,18428,120.04,113.55,62.36,0.32,6,ok_undirected
5193,18429,395.70,330.44,395.70,0.93,2,ok
51932,37138,252.90,308.19,0.00,0.00,2,no_coverage
51934,51926,57.81,68.44,57.81,0.07,3,ok
5194,40211,273.35,262.50,273.35,0.55,3,ok
51946,5035,1310.54,934.65,966.88,1.68,6,ok
5195,5305,459.09,389.43,459.09,0.62,1,ok
5195,5814,689.04,521.25,689.04,1.02,1,ok_undirected
51959,18441,589.08,500.15,589.08,1.96,24,ok
51959,19078,878.87,527.76,878.87,2.46,1,ok
5196,5195,244.08,272.41,244.08,0.29,2,ok
5196,6361,5084.69,3394.11,5006.86,6.07,1,ok
51962,19427,795.38,364.97,787.24,1.25,26,ok
51967,1806,534.53,346.11,534.53,1.41,4,ok
51967,2556,773.01,430.58,773.01,2.07,2,ok_undirected
5197,5198,1197.52,1104.99,1197.52,1.35,6,ok
51974,7221,61.96,138.49,61.96,0.16,17,ok
5198,46470,1918.33,1928.73,1918.33,1.89,5,ok
5198,5199,1936.59,1853.31,1936.59,1.88,1,ok
51984,1485,564.79,494.29,564.79,1.34,1,ok
51984,2843,874.13,358.89,874.13,2.11,9,ok
51984,40889,1414.53,940.67,1414.53,2.87,9,ok
51984,51612,753.18,559.36,518.59,1.76,7,ok
51987,5063,345.28,223.05,345.28,0.64,11,ok
5199,4698,2317.35,2015.58,2282.13,3.00,1,ok
5200,5201,,210.85,,0.93,11,unreachable
5201,5202,,144.00,,0.71,11,unreachable
5202,7188,155.15,77.54,155.15,0.40,11,ok
5203,21018,580.35,110.32,567.45,2.89,7,ok
5207,5208,277.26,250.79,277.26,0.76,14,ok
5208,43885,569.33,368.34,569.33,1.68,7,ok
5208,5209,54.87,100.65,54.87,0.18,14,ok
5209,5210,283.40,210.84,283.40,1.34,24,ok
5210,19400,316.35,350.63,316.35,1.07,10,ok
5210,21059,201.00,126.19,201.00,0.79,7,ok
5210,5002,207.11,132.20,207.11,0.73,7,ok
5213,4323,1186.68,773.55,1186.68,2.64,3,ok
5214,4416,6384.65,6213.69,6384.65,4.69,4,ok
5215,19942,2288.20,2279.62,2288.20,1.65,11,ok
5215,20049,4065.03,2991.84,3956.22,3.80,2,ok
5217,39983,5921.16,5127.22,5921.16,8.13,2,ok
5217,5218,471.99,392.03,471.99,0.93,23,ok
5218,5219,448.07,446.37,448.07,0.84,23,ok
5219,39983,5001.10,4383.11,5001.10,6.36,15,ok
5219,5265,4963.45,4332.47,4963.45,6.24,8,ok
5222,5223,1121.16,1047.13,1121.16,1.41,14,ok
5223,5224,477.95,558.76,477.95,0.53,13,ok
5223,5249,844.03,709.83,791.57,1.04,1,ok
5224,5225,2276.02,2270.54,2276.02,2.32,13,ok
5224,5245,2309.30,2208.99,2276.02,2.35,1,ok
5225,5226,469.24,453.47,469.24,0.49,13,ok
5226,4305,1481.74,1241.70,1481.74,1.74,2,ok
5226,5227,1516.25,1362.51,1516.25,1.69,11,ok
5227,5228,2437.30,1451.51,2437.30,3.04,11,ok
5228,5229,3248.74,1884.07,3248.74,4.11,11,ok
5229,19911,1423.50,1113.51,1423.50,2.04,11,ok
5231,20694,2000.06,1863.91,2000.06,2.10,32,ok
5231,5232,1933.59,1812.53,1933.59,2.11,10,ok
5232,42437,1660.23,1569.07,1660.23,1.60,4,ok
5232,5233,650.23,552.39,650.23,1.07,7,ok
5233,5234,1380.18,987.96,1380.18,2.67,8,ok
5234,20695,292.96,308.40,292.96,0.54,2,ok
5234,5237,496.50,585.59,496.50,0.92,6,ok
5237,5238,8166.14,4815.82,8166.14,7.48,17,ok
5238,18382,453.41,444.19,453.41,0.69,81,ok
5240,5241,145.13,150.87,145.13,0.49,118,ok
5240,5242,599.40,381.86,599.40,1.72,2,ok
5240,5243,771.33,552.43,771.33,2.14,4,ok
5241,5242,454.27,352.39,454.27,1.23,119,ok
5241,5617,174.18,153.24,174.18,0.52,1,ok
5242,5243,171.93,170.59,171.93,0.42,120,ok
5242,7222,532.37,523.65,532.37,1.17,1,ok
5243,18442,394.84,231.52,394.84,0.91,11,ok
5243,18458,260.73,189.54,260.73,0.57,51,ok
5243,5244,789.14,713.89,752.30,1.62,4,ok
5243,7222,360.44,372.90,360.44,0.74,58,ok
5244,18470,349.36,230.37,312.52,0.89,25,ok
5244,18489,299.42,179.70,262.59,0.78,1,ok
5244,18510,680.43,508.41,297.95,0.81,1,ok
5244,35332,506.30,212.97,469.47,1.70,21,ok
5244,37179,927.76,569.05,890.92,2.57,1,ok
5244,6057,529.01,159.48,492.17,1.60,16,ok
5245,5247,5077.59,3492.64,1127.01,6.80,1,ok
5247,5505,2667.53,1577.45,1127.01,2.30,1,ok
5247,5633,5110.87,3532.54,5110.87,3.88,2,ok
5249,5224,380.40,358.36,259.35,1.16,1,ok
5249,5634,412.04,407.20,290.98,1.16,2,ok
5250,5251,371.22,209.09,209.38,0.67,3,ok
5251,5253,340.06,252.41,340.06,0.59,3,ok
5252,5636,412.16,356.36,412.16,1.58,5,ok
5253,5255,304.47,389.50,304.47,0.55,3,ok
5254,5252,550.21,522.34,550.21,1.45,5,ok
5255,6338,926.04,687.80,926.04,2.08,3,ok
5256,5254,396.29,331.73,396.29,0.92,5,ok
5257,5260,216.33,181.01,216.33,0.49,3,ok
5258,6338,456.61,470.11,456.61,0.99,5,ok
5259,5258,216.33,216.03,216.33,0.45,5,ok
5260,19916,146.89,130.40,146.89,0.16,3,ok
5261,39923,1361.49,1217.83,1291.90,2.01,3,ok
5263,5264,1169.45,1067.57,1169.45,1.66,5,ok
5264,5259,735.77,620.77,735.77,1.02,5,ok
5264,5481,662.92,629.91,662.92,0.92,8,ok
5265,5264,1032.33,1048.58,1032.33,1.12,8,ok
5266,5267,262.73,230.21,262.73,0.62,26,ok
5266,5268,353.89,315.11,353.89,0.82,99,ok
5266,5269,1040.50,981.46,1040.50,1.75,2,ok
5266,5356,574.10,408.55,469.93,1.50,3,ok
5266,5372,141.84,72.83,141.84,0.38,40,ok
5266,6059,596.31,243.28,596.31,1.51,50,ok
5267,5269,777.77,751.94,777.77,1.13,20,ok
5267,5673,311.60,160.25,206.75,0.75,12,ok_undirected
5268,5269,686.61,666.57,686.61,0.93,20,ok
5268,5345,292.87,283.33,292.87,0.77,6,ok
5268,5673,355.86,219.43,355.86,1.06,73,ok
5269,5270,647.67,554.15,647.67,0.74,40,ok
5269,5271,1422.26,1243.22,1422.26,1.88,2,ok
5270,5271,774.60,690.04,774.60,1.14,39,ok
5270,5272,1052.78,1006.20,963.91,1.58,1,ok
5271,5272,278.18,342.94,189.31,0.44,36,ok
5271,5506,1144.07,1230.83,1144.07,1.57,5,ok
5272,50568,222.49,197.59,99.71,0.33,10,ok_undirected
5272,5274,6803.08,5366.68,6714.21,7.92,2,ok
5272,5506,2040.39,888.17,1951.52,2.85,15,ok
5274,5275,796.48,768.12,796.48,1.40,17,ok
5274,5276,1069.92,981.13,1069.92,1.77,2,ok
5274,6353,1058.54,906.47,1058.54,1.71,1,ok
5275,5276,273.44,226.69,273.44,0.37,22,ok
5276,5277,352.80,388.27,352.80,0.44,31,ok
5277,5278,391.78,359.49,391.78,0.45,31,ok
5278,5279,634.79,566.50,634.79,0.96,31,ok
5279,5280,446.26,431.02,345.38,0.64,13,ok
5279,6339,313.27,345.11,313.27,0.54,18,ok
5280,20039,1700.81,1597.36,1700.81,1.91,2,ok
5280,5281,1700.81,1649.66,1700.81,1.91,17,ok
5281,20068,601.79,434.16,601.79,0.87,2,ok
5281,5282,530.63,476.13,530.63,0.75,17,ok
5282,5283,535.55,528.20,535.55,0.90,19,ok
5283,20072,1549.52,1521.09,1549.52,1.24,2,ok
5283,5284,1549.52,1572.10,1549.52,1.24,17,ok
5284,5286,737.29,752.06,737.29,0.75,17,ok
5285,5671,287.62,206.40,287.62,0.46,37,ok
5286,5287,857.28,810.20,857.28,1.00,17,ok
5286,6342,857.28,728.25,857.28,1.00,2,ok
5287,20346,4750.87,4075.68,4480.62,3.69,1,ok
5287,5288,4513.12,4168.86,4513.12,3.51,17,ok
5288,42526,2519.38,2427.73,2519.38,1.86,18,ok
5289,5290,2008.24,1988.12,2008.24,1.56,17,ok
5289,5297,2977.13,2381.88,2008.24,2.31,1,ok
5290,5291,376.37,383.59,376.37,0.32,17,ok
5291,5292,440.39,422.41,440.39,0.31,17,ok
5292,5293,557.78,553.87,557.78,0.40,18,ok
5293,18890,6025.00,4585.38,5375.27,4.78,1,ok
5293,5294,5375.27,5083.03,5375.27,4.26,17,ok
5294,5295,935.39,901.37,935.39,1.07,15,ok
5294,5560,991.50,804.80,919.17,1.13,3,ok
5295,42397,1862.56,1653.61,1862.56,2.71,1,ok
5295,42398,1862.56,1653.61,1862.56,2.71,2,ok
5295,4515,2395.83,2076.48,2395.83,3.88,2,ok
5295,50024,1169.74,1066.97,1169.74,1.43,10,ok
5297,5299,712.36,500.97,0.00,1.50,1,no_coverage
5299,20689,234.95,291.43,0.00,0.72,1,no_coverage
5300,20690,376.64,274.88,0.00,0.38,1,no_coverage
5301,42027,1233.15,754.94,0.00,1.53,1,no_coverage
5301,5302,876.34,767.87,0.00,0.62,8,no_coverage
5302,19606,3406.64,1808.64,3406.64,4.38,1,ok
5302,6354,2410.77,1348.33,2410.77,3.08,8,ok
5303,5175,4360.03,3578.42,4360.03,4.29,3,ok
5304,5196,291.49,329.13,291.49,0.33,3,ok
5305,4803,3334.04,2732.45,3334.04,4.02,1,ok
5305,6361,4381.52,2797.67,4303.69,5.17,1,ok
5306,4933,249.90,220.04,249.90,0.50,3,ok
5307,19675,384.53,429.93,384.53,0.81,8,ok
5307,4219,1182.24,1038.22,1173.25,1.69,3,ok_undirected
5307,5308,328.92,279.48,328.92,0.71,9,ok
5307,6385,399.81,353.79,399.81,1.30,36,ok
5308,19675,136.60,150.70,136.60,0.32,3,ok_undirected
5308,5309,128.16,154.95,119.32,0.32,21,ok_undirected
5308,5338,1775.65,1076.11,1766.66,2.65,1,ok
5309,51532,1253.93,964.43,1253.93,1.64,16,ok
5309,5338,1109.34,1069.86,1109.34,1.30,17,ok
5310,5339,340.77,475.71,340.77,0.44,11,ok
5310,6372,644.79,556.01,644.79,1.21,6,ok
5311,43087,2520.20,2136.30,2520.20,3.05,5,ok
5311,5310,2220.08,2050.57,2220.08,2.03,13,ok
5312,5313,639.68,444.12,629.85,1.60,37,ok
5312,5717,679.75,569.46,679.75,1.77,8,ok
5313,5314,659.44,490.46,659.44,1.53,90,ok_undirected
5313,5315,1277.55,720.11,1277.55,3.24,2,ok
5313,5316,2009.36,868.72,2009.36,5.22,2,ok
5313,5365,964.13,611.34,964.13,2.71,6,ok
5313,5380,351.00,244.85,341.18,1.02,11,ok_undirected
5313,5398,1268.17,808.65,1268.17,3.71,1,ok
5313,5402,2859.43,1156.06,2859.43,7.22,1,ok
5314,5315,395.23,263.80,352.32,0.92,66,ok
5314,5316,1127.04,503.43,1084.14,2.91,37,ok
5315,5316,332.79,276.39,332.79,0.84,68,ok_undirected
5315,5389,261.48,360.24,261.48,0.73,1,ok
5316,5317,522.77,369.48,522.77,1.75,83,ok_undirected
5316,5318,785.57,684.29,785.57,2.20,4,ok_undirected
5316,5425,376.69,318.85,376.69,1.09,20,ok_undirected
5317,39051,396.98,299.67,396.98,1.38,10,ok_undirected
5317,5318,360.80,324.31,360.80,0.94,39,ok_undirected
5317,5319,892.87,497.23,892.87,1.69,32,ok_undirected
5317,5427,364.30,274.04,364.30,0.94,12,ok_undirected
5318,21271,1264.68,1114.43,1264.68,1.70,4,ok_undirected
5318,5319,532.06,412.23,532.06,0.75,37,ok_undirected
5318,5433,2160.28,1953.22,1963.57,5.30,2,ok
5318,5480,630.42,380.77,561.66,1.05,1,ok
5319,21271,732.62,705.79,732.62,0.95,26,ok_undirected
5319,5320,1034.22,693.09,1016.68,2.13,43,ok
5320,5321,331.74,317.71,331.74,0.76,13,ok_undirected
5320,5322,669.04,652.45,546.10,1.38,2,ok_undirected
5320,5324,2881.22,1250.66,2740.75,5.06,11,ok
5320,5479,1968.28,125.99,1950.75,3.63,17,ok
5321,5322,337.97,336.44,337.97,0.71,25,ok_undirected
5322,5323,339.65,377.82,339.65,0.63,45,ok
5323,5324,287.01,221.57,287.01,0.47,45,ok
5324,5325,241.32,130.93,241.32,0.42,47,ok
5324,6373,1032.85,472.38,1032.85,2.62,9,ok
5325,5326,708.04,634.40,708.04,2.00,2,ok
5325,6373,791.52,349.15,791.52,2.20,45,ok
5326,5327,270.95,261.43,270.95,0.84,67,ok
5326,5461,171.98,99.05,171.98,0.56,6,ok
5327,42111,585.92,180.32,556.81,1.65,1,ok
5327,5328,314.49,237.66,314.49,0.83,23,ok
5327,5336,233.76,262.30,233.76,0.64,41,ok
5327,5729,109.58,137.04,109.58,0.34,2,ok
5328,5329,279.98,245.99,279.98,0.70,45,ok
5328,5332,420.84,462.20,420.84,0.83,8,ok_undirected
5329,5330,253.02,279.26,253.02,0.68,47,ok
5330,51533,511.89,489.72,511.89,1.33,7,ok
5330,5335,188.17,181.85,188.17,0.60,40,ok
5332,5334,508.20,299.66,508.20,1.31,8,ok_undirected
5334,5335,335.46,257.51,335.46,1.25,8,ok
5334,5761,213.92,119.16,213.92,0.83,16,ok
5335,5326,441.34,284.37,441.34,1.51,19,ok
5335,5342,523.60,471.30,523.60,1.81,12,ok
5335,5700,467.15,310.88,467.15,1.53,17,ok
5336,4219,1862.03,1566.67,1853.04,3.04,2,ok_undirected
5336,5307,679.79,582.28,679.79,1.35,9,ok
5336,5337,307.79,295.00,307.79,0.60,56,ok
5337,48621,443.36,297.44,443.36,1.02,9,ok
5337,5307,372.00,293.19,372.00,0.75,47,ok
5338,5311,1856.15,1806.40,1856.15,1.53,18,ok
5339,5340,942.68,892.71,942.68,0.80,11,ok
5340,17524,367.35,309.89,367.35,0.52,7,ok
5340,5341,373.61,341.69,373.61,0.44,11,ok
5341,6356,2299.79,2212.67,2299.79,2.30,11,ok
5342,5343,179.11,162.33,179.11,0.58,33,ok
5343,6378,112.27,170.57,112.27,0.37,33,ok
5345,5346,273.53,118.83,273.53,0.79,6,ok
5346,5347,237.93,107.01,237.93,0.49,6,ok
5347,5348,55.87,113.67,55.87,0.07,6,ok
5348,5349,242.83,81.16,127.90,0.22,2,ok
5348,5351,127.90,58.71,127.90,0.11,4,ok
5349,5350,0.00,74.04,0.00,0.78,2,no_coverage
5350,5351,114.94,185.24,114.94,0.36,4,ok
5351,5352,127.90,125.99,127.90,0.16,10,ok
5352,5353,293.80,135.01,293.80,0.52,10,ok
5353,5355,559.97,290.41,559.97,1.60,10,ok
5355,5356,334.47,310.66,334.47,0.84,2,ok
5355,5763,745.91,414.62,745.91,1.83,16,ok
5356,5358,527.94,553.74,527.94,1.15,14,ok
5357,5424,489.30,513.60,0.00,1.30,8,no_coverage
5358,5360,285.09,244.67,285.09,0.68,14,ok
5359,5357,285.09,202.31,0.00,0.43,8,no_coverage
5360,5362,307.03,237.47,307.03,0.98,14,ok
5361,5359,85.97,158.79,0.00,0.23,8,no_coverage
5362,5365,470.77,380.49,470.77,1.50,12,ok
5362,5367,365.50,334.63,365.50,0.99,2,ok
5363,5361,221.06,228.40,221.06,0.43,8,ok
5364,5363,353.55,250.07,353.55,1.28,8,ok
5365,5398,304.04,262.13,304.04,1.00,28,ok
5366,5364,110.40,120.40,110.40,0.41,8,ok
5366,5367,122.35,150.47,122.35,0.45,15,ok
5367,5369,300.50,121.62,300.50,0.91,10,ok
5367,5383,794.68,452.37,794.68,2.01,2,ok
5367,5714,518.46,487.21,518.46,1.24,7,ok
5368,5365,232.38,230.65,232.38,1.01,10,ok
5369,5370,136.89,182.29,136.89,0.56,10,ok
5370,5376,654.96,523.90,654.96,1.99,1,ok
5370,5768,470.46,248.37,470.46,1.35,9,ok
5371,5368,457.94,183.93,457.94,1.57,10,ok
5372,5373,1064.41,729.95,1064.41,2.63,20,ok
5372,6059,454.47,214.40,454.47,1.13,20,ok
5373,5313,517.09,301.04,517.09,1.29,29,ok_undirected
5373,5376,826.10,439.01,826.10,2.20,2,ok
5373,5715,610.48,478.87,610.48,1.52,8,ok_undirected
5373,5768,81.76,78.40,81.76,0.23,2,ok_undirected
5375,5717,513.39,406.60,513.39,1.48,10,ok
5376,5377,141.07,108.80,141.07,0.58,16,ok
5377,44949,229.51,277.44,220.52,1.00,1,ok
5377,5379,168.46,157.00,168.46,0.69,16,ok
5378,5375,259.10,212.33,259.10,0.73,10,ok
5379,5380,213.40,163.58,213.40,0.80,16,ok
5380,5381,0.00,30.89,0.00,1.00,1,no_coverage
5380,5382,201.67,148.24,201.67,0.72,26,ok
5381,5378,273.87,269.98,273.87,0.80,10,ok
5381,5714,321.24,287.19,97.06,0.84,1,ok
5382,5384,267.60,263.23,267.60,0.90,26,ok
5383,5381,269.91,97.86,269.91,0.96,10,ok
5384,5314,286.90,173.68,244.00,0.96,13,ok_undirected
5384,5385,294.06,203.14,294.06,1.05,13,ok
5385,5386,157.72,161.94,157.72,0.50,13,ok
5386,5315,542.49,274.42,542.49,1.35,1,ok
5386,5387,215.71,176.57,215.71,0.49,10,ok
5386,5398,899.12,669.57,899.12,2.75,2,ok
5387,5388,256.34,148.70,256.34,0.71,10,ok
5388,5389,226.22,205.37,226.22,0.71,10,ok
5389,5390,206.78,150.78,206.78,0.62,11,ok
5390,42127,490.20,449.78,490.20,1.20,8,ok
5390,5504,249.85,206.74,249.85,0.91,3,ok
5391,5392,240.06,139.87,240.06,0.96,11,ok
5392,5393,143.16,131.49,143.16,0.50,11,ok
5393,5394,108.68,129.73,108.68,0.37,11,ok
5394,5318,444.64,277.29,444.64,1.00,1,ok_undirected
5394,5395,399.88,271.52,399.88,1.27,10,ok
5395,5425,317.99,179.20,317.99,1.12,10,ok
5395,6380,298.45,225.23,298.45,1.05,6,ok
5396,5423,605.44,392.48,548.68,2.26,15,ok
5397,39057,489.62,185.20,489.62,1.31,10,ok
5397,5399,334.11,271.92,334.11,0.98,11,ok
5397,5422,364.72,155.66,364.72,1.09,9,ok
5398,5397,263.24,193.08,263.24,0.69,30,ok
5398,5402,1591.26,1337.28,1591.26,3.50,1,ok
5399,5400,192.31,180.96,192.31,0.55,11,ok
5400,35113,466.13,133.97,333.36,0.78,3,ok
5400,5401,393.74,413.11,393.74,0.56,8,ok
5401,5402,407.86,365.70,407.86,0.73,8,ok
5402,37465,2416.07,1965.05,2416.07,5.58,1,ok
5402,5403,416.98,254.13,416.98,1.04,8,ok
5402,5723,1202.97,893.43,1202.97,2.69,1,ok
5403,5404,727.23,299.42,705.87,2.25,8,ok
5404,5405,280.20,256.76,280.20,0.63,8,ok
5405,5406,276.34,135.76,276.34,0.62,8,ok
5406,5407,195.17,45.65,195.17,0.39,8,ok
5407,5408,226.22,249.80,226.22,0.46,17,ok
5408,5431,283.99,152.72,283.99,0.70,8,ok
5408,5722,414.87,362.66,414.87,0.98,9,ok
5409,5410,226.22,267.36,226.22,0.41,31,ok
5410,39055,195.17,74.18,195.17,0.53,9,ok
5410,5411,275.94,207.00,275.94,0.53,22,ok
5411,5413,299.69,295.13,299.69,0.84,22,ok
5412,5407,275.94,260.51,275.94,0.52,9,ok
5413,5434,748.73,154.18,748.73,1.83,3,ok
5413,5503,261.28,214.95,261.28,0.74,18,ok
5413,6387,347.74,130.57,347.74,0.76,1,ok
5414,5412,399.32,274.70,399.32,0.97,9,ok
5416,5430,362.20,170.64,362.20,1.00,9,ok
5417,5416,145.17,143.98,145.17,0.31,9,ok
5419,5417,173.35,162.49,173.35,0.44,9,ok
5421,5419,266.41,139.80,266.41,0.62,9,ok
5422,5421,180.88,66.26,180.88,0.43,9,ok
5423,5366,220.24,177.18,220.24,1.17,23,ok
5424,5373,979.93,654.33,884.06,2.28,8,ok
5425,5426,272.52,218.65,272.52,0.84,48,ok
5426,5428,59.43,111.06,59.43,0.16,48,ok
5427,51410,293.21,163.49,293.21,0.45,11,ok_undirected
5427,5428,344.46,385.90,147.75,0.64,1,ok
5428,5429,288.20,267.03,288.20,0.78,49,ok
5429,5430,513.63,466.80,513.63,1.35,49,ok
5430,5409,276.60,162.91,276.60,0.67,21,ok
5430,5431,257.37,256.51,257.37,0.64,21,ok
5430,5457,257.37,180.14,257.37,0.64,16,ok
5430,5722,168.94,251.19,168.94,0.37,8,ok
5431,5432,254.97,157.70,254.97,0.57,29,ok
5432,5435,217.82,116.60,217.82,0.59,29,ok
5433,5414,845.09,172.35,845.09,1.73,9,ok
5433,6387,850.62,287.35,850.62,1.51,6,ok
5434,5435,345.60,328.51,345.60,0.85,19,ok
5435,5436,213.82,247.57,213.82,0.56,48,ok
5436,5437,200.49,93.73,200.49,0.45,26,ok
5436,5452,335.75,260.28,335.75,0.72,22,ok
5437,5440,289.86,260.25,289.86,0.39,26,ok
5438,5726,200.49,111.50,200.49,0.59,16,ok
5439,5438,289.86,219.82,289.86,0.59,16,ok
5440,5442,636.22,206.15,636.22,1.24,26,ok
5441,5439,109.43,211.48,109.43,0.24,16,ok
5442,5444,0.00,71.83,0.00,0.91,26,no_coverage
5443,5441,337.98,143.84,337.98,0.72,16,ok
5444,5445,636.22,232.21,636.22,1.35,9,ok
5444,5501,257.47,381.23,257.47,0.55,17,ok
5445,5447,1113.72,226.55,1113.72,1.99,9,ok
5446,5501,548.90,148.21,548.90,1.11,1,ok
5447,5449,387.21,405.04,387.21,0.63,9,ok
5448,5446,186.07,216.31,186.07,0.34,1,ok
5449,5727,0.00,53.35,0.00,1.33,9,no_coverage
5450,5448,455.66,464.65,455.66,0.77,1,ok
5451,5321,1801.58,137.66,1801.58,3.60,12,ok
5451,5450,0.00,58.90,0.00,0.70,1,no_coverage
5451,5479,560.96,253.06,560.96,1.32,20,ok
5452,5451,463.10,286.30,463.10,1.06,14,ok
5452,5453,329.36,291.51,329.36,0.84,8,ok
5453,44928,324.88,438.08,324.88,0.79,11,ok
5453,5456,351.80,142.70,351.80,1.02,27,ok
5454,5451,602.45,54.99,602.45,1.62,19,ok
5454,5728,329.36,305.56,329.36,0.97,8,ok
5455,5454,351.80,148.60,351.80,1.13,16,ok_undirected
5456,5458,380.37,303.09,380.37,1.20,27,ok
5457,5455,380.37,310.22,380.37,1.22,16,ok
5458,5723,112.87,69.60,112.87,0.37,27,ok
5459,5328,268.55,150.36,268.55,0.71,20,ok
5459,5336,187.82,151.06,187.82,0.51,17,ok
5460,5459,265.91,262.11,265.91,0.93,14,ok
5460,5732,326.40,177.99,326.40,1.08,1,ok
5461,5462,215.23,244.65,215.23,0.72,17,ok
5462,49363,517.45,354.35,517.45,1.20,17,ok
5463,5329,1096.03,767.13,1096.03,3.20,2,ok
5463,5460,281.59,184.92,281.59,0.86,8,ok
5464,5463,225.65,259.90,225.65,0.62,8,ok
5465,5459,285.87,279.86,285.87,0.93,23,ok
5466,5465,269.60,266.02,269.60,0.82,23,ok
5467,5464,195.34,102.55,195.34,0.41,8,ok
5467,5466,225.81,223.73,225.81,0.62,23,ok
5468,5467,198.11,163.20,198.11,0.65,31,ok
5469,5468,237.64,282.25,237.64,0.56,31,ok
5470,43948,196.12,185.57,196.12,0.52,1,ok
5470,5469,347.01,293.16,347.01,0.86,20,ok
5471,5470,255.06,242.19,255.06,0.62,21,ok
5472,5471,82.35,189.51,82.35,0.19,21,ok
5473,5472,382.36,297.44,382.36,1.10,21,ok
5474,5473,168.48,77.84,168.48,0.49,20,ok
5475,5474,329.35,270.88,329.35,0.86,20,ok
5476,5475,271.63,276.82,271.63,0.63,20,ok
5477,5476,43.56,105.15,43.56,0.11,20,ok
5478,43948,403.34,324.21,403.34,0.97,17,ok
5478,5477,206.00,126.64,206.00,0.52,20,ok
5479,5478,280.31,233.29,280.31,0.71,37,ok
5480,5745,2668.97,1562.87,0.00,3.00,1,no_coverage
5481,5482,751.45,684.51,751.45,0.75,8,ok
5482,40002,4269.79,4220.72,4269.79,3.90,8,ok
5483,5484,563.29,522.08,563.29,0.62,8,ok
5484,5485,627.73,598.41,627.73,0.58,11,ok
5485,5486,2434.92,1773.17,2434.92,4.15,15,ok
5486,41554,1572.27,1070.01,1572.27,3.34,3,ok_undirected
5486,42090,1062.21,837.40,1062.21,2.01,17,ok_undirected
5486,5487,2109.06,944.39,2109.06,3.81,12,ok
5487,5488,856.40,739.52,856.40,1.47,20,ok
5487,5489,928.18,784.45,928.18,1.63,8,ok
5488,19225,46.93,72.82,46.93,0.10,8,ok
5488,19251,429.33,351.18,429.33,0.99,6,ok
5488,5489,71.78,93.66,71.78,0.16,11,ok
5489,41559,1020.46,796.30,1020.46,2.81,5,ok
5489,5490,516.12,440.07,516.12,1.02,24,ok
5490,21264,299.57,232.48,299.57,0.50,27,ok
5490,5491,3308.95,2989.14,3308.95,3.53,4,ok
5490,5497,3303.10,3089.64,3303.10,3.56,2,ok
5491,51331,3121.30,2264.60,3121.30,3.59,19,ok
5491,5492,3459.64,2558.75,3459.64,4.33,5,ok
5491,5496,3511.70,2578.30,3511.70,4.55,7,ok
5492,19253,2744.28,2642.66,2744.28,3.10,2,ok
5492,50640,308.78,309.16,308.78,0.44,13,ok
5493,19253,1328.48,1263.32,1328.48,1.51,18,ok
5493,50641,173.59,212.31,173.59,0.23,20,ok
5494,6384,356.06,303.83,356.06,0.77,38,ok
5495,5494,170.25,145.62,170.25,0.47,38,ok
5496,21243,527.29,548.21,527.29,1.49,14,ok
5496,21248,280.10,318.22,280.10,0.82,18,ok
5497,21255,2583.91,2001.49,2583.91,3.20,2,ok
5497,21256,2237.42,1975.64,2237.42,2.72,18,ok
5497,5759,2255.94,1876.51,2186.87,2.74,1,ok
5497,5920,2989.48,2457.57,2989.48,4.85,2,ok_undirected
5498,18655,898.90,665.54,898.90,1.32,15,ok
5498,18687,268.64,194.15,268.64,0.37,35,ok
5498,18691,288.17,237.78,288.17,0.38,2,ok_undirected
5498,42057,638.01,678.63,638.01,0.96,2,ok
5498,5624,2520.61,1561.39,1685.41,3.61,1,ok
5498,5760,56.66,30.30,56.66,0.07,2,ok
5501,5322,430.16,226.01,430.16,0.96,18,ok
5502,6360,945.88,515.23,945.88,1.35,4,ok
5503,5434,487.45,178.09,487.45,1.08,19,ok
5504,5391,104.51,159.31,104.51,0.36,11,ok
5505,5247,2760.86,1577.45,2760.86,10.65,2,ok
5506,5507,3003.88,2931.56,3003.88,2.96,20,ok
5507,5274,1758.81,1715.29,1758.81,2.13,18,ok
5507,5301,1733.56,1645.18,1680.35,2.07,2,ok
5510,5510,0.00,0.00,0.00,0.00,10,same_stop
5510,6045,75.60,62.79,75.60,0.21,10,ok
5515,20458,276.03,224.02,276.03,0.82,3,ok_undirected
5517,19545,442.33,385.89,442.33,1.46,3,ok
5517,20390,499.52,281.17,489.32,1.59,33,ok
5517,35253,507.36,382.56,497.17,1.63,1,ok
5518,20534,1186.61,910.54,811.96,4.15,1,ok
5518,20737,829.71,702.77,829.71,2.66,2,ok
5518,42193,440.07,342.41,440.07,1.62,75,ok
5518,6718,883.06,663.05,739.85,2.31,2,ok_undirected
5520,20743,330.02,272.76,330.02,0.81,21,ok_undirected
5520,34306,796.88,375.17,796.88,2.13,1,ok
5520,37618,650.85,536.39,650.85,1.72,8,ok
5522,18596,378.08,288.36,378.08,0.78,8,ok
5525,39915,110.22,110.23,0.00,0.50,8,no_coverage
5528,20897,287.01,247.46,0.00,0.63,8,no_coverage
5529,5530,271.78,256.18,0.00,0.47,16,no_coverage
5530,5531,119.10,140.85,0.00,0.39,16,no_coverage
5531,19043,339.40,276.32,0.00,0.57,16,no_coverage
5532,51336,506.16,335.02,506.16,0.92,21,ok
5533,19133,535.35,525.60,535.35,1.22,18,ok
5534,18957,5151.16,3861.73,5151.16,7.96,3,ok
5534,19047,867.46,574.65,319.88,2.03,15,ok
5535,5536,256.64,258.15,0.00,0.30,13,no_coverage
5536,5537,252.91,258.74,0.00,0.95,13,no_coverage
5537,5538,450.93,441.76,0.00,0.97,13,no_coverage
5538,20887,304.54,243.02,0.00,0.45,8,no_coverage
5538,6269,457.73,336.53,0.00,0.77,5,no_coverage
5539,20888,546.62,543.66,492.65,1.06,5,ok
5539,5533,613.83,454.31,559.86,1.25,3,ok
5539,6268,71.77,66.58,0.00,0.40,5,no_coverage
5540,5545,142.25,167.72,142.25,0.48,9,ok
5541,47433,295.14,339.32,295.14,0.69,15,ok
5541,5542,509.72,330.96,0.00,2.62,1,no_coverage
5542,35255,278.03,260.28,278.03,0.68,16,ok
5544,35250,223.77,226.34,223.77,0.62,1,ok
5544,47447,323.85,196.90,323.85,0.95,10,ok
5544,5565,61.71,61.47,61.71,0.19,3,ok_undirected
5545,35247,614.53,395.86,544.27,1.85,1,ok
5545,5546,320.27,187.92,250.01,0.88,11,ok
5546,35243,826.46,467.91,826.46,2.35,3,ok
5546,35247,294.26,230.98,294.26,0.95,8,ok
5548,35249,145.83,204.41,145.83,0.36,9,ok
5549,5544,436.01,205.16,436.01,1.41,14,ok
5550,5541,504.84,317.18,504.84,1.06,8,ok
5551,20488,198.28,125.08,198.28,0.58,11,ok_undirected
5552,18804,364.64,277.62,364.64,0.78,33,ok
5554,39008,226.85,220.24,226.85,0.60,14,ok
5555,5566,370.29,289.98,370.29,1.10,33,ok
5557,19575,209.27,189.74,209.27,0.56,2,ok
5557,20373,743.89,431.70,743.89,2.05,3,ok
5557,40515,400.53,185.62,400.53,1.17,9,ok
5558,5559,293.70,254.09,293.70,1.14,20,ok
5559,19578,139.96,122.32,139.96,0.51,20,ok
5560,43934,1813.02,1832.11,42.78,8.74,2,ok
5560,4712,2320.58,2259.75,550.34,5.27,1,ok
5563,5977,605.44,279.91,0.00,1.45,2,no_coverage
5564,51086,60.10,108.86,60.10,0.12,13,ok
5565,20123,193.27,162.45,193.27,0.54,3,ok_undirected
5565,5555,316.12,181.95,309.55,1.45,20,ok
5566,38995,364.11,328.43,364.11,0.81,8,ok
5566,5567,649.32,321.97,649.32,2.01,25,ok
5567,5568,422.71,397.79,422.71,0.89,25,ok_undirected
5568,35246,609.27,430.08,609.27,1.82,1,ok
5568,37514,247.56,205.02,247.56,0.63,13,ok
5568,39030,318.04,231.33,318.04,0.92,11,ok
5570,19858,246.05,276.70,246.05,0.52,11,ok
5570,40523,134.24,144.32,134.24,0.28,9,ok
5575,47827,886.72,58.41,886.72,5.19,1,ok
5576,44226,85.97,116.68,85.97,0.28,7,ok_undirected
5577,20808,104.52,71.90,104.52,0.19,4,ok
5580,18717,640.05,615.86,560.38,0.99,2,ok
5580,19796,151.46,149.85,151.46,0.46,9,ok
5582,6067,173.54,180.33,173.54,0.56,46,ok
5587,19350,1084.83,917.91,1046.10,2.14,1,ok
5591,50871,4011.51,3894.20,4011.51,3.07,3,ok
5592,35474,2225.04,1668.72,0.00,3.72,3,no_coverage
5592,35504,1958.98,1462.31,0.00,2.87,1,no_coverage
5599,20618,301.62,192.36,301.62,1.01,43,ok
5601,35117,2355.65,2107.88,2355.65,4.12,3,ok
5601,41735,470.01,447.84,470.01,0.91,8,ok
5601,41738,775.70,772.63,775.70,1.41,2,ok
5601,4177,315.17,133.75,315.17,0.89,13,ok
5602,5994,287.20,256.57,287.20,0.69,14,ok
5603,40688,241.39,235.90,241.39,0.63,3,ok
5603,6118,379.70,210.91,379.70,1.06,14,ok
5605,19984,1473.70,1412.83,1473.70,1.71,2,ok
5605,20016,1500.27,1398.46,1500.27,1.74,2,ok
5606,20775,266.62,163.57,0.00,1.60,4,no_coverage
5606,41134,2677.07,1262.20,1719.15,3.19,3,ok
5607,20774,383.65,299.29,0.00,0.53,3,no_coverage
5607,5606,650.27,312.06,0.00,1.52,4,no_coverage
5611,5613,1955.46,410.99,1955.46,3.59,5,ok
5613,19057,91.96,212.65,91.96,0.21,3,ok
5613,19444,945.73,848.27,945.73,2.19,2,ok
5616,5617,476.22,283.74,476.22,1.43,62,ok
5617,5618,221.53,155.84,221.53,0.69,116,ok_undirected
5618,5618,0.00,0.00,0.00,0.00,11,same_stop
5618,5619,187.98,162.61,187.98,0.55,116,ok
5618,5620,586.79,499.23,586.79,1.74,1,ok
5618,5621,914.51,690.12,914.51,2.64,1,ok
5619,18416,360.72,289.62,360.72,0.92,41,ok
5619,18426,282.56,177.18,282.56,0.86,26,ok
5619,5620,398.81,336.74,398.81,1.19,49,ok
5620,18386,512.82,205.93,512.82,1.31,1,ok
5620,18387,320.93,165.60,320.93,0.95,51,ok
5620,5621,327.72,218.30,327.72,0.90,18,ok
5621,5622,770.85,563.25,770.85,1.72,86,ok
5622,18357,258.00,232.46,258.00,0.64,50,ok_undirected
5622,44342,440.19,195.29,426.62,1.04,11,ok_undirected
5622,51974,582.22,292.44,568.65,1.30,7,ok_undirected
5622,5623,520.83,267.05,520.83,1.20,19,ok_undirected
5623,18419,2841.15,2272.18,2597.48,3.08,3,ok
5623,18953,7588.91,5029.29,7588.91,5.50,5,ok
5623,20695,7811.03,5099.76,7811.03,5.90,5,ok
5623,5624,8170.40,5449.65,8170.40,6.42,6,ok
5624,42011,1416.74,995.89,1416.74,2.36,1,ok
5624,5625,1312.64,1080.45,1312.64,2.19,7,ok
5625,20696,695.61,473.80,695.61,1.07,7,ok_undirected
5625,42437,2076.49,1774.74,2076.49,2.11,1,ok
5626,20696,80.00,116.35,80.00,0.17,1,ok_undirected
5627,20171,1292.70,1257.32,1292.70,1.46,32,ok_undirected
5627,5628,1376.84,1335.46,1376.84,1.58,12,ok
5628,39204,1826.20,1263.75,1286.87,2.28,1,ok
5628,5629,1324.99,937.08,1324.99,1.64,11,ok
5629,5630,3291.82,1934.36,3291.82,3.52,11,ok
5630,5631,2465.06,1395.35,2465.06,2.62,11,ok
5631,5632,1448.65,1311.24,1448.65,1.35,15,ok
5632,5633,427.89,492.44,427.89,0.40,15,ok
5633,5249,2656.42,2132.63,2656.42,2.32,2,ok
5633,5634,2307.65,2280.90,2307.65,1.84,15,ok
5634,5635,537.35,555.69,537.35,0.59,17,ok
5635,5636,1083.32,1037.91,1083.32,1.25,17,ok
5636,5638,1110.11,1076.31,1110.11,1.56,21,ok
5636,5716,6274.32,5841.79,6274.32,8.44,1,ok
5637,5638,1071.68,1042.04,1071.68,1.02,12,ok
5638,5312,5162.23,4687.14,5162.23,6.86,2,ok
5638,5716,5164.21,4828.05,5164.21,6.87,31,ok
5641,5642,892.46,851.21,892.46,0.85,8,ok
5642,5643,5375.27,5077.67,5375.27,3.70,8,ok
5643,5644,557.78,553.92,557.78,0.37,8,ok
5644,5645,440.39,460.10,440.39,0.30,8,ok
5645,5648,376.37,368.76,376.37,0.27,8,ok
5648,5649,2049.42,2009.55,2049.42,1.44,8,ok
5649,42525,1354.99,1361.21,1354.99,0.88,8,ok
5650,5651,4432.54,4062.06,4432.54,3.72,8,ok
5650,6342,4432.54,4064.04,4432.54,3.72,1,ok
5651,5652,1370.91,1091.90,1370.91,2.13,1,ok
5651,5653,857.28,838.59,857.28,0.98,9,ok
5652,5286,513.63,550.06,513.63,1.04,2,ok
5652,5653,513.63,481.74,513.63,1.04,2,ok
5653,20072,737.29,680.42,737.29,1.05,1,ok
5653,5655,737.29,741.95,737.29,1.05,10,ok
5654,5652,1807.07,682.14,1673.81,2.45,2,ok
5654,5655,556.15,557.66,422.89,0.49,1,ok
5655,5656,1607.51,1570.01,1607.51,2.18,11,ok
5656,20068,573.27,472.12,573.27,1.07,1,ok
5656,5658,562.60,528.71,562.60,1.07,10,ok
5657,5282,1965.37,1934.06,1940.16,2.39,2,ok
5657,5658,1930.76,1880.68,1905.54,2.34,1,ok
5658,20039,496.01,419.11,496.01,0.48,1,ok
5658,5660,472.75,482.65,472.75,0.46,10,ok
5659,5281,780.54,724.58,780.54,0.90,2,ok
5659,5660,803.80,766.33,803.80,0.93,1,ok
5660,5661,2092.25,1697.95,2092.25,2.44,11,ok
5661,5662,398.18,193.68,398.18,0.66,9,ok
5661,5664,1212.24,973.45,1212.24,1.71,1,ok
5661,6339,192.77,123.39,192.77,0.24,1,ok_undirected
5662,5663,326.24,321.69,326.24,0.46,24,ok
5662,5664,814.06,790.57,814.06,1.05,1,ok
5663,20037,487.82,443.50,487.82,0.59,1,ok
5663,5664,487.82,476.52,487.82,0.59,23,ok
5664,5665,391.78,298.88,391.78,0.50,26,ok
5665,43125,1372.53,1299.56,296.79,1.77,1,ok
5665,5666,352.80,363.76,352.80,0.47,24,ok
5665,6353,875.39,383.84,875.39,1.15,1,ok
5666,19802,301.77,267.93,301.77,0.43,19,ok
5666,5301,1172.15,1063.49,1141.55,1.54,3,ok
5666,5668,1312.18,1250.88,1312.18,1.80,2,ok
5666,6353,522.59,86.18,522.59,0.68,1,ok
5668,5672,6577.28,6235.09,6577.28,7.12,1,ok
5668,5773,1559.01,1520.83,1559.01,1.63,20,ok
5671,5672,910.88,869.02,910.88,1.14,37,ok
5672,5355,1371.96,1105.93,1371.96,2.57,8,ok
5672,5771,610.77,529.32,610.77,0.71,30,ok
5673,39052,985.49,842.21,985.49,1.95,32,ok
5673,5217,309.86,246.66,309.86,0.96,10,ok
5673,5312,503.73,490.70,503.73,1.40,43,ok
5673,5717,1089.78,892.14,1089.78,2.26,5,ok
5673,6059,645.19,376.90,540.33,1.65,25,ok
5674,5275,1000.08,927.40,1000.08,1.77,4,ok
5674,5276,1273.53,1127.12,1273.53,2.14,7,ok
5674,5668,409.25,258.50,409.25,0.71,4,ok
5675,5674,732.92,637.33,732.92,1.29,15,ok
5676,5675,2285.60,1369.61,2285.60,3.46,15,ok
5677,19606,5029.35,3535.90,5029.35,5.41,6,ok
5678,19873,247.61,237.72,247.61,0.47,6,ok
5679,5189,523.02,505.84,523.02,1.15,5,ok
5681,5691,2823.41,2093.59,2823.41,3.63,7,ok
5681,6363,865.54,821.07,865.54,1.45,7,ok
5682,43087,959.77,470.13,959.77,2.44,5,ok
5682,5683,545.21,549.49,545.21,1.27,8,ok
5683,5684,2083.33,1997.83,2083.33,1.75,13,ok
5684,5692,1833.83,1801.15,1833.83,2.09,12,ok
5684,6362,1940.97,1762.25,1940.97,2.23,1,ok
5685,5762,89.55,102.78,89.55,0.35,9,ok
5687,5685,569.59,386.06,569.59,1.49,9,ok
5688,5687,242.03,190.02,242.03,0.86,9,ok
5689,5688,243.39,262.46,243.39,0.66,9,ok
5689,5761,310.02,227.82,310.02,0.84,35,ok
5689,5762,601.23,461.95,601.23,1.54,2,ok
5690,5682,869.15,902.09,869.15,0.65,6,ok
5690,6372,1173.17,716.60,1173.17,1.42,1,ok
5691,5690,435.53,326.57,435.53,0.76,7,ok
5691,5765,651.37,324.12,651.37,1.58,7,ok
5692,19675,1114.23,1063.38,1114.23,1.94,6,ok
5692,5693,1189.28,955.95,1189.28,2.15,7,ok
5693,5694,236.58,213.26,236.58,0.46,43,ok
5693,6385,253.77,189.12,253.77,0.64,1,ok_undirected
5694,5695,393.03,360.81,393.03,0.70,43,ok
5695,5328,357.17,322.94,357.17,0.72,10,ok
5695,5696,442.61,393.10,442.61,1.01,43,ok
5696,5697,182.32,223.97,182.32,0.45,73,ok
5696,5729,45.54,81.40,45.54,0.16,22,ok
5697,5461,244.68,210.50,244.68,0.72,11,ok
5697,5698,227.36,225.23,227.36,0.57,62,ok
5698,5342,310.15,230.86,310.15,0.98,10,ok
5698,5689,305.34,209.60,305.34,0.97,15,ok
5698,5700,253.70,183.20,253.70,0.69,37,ok
5699,5326,332.90,260.21,332.90,1.02,8,ok
5699,5689,468.03,431.01,468.03,1.50,10,ok
5699,5700,416.39,221.54,416.39,1.22,11,ok
5700,5701,158.67,212.84,158.67,0.31,49,ok
5701,5702,620.34,312.08,611.33,1.18,1,ok_undirected
5701,5770,259.53,249.54,259.53,0.46,48,ok
5702,5703,1362.95,169.78,1353.94,2.55,49,ok
5703,5704,467.99,386.39,467.99,0.87,33,ok_undirected
5703,5764,486.23,281.99,486.23,0.92,16,ok
5704,5705,370.05,378.93,370.05,0.66,32,ok_undirected
5704,5727,3159.15,267.86,3027.20,6.12,1,ok
5705,5706,405.67,230.30,405.67,0.91,42,ok
5705,5727,484.05,149.33,484.05,1.09,36,ok
5706,5707,723.02,735.31,723.02,0.95,72,ok
5706,5708,1217.30,956.34,1217.30,1.69,5,ok
5707,5708,494.28,318.29,494.28,0.74,73,ok
5708,5709,214.48,212.85,214.48,0.49,88,ok_undirected
5708,5710,590.23,541.41,590.23,1.69,2,ok
5709,5425,554.42,182.43,543.37,1.73,8,ok
5709,5710,445.22,330.13,434.16,1.38,84,ok
5709,5711,668.86,446.82,657.80,1.99,1,ok
5709,5714,1397.14,1235.08,1271.61,4.50,3,ok
5710,5711,223.64,242.47,223.64,0.62,103,ok
5710,5712,534.13,470.67,223.78,2.81,2,ok
5711,5712,348.34,289.02,339.41,0.99,104,ok
5712,5713,358.93,206.06,358.93,0.96,114,ok_undirected
5713,5383,271.89,264.78,271.89,0.79,8,ok_undirected
5713,5714,451.71,383.31,441.89,1.20,106,ok_undirected
5714,5371,511.48,236.33,511.48,1.29,1,ok
5714,5376,338.95,258.26,338.95,0.94,2,ok
5714,5715,406.78,381.02,406.78,0.92,45,ok_undirected
5714,5717,546.85,261.31,546.85,1.29,59,ok
5714,5768,514.12,208.02,514.12,1.18,10,ok
5715,5716,242.96,204.43,242.96,0.66,53,ok_undirected
5716,5266,270.83,270.36,270.83,0.74,53,ok
5716,6059,689.94,388.92,568.09,1.54,32,ok
5717,5356,761.44,680.62,761.44,1.73,8,ok
5717,5763,637.80,505.78,637.80,1.54,36,ok
5717,6059,664.61,578.24,664.61,1.45,38,ok
5718,5317,549.94,254.94,549.94,1.81,10,ok
5718,5710,182.79,112.66,182.79,0.66,19,ok
5718,6380,178.47,77.40,178.47,0.57,9,ok
5719,5718,65.05,138.75,65.05,0.19,38,ok
5720,5719,212.89,155.42,212.89,0.49,38,ok
5721,37465,629.31,541.53,629.31,1.61,14,ok
5721,5708,678.27,580.25,678.27,1.74,1,ok
5721,5720,363.14,265.77,363.14,0.88,38,ok
5722,5721,340.03,320.30,340.03,0.76,53,ok
5723,37465,1283.20,1221.52,1283.20,3.09,1,ok
5723,5409,132.10,73.80,132.10,0.27,10,ok
5723,5430,144.92,139.96,144.92,0.34,8,ok
5723,5722,313.86,385.48,313.86,0.72,36,ok
5724,5723,367.85,231.11,367.85,1.05,27,ok
5725,5433,345.60,299.39,345.60,0.81,13,ok
5725,5724,217.82,177.53,217.82,0.56,27,ok
5726,5725,213.82,229.20,213.82,0.72,40,ok
5727,5453,670.90,94.64,670.90,1.60,30,ok
5727,5728,531.55,216.43,531.55,1.17,16,ok
5728,5726,335.75,311.53,335.75,0.87,24,ok
5729,5732,228.86,199.53,228.86,0.72,25,ok
5730,5460,198.35,153.79,198.35,0.60,7,ok
5730,5731,243.79,223.95,243.79,0.62,10,ok
5731,5734,351.92,269.56,351.92,0.84,10,ok
5732,5733,301.19,270.94,301.19,0.74,26,ok
5733,5463,534.53,325.97,534.53,1.36,2,ok
5733,5734,241.63,245.28,241.63,0.69,24,ok
5734,5735,207.72,202.12,207.72,0.54,34,ok
5735,5736,237.64,246.23,237.64,0.55,34,ok
5736,43946,284.42,240.50,284.42,0.78,10,ok
5736,5737,347.01,299.72,347.01,0.92,24,ok
5737,5738,337.40,312.15,337.40,1.07,24,ok
5738,5739,1207.24,153.60,1207.24,3.40,24,ok
5739,5740,1693.68,271.34,1693.68,4.82,24,ok
5740,5741,289.98,227.93,289.98,0.80,24,ok
5741,5742,272.63,329.02,272.63,0.59,24,ok
5742,5743,422.85,283.40,422.85,1.10,24,ok
5743,5744,209.81,242.80,209.81,0.56,46,ok
5744,5705,206.71,123.24,206.71,0.47,46,ok_undirected
5745,5707,2772.32,1631.04,49.08,4.11,1,ok
5745,5746,3451.85,2337.39,0.00,5.00,1,no_coverage
5746,5747,784.86,457.00,0.00,1.23,2,no_coverage
5747,50174,2482.51,1703.31,0.00,2.20,1,no_coverage
5747,5745,2830.75,2052.35,0.00,3.25,1,no_coverage
5748,5749,452.99,473.82,0.00,1.28,2,no_coverage
5749,50177,675.62,550.35,0.00,0.57,1,no_coverage
5749,50383,1843.05,851.71,0.00,1.35,1,no_coverage
5750,19598,13740.40,11425.14,12876.05,11.91,1,ok
5750,20126,3805.72,3477.19,3805.72,2.74,24,ok
5750,42430,,67774.13,,56.85,2,unreachable
5751,40000,587.25,585.98,587.25,0.70,12,ok
5752,41585,913.46,711.40,762.17,1.09,1,ok
5752,5751,579.78,511.84,579.78,0.61,12,ok
5753,40783,1837.54,1817.24,1837.54,2.51,3,ok
5753,5752,1732.63,1762.54,1732.63,2.19,13,ok
5754,5753,586.71,578.05,586.71,1.04,11,ok
5754,6079,1149.78,971.96,1149.78,2.01,17,ok
5755,42084,294.00,218.83,294.00,0.56,5,ok
5755,5753,1056.69,946.67,1056.69,1.86,5,ok
5755,5754,469.98,380.41,469.98,0.82,28,ok
5756,21265,551.13,453.25,480.83,1.42,5,ok
5756,42090,955.46,852.83,955.46,1.68,8,ok
5756,5755,856.40,876.91,856.40,1.40,21,ok
5756,6282,1287.63,1082.42,1226.92,2.65,6,ok
5757,19248,315.84,330.33,315.84,0.57,14,ok
5757,19265,436.99,424.20,436.99,1.01,14,ok
5757,41562,322.59,128.79,322.59,0.83,1,ok
5757,5756,683.78,601.04,683.78,1.32,3,ok
5758,5757,3118.35,2841.11,3118.35,3.80,3,ok
5758,6275,2943.15,2731.02,2943.15,3.43,19,ok
5759,5491,2331.15,1990.87,2262.07,2.68,14,ok
5759,5758,2310.42,2055.51,2241.34,2.66,9,ok
5760,18691,231.88,208.85,231.88,0.30,44,ok_undirected
5761,5762,291.21,340.82,291.21,0.70,51,ok
5762,5336,262.31,218.47,262.31,0.69,9,ok
5762,5696,370.27,197.78,370.27,1.02,52,ok
5762,5700,1013.16,663.55,1013.16,3.11,1,ok
5763,5266,298.94,270.65,298.94,0.91,52,ok
5763,5376,895.99,495.40,866.23,2.89,2,ok
5764,5443,683.60,624.65,683.60,1.35,16,ok
5765,5766,218.55,339.61,218.55,0.73,7,ok
5766,5767,405.40,355.37,405.40,0.96,7,ok
5767,5682,304.02,244.89,304.02,0.75,7,ok
5768,5769,863.36,385.41,863.36,1.79,21,ok
5769,5266,338.92,331.39,338.92,0.78,21,ok_undirected
5770,5702,1533.92,247.20,1533.92,2.82,48,ok
5771,5673,766.76,726.28,766.76,1.51,30,ok
5772,5285,1757.58,912.57,1757.58,2.45,20,ok
5773,5772,3058.96,2934.67,3058.96,2.90,20,ok
5776,5777,545.83,338.43,545.83,0.97,11,ok
5777,5778,319.81,310.56,319.81,0.54,11,ok
5778,5779,283.63,269.63,283.63,0.58,11,ok
5779,18204,5469.54,3898.47,3567.78,7.89,6,ok
5779,18240,3209.39,2156.24,3209.39,4.62,5,ok
5781,5782,233.55,239.28,233.55,0.47,15,ok
5782,51228,323.47,318.97,323.47,0.54,15,ok
5783,20648,758.09,698.95,758.09,1.98,15,ok
5793,5794,0.00,155.38,0.00,0.78,21,no_coverage
5794,5795,531.11,369.97,531.11,1.50,21,ok
5795,5797,333.52,231.43,333.52,0.60,21,ok
5796,5799,259.72,208.86,259.72,0.82,21,ok
5797,5796,210.95,150.10,210.95,0.40,21,ok
5798,17915,,200.20,,1.43,11,unreachable
5799,5798,209.06,179.38,209.06,0.82,21,ok
5801,5793,908.19,746.41,908.19,1.54,10,ok
5803,17940,149.16,134.56,149.16,0.32,9,ok
5803,5801,818.14,252.12,818.14,2.05,10,ok
5804,5803,0.00,9.91,0.00,0.27,10,no_coverage
5804,5951,1723.43,1384.47,1723.43,3.28,1,ok
5804,6018,337.39,308.72,337.39,0.80,4,ok
5805,50993,458.00,411.26,458.00,0.82,4,ok
5805,5807,436.96,363.35,436.96,0.83,11,ok
5807,6791,320.53,316.18,320.53,0.56,11,ok
5808,35350,1231.48,1257.48,1231.48,1.20,5,ok
5809,5810,180.83,119.45,180.83,0.45,43,ok
5810,4586,287.41,192.03,287.41,0.92,43,ok
5812,5493,162.42,157.61,162.42,0.26,8,ok
5814,6358,760.90,238.18,760.90,1.52,4,ok
5815,5292,607.78,508.56,0.00,0.98,1,no_coverage
5817,5815,287.56,364.51,0.00,0.72,1,no_coverage
5820,5822,1093.51,1039.94,1093.51,0.90,21,ok
5820,6021,2277.63,2225.49,2277.63,2.25,9,ok
5821,17991,1568.52,1382.36,1489.21,2.15,40,ok
5821,20485,1630.65,1491.99,1630.65,2.19,5,ok
5821,41785,4069.05,3048.45,3547.06,6.55,9,ok
5822,6021,1184.12,1209.62,1184.12,1.35,21,ok
5823,5821,1140.51,1068.47,1140.51,1.02,19,ok_undirected
5824,17941,687.14,331.25,687.14,2.02,11,ok
5825,17693,169.94,117.68,169.94,0.66,22,ok
5826,7199,229.13,156.78,229.13,0.74,11,ok
5827,6393,477.12,437.21,477.12,1.14,10,ok
5828,18072,166.46,140.82,166.46,0.41,17,ok
5828,5831,159.30,36.42,159.30,0.40,3,ok
5829,18036,78.56,78.99,78.56,0.22,8,ok
5829,6802,381.17,267.95,381.17,0.89,10,ok
5830,5200,220.81,206.42,220.81,0.57,11,ok
5831,18032,864.38,479.13,864.38,1.85,2,ok
5831,18042,604.97,292.56,604.97,1.42,10,ok
5831,6405,343.58,107.34,343.58,0.81,2,ok
5832,6843,488.94,494.98,488.94,1.31,7,ok
5835,5940,,268.29,,0.35,10,unreachable
5836,40006,123.62,158.05,123.62,0.49,3,ok
5839,34281,81.66,141.60,81.66,0.29,12,ok
5839,5988,129.00,78.60,129.00,0.41,2,ok
5840,5839,878.40,198.75,456.07,2.60,14,ok
5841,5840,1550.05,311.13,1550.05,4.34,14,ok
5842,5841,138.18,274.80,138.18,0.32,14,ok
5843,5844,178.91,210.12,178.91,0.59,6,ok
5844,5845,312.62,214.04,312.62,0.91,4,ok
5844,5849,534.49,453.12,534.49,1.49,2,ok
5845,5849,221.87,315.66,221.87,0.58,4,ok
5847,20159,312.62,311.79,312.62,0.88,3,ok
5849,20162,812.25,669.68,753.84,2.08,2,ok
5849,5855,495.97,491.07,495.97,1.40,4,ok
5851,5847,542.82,492.86,542.82,2.03,3,ok
5855,5856,229.75,186.19,229.75,0.83,4,ok
5856,5858,294.64,226.28,294.64,0.77,4,ok
5857,5851,402.61,428.46,27.14,1.41,1,ok
5858,20162,0.00,57.04,0.00,0.60,3,no_coverage
5858,20354,1275.23,1107.66,1275.23,2.83,1,ok
5860,5857,294.64,277.56,0.00,1.00,1,no_coverage
5861,35097,643.55,549.84,643.55,1.81,2,ok
5861,5860,425.18,242.72,366.77,1.07,1,ok
5868,20354,795.26,729.88,795.26,1.61,3,ok
5870,5861,850.05,835.13,850.05,2.10,3,ok
5871,5879,977.93,987.11,977.93,1.42,6,ok
5874,5870,349.69,374.69,349.69,0.88,3,ok
5879,4177,2692.18,2323.96,2692.18,6.02,6,ok
5880,5874,1114.28,1022.87,1114.28,2.43,3,ok
5881,5882,270.89,270.06,270.89,0.58,40,ok
5882,20721,796.58,708.07,796.58,2.48,25,ok
5882,35263,693.38,597.70,693.38,2.16,15,ok
5883,18804,240.80,123.92,240.80,0.54,3,ok
5883,5552,123.84,153.82,123.84,0.24,5,ok_undirected
5883,5881,617.71,277.68,617.71,1.34,31,ok
5885,18573,255.28,158.51,255.28,0.70,7,ok
5885,19332,270.17,160.73,270.17,0.72,8,ok_undirected
5886,50643,367.36,425.51,367.36,0.49,13,ok
5891,17696,807.91,742.02,807.91,1.63,4,ok
5891,20903,246.64,240.22,246.64,0.65,19,ok
5892,19725,1492.89,1373.91,1492.89,2.73,5,ok
5892,21308,1494.86,1260.05,1494.86,2.77,8,ok_undirected
5892,4205,1498.58,1334.80,1498.58,2.79,5,ok
5897,19290,1633.76,1306.48,1591.82,3.03,6,ok
5898,5998,212.53,219.51,212.53,0.60,21,ok
5902,19049,151.63,142.49,151.63,0.41,5,ok
5902,40503,276.11,285.82,276.11,0.73,7,ok
5903,5902,252.91,211.70,252.91,0.57,12,ok
5904,5903,314.36,359.44,314.36,0.68,12,ok
5908,40617,189.53,184.33,189.53,0.63,14,ok
5911,42736,436.21,256.85,436.21,0.54,8,ok
5912,21187,129.67,154.60,129.67,0.30,41,ok
5913,17853,246.63,260.98,246.63,0.61,45,ok
5914,20542,234.37,208.54,234.37,0.51,17,ok
5915,20868,297.03,174.76,297.03,0.84,19,ok
5916,5976,258.79,289.65,258.79,0.39,10,ok
5917,5066,236.17,179.66,236.17,0.46,44,ok
5918,21237,0.00,70.05,0.00,0.11,17,no_coverage
5919,41258,255.20,215.54,227.71,0.79,3,ok_undirected
5919,5921,565.98,480.60,565.98,1.83,2,ok_undirected
5919,5924,215.79,196.59,215.79,0.67,17,ok_undirected
5920,21262,495.82,257.74,495.82,1.47,20,ok
5921,5923,250.63,259.29,250.63,0.33,19,ok
5922,21259,279.06,289.44,279.06,1.05,18,ok
5923,5491,2365.49,2143.14,2365.49,2.68,2,ok
5923,5759,172.50,183.08,103.42,0.14,17,ok
5924,5921,350.19,284.01,350.19,1.15,17,ok
5926,40858,2367.02,2063.03,2198.92,2.38,2,ok
5926,4202,2835.43,2383.55,2775.85,4.14,2,ok
5927,21276,2976.17,2098.52,695.85,5.00,1,ok
5928,21287,109.93,142.76,109.93,0.24,18,ok
5929,19818,216.99,253.18,216.99,0.54,36,ok
5930,20835,329.79,243.77,329.79,0.88,9,ok
5930,20839,1454.79,505.49,1454.79,5.89,1,ok
5933,18174,303.48,301.26,303.48,0.48,4,ok
5933,18189,303.48,238.81,303.48,0.48,2,ok
5933,49349,5024.13,1910.23,4191.60,9.75,1,ok
5934,6456,336.47,178.81,0.00,0.00,1,no_coverage
5934,6592,381.24,270.25,84.15,0.29,1,ok
5935,5936,250.23,202.48,250.23,0.43,1,ok
5936,17925,609.76,478.53,609.76,1.27,1,ok
5939,18081,62.87,108.41,0.00,0.12,3,no_coverage
5939,6438,0.00,73.08,0.00,0.00,3,no_coverage
5940,4852,417.42,370.34,417.42,0.52,10,ok
5942,5944,250.06,237.21,250.06,0.43,13,ok
5943,17953,501.38,331.04,501.38,1.05,8,ok
5944,17914,5741.75,2204.47,5741.75,6.36,5,ok
5944,17934,7500.19,3277.59,7500.19,7.71,6,ok
5944,35572,11902.74,5541.95,11902.74,13.69,2,ok
5945,5943,250.06,316.96,250.06,0.78,8,ok
5946,17981,3406.16,1531.53,3406.16,5.46,1,ok
5946,17988,2010.87,1382.08,2010.87,2.53,3,ok
5946,50008,3349.12,2482.66,3349.12,4.44,1,ok
5946,6483,2330.11,1468.10,2330.11,2.96,3,ok
5947,39149,320.19,286.60,320.19,1.19,21,ok
5948,35191,534.58,556.16,534.58,0.44,4,ok_undirected
5949,35301,447.72,490.99,0.00,0.25,2,no_coverage
5950,5984,911.04,639.95,0.00,1.22,2,no_coverage
5951,7265,244.90,292.66,244.90,0.33,5,ok
5951,7266,931.08,793.40,931.08,1.49,1,ok
5952,17950,337.98,346.97,337.98,0.79,4,ok
5952,17963,808.59,537.92,802.45,1.83,1,ok
5953,5954,236.71,132.43,236.71,0.41,6,ok
5954,5955,206.56,186.50,206.56,0.36,6,ok
5955,5956,224.82,227.37,224.82,0.44,6,ok
5956,5957,216.05,230.46,216.05,0.39,6,ok
5957,7267,355.72,289.70,355.72,0.66,6,ok
5958,7262,194.25,128.33,0.00,0.29,4,no_coverage
5959,5961,540.75,490.34,540.75,0.92,4,ok
5960,19669,274.02,217.20,0.00,0.55,4,no_coverage
5961,5952,231.36,226.23,231.36,0.45,5,ok
5962,5967,341.61,243.09,0.00,0.40,2,no_coverage
5963,5964,448.50,207.71,0.00,0.07,2,no_coverage
5964,5965,0.00,232.03,0.00,0.90,2,no_coverage
5965,5966,236.45,285.40,0.00,0.38,2,no_coverage
5966,7264,341.61,223.12,0.00,0.72,2,no_coverage
5967,5968,236.45,279.13,0.00,0.88,2,no_coverage
5968,5969,0.00,203.02,0.00,0.21,2,no_coverage
5969,5970,448.50,228.12,0.00,0.81,2,no_coverage
5970,6483,497.40,458.81,86.01,0.80,2,ok
5971,7232,591.56,474.31,125.81,1.27,4,ok
5972,5971,213.28,98.25,0.00,1.35,4,no_coverage
5973,5974,66.45,72.60,66.45,0.23,2,ok
5974,17946,805.76,573.49,805.76,2.66,2,ok
5975,4480,295.27,303.94,295.27,0.81,5,ok
5976,40580,797.77,593.70,746.65,1.84,6,ok
5976,4640,763.47,573.87,763.47,1.77,4,ok
5977,5950,122.01,187.87,0.00,1.58,2,no_coverage
5979,18991,425.65,327.03,425.65,1.10,4,ok
5981,4229,2022.97,1557.04,160.10,2.21,2,ok
5981,4345,3046.25,2466.38,3046.25,2.94,2,ok
5982,19965,1449.15,917.46,1449.15,1.62,1,ok
5982,20177,2681.44,1964.27,2681.44,4.31,2,ok
5984,4229,5180.39,4500.83,38.99,8.24,2,ok
5986,19798,523.57,552.78,523.57,0.89,16,ok
5988,19493,233.23,260.41,233.23,0.54,15,ok
5989,5990,1004.30,227.00,914.29,2.72,8,ok
5990,34249,1621.28,252.51,1125.90,4.54,8,ok
5991,20137,356.13,256.53,356.13,0.88,8,ok
5992,5993,256.78,245.77,256.78,0.34,1,ok
5993,19479,514.03,446.44,514.03,1.07,1,ok
5994,19494,229.35,178.40,229.35,0.60,1,ok
5994,19791,319.09,219.51,319.09,0.74,7,ok
5994,19798,612.53,281.57,612.53,1.28,6,ok
5995,20833,407.59,389.32,407.59,1.22,14,ok
5996,20605,424.34,406.15,424.34,1.06,20,ok
5997,37165,228.35,253.51,228.35,0.50,14,ok
5997,5897,375.61,418.46,375.61,0.83,6,ok
5998,19336,459.08,402.31,459.08,1.46,8,ok
5998,20607,297.05,159.28,297.05,0.96,18,ok
5999,40418,311.85,247.32,311.85,0.82,58,ok
6000,19308,211.10,224.88,211.10,0.56,36,ok
6002,19291,193.95,204.08,193.95,0.58,50,ok
6003,18809,247.00,204.92,247.00,0.68,19,ok
6003,19294,324.64,172.81,324.64,0.88,23,ok
6003,19298,479.36,430.48,479.36,1.44,8,ok
6004,19315,284.95,304.70,284.95,0.71,8,ok_undirected
6004,37203,223.61,135.91,223.61,0.65,57,ok
6004,40361,581.55,508.65,581.55,1.48,8,ok
6005,6006,360.10,219.04,360.10,0.98,22,ok
6006,44300,386.76,296.06,386.76,1.05,22,ok
6009,19310,153.23,128.34,153.23,0.42,42,ok
6010,40406,360.67,334.90,360.67,1.32,14,ok
6010,44296,981.53,820.52,981.53,2.72,8,ok
6013,6014,350.97,331.22,350.97,0.84,7,ok
6014,19325,259.36,172.63,259.36,0.64,7,ok
6015,19309,240.81,260.17,240.81,0.64,21,ok
6015,41277,490.54,353.51,490.54,1.44,7,ok
6016,37613,967.18,245.64,967.18,2.52,8,ok
6018,17950,1175.65,1155.11,1175.65,2.21,4,ok
6019,35364,2849.84,2046.13,2849.84,3.03,5,ok
6019,5927,2495.32,2383.97,2387.51,2.42,1,ok
6021,20091,1504.67,1503.55,1504.67,1.22,51,ok
6021,7076,1602.88,1404.81,1586.92,1.35,2,ok
6024,20462,280.36,265.28,280.36,0.63,16,ok
6025,20824,439.47,215.91,439.47,1.18,22,ok
6026,6523,692.04,630.42,46.63,1.41,9,ok
6027,5996,1991.20,1868.92,1991.20,2.49,10,ok
6029,6344,162.67,150.11,162.67,0.52,3,ok
6030,20566,0.00,97.17,0.00,1.25,2,no_coverage
6034,19800,926.02,707.48,541.78,0.86,1,ok
6038,5602,259.35,181.34,259.35,0.75,14,ok
6042,4150,2316.85,1220.88,2291.25,5.52,1,ok
6042,5085,304.68,157.49,279.08,1.10,8,ok
6045,20113,182.62,145.55,182.62,0.44,10,ok
6045,6775,411.34,300.13,411.34,1.14,6,ok
6046,20149,2403.18,1486.19,2394.28,5.53,3,ok
6046,6703,133.95,117.90,133.95,0.50,20,ok
6052,20932,280.62,303.14,280.62,0.61,14,ok
6053,40618,114.55,116.04,114.55,0.35,13,ok
6054,6055,138.81,138.35,138.81,0.40,11,ok
6054,6056,280.62,327.50,280.62,0.76,2,ok
6055,6056,141.81,190.66,141.81,0.36,11,ok
6056,4197,1383.59,1174.73,1383.59,2.62,2,ok
6056,51084,155.96,167.31,155.96,0.37,11,ok
6057,18421,375.34,355.00,375.34,0.87,39,ok
6057,37179,512.23,421.90,512.23,1.24,32,ok_undirected
6057,38800,531.21,263.82,284.18,1.10,21,ok
6058,19744,206.70,108.29,206.70,0.61,12,ok
6059,47859,101.97,56.27,101.97,0.64,4,ok
6059,51579,363.44,45.80,363.44,3.47,4,ok
6059,5267,806.09,379.60,487.96,2.79,2,ok
6059,5373,888.11,545.10,888.11,2.90,1,ok
6060,7036,140.19,157.63,140.19,0.35,19,ok_undirected
6062,20760,162.54,205.63,162.54,0.65,17,ok
6063,7062,309.67,212.56,172.80,0.67,59,ok
6064,20841,1036.91,820.65,1036.91,3.23,1,ok
6064,50596,308.43,278.18,308.43,0.76,8,ok_undirected
6064,7029,282.54,270.07,282.54,0.67,11,ok_undirected
6065,20804,184.02,131.24,184.02,0.47,7,ok
6066,6060,273.23,148.01,273.23,0.73,15,ok
6067,20556,442.61,255.05,442.61,1.61,31,ok
6067,35594,1008.11,901.75,1008.11,3.00,5,ok
6067,40975,517.87,433.24,517.87,1.54,11,ok
6070,20133,306.12,347.00,166.42,0.82,5,ok
6072,20742,327.22,336.03,327.22,0.35,4,ok
6073,18650,553.58,487.69,453.71,1.66,4,ok
6076,34256,403.34,183.02,403.34,0.91,4,ok
6078,41550,431.93,312.10,431.93,1.30,5,ok
6078,5486,1212.12,578.53,1212.12,2.19,17,ok
6080,19702,264.77,273.46,264.77,0.65,16,ok_undirected
6080,19765,137.14,139.00,137.14,0.31,13,ok_undirected
6080,20196,179.18,120.04,179.18,0.45,17,ok_undirected
6082,20235,324.99,224.53,324.99,1.01,11,ok
6082,37619,1052.73,173.37,1052.73,2.45,21,ok
6082,39748,676.75,200.07,676.75,1.54,1,ok
6084,6085,311.65,227.97,311.65,0.69,12,ok
6085,19899,98.62,150.96,98.62,0.20,1,ok_undirected
6085,37612,559.09,268.22,559.09,1.17,11,ok_undirected
6088,6090,572.68,407.67,572.68,1.51,10,ok
6090,6091,133.23,192.70,133.23,0.29,10,ok
6091,47869,277.97,208.16,277.97,0.62,10,ok
6092,47866,240.79,240.99,240.79,0.68,10,ok
6093,6094,158.47,162.61,158.47,0.58,23,ok
6094,39229,750.70,166.52,750.70,2.57,23,ok
6095,17684,294.76,176.71,294.76,0.90,1,ok
6095,17710,502.25,340.07,502.25,1.21,11,ok
6095,48260,173.56,189.88,173.56,0.90,11,ok
6096,7213,268.65,188.88,268.65,0.39,26,ok
6097,48661,257.93,268.73,257.93,0.61,2,ok
6098,6099,100.01,154.06,0.00,0.57,2,no_coverage
6099,38221,140.31,96.30,0.00,0.08,2,no_coverage
6102,18994,3647.86,2918.03,3647.86,3.63,1,ok
6102,39151,3913.63,3256.46,3913.63,4.35,2,ok
6105,40817,542.62,233.02,542.62,1.04,25,ok
6107,4169,788.62,489.38,788.62,1.91,10,ok
6107,42192,623.47,621.13,623.47,1.52,6,ok
6107,6746,228.15,189.43,228.15,0.67,17,ok_undirected
6108,20784,253.05,173.41,253.05,0.68,11,ok
6108,20801,526.19,517.95,60.63,1.81,4,ok
6109,6108,175.28,244.78,175.28,0.75,15,ok
6110,6124,464.90,464.54,464.90,1.14,15,ok
6111,43551,312.25,260.51,312.25,0.54,7,ok
6111,6136,420.89,279.88,420.89,1.06,6,ok
6113,4992,464.62,243.07,464.62,1.03,8,ok
6113,6111,481.66,446.77,481.66,1.02,7,ok
6114,6129,336.84,303.11,336.84,0.97,6,ok
6115,20498,781.62,591.76,401.38,2.21,2,ok
6115,20568,897.02,674.82,516.78,2.77,1,ok
6115,20784,849.67,647.19,469.44,2.14,4,ok
6116,6109,363.87,242.63,363.87,0.82,15,ok
6117,20480,568.13,272.37,525.44,1.66,13,ok
6117,40688,238.90,128.85,238.90,0.67,6,ok
6117,5995,166.61,123.18,166.61,0.47,13,ok
6118,19489,308.79,326.66,308.79,0.86,6,ok
6118,20480,314.44,253.46,271.76,1.18,19,ok
6118,6058,952.52,779.73,952.52,2.39,7,ok
6119,21306,617.45,447.92,617.45,1.24,8,ok
6120,6147,234.50,176.69,234.50,0.77,8,ok
6121,43655,1165.53,773.12,1165.53,1.89,9,ok
6121,6139,779.73,504.75,779.73,1.30,33,ok
6122,5885,464.90,476.54,464.90,1.39,15,ok
6124,6113,376.47,110.42,376.47,0.81,15,ok
6125,6122,376.47,147.92,376.47,0.86,15,ok
6126,6114,529.19,468.16,529.19,1.34,6,ok
6127,6128,246.33,230.31,246.33,0.82,6,ok
6128,4988,217.26,196.35,217.26,0.83,6,ok
6129,6127,248.20,224.48,248.20,0.79,6,ok
6130,6131,222.84,255.62,222.84,0.68,8,ok
6131,4991,204.26,180.89,204.26,0.57,8,ok
6132,6125,291.33,130.84,291.33,0.65,8,ok
6133,18571,180.12,143.23,180.12,0.48,7,ok
6133,21056,602.27,36.70,602.27,1.31,8,ok
6134,6135,277.39,273.30,277.39,0.85,6,ok
6135,21004,227.76,116.61,227.76,0.61,6,ok
6135,43545,425.79,343.04,425.79,1.04,7,ok
6136,43550,255.93,327.96,255.93,0.58,7,ok
6136,6126,167.54,217.12,167.54,0.39,6,ok
6139,21029,758.24,673.22,758.24,1.15,2,ok
6139,43655,385.80,276.33,385.80,0.59,55,ok
6140,6134,302.02,207.44,302.02,1.17,6,ok
6141,6142,247.34,276.79,247.34,0.65,13,ok
6142,6139,400.45,260.80,400.45,0.73,13,ok
6144,6119,234.50,166.14,234.50,0.69,8,ok
6145,18570,408.20,337.00,408.20,1.18,8,ok
6146,6144,266.59,279.21,266.59,0.77,8,ok
6147,6145,266.59,295.91,266.59,0.78,8,ok
6151,18573,553.71,325.83,553.71,0.90,57,ok
6151,6110,753.61,355.60,753.61,1.48,8,ok
6155,49555,332.48,341.06,332.48,0.90,14,ok
6155,6314,294.84,278.94,294.84,0.89,15,ok
6159,35415,346.32,281.74,346.32,0.76,15,ok
6160,49533,181.23,120.96,181.23,0.53,13,ok
6161,6863,231.05,225.11,231.05,0.80,14,ok
6167,5076,236.76,255.86,236.76,0.63,56,ok
6169,5161,225.82,293.23,225.82,0.48,14,ok
6181,4509,148.42,105.75,148.42,0.36,14,ok_undirected
6189,35424,293.10,185.06,293.10,0.62,14,ok_undirected
6189,42433,442.47,330.90,442.47,0.93,6,ok_undirected
6194,6195,694.72,451.65,42.18,0.73,1,ok
6194,6196,694.72,446.42,42.18,0.73,4,ok
6195,6196,0.00,10.60,0.00,0.10,1,no_coverage
6195,6250,237.60,132.52,0.00,0.75,1,no_coverage
6196,6250,237.60,128.28,0.00,0.88,1,no_coverage
6197,19431,769.89,676.64,769.89,1.11,41,ok
6197,21175,880.22,750.24,716.68,1.19,2,ok
6198,21204,189.55,157.74,189.55,0.46,10,ok
6199,21225,353.44,252.68,353.44,0.90,10,ok
6200,19329,265.66,172.36,265.66,0.82,13,ok
6201,21208,345.35,299.13,345.35,1.24,8,ok
6201,21220,247.33,92.96,247.33,0.99,5,ok
6202,21213,148.97,131.44,148.97,0.42,8,ok
6202,51295,186.21,180.01,186.21,0.54,5,ok
6203,21015,140.56,130.98,140.56,0.24,21,ok
6204,21011,312.28,173.97,130.99,1.01,7,ok
6205,4258,265.31,160.38,265.31,0.59,1,ok
6205,6206,0.00,126.60,0.00,2.08,7,no_coverage
6206,4252,505.87,160.33,505.87,1.09,7,ok
6207,20978,148.49,193.45,148.49,0.45,7,ok
6208,20952,168.75,95.98,168.75,0.56,12,ok
6208,51205,1239.29,1074.09,1239.29,2.48,1,ok
6210,17807,219.13,198.18,219.13,0.84,12,ok
6210,38185,150.16,192.61,150.16,0.54,7,ok
6211,19373,203.09,172.55,203.09,1.58,12,ok
6211,38194,248.60,307.70,248.60,0.91,7,ok
6212,20936,211.01,193.02,211.01,0.74,12,ok
6212,38200,285.38,229.70,285.38,0.78,7,ok
6213,19372,450.39,254.21,450.39,1.42,14,ok
6213,39310,323.48,237.57,323.48,1.08,7,ok
6214,17820,144.37,120.24,144.37,0.64,13,ok
6215,20947,143.45,136.20,143.45,0.48,20,ok
6216,17823,310.89,236.23,310.89,1.14,20,ok
6217,18261,117.48,171.23,117.48,0.55,21,ok
6218,6219,133.69,124.55,133.69,0.46,21,ok
6219,20975,183.31,198.02,183.31,0.73,21,ok
6220,18238,327.83,294.59,327.83,1.33,17,ok_undirected
6220,51201,436.37,308.56,436.37,1.92,4,ok
6221,20951,209.74,177.62,0.00,0.65,8,no_coverage
6222,21001,239.81,145.27,239.81,0.82,9,ok
6223,20979,222.21,75.43,222.21,0.76,26,ok
6224,20990,194.25,156.99,194.25,0.55,18,ok
6225,20999,187.61,172.14,187.61,0.56,26,ok
6225,6226,484.08,430.58,484.08,1.41,10,ok
6226,18246,384.24,309.97,384.24,1.13,2,ok
6226,18303,195.42,162.48,195.42,0.59,17,ok
6226,18339,384.43,245.53,384.43,1.16,8,ok
6226,20989,422.68,332.69,422.68,1.07,17,ok
6226,20997,355.43,244.96,355.43,0.92,1,ok
6227,6253,265.72,187.21,265.72,0.73,17,ok
6228,18336,198.56,213.72,198.56,0.62,26,ok
6229,20988,209.67,70.22,209.67,0.70,17,ok
6229,20996,325.87,351.63,325.87,1.12,8,ok
6230,20995,157.77,122.11,157.77,0.51,9,ok
6231,20976,164.77,140.52,164.77,0.44,9,ok
6232,21012,1894.78,107.86,1873.15,3.26,7,ok
6233,18276,49.85,60.64,49.85,0.24,7,ok
6234,21023,45.33,86.55,45.33,0.12,7,ok
6238,21036,77.19,116.67,77.19,0.19,7,ok
6239,18269,31.88,45.00,31.88,0.10,7,ok
6240,21038,308.16,214.46,308.16,0.66,7,ok
6241,6244,496.94,410.73,496.94,1.12,7,ok
6244,21021,310.13,223.34,310.13,1.22,7,ok
6245,21010,172.77,118.32,172.77,0.52,7,ok
6249,18507,528.48,162.06,528.48,0.90,14,ok
6249,18510,264.37,122.29,264.37,0.32,1,ok
6249,20227,761.58,334.74,761.58,1.34,1,ok
6249,37180,695.27,521.73,695.27,1.27,14,ok
6250,6194,429.36,319.70,14.42,0.45,1,ok
6250,6195,237.60,132.52,0.00,1.53,1,no_coverage
6250,6249,33.58,120.34,33.58,0.04,1,ok
6251,21055,87.53,185.35,87.53,0.27,8,ok
6253,20964,309.17,201.70,309.17,1.12,17,ok
6254,41045,1026.38,961.24,1026.38,1.38,46,ok
6254,41047,1846.97,1484.07,1846.97,2.86,5,ok
6254,42431,2057.50,1667.49,1952.33,3.49,5,ok
6254,4530,1043.36,1043.06,1043.36,1.43,48,ok
6255,19006,440.81,406.32,440.81,1.02,2,ok_undirected
6255,19488,453.67,403.09,453.67,1.03,8,ok
6257,39898,289.40,265.10,289.40,0.58,8,ok
6260,39890,198.44,207.40,198.44,0.51,8,ok
6261,19139,394.69,263.76,201.17,0.64,5,ok
6261,20890,193.52,188.90,0.00,0.99,4,no_coverage
6265,20898,1019.59,943.96,981.17,1.82,2,ok
6265,20906,120.32,66.94,81.91,0.21,9,ok
6265,20908,59.95,77.93,21.53,0.10,9,ok
6266,20911,335.04,165.76,58.36,2.04,9,ok
6266,20915,436.25,355.39,163.66,0.56,1,ok
6267,17718,98.01,108.87,98.01,0.18,15,ok
6268,4269,324.23,260.95,252.46,0.89,4,ok
6268,5533,685.61,519.17,559.86,1.40,5,ok
6269,19137,301.00,125.84,0.00,1.16,9,no_coverage
6271,19220,153.10,108.20,153.10,0.87,10,ok
6272,19250,367.14,329.26,367.14,1.32,13,ok
6273,42093,287.08,295.20,287.08,1.38,1,ok
6273,6278,427.86,331.75,427.86,2.15,1,ok
6274,42082,480.30,425.94,480.30,1.33,5,ok
6275,5757,175.20,147.52,175.20,0.37,29,ok
6276,19191,568.42,545.20,568.42,1.97,4,ok
6277,19225,454.10,281.81,383.80,1.31,2,ok
6277,5488,460.15,238.61,460.15,1.21,5,ok
6278,19248,695.81,549.52,695.81,2.29,1,ok
6278,41561,190.11,173.60,190.11,0.77,5,ok
6279,19037,194.95,154.32,194.95,0.63,18,ok
6280,19198,128.74,168.18,128.74,0.36,17,ok
6281,41547,308.46,241.92,308.46,0.45,5,ok
6283,41565,277.53,237.70,277.53,0.95,8,ok
6284,41552,378.36,321.92,378.36,0.92,5,ok
6284,41553,358.17,192.55,358.17,0.87,9,ok
6285,5487,310.84,314.21,310.84,0.96,8,ok
6285,5755,310.84,254.42,310.84,0.96,23,ok
6290,19047,1280.52,792.81,378.48,2.93,3,ok
6291,42093,23.56,49.91,23.56,0.05,9,ok
6292,19214,55.96,83.47,55.96,0.15,8,ok
6298,6299,125.50,90.00,125.50,0.38,13,ok
6299,35420,613.76,439.90,613.76,1.78,13,ok
6300,6310,365.40,340.83,365.40,0.87,14,ok
6309,6311,218.09,193.80,218.09,0.61,13,ok
6310,49528,455.21,292.79,455.21,1.27,14,ok
6311,6298,422.52,295.35,422.52,1.12,13,ok
6314,7026,236.14,122.21,236.14,0.64,15,ok
6315,35420,654.86,327.71,654.86,1.92,15,ok
6319,49553,552.74,372.09,537.31,1.28,14,ok_undirected
6326,4970,225.74,209.84,225.74,0.49,9,ok_undirected
6326,6155,332.60,211.12,332.60,0.93,15,ok
6336,20322,1507.03,948.20,1498.45,1.76,9,ok
6336,20532,1463.27,1057.66,1454.68,1.66,9,ok
6337,20410,1041.14,883.37,14.33,1.66,1,ok
6338,6388,145.84,198.84,145.84,0.15,8,ok
6339,19673,664.63,381.05,664.63,0.95,19,ok
6341,5280,648.54,397.75,648.54,0.79,5,ok
6341,5662,464.58,425.27,464.58,0.59,16,ok
6342,18950,2210.36,1911.04,61.80,4.41,1,ok
6342,6347,1932.87,1632.36,224.47,3.85,2,ok
6343,5287,1447.23,1202.13,1447.23,1.77,1,ok
6343,5651,1447.23,1258.42,1447.23,1.77,2,ok
6344,6343,354.01,376.98,354.01,0.75,3,ok
6345,6352,1139.80,972.05,1081.74,2.24,2,ok
6346,19611,212.95,210.33,212.95,0.52,3,ok
6347,6345,302.72,292.40,302.72,0.65,2,ok
6349,18934,0.00,188.97,0.00,0.52,3,no_coverage
6350,50589,794.86,628.10,0.00,3.95,1,no_coverage
6350,6351,794.86,652.67,0.00,5.46,3,no_coverage
6351,20363,3195.14,2782.72,2675.02,3.28,2,ok
6351,4357,3215.58,2315.16,3215.58,3.59,5,ok
6351,4360,2487.82,2286.56,2487.82,2.08,1,ok
6352,6349,716.25,403.32,716.25,1.89,3,ok
6353,5275,262.06,138.91,262.06,0.24,1,ok_undirected
6354,5681,463.60,536.33,463.60,0.97,11,ok
6354,6355,648.18,574.88,648.18,1.39,8,ok
6355,5681,250.07,166.76,196.67,0.30,3,ok
6355,6356,381.23,310.54,327.83,0.50,8,ok
6356,19606,1439.29,1239.00,1439.29,2.02,3,ok
6356,5676,474.68,336.87,474.68,0.74,15,ok
6356,6354,266.95,281.92,266.95,0.40,5,ok
6357,5180,345.85,327.07,345.85,0.91,9,ok
6358,6359,429.21,288.07,429.21,0.85,4,ok
6359,5502,455.07,328.52,455.07,0.89,4,ok
6360,4503,548.17,470.61,548.17,1.31,3,ok
6360,5305,89.08,82.70,89.08,0.22,1,ok
6361,4802,1047.49,1031.15,1047.49,1.42,3,ok
6361,4803,1047.49,1000.47,1047.49,1.42,2,ok
6362,6376,3166.88,2998.44,3166.88,5.48,1,ok
6363,6365,543.93,313.23,543.93,1.56,7,ok
6364,6355,1271.70,978.56,1271.70,1.69,2,ok
6364,6356,1234.45,1235.11,1234.45,1.45,4,ok
6365,6367,362.25,275.95,362.25,0.82,7,ok
6366,6355,1632.71,1154.33,1632.71,2.49,1,ok
6366,6364,361.01,257.47,361.01,0.80,6,ok
6367,5691,1359.23,812.55,1359.23,2.43,7,ok
6368,6366,294.44,319.36,294.44,0.60,7,ok
6369,6368,325.11,249.67,325.11,0.70,6,ok
6370,5340,278.10,199.84,278.10,0.47,7,ok
6371,6370,347.45,356.51,347.45,1.17,7,ok
6372,6371,276.50,314.62,276.50,0.84,7,ok
6373,42111,1157.81,560.72,1157.81,3.30,1,ok_undirected
6373,5326,300.94,288.34,300.94,0.84,42,ok_undirected
6373,5342,401.62,201.44,401.62,1.20,11,ok_undirected
6373,5689,411.93,323.47,411.93,1.24,21,ok_undirected
6374,5692,2889.90,2764.41,2786.86,3.81,1,ok
6375,6374,238.73,178.78,50.14,1.92,1,ok
6376,6375,180.80,259.26,0.00,2.00,1,no_coverage
6377,48711,334.57,212.56,0.00,1.77,10,no_coverage
6377,5693,813.60,624.53,813.60,2.77,37,ok
6378,43945,242.27,241.19,242.27,0.59,33,ok
6380,6381,189.27,223.01,189.27,0.77,15,ok
6381,5396,121.39,113.82,121.39,0.58,15,ok
6382,17962,74.84,89.81,74.84,0.24,11,ok
6382,19023,304.22,249.02,304.22,0.79,1,ok
6382,19036,1023.68,519.96,1023.68,3.74,9,ok
6382,5489,471.86,372.30,401.56,1.16,10,ok
6382,5756,515.15,402.77,444.85,1.25,7,ok
6384,5493,217.18,268.39,217.18,0.37,30,ok
6384,5812,54.76,112.59,54.76,0.11,8,ok
6385,49385,337.19,328.61,337.19,1.13,37,ok
6387,35113,654.91,656.81,522.14,1.13,3,ok
6387,50682,909.49,850.82,909.49,2.12,8,ok
6388,5256,478.22,307.11,459.45,1.06,5,ok
6388,5257,304.23,293.75,304.23,0.59,3,ok
6389,17661,1017.90,878.13,1017.90,1.54,17,ok
6390,17669,216.46,204.50,216.46,0.60,28,ok
6391,17801,606.67,344.89,606.67,1.22,1,ok
6391,18770,222.25,165.17,222.25,0.39,14,ok
6392,18760,732.10,434.73,732.10,1.19,14,ok
6392,41632,369.94,408.80,369.94,0.59,3,ok
6393,6769,443.44,306.18,443.44,0.93,18,ok
6395,6398,375.08,314.10,375.08,0.94,10,ok
6396,6395,344.13,315.40,344.13,0.90,10,ok
6397,18015,356.20,199.66,356.20,0.76,8,ok
6398,5827,590.77,467.79,590.77,0.77,10,ok
6399,17977,256.25,253.93,256.25,0.47,10,ok
6400,18068,51.69,109.92,51.69,0.12,11,ok
6401,18036,441.03,369.46,441.03,1.36,18,ok
6402,6403,326.62,114.79,326.62,0.72,10,ok
6403,6811,353.07,309.64,353.07,0.75,10,ok
6405,18069,445.49,412.66,445.49,1.81,14,ok
6406,6407,268.62,214.39,268.62,0.59,11,ok
6407,6408,635.17,442.00,635.17,1.42,11,ok
6408,5831,921.36,586.08,626.72,2.15,1,ok
6408,6464,275.77,157.11,275.77,0.64,17,ok_undirected
6411,17570,115.96,95.60,115.96,0.52,22,ok
6411,17611,1223.11,836.13,1223.11,3.45,13,ok
6414,17882,325.75,322.42,325.75,1.17,3,ok
6417,44049,330.71,229.09,330.71,0.77,3,ok
6419,17841,3024.80,3010.86,3024.80,2.65,3,ok
6419,17842,3024.80,2989.78,3024.80,2.65,3,ok
6420,17840,1288.83,920.02,0.00,1.42,1,no_coverage
6420,17846,225.68,145.86,70.01,0.19,1,ok
6421,6420,145.20,187.44,0.00,0.45,2,no_coverage
6423,6424,145.52,154.40,0.00,0.05,2,no_coverage
6424,6425,142.13,138.39,0.00,0.61,2,no_coverage
6425,6426,235.00,213.88,0.00,1.00,2,no_coverage
6426,6427,176.32,127.19,0.00,0.47,1,no_coverage
6426,6635,883.75,572.03,272.50,0.71,1,ok
6427,6428,339.36,222.85,0.00,1.00,1,no_coverage
6428,6591,153.42,135.08,0.00,0.00,1,no_coverage
6430,6431,1345.04,618.11,1027.65,1.23,1,ok
6430,6592,1151.18,902.40,1151.18,1.04,2,ok
6431,6432,396.86,262.60,0.00,1.15,2,no_coverage
6432,5934,396.86,254.56,0.00,0.93,2,no_coverage
6433,17997,1367.33,1180.40,1367.33,1.83,3,ok
6435,6436,307.34,278.78,307.34,0.58,3,ok
6436,18043,320.40,304.29,241.16,0.75,1,ok
6436,18048,305.15,259.26,305.15,0.64,2,ok
6437,18144,431.70,411.53,0.00,0.98,1,no_coverage
6438,6441,246.36,213.01,246.36,0.45,5,ok
6441,6636,178.20,173.96,178.20,0.31,5,ok
6442,18018,342.27,352.92,0.00,0.92,4,no_coverage
6443,6431,2961.41,2398.30,0.00,2.27,1,no_coverage
6443,6456,2703.69,2207.53,0.00,2.00,3,no_coverage
6445,6421,287.91,221.40,0.00,0.48,2,no_coverage
6447,6448,267.11,364.42,0.00,0.83,2,no_coverage
6448,6449,617.87,378.13,0.00,1.12,2,no_coverage
6449,18048,3861.21,1529.74,72.64,4.59,1,ok
6449,6442,4004.52,1618.22,0.00,9.17,1,no_coverage
6450,18165,639.71,528.10,321.93,0.89,3,ok
6450,7204,3211.92,1855.16,2795.63,3.29,2,ok
6451,18243,1056.60,654.53,1056.60,0.96,2,ok
6452,18252,308.36,365.53,308.36,0.55,5,ok
6453,18257,315.84,276.43,315.84,0.78,3,ok
6453,7250,5449.12,3933.24,5449.12,5.54,2,ok
6454,7203,0.00,404.35,0.00,0.10,3,no_coverage
6455,6443,889.86,899.78,0.00,0.71,4,no_coverage
6456,17884,1421.48,1218.95,0.00,1.00,3,no_coverage
6456,6423,1524.09,1190.92,0.00,2.00,1,no_coverage
6458,6460,357.52,295.79,357.52,0.84,2,ok
6459,38917,417.15,311.03,417.15,0.71,2,ok
6460,38918,7841.53,1851.52,4787.41,8.87,1,ok
6460,6462,4532.42,4108.95,4341.29,4.78,1,ok
6461,38918,541.71,396.16,541.71,1.84,1,ok_undirected
6462,17747,6228.46,2848.63,6228.46,6.90,1,ok
6462,17769,2758.05,2664.67,2758.05,2.69,1,ok
6463,42112,555.59,399.65,555.59,0.69,7,ok
6463,6392,421.25,312.01,421.25,0.42,1,ok
6464,6465,781.98,549.64,781.98,1.74,17,ok
6465,18054,515.57,457.24,515.57,1.44,7,ok
6465,5829,496.53,389.22,496.53,1.43,18,ok
6466,6408,436.94,264.72,436.94,1.10,7,ok
6467,6468,455.74,247.69,455.74,0.95,9,ok
6468,6469,300.11,261.87,300.11,0.59,10,ok
6469,6470,247.35,242.53,247.35,0.51,10,ok
6470,18162,216.39,104.10,0.00,0.34,10,no_coverage
6471,18090,2289.47,1562.56,2244.20,2.74,1,ok
6471,18136,566.57,473.27,566.57,0.91,6,ok
6471,18140,541.59,377.01,513.62,0.89,3,ok
6473,6750,1798.93,1549.39,0.00,1.55,2,no_coverage
6474,17904,6931.21,6712.95,6931.21,4.80,20,ok
6474,43602,7031.68,6716.48,7031.68,5.45,3,ok
6476,6609,36.10,32.41,36.10,0.11,7,ok
6478,17804,4911.27,2483.88,4890.09,4.43,2,ok
6478,17833,1189.13,1098.09,1177.04,1.19,34,ok_undirected
6479,50030,451.83,439.02,451.83,0.94,6,ok
6480,7230,793.33,687.85,793.33,1.22,10,ok
6481,17963,288.28,137.85,288.28,0.69,2,ok_undirected
6481,6482,375.41,241.85,375.41,0.82,3,ok
6481,7231,463.29,280.18,463.29,1.11,3,ok_undirected
6482,7207,1060.04,1061.39,1060.04,2.14,8,ok
6483,17976,413.85,276.88,413.85,0.80,3,ok
6483,17981,116.67,74.02,116.67,0.26,2,ok_undirected
6483,5972,499.95,399.10,30.29,0.89,4,ok
6483,7232,156.10,101.50,156.10,0.32,11,ok
6484,6485,357.95,289.17,357.95,0.84,58,ok
6485,6486,202.27,220.12,202.27,0.44,58,ok
6486,18002,694.71,436.50,694.71,1.78,10,ok
6486,18015,332.04,270.09,332.04,0.78,48,ok
6487,6687,299.03,322.78,299.03,0.61,4,ok
6487,6691,777.89,699.18,777.89,2.12,1,ok
6488,6686,537.14,611.35,537.14,0.77,4,ok
6489,50068,447.04,348.92,447.04,0.87,5,ok
6490,18181,321.39,229.64,321.39,0.70,6,ok
6490,6491,654.36,558.32,654.36,1.43,1,ok
6491,6492,334.25,126.55,334.25,0.76,7,ok
6492,18182,248.95,179.89,248.95,0.53,7,ok
6493,5933,330.82,311.71,330.82,1.40,7,ok
6497,18206,314.19,276.79,314.19,0.61,9,ok
6500,20264,429.68,419.44,429.68,0.88,9,ok
6501,6502,536.58,289.59,536.58,2.48,9,ok
6502,7293,574.31,376.56,574.31,1.63,9,ok
6503,6505,432.43,338.44,432.43,0.52,4,ok
6503,6574,758.42,670.92,758.42,0.90,5,ok
6505,17764,1687.62,883.63,1678.78,4.48,10,ok
6505,42142,1072.48,782.24,1045.54,3.60,1,ok
6506,20230,591.27,563.59,591.27,1.09,9,ok
6512,18736,393.21,359.14,133.65,0.35,2,ok
6512,20795,1789.02,1223.73,1529.45,1.65,2,ok
6513,6514,70.55,122.96,70.55,0.26,12,ok
6514,6518,515.97,437.55,515.97,1.94,12,ok
6517,18864,229.85,219.38,229.85,0.67,12,ok
6518,6517,171.19,179.02,171.19,0.73,12,ok
6519,6520,460.37,443.37,460.37,1.04,9,ok
6520,6521,297.68,246.18,297.68,0.67,9,ok
6521,6522,443.06,368.08,443.06,1.05,9,ok
6522,17816,350.81,244.75,350.81,0.63,9,ok
6523,17799,266.27,302.32,81.72,0.49,5,ok
6523,19582,310.41,346.56,117.00,0.57,4,ok
6524,6525,282.86,283.58,282.86,0.66,20,ok
6525,20112,178.24,145.10,178.24,0.47,16,ok
6525,6526,365.35,324.02,365.35,0.93,4,ok
6526,35505,1195.45,879.35,668.36,3.13,3,ok
6526,5510,21.29,58.40,21.29,0.05,10,ok
6526,6045,96.89,118.18,96.89,0.27,3,ok
6526,6508,1334.45,819.56,789.87,3.69,1,ok
6529,6531,286.42,256.61,286.42,0.51,21,ok
6530,7020,439.05,357.01,439.05,0.93,16,ok
6531,7021,242.50,205.90,242.50,0.46,21,ok
6534,18835,220.94,119.47,220.94,0.42,24,ok
6534,37272,111.18,81.03,111.18,0.17,5,ok
6537,40995,318.38,219.45,318.38,0.84,4,ok
6538,6537,237.11,215.92,237.11,0.58,4,ok
6541,17815,432.08,408.26,432.08,0.99,17,ok
6542,6543,283.48,289.55,283.48,0.70,32,ok
6543,40987,530.23,496.20,530.23,1.31,6,ok
6543,6544,183.87,180.08,183.87,0.67,28,ok
6544,6545,229.56,217.13,229.56,0.73,28,ok
6545,6546,267.55,211.73,267.55,0.98,34,ok
6546,6547,171.01,168.95,171.01,0.77,34,ok
6547,6548,96.66,125.78,96.66,0.42,34,ok
6548,6549,188.20,135.95,188.20,0.87,34,ok
6549,42020,204.50,131.16,204.50,0.92,34,ok
6550,20212,127.22,70.32,127.22,0.40,2,ok
6551,6552,269.89,281.29,269.89,0.74,17,ok
6552,6553,250.06,202.31,250.06,0.73,17,ok
6553,17961,482.90,363.47,482.90,1.21,12,ok
6553,20215,166.03,170.67,166.03,0.43,1,ok
6553,41007,473.95,446.03,473.95,1.25,4,ok
6554,6555,445.38,307.76,445.38,1.19,12,ok
6555,6556,161.07,175.93,161.07,0.46,12,ok
6556,6557,457.63,335.19,457.63,1.61,12,ok
6557,44443,412.52,370.46,412.52,1.12,12,ok
6562,6563,130.43,138.79,130.43,0.30,6,ok
6563,17922,479.98,482.63,479.98,0.83,2,ok_undirected
6563,18860,258.48,88.99,258.48,0.45,4,ok
6564,5821,154.46,128.50,154.46,0.32,16,ok_undirected
6565,6568,295.07,298.63,295.07,0.69,14,ok
6566,6570,224.34,200.96,224.34,0.42,14,ok
6567,6565,140.91,129.52,140.91,0.33,14,ok
6568,39973,1052.27,885.39,908.79,2.43,14,ok
6569,7240,552.85,531.49,552.85,1.06,14,ok
6570,6569,211.64,223.72,211.64,0.46,14,ok
6573,17913,190.79,192.34,190.79,0.33,13,ok
6573,18860,498.32,456.51,498.32,0.87,2,ok
6573,6538,542.93,534.29,542.93,0.95,2,ok
6574,17747,1574.34,1505.16,1574.34,2.11,11,ok_undirected
6575,17758,331.47,339.44,292.97,0.61,4,ok
6575,6505,261.65,282.33,261.65,0.50,5,ok
6578,17532,172.87,168.94,172.87,0.53,21,ok_undirected
6581,18611,205.97,200.78,205.97,0.52,23,ok
6581,6248,243.75,91.18,144.33,0.63,2,ok
6583,18223,392.50,487.51,379.18,0.98,2,ok
6583,18227,317.06,266.82,294.81,0.79,2,ok
6583,18232,160.73,183.46,147.40,0.39,9,ok
6588,18754,540.98,565.53,540.98,1.08,1,ok
6588,49307,521.05,395.15,521.05,0.40,16,ok
6589,17790,283.37,326.51,233.31,0.25,1,ok
6589,17796,325.10,303.85,275.04,0.29,1,ok
6590,17875,560.23,406.44,0.00,1.09,3,no_coverage
6591,6430,345.00,370.22,345.00,0.29,3,ok
6592,6433,2580.16,2192.57,2580.16,2.40,3,ok
6593,18005,447.17,302.80,447.17,1.07,8,ok_undirected
6597,6624,384.18,282.41,384.18,1.09,8,ok
6598,6497,95.39,161.45,95.39,0.19,9,ok
6600,17866,378.06,326.97,0.00,0.94,3,no_coverage
6601,18197,1198.02,760.99,1198.02,2.06,6,ok
6602,7253,202.59,232.39,0.00,0.41,3,no_coverage
6604,18130,1826.85,1139.52,1826.85,2.61,2,ok
6604,39677,,702.14,,1.98,1,unreachable
6604,6755,2535.04,1137.44,2535.04,4.02,8,ok
6605,17811,2002.61,1004.62,2002.61,3.48,1,ok
6607,39675,228.66,179.80,228.66,0.59,11,ok
6608,18139,222.29,135.69,222.29,0.52,11,ok
6609,39661,654.43,464.42,654.43,1.18,1,ok
6609,6749,195.01,163.72,195.01,0.47,14,ok
6610,6604,357.13,281.27,357.13,0.66,11,ok
6611,18158,483.30,419.16,483.30,0.70,138,ok
6612,17916,297.87,277.01,0.00,0.33,1,no_coverage
6615,18129,332.02,316.31,332.02,0.92,5,ok
6615,6755,1102.33,802.01,1102.33,2.50,6,ok
6617,6473,199.69,138.44,0.00,0.22,2,no_coverage
6617,6748,2375.06,1546.10,376.44,5.09,1,ok
6618,44243,379.22,233.87,379.22,1.76,12,ok
6618,5575,429.30,226.67,429.30,2.14,22,ok_undirected
6619,17553,255.59,285.72,255.59,0.93,23,ok_undirected
6620,18020,182.59,91.70,182.59,0.54,29,ok
6620,18027,427.92,339.92,427.92,1.13,18,ok
6621,19713,441.09,492.84,426.28,0.73,4,ok_undirected
6622,6597,258.90,314.50,258.90,0.56,8,ok
6623,5828,476.94,339.10,476.94,1.05,19,ok
6623,6405,554.71,396.73,554.71,1.30,10,ok
6624,6593,164.40,182.83,164.40,0.48,8,ok
6625,18059,1353.50,240.15,1353.50,3.12,11,ok
6627,17611,206.57,166.00,206.57,0.76,13,ok
6627,19713,90.08,140.11,90.08,0.26,14,ok_undirected
6628,6629,349.53,235.92,0.00,1.06,6,no_coverage
6629,44045,596.55,441.19,596.55,1.76,3,ok
6629,6630,210.45,152.67,210.45,0.68,3,ok
6630,6628,139.08,122.51,139.08,0.29,3,ok
6635,17884,321.34,347.16,0.00,0.45,1,no_coverage
6636,6450,4568.24,2802.60,4568.24,6.08,2,ok
6636,6637,285.17,255.87,285.17,0.66,3,ok
6637,5939,189.61,134.11,0.00,0.20,6,no_coverage
6638,6602,624.56,391.82,0.00,1.50,2,no_coverage
6640,6643,724.90,656.17,0.00,1.33,2,no_coverage
6641,18277,3910.58,3357.16,3910.58,5.06,7,ok
6643,17852,521.40,559.86,0.00,1.00,1,no_coverage
6643,17857,495.17,429.25,0.00,1.47,2,no_coverage
6644,38963,1015.16,407.91,1015.16,1.96,3,ok
6646,17958,2140.31,1532.33,2140.31,3.45,13,ok
6648,6649,182.35,164.38,182.35,0.30,12,ok
6649,6650,132.26,137.17,132.26,0.20,12,ok
6650,6651,324.26,283.47,324.26,0.52,12,ok
6651,6652,940.55,736.47,940.55,1.71,12,ok
6652,37183,568.04,508.11,183.31,1.48,1,ok
6652,6653,264.82,179.33,264.82,0.92,11,ok
6653,6654,397.44,223.63,397.44,1.13,11,ok
6654,37183,205.57,262.60,205.57,0.57,11,ok
6655,6656,210.27,242.89,210.27,0.54,12,ok
6656,18174,1395.72,1291.36,361.68,3.60,4,ok
6656,6598,545.65,93.33,545.65,1.22,7,ok
6657,6658,441.02,308.24,347.48,0.91,9,ok
6658,6659,502.11,315.43,502.11,1.66,8,ok
6658,6663,989.42,723.31,596.10,3.18,1,ok
6659,6660,86.62,125.09,86.62,0.23,8,ok
6660,6661,140.24,100.57,140.24,0.41,8,ok
6661,6662,257.20,214.41,257.20,0.85,8,ok
6662,6663,294.46,261.30,294.46,0.87,8,ok
6663,6664,910.92,653.76,910.92,1.84,9,ok
6664,6665,285.58,190.61,285.58,0.46,9,ok
6665,6666,66.59,125.32,66.59,0.12,9,ok
6666,6667,286.70,286.00,286.70,0.57,9,ok
6667,39883,277.68,194.30,277.68,0.49,6,ok
6667,49349,882.92,740.75,882.92,1.14,3,ok
6668,40587,488.39,411.33,445.79,1.01,14,ok
6670,6671,507.24,512.74,507.24,1.22,14,ok
6671,50811,110.57,107.96,110.57,0.27,14,ok
6672,6674,591.55,394.58,591.55,2.13,10,ok
6674,6675,185.50,182.66,185.50,0.65,14,ok
6675,6676,155.77,186.58,155.77,0.54,14,ok
6676,6677,303.19,165.93,303.19,0.89,14,ok
6677,6685,503.67,270.27,503.67,1.43,14,ok
6678,6679,340.10,278.35,340.10,0.91,14,ok
6679,40595,409.83,371.27,409.83,0.90,14,ok
6680,40596,430.62,294.09,430.62,1.09,14,ok
6685,40592,91.02,101.97,91.02,0.25,11,ok
6685,6678,367.92,326.66,367.92,0.98,3,ok
6686,6487,693.99,550.46,693.99,1.13,5,ok
6687,6691,478.87,376.42,478.87,1.51,4,ok
6688,6692,286.68,256.51,286.68,0.92,5,ok
6689,6738,149.81,90.61,149.81,0.61,10,ok
6690,6688,145.64,115.98,145.64,0.40,5,ok
6691,6690,329.42,290.52,329.42,1.06,5,ok
6692,37172,2873.33,1473.43,2873.33,4.38,1,ok
6692,6693,408.94,372.30,408.94,0.72,4,ok
6693,37172,2464.39,1122.39,2464.39,3.67,4,ok
6695,39957,240.55,210.04,240.55,0.54,4,ok
6695,6697,557.27,593.92,557.27,1.25,6,ok
6697,50870,565.05,532.78,565.05,0.90,6,ok
6703,6704,338.80,315.53,338.80,0.98,27,ok
6704,6705,184.50,200.91,184.50,0.64,27,ok
6705,34210,214.54,203.05,214.54,0.71,15,ok
6705,6706,612.02,370.81,612.02,2.22,12,ok
6706,20108,247.67,215.43,247.67,0.63,20,ok
6707,20768,2599.14,1996.47,2599.14,5.17,4,ok
6707,6708,1132.01,1082.95,1132.01,1.29,29,ok
6708,20219,1037.44,1039.36,1037.44,1.73,24,ok
6708,20766,1125.32,653.91,1125.32,3.04,7,ok
6711,20175,395.14,289.25,395.14,1.06,8,ok
6711,6712,346.89,330.85,346.89,0.93,4,ok
6712,18821,2029.98,1874.49,2029.98,3.33,4,ok_undirected
6712,6713,2032.09,1924.83,2032.09,3.45,12,ok
6713,19702,3338.39,3118.72,3338.39,10.02,49,ok
6713,19765,3238.42,3155.80,3238.42,9.77,12,ok
6713,20855,4662.09,3458.66,4662.09,19.29,10,ok
6713,38553,5142.25,3514.92,5142.25,20.90,22,ok
6715,6716,331.92,251.72,331.92,0.69,47,ok
6715,6717,471.29,337.60,471.29,1.03,2,ok
6716,34157,460.49,410.82,460.49,1.10,24,ok_undirected
6716,6717,139.37,183.42,139.37,0.34,53,ok
6717,20195,557.32,350.71,557.32,1.32,5,ok
6717,34157,321.12,238.28,321.12,0.76,46,ok_undirected
6717,34158,757.69,621.10,757.69,1.63,4,ok
6718,20534,480.76,337.65,398.00,1.37,93,ok_undirected
6719,34159,133.59,111.60,133.59,0.45,80,ok_undirected
6720,6721,499.37,294.78,499.37,1.37,40,ok
6721,18821,3720.64,3344.50,3720.64,11.02,1,ok_undirected
6721,38356,733.38,704.12,733.38,1.97,15,ok
6721,6722,457.59,482.11,457.59,1.19,44,ok_undirected
6722,18821,3263.05,3172.23,3263.05,9.83,37,ok_undirected
6722,20855,2429.06,1923.16,2429.06,9.81,5,ok
6722,6723,3363.84,3088.20,3363.84,3.30,12,ok
6723,20175,2069.29,1934.41,2069.29,3.85,12,ok
6723,6724,2013.49,1861.78,2013.49,3.68,2,ok
6724,6725,194.90,217.47,194.90,0.46,8,ok
6725,40495,123.22,118.93,123.22,0.30,8,ok
6728,20105,1783.71,1024.47,1783.71,2.70,12,ok
6728,20152,1566.99,995.22,1566.99,2.44,11,ok
6732,6733,253.00,244.38,253.00,0.73,4,ok
6733,6734,677.74,608.11,677.74,1.58,4,ok
6734,35554,1817.98,1447.88,131.35,7.84,1,ok
6734,6735,2393.55,1221.51,2393.55,3.60,3,ok
6735,6736,220.44,194.43,220.44,0.58,10,ok
6736,6689,298.73,315.47,298.73,0.88,2,ok
6736,6737,195.08,204.51,195.08,0.54,8,ok
6737,6689,103.65,118.39,103.65,0.34,8,ok
6738,6739,330.43,308.15,330.43,1.11,10,ok
6739,6480,618.67,531.04,618.67,1.32,10,ok
6740,4168,173.84,141.24,173.84,0.51,10,ok
6740,6742,242.37,167.71,242.37,0.75,21,ok
6741,34159,796.18,595.73,713.42,2.37,1,ok_undirected
6741,6740,203.97,166.08,203.97,0.65,16,ok
6742,19831,283.14,292.06,283.14,0.74,48,ok
6742,6763,499.65,394.75,499.65,1.35,3,ok
6743,40912,432.77,328.20,432.77,0.52,3,ok
6744,16925,5954.08,4490.39,5954.08,5.57,5,ok
6746,6763,407.42,165.95,407.42,1.19,17,ok
6747,18185,651.74,463.64,651.74,1.48,6,ok
6747,18233,4669.90,3247.46,4669.90,8.10,2,ok
6748,39664,758.36,337.02,97.97,1.65,3,ok
6748,6476,231.10,192.83,231.10,0.55,4,ok
6749,18022,11720.46,5190.39,11720.46,16.26,3,ok
6749,18062,3353.27,2396.81,344.43,5.68,2,ok
6749,39661,459.42,415.80,459.42,0.71,8,ok
6750,6748,376.44,368.40,376.44,0.81,2,ok
6751,6753,265.64,260.04,265.64,0.62,3,ok
6752,44044,43.94,168.56,43.94,0.14,3,ok
6753,6754,258.56,208.49,258.56,0.53,3,ok
6754,6752,527.56,362.31,527.56,1.33,3,ok
6755,6756,276.35,191.38,276.35,0.88,21,ok
6756,6757,375.73,300.21,375.73,0.95,21,ok
6757,6758,225.32,230.90,225.32,0.48,21,ok
6758,6759,211.77,208.90,211.77,0.41,18,ok
6759,18129,679.65,542.34,679.65,1.25,10,ok
6759,18130,662.72,514.40,662.72,1.24,8,ok
6760,20534,492.82,271.89,492.82,2.20,21,ok
6760,6741,191.46,195.40,191.46,0.60,17,ok
6761,6760,170.58,177.41,170.58,0.58,37,ok
6762,42197,670.83,471.96,670.83,1.67,12,ok
6762,6760,644.86,428.55,644.86,1.86,1,ok
6762,6761,474.28,332.76,474.28,1.28,12,ok
6763,6764,343.76,262.99,343.76,1.08,38,ok
6764,19526,271.96,259.83,271.96,0.69,20,ok
6764,6765,332.16,325.31,332.16,0.99,18,ok
6765,4169,518.23,411.13,518.23,1.35,18,ok
6765,42192,353.08,213.08,353.08,0.97,13,ok
6769,6771,257.36,201.67,257.36,0.74,18,ok
6770,6777,1088.25,580.25,1088.25,2.08,11,ok
6770,6792,658.40,572.44,658.40,1.51,7,ok
6773,20106,535.92,419.74,535.92,1.50,4,ok
6773,40744,308.12,268.94,308.12,0.87,2,ok
6773,6524,1244.66,445.14,1244.66,2.96,3,ok
6774,6773,328.34,335.30,328.34,0.89,10,ok
6775,6774,325.81,312.23,325.81,0.87,10,ok
6777,5830,248.88,194.83,248.88,0.69,11,ok
6790,6672,131.45,137.74,131.45,0.45,10,ok
6790,6674,723.00,527.98,723.00,2.59,4,ok
6791,6792,490.61,391.31,490.61,0.88,11,ok
6792,6830,794.21,289.28,794.21,1.42,18,ok
6794,18020,434.15,365.21,434.15,1.14,18,ok_undirected
6795,39879,53.06,43.08,53.06,0.20,6,ok
6795,6796,460.21,198.18,460.21,1.09,7,ok
6796,6797,0.00,76.59,0.00,0.68,14,no_coverage
6797,39876,104.74,160.25,104.74,0.22,8,ok
6798,6799,102.56,102.05,102.56,0.30,16,ok
6799,18128,756.22,657.82,717.49,1.51,1,ok
6799,39878,306.31,255.76,306.31,0.73,8,ok
6799,6800,306.31,300.56,306.31,0.73,7,ok
6800,39877,126.03,62.81,126.03,0.25,15,ok
6802,6803,323.61,179.34,323.61,0.76,10,ok
6803,6813,438.78,292.22,438.78,0.91,10,ok
6805,6806,345.86,327.62,345.86,0.79,7,ok
6806,43621,1554.10,422.29,1554.10,3.11,7,ok
6811,6812,268.62,220.60,268.62,0.64,10,ok
6812,5831,429.25,165.00,429.25,1.19,10,ok
6813,6817,881.95,586.69,881.95,1.51,10,ok
6817,18016,325.79,278.92,325.79,0.70,10,ok
6830,6831,304.14,311.97,304.14,0.65,18,ok
6831,6832,346.98,321.42,346.98,0.69,18,ok
6832,6833,266.83,229.32,266.83,0.68,18,ok
6833,6794,320.47,215.22,320.47,0.72,18,ok_undirected
6834,6835,266.83,272.49,266.83,0.47,18,ok
6835,6836,258.81,248.21,258.81,0.45,18,ok
6836,6837,373.80,288.67,373.80,0.76,18,ok
6837,6838,496.85,270.30,496.85,0.95,18,ok
6838,6839,328.20,259.09,328.20,0.59,18,ok
6839,6393,700.18,624.43,700.18,1.64,8,ok
6839,6840,387.54,420.11,387.54,0.81,10,ok
6840,50996,509.33,406.41,509.33,0.87,10,ok
6843,18032,892.15,375.89,892.15,2.01,6,ok
6843,5828,315.61,139.20,315.61,0.78,1,ok
6845,20431,221.79,142.03,221.79,0.62,1,ok
6845,20484,264.15,173.63,264.15,0.72,16,ok
6847,18117,443.29,269.03,443.29,1.32,2,ok_undirected
6848,20601,321.28,310.64,321.28,0.64,3,ok
6848,6016,586.92,160.56,586.92,1.29,1,ok
6850,18724,2647.34,2488.72,2647.34,2.23,2,ok
6850,18727,2639.19,2555.26,2639.19,2.24,38,ok_undirected
6851,19740,406.78,319.39,406.78,0.99,14,ok
6851,20394,455.93,213.60,455.93,1.06,5,ok
6853,4891,1213.00,925.96,1213.00,2.29,21,ok
6855,35421,130.49,133.46,130.49,0.36,15,ok
6858,50521,338.02,238.99,338.02,1.04,15,ok
6859,6315,1313.18,76.98,1313.18,4.08,15,ok
6860,4565,426.75,294.69,426.75,1.25,14,ok_undirected
6861,6862,311.39,225.00,311.39,1.00,13,ok_undirected
6862,6160,169.23,184.63,169.23,0.52,13,ok
6862,6859,351.00,349.27,351.00,1.23,15,ok
6863,35419,242.23,226.97,242.23,0.63,15,ok
6863,6860,356.35,238.54,356.35,1.01,14,ok
6864,4746,2194.90,1933.03,2194.90,1.96,31,ok_undirected
6865,20011,5175.02,4045.06,5146.52,5.75,1,ok
6868,18311,1190.91,532.22,1166.38,1.39,2,ok
6868,18777,1346.73,1155.40,964.66,1.45,1,ok
6869,18657,776.19,692.11,766.31,0.76,2,ok
6869,18749,681.46,664.68,681.46,0.67,1,ok
6870,6868,572.03,634.52,572.03,0.46,3,ok
6872,50842,1402.90,1002.40,1402.90,2.88,3,ok
6873,18775,71.04,164.38,71.04,0.06,2,ok
6873,6872,68.08,186.28,68.08,0.06,1,ok
6874,18773,499.12,444.93,499.12,0.74,1,ok
6874,6879,477.13,436.09,477.13,0.75,2,ok_undirected
6875,6878,1196.51,708.03,1196.51,3.28,1,ok_undirected
6877,17053,6535.70,5136.36,6535.70,7.14,3,ok
6877,17090,8185.77,6500.92,8185.77,11.12,2,ok
6877,6875,860.81,618.82,860.81,1.33,1,ok
6877,6878,335.70,345.61,335.70,0.64,2,ok_undirected
6878,18772,557.57,237.48,557.57,1.12,1,ok
6878,18773,528.48,291.82,528.48,1.10,7,ok
6878,6882,931.56,817.14,931.56,1.79,2,ok_undirected
6879,4870,623.96,427.92,609.28,1.38,6,ok
6879,6877,711.89,509.18,697.20,1.54,6,ok
6879,6878,376.19,166.41,361.50,0.90,3,ok
6881,6879,1200.53,546.11,1200.53,2.45,13,ok
6882,20641,2329.91,985.62,2309.15,4.18,7,ok
6883,41186,589.36,442.90,589.36,1.27,15,ok
6883,41188,922.25,755.42,922.25,1.81,13,ok
6883,6881,1341.92,1117.42,1341.92,2.51,12,ok
6885,6886,201.02,123.19,201.02,0.42,3,ok_undirected
6886,20572,539.42,242.59,539.42,1.37,18,ok
6886,20576,223.54,163.22,223.54,0.52,12,ok_undirected
6886,20577,687.96,304.10,687.96,1.77,21,ok
6887,20639,292.49,201.54,285.50,0.72,27,ok
6889,20571,206.03,197.48,206.03,0.59,39,ok
6890,6889,139.35,139.31,139.35,0.36,17,ok
6892,20783,261.94,243.20,261.94,0.53,17,ok
6893,6976,194.24,171.20,194.24,0.68,1,ok
6894,20476,181.04,230.67,181.04,0.62,1,ok
6895,19458,144.30,148.79,144.30,0.62,26,ok
6895,19769,161.56,174.81,161.56,0.51,43,ok_undirected
6900,19454,589.82,536.75,589.82,1.85,5,ok
6900,19456,220.34,196.80,220.34,0.73,3,ok
6901,6900,221.97,188.13,221.97,0.66,8,ok
6902,19799,536.29,388.26,536.29,1.26,3,ok
6902,6901,699.05,677.04,699.05,1.83,8,ok
6904,6972,599.25,593.66,599.25,1.67,8,ok
6905,19463,243.89,202.82,243.89,0.43,8,ok
6908,19769,539.84,395.06,539.84,2.83,26,ok_undirected
6908,4198,698.15,549.75,698.15,3.42,29,ok
6909,19775,92.22,96.83,92.22,0.22,5,ok
6909,6908,207.99,116.58,207.99,0.53,3,ok
6913,18787,1151.97,930.59,1151.97,2.03,8,ok
6916,18910,289.93,213.98,90.54,1.29,6,ok_undirected
6916,6917,1012.55,545.26,1012.55,4.32,3,ok
6917,19684,473.10,411.79,473.10,0.94,3,ok
6919,20561,199.08,191.19,0.00,0.68,1,no_coverage
6922,19681,1444.11,1377.24,17.46,3.02,1,ok
6923,6925,912.11,843.28,912.11,1.95,3,ok
6925,6926,405.89,355.82,405.89,0.67,3,ok
6926,40817,3441.05,2419.82,3441.05,4.77,3,ok
6927,6922,1012.74,1032.46,0.00,2.52,1,no_coverage
6928,6927,631.36,527.14,0.00,1.08,1,no_coverage
6929,6930,308.91,300.83,0.00,1.23,1,no_coverage
6930,6931,421.89,331.62,0.00,1.05,1,no_coverage
6931,2777,1232.55,925.33,30.88,2.22,1,ok
6936,17005,1217.04,1070.51,347.93,2.92,2,ok
6937,18795,4634.93,2963.61,517.46,10.24,2,ok
6940,18795,1764.51,1459.61,1764.51,3.01,2,ok
6943,19727,441.46,400.12,441.46,1.23,8,ok
6944,20663,600.48,361.82,600.48,1.07,7,ok
6945,20658,454.31,491.55,454.31,1.09,9,ok
6946,6945,479.11,319.05,479.11,0.99,6,ok
6946,6951,282.51,362.02,282.51,0.44,7,ok
6947,6948,600.82,493.51,600.82,1.15,13,ok
6948,6949,365.96,274.80,365.96,0.67,13,ok
6949,6950,375.76,246.54,375.76,0.80,13,ok
6950,6946,358.52,285.66,358.52,0.74,13,ok
6951,40283,1372.15,1256.34,1372.15,2.16,13,ok
6952,20663,1341.47,1014.38,1341.47,2.06,6,ok
6952,6951,1048.19,854.61,1048.19,1.49,6,ok
6953,20675,890.75,776.69,890.75,1.00,9,ok
6955,17006,532.54,324.74,532.54,1.06,4,ok
6956,2813,437.62,240.79,437.62,1.04,16,ok
6956,3053,437.62,255.46,437.62,1.04,3,ok
6960,6070,537.18,147.09,537.18,2.06,5,ok
6962,20675,6007.91,3880.60,5995.81,5.37,4,ok
6963,6964,298.69,68.70,298.69,1.06,8,ok
6964,38565,465.30,375.25,465.30,1.30,8,ok
6965,6175,298.69,44.45,181.69,0.84,6,ok
6966,6967,279.73,235.91,279.73,1.21,9,ok
6967,17184,445.90,459.92,445.90,1.13,9,ok
6968,7187,167.68,193.11,0.00,0.68,10,no_coverage
6969,20414,1406.31,1354.71,1406.31,5.04,2,ok
6971,20574,2378.87,2082.94,2378.87,4.04,5,ok
6972,19461,539.16,307.16,539.16,1.44,8,ok
6973,20591,584.41,213.82,584.41,1.57,31,ok
6974,20589,309.60,220.63,53.39,0.83,30,ok
6974,6894,118.16,113.81,0.00,1.00,1,no_coverage
6976,20585,293.87,252.05,293.87,0.72,31,ok
6978,20097,819.24,620.88,490.26,0.95,3,ok
6981,6978,0.00,114.46,0.00,0.19,3,no_coverage
6984,6965,218.94,187.38,218.94,0.60,6,ok
6985,20385,787.32,666.37,787.32,2.22,7,ok
6985,6902,379.03,260.89,379.03,0.92,7,ok
6997,7176,482.15,353.69,482.15,1.25,4,ok
6998,18821,4924.98,3603.44,4918.65,5.30,24,ok_undirected
6998,20856,503.77,512.99,503.77,1.61,34,ok_undirected
6999,34305,319.60,233.69,319.60,0.95,17,ok
7000,20617,349.33,239.02,349.33,1.04,35,ok_undirected
7001,7000,316.58,240.42,316.58,0.96,35,ok
7002,17983,210.43,146.66,210.43,0.40,25,ok
7002,20702,617.51,327.32,617.51,1.65,13,ok
7002,4227,297.35,225.25,297.35,0.68,1,ok
7009,20234,544.11,276.64,536.90,1.46,18,ok
7011,18108,262.69,311.11,262.69,0.43,18,ok_undirected
7012,20190,246.98,187.10,246.98,0.77,26,ok_undirected
7013,20647,218.67,194.10,218.67,0.51,1,ok_undirected
7013,37612,634.93,444.28,621.86,1.41,8,ok_undirected
7013,6016,1104.10,367.11,1104.10,2.95,1,ok
7014,20232,949.30,595.39,949.30,1.73,10,ok
7016,7017,257.03,201.74,257.03,0.30,17,ok
7017,7018,482.71,448.61,482.71,0.88,21,ok
7018,7019,514.29,155.23,514.29,1.22,21,ok
7019,6529,239.99,238.98,239.99,0.53,21,ok
7020,7022,314.16,208.81,314.16,0.53,20,ok
7021,35270,302.53,237.33,302.53,0.65,7,ok
7021,6530,54.50,86.60,54.50,0.11,14,ok
7022,7017,424.13,159.84,424.13,0.63,4,ok
7022,7023,253.15,299.82,253.15,0.38,16,ok
7023,18627,272.56,140.26,272.56,0.41,11,ok
7023,18629,317.56,236.68,317.56,0.48,5,ok
7026,6863,276.63,294.00,276.63,0.75,15,ok
7028,49601,919.04,905.66,919.04,2.25,2,ok
7028,6064,241.10,100.02,241.10,0.64,19,ok_undirected
7028,7029,413.57,368.93,413.57,1.00,3,ok_undirected
7028,7030,1604.24,1395.63,1604.24,4.08,1,ok
7029,39016,289.06,296.44,289.06,0.71,14,ok_undirected
7030,20372,275.76,338.94,275.76,0.85,25,ok
7032,20912,3861.05,2078.37,3861.05,4.91,2,ok
7032,20920,2308.43,1842.78,2299.43,3.40,6,ok
7034,39017,756.58,715.13,756.58,1.44,3,ok
7034,40513,387.05,144.47,387.05,0.91,2,ok
7034,51222,314.67,322.67,314.67,0.71,12,ok
7035,6060,302.89,224.44,302.89,0.81,4,ok
7035,6066,29.66,76.79,29.66,0.08,15,ok
7035,7036,338.01,378.08,338.01,0.94,5,ok
7036,39003,197.42,181.61,197.42,0.60,43,ok
7038,7039,1559.93,1428.35,638.18,2.72,1,ok
7039,40986,643.95,370.06,643.95,1.54,6,ok
7039,7040,1683.94,1551.77,25.92,1.95,1,ok
7040,7042,1430.53,1068.65,93.85,3.50,1,ok
7041,17934,4536.35,2818.05,3716.29,5.64,1,ok
7042,7041,1465.60,1083.71,1465.60,2.64,1,ok
7044,7045,223.27,115.40,223.27,0.86,1,ok
7045,50006,5207.55,2433.45,4704.88,7.95,1,ok
7046,7047,263.60,209.08,0.00,0.22,2,no_coverage
7047,17966,1601.98,849.36,1495.83,1.98,1,ok
7047,7044,4843.10,2670.86,524.00,9.91,1,ok
7048,17967,6132.62,2814.35,6132.62,5.55,16,ok
7048,7049,6106.89,2762.78,6051.89,5.53,1,ok
7049,50006,2187.42,1168.01,766.97,5.13,1,ok
7050,7051,2342.53,1534.73,2214.31,2.16,1,ok
7051,7052,2596.32,1998.16,2020.30,2.62,1,ok
7052,7053,670.16,351.49,545.30,1.62,1,ok
7053,42850,5789.51,1041.85,5658.85,5.87,1,ok
7054,39968,1215.04,787.19,0.00,2.32,1,no_coverage
7054,49189,563.99,571.80,333.08,1.66,2,ok
7055,49189,116.63,43.88,116.63,0.10,1,ok
7056,20648,2191.18,1842.02,130.86,2.97,3,ok
7057,18268,1375.03,1152.07,1365.82,1.36,11,ok
7057,18861,1847.65,1289.37,1838.43,1.97,8,ok
7057,7058,1361.63,1203.65,1352.42,1.33,3,ok
7058,7059,2230.06,1907.56,2230.06,2.06,3,ok
7059,20102,73.89,248.48,73.89,0.07,3,ok
7060,7055,553.40,512.54,248.74,0.92,1,ok
7061,21177,5225.81,4389.39,5225.81,5.89,3,ok
7062,37624,381.80,309.22,381.80,0.62,59,ok
7062,37625,644.60,553.91,644.60,1.27,8,ok
7062,7063,3952.97,1747.48,3952.97,4.75,1,ok
7063,39975,1601.77,672.42,751.11,1.70,3,ok
7064,7066,1324.11,734.53,0.00,1.01,3,no_coverage
7066,7068,0.00,56.22,0.00,0.76,3,no_coverage
7067,7070,785.87,479.69,0.00,1.99,4,no_coverage
7068,7067,1507.00,403.03,0.00,3.18,3,no_coverage
7070,39974,2751.73,2297.91,0.00,2.00,1,no_coverage
7070,7075,2124.63,2034.68,0.00,1.52,3,no_coverage
7072,7074,376.30,331.22,0.00,1.65,1,no_coverage
7073,39974,443.96,295.06,0.00,0.57,2,no_coverage
7073,7067,3888.58,2717.63,782.65,4.18,1,ok
7074,37188,1116.31,349.92,0.00,4.15,1,no_coverage
7074,7073,398.48,371.70,0.00,0.87,3,no_coverage
7075,20265,4053.82,1811.61,760.02,8.11,3,ok
7076,37167,1907.30,1360.83,1907.30,2.42,4,ok
7078,7079,487.53,459.28,220.82,0.85,4,ok
7079,7081,712.60,661.50,0.00,1.50,4,no_coverage
7080,37192,469.93,352.88,0.00,1.11,4,no_coverage
7081,7082,1310.56,211.32,0.00,0.48,4,no_coverage
7082,7083,579.35,502.42,0.00,1.14,4,no_coverage
7083,7080,371.27,318.42,0.00,0.89,4,no_coverage
7086,7087,959.33,906.09,959.33,1.01,2,ok
7087,7088,395.47,405.42,395.47,0.69,2,ok
7088,7089,991.20,756.79,956.45,1.85,2,ok
7089,7090,472.91,433.44,472.91,1.33,2,ok
7090,7091,518.29,465.36,518.29,0.97,2,ok
7091,6708,1586.56,1325.12,1586.56,2.07,2,ok
7093,5821,5450.42,2243.80,5434.68,8.25,9,ok
7093,5823,1271.39,1208.89,1271.39,1.01,19,ok_undirected
7094,7095,543.94,231.08,543.94,1.41,7,ok
7094,7111,1950.30,1308.94,1268.97,3.76,1,ok
7094,7113,501.42,259.92,432.62,0.84,5,ok
7095,17601,180.65,112.80,105.39,0.69,5,ok
7095,19352,383.58,272.06,349.94,1.12,1,ok
7095,21281,122.31,135.03,82.01,0.36,2,ok_undirected
7096,18925,822.09,291.60,66.19,1.15,1,ok
7096,18926,785.74,343.13,29.83,0.91,1,ok
7097,7099,934.49,410.16,619.94,46.69,4,ok
7099,17970,1628.80,912.21,1628.80,2.08,3,ok
7099,21283,1613.80,891.29,1570.97,2.08,1,ok
7100,7101,824.92,618.04,824.92,0.96,8,ok
7101,7102,621.89,392.22,621.89,1.10,8,ok
7102,7103,108.22,110.41,108.22,0.25,8,ok
7103,7104,268.25,230.15,268.25,0.59,8,ok
7104,7105,187.39,123.28,187.39,0.43,8,ok
7105,41582,323.28,314.66,323.28,0.76,8,ok
7106,19886,652.67,592.52,652.67,0.71,15,ok
7106,7107,601.84,532.10,601.84,0.62,1,ok
7107,7108,1982.19,1773.48,0.00,1.92,2,no_coverage
7108,4186,2030.54,1743.04,48.35,2.88,4,ok
7109,7097,2426.18,527.12,2391.64,3.28,4,ok
7111,7112,479.77,336.25,0.00,1.31,2,no_coverage
7112,19328,560.39,244.69,143.43,0.83,1,ok
7112,7113,976.90,746.83,737.97,1.68,1,ok
7113,7094,509.32,259.92,509.32,1.12,7,ok
7113,7114,762.31,549.79,762.31,1.42,1,ok
7114,7094,687.18,334.88,658.62,1.49,1,ok
7114,7095,660.44,308.32,660.44,1.79,1,ok
7115,7116,2838.85,1092.19,2838.85,4.66,1,ok
7116,7117,302.29,265.90,0.00,1.80,2,no_coverage
7117,7118,453.75,302.39,453.75,1.01,2,ok
7118,7119,810.73,519.66,558.63,2.07,2,ok
7119,7120,292.60,267.70,59.64,0.66,2,ok
7120,21285,1304.39,1026.70,1279.87,2.24,1,ok
7120,7123,3760.01,3024.84,3735.48,3.27,1,ok
7121,50538,957.60,745.81,789.22,1.56,1,ok
7121,7124,1540.04,431.94,1338.56,1.51,1,ok
7122,21279,5345.55,3950.32,4847.59,9.04,1,ok
7122,7123,638.31,481.70,244.31,0.78,1,ok
7123,50538,1451.23,1121.85,1451.23,1.89,1,ok
7123,7121,1493.73,409.67,1442.17,1.89,1,ok
7124,7116,5271.52,3092.11,5190.49,9.85,1,ok
7125,7126,1532.93,1282.40,54.85,1.58,1,ok
7126,7127,532.98,434.68,532.98,1.08,2,ok
7127,4183,2106.33,1372.72,1636.86,1.92,1,ok
7127,7129,9119.05,6803.44,669.79,14.01,1,ok
7129,7130,678.65,486.98,678.65,0.96,2,ok
7130,7126,8377.74,7177.49,8276.95,8.20,1,ok
7130,7131,343.09,109.78,242.31,1.69,1,ok
7131,7133,2935.12,1479.92,133.93,27.34,1,ok
7133,7134,403.31,174.24,0.00,1.87,2,no_coverage
7134,7129,3603.81,2111.10,3603.81,4.35,1,ok
7136,20210,2083.52,827.77,0.00,1.72,2,no_coverage
7137,7138,120.58,198.02,120.58,0.24,3,ok
7138,7032,1891.37,1138.82,1891.37,2.87,1,ok
7139,7144,396.86,302.68,396.86,0.89,12,ok
7144,7145,269.79,190.53,269.79,0.29,12,ok
7145,20912,460.50,428.97,460.50,0.45,6,ok
7145,20913,479.18,478.78,479.18,0.45,6,ok
7146,7078,573.87,133.23,573.87,1.23,4,ok
7152,50685,224.64,268.15,0.00,0.47,10,no_coverage
7156,20222,632.08,429.76,632.08,0.62,17,ok
7156,7175,589.37,410.61,220.99,1.33,1,ok_undirected
7157,20324,1302.93,1114.46,1302.93,1.84,3,ok
7157,4387,940.23,730.25,940.23,1.49,1,ok
7157,6336,687.02,393.85,687.02,0.67,16,ok
7165,19998,1002.81,927.59,784.61,1.54,2,ok
7166,4426,2292.13,2278.97,2292.13,2.08,3,ok
7167,5214,2238.74,2271.31,2163.86,1.95,2,ok
7167,7165,2219.50,2211.17,2219.50,1.96,2,ok
7169,4425,3567.22,3421.84,19.06,5.20,2,ok
7169,7167,3699.40,3358.94,151.24,5.98,2,ok
7170,20187,306.26,297.84,306.26,1.03,25,ok
7171,6999,295.42,283.35,295.42,0.93,17,ok
7173,37510,2207.70,1553.12,56.33,41.39,1,ok
7173,4439,2207.70,1634.52,56.33,41.39,1,ok
7175,43385,286.00,250.64,0.00,0.67,1,no_coverage
7176,7177,410.73,258.98,410.73,0.92,4,ok
7177,6940,275.70,352.57,275.70,0.66,2,ok
7178,18796,733.78,548.16,733.78,1.96,4,ok
7179,7180,218.71,183.79,0.00,0.62,1,no_coverage
7180,7181,254.14,200.62,0.00,0.38,1,no_coverage
7181,7183,261.13,259.21,0.00,0.67,1,no_coverage
7182,7184,515.06,313.76,515.06,1.21,3,ok
7183,6919,371.54,352.67,13.53,0.82,1,ok
7184,20655,294.00,201.92,294.00,0.78,3,ok
7186,17180,132.95,170.63,132.95,0.39,15,ok
7188,7189,312.22,309.23,312.22,0.87,11,ok
7189,7190,510.97,425.30,510.97,1.09,11,ok
7190,18030,178.78,160.72,178.78,0.39,11,ok
7191,44825,1005.90,890.24,1005.90,2.48,11,ok
7191,44826,1065.09,782.61,1065.09,2.56,10,ok
7192,6455,477.47,503.28,0.00,0.34,4,no_coverage
7194,18703,2294.91,2012.24,2294.91,2.60,36,ok_undirected
7198,20259,605.39,377.19,605.39,0.91,9,ok
7199,17612,636.35,541.59,636.35,1.78,20,ok
7199,44341,976.15,866.59,976.15,2.68,10,ok
7200,17694,149.12,163.93,149.12,0.65,10,ok
7201,17703,205.06,147.57,205.06,0.68,23,ok
7203,6450,3211.92,1734.29,3211.92,3.14,3,ok
7204,6451,0.00,342.19,0.00,0.02,2,no_coverage
7205,6453,401.23,409.32,401.23,0.72,5,ok
7207,5803,344.37,309.41,344.37,0.90,8,ok
7208,17932,98.54,71.53,98.54,0.23,6,ok
7208,7225,790.94,639.71,790.94,1.91,1,ok
7210,18557,258.20,213.90,258.20,0.56,13,ok
7211,18531,181.83,163.48,128.83,0.25,2,ok
7211,18544,116.80,150.66,9.23,0.18,2,ok
7213,18593,250.99,306.68,250.99,0.68,10,ok
7213,18601,269.04,203.75,269.04,0.81,16,ok
7214,18551,624.19,316.43,624.19,1.56,8,ok
7214,18559,418.01,314.75,418.01,0.97,40,ok
7215,18592,297.02,197.86,297.02,0.89,12,ok
7215,41747,195.54,203.69,195.54,0.42,7,ok
7216,18434,196.89,173.55,196.89,0.53,27,ok
7216,5616,650.37,401.52,650.37,1.51,27,ok
7219,17727,1567.62,1445.23,1567.62,1.49,1,ok
7219,17729,1545.32,1464.93,1545.32,1.47,2,ok
7221,18348,287.23,325.36,287.23,0.67,17,ok
7221,18357,854.27,431.32,854.27,2.10,10,ok
7221,5238,746.36,314.08,746.36,1.75,7,ok
7222,18510,1109.13,390.19,689.81,1.85,1,ok
7222,35295,331.69,229.81,331.69,0.65,39,ok
7222,35332,861.33,554.78,861.33,2.37,2,ok
7222,5244,428.70,343.00,391.86,0.87,22,ok
7223,18508,162.27,221.47,0.00,0.78,2,no_coverage
7225,7226,213.34,176.11,213.34,0.40,1,ok
7226,43602,1604.09,1053.07,1604.09,2.03,1,ok
7227,17747,1114.52,724.37,1114.52,2.30,1,ok_undirected
7227,37195,288.53,186.45,104.88,0.75,3,ok
7230,50030,1023.43,1081.69,1023.43,2.04,2,ok
7230,6479,571.60,645.93,571.60,1.10,6,ok
7230,7270,1633.90,856.40,421.57,2.72,2,ok
7231,17976,46.53,57.00,46.53,0.10,1,ok
7231,6483,301.78,219.92,301.78,0.57,4,ok_undirected
7231,7232,311.66,301.44,311.66,0.61,3,ok_undirected
7232,18022,3501.52,1521.66,3501.52,5.74,4,ok
7232,50008,1503.85,1048.63,1503.85,2.27,3,ok
7232,6646,165.60,181.77,165.60,0.36,11,ok
7234,18234,1129.05,1120.62,1121.13,1.28,12,ok_undirected
7234,18869,135.55,201.81,135.55,0.20,19,ok
7235,18270,221.81,167.78,221.81,0.35,35,ok
7236,7237,128.74,138.44,128.74,0.51,24,ok
7237,7238,208.03,148.23,208.03,0.81,24,ok
7238,7239,289.98,200.14,289.98,0.85,24,ok
7239,18256,136.08,162.84,136.08,0.43,24,ok
7240,18251,620.17,640.43,620.17,0.98,12,ok
7240,18857,716.61,529.49,716.61,1.08,2,ok
7241,37187,205.33,177.93,205.33,0.44,2,ok
7241,6567,410.18,410.57,410.18,0.97,12,ok
7243,6566,231.14,225.95,231.14,0.51,14,ok
7243,7243,0.00,0.00,0.00,0.00,2,same_stop
7247,18208,365.22,135.24,258.22,0.59,7,ok
7248,18216,270.80,427.94,270.80,0.48,9,ok
7250,18279,1070.56,968.34,1070.56,0.98,7,ok
7250,18282,1264.36,745.42,1264.36,1.57,6,ok
7251,18286,411.85,428.98,411.85,0.33,9,ok
7251,18287,405.90,411.54,374.03,0.32,2,ok
7253,6590,303.10,237.76,0.00,0.72,3,no_coverage
7254,17811,3162.62,2450.47,779.09,6.26,1,ok
7255,41573,728.43,641.42,661.25,0.61,6,ok
7256,7257,254.84,192.82,0.00,0.53,4,no_coverage
7257,18285,4214.22,3124.05,0.00,3.48,2,no_coverage
7257,18301,2680.47,2185.96,0.00,3.22,2,no_coverage
7258,18315,1400.69,967.31,0.00,2.28,2,no_coverage
7258,7259,5024.69,1964.64,3377.28,5.34,2,ok
7259,51049,922.78,746.28,922.78,2.04,2,ok
7260,18324,132.33,163.68,0.00,0.00,2,no_coverage
7262,5960,146.40,208.39,0.00,0.33,4,no_coverage
7263,5961,256.63,190.14,256.63,0.53,1,ok
7264,5951,636.63,510.19,566.73,1.15,2,ok
7265,7266,686.18,504.31,686.18,1.15,5,ok
7266,5953,129.63,311.22,129.63,0.24,6,ok
7267,50717,1154.95,941.07,1154.95,1.83,1,ok
7267,5958,321.30,259.33,235.09,0.51,4,ok
7267,7263,618.04,377.96,419.64,1.30,1,ok
7268,39085,901.40,777.24,92.24,1.68,2,ok
7268,5951,2137.08,1379.22,1526.32,3.97,1,ok
7268,5959,738.70,689.15,127.93,1.34,4,ok
7269,7268,289.75,198.17,0.00,0.67,7,no_coverage
7270,7269,152.46,174.84,0.00,0.56,7,no_coverage
7271,18356,1568.72,1118.28,0.00,1.20,2,no_coverage
7272,7278,3058.16,1271.87,360.90,5.38,2,ok
7273,7278,2491.13,1786.50,360.90,4.38,2,ok
7275,42134,431.15,269.70,0.00,1.02,4,no_coverage
7276,43110,545.66,400.09,195.83,1.12,2,ok
7278,7279,356.18,278.78,49.72,0.58,4,ok
7279,7280,382.74,314.54,0.00,0.57,4,no_coverage
7280,7281,199.91,204.03,0.00,0.71,4,no_coverage
7281,18332,710.17,663.76,39.52,1.22,2,ok
7281,18334,801.74,613.07,39.52,1.37,2,ok
7282,18736,2035.83,1853.41,1993.49,2.18,4,ok
7282,6512,2377.78,1890.88,2377.78,2.92,2,ok
7283,20744,629.53,276.05,629.53,1.70,26,ok_undirected
7284,20234,404.91,253.99,397.71,0.98,14,ok
7285,7286,153.95,132.41,153.95,0.39,32,ok
7286,19474,511.86,480.65,511.86,1.54,14,ok
7286,7011,284.19,258.44,284.19,0.86,18,ok_undirected
7288,40991,967.37,807.77,502.53,2.78,2,ok
7288,7289,338.88,210.06,338.88,1.25,28,ok
7289,7290,124.13,114.66,124.13,0.42,32,ok
7290,20212,226.37,171.05,226.37,0.70,19,ok
7290,6550,99.15,108.61,99.15,0.30,2,ok
7290,6551,436.10,330.87,436.10,1.31,12,ok
7292,6501,0.00,269.53,0.00,0.64,9,no_coverage
7293,6503,0.00,223.38,0.00,0.62,9,no_coverage
