TAZ,SZ,corridor,P_2022,P_year,E_2022,E_year,I_2022,I_year,J_2022,J_year,O_2022_car,O_year_car,origin basis,D_2022_car,D_year_car,destination basis,O_2022_transit,O_year_transit,D_2022_transit,D_year_transit,O_2022_taxi,O_year_taxi,D_2022_taxi,D_year_taxi
101,1,False,8850.8255,16031.0000,6613.0000,6982.0000,5297.2255,8977.0053,7725.3806,9924.7792,2536.4362,4298.4013,own rate (multiplicative),2355.9009,2886.6682,own rate (multiplicative),601.6982,1019.6748,327.2228,415.9083,0.0000,0.0000,0.0000,0.0000
102,1,False,2424.7991,3385.0000,1482.6498,1854.0000,1410.5657,1942.4658,1848.5270,2404.8415,1497.5887,2062.3038,own rate (multiplicative),2045.3764,2537.8900,own rate (multiplicative),0.3071,0.4229,4.8107,6.1919,0.0000,0.0000,0.0000,0.0000
103,1,False,0.0000,5987.0000,0.0000,842.0000,0.0000,3134.3387,0.0000,2268.9773,157.7568,3182.3076,superzone rate on the increment,2236.0645,3917.3612,superzone rate on the increment,11.5035,211.2339,6.0265,122.7615,0.0000,19.5755,0.0000,25.1224
104,1,False,3052.5857,5791.0000,198.3560,470.0000,1569.5523,2989.1500,968.8283,1914.2420,1256.7967,2393.5193,own rate (multiplicative),425.5504,801.9364,own rate (multiplicative),218.8656,416.8209,65.0981,127.2540,57.6813,109.8517,0.0000,0.0000
106,1,False,8069.2356,8895.0000,12765.7229,18722.0000,5662.2134,6816.4618,12528.4960,17596.7538,6408.2954,7714.6333,own rate (multiplicative),10652.9153,14270.5588,own rate (multiplicative),312.2622,375.9172,1140.7811,1585.2178,0.0000,0.0000,84.1547,120.0779
107,1,False,5755.3981,7934.0000,2550.1841,3680.0000,3228.2765,4470.6160,3598.6056,5094.7275,3723.9908,5157.0962,own rate (multiplicative),2978.3687,4021.6481,own rate (multiplicative),104.6432,144.9131,98.8622,138.4746,0.0000,0.0000,0.0000,0.0000
108,1,False,3457.3034,6551.0000,3240.3987,5116.0000,2150.4438,3948.1399,3552.8315,5898.2208,3046.4961,5593.2608,own rate (multiplicative),2632.9284,4168.9275,own rate (multiplicative),47.7869,87.7351,168.5554,276.8484,0.0000,0.0000,108.1633,182.4221
109,1,False,3995.2704,4597.0000,3049.0000,3164.0000,2399.0696,2717.8443,3539.2624,3792.0401,560.9587,635.4957,own rate (multiplicative),961.7629,982.8043,own rate (multiplicative),3.4721,3.9335,16.9752,17.9940,0.0000,0.0000,0.0000,0.0000
110,1,False,6329.2070,14578.0000,1505.6690,4172.0000,3389.5837,7894.2219,2899.8699,7252.4761,599.3047,1395.7597,own rate (multiplicative),627.2696,1496.2388,own rate (multiplicative),1.7787,4.1426,6.1045,15.1047,0.0000,0.0000,0.0000,0.0000
111,1,False,6058.6920,12022.0000,1620.3119,3731.0000,3266.8374,6546.0160,2921.6741,6217.4082,3023.2277,6057.8763,own rate (multiplicative),2843.0984,5770.4328,own rate (multiplicative),270.3195,541.6603,153.0880,322.3085,42.0056,84.1699,0.0000,0.0000
112,1,False,4921.7674,26258.0000,1287.3477,8473.0000,2650.2356,14337.6001,2349.8770,13843.5550,2029.8919,13307.8780,superzone rate on the increment,3026.6340,11927.1818,superzone rate on the increment,339.4498,1084.2072,391.4633,978.9517,93.1628,166.1561,0.0000,127.2592
113,1,False,0.0000,3509.0000,2973.0000,3214.0000,367.5132,2173.3461,2420.7498,3545.0088,359.6533,2102.2325,superzone rate on the increment,1527.2457,2133.1195,own rate (multiplicative),9.6607,124.7344,259.2215,375.5705,0.0000,11.2783,345.8550,514.5323
114,1,False,1799.6053,10266.0000,54.5242,4847.0000,917.5902,5795.1927,520.3381,6661.6958,740.7084,5447.4610,superzone rate on the increment,122.6585,4947.5509,superzone rate on the increment,122.7790,433.5959,45.1874,360.8423,33.9952,64.4582,0.0000,67.9978
115,1,False,9554.2308,11083.0000,2653.5035,3723.0000,5163.7853,6069.7627,4687.4109,5962.5568,4761.5048,5596.9027,own rate (multiplicative),4678.9861,5676.6242,own rate (multiplicative),410.0815,482.0296,245.1890,308.5698,66.1577,77.7650,0.0000,0.0000
116,1,False,6158.1347,7296.0000,1657.8456,2988.0000,3321.8090,4062.1564,2978.5354,4362.5381,5182.7228,6337.8210,own rate (multiplicative),3427.5879,4788.1082,own rate (multiplicative),183.3493,224.2132,30.5800,44.3126,0.0000,0.0000,30.7398,45.7392
117,1,False,7509.7524,7783.0000,3505.8764,4396.0000,4234.3631,4482.6987,4840.7474,5637.7918,6319.9546,6690.6053,own rate (multiplicative),7175.1753,7970.1778,own rate (multiplicative),241.0564,255.1938,76.0401,87.6178,0.0000,0.0000,64.3492,76.1362
118,1,False,3642.8793,3870.0000,334.8188,473.0000,1885.1920,2017.2281,1236.0576,1408.6375,3065.6828,3280.3988,own rate (multiplicative),623.9173,678.1511,own rate (multiplicative),110.5171,118.2576,14.6646,16.5343,0.0000,0.0000,5.5955,6.4782
201,2,False,1885.3223,3093.0000,1246.7635,2053.0000,1108.3559,1819.2731,1513.7823,2489.6509,811.4103,1331.8617,own rate (multiplicative),824.0819,1292.6600,own rate (multiplicative),1.7157,2.8162,99.5984,162.0617,0.0000,0.0000,0.0000,0.0000
202,2,False,2198.0935,2338.0000,885.7950,1210.0000,1222.0398,1332.9291,1302.5842,1603.5676,1750.2006,1909.0159,own rate (multiplicative),545.5571,640.5610,own rate (multiplicative),232.9758,254.1163,296.8075,361.5008,0.0000,0.0000,0.0000,0.0000
203,2,False,2905.4436,3440.0000,631.1747,3356.0000,1548.5817,2155.9761,1282.3340,3642.3831,1035.1210,1441.1226,own rate (multiplicative),395.2060,1070.6485,own rate (multiplicative),329.1975,458.3174,37.8441,106.3495,84.6716,117.8820,0.0000,0.0000
204,2,False,1356.5605,3013.0000,1751.2752,5863.0000,903.0953,2249.7626,1784.7366,5570.7660,563.3509,1403.4020,own rate (multiplicative),3849.8894,7210.9204,superzone rate on the increment,1.9608,4.8846,177.2756,357.3636,0.0000,0.0000,121.3889,129.7036
205,2,False,1741.2421,3481.0000,837.1304,1704.0000,984.7938,1972.5126,1142.1357,2308.0940,714.9702,1432.0641,own rate (multiplicative),362.9413,699.5376,own rate (multiplicative),2.6716,5.3511,330.2038,660.1928,0.0000,0.0000,0.0000,0.0000
206,2,False,1220.7781,1188.0000,2121.3796,1506.0000,880.1217,787.4601,2050.1817,1540.4433,650.6301,582.1300,own rate (multiplicative),4869.8011,3489.8235,own rate (multiplicative),0.3186,0.2851,443.0193,329.3282,0.0000,0.0000,0.0000,0.0000
207,2,False,4768.0425,4713.0000,1148.9543,1905.0000,2555.3217,2620.9227,2196.5352,2797.5845,2625.1342,2692.5274,own rate (multiplicative),2143.2910,2603.5448,own rate (multiplicative),2.0098,2.0614,0.0000,0.0000,0.0000,0.0000,0.0000,0.0000
208,2,False,6402.5755,11603.0000,3227.6666,7165.0000,3639.5864,6758.4445,4321.4013,8902.7119,1805.5863,3352.8409,own rate (multiplicative),3994.1733,7848.0817,own rate (multiplicative),167.9242,311.8229,0.0000,0.0000,0.0000,0.0000,0.0000,0.0000
209,2,False,6296.3102,6541.0000,807.8342,1180.0000,3286.6691,3456.5221,2322.9613,2690.7085,3738.2306,3931.4201,own rate (multiplicative),2171.7545,2399.2433,own rate (multiplicative),8.0882,8.5062,0.6385,0.7317,0.0000,0.0000,0.0000,0.0000
210,2,False,5621.0408,12592.0000,634.4643,4234.0000,2923.4576,6896.6945,2003.2071,6777.7214,4045.6994,9544.1620,own rate (multiplicative),1331.6372,5733.1154,superzone rate on the increment,1.9853,4.6835,0.3544,229.8367,0.0000,0.0000,0.0000,8.0515
211,2,False,0.0000,0.0000,0.0000,0.0000,0.0000,0.0000,0.0000,0.0000,0.0000,0.0000,superzone rate on the increment,0.0000,0.0000,superzone rate on the increment,0.0000,0.0000,0.0000,0.0000,0.0000,0.0000,0.0000,0.0000
212,2,False,0.0000,0.0000,0.0000,0.0000,0.0000,0.0000,0.0000,0.0000,0.0000,0.0000,superzone rate on the increment,0.0000,0.0000,superzone rate on the increment,0.0000,0.0000,0.0000,0.0000,0.0000,0.0000,0.0000,0.0000
213,2,False,0.0000,0.0000,1201.0000,1201.0000,148.4640,148.4640,977.9080,977.9080,0.0000,0.0000,superzone rate on the increment,682.2425,650.6953,own rate (multiplicative),21.7786,21.7786,427.4264,422.8773,0.0000,0.0000,0.0000,0.0000
214,2,False,4318.8279,4114.0000,906.1557,1283.0000,2297.9428,2240.8557,1880.0339,2132.7065,2705.0559,2637.8551,own rate (multiplicative),2836.9864,3069.4570,own rate (multiplicative),398.1119,388.2218,166.8498,187.2596,0.0000,0.0000,0.0000,0.0000
215,2,False,5591.6600,5922.0000,519.2609,672.0000,2894.3458,3080.4248,1901.6330,2113.3651,3509.2982,3734.9129,own rate (multiplicative),1557.4391,1650.8126,own rate (multiplicative),515.8074,548.9689,93.4588,102.7593,0.0000,0.0000,0.0000,0.0000
216,2,False,6884.8782,7837.0000,1089.7551,2025.0000,3619.4164,4216.9344,2708.1726,3721.4988,4329.5260,5044.2737,own rate (multiplicative),3521.8049,4615.7866,own rate (multiplicative),691.7766,805.9798,219.7677,298.7848,0.0000,0.0000,0.0000,0.0000
217,2,False,1785.3978,1911.0000,1960.0000,2042.0000,1145.9484,1219.6572,2068.1043,2168.0905,1120.4581,1192.5272,own rate (multiplicative),908.3149,908.1974,own rate (multiplicative),102.0563,108.6207,29.9100,31.0224,0.0000,0.0000,0.0000,0.0000
218,2,False,0.0000,1486.0000,170.0000,170.0000,21.0149,773.1372,138.4216,531.4243,0.0000,757.0357,superzone rate on the increment,91.6988,454.8242,superzone rate on the increment,1.0539,38.3848,0.0000,18.8896,0.0000,2.7326,0.0000,0.6627
219,2,False,2742.4412,3928.0000,334.0434,682.0000,1429.3494,2072.4201,997.2871,1594.1539,977.7816,1417.6900,own rate (multiplicative),211.9976,323.2064,own rate (multiplicative),307.6442,446.0547,15.1396,23.9429,79.9811,115.9650,0.0000,0.0000
220,2,False,3324.0933,6033.0000,645.0045,1445.0000,1762.1862,3232.1621,1404.3152,2772.1325,1181.8503,2167.7231,own rate (multiplicative),416.1821,783.5589,own rate (multiplicative),381.3407,699.4464,29.3407,57.3023,96.6739,177.3171,0.0000,0.0000
221,2,False,2942.6287,2996.0000,432.8279,562.0000,1542.8835,1585.8647,1130.6655,1249.9583,912.1762,937.5873,own rate (multiplicative),850.2813,896.5261,own rate (multiplicative),65.9330,67.7697,137.2629,150.1301,0.0000,0.0000,0.0000,0.0000
222,2,False,4098.3220,4207.0000,580.1757,746.0000,2146.0395,2221.5443,1556.2891,1720.0528,1270.7777,1315.4879,own rate (multiplicative),1204.0351,1269.1984,own rate (multiplicative),93.8296,97.1308,194.9429,213.1630,0.0000,0.0000,0.0000,0.0000
223,2,False,2991.9757,3030.0000,580.8530,777.0000,1586.1584,1629.6511,1264.2450,1434.0130,931.2706,956.8062,own rate (multiplicative),1173.3243,1269.3424,own rate (multiplicative),63.3868,65.1249,191.0072,214.3505,0.0000,0.0000,0.0000,0.0000
224,2,False,0.0000,275.0000,918.0000,933.0000,113.4804,254.5228,747.4767,832.4197,959.3647,1101.3286,superzone rate on the increment,1833.6508,1947.6019,own rate (multiplicative),21.8137,28.8142,82.5184,90.9177,0.0000,0.5124,0.0000,0.0000
225,2,False,9768.6256,10043.0000,6902.1896,9714.0000,5797.5085,6283.9675,8203.5825,10565.6484,2602.0076,2820.3376,own rate (multiplicative),4924.9368,6049.6765,own rate (multiplicative),10.5392,11.4235,278.7582,355.2002,0.0000,0.0000,0.0000,0.0000
226,2,False,0.0000,0.0000,1107.0000,1160.0000,136.8440,143.3957,901.3690,944.5240,270.5935,277.1880,superzone rate on the increment,715.4396,715.0267,own rate (multiplicative),0.0000,0.3252,58.6769,60.8318,0.0000,0.0238,0.0000,0.0000
227,2,False,0.0000,5049.0000,1409.0000,1499.0000,174.1763,2740.7968,1147.2709,2555.8631,344.4143,2927.8017,superzone rate on the increment,910.6185,1934.8484,own rate (multiplicative),1.5686,128.9603,81.1595,178.8809,0.0000,9.3249,0.0000,0.0000
228,2,False,0.0000,4140.0000,1409.0000,1499.0000,174.1763,2280.7166,1147.2709,2315.4596,344.4143,2464.7159,superzone rate on the increment,910.6185,1752.8573,own rate (multiplicative),3.2108,107.7669,73.1148,145.9922,0.0000,7.6534,0.0000,0.0000
229,2,False,842.6473,821.0000,257.1324,284.0000,458.2825,450.6472,432.2238,448.3756,449.2762,441.7910,own rate (multiplicative),702.5632,695.1164,own rate (multiplicative),0.2696,0.2651,60.4837,62.0761,0.0000,0.0000,0.0000,0.0000
230,2,False,4620.2226,4181.0000,1102.1095,1064.0000,2474.7135,2247.6949,2119.2982,1972.1064,2543.7902,2310.4349,own rate (multiplicative),2844.8884,2524.8897,own rate (multiplicative),1.0294,0.9350,0.0693,0.0638,0.0000,0.0000,0.0000,0.0000
231,2,False,5511.2747,6105.0000,732.9635,1246.0000,2880.0769,3244.0043,2054.3797,2629.1397,3034.6836,3418.1472,own rate (multiplicative),1409.2107,1720.0765,own rate (multiplicative),1.9678,2.2165,0.0000,0.0000,0.0000,0.0000,0.0000,0.0000
232,2,False,4268.6345,4561.0000,1361.3615,2286.0000,2328.8091,2591.0876,2237.4082,3067.6123,1203.8663,1339.4498,own rate (multiplicative),1652.8335,2161.3407,own rate (multiplicative),111.5739,124.1397,9.6260,13.0573,0.0000,0.0000,0.0000,0.0000
233,2,False,4075.5037,4372.0000,825.9243,1328.0000,2164.8689,2377.0023,1750.3539,2237.5809,2419.5955,2656.6893,own rate (multiplicative),2316.8185,2824.7744,own rate (multiplicative),0.1471,0.1615,0.6163,0.7795,0.0000,0.0000,0.0000,0.0000
234,2,False,0.0000,0.0000,0.0000,0.0000,0.0000,0.0000,0.0000,0.0000,36.6783,36.6783,superzone rate on the increment,54.0103,51.5128,superzone rate on the increment,0.3431,0.3431,0.0000,0.0000,0.0000,0.0000,0.0000,0.0000
235,2,False,6419.9728,7164.0000,2203.4763,3686.0000,3521.7846,4081.6308,3492.0607,4895.9709,3592.3982,4163.4695,own rate (multiplicative),3664.7812,4900.5406,own rate (multiplicative),0.6863,0.7954,0.3287,0.4559,0.0000,0.0000,0.0000,0.0000
236,2,False,5431.5454,7963.0000,269.9859,551.0000,2782.4909,4098.4965,1656.3165,2554.6252,3039.8809,4477.6216,own rate (multiplicative),427.1937,628.4165,own rate (multiplicative),1.4216,2.0939,3.6505,5.5704,0.0000,0.0000,0.0000,0.0000
237,2,False,0.0000,0.0000,0.0000,0.0000,0.0000,0.0000,0.0000,0.0000,36.6783,36.6783,superzone rate on the increment,54.0103,51.5128,superzone rate on the increment,0.0000,0.0000,0.0000,0.0000,0.0000,0.0000,0.0000,0.0000
238,2,False,0.0000,0.0000,0.0000,0.0000,0.0000,0.0000,0.0000,0.0000,36.6783,36.6783,superzone rate on the increment,54.0103,51.5128,superzone rate on the increment,0.0000,0.0000,0.0000,0.0000,0.0000,0.0000,0.0000,0.0000
239,2,False,5621.0408,6270.0000,1968.6619,2918.0000,3088.3870,3534.2048,3089.5706,4034.1946,4045.6994,4629.7080,own rate (multiplicative),3644.5167,4538.7634,own rate (multiplicative),3.1618,3.6182,5.9477,7.6835,0.0000,0.0000,0.0000,0.0000
240,2,False,5619.5425,9671.0000,1584.4276,3519.0000,3040.1308,5329.8768,2776.3135,5423.0189,4045.7941,7092.9790,own rate (multiplicative),2896.8112,5396.7424,own rate (multiplicative),1.8382,3.2228,0.1945,0.3758,0.0000,0.0000,0.0000,0.0000
241,2,False,1268.7999,9961.0000,2017.0000,2067.0000,891.5244,5297.1652,1977.8916,4317.4318,913.5496,5347.9711,superzone rate on the increment,3556.3539,7404.0076,own rate (multiplicative),0.5147,219.1844,1.2046,2.6014,0.0000,16.0064,0.0000,0.0000
242,2,False,8007.9188,13128.0000,1634.0544,4618.0000,4255.1155,7215.4538,3448.3762,7232.1474,7800.1330,13226.7852,own rate (multiplicative),5155.8937,10313.2482,own rate (multiplicative),17.7451,30.0906,1.4625,3.0346,0.0000,0.0000,0.0000,0.0000
243,2,False,0.0000,5106.0000,0.0000,882.0000,0.0000,2693.3751,0.0000,2068.5488,0.0000,2710.9700,superzone rate on the increment,0.0000,1933.6091,superzone rate on the increment,0.0000,133.6831,0.0000,99.4244,0.0000,9.7855,0.0000,3.4883
244,2,False,0.0000,4079.0000,0.0000,975.0000,0.0000,2185.0669,0.0000,1872.6627,0.0000,2199.3412,superzone rate on the increment,0.0000,1750.5014,superzone rate on the increment,0.0000,108.4537,3.9646,93.9316,0.0000,7.9387,0.0000,3.1580
245,2,False,0.0000,0.0000,0.0000,0.0000,0.0000,0.0000,0.0000,0.0000,0.0000,0.0000,superzone rate on the increment,0.0000,0.0000,superzone rate on the increment,0.6863,0.6863,0.0754,0.0746,0.0000,0.0000,0.0000,0.0000
301,3,False,9903.4137,10390.0000,1726.5733,3051.0000,5225.9360,5635.9379,4025.0112,5232.1064,4067.1365,4386.2244,own rate (multiplicative),2662.1023,3300.4495,own rate (multiplicative),29.6486,31.9747,174.8269,224.8385,0.0000,0.0000,0.0000,0.0000
302,3,False,0.0000,0.0000,4756.0000,5943.0000,587.9223,734.6556,3872.5483,4839.0569,539.5468,674.2066,own rate (multiplicative),1884.8802,2246.3970,own rate (multiplicative),0.0000,0.0000,136.1853,168.3632,0.0000,0.0000,0.0000,0.0000
303,3,False,4052.2535,8843.0000,2729.4192,14256.0000,2388.4054,6238.0692,3294.1157,13946.5840,2117.4289,5530.3291,own rate (multiplicative),4156.0111,13199.4924,superzone rate on the increment,394.5488,1030.4878,49.2072,511.2510,132.8173,346.8940,0.0000,48.9842
304,3,False,3883.3973,3888.0000,437.7832,616.0000,2019.6556,2044.0158,1383.5056,1529.8350,3880.1268,3926.9273,own rate (multiplicative),1273.1459,1342.7054,own rate (multiplicative),456.5982,462.1055,19.2058,21.0111,0.0000,0.0000,0.0000,0.0000
305,3,False,3514.8075,3544.0000,1275.0000,1561.0000,1936.5922,1986.7221,1967.7240,2208.3186,457.3781,469.2176,own rate (multiplicative),777.5830,832.3063,own rate (multiplicative),0.9854,1.0109,0.2491,0.2766,0.0000,0.0000,0.0000,0.0000
306,3,False,2823.2710,2494.0000,3314.0000,3616.0000,1838.6337,1709.3092,3445.0784,3603.8979,718.5460,668.0054,own rate (multiplicative),4600.3998,4589.9488,own rate (multiplicative),5.5685,5.1768,201.1910,208.2260,0.0000,0.0000,0.0000,0.0000
307,3,False,1031.9219,3094.0000,333.3084,1449.0000,563.4983,1745.1145,544.3073,1998.1116,164.9170,1298.2973,superzone rate on the increment,176.9796,1429.2398,superzone rate on the increment,0.2912,51.7590,0.0000,63.1293,0.0000,5.6776,0.0000,6.6852
308,3,False,0.0000,0.0000,0.0000,0.0000,0.0000,0.0000,0.0000,0.0000,793.3795,793.3795,superzone rate on the increment,2004.8149,1912.1113,superzone rate on the increment,0.1820,0.1820,47.8203,47.3114,0.0000,0.0000,0.0000,0.0000
309,3,False,1955.8612,1884.0000,460.9935,502.0000,1046.9239,1015.6213,892.6286,907.0128,2800.1498,2716.4263,own rate (multiplicative),1063.8558,1031.0133,own rate (multiplicative),137.2369,133.1336,0.7329,0.7368,0.0000,0.0000,0.0000,0.0000
310,3,False,8717.5884,12422.0000,4927.4884,6256.0000,5021.4312,7060.6044,6317.7243,8379.1645,1904.3868,2677.7468,own rate (multiplicative),1376.7771,1741.5765,own rate (multiplicative),6.8386,9.6157,24.0749,31.5905,0.0000,0.0000,0.0000,0.0000
311,3,False,813.8819,794.0000,318.1966,284.0000,451.2717,436.9815,474.3375,441.2349,0.0000,0.0000,own rate (multiplicative),291.6053,258.7121,own rate (multiplicative),0.9159,0.8869,0.0000,0.0000,0.0000,0.0000,0.0000,0.0000
312,3,False,1217.7760,1318.0000,638.8463,665.0000,695.3360,749.2963,842.2427,890.0445,0.0000,0.0000,own rate (multiplicative),22.6969,22.8760,own rate (multiplicative),0.0416,0.0448,3.1053,3.2466,0.0000,0.0000,0.0000,0.0000
313,3,False,5469.9687,5480.0000,1100.4525,1564.0000,2904.5982,2966.9778,2342.6815,2722.7756,2733.5529,2792.2590,own rate (multiplicative),2207.5466,2447.0755,own rate (multiplicative),26.8775,27.4547,10.5644,12.1477,0.0000,0.0000,0.0000,0.0000
314,3,False,6761.4272,7861.0000,930.6494,1670.0000,3537.2649,4185.1977,2545.9725,3438.7891,7743.3958,9161.7798,own rate (multiplicative),5040.3577,6493.0999,own rate (multiplicative),160.8160,190.2733,144.6966,193.3584,0.0000,0.0000,0.0000,0.0000
315,3,False,8783.9693,10867.0000,2107.1176,3593.0000,4706.3835,5944.3665,4038.8077,5799.5794,537.7223,679.1666,own rate (multiplicative),835.4373,1144.1845,own rate (multiplicative),3.5943,4.5398,0.0977,0.1388,0.0000,0.0000,0.0000,0.0000
316,3,False,4582.4242,5767.0000,604.6364,1095.0000,2394.0862,3054.2632,1704.2367,2416.7978,957.5901,1221.6486,own rate (multiplicative),1063.5255,1438.4580,own rate (multiplicative),8.3016,10.5908,1.9537,2.7411,0.0000,0.0000,0.0000,0.0000
317,3,False,4856.1680,5069.0000,740.5515,1021.0000,2549.4399,2691.8307,1887.3020,2171.9434,2412.2860,2547.0165,own rate (multiplicative),1947.1083,2137.1554,own rate (multiplicative),64.7797,68.3978,0.3907,0.4449,0.0000,0.0000,0.0000,0.0000
318,3,False,8118.3359,10526.0000,2055.4574,4271.0000,4363.0945,5855.5854,3820.7035,6261.4530,8500.8321,11408.7258,own rate (multiplicative),6359.7121,9940.4977,own rate (multiplicative),8.8125,11.8269,10.5935,17.1761,0.0000,0.0000,0.0000,0.0000
319,3,False,0.0000,6733.0000,5741.0000,5930.0000,709.6850,4140.8814,4674.5794,6609.1496,651.2907,3942.4188,superzone rate on the increment,2275.2531,3068.1151,own rate (multiplicative),1.7058,151.1588,159.3737,222.9322,0.0000,16.4867,0.0000,0.0000
320,3,False,0.0000,0.0000,7024.0000,7168.0000,868.2856,886.0864,5719.2555,5836.5068,796.8419,813.1781,own rate (multiplicative),2783.7248,2709.4346,own rate (multiplicative),13.2089,13.4797,347.6818,351.0334,0.0000,0.0000,0.0000,0.0000
321,3,False,0.0000,0.0000,0.0000,0.0000,0.0000,0.0000,0.0000,0.0000,0.0000,0.0000,superzone rate on the increment,0.0000,0.0000,superzone rate on the increment,0.0000,0.0000,0.0000,0.0000,0.0000,0.0000,0.0000,0.0000
322,3,False,0.0000,7007.0000,0.0000,0.0000,0.0000,3546.5148,0.0000,1853.1428,0.0000,3401.7390,superzone rate on the increment,0.0000,1606.6691,superzone rate on the increment,0.0000,154.4760,0.0000,80.4700,0.0000,17.0408,0.0000,8.5215
323,3,False,3865.0920,7050.0000,1574.6083,6940.0000,2150.9215,4426.1805,2304.3183,7515.3739,2020.0216,4156.8139,own rate (multiplicative),2334.5446,6744.5633,superzone rate on the increment,384.7711,791.7845,18.6161,244.7003,126.7075,260.7395,0.0000,23.9625
324,3,False,3653.0940,7362.0000,392.4352,671.0000,1897.4844,3809.1411,1285.6729,2493.3880,1899.3741,3812.9346,own rate (multiplicative),530.4823,981.2263,own rate (multiplicative),383.3701,769.6036,2.4713,4.7417,119.1397,239.1693,0.0000,0.0000
325,3,False,2708.7766,3228.0000,350.4360,561.0000,1414.3369,1703.1653,1001.7314,1310.5012,1749.1460,2106.3473,own rate (multiplicative),633.3419,790.2477,own rate (multiplicative),99.7181,120.0820,100.3915,129.9380,0.0000,0.0000,0.0000,0.0000
326,3,False,2969.1222,5566.0000,734.4286,1985.0000,1593.5759,3062.5484,1383.2490,3088.3171,1917.6640,3685.3839,own rate (multiplicative),1466.0235,3121.7731,own rate (multiplicative),258.7752,497.3166,274.1566,605.5824,0.0000,0.0000,0.0000,0.0000
327,3,False,4267.9742,9270.0000,3664.4547,18265.0000,2613.1763,6949.7709,4112.5153,17323.8203,2774.3529,7378.4219,own rate (multiplicative),7059.4610,18187.1889,superzone rate on the increment,196.9128,523.6916,1051.1041,1613.5983,0.0000,0.0000,0.0000,60.7507
328,3,False,4264.3272,3953.0000,1564.9399,1769.0000,2351.7947,2219.4452,2402.0317,2485.8498,2753.8051,2598.8321,own rate (multiplicative),2901.6088,2864.0058,own rate (multiplicative),162.3238,153.1888,528.2812,540.8966,0.0000,0.0000,0.0000,0.0000
329,3,False,2081.0686,2429.0000,159.5228,235.0000,1073.0293,1258.4612,680.2712,833.7457,295.9789,347.1275,own rate (multiplicative),179.2433,209.5238,own rate (multiplicative),84.0903,98.6221,35.0347,42.4817,0.0000,0.0000,121.1726,150.8715
330,3,False,4553.6774,4056.0000,345.6624,527.0000,2347.5227,2118.0453,1485.7658,1501.7982,647.6261,584.3187,own rate (multiplicative),380.8926,367.2000,own rate (multiplicative),153.3633,138.3716,73.1628,73.1652,0.0000,0.0000,257.4919,264.4088
331,3,False,4973.5521,6084.0000,927.5959,1009.0000,2631.9744,3204.0782,2070.6465,2430.6098,2381.2342,2898.8353,own rate (multiplicative),2434.5383,2725.6165,own rate (multiplicative),70.0941,85.3302,44.2514,51.3913,0.0000,0.0000,0.0000,0.0000
332,3,False,5617.4980,5133.0000,815.1839,976.0000,2944.0044,2718.6608,2149.4201,2152.2285,2683.8376,2478.4080,own rate (multiplicative),2188.6655,2090.1880,own rate (multiplicative),93.4664,86.3122,1.0658,1.0558,0.0000,0.0000,0.0000,0.0000
333,3,False,0.0000,671.0000,0.0000,168.0000,0.0000,360.3868,0.0000,314.2526,0.0000,345.6751,superzone rate on the increment,0.0000,272.4561,superzone rate on the increment,0.0000,15.6974,0.0000,13.6460,0.0000,1.7316,0.0000,1.4451
334,3,False,6275.4051,5812.0000,1397.9335,1848.0000,3349.0345,3170.1231,2797.9178,3041.8253,3135.7172,2968.2016,own rate (multiplicative),2814.0061,2917.8518,own rate (multiplicative),31.0584,29.3992,3.8794,4.1727,0.0000,0.0000,0.0000,0.0000
335,3,False,4343.3576,5825.0000,1028.5014,1998.0000,2325.4822,3195.2454,1986.1406,3167.4001,2170.6892,2982.5577,own rate (multiplicative),2092.5962,3182.8579,own rate (multiplicative),34.4353,47.3146,0.8418,1.3281,0.0000,0.0000,0.0000,0.0000
336,3,False,6499.9504,11202.0000,1217.6051,2819.0000,3440.3940,6018.2435,2710.4719,5257.9514,7440.3885,13015.3901,own rate (multiplicative),6117.2563,11317.9356,own rate (multiplicative),154.3194,269.9493,205.9549,395.2727,0.0000,0.0000,0.0000,0.0000
337,3,False,3748.3216,3947.0000,531.6304,875.0000,1962.8896,2105.8948,1424.1967,1756.3281,783.1326,840.1872,own rate (multiplicative),819.4473,963.8193,own rate (multiplicative),1.2659,1.3581,0.1887,0.2302,0.0000,0.0000,0.0000,0.0000
338,3,False,5556.0816,5822.0000,736.9609,1104.0000,2903.2495,3083.2134,2069.4846,2438.6718,1160.7673,1232.7199,own rate (multiplicative),1290.8101,1450.7494,own rate (multiplicative),3.7037,3.9333,0.3907,0.4556,0.0000,0.0000,0.0000,0.0000
401,4,False,7528.8103,7759.0000,741.4787,1473.0000,3902.2826,4109.2190,2594.8912,3251.4070,3341.9458,3519.1678,own rate (multiplicative),2160.6695,2582.1377,own rate (multiplicative),32.6766,34.4094,0.6987,0.8662,0.0000,0.0000,0.0000,0.0000
402,4,False,7418.5401,11315.0000,550.7044,2201.0000,3822.8876,5999.0419,2410.3911,4784.6332,2322.4630,3644.5101,own rate (multiplicative),665.4120,1259.7683,own rate (multiplicative),20.3937,32.0026,8.4293,16.5542,0.0000,0.0000,0.0000,0.0000
403,4,False,7136.6715,10333.0000,446.3122,780.0000,3667.3184,5326.3538,2250.8444,3367.8816,2875.7788,4176.7345,own rate (multiplicative),654.8599,934.5416,own rate (multiplicative),163.8673,237.9982,6.3160,9.3498,0.0000,0.0000,0.0000,0.0000
404,4,False,5244.4220,5685.0000,1359.2650,1945.0000,2822.4339,3117.8343,2493.7679,3087.2193,2396.8923,2647.7549,own rate (multiplicative),1867.0511,2204.4819,own rate (multiplicative),126.7475,140.0131,39.8842,48.8501,0.0000,0.0000,0.0000,0.0000
405,4,False,7358.8880,8278.0000,1194.1885,1338.0000,3872.2410,4355.2168,2918.5684,3278.7440,3246.4129,3651.3306,own rate (multiplicative),1183.1525,1267.7022,own rate (multiplicative),83.2912,93.6800,24.1247,26.8134,0.0000,0.0000,0.0000,0.0000
406,4,False,7357.8879,21898.0000,1305.8513,5789.0000,3885.5382,11799.0468,3009.2248,10505.0318,3060.3999,9083.5047,superzone rate on the increment,1641.1071,6139.5063,superzone rate on the increment,148.8274,406.2927,43.1462,107.7779,0.0000,0.0000,0.0000,0.0000
407,4,False,7722.0330,6673.0000,2635.8066,3363.0000,4234.2512,3793.1883,4188.4395,4503.1150,3212.0731,2877.4859,own rate (multiplicative),3343.0755,3428.0398,own rate (multiplicative),157.7422,141.3109,64.7875,68.9136,0.0000,0.0000,0.0000,0.0000
408,4,True,3014.6037,3817.0000,1996.2763,3958.0000,1772.5816,2421.2079,2422.7305,4232.2637,1254.3577,1713.3545,own rate (multiplicative),2386.3582,3975.9612,own rate (multiplicative),69.1047,94.3916,47.3674,81.8654,0.0000,0.0000,0.0000,0.0000
409,4,True,4341.8529,3809.0000,1738.7965,2256.0000,2412.5251,2206.7627,2564.0968,2844.3033,1915.6377,1752.2544,own rate (multiplicative),1898.2271,2008.2998,own rate (multiplicative),50.6705,46.3488,12.5850,13.8117,0.0000,0.0000,0.0000,0.0000
410,4,False,1054.6830,1027.0000,132.0485,192.0000,550.1395,543.5390,386.4520,427.9459,0.0000,0.0000,own rate (multiplicative),0.0000,0.0000,own rate (multiplicative),0.0000,0.0000,0.0000,0.0000,0.0000,0.0000,0.0000,0.0000
411,4,False,7418.5401,7828.0000,818.4091,1522.0000,3855.9805,4150.1998,2628.3682,3309.5534,2322.4630,2499.6717,own rate (multiplicative),1053.5858,1265.2956,own rate (multiplicative),13.3276,14.3445,12.5203,15.5973,0.0000,0.0000,0.0000,0.0000
412,4,False,5113.9049,20973.0000,661.0513,4183.0000,2670.0630,11132.3396,1890.7331,8952.7197,2060.6491,8501.4305,superzone rate on the increment,869.6076,5138.9442,superzone rate on the increment,118.6304,393.9498,9.6487,70.8698,0.0000,0.0000,0.0000,0.0000
413,4,False,5231.6554,4216.0000,2572.1684,3195.0000,2965.9076,2528.8375,3477.9918,3716.5186,2108.1126,1797.4512,own rate (multiplicative),3381.6056,3446.4310,own rate (multiplicative),125.0262,106.6018,28.3026,29.9217,0.0000,0.0000,0.0000,0.0000
414,4,False,4279.8056,3449.0000,750.2447,932.0000,2258.9188,1860.8839,1742.7640,1671.0339,1725.0161,1421.0580,own rate (multiplicative),986.5625,902.2152,own rate (multiplicative),106.4367,87.6819,28.1962,26.7480,0.0000,0.0000,0.0000,0.0000
415,4,False,10228.1961,8823.0000,1469.1872,1957.0000,5358.5037,4707.5813,3901.3312,3926.8978,4121.6126,3620.9412,own rate (multiplicative),1931.9682,1854.7083,own rate (multiplicative),237.1306,208.3253,16.3614,16.2933,0.0000,0.0000,0.0000,0.0000
416,4,False,0.0000,0.0000,825.0000,1256.0000,101.9840,155.2629,671.7520,1022.6915,0.0000,40.5515,superzone rate on the increment,970.2753,1408.8656,own rate (multiplicative),1.8117,3.5451,11.1082,16.7314,0.0000,0.0000,0.0000,0.0000
417,4,False,3710.6754,6432.0000,1434.8513,3835.0000,2055.4889,3729.5561,2149.6833,4823.7012,1495.2684,2713.0711,own rate (multiplicative),1885.7729,4035.8424,own rate (multiplicative),90.2753,163.7989,17.4649,38.7726,0.0000,0.0000,0.0000,0.0000
418,4,False,4370.1423,4483.0000,999.8066,1534.0000,2335.4918,2458.6488,1969.8598,2434.6715,1997.1411,2102.4560,own rate (multiplicative),1492.7432,1759.6612,own rate (multiplicative),111.9965,117.9024,12.2168,14.9388,0.0000,0.0000,0.0000,0.0000
419,4,False,4494.8061,21376.0000,1028.4085,7311.0000,2402.1246,11722.9874,2026.1186,11606.2590,2053.9669,9148.2327,superzone rate on the increment,1535.5985,7310.8322,superzone rate on the increment,137.7102,440.9637,20.4205,103.3937,0.0000,0.0000,0.0000,0.0000
420,4,True,0.0000,0.0000,77.0000,78.0000,9.5185,9.6421,62.6969,63.5111,0.0000,0.0941,superzone rate on the increment,89.0027,85.3841,superzone rate on the increment,3.0435,3.0475,3.1140,3.0880,0.0000,0.0000,0.0000,0.0000
421,4,False,5909.4469,5121.0000,652.9257,842.0000,3071.7133,2696.0225,2094.5140,2039.9461,2458.3840,2157.7074,own rate (multiplicative),820.5521,762.2202,own rate (multiplicative),113.7127,99.8049,21.6465,20.8582,0.0000,0.0000,0.0000,0.0000
422,4,True,4946.3816,4944.0000,966.7516,972.0000,2623.0627,2622.5061,2095.3431,2098.9867,2182.2451,2181.7820,own rate (multiplicative),806.2488,770.3046,own rate (multiplicative),76.6230,76.6068,16.7085,16.5594,0.0000,0.0000,0.0000,0.0000
423,4,True,2411.2908,10163.0000,1311.9829,8193.0000,1382.6313,6156.6828,1705.9899,9358.9185,1063.9894,4697.6005,superzone rate on the increment,1428.0760,6032.2087,superzone rate on the increment,29.2117,184.5350,8.3454,74.7120,0.0000,0.0000,0.0000,0.0000
501,5,False,4836.5246,5356.0000,128.5251,390.0000,2463.8408,2759.0902,1383.7676,1734.0579,3293.8611,3688.5743,own rate (multiplicative),275.1070,328.8070,own rate (multiplicative),19.3548,21.6742,7.9170,9.8156,72.0843,80.7223,16.4323,20.9194
502,5,False,0.0000,0.0000,0.0000,0.0000,0.0000,0.0000,0.0000,0.0000,0.0000,0.0000,superzone rate on the increment,0.0000,0.0000,superzone rate on the increment,7.5806,7.5806,0.0000,0.0000,0.0000,0.0000,0.0000,0.0000
503,5,False,3237.7413,4484.0000,1031.9884,1362.0000,1766.3179,2437.8928,1696.5773,2294.8858,849.8648,1172.9935,own rate (multiplicative),850.1553,1096.7928,own rate (multiplicative),867.9196,1197.9129,20.5447,27.4942,171.7348,237.0304,0.0000,0.0000
504,5,False,4044.6019,4147.0000,706.1714,874.0000,2134.4248,2206.9990,1644.6731,1808.4079,619.2095,640.2637,own rate (multiplicative),392.5304,411.6508,own rate (multiplicative),142.3492,147.1893,14.4220,15.6890,307.8283,318.2949,85.1920,95.1627
505,5,False,4362.5212,7567.0000,575.1319,1284.0000,2279.1375,3988.6768,1622.0551,3046.7364,1151.9870,2016.0713,own rate (multiplicative),677.5917,1213.8815,own rate (multiplicative),181.7576,318.0907,194.3543,361.1739,179.9961,315.0079,0.0000,0.0000
506,5,False,2096.5686,2723.0000,231.0000,366.0000,1089.7103,1423.4599,742.5705,1018.1660,610.9196,798.0281,own rate (multiplicative),223.8073,292.6807,own rate (multiplicative),224.4661,293.2141,27.7129,37.5938,57.3292,74.8876,0.0000,0.0000
507,5,False,1868.1574,3198.0000,387.9692,833.0000,993.5066,1721.6049,809.9739,1524.0417,546.6902,947.3360,own rate (multiplicative),372.0438,667.6653,own rate (multiplicative),183.3246,317.6754,26.7152,49.7322,51.3018,88.8987,0.0000,0.0000
508,5,False,1708.1441,3183.0000,318.3694,702.0000,903.9139,1697.8190,710.9838,1413.4085,497.5545,934.5552,own rate (multiplicative),311.9735,591.5135,own rate (multiplicative),168.5047,316.5020,71.4659,140.5595,46.6909,87.6993,0.0000,0.0000
509,5,False,2378.4741,3632.0000,311.5689,591.0000,1242.3533,1911.3539,882.7289,1441.7745,692.9189,1066.0520,own rate (multiplicative),298.4095,464.8592,own rate (multiplicative),276.0539,424.7074,29.7936,48.1445,65.0238,100.0388,0.0000,0.0000
510,5,False,3305.3132,9617.0000,1545.1623,5430.0000,1863.9557,5538.7773,2132.2973,6964.7593,831.1371,2469.7387,own rate (multiplicative),2133.7746,4135.6375,superzone rate on the increment,273.3430,812.2435,457.0139,813.4465,41.0292,121.9191,0.0000,31.2643
511,5,False,3243.1299,3550.0000,238.1752,517.0000,1670.9165,1860.7028,1051.6442,1359.8338,815.5559,908.1886,own rate (multiplicative),336.5716,415.0814,own rate (multiplicative),183.8425,204.7238,69.8060,89.3023,40.2601,44.8329,0.0000,0.0000
512,5,False,2834.4703,3419.0000,173.1972,498.0000,1456.0456,1792.0499,890.6579,1309.7176,712.9327,877.4526,own rate (multiplicative),243.0019,340.8124,own rate (multiplicative),184.4451,227.0086,47.1510,68.5979,35.1941,43.3156,0.0000,0.0000
513,5,False,5118.5894,8529.0000,763.9374,1577.0000,2685.1525,4511.8021,1975.7465,3539.7305,1287.2245,2162.8947,own rate (multiplicative),1072.1241,1831.9892,own rate (multiplicative),299.7828,503.7185,214.9746,381.0476,63.5442,106.7719,0.0000,0.0000
514,5,False,1339.8867,1838.0000,73.1934,268.0000,687.2166,963.4125,413.9575,704.3139,353.7986,495.9921,own rate (multiplicative),85.5139,138.7670,own rate (multiplicative),108.4704,152.0652,24.0276,40.4459,55.2805,77.4981,0.0000,0.0000
601,6,False,7792.6885,9647.0000,1586.5203,2903.0000,4140.3031,5241.5814,3352.7499,4915.0968,5434.7067,6880.2831,own rate (multiplicative),3775.8735,5279.4324,own rate (multiplicative),93.9584,118.9503,136.9444,198.6223,118.9355,150.5711,225.5354,335.8898
602,6,False,3165.6392,3931.0000,271.1466,572.0000,1635.7712,2060.3407,1057.9970,1505.3804,1804.1665,2272.4434,own rate (multiplicative),537.5288,729.4617,own rate (multiplicative),409.1300,515.3210,152.8617,215.1857,145.7451,183.5737,29.7588,43.0158
603,6,False,3340.3690,4147.0000,1581.2933,2231.0000,1886.1651,2374.7472,2170.9880,2913.3381,1903.6298,2396.7358,own rate (multiplicative),3555.1268,4550.1683,own rate (multiplicative),346.8641,436.7139,694.9084,922.6013,153.7802,193.6145,196.8198,268.3202
604,6,False,4748.8318,5902.0000,92.2092,1720.0000,2414.9668,3199.8526,1331.0054,2961.4042,2706.6741,3586.3673,own rate (multiplicative),99.2734,210.6637,own rate (multiplicative),463.6207,614.3016,25.3282,55.7539,218.6521,289.7159,5.4960,12.4227
605,6,False,3786.0801,4641.0000,1252.3661,2034.0000,2071.0959,2600.4272,2021.0380,2883.5802,2265.0831,2843.9937,own rate (multiplicative),3546.5389,4826.1540,own rate (multiplicative),145.1784,182.2832,195.4849,275.9458,0.0000,0.0000,229.4138,332.5280
606,6,False,4473.3532,5556.0000,229.5579,809.0000,2292.5150,2912.1135,1369.9850,2128.1205,2676.3918,3399.7407,own rate (multiplicative),670.2828,993.0643,own rate (multiplicative),75.1771,95.4952,53.7731,82.6416,0.0000,0.0000,43.3584,68.4234
607,6,False,5385.4162,9073.0000,627.0509,1265.0000,2803.2824,4748.5731,1934.8551,3429.5579,3222.5817,5458.8381,own rate (multiplicative),1721.8981,2910.9585,own rate (multiplicative),100.2795,169.8668,154.7904,271.4480,0.0000,0.0000,111.3839,200.5688
608,6,False,3466.1579,4227.0000,408.3553,622.0000,1804.8368,2216.3386,1249.1966,1624.3758,2483.7635,3050.0603,own rate (multiplicative),645.2280,800.2170,own rate (multiplicative),657.9666,807.9827,66.0845,85.0175,140.6315,172.6954,3.4068,4.5005
609,6,False,2230.5392,2769.0000,367.4135,555.0000,1174.3811,1470.1059,889.0758,1184.2239,1334.9254,1671.0774,own rate (multiplicative),1061.7753,1348.8590,own rate (multiplicative),58.0356,72.6498,82.0093,108.0715,0.0000,0.0000,68.6828,92.9382
610,6,False,2440.4429,2952.0000,1636.1958,2580.0000,1437.4645,1813.0536,1977.6884,2881.4677,1748.6051,2205.4909,own rate (multiplicative),2556.5562,3552.6312,own rate (multiplicative),467.3508,589.4630,256.4283,369.6365,99.0065,124.8755,13.4987,19.9802
611,6,False,2199.6042,2901.0000,597.4752,1014.0000,1187.1632,1593.6564,1068.2208,1592.8723,1578.3414,2118.7768,own rate (multiplicative),932.3500,1325.9824,own rate (multiplicative),420.3211,564.2421,122.7773,181.1303,89.3661,119.9657,4.9229,7.4574
612,6,False,4597.1389,5565.0000,3015.5942,4661.0000,2699.5691,3392.8413,3671.2382,5266.9718,3293.9714,4139.8910,own rate (multiplicative),4700.4051,6431.6529,own rate (multiplicative),970.5837,1219.8378,483.0116,685.5813,186.5057,234.4020,24.8183,36.1720
613,6,False,0.0000,0.0000,3291.9991,3600.0000,406.9469,445.0211,2680.4932,2931.2813,41.5440,45.4309,own rate (multiplicative),1909.0052,1991.0804,own rate (multiplicative),2.6786,2.9292,24.3207,26.3131,0.0000,0.0000,0.0000,0.0000
701,7,False,0.0000,0.0000,3355.9964,3852.0000,414.8581,476.1726,2732.6027,3136.4710,347.1871,398.5000,own rate (multiplicative),1881.7331,2059.9738,own rate (multiplicative),1.2715,1.4595,388.6595,441.3540,0.0000,0.0000,12.7479,14.8646
702,7,False,5217.7453,6039.0000,1918.6623,2373.0000,2878.0827,3349.9155,2942.1990,3529.3385,1352.2357,1573.9212,own rate (multiplicative),1215.7775,1390.9588,own rate (multiplicative),354.1502,412.2096,95.8254,113.7247,484.1947,563.5736,0.0000,0.0000
703,7,False,5304.8722,6216.0000,425.5858,692.0000,2737.6115,3231.7019,1749.5117,2207.4042,3479.1207,4107.0405,own rate (multiplicative),3257.1126,3919.5543,own rate (multiplicative),205.4897,242.5770,198.8224,248.1894,481.9291,568.9088,0.0000,0.0000
704,7,False,2647.7424,4566.0000,5223.6515,7390.0000,1985.8572,3224.5593,4953.5801,7224.8401,3261.2510,5295.4952,own rate (multiplicative),3815.5223,5307.6457,own rate (multiplicative),103.3028,167.7391,978.1083,1411.3963,52.5167,85.2746,201.3493,298.3393
705,7,False,4940.0165,5680.0000,1013.0313,1415.0000,2625.5620,3049.7866,2131.3427,2654.3472,2399.3770,2787.0557,own rate (multiplicative),1422.9023,1690.1234,own rate (multiplicative),150.7606,175.1197,109.6838,135.1449,251.3670,291.9816,41.1288,52.0357
706,7,False,2098.5169,2448.0000,745.9049,979.0000,1154.3474,1360.0489,1162.3444,1444.5687,1019.4832,1201.1522,own rate (multiplicative),1048.6788,1243.0390,own rate (multiplicative),55.6530,65.5703,71.6937,88.1530,106.8046,125.8369,30.3119,38.2708
707,7,False,4461.6321,5155.0000,1462.0527,2155.0000,2438.9398,2875.5403,2370.4376,3118.0415,2167.6070,2555.6356,own rate (multiplicative),2099.4792,2633.9275,own rate (multiplicative),121.9515,143.7823,167.1047,217.4679,227.0860,267.7372,60.6851,81.0936
708,7,False,4497.4315,5137.0000,699.7914,997.0000,2362.8308,2723.2813,1759.2381,2170.3855,2184.6210,2517.8856,own rate (multiplicative),980.8815,1154.1644,own rate (multiplicative),89.4258,103.0677,85.7781,104.6988,228.8685,263.7825,28.3523,35.5346
709,7,True,6241.4815,7443.0000,2887.9380,4083.0000,3516.0543,4271.9194,4002.1744,5293.0133,3137.4070,3811.8722,own rate (multiplicative),2989.4682,3770.8546,own rate (multiplicative),84.8507,103.0915,285.0948,373.0347,801.7558,974.1136,1118.9630,1503.3976
710,7,False,0.0000,0.0000,0.0000,0.0000,0.0000,0.0000,0.0000,0.0000,0.0000,0.0000,superzone rate on the increment,0.0000,0.0000,superzone rate on the increment,0.0000,0.0000,0.0000,0.0000,0.0000,0.0000,0.0000,0.0000
711,7,False,4763.6582,5651.0000,461.4452,824.0000,2468.1149,2962.0509,1635.5751,2165.4589,2603.3541,3124.3551,own rate (multiplicative),871.0839,1099.9637,own rate (multiplicative),202.3311,242.8230,4.2069,5.5105,0.0000,0.0000,0.0000,0.0000
712,7,False,0.0000,1509.0000,0.0000,220.0000,0.0000,790.9592,0.0000,578.2194,0.0000,766.4409,superzone rate on the increment,0.0000,428.8753,superzone rate on the increment,0.6634,46.5320,6.3067,60.0264,0.0000,90.3949,0.0000,34.2264
713,7,False,236.8092,2626.0000,0.0000,382.0000,119.8583,1376.3423,62.6290,1005.5403,114.3452,1331.8803,superzone rate on the increment,0.0000,699.3736,superzone rate on the increment,4.5215,77.3863,3.4745,91.1484,11.9792,155.5766,0.0000,55.8135
714,7,True,857.2661,1633.0000,517.0194,1334.0000,497.8080,991.4298,647.7017,1518.0824,418.3721,833.2259,own rate (multiplicative),524.8976,1173.3669,own rate (multiplicative),7.8899,15.7135,37.5714,87.1226,106.9139,212.9286,196.4699,467.8079
715,7,True,0.0000,0.0000,0.0000,0.0000,0.0000,0.0000,0.0000,0.0000,222.8916,222.8916,superzone rate on the increment,338.2799,322.6377,superzone rate on the increment,0.6634,0.6634,0.0000,0.0000,0.0000,0.0000,0.0000,0.0000
716,7,False,0.0000,526.0000,0.0000,76.0000,0.0000,275.6239,0.0000,200.9939,0.0000,267.0801,superzone rate on the increment,0.0000,149.0807,superzone rate on the increment,26.3707,42.3544,1.6359,20.3152,0.0000,31.4997,0.0000,11.8974
717,7,False,0.0000,0.0000,0.0000,0.0000,0.0000,0.0000,0.0000,0.0000,0.0000,0.0000,superzone rate on the increment,0.0000,0.0000,superzone rate on the increment,0.0000,0.0000,2.6599,2.6316,0.0000,0.0000,0.0000,0.0000
718,7,False,0.0000,0.0000,0.0000,0.0000,0.0000,0.0000,0.0000,0.0000,0.0000,0.0000,superzone rate on the increment,0.0000,0.0000,superzone rate on the increment,0.1106,0.1106,0.0000,0.0000,0.0000,0.0000,0.0000,0.0000
719,7,False,0.0000,2950.0000,0.0000,430.0000,0.0000,1546.2649,0.0000,1130.3124,0.0000,1498.3333,superzone rate on the increment,0.0000,838.3722,superzone rate on the increment,0.0000,89.6695,0.0000,105.1432,0.0000,176.7151,0.0000,66.9063
720,7,False,0.0000,1235.0000,0.0000,180.0000,0.0000,647.3325,0.0000,473.1848,0.0000,627.2663,superzone rate on the increment,0.0000,350.9693,superzone rate on the increment,0.0000,37.5395,0.0000,44.0163,0.0000,73.9805,0.0000,28.0091
721,7,False,0.0000,0.0000,2237.3981,2568.0000,276.5804,317.4484,1821.7898,2090.9807,231.4370,265.6346,own rate (multiplicative),1254.3767,1373.1520,own rate (multiplicative),4.8650,5.5839,277.7387,315.3850,0.0000,0.0000,8.4979,9.9086
722,7,True,0.0000,1235.0000,0.0000,180.0000,0.0000,647.3325,0.0000,473.1848,0.0000,627.2663,superzone rate on the increment,0.0000,350.9693,superzone rate on the increment,0.0000,37.5395,0.0000,44.0163,0.0000,73.9805,0.0000,28.0091
723,7,False,0.0000,1235.0000,0.0000,180.0000,0.0000,647.3325,0.0000,473.1848,0.0000,627.2663,superzone rate on the increment,0.0000,350.9693,superzone rate on the increment,0.0000,37.5395,0.0000,44.0163,0.0000,73.9805,0.0000,28.0091
724,7,False,0.0000,0.0000,0.0000,0.0000,0.0000,0.0000,0.0000,0.0000,0.0000,0.0000,superzone rate on the increment,0.0000,0.0000,superzone rate on the increment,0.0000,0.0000,0.0000,0.0000,0.0000,0.0000,0.0000,0.0000
725,7,False,0.0000,153.0000,0.0000,45.0000,0.0000,83.0020,0.0000,77.1050,0.0000,80.4291,superzone rate on the increment,0.0000,57.1901,superzone rate on the increment,3.0959,7.9093,0.0000,7.1724,0.0000,9.4859,0.0000,4.5641
726,7,False,3385.4654,3830.0000,347.7865,438.0000,1756.5078,1992.6560,1178.5381,1369.5601,1644.4124,1865.4903,own rate (multiplicative),493.0355,546.4552,own rate (multiplicative),66.7012,75.6687,45.1860,51.9511,172.2744,195.4353,14.2511,16.8243
727,7,False,707.3188,687.0000,72.0000,103.0000,366.9019,360.4499,245.6904,265.5582,223.2599,219.3339,own rate (multiplicative),666.8762,687.4731,own rate (multiplicative),0.4976,0.4888,4.2605,4.5560,0.0000,0.0000,0.0000,0.0000
801,8,False,2625.6705,4768.0000,463.5855,1122.0000,1386.2608,2551.9682,1071.8837,2174.5766,1597.8299,2941.4457,own rate (multiplicative),499.6345,966.7593,own rate (multiplicative),92.7047,170.6602,165.3929,331.9684,42.9999,79.1586,19.4175,40.0194
802,8,False,6341.6376,12617.0000,3205.5518,8110.0000,3606.0097,7388.4873,4287.2782,9940.3460,3871.1007,7931.6422,own rate (multiplicative),3902.0035,8628.7201,own rate (multiplicative),311.8867,639.0363,717.4078,1645.6554,104.1770,213.4522,151.6451,357.1900
803,8,False,4684.1963,6939.0000,538.3086,947.0000,2437.3977,3629.1626,1677.1453,2606.2486,1827.0376,2720.3671,own rate (multiplicative),635.8016,942.3357,own rate (multiplicative),778.4954,1159.1404,61.4283,94.4423,26.0808,38.8330,0.0000,0.0000
804,8,False,4864.5937,13484.0000,1108.2582,3741.0000,2599.1593,7287.2271,2188.9336,6612.2061,1896.8448,5318.1575,own rate (multiplicative),1317.6600,4574.4463,superzone rate on the increment,794.2722,2226.8901,157.5148,745.3905,27.0774,75.9165,0.0000,62.8245
805,8,False,3198.7937,5482.0000,408.1146,803.0000,1669.4836,2873.9175,1178.2908,2103.6643,1766.1798,3040.3744,own rate (multiplicative),741.9693,1263.4229,own rate (multiplicative),141.2159,243.0949,177.3150,313.2005,0.0000,0.0000,0.0000,0.0000
806,8,False,4707.7917,5960.0000,1139.6183,1757.0000,2523.6724,3233.7825,2172.9990,3006.8706,2599.6036,3331.0792,own rate (multiplicative),1907.9350,2518.0113,own rate (multiplicative),236.9895,303.6735,456.9828,625.6162,0.0000,0.0000,0.0000,0.0000
807,8,False,3215.5955,4071.0000,726.6699,1095.0000,1717.3665,2195.8518,1442.1164,1968.2563,1775.9114,2270.7083,own rate (multiplicative),1223.5327,1592.7067,own rate (multiplicative),178.8496,228.6799,293.2391,395.9644,0.0000,0.0000,0.0000,0.0000
808,8,False,3207.1982,3416.0000,621.3843,829.0000,1700.1012,1831.4487,1354.1673,1578.4392,2068.0229,2227.7955,own rate (multiplicative),1540.8016,1712.9360,own rate (multiplicative),269.7306,290.5697,123.7035,142.6562,137.5064,148.1300,32.4042,38.3715
809,8,False,4759.1964,5635.0000,722.2595,973.0000,2498.0976,2972.3716,1846.7617,2282.5498,3068.3482,3650.8865,own rate (multiplicative),1772.5434,2089.5134,own rate (multiplicative),437.3126,520.3382,166.8023,203.9691,204.0196,242.7536,37.2779,46.8072
901,9,False,2625.5306,2910.0000,459.8357,424.0000,1385.7265,1525.2776,1068.7935,1114.8481,1849.2716,2035.5045,own rate (multiplicative),989.1516,984.0647,own rate (multiplicative),377.6621,415.6950,284.5459,293.6481,0.0000,0.0000,0.0000,0.0000
902,9,True,4089.3935,4629.0000,839.6436,1095.0000,2173.5951,2478.2772,1765.1982,2115.8307,1088.5926,1241.1853,own rate (multiplicative),1449.7417,1657.3604,own rate (multiplicative),353.3376,402.8664,344.9582,409.0788,0.0000,0.0000,0.0000,0.0000
903,9,True,6126.7187,12272.0000,1632.3090,4380.0000,3302.7514,6752.7781,2949.4337,6811.9707,5700.2000,11654.5819,own rate (multiplicative),3401.9122,7493.6967,own rate (multiplicative),378.8006,774.4925,334.3886,764.0795,0.0000,0.0000,0.0000,0.0000
904,9,True,3498.0418,12656.0000,718.6591,3006.0000,1859.3333,6777.2857,1510.2923,5794.7549,2407.6604,8731.4788,superzone rate on the increment,2004.9402,6044.5626,superzone rate on the increment,215.2312,879.4107,419.3364,929.8283,0.0000,104.2309,0.0000,28.1804
905,9,True,0.0000,0.0000,4075.2776,6478.0000,503.7734,800.7907,3318.2736,5274.6779,777.0344,1235.1623,own rate (multiplicative),3623.9253,5494.1672,own rate (multiplicative),3.1162,4.9535,216.9462,341.1841,0.0000,0.0000,206.7844,333.9279
906,9,False,6521.6272,9934.0000,1681.1994,3275.0000,3508.6736,5432.8288,3093.6840,5293.8988,6880.6302,10653.9651,own rate (multiplicative),5944.5242,9701.8749,own rate (multiplicative),534.9704,828.3479,930.1999,1574.8128,266.8067,413.1234,0.0000,0.0000
907,9,False,3914.7006,4342.0000,733.1205,880.0000,2072.0081,2306.4378,1632.2612,1864.8651,2537.0624,2824.1089,own rate (multiplicative),3164.6857,3448.4761,own rate (multiplicative),320.3207,356.5622,35.3828,39.9947,44.2138,49.2162,0.0000,0.0000
908,9,False,5560.2358,11100.0000,1741.5054,4657.0000,3029.5309,6193.8253,2888.5285,6727.5574,2853.3358,5833.5973,own rate (multiplicative),2271.8985,5046.7124,own rate (multiplicative),208.4003,426.0709,79.5027,183.1957,67.6080,138.2234,0.0000,0.0000
909,9,False,4465.6796,12228.0000,614.5969,2187.0000,2336.2285,6459.4160,1681.4715,5014.6951,3068.2461,8483.3647,own rate (multiplicative),1762.9637,5014.6112,own rate (multiplicative),241.3889,667.4139,342.6116,1010.9042,0.0000,0.0000,0.0000,0.0000
910,9,False,8874.4883,18361.0000,1926.0319,4162.0000,4729.8134,9807.7090,3915.2992,8244.8244,4532.3850,9398.3228,own rate (multiplicative),2578.1053,5177.9278,own rate (multiplicative),309.4574,641.6887,77.5803,161.6296,107.3920,222.6873,0.0000,0.0000
911,9,True,0.0000,4810.0000,0.0000,701.0000,0.0000,2521.1833,0.0000,1842.8873,0.0000,3241.8990,superzone rate on the increment,0.0000,1777.4509,superzone rate on the increment,0.0880,340.5789,0.0000,221.4989,0.0000,53.4339,0.0000,12.1213
912,9,True,2625.5306,2699.0000,368.2816,394.0000,1374.4089,1414.7738,994.2460,1034.6176,395.4796,407.0944,own rate (multiplicative),151.0552,149.9203,own rate (multiplicative),2.7289,2.8090,0.1348,0.1388,0.0000,0.0000,0.0000,0.0000
913,9,True,6475.2295,7179.0000,2439.3511,3234.0000,3578.9103,4033.3480,3698.7343,4531.8993,4635.6899,5224.3138,own rate (multiplicative),1166.1526,1362.7663,own rate (multiplicative),1078.4319,1215.3675,272.6453,330.5051,0.0000,0.0000,0.0000,0.0000
914,9,True,0.0000,884.0000,0.0000,129.0000,0.0000,463.3733,0.0000,338.8292,0.0000,595.8351,superzone rate on the increment,0.0000,326.7983,superzone rate on the increment,0.0880,62.6675,0.1140,40.8371,0.0000,9.8207,0.0000,2.2286
915,9,False,0.0000,3457.0000,0.0000,504.0000,0.0000,1812.0249,0.0000,1324.6529,0.0000,2330.0177,superzone rate on the increment,0.0000,1277.6177,superzone rate on the increment,0.8275,245.5451,5.8947,165.0436,0.0000,38.4040,0.0000,8.7127
916,9,False,0.0000,0.0000,0.0000,0.0000,0.0000,0.0000,0.0000,0.0000,0.0000,0.0000,superzone rate on the increment,0.0000,0.0000,superzone rate on the increment,0.0000,0.0000,0.0000,0.0000,0.0000,0.0000,0.0000,0.0000
917,9,True,0.0000,3704.0000,0.0000,540.0000,0.0000,1941.4914,0.0000,1419.2899,0.0000,2496.4941,superzone rate on the increment,0.0000,1368.8944,superzone rate on the increment,0.1056,262.3080,0.0000,170.5862,0.0000,41.1479,0.0000,9.3352
918,9,True,0.0000,3704.0000,0.0000,540.0000,0.0000,1941.4914,0.0000,1419.2899,0.0000,2496.4941,superzone rate on the increment,0.0000,1368.8944,superzone rate on the increment,0.0000,262.2024,0.0000,170.5862,0.0000,41.1479,0.0000,9.3352
919,9,True,0.0000,1976.0000,0.0000,289.0000,0.0000,1035.8556,0.0000,757.9099,0.0000,1331.9696,superzone rate on the increment,0.0000,730.9984,superzone rate on the increment,0.0000,139.8944,0.0000,91.0941,0.0000,21.9539,0.0000,4.9850
920,9,True,0.0000,2222.0000,0.0000,324.0000,0.0000,1164.6924,0.0000,851.4681,0.0000,1497.6361,superzone rate on the increment,0.0000,821.2346,superzone rate on the increment,0.0000,157.2941,0.0000,102.3390,0.0000,24.6844,0.0000,5.6004
921,9,False,5039.2155,9962.0000,1003.1924,2612.0000,2674.5543,5365.0426,2149.5665,4761.4597,5351.1898,10734.2602,own rate (multiplicative),3555.9531,7512.4937,own rate (multiplicative),393.2907,788.9245,535.7415,1174.0795,207.5004,416.2371,0.0000,0.0000
922,9,True,0.0000,1975.0000,0.0000,289.0000,0.0000,1035.3495,0.0000,757.6454,0.0000,1331.3187,superzone rate on the increment,0.0000,730.7433,superzone rate on the increment,0.8451,140.6711,0.0745,91.1361,0.0000,21.9432,0.0000,4.9833
923,9,True,0.0000,0.0000,0.0000,0.0000,0.0000,0.0000,0.0000,0.0000,0.0000,0.0000,superzone rate on the increment,0.0000,0.0000,superzone rate on the increment,0.1585,0.1585,0.0000,0.0000,0.0000,0.0000,0.0000,0.0000
924,9,False,0.0000,0.0000,0.0000,0.0000,0.0000,0.0000,0.0000,0.0000,0.0000,0.0000,superzone rate on the increment,0.0000,0.0000,superzone rate on the increment,0.0000,0.0000,0.0000,0.0000,0.0000,0.0000,0.0000,0.0000
925,9,False,0.0000,0.0000,1563.3999,1564.0000,193.2628,193.3369,1272.9903,1273.4789,0.0000,0.0954,superzone rate on the increment,233.1803,222.4833,own rate (multiplicative),0.0000,0.0100,0.0000,0.0000,0.0000,0.0016,0.0000,0.0000
1001,10,False,559.1124,624.0000,41.0000,46.0000,288.0568,321.5170,181.2526,202.4847,247.0313,275.7261,own rate (multiplicative),0.0000,0.0000,own rate (multiplicative),33.4639,37.3511,0.0754,0.0833,0.0000,0.0000,0.0000,0.0000
1002,10,True,10136.1271,11310.0000,897.9993,2199.0000,5241.2955,5996.2639,3411.8949,4781.6824,6691.4975,7655.3564,own rate (multiplicative),5108.3285,6828.1458,own rate (multiplicative),19.6875,22.5233,9.9490,13.7949,0.0000,0.0000,0.0000,0.0000
1003,10,False,8917.2679,11240.0000,1591.4424,2863.0000,4710.1049,6042.9159,3654.1754,5303.8280,2774.3619,3559.4187,own rate (multiplicative),3296.7615,4563.7984,own rate (multiplicative),28.1103,36.0646,17.1156,24.5779,0.0000,0.0000,0.0000,0.0000
1004,10,False,2973.5468,9979.0000,688.4785,3095.0000,1590.1351,5433.3539,1347.0046,5159.2359,924.8390,3973.3598,superzone rate on the increment,1342.2341,4963.4601,superzone rate on the increment,26.6667,57.3011,6.1367,29.7924,0.0000,0.0000,0.0000,0.0000
1005,10,True,2202.4419,2678.0000,509.8582,805.0000,1177.7685,1454.9515,997.6297,1363.7183,707.4249,873.9145,own rate (multiplicative),360.2069,469.6196,own rate (multiplicative),4.5833,5.6620,33.3910,45.1584,0.0000,0.0000,0.0000,0.0000
1006,10,False,9592.7858,9283.0000,1640.5433,2442.0000,5058.0804,5000.3594,3872.8099,4443.4628,2984.7278,2950.6672,own rate (multiplicative),3532.5459,3865.6458,own rate (multiplicative),31.4882,31.1289,18.0161,20.4507,0.0000,0.0000,0.0000,0.0000
1101,11,False,2003.0995,5228.0000,1617.9585,2402.0000,1213.8535,2943.0218,1847.1744,3338.4663,289.8943,702.8568,own rate (multiplicative),2006.2943,3458.3792,own rate (multiplicative),0.7535,1.8270,127.6979,228.3368,0.0000,0.0000,118.7766,218.0827
1102,11,True,4716.1055,7587.0000,484.8464,782.0000,2446.9394,3936.7438,1642.0531,2643.2749,3736.3832,6011.2577,own rate (multiplicative),1413.7923,2170.5992,own rate (multiplicative),73.2421,117.8351,0.2921,0.4653,23.5186,37.8378,0.0000,0.0000
1103,11,False,3091.5980,10651.0000,201.3736,1710.0000,1589.6710,5602.2697,981.6030,4209.2308,0.0000,3564.9116,superzone rate on the increment,184.7796,2950.1691,superzone rate on the increment,1.6489,396.0376,0.0000,294.5954,0.0000,39.7570,0.0000,28.7175
1104,11,False,7027.4225,8151.0000,1713.4916,3019.0000,3768.6681,4498.7373,3253.7455,4613.9018,2900.0033,3461.7941,own rate (multiplicative),3053.2440,4129.3830,own rate (multiplicative),564.3843,673.7173,687.9690,965.1762,29.5589,35.2851,0.0000,0.0000
1105,11,False,1658.7408,2280.0000,2156.0938,2723.0000,1106.0829,1490.6055,2194.2758,2820.1807,424.2780,571.7755,own rate (multiplicative),1418.4445,1738.7493,own rate (multiplicative),3.0496,4.1098,51.3527,65.2983,0.0000,0.0000,0.0000,0.0000
1106,11,False,1538.7652,3554.0000,642.7143,1566.0000,858.2792,1992.4016,930.2843,2215.0345,2782.7250,6459.7925,own rate (multiplicative),2111.7307,4795.5917,own rate (multiplicative),266.1120,617.7499,3.9356,9.2711,62.7150,145.5861,0.0000,0.0000
1107,11,False,7027.4225,8151.0000,1049.0617,1699.0000,3686.5333,4335.5629,2712.7370,3539.0986,2900.0033,3410.5610,own rate (multiplicative),2032.3402,2528.8337,own rate (multiplicative),532.6910,626.4735,379.9023,490.3542,29.5589,34.7629,0.0000,0.0000
1201,12,False,0.0000,7858.0000,55.0000,849.0000,6.7989,4082.1898,44.7835,2769.5008,25.1586,6278.9523,superzone rate on the increment,73.4304,2559.1061,superzone rate on the increment,2.0833,1659.0225,0.0510,563.7735,0.0000,83.8960,2.4551,148.3544
1202,12,False,0.0000,0.0000,544.5965,633.0000,67.3214,78.2495,443.4349,515.4170,249.8464,266.6160,superzone rate on the increment,710.9106,788.1026,own rate (multiplicative),10.8333,15.2764,11.8672,13.6468,0.0000,0.2250,23.7692,28.0670
1203,12,True,0.0000,0.0000,5698.2520,6888.0000,704.4006,851.4737,4639.7721,5608.5182,1105.1235,1335.8641,own rate (multiplicative),4478.3955,5163.1271,own rate (multiplicative),169.7222,205.1588,1269.3327,1518.0285,0.0000,0.0000,433.5625,532.4201
1204,12,False,0.0000,0.0000,1095.7204,1279.0000,135.4496,158.1061,892.1847,1041.4191,506.1666,540.9335,superzone rate on the increment,1440.2396,1603.4094,own rate (multiplicative),0.0000,9.2115,26.0577,30.0926,0.0000,0.4664,48.1543,57.1028
1205,12,True,0.0000,0.0000,148.1927,173.0000,18.3191,21.3857,120.6652,140.8644,91.9739,96.6797,superzone rate on the increment,154.2084,165.5300,superzone rate on the increment,0.0000,1.2468,9.1565,13.2381,0.0000,0.0631,0.0000,1.0813
1206,12,False,0.0000,0.0000,148.1927,173.0000,18.3191,21.3857,120.6652,140.8644,22.7796,27.4854,superzone rate on the increment,114.7928,127.9370,superzone rate on the increment,9.1667,10.4135,38.8868,42.6519,0.9817,1.0448,9.5444,10.7774
1207,12,False,0.0000,0.0000,1163.5984,1290.0000,143.8405,159.4659,947.4539,1050.3758,180.5634,204.5409,superzone rate on the increment,887.0539,937.9410,own rate (multiplicative),13.1944,19.5473,257.6146,282.5596,7.7813,8.1029,73.7536,83.0655
1208,12,True,0.0000,0.0000,6420.3695,7494.0000,793.6666,926.3855,5227.7526,6101.9506,1004.3658,1172.3185,own rate (multiplicative),4934.1562,5492.9474,own rate (multiplicative),39.4445,46.0405,1352.7153,1562.1151,43.2828,50.5207,410.2469,486.4634
1209,12,True,0.0000,0.0000,1766.6806,2063.0000,218.3917,255.0218,1438.5105,1679.7870,276.3807,332.5906,superzone rate on the increment,1357.7749,1512.1952,own rate (multiplicative),28.4722,43.3650,372.1262,429.9168,11.9105,12.6645,112.8915,133.9225
1210,12,True,0.0000,0.0000,883.3403,1032.0000,109.1958,127.5727,719.2552,840.3006,255.3575,283.5572,superzone rate on the increment,472.2731,526.2399,own rate (multiplicative),49.4444,56.9160,128.3236,148.3239,0.0000,0.3783,0.0000,0.0000
1211,12,True,0.0000,0.0000,315.7814,369.0000,39.0359,45.6147,257.1234,300.4563,42.8225,52.9177,superzone rate on the increment,376.5679,419.6835,own rate (multiplicative),41.1112,43.7859,316.9615,366.4369,0.0000,0.1354,0.0000,0.0000
1212,12,True,0.0000,0.0000,280.7983,282.0000,34.7114,34.8600,228.6386,229.6170,175.1890,175.4169,superzone rate on the increment,293.7303,281.3469,own rate (multiplicative),101.6667,101.7271,64.0522,63.6417,0.0000,0.0031,0.0000,0.0000
1213,12,True,0.0000,0.0000,140.5991,140.0000,17.3804,17.3064,114.4821,113.9943,88.2200,88.1063,superzone rate on the increment,147.9142,140.6289,superzone rate on the increment,0.0000,0.0000,8.7828,8.5884,0.0000,0.0000,0.0000,0.0000
1214,12,True,0.0000,0.0000,2616.6243,3055.0000,323.4592,377.6498,2130.5727,2487.5179,338.8213,395.5857,own rate (multiplicative),995.1826,1108.1831,own rate (multiplicative),264.7028,309.0497,234.9285,271.3679,15.5769,18.1866,96.6217,114.6029
1215,12,True,0.0000,0.0000,116.0000,174.0000,14.3396,21.5094,94.4524,141.6786,454.2829,465.2851,superzone rate on the increment,1160.1065,1149.6045,superzone rate on the increment,0.0000,2.9150,180.4550,188.3051,0.0000,0.1476,0.0000,2.5281
1216,12,True,0.0000,0.0000,2402.2438,2805.0000,296.9581,346.7456,1956.0146,2283.9567,311.0143,363.1585,own rate (multiplicative),913.5079,1017.3420,own rate (multiplicative),290.8756,339.6433,234.6065,271.0246,14.2985,16.6958,88.6919,105.2086
1217,12,True,0.0000,0.0000,2802.8197,3271.0000,346.4761,404.3511,2282.1814,2663.3948,362.8586,423.4702,own rate (multiplicative),1065.7847,1186.2979,own rate (multiplicative),284.2503,331.7312,264.5281,305.4289,16.6820,19.4685,103.4765,122.6813
1218,12,True,14.0000,15.0000,975.9234,1140.0000,127.7266,148.5154,798.3432,932.2061,472.4363,504.3373,superzone rate on the increment,522.2739,581.6471,own rate (multiplicative),181.8158,190.2679,261.5410,302.1448,0.0000,0.4280,14.4587,17.1515
1219,12,True,4.0000,5.0000,1951.2703,2278.0000,243.2347,284.1301,1589.8696,1856.1720,134.7628,197.5179,superzone rate on the increment,1043.3910,1161.8303,own rate (multiplicative),648.0742,664.7011,579.7811,669.6899,0.0000,0.8419,28.8854,34.2599
1220,12,True,27.0000,29.0000,4879.6758,5696.0000,616.8765,718.8003,3980.3914,4645.6081,301.3136,351.0983,own rate (multiplicative),4428.5029,4929.6105,own rate (multiplicative),1.8056,2.1039,795.8076,918.9203,0.0000,0.0000,162.8395,193.0757
1221,12,True,0.0000,0.0000,3311.0075,6739.0000,409.2967,833.0547,2695.9707,5487.1958,0.0000,0.0000,own rate (multiplicative),3142.8646,6100.9834,own rate (multiplicative),30.9723,63.0389,526.6304,1060.4598,0.0000,0.0000,115.5656,238.9544
1222,12,True,0.0000,0.0000,2510.7977,2780.0000,310.3772,343.6552,2044.4040,2263.6006,264.0221,292.3299,own rate (multiplicative),832.3096,878.9353,own rate (multiplicative),6.9444,7.6890,25.3850,27.8076,0.0000,0.0000,68.5665,77.1252
1223,12,False,5.0000,5.0000,1864.7968,2064.0000,233.0512,257.6761,1519.7235,1681.9236,54.9237,92.7112,superzone rate on the increment,1679.0556,1772.3343,own rate (multiplicative),7.3611,17.3729,276.7264,303.0018,0.0000,0.5069,61.7402,69.4162
1224,12,True,0.0000,0.0000,158.0000,174.0000,19.5315,21.5094,128.6507,141.6786,98.8564,101.8915,superzone rate on the increment,165.7479,169.9848,superzone rate on the increment,0.0000,0.8041,9.8417,12.4323,0.0000,0.0407,0.0000,0.6974
1225,12,True,0.0000,0.0000,304.3996,332.0000,37.6290,41.0408,247.8558,270.3293,1001.8675,1007.1032,superzone rate on the increment,1642.7259,1708.8266,own rate (multiplicative),0.0000,1.3872,65.5975,70.7839,0.0000,0.0702,0.0000,0.0000
1226,12,False,0.0000,0.0000,510.1979,564.0000,63.0691,69.7200,415.4260,459.2341,319.9684,330.1744,superzone rate on the increment,523.0010,551.4191,own rate (multiplicative),0.6944,3.3985,40.8659,44.6945,0.0000,0.1369,0.0000,0.0000
1227,12,False,0.0000,0.0000,158.0000,174.0000,19.5315,21.5094,128.6507,141.6786,98.8564,101.8915,superzone rate on the increment,165.7479,169.9848,superzone rate on the increment,0.0000,0.8041,9.8417,12.4323,0.0000,0.0407,0.0000,0.6974
1302,13,True,2256.0970,3032.0000,2477.4319,2892.0000,1448.1509,1892.1132,2613.9065,3156.6697,1649.0231,2154.5671,own rate (multiplicative),2303.6347,2653.3319,own rate (multiplicative),339.8314,444.0141,404.1419,482.8653,186.5587,243.7523,105.1664,129.0231
1303,13,True,1293.6288,1865.0000,1247.1432,1964.0000,808.9239,1186.7327,1357.6062,2092.4137,956.3962,1403.0821,own rate (multiplicative),1200.8181,1765.1836,own rate (multiplicative),122.8316,180.2003,188.7512,287.8170,108.2001,158.7351,54.8202,85.8352
1304,13,True,1503.6054,2078.0000,2298.9648,3616.0000,1045.2241,1498.7555,2269.5790,3493.8783,1098.9311,1575.7664,own rate (multiplicative),2092.8583,3072.8488,own rate (multiplicative),152.4141,218.5479,376.5312,573.4775,124.3260,178.2720,95.5442,149.4231
1305,13,True,2299.2755,3455.0000,916.1847,1686.0000,1277.0086,1957.1279,1354.0885,2286.5613,516.2221,791.1557,own rate (multiplicative),1064.5430,1714.5016,own rate (multiplicative),89.8173,137.6529,157.6775,263.4259,0.0000,0.0000,0.0000,0.0000
1306,13,True,1388.0846,2109.0000,603.4225,1134.0000,777.1568,1207.6284,858.4407,1481.1213,311.4028,483.8907,own rate (multiplicative),708.5032,1165.8992,own rate (multiplicative),51.8327,80.5431,103.5039,176.6811,0.0000,0.0000,0.0000,0.0000
1307,13,True,0.0000,257.0000,4269.1142,4985.0000,527.7349,746.3083,3476.1040,4126.9792,0.0000,0.0000,own rate (multiplicative),1573.9127,1782.2106,own rate (multiplicative),87.5976,123.8782,697.6287,819.4393,0.0000,0.0000,349.9158,422.0406
1308,13,True,0.0000,0.0000,4282.7207,5000.0000,529.4169,618.0848,3487.1831,4071.2240,0.0000,0.0000,own rate (multiplicative),1894.4827,2109.5012,own rate (multiplicative),31.4252,36.6884,370.8771,428.3840,0.0000,0.0000,395.1283,468.6402
1309,13,True,595.9100,1263.0000,759.0028,1805.0000,395.4388,862.3820,775.6145,1803.7378,453.2949,988.5558,own rate (multiplicative),703.4415,1560.2504,own rate (multiplicative),112.6816,245.7387,172.9888,398.0140,12.8175,27.9526,17.7614,41.9620
1310,13,True,892.4230,1802.0000,1180.8102,2671.0000,597.6581,1242.2431,1197.4879,2651.4232,679.3392,1412.0186,own rate (multiplicative),1094.9300,2312.2413,own rate (multiplicative),168.6505,350.5431,241.9112,529.9279,19.2092,39.9266,27.6462,62.1863
1311,13,True,770.0121,1296.0000,388.1480,859.0000,437.7147,762.1429,519.6928,1042.1897,301.8260,525.5353,own rate (multiplicative),904.5421,1730.0863,own rate (multiplicative),480.0537,835.8630,756.9052,1501.7394,0.0000,0.0000,498.6395,1015.8696
1312,13,True,1333.7812,3248.0000,5067.0544,5915.0000,1301.4524,2375.1333,4478.5681,5675.2573,237.9570,434.2683,own rate (multiplicative),1868.2565,2257.9886,own rate (multiplicative),383.2784,699.4781,786.3385,985.8456,0.0000,0.0000,415.3554,534.7090
1313,13,True,61.1686,186.0000,4282.7207,5000.0000,560.3767,712.2267,3503.3603,4120.4155,751.6541,955.3360,own rate (multiplicative),1894.4827,2125.1311,own rate (multiplicative),73.3858,93.2718,437.4244,508.9934,64.0839,81.4493,395.1283,472.1125
1401,14,True,795.2943,1222.0000,5257.1894,8426.0000,1052.4072,1660.0982,4490.9709,7184.0093,261.7680,412.9205,own rate (multiplicative),1799.8562,2746.0177,own rate (multiplicative),154.0682,243.0317,1228.1450,1943.7001,39.4087,62.1645,210.6803,342.3748
1402,14,False,1346.8689,1775.0000,628.2177,724.0000,759.3610,987.8951,867.7297,1058.9479,249.0555,324.0103,own rate (multiplicative),321.4903,374.1940,own rate (multiplicative),419.7142,546.0296,353.6746,427.0187,16.4097,21.3483,2.1735,2.6946
1403,14,False,1938.4710,3110.0000,987.5522,1771.0000,1103.2137,1793.0174,1316.7771,2264.5299,1125.1481,1828.6667,own rate (multiplicative),1820.2179,2985.5755,own rate (multiplicative),89.2776,145.1000,71.2894,121.2952,0.0000,0.0000,0.0000,0.0000
1404,14,False,3305.3925,4516.0000,434.5621,644.0000,1726.7068,2365.3323,1228.0178,1718.7211,2470.9078,3384.7774,own rate (multiplicative),786.6247,1050.0433,own rate (multiplicative),219.6999,300.9563,150.6432,208.5948,0.0000,0.0000,28.5954,40.6583
1405,14,False,3287.6956,4946.0000,621.6317,771.0000,1740.8747,2598.6714,1375.6579,1935.8524,883.3482,1318.6083,own rate (multiplicative),47.7922,64.1442,own rate (multiplicative),213.8126,319.1664,313.9828,437.1401,0.0000,0.0000,0.0000,0.0000
1406,14,False,2992.3304,3652.0000,352.2114,487.0000,1558.0739,1908.6205,1078.1685,1362.3824,548.3808,671.7595,own rate (multiplicative),185.2261,223.2305,own rate (multiplicative),915.1874,1121.0928,197.2666,246.6147,36.1316,44.2607,1.2523,1.6075
1407,14,False,1346.8689,2666.0000,1461.2656,2540.0000,862.3399,1663.3532,1546.0347,2773.2594,249.0555,480.3992,own rate (multiplicative),746.1605,1276.5634,own rate (multiplicative),417.1741,804.6803,823.5583,1461.5665,16.4097,31.6524,5.0446,9.1928
1408,14,True,926.3508,1197.0000,2723.5993,3771.0000,805.5452,1072.0078,2462.6688,3387.0880,686.8805,914.0905,own rate (multiplicative),2422.5404,3177.8280,own rate (multiplicative),152.9659,203.5647,576.1095,783.9322,19.4224,25.8471,61.1674,85.4657
1409,14,True,1733.3134,2706.0000,626.8740,1027.0000,954.7895,1496.5663,968.8386,1551.8858,1346.8822,2111.1444,own rate (multiplicative),612.8558,936.2794,own rate (multiplicative),224.1089,351.2751,125.4601,198.8231,38.0848,59.6953,15.4742,25.1806
1410,14,False,2600.1093,4091.0000,941.1442,1924.0000,1432.3577,2308.4530,1453.9732,2648.5546,2020.1265,3255.7281,own rate (multiplicative),919.8379,1598.0955,own rate (multiplicative),357.5126,576.1836,195.8055,352.8827,57.1216,92.0597,23.2253,42.9798
1411,14,False,4855.3325,8719.0000,2843.1066,4830.0000,2808.9285,5010.0945,3599.0756,6238.7182,1381.7449,2464.5243,own rate (multiplicative),2032.0122,3359.4610,own rate (multiplicative),353.0543,629.7189,827.8393,1419.7223,39.9492,71.2546,59.2504,104.3391
1412,14,False,2563.2786,2867.0000,3437.0082,3466.0000,1722.2474,1879.5564,3476.4769,3580.4086,821.7650,896.8246,own rate (multiplicative),2316.2634,2275.2026,own rate (multiplicative),248.2740,270.9512,665.8342,678.4413,11.6720,12.7382,0.0000,0.0000
1413,14,False,1098.7473,1239.0000,315.3371,430.0000,595.0997,680.2613,547.3475,677.8039,352.2664,402.6775,own rate (multiplicative),232.6286,274.7533,own rate (multiplicative),104.7274,119.7144,71.0579,87.0575,5.0035,5.7195,0.0000,0.0000
1414,14,False,3428.6772,6044.0000,344.4947,684.0000,1777.9720,3143.6571,1187.2860,2155.4014,1171.3651,2071.1070,own rate (multiplicative),214.5797,371.5355,own rate (multiplicative),311.8740,551.4288,72.5442,130.2953,16.6377,29.4173,0.0000,0.0000
1415,14,False,4812.1731,6014.0000,1192.5160,1854.0000,2583.0429,3273.1048,2243.6764,3100.1337,1336.8000,1693.9271,own rate (multiplicative),852.1219,1122.9510,own rate (multiplicative),359.4758,455.5100,356.2492,486.9979,38.6498,48.9751,24.8466,34.8769
1416,14,False,795.2943,1607.0000,3462.7063,8228.0000,830.5786,1830.4855,3029.8222,7124.6099,261.7680,576.9020,own rate (multiplicative),1170.7956,2625.8136,own rate (multiplicative),171.9951,379.0545,836.1782,1945.3410,39.4087,86.8516,137.0464,327.3879
1417,14,True,618.4378,1410.0000,1463.5970,3591.0000,493.9408,1157.5643,1355.2847,3296.8561,458.4560,1074.4045,own rate (multiplicative),1298.9176,3013.6302,own rate (multiplicative),82.7113,193.8363,336.5116,809.8834,12.9634,30.3801,32.7968,81.0497
1418,14,False,3824.5897,6884.0000,670.4163,1375.0000,2018.6482,3654.2331,1557.3730,2940.1995,1310.1507,2371.6842,own rate (multiplicative),435.2209,783.6692,own rate (multiplicative),344.6894,623.9698,150.5028,281.1136,18.6089,33.6865,0.0000,0.0000
1501,15,True,3382.9920,4696.0000,1618.5036,2811.0000,1912.3382,2724.3153,2212.5588,3530.7943,1910.5632,2721.7867,own rate (multiplicative),1208.5561,1839.4301,own rate (multiplicative),465.3576,662.9481,80.4531,127.0204,0.0000,0.0000,0.0000,0.0000
1502,15,True,0.0000,2432.0000,4650.6888,5445.0000,574.9040,1904.0240,3786.7992,5076.7545,1150.5616,2019.3710,superzone rate on the increment,7024.4314,8981.8117,own rate (multiplicative),341.6458,661.5309,1193.1461,1582.5611,65.6719,191.0288,784.9986,1069.1385
1503,15,True,0.0000,0.0000,2066.9870,2403.0000,255.5147,297.0516,1683.0334,1956.6303,0.0000,0.0000,own rate (multiplicative),2506.7888,2779.5383,own rate (multiplicative),25.0532,29.1259,529.1102,608.5764,0.0000,0.0000,306.1633,361.5933
1504,15,True,1436.0461,2924.0000,1558.5938,2744.0000,919.5073,1819.1549,1648.8683,3007.5986,451.1323,892.5210,own rate (multiplicative),1889.1026,3286.4600,own rate (multiplicative),153.6220,303.9259,415.9971,750.7186,63.0015,124.6422,230.7232,427.5397
1505,15,True,3587.5353,3960.0000,525.0761,659.0000,1880.6993,2085.7734,1376.3367,1583.8894,1119.1116,1241.1411,own rate (multiplicative),533.0887,585.1114,own rate (multiplicative),375.7067,416.6743,118.6914,135.1364,156.2863,173.3279,65.1082,76.1179
1506,15,True,3121.5079,7332.0000,589.9543,1582.0000,1652.8447,3906.5720,1305.9131,3227.2309,975.0712,2304.6242,own rate (multiplicative),686.5883,1618.2702,own rate (multiplicative),341.3678,806.8381,168.7709,412.6352,136.1706,321.8454,83.8556,210.5227
1507,15,True,2153.7656,4408.0000,690.1749,1729.0000,1175.4217,2444.7937,1131.5782,2573.6140,676.6663,1407.4178,own rate (multiplicative),828.8074,1797.8413,own rate (multiplicative),217.8436,453.0992,178.9743,402.7194,94.4977,196.5485,101.2254,233.8836
1508,15,True,633.1879,752.0000,377.6452,572.0000,367.1643,451.3253,474.9550,664.6296,197.5486,242.8304,own rate (multiplicative),531.8459,709.8260,own rate (multiplicative),65.2569,80.2151,109.3435,151.3816,27.5881,33.9118,64.9564,92.3422
1509,15,True,3871.6140,5397.0000,276.7379,463.0000,1993.7837,2788.8660,1249.2590,1804.3411,1254.5173,1754.7945,own rate (multiplicative),337.9956,465.6034,own rate (multiplicative),377.7294,528.3605,69.5615,99.4004,175.1958,245.0604,41.2806,60.5709
1510,15,True,2140.4468,3582.0000,146.3092,313.0000,1101.4496,1851.6814,685.2159,1202.1909,3146.8640,5290.2919,own rate (multiplicative),867.2984,1451.2874,own rate (multiplicative),717.6830,1206.5194,107.0918,185.8896,861.3547,1448.0504,102.0978,181.9758
1511,15,True,3977.7957,4311.0000,623.0000,794.0000,2090.3302,2280.1164,1559.2830,1786.6415,1502.3843,1638.7894,own rate (multiplicative),738.7818,807.3606,own rate (multiplicative),888.1851,968.8255,259.8609,294.5821,232.6878,253.8141,68.2063,79.3941
1512,15,True,3510.5988,4000.0000,438.6685,543.0000,1831.0772,2091.6794,1285.6323,1500.0158,345.0112,394.1138,own rate (multiplicative),306.9398,341.5633,own rate (multiplicative),273.3321,312.2332,74.1816,85.6305,80.4928,91.9487,26.1388,30.9824
1513,15,True,4586.3996,4133.0000,648.8325,632.0000,2401.5617,2169.9977,1741.2746,1607.6581,1729.5593,1562.7914,own rate (multiplicative),755.2509,665.0535,own rate (multiplicative),1021.5088,923.0127,306.0323,279.5417,267.8720,242.0432,69.7269,65.4001
1514,15,True,3820.1985,4442.0000,543.6826,619.0000,2000.7592,2324.7876,1453.0194,1678.7942,375.4192,436.2193,own rate (multiplicative),371.3032,409.1604,own rate (multiplicative),317.2787,368.6628,115.5045,132.0316,87.5871,101.7721,31.6199,37.1140
1515,15,True,0.0000,2037.0000,0.0000,271.0000,0.0000,1064.5050,0.0000,759.3862,61.1205,756.9582,superzone rate on the increment,100.8192,676.5875,superzone rate on the increment,0.9043,257.1033,31.6021,174.2672,0.0000,100.3996,0.0000,57.3392
1516,15,True,0.0000,0.0000,0.0000,0.0000,0.0000,0.0000,0.0000,0.0000,61.1205,61.1205,superzone rate on the increment,100.8192,96.1573,superzone rate on the increment,0.3856,0.3856,30.5474,30.2223,0.0000,0.0000,0.0000,0.0000
1517,15,True,0.0000,0.0000,11211.1788,12993.0000,1385.8919,1606.1552,9128.6441,10579.4828,867.9143,1005.8542,own rate (multiplicative),8298.8328,9173.0564,own rate (multiplicative),572.9053,663.9586,2153.1778,2468.8292,0.0000,0.0000,336.1590,395.7803
1518,15,True,4223.7709,4195.0000,6124.9600,9074.0000,2894.9635,3244.9528,6104.2784,8497.9099,476.3446,533.9327,own rate (multiplicative),2777.1713,3687.3923,own rate (multiplicative),17.9122,20.0777,980.5348,1350.4975,179.5579,201.2657,440.7116,623.2804
1519,15,True,0.0000,0.0000,851.3720,1283.0000,105.2440,158.6006,693.2252,1044.6761,245.5261,280.4039,superzone rate on the increment,644.7310,926.6692,own rate (multiplicative),2.2473,15.0889,3.4010,5.0707,0.0000,5.0324,99.0485,151.6374
1520,15,True,395.9322,3844.0000,1297.3220,2192.0000,360.7676,2216.5661,1161.0499,2801.4481,431.0765,1644.1611,superzone rate on the increment,1150.5338,2647.7070,own rate (multiplicative),1.5027,448.1457,65.3215,155.9340,0.0000,175.0310,85.6535,209.9560
1521,15,True,0.0000,7078.0000,0.0000,1033.0000,0.0000,3710.1470,0.0000,2713.0350,0.0000,2425.2214,superzone rate on the increment,62.5921,2133.3827,superzone rate on the increment,0.2394,893.1766,538.6511,1043.8147,0.0000,349.9253,0.0000,204.8539
1522,15,True,1374.1276,1803.0000,191.5774,1389.0000,719.1816,1084.2723,519.4067,1607.8258,433.5376,653.6219,own rate (multiplicative),241.0704,1061.8469,superzone rate on the increment,133.6225,201.4556,58.4396,262.7798,60.5443,91.2795,29.4428,112.0945
1523,15,True,2678.2338,3042.0000,512.7850,709.0000,1418.9471,1627.3188,1125.8456,1381.8179,265.7940,304.8257,own rate (multiplicative),353.9841,414.3760,own rate (multiplicative),196.8708,225.7812,83.8308,101.7955,62.0110,71.1173,30.1450,37.5870
1524,15,True,0.0000,2561.0000,0.0000,1804.0000,0.0000,1519.2266,0.0000,2146.2058,0.0000,993.0768,superzone rate on the increment,0.0000,1640.4338,superzone rate on the increment,0.2394,365.8782,3.3625,407.4826,0.0000,143.2870,0.0000,162.0541
1601,16,False,3241.9928,4654.0000,690.9957,1207.0000,1726.3172,2504.7758,1420.0501,2213.6378,2337.8529,3392.0749,own rate (multiplicative),1229.0116,1827.2491,own rate (multiplicative),227.8466,330.5908,254.1125,391.9060,0.0000,0.0000,44.6771,70.7520
1602,16,False,4314.0521,4950.0000,1397.3689,1947.0000,2356.2478,2746.0695,2278.7387,2894.4622,3047.9825,3552.2459,own rate (multiplicative),2479.0454,3003.2862,own rate (multiplicative),300.6164,350.3509,477.0006,599.4393,0.0000,0.0000,90.1183,116.2887
1603,16,False,2138.6764,2678.0000,513.2548,812.0000,1145.9142,1455.8168,983.5313,1369.4180,1042.2186,1324.0776,own rate (multiplicative),393.3513,522.3570,own rate (multiplicative),128.7556,163.5765,131.5866,181.2644,0.0000,0.0000,0.0000,0.0000
1604,16,False,3803.9929,3898.0000,580.7405,668.0000,1997.1379,2055.5053,1478.9078,1574.8204,1642.4738,1690.4759,own rate (multiplicative),667.1311,677.5479,own rate (multiplicative),180.8020,186.0861,20.7435,21.8537,151.2297,155.6495,0.0000,0.0000
1605,16,False,3725.1979,4098.0000,1168.5917,1429.0000,2029.9251,2250.8056,1936.7236,2247.3548,1607.2961,1782.1894,own rate (multiplicative),1330.9410,1472.9963,own rate (multiplicative),173.3777,192.2433,33.7970,38.8003,147.9908,164.0940,0.0000,0.0000
1606,16,False,2138.6764,2534.0000,837.1058,1152.0000,1185.9477,1424.9626,1247.2252,1608.1775,1042.2186,1252.2664,own rate (multiplicative),685.1386,842.5709,own rate (multiplicative),129.0288,155.0332,204.3952,260.7431,0.0000,0.0000,0.0000,0.0000
1607,16,False,6435.4158,7487.0000,1381.9653,1935.0000,3428.0482,4028.6603,2827.2339,3555.6522,3581.3290,4208.7967,own rate (multiplicative),986.1564,1182.8841,own rate (multiplicative),354.8745,417.0504,595.0102,740.3463,165.6810,194.7092,0.0000,0.0000
1608,16,False,1695.7965,2063.0000,3625.1555,4015.0000,1306.4392,1540.4865,3400.2517,3814.7949,1201.7601,1417.0543,own rate (multiplicative),1959.1651,2096.3802,own rate (multiplicative),244.4752,288.2727,1309.3329,1453.3265,0.0000,0.0000,21.0468,23.9882
1609,16,False,1136.7990,1100.0000,714.0269,851.0000,663.6440,661.9508,882.0422,983.8396,862.0629,859.8634,own rate (multiplicative),1026.8730,1092.4222,own rate (multiplicative),99.7081,99.4537,109.2025,120.5093,0.0000,0.0000,0.0000,0.0000
1610,16,False,4546.3979,4505.0000,318.2628,374.0000,2340.4512,2326.3882,1461.5306,1495.9659,3448.5550,3427.8338,own rate (multiplicative),481.6865,470.2374,own rate (multiplicative),402.8885,400.4677,51.1502,51.7981,0.0000,0.0000,0.0000,0.0000
1611,16,False,3601.3995,3403.0000,1907.0051,1375.0000,2058.5463,1892.3638,2505.2319,2019.5787,2732.6998,2512.0941,own rate (multiplicative),2746.2984,2111.5407,own rate (multiplicative),324.4269,298.2365,288.1858,229.8468,0.0000,0.0000,0.0000,0.0000
1612,16,False,3082.3994,3405.0000,319.1813,414.0000,1599.5783,1774.5802,1075.0945,1237.6184,2278.9141,2528.2387,own rate (multiplicative),2185.8649,2399.9506,own rate (multiplicative),336.3157,373.1103,195.6704,222.8528,24.6055,27.2975,0.0000,0.0000
1613,16,False,2804.5985,2889.0000,273.9891,313.0000,1453.3859,1500.9272,964.8269,1018.9131,2072.8296,2140.6334,own rate (multiplicative),1807.1581,1820.2153,own rate (multiplicative),309.7002,319.8307,161.9278,169.1851,22.3804,23.1125,0.0000,0.0000
1614,16,False,3771.9968,4184.0000,485.9938,680.0000,1969.2312,2201.7444,1393.2987,1660.2298,1510.3279,1688.6570,own rate (multiplicative),720.4382,818.7656,own rate (multiplicative),337.0942,376.8960,129.3767,152.5221,23.4550,26.2244,0.0000,0.0000
1615,16,False,2556.9988,2848.0000,1678.5696,1247.0000,1501.6961,1595.6338,2043.0166,1768.5744,1530.4849,1626.2234,own rate (multiplicative),3136.7836,2589.8516,own rate (multiplicative),325.0232,345.3548,369.7430,316.6681,0.0000,0.0000,51.6497,45.4225
1616,16,False,3740.1984,3306.0000,3618.9867,4101.0000,2340.4278,2180.2482,3935.9122,4213.5565,2238.7622,2085.5406,own rate (multiplicative),5697.4346,5817.3024,own rate (multiplicative),476.0742,443.4915,917.7885,972.0733,0.0000,0.0000,93.8130,102.0276
1617,16,False,3296.9964,3451.0000,3643.1979,4037.0000,2119.0990,2245.7268,3838.4123,4199.7930,2389.6465,2532.4411,own rate (multiplicative),2030.7299,2119.1774,own rate (multiplicative),59.0866,62.6173,616.8578,667.7506,0.0000,0.0000,109.4320,121.6387
1618,16,False,3718.9992,4046.0000,808.7905,1020.0000,1982.3101,2173.9270,1642.1180,1900.5762,3273.4108,3589.8298,own rate (multiplicative),2140.3739,2362.7048,own rate (multiplicative),607.4812,666.2024,371.1526,424.9975,0.0000,0.0000,0.0000,0.0000
1619,16,False,3622.1984,4001.0000,1056.5456,1471.0000,1963.9422,2206.9020,1818.2503,2255.8994,2626.5081,2951.4341,own rate (multiplicative),502.5678,594.7023,own rate (multiplicative),66.4658,74.6883,245.5279,301.3838,0.0000,0.0000,27.0823,34.1352
1620,16,False,3055.1998,3396.0000,381.2622,481.0000,1593.4858,1778.3072,1118.4501,1289.7926,1570.3317,1752.4676,own rate (multiplicative),1104.3696,1214.6652,own rate (multiplicative),269.7636,301.0523,241.4554,275.4819,39.1259,43.6639,67.9948,79.6581
1621,16,False,1058.7990,1163.0000,200.0492,265.0000,560.6288,621.3980,442.9098,523.3537,585.7482,649.2402,own rate (multiplicative),663.9331,748.2440,own rate (multiplicative),87.2663,96.7255,210.8826,246.5322,0.0000,0.0000,0.0000,0.0000
1622,16,False,3649.9967,4228.0000,518.5813,606.0000,1911.5105,2214.8669,1387.5675,1611.6124,2019.3243,2339.7907,own rate (multiplicative),1636.0854,1812.3886,own rate (multiplicative),303.6910,351.8867,532.0195,611.3459,0.0000,0.0000,0.0000,0.0000
1623,16,False,4954.9994,5260.0000,1063.9293,1405.0000,2639.4373,2835.9721,2176.7486,2535.1273,607.0341,652.2344,own rate (multiplicative),650.5892,722.6654,own rate (multiplicative),2.9080,3.1245,390.6644,450.1408,0.0000,0.0000,0.0000,0.0000
1624,16,False,690.6508,2749.0000,6129.8475,8973.0000,1107.3184,2500.5907,5173.8530,8033.2473,0.0000,0.0000,own rate (multiplicative),3122.7989,4624.4485,own rate (multiplicative),4.7144,10.6463,2853.3753,4383.1762,0.0000,0.0000,189.6219,299.1002
1625,16,False,1920.3990,2119.0000,142.9791,182.0000,989.6632,1095.0065,624.3083,708.6049,1062.7210,1175.8409,own rate (multiplicative),445.7834,482.5784,own rate (multiplicative),163.6834,181.1065,170.4798,191.4392,0.0000,0.0000,0.0000,0.0000
1626,16,False,0.0000,0.0000,0.0000,0.0000,0.0000,0.0000,0.0000,0.0000,0.0000,0.0000,superzone rate on the increment,0.0000,0.0000,superzone rate on the increment,2.5592,2.5592,0.5096,0.5042,0.0000,0.0000,0.0000,0.0000
1627,16,False,0.0000,0.0000,0.0000,0.0000,0.0000,0.0000,0.0000,0.0000,0.0000,0.0000,superzone rate on the increment,0.0000,0.0000,superzone rate on the increment,0.0000,0.0000,0.0000,0.0000,0.0000,0.0000,0.0000,0.0000
1628,16,False,0.0000,3104.0000,0.0000,452.0000,0.0000,1626.9298,0.0000,1188.9542,0.0000,1770.9409,superzone rate on the increment,0.0000,918.9641,superzone rate on the increment,0.2491,251.0886,1.5955,281.2212,0.0000,22.5518,0.0000,15.9006
1629,16,False,0.0000,1339.0000,0.0000,189.0000,0.0000,701.0835,0.0000,508.0179,0.0000,763.1414,superzone rate on the increment,0.0000,392.6562,superzone rate on the increment,0.0000,108.0928,0.0000,119.4861,0.0000,9.7181,0.0000,6.7940
1630,16,False,2514.9988,2748.0000,3014.7754,2722.0000,1645.6160,1727.3549,3119.9074,2943.1385,1777.9523,1866.2645,own rate (multiplicative),1682.9142,1514.1533,own rate (multiplicative),360.3840,378.2846,1047.1810,977.3356,0.0000,0.0000,18.0791,17.3259
1631,16,False,1117.3726,1321.0000,630.7992,704.0000,643.5231,755.6357,809.1368,922.5935,624.4805,733.2756,own rate (multiplicative),433.1779,471.0789,own rate (multiplicative),172.0026,201.9683,494.0351,557.3131,50.8587,59.7192,0.0000,0.0000
1632,16,False,1717.3999,1874.0000,238.1679,246.0000,898.6844,978.9140,648.1281,695.9214,954.5738,1039.7929,own rate (multiplicative),162.6362,166.5541,own rate (multiplicative),257.5806,280.5760,189.5160,201.3252,77.7422,84.6826,0.0000,0.0000
1633,16,False,745.9839,828.0000,314.1650,320.0000,416.4076,458.6404,453.0978,479.5397,238.5378,262.7307,own rate (multiplicative),186.4668,188.2232,own rate (multiplicative),66.7645,73.5359,56.2439,58.8927,3.3881,3.7317,0.0000,0.0000
1634,16,False,571.6673,756.0000,76.5984,100.0000,298.8119,395.0027,213.5589,281.3640,412.4815,545.2638,own rate (multiplicative),138.5972,174.1584,own rate (multiplicative),40.5337,53.5820,29.3640,38.2754,0.0000,0.0000,5.0383,6.7435
1635,16,False,1601.3988,1762.0000,122.8900,179.0000,825.7214,913.9441,523.5849,611.7463,1704.6339,1886.7623,own rate (multiplicative),875.6762,975.8133,own rate (multiplicative),464.2967,513.9036,123.1878,142.3983,0.0000,0.0000,0.0000,0.0000
1636,16,False,1601.3988,1762.0000,146.2389,276.0000,828.6077,925.9349,542.5965,690.7281,1704.6339,1904.8580,own rate (multiplicative),875.6762,1063.1940,own rate (multiplicative),464.0940,518.6059,120.7099,152.0288,0.0000,0.0000,0.0000,0.0000
1637,16,False,0.0000,0.0000,0.0000,0.0000,0.0000,0.0000,0.0000,0.0000,0.0000,0.0000,superzone rate on the increment,0.0000,0.0000,superzone rate on the increment,0.0000,0.0000,0.0000,0.0000,0.0000,0.0000,0.0000,0.0000
1638,16,False,0.0000,0.0000,0.0000,0.0000,0.0000,0.0000,0.0000,0.0000,0.0000,0.0000,superzone rate on the increment,0.0000,0.0000,superzone rate on the increment,0.0000,0.0000,0.0000,0.0000,0.0000,0.0000,0.0000,0.0000
1639,16,False,1058.7990,1163.0000,220.7813,243.0000,563.1916,618.6784,459.7908,505.4403,585.7482,643.4573,own rate (multiplicative),663.9331,696.1019,own rate (multiplicative),86.6919,95.2329,210.3629,228.7872,0.0000,0.0000,0.0000,0.0000
1640,16,False,0.0000,847.0000,0.0000,119.0000,0.0000,443.4100,0.0000,320.9014,0.0000,482.6594,superzone rate on the increment,0.0000,248.0305,superzone rate on the increment,0.0000,68.3648,0.0000,75.4762,0.0000,6.1464,0.0000,4.2916
1641,16,False,1601.3988,1762.0000,515.7168,714.0000,874.2815,980.0791,843.4420,1047.3673,1160.9343,1301.4201,own rate (multiplicative),265.2496,314.1503,own rate (multiplicative),26.5682,29.7832,80.2018,98.5328,0.0000,0.0000,14.2938,18.0319
1701,17,False,586.0823,906.0000,114.3625,229.0000,310.7762,486.8701,248.1204,426.0721,380.9528,596.8105,own rate (multiplicative),210.5394,344.8203,own rate (multiplicative),119.7054,187.5337,81.6051,138.6407,15.3068,23.9801,0.0000,0.0000
1702,17,False,977.4972,1161.0000,7.5839,168.0000,495.6868,608.3948,264.6940,443.8430,608.8366,747.2724,own rate (multiplicative),15.0386,24.0508,own rate (multiplicative),213.7146,262.3085,8.3373,13.8314,24.4633,30.0257,0.0000,0.0000
1703,17,False,1529.1386,1736.0000,959.9216,1347.0000,892.6190,1045.1691,1186.0228,1555.9080,136.5546,159.8920,own rate (multiplicative),415.1567,519.4477,own rate (multiplicative),204.0891,238.9683,184.0543,238.8856,0.0000,0.0000,20.1193,26.8136
1704,17,False,487.0000,518.0000,113.5989,158.0000,260.5324,281.7114,221.2943,265.6462,285.1425,308.3221,own rate (multiplicative),260.8815,298.6864,own rate (multiplicative),75.8621,82.0290,37.8092,44.9038,0.0000,0.0000,0.0000,0.0000
1705,17,False,2524.3878,2855.0000,73.2652,104.0000,1286.7475,1457.8825,727.2812,839.7439,990.4612,1122.1907,own rate (multiplicative),85.6155,94.2835,own rate (multiplicative),236.2612,267.6834,6.5731,7.5088,51.9500,58.8593,0.0000,0.0000
1706,17,False,1237.1991,2729.0000,265.0000,699.0000,658.9530,1467.6611,542.9772,1290.8963,484.6650,1079.4759,own rate (multiplicative),294.6508,668.1227,own rate (multiplicative),126.2002,281.0810,19.1777,45.1086,25.4208,56.6189,0.0000,0.0000
1707,17,False,1936.3990,2095.0000,352.3723,445.0000,1023.6459,1115.3704,799.0372,916.4040,1114.2873,1214.1338,own rate (multiplicative),814.6826,891.1429,own rate (multiplicative),263.6852,287.3129,114.7595,130.2152,0.0000,0.0000,0.0000,0.0000
1708,17,False,500.5998,668.0000,492.8468,783.0000,314.2972,434.8928,533.6917,814.2198,288.0746,398.6086,own rate (multiplicative),1077.1483,1567.3487,own rate (multiplicative),69.9162,96.7430,159.1174,240.1717,0.0000,0.0000,0.0000,0.0000
1709,17,False,0.0000,0.0000,1911.9937,2248.0000,236.3549,277.8909,1556.8310,1830.4223,207.8896,255.5246,superzone rate on the increment,1218.0000,1365.8280,own rate (multiplicative),69.1450,77.9915,509.9311,593.1634,0.0000,0.6432,0.0000,0.0000
1710,17,False,2535.3962,2997.0000,199.9849,269.0000,1307.9840,1550.1511,833.3735,1011.6491,1505.5991,1784.3537,own rate (multiplicative),761.2613,881.3794,own rate (multiplicative),176.4587,209.1291,126.2780,151.6599,0.0000,0.0000,0.0000,0.0000
1711,17,False,2201.7965,2615.0000,296.3996,426.0000,1151.0547,1376.2139,823.6514,1038.4579,1996.9449,2387.5695,own rate (multiplicative),1012.0976,1217.0453,own rate (multiplicative),443.5605,530.3259,34.4040,42.9149,6.5587,7.8416,12.7623,16.3465
1712,17,False,1439.9454,3418.0000,754.4569,2030.0000,822.0760,1980.9250,995.1353,2556.8761,1340.4039,3229.9198,own rate (multiplicative),2713.9644,6650.7494,own rate (multiplicative),279.4892,673.4745,81.4850,207.1372,4.4024,10.6082,34.2223,89.3281
1713,17,False,1159.2679,2645.0000,391.6746,1070.0000,635.1681,1471.0074,625.5108,1570.7656,1481.1423,3430.2276,own rate (multiplicative),1758.9566,4212.7976,own rate (multiplicative),108.3850,251.0124,199.5529,495.7784,9.1067,21.0905,0.0000,0.0000
1714,17,False,1652.1733,3834.0000,266.1778,728.0000,869.1331,2030.5294,653.6845,1606.7490,760.2318,1776.1066,own rate (multiplicative),535.8528,1256.2156,own rate (multiplicative),187.3300,437.6535,136.2895,331.4325,24.7749,57.8809,34.7267,86.7151
1715,17,False,5017.9994,5325.0000,509.7937,780.0000,2602.8235,2791.6105,1742.2082,2043.4148,5622.3939,6030.1952,own rate (multiplicative),4463.2789,4992.8601,own rate (multiplicative),207.3426,222.3815,328.1142,380.7453,36.9846,39.6671,0.0000,0.0000
1716,17,False,1905.9937,4551.0000,409.0570,1095.0000,1015.2638,2438.7984,837.1511,2095.2020,1734.8122,4167.2492,own rate (multiplicative),1429.2465,3411.6782,own rate (multiplicative),380.0730,912.9858,51.5694,127.6930,5.6978,13.6868,18.0224,45.8232
1717,17,False,1582.9981,1778.0000,69.3282,155.0000,809.7870,919.0755,475.1059,596.4360,1772.1290,2011.2948,own rate (multiplicative),559.0547,669.3705,own rate (multiplicative),65.1700,73.9654,41.8016,51.9182,11.6572,13.2305,0.0000,0.0000
1718,17,False,3545.1936,4806.0000,6262.5754,7912.0000,2568.5207,3410.5607,6036.8676,7713.3487,654.7800,869.4370,own rate (multiplicative),3469.7987,4228.3846,own rate (multiplicative),3.6126,4.7970,1077.8319,1362.4963,0.0000,0.0000,101.6006,131.8799
1719,17,True,509.5810,614.0000,618.5998,953.0000,334.3882,428.5762,638.4607,938.3600,45.4947,58.3093,own rate (multiplicative),270.1724,378.7174,own rate (multiplicative),66.3024,84.9780,117.2665,170.5150,0.0000,0.0000,13.0931,19.5492
1720,17,False,0.0000,0.0000,0.0000,0.0000,0.0000,0.0000,0.0000,0.0000,0.0000,0.0000,superzone rate on the increment,0.0000,0.0000,superzone rate on the increment,0.8448,0.8448,0.0081,0.0080,0.0000,0.0000,0.0000,0.0000
1721,17,False,586.0823,902.0000,104.5532,180.0000,309.5636,478.7883,240.1332,385.1162,380.9528,589.2028,own rate (multiplicative),182.3425,278.9114,own rate (multiplicative),119.6848,185.1112,70.5434,111.9306,15.3068,23.6744,0.0000,0.0000
1722,17,False,586.0823,896.0000,114.3625,228.0000,310.7762,481.6851,248.1204,422.6131,380.9528,590.4547,own rate (multiplicative),210.5394,342.0210,own rate (multiplicative),122.5969,190.0181,82.6668,139.3043,15.3068,23.7247,0.0000,0.0000
1723,17,False,977.4972,2250.0000,6.0000,327.0000,495.4910,1179.2351,263.4044,861.3160,87.6877,208.6907,own rate (multiplicative),2.6902,634.0333,superzone rate on the increment,125.8356,299.4802,2.1590,98.2509,0.0000,0.0000,0.1304,8.6043
1724,17,False,977.4972,2255.0000,6.0000,328.0000,495.4910,1181.8894,263.4044,863.4526,608.8366,1452.2515,own rate (multiplicative),11.2789,644.4813,superzone rate on the increment,208.6803,497.7629,4.5801,100.9897,24.4633,58.3520,0.0000,8.5021
1725,17,False,977.4972,2312.0000,7.5839,337.0000,495.6868,1211.8519,264.6940,885.8556,608.8366,1488.4798,own rate (multiplicative),15.0386,670.3654,superzone rate on the increment,213.6047,522.2195,15.9843,115.6665,24.4633,59.8077,0.0000,8.8013
1726,17,True,764.5693,922.0000,319.9623,477.0000,426.5310,525.6253,462.7335,632.2363,68.2774,84.1400,own rate (multiplicative),145.2701,189.3057,own rate (multiplicative),106.8747,131.7044,66.8106,90.3123,0.0000,0.0000,7.0401,9.7719
1727,17,True,1529.1386,1813.0000,959.9216,1405.0000,892.6190,1091.3115,1186.0228,1623.4984,136.5546,166.9510,own rate (multiplicative),415.1567,542.0131,own rate (multiplicative),203.1792,248.4059,192.0571,260.1011,0.0000,0.0000,20.1193,27.9784
1728,17,False,764.5693,890.0000,319.9623,460.0000,426.5310,507.3274,462.7335,609.9311,68.2774,81.2109,own rate (multiplicative),145.2701,182.6270,own rate (multiplicative),103.1727,122.7164,64.4838,84.0918,0.0000,0.0000,7.0401,9.4271
1729,17,False,974.1995,1065.0000,91.0000,155.0000,504.3293,558.1985,331.7430,407.8687,560.5994,620.4789,own rate (multiplicative),208.2478,244.1956,own rate (multiplicative),132.3110,146.4436,29.3914,35.7512,0.0000,0.0000,0.0000,0.0000
1730,17,False,974.1995,1206.0000,22.5947,176.0000,495.8733,632.1600,276.0443,462.2582,560.5994,714.6756,own rate (multiplicative),52.6340,84.0642,own rate (multiplicative),134.1929,171.0747,8.1048,13.4277,0.0000,0.0000,0.0000,0.0000
1731,17,False,836.5999,1198.0000,21.0000,174.0000,426.0316,627.8637,238.3549,458.5139,379.6058,559.4436,own rate (multiplicative),41.8323,76.7502,own rate (multiplicative),95.1642,140.2481,10.4934,19.9710,12.3708,18.2315,2.7110,5.2980
1732,17,False,2524.3878,2727.0000,192.8986,397.0000,1301.5363,1429.3165,824.6920,1044.4655,990.4612,1087.7013,own rate (multiplicative),200.1402,241.7550,own rate (multiplicative),236.5908,259.8185,13.6564,17.1117,51.9500,57.0503,0.0000,0.0000
1733,17,False,1237.1991,3292.0000,243.6347,843.0000,656.3119,1770.4181,525.5806,1557.0443,484.6650,1307.3961,own rate (multiplicative),299.0984,845.1126,own rate (multiplicative),114.4008,308.5990,22.8676,67.0247,25.4208,68.5734,0.0000,0.0000
1734,17,False,1237.1991,3076.0000,297.5424,789.0000,662.9758,1654.4168,569.4746,1455.9495,484.6650,1209.4527,own rate (multiplicative),294.6508,718.4861,own rate (multiplicative),122.6356,306.0300,19.6790,49.7768,25.4208,63.4362,0.0000,0.0000
1735,17,False,1237.1991,3060.0000,302.1946,829.0000,663.5509,1651.2633,573.2627,1484.2878,484.6650,1206.1011,own rate (multiplicative),294.6508,727.6305,own rate (multiplicative),114.2565,284.3303,18.4799,47.3388,25.4208,63.2604,0.0000,0.0000
1736,17,False,1936.3990,4906.0000,92.4963,714.0000,991.5209,2571.3796,587.4345,1878.8616,1114.2873,2889.7584,own rate (multiplicative),203.6708,1558.1571,superzone rate on the increment,264.0012,684.6526,28.4300,235.7257,0.0000,0.0000,0.0000,18.2983
1737,17,False,1000.1995,2451.0000,336.7968,960.0000,547.8736,1359.2186,538.7580,1429.8915,575.5730,1427.9380,own rate (multiplicative),773.4911,1957.9587,own rate (multiplicative),135.7427,336.7639,112.5005,295.4043,0.0000,0.0000,0.0000,0.0000
1738,17,False,1000.1995,2674.0000,505.7979,1372.0000,568.7650,1523.0177,676.3663,1824.3372,575.5730,1541.2480,own rate (multiplicative),1125.5526,2895.5286,own rate (multiplicative),135.0559,361.6477,162.3465,433.2306,0.0000,0.0000,0.0000,0.0000
1739,17,False,720.8199,1780.0000,184.7073,528.0000,387.6679,966.1969,341.0323,900.6782,672.2587,1675.4915,own rate (multiplicative),615.4647,1550.3013,own rate (multiplicative),147.1187,366.6685,26.1482,68.3233,2.2079,5.5029,7.7608,20.8225
1740,17,False,359.2539,917.0000,385.7971,952.0000,229.5234,581.8127,409.1453,1017.6802,324.1146,728.1326,superzone rate on the increment,1230.9296,2920.1550,own rate (multiplicative),72.6665,147.6984,41.9064,103.1257,1.0645,6.5198,15.5217,39.2214
1741,17,False,359.2539,1234.0000,72.5729,180.0000,190.8036,646.8264,154.1041,472.9203,324.1146,847.0980,superzone rate on the increment,188.0587,516.0715,superzone rate on the increment,70.0566,167.1821,8.0842,59.2482,1.0645,8.1261,2.3714,6.9264
1742,17,False,359.2539,814.0000,190.2430,483.0000,205.3496,471.7040,249.9163,608.5590,324.1146,629.5795,superzone rate on the increment,618.8840,1437.3290,own rate (multiplicative),71.5470,128.2762,21.0783,50.7804,1.0645,5.1891,7.8039,19.3051
1743,17,False,359.2539,1100.0000,295.5413,652.0000,218.3663,637.3510,335.6549,821.8048,324.1146,804.6214,superzone rate on the increment,1347.1854,3145.8782,own rate (multiplicative),69.4453,158.6823,44.9945,108.9903,1.0645,7.5526,16.9876,42.2531
1744,17,False,771.8448,1827.0000,179.5993,555.0000,412.8622,993.3231,350.3678,935.0929,986.1820,2372.6982,own rate (multiplicative),889.3605,2263.8485,own rate (multiplicative),76.2364,183.4205,101.6748,268.4706,6.0634,14.5883,0.0000,0.0000
1745,17,False,1159.2679,2779.0000,177.1666,562.0000,608.6513,1476.0326,450.8488,1192.5683,1481.1423,3591.8994,own rate (multiplicative),889.3605,2243.7220,own rate (multiplicative),112.3754,272.5201,101.6735,266.0805,9.1067,22.0845,0.0000,0.0000
1746,17,False,771.8448,1756.0000,199.9171,533.0000,415.3738,954.6676,366.9114,898.4022,986.1820,2266.5755,own rate (multiplicative),889.3605,2076.9515,own rate (multiplicative),71.6004,164.5616,101.4620,245.7909,6.0634,13.9358,0.0000,0.0000
1747,17,False,826.8700,2854.0000,845.1589,1966.0000,522.9870,1687.5512,906.8487,2355.6033,380.8372,1716.4015,superzone rate on the increment,1627.8365,4032.8956,own rate (multiplicative),93.3457,341.3790,411.3093,1057.0336,12.4110,30.4445,105.4950,278.3879
1748,17,False,826.8700,1964.0000,104.7954,286.0000,431.4655,1029.4111,304.0116,752.2935,380.8372,908.6197,own rate (multiplicative),207.1698,488.9478,own rate (multiplicative),94.8498,226.2972,53.2139,130.2792,12.4110,29.6107,13.4260,33.7516
1749,17,False,826.8700,2083.0000,137.0000,396.0000,435.4466,1103.2395,330.2340,873.3324,380.8372,964.8823,own rate (multiplicative),272.9063,688.3514,own rate (multiplicative),95.1726,241.1276,70.2577,183.8250,12.4110,31.4442,17.6861,47.5161
1750,17,False,1054.7990,1229.0000,161.8509,238.0000,553.8822,651.4655,410.7492,518.8242,1180.9705,1389.0345,own rate (multiplicative),1649.6702,1987.3735,own rate (multiplicative),43.2894,50.9162,119.9046,149.8416,7.7685,9.1372,0.0000,0.0000
1751,17,False,0.0000,0.0000,0.0000,0.0000,0.0000,0.0000,0.0000,0.0000,0.0000,0.0000,superzone rate on the increment,0.0000,0.0000,superzone rate on the increment,0.0000,0.0000,0.0765,0.0757,0.0000,0.0000,0.0000,0.0000
1801,18,True,0.0000,0.0000,0.0000,0.0000,0.0000,0.0000,0.0000,0.0000,0.0000,0.0000,superzone rate on the increment,0.0000,0.0000,superzone rate on the increment,0.0000,0.0000,0.0000,0.0000,0.0000,0.0000,0.0000,0.0000
1802,18,False,0.0000,0.0000,0.0000,0.0000,0.0000,0.0000,0.0000,0.0000,0.0000,0.0000,superzone rate on the increment,0.0000,0.0000,superzone rate on the increment,0.0000,0.0000,0.0000,0.0000,0.0000,0.0000,0.0000,0.0000
1803,18,False,1716.7097,2994.0000,2593.0318,4993.0000,1189.4362,2132.5992,2565.3812,4857.3481,971.5009,1741.8522,own rate (multiplicative),2598.0249,4691.6921,own rate (multiplicative),87.3906,156.6869,535.1912,1002.5575,64.5765,115.7824,11.6082,22.3287
1804,18,False,2444.7345,3433.0000,240.6260,345.0000,1267.1205,1780.2225,842.4879,1188.8407,2419.1950,3398.8126,own rate (multiplicative),2587.7155,3482.6947,own rate (multiplicative),306.1763,430.1579,33.0580,46.1519,13.1856,18.5249,6.3254,9.0678
1805,18,False,6962.4067,7424.0000,834.8274,1012.0000,3627.1432,3882.6751,2521.1030,2787.4426,1467.5462,1570.9347,own rate (multiplicative),1485.5526,1566.5428,own rate (multiplicative),288.4491,308.7703,127.7786,139.7740,121.5090,130.0693,0.0000,0.0000
1806,18,False,3663.5997,4031.0000,451.1869,710.0000,1910.0644,2128.0137,1336.2896,1644.1932,3618.7590,4031.6800,own rate (multiplicative),2188.2241,2567.9286,own rate (multiplicative),440.0564,490.2693,106.1460,129.2138,0.0000,0.0000,0.0000,0.0000
1807,18,False,3246.6094,2996.0000,165.0000,171.0000,1663.6319,1537.5305,992.9819,931.5886,1173.2141,1084.2858,own rate (multiplicative),2009.4851,1798.0697,own rate (multiplicative),20.1838,18.6539,155.4828,144.3172,0.0000,0.0000,0.0000,0.0000
1808,18,False,0.0000,0.0000,0.0000,0.0000,0.0000,0.0000,0.0000,0.0000,0.0000,0.0000,superzone rate on the increment,0.0000,0.0000,superzone rate on the increment,0.9926,0.9926,0.0000,0.0000,0.0000,0.0000,0.0000,0.0000
1809,18,False,0.0000,0.0000,1180.0000,1235.0000,145.8680,152.6670,960.8089,1005.5923,0.0000,8.3757,superzone rate on the increment,1198.6733,1196.5329,own rate (multiplicative),16.5441,17.3757,297.7220,308.2825,0.0000,0.1356,5.3558,5.6945
1810,18,False,0.0000,0.0000,0.0000,0.0000,0.0000,0.0000,0.0000,0.0000,0.0000,0.0000,superzone rate on the increment,0.0000,0.0000,superzone rate on the increment,0.2206,0.2206,0.5881,0.5819,0.0000,0.0000,0.0000,0.0000
1811,18,False,0.0000,5582.0000,147.9971,249.0000,18.2949,2856.0476,120.5058,1679.0197,0.0000,3495.8813,superzone rate on the increment,112.1572,1750.5267,superzone rate on the increment,0.5515,347.6281,14.8888,209.4606,0.0000,56.5891,4.1241,14.9358
1812,18,False,203.4475,219.0000,835.0000,875.0000,206.1928,219.0093,733.7002,770.3832,2299.8832,2315.6720,superzone rate on the increment,750.7028,751.7874,own rate (multiplicative),0.5882,2.1558,97.8834,101.6834,0.0000,0.2556,27.6039,29.4449
1813,18,False,0.0000,0.0000,1284.0000,1345.0000,158.7242,166.2648,1045.4903,1095.1593,0.0000,9.2895,superzone rate on the increment,1154.3740,1153.3011,own rate (multiplicative),1.4338,2.3561,158.2645,164.0188,0.0000,0.1504,42.4473,45.1708
1814,18,False,0.0000,0.0000,835.0000,875.0000,103.2202,108.1648,679.8944,712.4642,0.0000,6.0914,superzone rate on the increment,39.4860,39.4642,own rate (multiplicative),2.4265,3.0312,17.9033,18.5613,0.0000,0.0986,0.0000,0.0000
1815,18,False,0.0000,0.0000,880.5733,1088.0000,108.8538,134.4953,717.0023,885.8984,0.0000,31.5882,superzone rate on the increment,25.4279,29.9648,own rate (multiplicative),2.6471,5.7832,0.9929,1.2137,0.0000,0.5113,0.0000,0.0000
1816,18,False,1716.7097,2264.0000,1625.8136,1884.0000,1069.8716,1378.7927,1777.8288,2132.7978,971.5009,1252.0178,own rate (multiplicative),1585.9998,1814.6871,own rate (multiplicative),55.9200,72.0667,339.4497,402.8915,64.5765,83.2227,7.0864,8.6364
1817,18,False,3420.7093,3959.0000,253.1023,347.0000,1762.6416,2046.6987,1110.7630,1329.5805,3377.9986,3922.3774,own rate (multiplicative),1296.5463,1480.1992,own rate (multiplicative),394.6694,458.2720,60.0551,71.1207,0.0000,0.0000,0.0000,0.0000
1901,19,False,4624.6757,5940.0000,649.4764,999.0000,2421.0143,3129.9580,1751.9218,2384.3836,2484.2436,3211.7027,own rate (multiplicative),1742.5807,2262.0031,own rate (multiplicative),161.3397,208.5846,114.7442,154.5059,0.0000,0.0000,0.0000,0.0000
1902,19,False,7812.3981,10247.0000,624.2527,1119.0000,4031.3263,5324.7320,2574.4411,3621.1662,10013.5982,13226.3487,own rate (multiplicative),6156.1015,8258.6708,own rate (multiplicative),1652.0558,2182.0993,0.4640,0.6456,0.0000,0.0000,0.0000,0.0000
1903,19,False,4312.5326,5823.0000,989.0482,1643.0000,2305.0034,3150.3491,1945.8638,2877.8143,2479.7908,3389.2387,own rate (multiplicative),4025.1148,5677.6350,own rate (multiplicative),510.1150,697.1966,378.1852,553.3601,0.0000,0.0000,0.0000,0.0000
1904,19,True,8767.8873,13418.0000,1175.1728,2426.0000,4583.0396,7091.2657,3275.7234,5524.0192,6885.5369,10653.8838,own rate (multiplicative),4627.6190,7442.9386,own rate (multiplicative),4.1443,6.4123,1.4547,2.4270,0.0000,0.0000,0.0000,0.0000
1905,19,False,3506.0123,5546.0000,586.5226,1141.0000,1847.0331,2948.0929,1404.8088,2395.8051,560.5969,894.7820,own rate (multiplicative),544.4278,885.5508,own rate (multiplicative),16.9015,26.9769,0.2320,0.3914,0.0000,0.0000,0.0000,0.0000
1906,19,True,7214.7974,8695.0000,469.5209,1439.0000,3709.7299,4578.7620,2290.4039,3471.2668,1319.4149,1628.4977,own rate (multiplicative),542.1312,783.6447,own rate (multiplicative),8.0860,9.9802,101.0071,151.4540,0.0000,0.0000,0.0000,0.0000
1907,19,False,8821.6914,14388.0000,990.6456,2290.0000,4587.4612,7565.4084,3139.7026,5669.8180,513.9999,847.6626,own rate (multiplicative),918.2514,1581.5433,own rate (multiplicative),674.8914,1112.9967,439.0014,784.3311,0.0000,0.0000,0.0000,0.0000
1908,19,False,3715.0288,4803.0000,513.2564,928.0000,1943.7676,2545.7014,1400.4308,2025.8696,679.3285,889.6987,own rate (multiplicative),592.3283,817.2429,own rate (multiplicative),13.4299,17.5888,112.7953,161.4335,0.0000,0.0000,0.0000,0.0000
1909,19,False,9243.4884,10596.0000,7297.6502,10856.0000,5580.6018,6705.0329,8386.7011,11641.7680,3381.3748,4062.6854,own rate (multiplicative),2884.2188,3818.5181,own rate (multiplicative),831.2526,998.7411,895.1806,1229.3949,99.0832,119.0474,119.6248,168.6942
1910,19,False,2160.4599,2795.0000,66.7640,99.0000,1101.7458,1426.8961,625.7395,819.8045,144.3112,186.9007,own rate (multiplicative),38.6918,48.3476,own rate (multiplicative),157.2031,203.5973,25.1211,32.5618,44.5252,57.6656,6.2652,8.3387
1911,19,False,5202.7835,6730.0000,531.7193,947.0000,2699.0603,3523.3796,1808.9309,2550.9743,1072.2792,1399.7637,own rate (multiplicative),210.9667,283.7507,own rate (multiplicative),781.9589,1020.7768,162.7232,227.0317,0.0000,0.0000,30.9183,44.2945
1912,19,False,5532.3210,8162.0000,771.7949,1455.0000,2895.5295,4310.9679,2091.5641,3343.3320,2164.3011,3222.2889,own rate (multiplicative),1696.9463,2587.1125,own rate (multiplicative),131.1725,195.2943,0.0000,0.0000,0.0000,0.0000,192.1136,311.9734
1913,19,False,5221.7986,9688.0000,642.8728,1670.0000,2722.4251,5109.9134,1904.4660,3921.9762,2804.9604,5264.8299,own rate (multiplicative),1793.4082,3522.4899,own rate (multiplicative),187.5992,352.1183,20.0121,40.7734,0.0000,0.0000,0.0000,0.0000
1914,19,False,5073.1135,6089.0000,608.2377,1051.0000,2642.8883,3211.8008,1836.9418,2466.1304,2725.1419,3311.7605,own rate (multiplicative),1696.6179,2172.4189,own rate (multiplicative),192.4345,233.8583,128.2698,170.3719,0.0000,0.0000,0.0000,0.0000
1915,19,False,0.0000,0.0000,1495.1857,2610.0000,184.8303,322.6403,1217.4472,2125.1789,394.7961,480.6644,superzone rate on the increment,1516.8607,2525.3987,own rate (multiplicative),0.6651,15.7253,175.3002,302.7476,0.0000,1.2958,0.0000,0.0000
1916,19,False,9408.6644,21703.0000,908.6479,2765.0000,4874.4148,11326.5321,3228.1733,7991.1839,5409.8249,12570.6487,own rate (multiplicative),3763.7206,8886.0866,own rate (multiplicative),1106.9252,2572.1291,341.8588,837.2478,0.0000,0.0000,0.0000,0.0000
1917,19,False,10322.6954,17853.0000,401.1267,921.0000,5274.3031,9149.9479,3056.6608,5471.5061,5935.8104,10297.5416,own rate (multiplicative),1677.8714,2864.5553,own rate (multiplicative),1232.8146,2138.7071,153.7040,272.2061,0.0000,0.0000,0.0000,0.0000
1918,19,False,5888.4018,7042.0000,612.2553,1021.0000,3056.0339,3690.4426,2055.8325,2693.7432,941.9077,1137.4403,own rate (multiplicative),586.9696,733.5386,own rate (multiplicative),6.8188,8.2344,0.9279,1.2029,0.0000,0.0000,0.0000,0.0000
1919,19,False,4625.1980,7434.0000,393.8250,847.0000,2389.6758,3867.3397,1543.8971,2655.7369,739.9508,1197.5019,own rate (multiplicative),374.9526,615.1513,own rate (multiplicative),19.4587,31.4910,0.2320,0.3948,0.0000,0.0000,0.0000,0.0000
1920,19,True,0.0000,0.0000,302.8933,527.0000,37.4428,65.1461,246.6293,429.1070,0.0000,17.2618,superzone rate on the increment,205.9099,341.6937,own rate (multiplicative),0.2673,3.2948,48.7296,83.8816,0.0000,0.2605,0.0000,0.0000
1921,19,True,5584.8851,9737.0000,1742.7047,4051.0000,3042.1551,5429.0462,2896.0240,5873.6521,1021.4289,1822.8475,own rate (multiplicative),2034.9429,3936.3815,own rate (multiplicative),14.1024,25.1672,383.2059,768.9379,0.0000,0.0000,0.0000,0.0000
1922,19,False,6981.1418,9012.0000,497.5930,1492.0000,3594.9379,4745.7597,2251.4665,3598.2588,1276.8462,1685.5938,own rate (multiplicative),578.5231,881.8334,own rate (multiplicative),45.8530,60.5316,129.4655,204.7075,0.0000,0.0000,0.0000,0.0000
1923,19,False,8868.0115,8946.0000,1929.9139,2716.0000,4727.0151,4863.6617,3916.7473,4577.4394,1057.8540,1088.4340,own rate (multiplicative),1698.0843,1892.7584,own rate (multiplicative),44.1191,45.3945,124.4053,143.8430,119.7910,123.2539,72.0111,85.4963
1924,19,True,9690.9254,16788.0000,2220.7954,3286.0000,5179.4817,8903.2641,4371.2322,7115.5343,1156.0640,1987.2149,own rate (multiplicative),1846.0503,2866.0652,own rate (multiplicative),65.8771,113.2393,163.9931,264.1083,130.9120,225.0310,78.2858,129.4607
1925,19,False,8631.5926,9755.0000,1207.2167,1750.0000,4518.0167,5153.7140,3265.7691,4004.8353,1029.6770,1174.5554,own rate (multiplicative),1040.0140,1216.4024,own rate (multiplicative),56.0161,63.8978,98.0523,118.9625,116.6000,133.0059,44.1042,54.9452
1926,19,False,7179.7694,8265.0000,5274.2355,6798.0000,4285.9451,5023.5856,6193.3540,7721.0825,1932.6058,2265.2205,own rate (multiplicative),3303.2981,3927.7057,own rate (multiplicative),43.0480,50.4568,522.1503,644.0222,106.7934,125.1733,115.4163,146.1742
1927,19,False,6239.7177,7091.0000,3739.0759,5765.0000,3620.3767,4301.6823,4694.7426,6569.4796,1679.6528,1995.7406,own rate (multiplicative),2321.2931,3098.0473,own rate (multiplicative),18.9856,22.5584,359.9183,498.2830,92.8155,110.2821,81.1054,115.2975
1928,19,False,2228.9389,2561.0000,3207.1453,3603.0000,1524.6101,1741.6135,3200.8894,3611.0322,815.7362,931.8430,own rate (multiplicative),1272.9789,1369.6853,own rate (multiplicative),227.3435,259.7022,410.7897,458.4936,23.9032,27.3055,52.7976,60.5098
1929,19,False,6663.2330,7994.0000,1634.6459,2461.0000,3574.5910,4350.2952,3093.2285,4118.0313,2437.1358,2966.0065,own rate (multiplicative),655.4789,832.2911,own rate (multiplicative),585.6844,712.7809,196.9523,259.4130,71.4146,86.9119,27.1865,36.7690
1930,19,False,5087.6472,5651.0000,1786.1840,2491.0000,2795.8585,3168.1204,2799.9221,3522.8050,339.9116,385.1700,own rate (multiplicative),1250.2323,1500.2798,own rate (multiplicative),364.2418,412.7397,771.5481,960.4143,104.8751,118.8390,202.4428,258.7594
1931,19,False,8280.6574,9909.0000,508.9969,734.0000,4254.0830,5106.0646,2604.4353,3218.2910,553.2186,664.0138,own rate (multiplicative),358.0891,422.0285,own rate (multiplicative),592.0860,710.6653,290.5027,355.1525,170.6879,204.8722,57.9834,72.7891
1932,19,False,2387.8717,2493.0000,574.5406,738.0000,1279.6175,1353.0334,1099.3376,1260.2369,159.5086,168.6601,own rate (multiplicative),409.4185,447.6385,own rate (multiplicative),180.5984,190.9599,254.4714,288.6111,49.2142,52.0378,66.2948,77.2061
1933,19,False,6194.3984,8514.0000,1230.1208,2034.0000,3287.2894,4560.7030,2639.8533,3907.8733,1276.5720,1771.0841,own rate (multiplicative),489.2731,690.7977,own rate (multiplicative),959.6354,1331.3741,406.6918,595.6335,0.0000,0.0000,71.7055,107.8361
1934,19,False,8548.4820,10294.0000,1554.0325,2182.0000,4518.8235,5479.9254,3526.1818,4499.1385,1761.7772,2136.4869,own rate (multiplicative),639.1842,777.8387,own rate (multiplicative),1304.8078,1582.3254,489.2042,617.5439,0.0000,0.0000,93.6757,121.4235
1935,19,False,5918.4258,7654.0000,916.2726,1271.0000,3108.8120,4031.1038,2311.3175,3059.1601,2315.2131,3002.0678,own rate (multiplicative),2053.3117,2592.0082,own rate (multiplicative),142.4635,184.7282,0.0000,0.0000,0.0000,0.0000,232.4578,312.5632
1936,19,False,3986.7592,8378.0000,557.1023,1494.0000,2086.7209,4425.1149,1507.9967,3432.2132,1559.7667,3307.6521,own rate (multiplicative),1225.2760,2659.7860,own rate (multiplicative),96.1862,203.9731,0.9279,2.0895,0.0000,0.0000,138.7149,320.7363
1937,19,False,1067.0517,1649.0000,168.6548,522.0000,560.9249,899.1510,419.5297,861.1472,0.0000,0.0000,own rate (multiplicative),0.0000,0.0000,own rate (multiplicative),1.1983,1.9209,17.5959,35.7337,0.0000,0.0000,0.0000,0.0000
1938,19,False,10329.8428,11537.0000,1357.3271,2368.0000,5396.1232,6132.0487,3837.1322,4979.3245,3898.1272,4429.7554,own rate (multiplicative),2067.0486,2558.3104,own rate (multiplicative),708.6243,805.2668,0.5799,0.7446,0.0000,0.0000,0.0000,0.0000
2001,20,True,0.0000,445.0000,3876.3515,6203.0000,479.1828,992.0278,3156.2991,5168.4498,834.3583,1727.3295,own rate (multiplicative),2963.5122,4628.3667,own rate (multiplicative),24.8493,51.4443,239.3042,387.6908,0.0000,0.0000,0.0000,0.0000
2002,20,True,5971.1739,8201.0000,3011.0059,3902.0000,3394.4544,4633.1980,4030.8936,5346.1034,2643.8355,3608.6546,own rate (multiplicative),2569.8891,3250.7928,own rate (multiplicative),905.0963,1235.3945,363.3077,476.7203,0.0000,0.0000,0.0000,0.0000
2003,20,True,3468.6823,4092.0000,1490.4573,1954.0000,1939.8806,2312.6677,2130.9603,2673.2465,1537.5215,1832.9871,own rate (multiplicative),1279.6440,1531.0582,own rate (multiplicative),563.9127,672.2799,253.9307,315.1605,0.0000,0.0000,0.0000,0.0000
2004,20,True,4940.1077,10562.0000,476.8500,1223.0000,2559.3271,5497.0219,1694.7840,3789.1558,2285.8803,4909.7022,own rate (multiplicative),929.4682,1981.9903,own rate (multiplicative),318.8825,684.9081,96.1166,212.6079,81.8927,175.8924,0.0000,0.0000
2005,20,True,4093.8616,19037.0000,995.2139,7534.0000,2195.0876,10566.6952,1893.0522,11169.2398,1598.4288,8392.7481,superzone rate on the increment,1799.7620,8569.2013,superzone rate on the increment,189.7860,1415.8146,120.2933,984.1436,0.0000,113.3753,0.0000,4.8007
2006,20,False,0.0000,0.0000,2214.8871,6176.0000,273.7976,763.4584,1803.4603,5028.7759,250.3964,698.2063,own rate (multiplicative),1897.5613,5046.5012,own rate (multiplicative),4.6502,12.9667,14.7955,40.8167,0.0000,0.0000,14.5612,41.2481
2007,20,True,5547.3821,6592.0000,1231.2558,1827.0000,2959.9496,3562.3154,2469.6609,3231.0129,2567.5716,3090.0863,own rate (multiplicative),2314.1247,2887.5332,own rate (multiplicative),404.4498,486.7575,246.5158,319.0797,91.9844,110.7037,0.0000,0.0000
2008,20,True,2779.1626,3268.0000,207.2564,460.0000,1432.2625,1710.9255,903.7631,1238.8413,1142.7554,1365.0915,own rate (multiplicative),129.7467,169.6275,own rate (multiplicative),84.5623,101.0148,47.7006,64.6901,0.0000,0.0000,0.0000,0.0000
2009,20,True,4730.5643,5248.0000,1312.1512,1649.0000,2556.5264,2860.0610,2319.5056,2730.6293,2187.9444,2447.7175,own rate (multiplicative),2438.9311,2738.4559,own rate (multiplicative),356.7179,399.0707,269.3728,313.7429,78.3840,87.6905,0.0000,0.0000
2010,20,True,0.0000,1867.0000,4584.5386,7862.0000,566.7268,1916.8378,3732.9367,6895.3586,0.0000,1095.7376,superzone rate on the increment,2877.0656,5068.6799,own rate (multiplicative),29.2897,227.0146,718.9978,1313.9741,0.0000,18.2843,0.0000,0.0000
2011,20,False,4871.8626,5557.0000,1120.9611,1273.0000,2604.4087,2969.9779,2201.1993,2506.1946,2253.2855,2569.5692,own rate (multiplicative),2142.9810,2327.0871,own rate (multiplicative),334.2557,381.1737,248.2417,279.6296,80.7250,92.0561,0.0000,0.0000
2012,20,True,7049.4315,7880.0000,469.4649,1172.0000,3626.0248,4133.2531,2246.6239,3038.3202,2653.1147,3024.2469,own rate (multiplicative),796.4555,1027.3148,own rate (multiplicative),382.5722,436.0885,69.3013,92.7251,0.0000,0.0000,0.0000,0.0000
2013,20,False,0.0000,0.0000,0.0000,0.0000,0.0000,0.0000,0.0000,0.0000,0.0000,0.0000,superzone rate on the increment,0.0000,0.0000,superzone rate on the increment,1.8531,1.8531,6.5654,6.4955,0.0000,0.0000,0.0000,0.0000
2101,21,True,6763.6347,9721.0000,2135.0860,3790.0000,3687.2710,5388.6839,3527.2626,5656.9027,2640.4769,3858.8689,own rate (multiplicative),2994.4856,4580.3855,own rate (multiplicative),9.0239,13.1878,10.5583,16.7529,0.0000,0.0000,0.0000,0.0000
2102,21,False,10022.3228,12674.0000,1240.6371,2580.0000,5226.0506,6733.7354,3660.7881,5452.6470,6767.4684,8719.8431,own rate (multiplicative),5500.6054,7814.1576,own rate (multiplicative),47.9388,61.7688,413.4762,609.3072,0.0000,0.0000,0.0000,0.0000
2103,21,False,4056.7142,8932.0000,821.3298,2311.0000,2154.7909,4806.5109,1741.6436,4243.9677,2132.2831,4756.3045,own rate (multiplicative),781.9714,1817.3666,own rate (multiplicative),0.4130,0.9212,0.0000,0.0000,0.0000,0.0000,0.0000,0.0000
2104,21,False,0.0000,0.0000,5802.8019,10964.0000,717.3248,1355.3364,4724.9013,8927.3801,678.5980,1282.1648,own rate (multiplicative),2387.8629,4303.0812,own rate (multiplicative),1.3263,2.5059,32.2390,60.2651,0.0000,0.0000,222.8949,427.8412
2105,21,False,7265.7452,14287.0000,4088.1197,9421.0000,4182.8368,8395.8010,5250.3034,11449.4862,3120.0785,6262.6298,own rate (multiplicative),3025.4219,6292.5465,own rate (multiplicative),787.2594,1580.1892,1547.0539,3337.7978,0.0000,0.0000,15.2887,33.8705
2106,21,False,6502.8741,6351.0000,2130.2530,3356.0000,3554.6925,3629.3463,3454.3639,4412.2559,2317.1620,2365.8258,own rate (multiplicative),640.3926,780.1494,own rate (multiplicative),231.9934,236.8656,5.0401,6.3692,0.0000,0.0000,0.0000,0.0000
2107,21,False,3279.5007,4914.0000,2106.4055,3400.0000,1920.2701,2907.4639,2582.4600,4068.0390,203.4957,308.1110,own rate (multiplicative),1722.6941,2588.2043,own rate (multiplicative),11.1456,16.8754,437.3844,681.6599,0.0000,0.0000,0.0000,0.0000
2108,21,False,3122.8098,10296.0000,1636.0403,6171.0000,1782.8177,5974.0457,2158.0275,7747.6900,1477.9945,5478.2583,superzone rate on the increment,1192.3823,4986.4820,superzone rate on the increment,512.8930,896.6131,159.5336,840.5103,0.0000,0.0000,0.0000,33.9946
2109,21,False,5405.8001,9137.0000,2796.0564,5353.0000,3081.7254,5286.3122,3706.3475,6775.1168,2499.1269,4286.9378,own rate (multiplicative),2034.1021,3546.3555,own rate (multiplicative),865.3202,1484.3480,288.0336,520.9149,0.0000,0.0000,0.0000,0.0000
2110,21,False,4271.7715,6407.0000,2394.5994,3457.0000,2458.1226,3670.1754,3079.5464,4509.3049,1921.9911,2869.6879,own rate (multiplicative),1827.4782,2552.1955,own rate (multiplicative),480.1085,716.8407,876.1755,1269.3077,0.0000,0.0000,9.2350,13.7375
2111,21,False,0.0000,0.0000,1794.5771,4015.0000,221.8402,496.3221,1461.2251,3269.1929,387.4008,649.3766,superzone rate on the increment,1530.4078,3265.6489,own rate (multiplicative),2.1502,27.2799,172.3755,381.5504,0.0000,0.0000,0.0000,0.0000
2112,21,False,6226.6063,11841.0000,5324.8769,9955.0000,3809.7724,7223.7969,5982.5053,11237.3988,7157.0912,13570.7248,own rate (multiplicative),6202.8888,11112.5975,own rate (multiplicative),53.1430,100.7656,1160.0546,2155.8280,0.0000,0.0000,0.0000,0.0000
2201,22,False,2425.7064,3242.0000,1772.5256,1991.0000,1446.8585,1887.0235,2084.7969,2478.5738,1355.7889,1768.2486,own rate (multiplicative),1675.4525,1899.8054,own rate (multiplicative),8.1853,10.6755,21.3377,25.0979,0.0000,0.0000,59.2224,71.5279
2202,22,False,8263.1214,10323.0000,1648.5566,2838.0000,4386.0762,5575.6961,3527.6781,5040.9527,2433.2834,3093.2543,own rate (multiplicative),998.3361,1360.6278,own rate (multiplicative),15.5618,19.7826,11.8244,16.7169,0.0000,0.0000,0.0000,0.0000
2203,22,False,6001.6000,6654.0000,1250.1330,2429.0000,3192.1805,3668.1134,2605.1587,3737.5854,6242.9798,7173.7667,own rate (multiplicative),2555.2610,3496.4803,own rate (multiplicative),241.2249,277.1899,139.9819,198.6926,408.6581,469.5863,22.2760,32.4673
2204,22,False,3818.7999,4152.0000,1607.4050,1759.0000,2131.5455,2318.9307,2318.7800,2530.3369,3973.4839,4322.7949,own rate (multiplicative),3331.8391,3467.7016,own rate (multiplicative),166.4592,181.0927,153.3392,165.5484,260.0998,282.9653,29.0461,32.2001
2205,22,False,5061.6000,4740.0000,1584.6967,1618.0000,2757.7677,2599.1103,2628.9734,2571.0369,6274.5020,5913.5230,own rate (multiplicative),5441.7395,5075.7327,own rate (multiplicative),441.1911,415.8089,214.5361,207.5752,0.0000,0.0000,32.9390,32.7253
2206,22,False,3428.6000,3275.0000,1023.9737,1287.0000,1861.9281,1816.6997,1740.5278,1914.0730,4250.0333,4146.7951,own rate (multiplicative),3504.0977,3675.2986,own rate (multiplicative),300.9984,293.6868,131.1874,142.7325,0.0000,0.0000,21.2105,23.6962
2207,22,False,823.3999,4573.0000,979.5147,2524.0000,537.8393,2626.5821,1015.3295,3264.5762,177.3360,2706.6595,superzone rate on the increment,2745.7216,4711.1832,superzone rate on the increment,5.3382,113.0544,5.8613,80.4036,0.0000,28.4526,0.0000,10.4127
2208,22,False,8954.0682,8653.0000,3307.7625,3918.0000,4940.8972,4863.9506,5061.4127,5478.6719,3035.9277,2988.6479,own rate (multiplicative),4864.1937,5021.7292,own rate (multiplicative),156.5886,154.1499,106.2762,113.8132,0.0000,0.0000,0.0000,0.0000
2209,22,False,2471.2654,2888.0000,1320.2145,1735.0000,1414.0043,1676.2044,1728.5538,2176.5047,5335.7661,6325.1820,own rate (multiplicative),4555.1475,5470.3866,own rate (multiplicative),56.7199,67.2375,5.7498,7.1628,0.0000,0.0000,0.0000,0.0000
2210,22,False,0.0000,0.0000,9592.6251,19043.0000,1185.8112,2354.0379,7810.7451,15505.6639,0.0000,0.0000,own rate (multiplicative),0.0000,0.0000,own rate (multiplicative),7.0206,13.9371,44.1280,86.6693,0.0000,0.0000,0.0000,0.0000
2211,22,False,2186.7188,2830.0000,711.2215,1104.0000,1194.7023,1568.8460,1157.4304,1647.3770,3053.4761,4009.7300,own rate (multiplicative),2502.8681,3397.6212,own rate (multiplicative),9.3500,12.2782,79.4835,111.9253,0.0000,0.0000,0.0000,0.0000
2212,22,False,1426.9932,2206.0000,916.5198,1470.0000,835.5541,1298.2592,1123.6687,1780.3612,2352.0519,3654.5488,own rate (multiplicative),1101.8382,1665.0471,own rate (multiplicative),0.5176,0.8043,10.0766,15.7956,0.0000,0.0000,0.0000,0.0000
2213,22,False,964.5154,2193.0000,216.3358,601.0000,514.9215,1184.2563,431.2359,1069.3443,2789.5766,6415.6845,own rate (multiplicative),975.4285,2306.9437,own rate (multiplicative),3.2030,7.3664,5.7057,13.9980,0.0000,0.0000,0.0000,0.0000
2214,22,False,4833.3114,7724.0000,235.6106,1159.0000,2475.4521,4052.6884,1470.1116,2986.4776,5134.9509,8406.6892,own rate (multiplicative),1472.9585,2853.8975,own rate (multiplicative),78.2157,128.0508,117.6160,236.3896,0.0000,0.0000,15.4040,31.7902
2215,22,False,1906.0720,2110.0000,555.1753,778.0000,1033.3662,1164.1269,956.1479,1191.5146,2020.4530,2276.1185,own rate (multiplicative),3666.2811,4357.5156,own rate (multiplicative),44.7027,50.3593,237.9502,293.3684,0.0000,0.0000,38.3414,48.5392
2216,22,False,5073.4401,5084.0000,426.6631,854.0000,2620.6079,2678.7787,1689.1820,2039.9316,2023.5135,2068.4304,own rate (multiplicative),3408.6561,3926.0989,own rate (multiplicative),376.6003,384.9598,166.8643,199.3681,0.0000,0.0000,0.0000,0.0000
2217,22,False,2633.1993,3021.0000,632.6129,881.0000,1410.9661,1637.9520,1211.5045,1516.3142,0.0000,0.0000,own rate (multiplicative),5.5128,6.5808,own rate (multiplicative),2.1353,2.4788,0.1381,0.1710,0.0000,0.0000,0.0000,0.0000
2218,22,False,5215.1206,7750.0000,4702.4469,5665.0000,3220.8773,4622.8661,5208.1870,6662.3410,712.5748,1022.7455,own rate (multiplicative),2753.8617,3359.8609,own rate (multiplicative),3.1059,4.4578,2.5689,3.2512,0.0000,0.0000,0.0000,0.0000
2219,22,False,5504.1035,7958.0000,4464.9670,5694.0000,3337.7862,4731.7279,5091.2476,6740.9639,48.7054,69.0460,own rate (multiplicative),1895.5590,2393.7234,own rate (multiplicative),0.5824,0.8256,32.3926,42.4323,0.0000,0.0000,0.0000,0.0000
2220,22,False,5810.2952,6766.0000,560.1122,873.0000,3010.0554,3532.4530,1992.7184,2500.2412,1711.0396,2007.9919,own rate (multiplicative),332.7575,398.2014,own rate (multiplicative),3.6235,4.2524,4.6438,5.7645,0.0000,0.0000,0.0000,0.0000
2221,22,False,7527.6937,11638.0000,321.1201,1748.0000,3849.7540,6106.5262,2252.3211,4501.2042,3002.5916,4762.7469,own rate (multiplicative),2424.7150,4621.6600,own rate (multiplicative),566.2797,898.2396,137.3067,271.4834,0.0000,0.0000,0.0000,0.0000
2222,22,False,3321.4389,3900.0000,439.1541,665.0000,1735.3961,2056.1467,1236.0006,1572.9066,3521.8324,4172.7674,own rate (multiplicative),2791.6063,3388.2646,own rate (multiplicative),44.1848,52.3514,192.8659,242.8246,0.0000,0.0000,29.1942,37.7426
2301,23,False,6492.2915,8305.0000,1198.3047,1697.0000,3434.1316,4413.2610,2692.7311,3578.1985,4669.0048,6000.2176,own rate (multiplicative),2380.5223,3017.0506,own rate (multiplicative),432.1918,555.4171,197.0049,259.0010,0.0000,0.0000,0.0000,0.0000
2302,23,False,547.6945,755.0000,426.3654,423.0000,329.9155,434.4248,492.0147,544.1006,904.9979,1191.6796,own rate (multiplicative),692.3336,730.2229,own rate (multiplicative),2.4547,3.2323,6.0988,6.6726,0.0000,0.0000,0.0000,0.0000
2303,23,False,4711.9646,5680.0000,964.4968,1653.0000,2504.1364,3079.2074,2031.5108,2848.1375,2542.1381,3125.9361,own rate (multiplicative),4700.3484,6285.0790,own rate (multiplicative),158.4809,194.8758,199.1572,276.2427,5.0940,6.2638,0.0000,0.0000
2304,23,False,4375.3933,5253.0000,468.3528,799.0000,2272.4528,2757.5173,1538.5150,2039.8436,2360.6336,2864.5206,own rate (multiplicative),2108.2783,2666.0111,own rate (multiplicative),131.3294,159.3622,54.8936,72.0062,4.7303,5.7400,0.0000,0.0000
2305,23,False,5160.1196,7097.0000,1348.2098,2082.0000,2778.3985,3849.4378,2462.4707,3572.2028,2784.0370,3857.2499,own rate (multiplicative),6138.4147,8492.9807,own rate (multiplicative),225.5942,312.5580,227.4557,326.4487,5.5787,7.7292,0.0000,0.0000
2306,23,False,3816.4740,8345.0000,413.2862,1284.0000,1982.7549,4382.4528,1345.8598,3252.4942,2058.1343,4549.0626,own rate (multiplicative),1862.4709,4292.8436,own rate (multiplicative),117.7021,260.1551,55.8617,133.5622,4.1241,9.1155,0.0000,0.0000
2307,23,False,6356.7564,9098.0000,1659.0662,2949.0000,3422.4900,4969.3976,3032.0588,4807.3579,4570.7958,6636.7181,own rate (multiplicative),3557.0940,5379.0189,own rate (multiplicative),393.2192,570.9476,287.4187,450.8550,0.0000,0.0000,0.0000,0.0000
2401,24,True,0.0000,5840.0000,2360.5988,3714.0000,291.8101,3414.9642,1922.1053,4568.6112,331.3544,3196.5179,superzone rate on the increment,1844.0618,4180.4342,own rate (multiplicative),6.3073,221.7090,46.8004,110.0549,0.0000,65.3630,0.0000,0.0000
2402,24,True,0.0000,1029.0000,2624.1971,2907.0000,324.3953,880.1714,2136.7388,2639.1495,609.5421,1653.8511,own rate (multiplicative),2175.3980,2562.6551,own rate (multiplicative),55.0676,149.4133,416.0876,508.4524,0.0000,0.0000,90.8465,113.9914
2403,24,True,5531.4633,7322.0000,1001.8841,1661.0000,2923.5382,3911.2763,2278.6862,3288.9115,6034.4886,8073.2833,own rate (multiplicative),2906.3314,4000.8447,own rate (multiplicative),150.5889,201.4665,195.3425,278.9442,335.1330,448.3601,0.0000,0.0000
2404,24,True,4905.3960,6149.0000,530.4578,854.0000,2548.3850,3217.8166,1729.2536,2321.5924,1045.2212,1319.7888,own rate (multiplicative),1137.8343,1456.9518,own rate (multiplicative),466.1714,588.6293,36.4897,48.4675,0.0000,0.0000,141.9425,193.5936
2405,24,True,2075.0550,2644.0000,1294.2125,1863.0000,1210.2526,1568.5295,1602.5960,2216.1973,2265.5075,2936.1767,own rate (multiplicative),3738.5456,4930.8970,own rate (multiplicative),23.0515,29.8755,192.5589,263.4517,125.8181,163.0646,0.0000,0.0000
2406,24,True,4118.1235,5810.0000,902.2189,1564.0000,2195.8718,3134.0036,1823.7480,2810.0508,2410.9191,3440.9245,own rate (multiplicative),1486.7628,2184.8917,own rate (multiplicative),319.2812,455.6862,160.9546,245.3611,0.0000,0.0000,0.0000,0.0000
2407,24,True,3402.5444,4892.0000,1058.5653,1326.0000,1853.0165,2639.9473,1761.8029,2373.4769,1991.6628,2837.4733,own rate (multiplicative),1913.2130,2458.2717,own rate (multiplicative),334.2812,476.2422,164.9551,219.8601,0.0000,0.0000,0.0000,0.0000
2408,24,True,343.3281,678.0000,193.1694,572.0000,197.6507,413.8710,248.0873,645.0588,170.9274,369.2867,superzone rate on the increment,313.6233,777.7537,own rate (multiplicative),0.0000,14.9126,4.0095,10.3143,0.0000,4.5252,0.0000,0.0000
2409,24,False,2005.0029,2129.0000,617.3364,655.0000,1091.1231,1158.5387,1032.9265,1096.3874,3714.7863,3944.3063,own rate (multiplicative),1568.9238,1588.3104,own rate (multiplicative),2.9919,3.1768,20.1196,21.1284,135.9675,144.3683,0.0000,0.0000
2410,24,False,10625.1531,15641.0000,1422.4988,2098.0000,5553.6476,8175.8659,3968.2987,5844.8642,1534.2864,2258.7172,own rate (multiplicative),4345.7741,6104.8655,own rate (multiplicative),64.5228,94.9880,103.9816,151.5233,0.0000,0.0000,0.0000,0.0000
2411,24,False,2614.2350,2579.0000,869.2462,716.0000,1430.6194,1393.8418,1399.1665,1265.0680,859.8888,837.7832,own rate (multiplicative),397.4312,342.7246,own rate (multiplicative),10.0270,9.7692,2.9342,2.6248,0.0000,0.0000,0.0000,0.0000
2412,24,True,3623.6787,5002.0000,0.0000,695.0000,1834.0845,2617.6202,958.3551,1888.7801,772.1193,1101.9749,own rate (multiplicative),0.0000,0.0000,own rate (multiplicative),341.3116,487.1227,6.3552,12.3919,0.0000,0.0000,0.0000,0.0000
2413,24,True,0.0000,0.0000,0.0000,0.0000,0.0000,0.0000,0.0000,0.0000,0.0000,0.0000,superzone rate on the increment,4.5129,4.3042,superzone rate on the increment,19.3262,19.3262,0.1549,0.1532,0.0000,0.0000,0.0000,0.0000
2414,24,False,0.0000,0.0000,485.0000,485.0000,59.9542,59.9542,394.9087,394.9087,88.8121,88.8121,superzone rate on the increment,81.2453,77.4885,own rate (multiplicative),0.0000,0.0000,0.0899,0.0889,0.0000,0.0000,0.0000,0.0000
2415,24,True,1939.7409,2678.0000,353.0651,604.0000,1025.4230,1430.1044,800.4851,1200.0551,2120.8343,2957.8179,own rate (multiplicative),904.0591,1292.6581,own rate (multiplicative),31.1705,43.4719,49.5137,73.4389,117.7834,164.2664,0.0000,0.0000
2416,24,False,6733.7636,6931.0000,1054.1717,1400.0000,3538.5328,3681.1120,2639.2337,2972.9858,2134.8202,2220.8392,own rate (multiplicative),1260.2989,1354.0273,own rate (multiplicative),11.3208,11.7770,25.3976,28.3048,0.0000,0.0000,0.0000,0.0000
2417,24,False,617.3729,3349.0000,432.1442,1472.0000,365.8968,1877.0231,515.1479,2084.2791,163.2441,1549.5427,superzone rate on the increment,230.9098,1511.6410,superzone rate on the increment,8.0054,112.2267,0.3035,70.4132,0.0000,31.6257,0.0000,16.9226
2418,24,False,398.3505,525.0000,189.1545,189.0000,225.0034,289.0865,259.3699,292.7391,147.2672,206.0566,superzone rate on the increment,112.5071,121.1100,own rate (multiplicative),0.0809,4.5006,0.0000,0.0000,0.0000,1.3412,0.0000,0.0000
2419,24,False,2093.7539,2390.0000,1159.1551,1092.0000,1203.0214,1344.6615,1497.5715,1521.2391,1057.8205,1182.3652,own rate (multiplicative),610.1266,591.1106,own rate (multiplicative),146.1789,163.3895,13.7964,13.8653,0.0000,0.0000,0.0000,0.0000
2420,24,True,0.0000,0.0000,0.0000,0.0000,0.0000,0.0000,0.0000,0.0000,0.0000,0.0000,superzone rate on the increment,0.0000,0.0000,superzone rate on the increment,3.2345,3.2345,1.8586,1.8388,0.0000,0.0000,0.0000,0.0000
2421,24,True,1704.8041,2353.0000,322.6214,549.0000,902.7490,1258.8104,713.5627,1069.3188,363.3249,506.6272,own rate (multiplicative),878.5815,1255.7293,own rate (multiplicative),153.0768,213.4532,0.2577,0.3821,0.0000,0.0000,109.6012,166.8560
2422,24,False,3176.4041,3411.0000,508.4985,685.0000,1670.5605,1811.1172,1254.1065,1459.8656,1007.0043,1091.7310,own rate (multiplicative),535.9930,595.0815,own rate (multiplicative),27.4934,29.8066,3.2772,3.7743,0.0000,0.0000,0.0000,0.0000
2423,24,False,3938.9327,4149.0000,629.6394,832.0000,2071.4809,2202.8193,1554.4109,1774.7386,1248.6894,1327.8602,own rate (multiplicative),744.6154,810.8480,own rate (multiplicative),21.5904,22.9593,0.4086,0.4615,0.0000,0.0000,0.0000,0.0000
2424,25,False,0.0000,0.0000,0.0000,0.0000,0.0000,0.0000,0.0000,0.0000,0.0000,0.0000,superzone rate on the increment,0.0000,0.0000,superzone rate on the increment,0.0000,0.0000,0.0000,0.0000,0.0000,0.0000,0.0000,0.0000
2425,24,False,1906.1873,2261.0000,910.2748,1042.0000,1077.3209,1273.1888,1245.3163,1446.4102,919.3128,1086.4533,own rate (multiplicative),448.9689,497.3555,own rate (multiplicative),136.5842,161.4166,10.6454,12.2328,0.0000,0.0000,0.0000,0.0000
2426,24,True,0.0000,0.0000,0.0000,0.0000,0.0000,0.0000,0.0000,0.0000,0.0000,0.0000,superzone rate on the increment,4.5129,4.3042,superzone rate on the increment,21.5095,21.5095,0.3407,0.3371,0.0000,0.0000,0.0000,0.0000
2427,24,False,1023.3306,1215.0000,302.1831,400.0000,555.3023,664.4055,516.6915,647.0292,336.8483,403.0307,own rate (multiplicative),186.8368,223.1485,own rate (multiplicative),2.1024,2.5155,0.0000,0.0000,0.0000,0.0000,0.0000,0.0000
2501,25,False,2592.0256,3470.0000,545.5287,736.0000,1379.3614,1847.2838,1129.7075,1516.9958,2313.6016,3098.4475,own rate (multiplicative),1535.9917,1967.1892,own rate (multiplicative),160.8575,215.4253,97.9460,130.1241,0.0000,0.0000,0.0000,0.0000
2502,25,False,884.2873,3033.0000,340.1280,1181.0000,489.6177,1681.1107,510.8151,1763.7613,0.0000,1722.0937,superzone rate on the increment,761.5918,2542.0976,superzone rate on the increment,1.2482,96.1365,6.3752,243.2595,0.0000,0.0000,0.0000,0.0000
2503,25,False,6534.6888,7914.0000,3725.3723,5183.0000,3767.9790,4646.2895,4761.5955,6313.2481,5438.1307,6705.7511,own rate (multiplicative),11033.4846,13952.4967,own rate (multiplicative),447.2570,551.5119,716.6136,940.0227,0.0000,0.0000,0.0000,0.0000
2504,25,False,8587.7353,13536.0000,1686.9653,2817.0000,4555.1239,7199.3243,3644.8029,5873.5964,6240.8967,9863.6701,own rate (multiplicative),4318.1352,6636.8985,own rate (multiplicative),84.8502,134.1048,1342.1321,2139.8251,0.0000,0.0000,0.0000,0.0000
2505,25,False,6167.1829,7669.0000,1995.2333,2606.0000,3368.0955,4203.7245,3255.6446,4150.1440,4643.0458,5794.9918,own rate (multiplicative),3034.5782,3689.4651,own rate (multiplicative),459.5322,573.5428,41.0421,51.7617,0.0000,0.0000,0.0000,0.0000
2506,25,False,659.7341,1215.0000,263.1585,439.0000,366.4479,669.2265,388.7555,678.7848,414.4836,756.9518,own rate (multiplicative),491.3175,818.1948,own rate (multiplicative),38.9464,71.1261,0.1265,0.2185,0.0000,0.0000,0.0000,0.0000
2507,25,False,1836.8474,2090.0000,1490.8883,2123.0000,1113.9989,1320.2690,1699.7395,2281.3845,2688.4213,3186.2143,own rate (multiplicative),2210.4007,2829.6063,own rate (multiplicative),5.1164,6.0637,737.7734,979.6977,0.0000,0.0000,0.0000,0.0000
3001,30,False,5800.1655,8373.0000,2208.1443,3954.0000,3208.6531,4726.6820,3331.9410,5433.9330,8027.1017,11824.7611,own rate (multiplicative),6714.5765,10444.1833,own rate (multiplicative),230.3457,339.3234,1486.7854,2398.9337,0.0000,0.0000,0.0000,0.0000
3002,30,False,6077.3958,11266.0000,1819.3236,4277.0000,3300.9053,6230.8699,3088.6649,6462.0464,1361.2853,2569.5956,own rate (multiplicative),1323.2392,2640.4413,own rate (multiplicative),40.0079,75.5199,13.2186,27.3613,0.0000,0.0000,0.0000,0.0000
3003,30,False,6553.3991,8693.0000,637.8231,1860.0000,3395.7755,4629.7925,2252.5230,3813.5349,4265.9044,5816.1241,own rate (multiplicative),2245.5168,3625.8821,own rate (multiplicative),187.0407,255.0108,7.1092,11.9078,0.0000,0.0000,0.0000,0.0000
3004,30,False,5008.3480,5076.0000,859.9563,1371.0000,2641.2246,2738.6396,2024.7738,2458.7804,3089.1101,3203.0442,own rate (multiplicative),2831.1777,3279.0591,own rate (multiplicative),46.7836,48.5091,180.0652,216.3346,0.0000,0.0000,0.0000,0.0000
3005,30,False,3294.2386,9688.0000,761.0071,2848.0000,1761.4155,5255.5342,1490.8741,4881.1566,2031.9931,6062.8562,own rate (multiplicative),2174.8216,5365.2826,superzone rate on the increment,17.1149,51.0658,177.6469,458.5416,0.0000,0.0000,0.0000,0.0000
3006,30,False,3953.8536,4117.0000,948.8190,1557.0000,2118.4890,2276.2452,1818.2475,2356.6030,2438.7069,2620.3086,own rate (multiplicative),3126.1995,3864.4617,own rate (multiplicative),62.0483,66.6688,191.8169,245.9649,0.0000,0.0000,0.0000,0.0000
3007,30,False,3690.3418,3842.0000,628.3944,1030.0000,1945.5055,2071.9109,1487.6524,1854.7667,2275.9317,2423.8059,own rate (multiplicative),2070.2626,2461.7965,own rate (multiplicative),31.1675,33.1926,150.2880,185.3809,0.0000,0.0000,0.0000,0.0000
3008,30,False,6328.4130,6588.0000,1052.4845,1726.0000,3333.1605,3547.8055,2530.6568,3147.7163,3902.3168,4153.6137,own rate (multiplicative),3467.2789,4113.2963,own rate (multiplicative),38.0445,40.4944,257.2858,316.6147,0.0000,0.0000,0.0000,0.0000
3009,30,False,4745.8364,4698.0000,834.7165,1301.0000,2505.2372,2538.6659,1934.7959,2301.8135,1055.7964,1069.8844,own rate (multiplicative),255.0617,289.4137,own rate (multiplicative),84.8895,86.0222,86.6398,101.9777,0.0000,0.0000,0.0000,0.0000
3010,30,False,10039.6255,11202.0000,1870.3712,3258.0000,5312.6540,6072.5113,4178.1219,5615.4049,2248.8391,2570.4857,own rate (multiplicative),1563.1212,2003.6945,own rate (multiplicative),59.4304,67.9307,0.9383,1.2476,0.0000,0.0000,0.0000,0.0000
3011,30,False,5813.1705,5492.0000,922.7321,1360.0000,3056.3367,2947.8336,2288.7403,2559.8433,1301.9405,1255.7202,own rate (multiplicative),771.2305,822.6971,own rate (multiplicative),26.5205,25.5790,0.0000,0.0000,0.0000,0.0000,0.0000,0.0000
3012,30,False,5415.7743,8591.0000,937.6338,2305.0000,2857.0411,4633.1758,2195.7744,4148.8979,1213.2662,1967.5165,own rate (multiplicative),779.9520,1405.5677,own rate (multiplicative),50.9027,82.5474,23.4563,43.8487,0.0000,0.0000,0.0000,0.0000
3013,30,False,4368.7647,4519.0000,1079.4025,1738.0000,2344.6339,2502.0877,2034.3060,2610.2984,2843.4857,3034.4398,own rate (multiplicative),3879.9026,4748.2500,own rate (multiplicative),206.2318,220.0812,9.3825,11.9109,0.0000,0.0000,0.0000,0.0000
3101,31,False,11526.4083,13473.0000,2727.9639,5075.0000,6171.1855,7446.5646,5269.6220,7695.4995,7409.7693,8941.1225,own rate (multiplicative),8970.7780,12494.7147,own rate (multiplicative),79.3122,95.7034,1.4529,2.0992,0.0000,0.0000,0.0000,0.0000
3102,31,False,2799.6991,3653.0000,234.9143,496.0000,1446.0758,1910.2392,931.7148,1369.9751,1841.0813,2432.0341,own rate (multiplicative),775.9948,1088.2468,own rate (multiplicative),18.7077,24.7125,8.1957,11.9226,0.0000,0.0000,0.0000,0.0000
3103,31,False,6207.8704,9593.0000,670.7876,1655.0000,3224.9650,5059.9759,2187.9821,3884.6379,4243.0421,6657.3406,own rate (multiplicative),3448.1411,5838.8953,own rate (multiplicative),3.7500,5.8838,1.9977,3.5091,0.0000,0.0000,0.0000,0.0000
3104,31,False,6838.2475,10086.0000,665.7600,1521.0000,3543.4019,5292.9377,2350.6044,3905.9129,4551.4846,6798.7558,own rate (multiplicative),3344.9199,5301.1197,own rate (multiplicative),4.6429,6.9352,1.0897,1.7914,0.0000,0.0000,0.0000,0.0000
3105,31,False,1987.3963,3495.0000,1329.8781,2159.0000,1170.2939,2035.8443,1608.4534,2682.2779,54.4167,94.6633,own rate (multiplicative),543.7503,864.8358,own rate (multiplicative),43.7500,76.1076,0.1816,0.2996,0.0000,0.0000,0.0000,0.0000
3106,31,False,3884.4330,5195.0000,1726.1251,2554.0000,2179.4408,2945.1090,2432.8052,3453.5040,3322.1990,4489.3343,own rate (multiplicative),3269.2722,4426.3178,own rate (multiplicative),87.3214,117.9987,261.9715,367.9254,0.0000,0.0000,0.0000,0.0000
3107,31,False,7786.5376,16852.0000,3720.0963,10624.0000,4400.9361,9842.7583,5088.3763,13107.3888,6656.8594,14888.1640,own rate (multiplicative),9150.5756,22481.4468,own rate (multiplicative),164.1069,367.0275,333.7981,850.6950,0.0000,0.0000,0.0000,0.0000
3108,31,False,1913.2107,3552.0000,797.2707,1640.0000,1066.9064,2000.5370,1155.1607,2274.7597,2089.9461,3918.8202,own rate (multiplicative),1933.0499,3630.5720,own rate (multiplicative),170.8371,320.3335,3.1817,6.1988,0.0000,0.0000,0.0000,0.0000
3109,31,False,1425.1373,1929.0000,909.7926,1204.0000,833.7832,1125.1766,1117.7003,1490.5138,1.6131,2.1768,own rate (multiplicative),95.9661,122.0583,own rate (multiplicative),24.4643,33.0142,37.1217,48.9769,0.0000,0.0000,0.0000,0.0000
3110,31,False,5344.4931,7667.0000,1879.3021,3509.0000,2937.3691,4314.3384,2943.6712,4884.8781,6.0637,8.9062,own rate (multiplicative),202.9830,321.2646,own rate (multiplicative),78.9286,115.9284,94.1265,154.5359,0.0000,0.0000,0.0000,0.0000
3111,31,False,4125.9444,6527.0000,2078.6590,3432.0000,2345.2582,3727.8216,2783.7267,4520.6852,4.6745,7.4302,own rate (multiplicative),215.3788,333.5950,own rate (multiplicative),90.1786,143.3401,90.1394,144.8256,0.0000,0.0000,0.0000,0.0000
3201,32,False,2387.8932,2415.0000,1647.2576,1186.0000,1412.2345,1368.9350,1972.7976,1604.3899,6689.5180,6484.4158,own rate (multiplicative),6840.1735,5305.5865,own rate (multiplicative),3.1191,3.0235,12.0383,9.6860,0.0000,0.0000,198.3386,163.8649
3202,32,False,3775.4723,3531.0000,1801.5236,1220.0000,2133.6120,1937.9889,2465.3812,1927.2230,260.6856,236.7843,own rate (multiplicative),1908.0130,1422.5519,own rate (multiplicative),2.5997,2.3613,69.3744,53.6538,0.0000,0.0000,0.0000,0.0000
3203,32,False,3103.4654,6916.0000,1603.1505,2819.0000,1768.9610,3848.9324,2126.1311,4124.4321,214.3026,466.2829,own rate (multiplicative),1695.4350,3136.8528,own rate (multiplicative),9.1003,19.8006,56.9913,109.3795,0.0000,0.0000,0.0000,0.0000
3204,32,False,0.0000,4930.0000,0.0000,707.0000,0.0000,2582.6617,0.0000,1879.5092,525.2096,3914.3823,superzone rate on the increment,1276.1495,3472.8292,superzone rate on the increment,3.6908,118.7979,0.2488,84.2386,0.0000,13.3190,0.0000,8.6521
3205,32,False,7874.8877,10275.0000,2447.9758,3040.0000,4288.3978,5576.3721,4075.9248,5192.7356,5905.9894,7679.7899,own rate (multiplicative),4674.2587,5679.6514,own rate (multiplicative),626.9678,815.2708,596.1040,751.3548,107.9890,140.4223,0.0000,0.0000
3206,32,False,6583.5695,11000.0000,817.5313,1317.0000,3433.2609,5730.3307,2406.8286,3981.5327,4941.3061,8247.3539,own rate (multiplicative),1626.7040,2566.5667,own rate (multiplicative),501.6013,837.2045,185.0385,302.8449,90.3496,150.7992,0.0000,0.0000
3207,32,False,5250.5569,11343.0000,4160.1870,6585.0000,3171.7805,6555.1505,4776.0265,8361.6876,9069.7064,18744.4532,own rate (multiplicative),12074.3975,20161.9050,own rate (multiplicative),114.7107,237.0737,383.2178,663.7827,0.0000,0.0000,0.0000,0.0000
3208,32,False,3578.5951,7046.0000,3055.0190,7796.0000,2188.9181,4529.9721,3433.9652,8211.3096,0.0000,0.0000,own rate (multiplicative),0.0000,0.0000,own rate (multiplicative),7.5578,15.6409,31.8220,75.2830,0.0000,0.0000,0.0000,0.0000
3209,32,False,5591.7170,4900.0000,4319.3442,2518.0000,3364.1294,2791.3478,4995.8462,3346.1725,995.5169,826.0187,own rate (multiplicative),4747.2944,3032.6641,own rate (multiplicative),14.4737,12.0094,31.6074,20.9450,0.0000,0.0000,0.0000,0.0000
3210,32,False,4531.6684,5065.0000,1345.6063,1297.0000,2459.9932,2723.9244,2294.1443,2395.6171,7567.8416,8379.7910,own rate (multiplicative),4569.4109,4550.8842,own rate (multiplicative),169.7356,187.9464,206.9677,213.8219,0.0000,0.0000,0.0000,0.0000
3211,32,False,2176.7254,3194.0000,916.1653,1088.0000,1214.9789,1751.1027,1321.6619,1730.6162,0.0000,0.0000,own rate (multiplicative),440.8769,550.6005,own rate (multiplicative),1.9077,2.7496,0.0000,0.0000,0.0000,0.0000,0.0000,0.0000
3212,32,False,8566.6652,9530.0000,1799.4123,2278.0000,4558.3598,5105.1026,3730.7898,4375.2508,7635.9311,8551.8066,own rate (multiplicative),4469.1699,4998.8248,own rate (multiplicative),0.8819,0.9877,0.0000,0.0000,0.0000,0.0000,0.0000,0.0000
3213,32,False,10158.6694,16665.0000,3397.0414,6341.0000,5561.6290,9218.6589,5452.6887,9570.5224,1295.1227,2146.7261,own rate (multiplicative),5637.3927,9437.1772,own rate (multiplicative),104.7324,173.5988,52.8913,91.8463,0.0000,0.0000,0.0000,0.0000
3214,32,False,0.0000,0.0000,2270.9987,4500.0000,280.7340,556.2763,1849.1489,3664.1016,72.4608,143.5816,own rate (multiplicative),386.8563,731.1125,own rate (multiplicative),0.0000,0.0000,0.0000,0.0000,0.0000,0.0000,0.0000,0.0000
3215,32,False,3225.7820,4308.0000,1306.3931,1126.0000,1794.1859,2319.6388,1916.8470,2056.1773,5296.0457,6847.0681,own rate (multiplicative),4386.7963,4488.0683,own rate (multiplicative),137.9635,178.3680,277.0706,294.0469,0.0000,0.0000,0.0000,0.0000
3216,32,False,1467.3789,5355.0000,692.9363,1839.0000,828.3561,2937.7051,952.2978,2913.6342,0.0000,2768.0544,superzone rate on the increment,344.9585,2682.9016,superzone rate on the increment,15.0674,109.0793,73.7083,160.5730,0.0000,10.8781,0.0000,9.0288
3301,33,False,1020.4842,958.0000,251.1593,251.0000,547.5542,515.9089,474.3928,457.7379,0.0000,0.0000,own rate (multiplicative),261.4289,240.5865,own rate (multiplicative),2.3124,2.1787,6.1780,5.8977,0.0000,0.0000,0.0000,0.0000
3302,33,False,1959.3918,2316.0000,1142.0260,856.0000,1132.8981,1278.0337,1448.0895,1309.5066,582.8072,657.4706,own rate (multiplicative),1460.0514,1259.2712,own rate (multiplicative),2.8906,3.2609,1.7454,1.5616,0.0000,0.0000,0.0000,0.0000
3303,33,False,1958.1441,1931.0000,1636.2184,1004.0000,1193.3571,1101.4655,1850.1531,1328.1938,0.0000,0.0000,own rate (multiplicative),197.4432,135.1870,own rate (multiplicative),7.5852,7.0011,0.0000,0.0000,0.0000,0.0000,0.0000,0.0000
3304,33,False,685.3032,668.0000,1435.8301,824.0000,524.3515,439.9611,1350.3594,847.6038,22.7316,19.0731,own rate (multiplicative),893.9931,535.2006,own rate (multiplicative),4.7656,3.9986,62.1631,38.6037,0.0000,0.0000,0.0000,0.0000
3305,33,False,3683.5142,4097.0000,985.7312,1003.0000,1986.2227,2197.6386,1776.8063,1900.2220,8059.3555,8917.2031,own rate (multiplicative),2684.2072,2737.9101,own rate (multiplicative),337.3059,373.2092,266.1533,281.6106,38.8209,42.9530,74.0922,80.4985
3306,33,False,0.0000,0.0000,1633.9982,3375.0000,201.9899,417.2073,1330.4745,2748.0762,0.0000,187.7333,superzone rate on the increment,4071.9905,8021.7266,own rate (multiplicative),0.0000,23.9462,473.2871,967.1634,0.0000,3.1224,112.3992,235.8503
3307,33,False,3436.0018,4597.0000,503.3547,786.0000,1801.3171,2423.8832,1318.5740,1855.7660,1476.2305,1986.4411,own rate (multiplicative),123.7370,166.0952,own rate (multiplicative),165.7997,223.1029,0.0000,0.0000,0.0000,0.0000,38.8209,55.5054
3308,33,False,985.6101,6392.0000,128.2692,518.0000,514.7118,3299.2730,365.1071,2112.2724,0.0000,2428.9619,superzone rate on the increment,63.8392,1619.2763,superzone rate on the increment,7.5287,317.3534,0.5818,189.8768,0.0000,40.3985,0.0000,26.2908
3309,33,False,3618.5445,5518.0000,1216.9489,1651.0000,1981.9215,2996.9657,1947.8916,2803.6648,205.8845,311.3286,own rate (multiplicative),1349.2927,1852.2788,own rate (multiplicative),128.1232,193.7416,307.1025,437.3183,0.0000,0.0000,0.0000,0.0000
3310,33,False,4624.8983,11198.0000,1020.2856,3229.0000,2466.9653,6066.9019,2053.9101,5590.7339,1782.9207,4384.6604,own rate (multiplicative),1059.3320,2750.1626,own rate (multiplicative),25.2456,62.0855,255.4765,688.0046,0.0000,0.0000,0.0000,0.0000
3311,33,False,4880.8017,12283.0000,1091.6596,2851.0000,2605.3109,6569.3353,2179.7048,5569.8995,2298.3924,5795.4350,own rate (multiplicative),2326.2270,5669.4465,own rate (multiplicative),261.3682,659.0444,380.8453,962.8337,93.2266,235.0724,69.7254,181.0055
3312,33,False,567.9789,2154.0000,743.3566,2513.0000,379.3677,1400.8725,755.4878,2615.8660,258.8763,1149.9310,superzone rate on the increment,1664.3513,3246.7606,superzone rate on the increment,30.4270,144.0849,445.5075,642.3334,10.5005,25.3205,49.8866,78.6742
3313,33,False,4334.3271,10691.0000,1274.9214,3667.0000,2351.3732,5864.4337,2184.3985,5813.2867,2040.4552,5088.9898,own rate (multiplicative),2879.3398,7308.3894,own rate (multiplicative),256.7251,640.2843,379.3763,998.8793,82.7643,206.4180,86.3042,233.3313
3315,33,False,6224.4449,7761.0000,664.1402,1082.0000,3232.5323,4061.8971,2186.9530,2933.5662,1917.8253,2409.8781,own rate (multiplicative),992.7138,1270.0458,own rate (multiplicative),354.4054,445.3346,24.2926,32.2391,0.0000,0.0000,0.0000,0.0000
3316,33,False,5275.5800,11237.0000,1984.1626,3107.0000,2915.4521,6071.5600,3010.8278,5501.7104,1818.0673,3786.2069,own rate (multiplicative),4795.3882,8357.4628,own rate (multiplicative),680.8869,1417.9776,574.8545,1039.2564,205.9162,428.8297,0.0000,0.0000
3317,33,False,4967.9907,8342.0000,1368.4741,2655.0000,2683.6596,4550.4132,2428.1585,4368.0305,2335.3637,3959.8426,own rate (multiplicative),1850.9290,3175.6840,own rate (multiplicative),850.6353,1442.3371,5.0423,8.9741,0.0000,0.0000,0.0000,0.0000
3318,33,False,0.0000,13748.0000,0.0000,1458.0000,0.0000,7138.6302,0.0000,4823.1054,0.0000,6226.9994,superzone rate on the increment,0.0000,4301.9826,superzone rate on the increment,0.0000,794.2809,0.0000,522.5719,0.0000,103.5673,0.0000,72.5766
3319,33,False,1769.1882,3248.0000,76.4050,182.0000,904.8998,1666.4372,530.1100,1007.1918,717.8944,1322.0535,own rate (multiplicative),165.2520,299.4552,own rate (multiplicative),168.6900,310.6547,1.7454,3.2809,0.0000,0.0000,0.0000,0.0000
3320,33,False,492.5803,1280.0000,11.0403,75.0000,250.6788,657.1290,139.2623,399.5902,0.0000,354.5449,superzone rate on the increment,0.0000,0.0000,own rate (multiplicative),3.6977,48.9214,0.0000,0.0000,0.0000,5.8968,0.0000,0.0000
3321,33,False,473.4550,445.0000,123.1904,141.0000,254.8624,242.6618,225.5219,232.4978,0.0000,0.0000,own rate (multiplicative),0.0000,0.0000,own rate (multiplicative),1.6270,1.5491,0.7757,0.7912,0.0000,0.0000,0.0000,0.0000
3322,33,False,3342.7328,3085.0000,826.3811,784.0000,1794.0416,1658.3540,1556.9298,1454.2585,2410.8608,2228.5217,own rate (multiplicative),386.9736,344.7409,own rate (multiplicative),17.1674,15.8690,3.1417,2.9033,0.0000,0.0000,0.0000,0.0000
3401,34,False,1142.2336,1113.0000,705.3174,604.0000,665.3180,637.9972,876.3878,786.1592,487.6468,467.6219,own rate (multiplicative),1047.6166,896.3042,own rate (multiplicative),137.6321,131.9804,12.2901,10.9075,0.0000,0.0000,0.0000,0.0000
3402,34,False,2038.1764,2240.0000,299.7437,384.0000,1068.6536,1181.2199,783.1017,905.0833,2919.1581,3226.6467,own rate (multiplicative),887.0619,977.8297,own rate (multiplicative),137.6715,152.1731,6.3332,7.2418,0.0000,0.0000,0.0000,0.0000
3403,34,False,2351.4220,2943.0000,1230.5384,1799.0000,1342.2614,1711.9535,1623.8406,2243.1622,3163.7969,4035.1851,own rate (multiplicative),3770.1063,4967.1786,own rate (multiplicative),143.7653,183.3618,7.8707,10.7568,0.0000,0.0000,0.0000,0.0000
3404,34,False,4347.0775,8007.0000,1086.2632,2841.0000,2334.5053,4403.8495,2034.1567,4430.8825,1959.2643,3695.9886,own rate (multiplicative),1785.0785,3708.5320,own rate (multiplicative),552.5697,1042.3766,1.6782,3.6166,0.0000,0.0000,0.0000,0.0000
3405,34,False,4054.4776,8484.0000,1017.2142,3103.0000,2177.8735,4677.6653,1900.5499,4770.3669,1298.6398,2789.2356,own rate (multiplicative),1801.3810,4312.3794,own rate (multiplicative),5.7246,12.2954,5.3842,13.3706,0.0000,0.0000,0.0000,0.0000
3406,34,False,2702.3192,4861.0000,404.4110,1108.0000,1417.7408,2597.3085,1043.9725,2187.7729,865.8910,1586.3168,own rate (multiplicative),656.3189,1311.7979,own rate (multiplicative),5.5931,10.2466,0.0000,0.0000,0.0000,0.0000,0.0000,0.0000
3407,34,False,5822.5579,7002.0000,1158.1831,2009.0000,3090.1938,3792.3306,2482.9377,3487.6382,4449.3596,5460.3186,own rate (multiplicative),5965.6217,7992.0869,own rate (multiplicative),2.7926,3.4271,16.2152,22.5342,0.0000,0.0000,0.0000,0.0000
3408,34,False,4430.7202,5447.0000,637.5595,1101.0000,2321.3727,2893.0405,1690.9230,2337.0528,3385.3928,4219.0891,own rate (multiplicative),3217.9567,4241.9326,own rate (multiplicative),11.8961,14.8257,0.1067,0.1459,0.0000,0.0000,0.0000,0.0000
3409,34,False,2404.1736,3203.0000,203.8462,366.0000,1242.0445,1666.4065,801.8130,1145.1117,1837.6158,2465.4632,own rate (multiplicative),968.6976,1319.4771,own rate (multiplicative),1.9436,2.6077,0.0000,0.0000,0.0000,0.0000,0.0000,0.0000
3410,34,False,345.1980,336.0000,82.4839,116.0000,184.9145,184.4022,158.4567,183.3144,0.0000,0.0000,superzone rate on the increment,3.1800,3.5087,own rate (multiplicative),0.1171,0.0851,0.0000,0.0000,0.0000,0.0000,0.0000,0.0000
3411,34,False,1503.7711,1443.0000,818.0000,960.0000,862.2356,849.0306,1063.7549,1163.3055,31.9798,31.4900,own rate (multiplicative),0.0000,0.0000,own rate (multiplicative),4.1095,4.0466,2.3610,2.5545,0.0000,0.0000,0.0000,0.0000
3412,34,False,4248.1405,3317.0000,358.1264,320.0000,2194.4194,1718.4199,1415.1092,1137.8060,4819.8582,3774.3654,own rate (multiplicative),534.8055,410.1220,own rate (multiplicative),403.5185,315.9898,7.7442,6.1604,0.0000,0.0000,0.0000,0.0000
3413,34,False,0.0000,2133.0000,3874.0000,3970.0000,478.8921,1570.3535,3154.3844,3796.6668,0.0000,1146.2370,superzone rate on the increment,5912.6344,6787.4679,own rate (multiplicative),5.9334,74.0769,9.8261,11.7010,0.0000,7.5191,0.0000,0.0000
3414,34,False,3968.7467,3045.0000,394.1968,390.0000,2057.4663,1589.4034,1370.5880,1122.8673,4481.3480,3461.8646,own rate (multiplicative),621.7119,485.7911,own rate (multiplicative),320.4092,247.5178,0.9130,0.7400,0.0000,0.0000,0.0000,0.0000
3415,34,False,4928.0332,13023.0000,1411.6864,4662.0000,2668.7774,7167.7484,2452.7763,7240.2048,3258.1557,8750.6889,own rate (multiplicative),3102.6067,8734.9118,own rate (multiplicative),350.5650,941.5404,401.2834,1171.9175,0.0000,0.0000,0.0000,0.0000
3416,34,False,5387.3113,8162.0000,1853.4183,3019.0000,2955.8414,4504.3048,2933.9196,4616.8109,3470.9934,5289.3271,own rate (multiplicative),4207.9957,6315.5046,own rate (multiplicative),371.2394,565.7189,421.2422,655.8110,0.0000,0.0000,0.0000,0.0000
3417,34,False,4011.4085,5605.0000,1579.2218,3610.0000,2225.5482,3283.1654,2346.7712,4421.7793,159.0933,234.6971,own rate (multiplicative),350.5797,630.0166,own rate (multiplicative),21.4559,31.6521,29.5229,55.0349,0.0000,0.0000,0.0000,0.0000
3418,34,False,948.9563,1127.0000,616.0000,637.0000,556.4517,649.1625,752.5455,816.7319,2644.0553,3084.5830,own rate (multiplicative),1776.4289,1838.7956,own rate (multiplicative),4.1106,4.7955,125.5666,134.8261,217.2380,253.4322,0.0000,0.0000
3419,34,False,0.0000,0.0000,555.3661,644.0000,68.6527,79.6093,452.2040,524.3737,0.0000,11.5065,superzone rate on the increment,1566.2951,1732.2835,own rate (multiplicative),0.4684,1.1524,96.1990,110.3646,0.0000,0.0755,0.0000,0.0000
3420,34,False,3405.4959,3800.0000,714.0000,703.0000,1811.9162,2010.2303,1482.0230,1577.4009,189.9190,210.7056,own rate (multiplicative),360.5566,366.0155,own rate (multiplicative),0.2430,0.2696,0.0000,0.0000,0.0000,0.0000,0.0000,0.0000
3421,34,False,5329.1985,6971.0000,2134.5146,2439.0000,2961.1765,3829.7956,3147.4317,3829.5649,308.5066,399.0026,own rate (multiplicative),1193.2062,1384.6739,own rate (multiplicative),11.7008,15.1330,275.3588,331.4706,0.0000,0.0000,0.0000,0.0000
3422,34,False,2522.6842,2521.0000,1607.7547,1451.0000,1475.5742,1455.3442,1976.2807,1848.1986,72.6178,71.6222,own rate (multiplicative),577.2063,514.8372,own rate (multiplicative),7.9044,7.7960,23.3645,21.6177,0.0000,0.0000,0.0000,0.0000
3423,34,False,6790.7152,9375.0000,752.8443,3138.0000,3530.1090,5132.9616,2408.9415,5034.5084,2051.2549,2982.6310,own rate (multiplicative),1398.2799,2787.1723,own rate (multiplicative),284.9085,414.2717,3.7936,7.8439,0.0000,0.0000,0.0000,0.0000
3424,34,False,9337.3230,19545.0000,1189.1469,4713.0000,4872.9805,10475.0903,3437.7005,9006.6060,3737.9657,8035.2319,own rate (multiplicative),3929.2250,9818.3592,own rate (multiplicative),31.4538,67.6139,7.1425,18.5139,0.0000,0.0000,0.0000,0.0000
3425,34,False,0.0000,0.0000,4475.0000,5799.0000,553.1859,716.8548,3643.7455,4721.8056,389.5896,504.8559,own rate (multiplicative),3253.4711,4021.1095,own rate (multiplicative),3.4705,4.4973,119.4200,153.1053,0.0000,0.0000,0.0000,0.0000
3426,34,False,7341.9833,9587.0000,527.0293,1814.0000,3781.2126,5076.5942,2370.8667,4012.5160,3699.7631,4967.2414,own rate (multiplicative),2992.0524,4829.6728,own rate (multiplicative),24.5632,32.9781,1.1873,1.9880,0.0000,0.0000,0.0000,0.0000
3427,34,False,973.6985,1368.0000,30.6266,61.0000,496.6126,699.9386,282.4518,411.4642,448.6953,632.4027,own rate (multiplicative),95.7923,133.0936,own rate (multiplicative),16.3647,23.0648,0.0000,0.0000,0.0000,0.0000,0.0000,0.0000
3428,34,False,561.8196,548.0000,143.3316,133.0000,302.0769,293.8051,265.2916,253.2242,1565.4235,1522.5575,own rate (multiplicative),464.2047,422.6007,own rate (multiplicative),7.6946,7.4839,27.5888,26.0536,128.6170,125.0951,0.0000,0.0000
3429,34,False,945.9543,921.0000,218.1606,318.0000,505.7525,505.4641,427.8129,502.5069,1027.2805,1026.6945,own rate (multiplicative),176.3540,197.5661,own rate (multiplicative),264.5630,264.4121,3.5063,4.0747,0.0000,0.0000,0.0000,0.0000
3430,34,False,0.0000,0.0000,0.0000,0.0000,0.0000,0.0000,0.0000,0.0000,0.0000,0.0000,superzone rate on the increment,0.0000,0.0000,superzone rate on the increment,0.0000,0.0000,0.0000,0.0000,0.0000,0.0000,0.0000,0.0000
3501,35,False,1408.3964,2903.0000,432.4868,816.0000,766.3068,1570.1925,724.6291,1432.1808,0.0000,0.0000,own rate (multiplicative),200.7923,378.5019,own rate (multiplicative),0.8211,1.6825,0.3836,0.7500,0.0000,0.0000,0.0000,0.0000
3502,35,False,5214.0161,12908.0000,2849.1279,5368.0000,2991.2166,7196.8160,3698.8395,7784.6476,3080.5278,7411.6972,own rate (multiplicative),2220.5575,4457.3258,own rate (multiplicative),511.1583,1229.8381,225.0704,468.6459,0.0000,0.0000,0.0000,0.0000
3503,35,False,1074.8885,2031.0000,620.8460,782.0000,620.7899,1124.6364,789.7966,1173.8784,0.0000,0.0000,own rate (multiplicative),0.0000,0.0000,own rate (multiplicative),0.6545,1.1858,0.3836,0.5640,0.0000,0.0000,0.0000,0.0000
3504,35,False,519.8567,488.0000,111.8915,58.0000,276.9513,254.1655,228.5937,176.2877,2852.4317,2617.7517,own rate (multiplicative),3687.2450,2712.0555,own rate (multiplicative),0.2834,0.2601,0.1279,0.0976,0.0000,0.0000,0.0000,0.0000
3505,35,False,301.5225,283.0000,70.6075,34.0000,161.3405,147.4403,137.2355,102.5294,0.0000,0.0000,superzone rate on the increment,170.1300,121.2276,own rate (multiplicative),2.0810,0.0170,0.1279,0.0945,0.0000,0.0000,0.0000,0.0000
3506,35,False,8315.9536,13122.0000,1381.7623,3055.0000,4379.8363,7019.2036,3324.4147,5957.8960,3639.0709,5832.0398,own rate (multiplicative),3631.2663,6206.8993,own rate (multiplicative),717.2379,1149.4581,237.2367,420.6420,0.0000,0.0000,0.0000,0.0000
3507,35,False,5956.8441,7812.0000,727.5915,1063.0000,3104.9328,4085.3614,2167.8454,2931.5835,2606.9852,3430.1795,own rate (multiplicative),1858.6989,2397.2972,own rate (multiplicative),502.9421,661.7535,127.6243,170.7499,0.0000,0.0000,0.0000,0.0000
3508,35,False,6331.2191,8691.0000,1519.9082,2246.0000,3392.3623,4676.4963,2911.9962,4127.3044,2263.0007,3119.6298,own rate (multiplicative),819.0060,1107.1378,own rate (multiplicative),16.5342,22.7930,0.3836,0.5379,698.8340,963.3684,732.4130,1054.5882
3509,35,False,3725.9120,8129.0000,783.8502,2168.0000,1982.7259,4382.4042,1623.6387,3915.1611,1331.5965,2943.2178,own rate (multiplicative),422.2774,971.1738,own rate (multiplicative),3.6153,7.9910,0.5114,1.2201,411.2090,908.8921,377.6300,925.0771
3510,35,False,6050.5974,7353.0000,1413.6249,2000.0000,3237.1904,3968.8728,2751.2395,3573.1391,2293.9239,2812.4056,own rate (multiplicative),2200.7090,2725.9823,own rate (multiplicative),196.6528,241.1011,1.4064,1.8071,0.0000,0.0000,0.0000,0.0000
3511,35,False,2332.7504,7075.0000,595.4479,1549.0000,1254.3030,3772.4149,1101.7834,3132.3919,1985.6767,4426.0647,superzone rate on the increment,1579.7514,4283.5864,own rate (multiplicative),5.2133,379.1107,0.8950,2.5174,0.0000,41.1783,0.0000,0.0000
3512,35,False,3059.4030,8823.0000,781.2343,1932.0000,1645.0565,4704.4909,1445.2370,3906.5416,2595.4066,7422.2781,own rate (multiplicative),2066.2721,5326.9645,own rate (multiplicative),4.2254,12.0838,87.6276,234.3406,0.0000,0.0000,0.0000,0.0000
3513,35,False,0.0000,7269.0000,2128.9026,2472.0000,263.1685,3984.7043,1733.4479,3935.2471,284.4924,3891.1595,superzone rate on the increment,974.3306,2109.6306,own rate (multiplicative),1.9702,554.5559,13.8795,31.1736,0.0000,60.8577,0.0000,0.0000
3514,35,False,7178.7488,9322.0000,2684.9043,3931.0000,3965.3433,5204.1645,4084.7346,5666.1876,3279.7301,4304.3574,own rate (multiplicative),2238.0545,2960.9880,own rate (multiplicative),926.8760,1216.4433,859.6985,1179.8486,0.0000,0.0000,3.2556,4.5879
3515,35,False,8552.2141,12473.0000,3603.5615,5259.0000,4774.0690,6963.1713,5195.9871,7580.8504,3648.1760,5321.0111,own rate (multiplicative),3160.2335,4397.5210,own rate (multiplicative),1069.7451,1560.2661,1084.7448,1565.7789,0.0000,0.0000,4.5971,6.8138
3516,35,False,2280.9282,10414.0000,5967.5997,16716.0000,1892.1629,7337.3110,5462.3246,16365.1090,2292.8202,7569.8987,superzone rate on the increment,8304.4033,23729.5069,own rate (multiplicative),430.6985,1239.2116,2894.6130,8579.9524,0.0000,89.0437,0.0000,0.0000
3517,35,False,5515.7470,7730.0000,1207.9239,2103.0000,2941.0536,4172.4197,2442.2965,3756.7116,4516.6917,6407.7489,own rate (multiplicative),3469.9764,5090.6691,own rate (multiplicative),638.9995,906.5370,617.6535,939.9556,0.0000,0.0000,0.0000,0.0000
3518,35,False,4569.6837,1875.0000,945.7534,382.0000,2429.8056,996.2320,1978.6200,806.9232,3741.4174,1533.9992,own rate (multiplicative),2700.7941,1050.5099,own rate (multiplicative),520.1191,213.2514,468.7599,189.1356,0.0000,0.0000,0.0000,0.0000
3519,35,False,6211.4750,6499.0000,1032.7253,1503.0000,3271.5311,3475.1926,2483.6413,2942.6018,5086.2628,5402.8961,own rate (multiplicative),2948.6893,3332.0425,own rate (multiplicative),702.0630,745.7683,517.6513,606.7823,0.0000,0.0000,0.0000,0.0000
3520,35,False,10281.9319,19303.0000,1839.8684,3414.0000,5431.5240,10192.0263,4217.3679,7884.9002,3314.7255,6219.9430,own rate (multiplicative),1785.7041,3184.2201,own rate (multiplicative),1818.6997,3412.7135,568.0411,1050.7210,0.0000,0.0000,0.0000,0.0000
3521,35,False,3868.3771,17642.0000,2122.6042,7201.0000,2220.3258,9819.4671,2751.3899,10529.1603,1243.8275,8608.4142,superzone rate on the increment,2079.8976,8484.4888,superzone rate on the increment,708.2230,1836.5680,644.2904,1772.2241,0.0000,124.2676,0.0000,123.1188
3522,35,False,0.0000,6501.0000,1494.4253,2034.0000,184.7363,3541.8455,1216.8280,3375.4948,0.0000,3253.4888,superzone rate on the increment,1516.9702,4013.5085,own rate (multiplicative),5.6704,504.1448,466.3765,1279.9643,0.0000,54.8983,0.0000,0.0000
3524,35,False,2633.5150,7436.0000,2229.3448,4319.0000,1608.5090,4297.5501,2511.7187,5483.3238,24.7725,66.1863,own rate (multiplicative),523.5879,1090.1880,own rate (multiplicative),2.3087,6.1682,168.3145,363.5360,0.0000,0.0000,0.0000,0.0000
3525,35,False,0.0000,0.0000,0.0000,0.0000,0.0000,0.0000,0.0000,0.0000,0.0000,0.0000,superzone rate on the increment,491.4940,468.7671,superzone rate on the increment,0.2036,0.2036,33.1857,32.8325,0.0000,0.0000,0.0000,0.0000
3526,35,False,4393.6372,13069.0000,1927.9317,4725.0000,2462.1155,7198.8186,2731.7945,7303.6679,4451.3062,13014.8835,own rate (multiplicative),3097.6355,7898.8196,own rate (multiplicative),246.0092,719.2904,230.6520,610.1030,0.0000,0.0000,0.0000,0.0000
3527,35,False,4432.0939,7525.0000,1247.7734,1741.0000,2397.5008,4023.9119,2188.1498,3407.7385,4507.6171,7565.4840,own rate (multiplicative),2045.4912,3038.2655,own rate (multiplicative),252.3682,423.5692,141.8743,218.5978,0.0000,0.0000,0.0000,0.0000
3528,35,False,6441.7229,20513.0000,2245.0840,6192.0000,3537.9366,11147.8622,3531.6918,10466.8813,3968.0471,11343.0852,superzone rate on the increment,3225.0006,9115.9763,own rate (multiplicative),406.6117,1536.5580,2.0457,5.9984,0.0000,124.4440,6.2302,18.7580
3529,35,False,3581.8431,4940.0000,707.1964,1142.0000,1900.3314,2641.4964,1523.1218,2236.3504,137.9790,191.7934,own rate (multiplicative),779.5022,1091.5948,own rate (multiplicative),0.7280,1.0120,0.0000,0.0000,0.0000,0.0000,0.0000,0.0000
3530,35,False,1724.9465,4856.0000,2366.1836,4954.0000,1165.5628,3070.2086,2382.8497,5318.0361,226.1171,595.6150,own rate (multiplicative),1478.8278,3147.8290,own rate (multiplicative),2.6358,6.9430,598.6498,1321.8448,0.0000,0.0000,0.0000,0.0000
3531,35,False,3051.0119,9367.0000,2625.4671,5766.0000,1868.7879,5453.7779,2944.6747,7172.2280,399.8804,1166.9911,own rate (multiplicative),1649.3814,3831.5697,own rate (multiplicative),2.4609,7.1817,646.3744,1557.5926,0.0000,0.0000,0.0000,0.0000
3532,35,False,3157.1859,7427.0000,1255.8560,2826.0000,1753.2195,4108.4347,1857.5559,4265.2761,2013.0110,4717.2212,own rate (multiplicative),1895.2064,4150.5023,own rate (multiplicative),381.3345,893.6063,0.5114,1.1618,0.0000,0.0000,0.0000,0.0000
3601,36,False,6355.8548,8637.0000,310.0541,1144.0000,3255.2729,4512.9389,1933.3942,3215.7253,2420.6454,3355.8554,own rate (multiplicative),4783.6874,7588.5744,own rate (multiplicative),4.3713,6.0601,4.0088,6.5967,0.0000,0.0000,0.0000,0.0000
3602,36,False,11038.2403,13145.0000,1705.9686,2643.0000,5797.7688,6979.9146,4308.3618,5628.5099,62.4676,75.2045,own rate (multiplicative),1178.3483,1468.2291,own rate (multiplicative),3.3176,3.9941,0.9792,1.2656,0.0000,0.0000,0.0000,0.0000
3603,36,False,4741.5285,5563.0000,289.5107,589.0000,2435.6601,2888.4607,1489.7256,1950.8380,2960.2684,3510.5962,own rate (multiplicative),337.0832,421.0086,own rate (multiplicative),389.2517,461.6154,0.4896,0.6343,0.0000,0.0000,0.6512,0.8663
3604,36,False,4965.1261,6777.0000,1838.1008,3798.0000,2740.2636,3899.6001,2809.7920,4884.8164,747.2290,1063.3627,own rate (multiplicative),1559.5411,2585.8884,own rate (multiplicative),6.7810,9.6498,4.3515,7.4845,0.0000,0.0000,0.0000,0.0000
3605,36,False,3877.0580,5241.0000,823.6811,2362.0000,2064.1506,2944.6569,1696.0444,3309.3346,2805.4939,4002.2356,own rate (multiplicative),1210.1935,2252.1493,own rate (multiplicative),36.5884,52.1960,1.1779,2.2739,0.0000,0.0000,0.0000,0.0000
3606,36,False,4104.8978,5307.0000,861.6385,1291.0000,2184.1613,2845.6683,1787.2079,2454.7335,186.8124,243.3914,own rate (multiplicative),712.8541,933.8321,own rate (multiplicative),250.0530,325.7854,165.9143,225.4582,0.0000,0.0000,0.0000,0.0000
3607,36,False,0.0000,0.0000,5984.0516,11903.0000,739.7303,1471.4128,4872.4830,9691.9559,7.4419,14.8029,own rate (multiplicative),1834.3935,3480.1061,own rate (multiplicative),4.0089,7.9743,74.4895,146.5916,0.0000,0.0000,0.0000,0.0000
3608,36,False,738.8024,956.0000,117.0772,214.0000,388.4093,510.3228,290.7207,427.0819,338.4222,444.6457,own rate (multiplicative),22.8287,31.9856,own rate (multiplicative),21.4008,28.1181,20.8700,30.3326,0.0000,0.0000,0.0000,0.0000
3609,36,False,9532.4714,16720.0000,2900.8575,6515.0000,5183.3492,9268.0059,4883.0628,9726.7468,4366.6965,7807.8029,own rate (multiplicative),565.6433,1074.6248,own rate (multiplicative),394.1204,704.7008,563.5550,1110.6176,0.0000,0.0000,0.0000,0.0000
3610,36,False,0.0000,0.0000,3279.6890,4347.0000,405.4252,537.3630,2670.4697,3539.5222,0.0000,0.0000,own rate (multiplicative),2901.4216,3667.8090,own rate (multiplicative),4.2631,5.6504,354.0684,464.2983,0.0000,0.0000,0.0000,0.0000
3611,36,False,213.1887,631.0000,1232.0145,1629.0000,260.2010,520.7456,1059.5435,1493.2855,808.8483,1618.7649,own rate (multiplicative),103.9209,139.6902,own rate (multiplicative),6.8828,13.7747,0.5174,0.7214,0.0000,0.0000,0.0000,0.0000
3612,36,False,9443.7343,17330.0000,2032.0625,4217.0000,5031.0381,9292.6788,4152.1827,8016.9391,132.4778,244.6957,own rate (multiplicative),2297.7306,4231.2640,own rate (multiplicative),121.1744,223.8175,13.5477,25.8791,0.0000,0.0000,0.0000,0.0000
3613,36,False,0.0000,0.0000,938.4606,1296.0000,116.0097,160.2076,764.1367,1055.2613,5.6606,43.3040,superzone rate on the increment,172.4302,227.1126,own rate (multiplicative),17.3496,21.8260,12.5664,17.1694,0.0000,0.4222,0.0000,0.0000
3614,36,False,7887.4084,8092.0000,591.3819,3361.0000,4065.2286,4511.1521,2567.5142,4876.7697,4796.8832,5323.0635,own rate (multiplicative),1151.1287,2085.3654,own rate (multiplicative),616.0722,683.6505,57.1921,107.4753,20.6434,22.9079,10.1987,19.6795
3615,36,False,10032.9451,13990.0000,3534.1320,7716.0000,5514.9418,8034.7108,5531.0637,9982.6512,6097.0585,8882.7957,own rate (multiplicative),9441.3742,16252.1690,own rate (multiplicative),842.0179,1226.7347,488.2521,871.8351,26.2386,38.2269,83.6477,153.3707
3616,36,False,0.0000,0.0000,6101.8626,11714.0000,754.2937,1448.0491,4968.4099,9538.0637,0.0000,0.0000,own rate (multiplicative),219.1077,401.1800,own rate (multiplicative),2.5454,4.8865,46.4871,88.2934,0.0000,0.0000,137.2895,267.7511
3617,36,False,6107.1906,7915.0000,5475.8994,7548.0000,3768.0004,4939.1497,6073.8926,8239.2015,4280.7059,5611.2115,own rate (multiplicative),13727.5527,17760.2886,own rate (multiplicative),337.5613,442.4802,1037.9135,1392.9392,84.6432,110.9515,33.7971,46.5745
3618,36,False,10425.9189,18082.0000,1356.3174,3317.0000,5444.6263,9562.0399,3861.7194,7483.0004,7313.7734,12844.7003,own rate (multiplicative),3297.1179,6093.5226,own rate (multiplicative),473.5694,831.6989,237.8117,455.9122,144.6170,253.9813,8.1175,15.9797
3619,36,False,5115.7604,33757.0000,848.0451,10714.0000,2694.1178,18410.1608,2043.4825,17651.5397,3582.4884,16967.8318,superzone rate on the increment,2017.6214,13443.1893,superzone rate on the increment,226.0048,1817.7335,141.8393,1180.7501,70.8373,220.9706,4.9674,99.6006
3620,36,False,3261.1060,4707.0000,2149.9184,2506.0000,1916.3388,2692.1796,2613.0253,3285.3588,2146.9209,3016.1142,own rate (multiplicative),1447.3031,1735.5517,own rate (multiplicative),504.4717,708.7100,203.6192,253.2858,67.8185,95.2752,48.6618,62.1554
3621,36,False,1934.2371,3056.0000,2697.0030,3204.0000,1312.3878,1942.8290,2707.5688,3417.0613,1273.4211,1885.1435,own rate (multiplicative),1774.7573,2136.2454,own rate (multiplicative),297.9700,441.1080,256.3404,320.0688,40.2258,59.5494,59.6716,76.5054
3622,36,False,2618.9500,4380.0000,1872.4583,2426.0000,1557.0199,2516.7829,2217.2737,3133.7374,1724.2745,2787.1349,own rate (multiplicative),1223.8234,1649.6846,own rate (multiplicative),401.8973,649.6309,179.1838,250.5503,54.4677,88.0421,41.1479,59.0802
3623,36,False,4726.6120,15482.0000,1145.4000,4466.0000,2533.9128,8388.1148,2182.6841,7730.9451,48.8112,5034.8312,superzone rate on the increment,40.2540,4133.0510,superzone rate on the increment,9.1620,602.0785,1.3056,371.1343,149.4813,205.4057,25.2225,59.2351
3624,36,False,1926.8501,3168.0000,1285.4838,1508.0000,1134.1613,1789.8622,1556.2930,2065.7228,824.3139,1300.8805,own rate (multiplicative),649.5916,822.3561,own rate (multiplicative),255.4125,403.0760,320.8484,421.3409,0.0000,0.0000,0.0000,0.0000
3625,36,False,0.0000,0.0000,0.0000,0.0000,0.0000,0.0000,0.0000,0.0000,0.0000,0.0000,superzone rate on the increment,0.0000,0.0000,superzone rate on the increment,0.5076,0.5076,0.1632,0.1615,0.0000,0.0000,0.0000,0.0000
3626,36,False,2793.6534,4317.0000,758.4366,1297.0000,1507.7321,2345.3326,1356.3911,2197.7934,6928.0069,10776.7687,own rate (multiplicative),4477.6340,6919.7341,own rate (multiplicative),248.2598,386.1773,166.3159,266.6174,0.0000,0.0000,0.0000,0.0000
3627,36,False,6726.0440,8323.0000,1662.5808,2815.0000,3609.8353,4560.5753,3132.5861,4493.2847,2883.2188,3642.5863,own rate (multiplicative),889.6250,1217.0454,own rate (multiplicative),891.7536,1126.6191,389.6169,552.9064,0.0000,0.0000,0.0000,0.0000
3628,36,False,4695.8682,6892.0000,1544.0393,2853.0000,2567.6307,3840.9881,2499.1432,4145.7691,2009.2997,3005.7656,own rate (multiplicative),792.7086,1254.1990,own rate (multiplicative),619.7289,927.0692,379.0712,622.1395,0.0000,0.0000,0.0000,0.0000
3701,37,False,1647.4008,2547.0000,956.8243,1680.0000,952.0932,1496.8121,1214.7777,2041.5369,103.6195,162.9031,own rate (multiplicative),250.0237,400.7565,own rate (multiplicative),4.5109,7.0917,6.4346,10.6988,3.7050,5.8248,2.4285,4.1462
3702,37,False,0.0000,0.0000,479.2731,5237.0000,59.2463,647.3821,390.2457,4264.2001,0.0000,697.8601,superzone rate on the increment,124.2047,4234.2323,superzone rate on the increment,0.0000,64.3478,0.0000,141.2192,0.0000,0.1183,1.2064,1.8510
3703,37,False,1363.6581,2107.0000,1824.5311,2214.0000,915.7433,1340.1225,1846.2619,2359.9767,1240.6897,1815.6574,own rate (multiplicative),2713.3957,3308.0070,own rate (multiplicative),34.3983,50.3394,11.2606,14.2406,0.0000,0.0000,0.0000,0.0000
3704,37,False,4563.8127,5102.0000,2220.8717,2735.0000,2584.4602,2920.4127,3015.3257,3576.2866,3909.4734,4417.6635,own rate (multiplicative),7754.5112,8771.8539,own rate (multiplicative),403.5327,455.9877,315.7082,370.4562,0.0000,0.0000,0.0000,0.0000
3705,37,False,0.0000,0.0000,4191.4363,6683.0000,518.1326,826.1322,3412.8552,5441.5980,175.9543,280.5488,own rate (multiplicative),570.4145,867.4373,own rate (multiplicative),2.5970,4.1408,233.4130,368.2025,0.0000,0.0000,0.0000,0.0000
3706,37,False,2088.9266,3229.0000,685.0151,1128.0000,1141.9664,1773.7622,1110.2288,1772.4425,1789.6922,2779.8441,own rate (multiplicative),2392.5381,3642.9850,own rate (multiplicative),168.5526,261.8047,49.2959,77.8616,0.0000,0.0000,0.0000,0.0000
3707,37,False,5138.7485,9752.0000,537.1091,1108.0000,2667.3160,5072.8335,1796.3842,3481.2967,4285.6422,8150.6465,own rate (multiplicative),1900.4058,3512.5868,own rate (multiplicative),410.7169,781.1217,54.0870,103.7021,0.0000,0.0000,0.0000,0.0000
3708,37,False,7356.6110,12824.0000,1015.9889,3852.0000,3849.0600,6966.8970,2772.8682,6528.0370,6302.7968,11408.2233,own rate (multiplicative),4086.4462,9175.6757,own rate (multiplicative),619.2971,1120.9435,76.1147,177.2862,0.0000,0.0000,0.0000,0.0000
3709,37,False,3792.5122,4836.0000,2095.5818,2453.0000,2178.5872,2750.9198,2709.3231,3276.3204,103.1102,130.1980,own rate (multiplicative),890.3449,1026.8872,own rate (multiplicative),219.9624,277.7483,90.0848,107.7779,0.0000,0.0000,0.0000,0.0000
3710,37,False,2307.1876,4834.0000,2289.3554,4430.0000,1450.7604,2994.2983,2474.2781,4885.5535,2099.5098,4333.2853,own rate (multiplicative),3466.0802,6527.4380,own rate (multiplicative),64.9020,133.9546,4.8260,9.4276,0.0000,0.0000,0.0000,0.0000
3711,37,False,1971.4084,3047.0000,686.0838,1540.0000,1082.6180,1732.5752,1080.0190,2059.7777,1794.2294,2871.4074,own rate (multiplicative),1030.6136,1874.6651,own rate (multiplicative),46.6290,74.6231,1.6087,3.0353,0.0000,0.0000,0.0000,0.0000
3712,37,False,829.0133,1282.0000,281.4933,297.0000,454.3932,685.5842,448.4538,580.8815,22.5386,34.0060,own rate (multiplicative),125.8404,155.4636,own rate (multiplicative),18.9614,28.6088,0.0000,0.0000,0.0000,0.0000,0.0000,0.0000
3713,37,False,1014.1057,1615.0000,412.0124,697.0000,564.2100,903.5752,603.6797,994.6480,27.5569,44.1320,own rate (multiplicative),175.9908,276.5616,own rate (multiplicative),21.1118,33.8103,0.0000,0.0000,0.0000,0.0000,0.0000,0.0000
3801,38,False,7088.8022,6939.0000,581.6883,966.0000,3659.8246,3631.5114,2348.4137,2621.7193,4138.8052,4106.7864,own rate (multiplicative),1484.0854,1580.1902,own rate (multiplicative),23.0357,22.8575,1.8857,2.0828,0.0000,0.0000,0.0000,0.0000
3802,38,False,8858.3586,9369.0000,737.7786,1278.0000,4574.7613,4899.9972,2943.5043,3518.4263,752.8103,806.3303,own rate (multiplicative),583.6490,665.3871,own rate (multiplicative),16.6072,17.7878,0.4697,0.5555,0.0000,0.0000,0.0000,0.0000
3803,38,False,3620.9946,6975.0000,568.0345,1432.0000,1902.9447,3707.3379,1420.1643,3010.6783,9.4260,18.3638,own rate (multiplicative),1592.1111,3219.1262,own rate (multiplicative),40.5357,78.9721,1.0960,2.2987,0.0000,0.0000,0.0000,0.0000
3804,38,False,2396.2826,5257.0000,781.4085,2625.0000,1309.4470,2985.2664,1270.0031,3527.7125,2291.8400,5224.9178,own rate (multiplicative),155.6330,412.3148,own rate (multiplicative),22.6786,51.7024,0.0092,0.0253,0.0000,0.0000,0.0000,0.0000
3805,38,False,6125.9680,6144.0000,657.3091,1012.0000,3181.8449,3234.8174,2155.3466,2448.9207,577.3864,586.9989,own rate (multiplicative),1322.7663,1433.4403,own rate (multiplicative),146.4286,148.8664,3.3996,3.8216,0.0000,0.0000,0.0000,0.0000
3806,38,False,6391.5297,13840.0000,1870.9425,4157.0000,3466.2816,7518.8372,3213.7744,7045.0834,602.4805,1306.8622,own rate (multiplicative),3017.6075,6309.1723,own rate (multiplicative),85.3571,185.1512,5.7008,12.3641,0.0000,0.0000,0.0000,0.0000
3807,38,False,6258.2478,6459.0000,377.0154,644.0000,3214.1478,3348.7601,1962.1030,2232.5867,589.8878,614.5930,own rate (multiplicative),693.5533,752.6712,own rate (multiplicative),73.0357,76.0946,1.0868,1.2234,0.0000,0.0000,0.0000,0.0000
3808,38,False,11853.5661,11393.0000,4511.7070,5040.0000,6557.2737,6389.4693,6808.5491,7116.9029,1577.1286,1536.7690,own rate (multiplicative),493.9579,492.4535,own rate (multiplicative),0.0000,0.0000,0.0000,0.0000,0.0000,0.0000,0.0000,0.0000
3809,38,False,8655.1637,8416.0000,313.3645,532.0000,4419.4517,4325.4287,2544.1884,2658.9595,1151.6210,1127.1205,own rate (multiplicative),32.0584,31.9553,own rate (multiplicative),80.5357,78.8223,5.6088,5.7994,0.0000,0.0000,0.0000,0.0000
3810,38,False,2262.7361,11965.0000,219.2090,1564.0000,1172.3566,6249.2881,776.9161,4437.8649,2228.6613,5118.6624,superzone rate on the increment,824.4650,2779.8318,superzone rate on the increment,21.6071,139.8257,0.3039,2.2429,0.0000,0.0000,0.0000,0.0000
3811,38,False,9321.4686,18021.0000,530.0821,1489.0000,4783.4844,9305.1936,2896.8674,5978.4282,1032.8725,2009.2213,own rate (multiplicative),214.0984,421.4158,own rate (multiplicative),80.5357,156.6641,1.4183,2.8959,0.0000,0.0000,0.0000,0.0000
3812,38,False,6657.4602,6677.0000,1157.6493,1778.0000,3512.7042,3599.2800,2703.3099,3213.5949,737.7868,755.9707,own rate (multiplicative),462.1001,523.9264,own rate (multiplicative),52.1429,53.4280,0.1105,0.1300,0.0000,0.0000,0.0000,0.0000
3813,38,False,323.4235,383.0000,125.9367,134.0000,179.2651,210.4158,188.0792,210.4009,206.5567,224.2890,superzone rate on the increment,0.0000,0.0000,own rate (multiplicative),0.7143,1.4396,0.0435,0.0481,0.0000,0.0000,0.0000,0.0000
3814,38,False,2620.0885,3033.0000,382.7973,519.0000,1373.4488,1599.2763,1004.6260,1224.7312,1305.7443,1520.4395,own rate (multiplicative),757.1184,880.3168,own rate (multiplicative),13.0357,15.1791,0.0460,0.0555,0.0000,0.0000,0.0000,0.0000
3815,38,False,11733.4756,9672.0000,1291.4149,1345.0000,6098.4085,5061.6396,4154.6826,3653.1151,5075.8278,4212.9043,own rate (multiplicative),2709.3172,2272.0833,own rate (multiplicative),21.6071,17.9338,0.8911,0.7751,0.0000,0.0000,0.0000,0.0000
3816,38,False,7263.9094,15064.0000,1111.3479,2268.0000,3813.9281,7904.8387,2825.9969,5830.6865,3142.0331,6512.2530,own rate (multiplicative),1988.5507,3913.1234,own rate (multiplicative),56.6072,117.3253,1.8420,3.7599,0.0000,0.0000,0.0000,0.0000
3817,38,False,5251.4375,10352.0000,697.4765,1622.0000,2744.1764,5440.0559,1956.7654,4058.5007,2272.1721,4504.3544,own rate (multiplicative),1461.0245,2890.1689,own rate (multiplicative),2.8571,5.6640,0.1013,0.2079,0.0000,0.0000,0.0000,0.0000
3818,38,False,4502.9965,6658.0000,1346.0558,1387.0000,2445.5367,3541.3291,2286.9274,2890.2002,1191.1729,1724.9118,own rate (multiplicative),745.8968,899.0693,own rate (multiplicative),26.9643,39.0464,1.7038,2.1303,0.0000,0.0000,0.0000,0.0000
3819,38,False,7229.1800,9624.0000,2256.0508,2787.0000,3937.8549,5215.6006,3748.8804,4814.5616,1912.7934,2533.4520,own rate (multiplicative),1155.8598,1415.7912,own rate (multiplicative),13.0357,17.2655,1.5288,1.9425,0.0000,0.0000,0.0000,0.0000
3820,38,False,8869.2463,14356.0000,918.8153,2225.0000,4602.6511,7541.1769,3093.7920,5608.4290,2346.1473,3844.0262,own rate (multiplicative),473.6167,818.8720,own rate (multiplicative),56.6072,92.7475,1.2525,2.2464,0.0000,0.0000,0.0000,0.0000
3821,38,False,0.0000,668.0000,0.0000,158.0000,0.0000,357.6322,0.0000,305.3168,0.0000,203.5792,superzone rate on the increment,0.0000,166.2536,superzone rate on the increment,6.4286,14.7562,0.0000,0.1620,0.0000,0.0000,0.0000,0.0000
3822,38,False,5188.3947,4545.0000,803.1367,792.0000,2725.3294,2398.3056,2026.1258,1846.8990,2586.0419,2275.7319,own rate (multiplicative),1963.9526,1707.4447,own rate (multiplicative),102.6786,90.3578,0.1750,0.1578,0.0000,0.0000,0.0000,0.0000
3823,38,False,0.0000,9192.0000,0.0000,1674.0000,0.0000,4859.3630,0.0000,3794.0560,0.0000,2766.1520,superzone rate on the increment,0.0000,2065.9710,superzone rate on the increment,8.0357,121.1881,0.0921,2.1039,0.0000,0.0000,0.0000,0.0000
3824,38,False,1883.5770,2010.0000,369.8733,432.0000,999.0741,1070.7416,799.3174,883.3389,756.3149,810.5684,own rate (multiplicative),1454.6580,1533.2319,own rate (multiplicative),57.2560,61.3632,0.0000,0.0000,0.0000,0.0000,0.0000,0.0000
3825,38,False,10100.8147,27578.0000,83.8432,4832.0000,5122.7791,14555.6140,2739.6335,11227.9904,4170.7066,11850.4418,own rate (multiplicative),153.1219,4768.1924,superzone rate on the increment,402.4789,1143.5840,4.0541,8.5142,0.0000,0.0000,0.0000,0.0000
3826,38,False,10100.8147,16669.0000,986.7593,5603.0000,5234.3948,9129.4541,3474.8282,8970.6676,4170.7066,7274.2458,own rate (multiplicative),4174.4393,10278.4697,own rate (multiplicative),441.9435,770.8060,0.7420,1.8952,0.0000,0.0000,0.0000,0.0000
3827,38,False,0.0000,0.0000,134.0000,350.0000,16.5647,43.2659,109.1088,284.9857,0.0000,15.1995,superzone rate on the increment,569.9536,639.3687,superzone rate on the increment,46.0714,46.6932,0.0921,0.1844,0.0000,0.0000,0.0000,0.0000
3828,38,False,3018.0000,13269.0000,1020.0702,4866.0000,1653.6250,7317.4764,1628.7580,7471.3704,0.0000,3224.1003,superzone rate on the increment,6862.4438,9726.5892,superzone rate on the increment,112.6786,244.5639,0.4789,3.5734,0.0000,0.0000,0.0000,0.0000
3829,38,False,518.0000,1889.0000,0.0000,701.0000,262.1799,1042.7518,136.9956,1070.3698,0.0000,444.3340,superzone rate on the increment,0.0000,508.2487,superzone rate on the increment,0.0000,18.1760,0.0000,0.4952,0.0000,0.0000,0.0000,0.0000
3830,38,False,4658.0000,17003.0000,0.0000,6300.0000,2357.5947,9384.6655,1231.9022,9626.5293,0.0000,4000.1016,superzone rate on the increment,0.0000,4571.1124,superzone rate on the increment,5.8929,169.5213,0.0276,4.4808,0.0000,0.0000,0.0000,0.0000
3831,38,False,2563.3834,3350.0000,709.9754,831.0000,1385.1929,1798.2908,1256.0324,1562.6126,4530.0457,5881.0144,own rate (multiplicative),1025.2901,1216.5673,own rate (multiplicative),1.6071,2.0864,0.0000,0.0000,0.0000,0.0000,0.0000,0.0000
3901,39,False,2472.1032,2932.0000,1181.7262,1091.0000,1397.3088,1618.8652,1616.0121,1663.7677,382.7111,443.3936,own rate (multiplicative),1155.9324,1135.0615,own rate (multiplicative),170.9773,198.0874,133.7507,136.2377,0.0000,0.0000,0.0000,0.0000
3902,39,False,574.5903,681.0000,404.5638,297.0000,340.8334,381.3948,481.3760,421.9349,0.0000,0.0000,own rate (multiplicative),0.0000,0.0000,own rate (multiplicative),0.3046,0.3408,0.0000,0.0000,0.0000,0.0000,0.0000,0.0000
3903,39,False,4512.9894,7203.0000,888.8772,1646.0000,2394.0795,3849.1916,1917.3149,3245.2259,4430.9224,7124.0195,own rate (multiplicative),1951.2020,3149.8697,own rate (multiplicative),620.1055,997.0031,148.2652,248.2811,0.0000,0.0000,0.0000,0.0000
3904,39,False,4205.7918,5562.0000,1398.7548,1905.0000,2301.6244,3050.6345,2251.2354,3022.1197,5274.0184,6990.3251,own rate (multiplicative),5703.6715,7302.7112,own rate (multiplicative),594.8731,788.4608,205.8442,273.3899,0.0000,0.0000,0.0000,0.0000
3905,39,False,0.0000,0.0000,131.0000,131.0000,16.1938,16.1938,106.6661,106.6661,0.0000,0.0000,superzone rate on the increment,247.5052,236.0605,superzone rate on the increment,0.9944,0.9944,90.0398,89.0815,0.0000,0.0000,0.0000,0.0000
3906,39,False,5064.7885,14465.0000,668.9460,1835.0000,2646.1793,7548.1354,1884.1715,5319.7008,6351.9495,18118.7178,own rate (multiplicative),3052.5446,8219.9215,own rate (multiplicative),713.1229,2034.1586,98.3995,274.8608,0.0000,0.0000,0.0000,0.0000
3907,39,False,2168.9945,11098.0000,1264.2550,4220.0000,1254.0957,6138.7924,1603.0475,6371.2035,2720.5105,8473.9354,superzone rate on the increment,4710.4747,10819.7465,superzone rate on the increment,391.2840,889.7288,261.3278,706.8160,0.0000,11.0331,0.0000,7.9291
3908,39,False,812.4492,13067.0000,954.3084,13217.0000,529.1808,8247.5616,991.9093,14217.7059,1189.5798,10280.6508,superzone rate on the increment,1349.4535,18836.9747,superzone rate on the increment,2.1341,789.7341,540.0295,1777.6812,0.0000,17.4336,0.0000,21.9935
3909,39,False,15850.0725,19362.0000,1406.1943,1933.0000,8196.1667,10038.8117,5336.8584,6694.6074,0.0000,0.0000,own rate (multiplicative),1165.1960,1394.0466,own rate (multiplicative),88.7053,108.6478,254.6925,316.0884,0.0000,0.0000,0.0000,0.0000
3910,39,False,5839.4784,12013.0000,2919.2413,8731.0000,3316.4546,7159.5456,3921.3452,10286.2520,3638.5301,7854.8406,own rate (multiplicative),4293.5220,10741.7406,own rate (multiplicative),626.2094,1351.8578,245.2396,636.4521,0.0000,0.0000,0.0000,0.0000
3911,39,False,9075.8219,19335.0000,6674.1083,11820.0000,5418.6590,11247.3469,7834.6426,14737.9051,5641.6090,11710.1176,own rate (multiplicative),8390.6577,15053.9842,own rate (multiplicative),1006.9885,2090.1757,667.6648,1242.5905,0.0000,0.0000,0.0000,0.0000
3912,39,False,7061.5714,17914.0000,1024.1063,2360.0000,3700.7324,9358.7071,2701.4485,6659.3371,2015.1036,5095.9546,own rate (multiplicative),1364.9593,3209.1712,own rate (multiplicative),50.4552,127.5952,574.2317,1400.4722,0.0000,0.0000,0.0000,0.0000
3913,39,False,2846.7917,5162.0000,263.9229,507.0000,1473.4972,2675.3625,967.7895,1778.0173,161.1850,292.6564,own rate (multiplicative),502.2517,880.0664,own rate (multiplicative),1.7879,3.2463,20.7043,37.6330,0.0000,0.0000,0.0000,0.0000
3914,39,False,2846.7917,7245.0000,0.0000,0.0000,1440.8718,3666.9759,752.8916,1916.0867,161.1850,410.2111,own rate (multiplicative),0.0000,0.0000,own rate (multiplicative),2.4801,6.3117,16.0443,40.3976,0.0000,0.0000,0.0000,0.0000
3915,39,False,1452.2239,1877.0000,595.1309,665.0000,808.5952,1032.2279,868.6522,1037.8834,0.0000,0.0000,own rate (multiplicative),246.2960,280.6719,own rate (multiplicative),0.5662,0.7227,372.8863,440.7903,0.0000,0.0000,0.0000,0.0000
3916,39,False,15144.8515,19995.0000,3528.6418,5334.0000,8101.5975,10779.6189,6878.5404,9631.2637,14691.0508,19547.2473,own rate (multiplicative),17123.7138,22867.7706,own rate (multiplicative),832.9211,1108.2471,24.1354,33.4344,0.0000,0.0000,0.0000,0.0000
3917,39,False,8530.9021,10809.0000,3444.6568,3699.0000,4743.6389,5928.1138,5060.9634,5870.5500,7781.2736,9724.2385,own rate (multiplicative),10436.6965,11546.4250,own rate (multiplicative),241.6284,301.9624,834.2366,957.3876,55.4619,69.3106,74.6513,87.9699
3918,39,False,11903.0552,16518.0000,1187.2228,2303.0000,6171.3594,8645.0912,4114.6935,6243.7247,10866.6448,15222.4378,own rate (multiplicative),3822.4698,5532.0896,own rate (multiplicative),357.6454,501.0042,250.0230,375.3524,77.4529,108.4992,27.3412,42.1478
3919,39,False,8823.5653,13499.0000,2850.2264,4664.0000,4818.2854,7408.9177,4654.3522,7367.7211,5282.4816,8122.6967,own rate (multiplicative),12600.0757,19023.3052,own rate (multiplicative),494.2217,759.9483,598.6696,937.5926,0.0000,0.0000,0.0000,0.0000
3920,39,False,992.3111,1179.0000,572.8568,373.0000,573.0620,642.8468,728.8824,615.5237,521.0755,584.5297,own rate (multiplicative),1800.8602,1450.4615,own rate (multiplicative),43.3700,48.6514,112.7379,94.1912,0.0000,0.0000,0.0000,0.0000
3921,39,False,0.0000,0.0000,8216.0000,9262.0000,1015.6370,1144.9403,6689.8353,7541.5354,997.4815,1124.4734,own rate (multiplicative),5315.7944,5715.4629,own rate (multiplicative),9.7902,11.0366,469.7086,523.8728,5.4555,6.1500,0.0000,0.0000
3922,39,False,985.1807,1168.0000,841.5200,964.0000,602.6643,710.3369,945.7542,1093.8332,48.4340,57.0873,own rate (multiplicative),1455.1065,1605.1163,own rate (multiplicative),0.6088,0.7175,2.1940,2.5105,0.0000,0.0000,0.0000,0.0000
4001,40,False,1238.8448,1470.0000,1049.4140,866.0000,756.7528,851.0764,1182.1174,1093.9072,26.7478,30.0817,own rate (multiplicative),661.9604,584.2393,own rate (multiplicative),15.6913,17.6471,5.9000,5.4016,8.8701,9.9757,5.4555,5.1287
4002,40,False,1737.0214,3269.0000,1759.8687,2006.0000,1096.7236,1902.5435,1892.3544,2497.9282,421.5297,731.2495,own rate (multiplicative),2196.9690,2765.9243,own rate (multiplicative),4.0071,6.9513,161.4329,210.8252,0.0000,0.0000,0.0000,0.0000
4003,40,False,1694.2388,1757.0000,1753.9891,1502.0000,1074.3429,1074.9586,1876.2522,1687.6699,232.8985,233.0320,own rate (multiplicative),766.9886,657.9972,own rate (multiplicative),2.7833,2.7849,51.8817,46.1703,0.0000,0.0000,132.9148,121.4565
4004,40,False,14061.4349,24910.0000,2844.4251,5487.0000,7468.6575,13286.2047,6034.8890,11055.7142,10144.2493,18045.8902,own rate (multiplicative),10674.5728,18651.2053,own rate (multiplicative),388.4209,690.9729,621.2352,1125.9694,0.0000,0.0000,0.0000,0.0000
4005,40,False,3536.9475,21480.0000,229.1937,2182.0000,1818.5187,11141.5944,1122.0370,7457.5023,2551.5031,10682.4482,superzone rate on the increment,754.7222,7063.2662,superzone rate on the increment,96.1806,812.5967,50.6692,472.6767,0.0000,105.0592,0.0000,68.3644
4006,40,False,0.0000,0.0000,5369.0000,6051.0000,663.6995,748.0063,4371.6804,4926.9953,0.0000,0.0000,own rate (multiplicative),0.0000,0.0000,own rate (multiplicative),0.1076,0.1213,0.0000,0.0000,0.0000,0.0000,0.0000,0.0000
4007,40,False,7553.6382,20223.0000,4547.4868,12627.0000,4385.3362,11796.5571,5700.4798,15629.8502,2590.2028,6967.6474,own rate (multiplicative),7535.9804,19707.0696,own rate (multiplicative),137.7518,370.5524,328.1417,890.1391,0.0000,0.0000,5.4579,15.2027
4008,40,False,0.0000,0.0000,3043.0000,7951.0000,376.1664,982.8785,2477.7469,6474.0605,1400.0000,3658.0348,own rate (multiplicative),3029.6859,7550.1624,own rate (multiplicative),4.5912,11.9963,219.4210,567.2192,0.0000,0.0000,0.0000,0.0000
4009,40,False,0.0000,0.0000,162.0000,299.0000,20.0259,36.9615,131.9077,243.4592,0.0000,14.7700,superzone rate on the increment,0.0000,111.6920,superzone rate on the increment,0.0000,1.3014,0.0000,7.4400,0.0000,0.1908,0.0000,1.2037
4010,40,False,7927.2501,29522.0000,2905.7538,6207.0000,4371.4896,15709.5212,4462.5164,12861.7071,2718.4668,12606.7179,superzone rate on the increment,4711.3306,12950.9388,own rate (multiplicative),214.5957,1085.8478,389.9870,1112.0437,0.0000,127.7651,3.4122,9.9908
4011,40,False,11293.4613,23527.0000,3406.2951,9088.0000,6137.1352,13031.3594,5760.3422,13622.0474,8708.8040,18491.9429,own rate (multiplicative),5242.1800,11823.4689,own rate (multiplicative),1264.3484,2684.6692,315.5790,738.3380,0.0000,0.0000,173.9090,417.7989
4012,40,False,15251.0943,16622.0000,2232.9560,3193.0000,7995.2024,8807.7487,5851.6330,6995.9075,7813.0002,8607.0295,own rate (multiplicative),8077.0941,9210.0292,own rate (multiplicative),506.8634,558.3755,396.2359,468.6771,0.0000,0.0000,0.0000,0.0000
4013,40,False,2826.0303,24189.0000,446.6479,2277.0000,1485.5769,12524.4681,1111.0816,8251.3053,1447.8236,11075.1849,superzone rate on the increment,1459.8814,8541.5905,superzone rate on the increment,94.7418,943.0069,52.5272,528.1887,0.0000,124.3942,0.0000,77.0483
4014,40,False,11795.7715,32458.0000,2581.2272,6243.0000,6289.3815,17199.9950,5221.3810,13667.5044,5990.6594,16383.0596,own rate (multiplicative),9637.7689,24061.3081,own rate (multiplicative),381.7550,1044.0110,313.5238,811.9463,0.0000,0.0000,0.0000,0.0000
4015,40,False,13733.0584,19615.0000,11585.4103,18112.0000,8382.9875,12166.8638,13065.3450,19935.1851,10696.4317,15524.5403,own rate (multiplicative),18341.5510,26691.5832,own rate (multiplicative),1590.5943,2308.5498,1051.7763,1587.7267,0.0000,0.0000,608.4800,943.1850
4016,40,False,14365.1919,45652.0000,2767.8950,6799.0000,7612.9403,23946.7219,6052.9095,17609.6445,12925.4665,27170.6669,superzone rate on the increment,12216.7243,33898.4678,own rate (multiplicative),1845.0729,3100.2149,1849.6175,5323.7949,956.4338,1140.4947,0.0000,0.0000
4017,40,False,9791.5763,14007.0000,2368.1578,2908.0000,5248.6415,7448.9648,4517.8404,6072.2581,1904.8553,2703.4043,own rate (multiplicative),1788.1112,2292.2012,own rate (multiplicative),10.7297,15.2278,3.4244,4.5536,0.0000,0.0000,0.0000,0.0000
4018,40,False,4738.6467,9370.0000,689.9637,1577.0000,2483.7043,4937.4648,1815.0302,3762.1499,921.8548,1832.5956,own rate (multiplicative),618.4932,1222.7172,own rate (multiplicative),4.9115,9.7637,0.9472,1.9424,0.0000,0.0000,0.0000,0.0000
4019,40,False,12003.1901,26377.0000,2561.3828,5576.0000,6391.9110,14039.7123,5260.0788,11516.1598,2334.9901,5128.7618,own rate (multiplicative),2113.8644,4413.9909,own rate (multiplicative),5.4022,11.8659,17.9233,38.8227,0.0000,0.0000,0.0000,0.0000
4020,40,False,9252.7476,8714.0000,832.3240,1723.0000,4786.0643,4623.4858,3124.7916,3707.5372,1799.9237,1738.7819,own rate (multiplicative),428.2148,484.5795,own rate (multiplicative),5.0999,4.9267,10.7102,12.5723,0.0000,0.0000,0.0000,0.0000
4021,40,False,8653.0243,23650.0000,1528.3716,4625.0000,4568.5643,12541.9119,3532.9358,10020.6027,0.0000,0.0000,own rate (multiplicative),966.3640,2614.1935,own rate (multiplicative),7.9119,21.7204,6.8487,19.2185,0.0000,0.0000,0.0000,0.0000
4022,40,False,3862.2313,11504.0000,2374.8381,5847.0000,2248.3955,6545.4096,2955.1447,7803.3547,79.2850,230.8103,own rate (multiplicative),656.7833,1654.1069,own rate (multiplicative),1.0092,2.9381,52.2329,136.4581,0.0000,0.0000,0.0000,0.0000
