,405,406,407,408,409,420,421,422,423,501,502,503,504,505,506,507,510,511,512,513,514,601,602,605,607,608,610,612,702,703,704,705,706,707,708,709,714,715,722,726,801,802,804,806,807,808,809,902,903,905,911,912,913,914,917,918,919,920,922,923,924,1002,1005,1102,1201,1202,1203,1208,1209,1210,1211,1212,1215,1216,1217,1218,1219,1220,1221,1222,1224,1225,1302,1303,1304,1306,1307,1308,1309,1310,1311,1312,1313,1501,1502,1503,1504,1505,1506,1507,1508,1510,1511,1512,1513,1514,1515,1516,1517,1518,1519,1520,1521,1522,1523,1524,1628,1629,1638,1726,1903,1904,1905,1906,1907,1908,1909,1910,1911,1916,1917,1918,1919,1920,1921,1922,1923,1924,1925,1926,1927,1928,1929,1930,1931,1932,2001,2002,2003,2004,2005,2007,2008,2009,2010,2011,2012,2013,2101,2401,2402,2403,2404,2405,2406,2407,2408,2409,2412,2413,2415,2420,2421,2426
405,0.00,0.00,0.00,0.00,0.00,0.00,0.00,0.00,0.00,0.00,0.00,0.00,0.00,0.00,0.00,0.00,0.01,0.00,0.00,0.00,0.00,0.19,0.15,0.19,0.08,0.01,0.03,0.23,0.01,0.01,0.04,0.01,0.01,0.01,0.00,0.04,0.00,0.00,0.00,0.00,0.04,0.08,0.02,0.03,0.04,0.02,0.10,0.05,0.08,0.26,0.00,0.00,0.01,0.00,0.00,0.00,0.00,0.00,0.00,0.00,0.00,0.00,0.00,0.00,0.13,0.07,4.59,1.85,0.79,0.30,0.21,1.71,0.20,1.60,1.34,0.49,6.10,1.79,1.03,0.23,0.01,0.05,0.37,0.09,0.10,0.04,2.55,0.43,0.05,0.07,0.57,1.99,0.23,0.02,0.32,0.17,0.11,0.03,0.05,0.02,0.02,0.02,0.04,0.02,0.05,0.04,0.00,0.00,0.38,0.13,0.00,0.02,0.05,0.01,0.01,0.00,0.00,0.00,0.00,0.12,0.00,0.00,0.00,0.00,0.00,0.00,0.00,0.00,0.00,0.00,0.00,0.00,0.00,0.00,0.00,0.00,0.00,0.00,0.01,0.00,0.00,0.01,0.00,0.01,0.00,0.01,0.02,0.01,0.02,0.02,0.02,0.01,0.01,0.01,0.01,0.02,0.01,0.00,0.00,0.02,0.02,0.01,0.01,0.01,0.02,0.02,0.00,0.00,0.00,0.00,0.00,0.05,0.00,0.00
406,0.00,0.00,0.00,0.00,0.00,0.00,0.00,0.00,0.00,0.00,0.00,0.00,0.00,0.00,0.00,0.00,0.01,0.00,0.00,0.00,0.00,0.14,0.15,0.25,0.11,0.01,0.03,0.25,0.01,0.01,0.04,0.02,0.02,0.01,0.00,0.05,0.01,0.00,0.00,0.00,0.05,0.10,0.03,0.04,0.05,0.02,0.12,0.04,0.07,0.21,0.00,0.00,0.01,0.00,0.00,0.00,0.00,0.00,0.00,0.00,0.00,0.00,0.00,0.00,0.16,0.08,3.74,2.37,0.96,0.47,0.24,1.40,0.29,0.88,0.75,0.75,8.33,1.12,1.10,0.33,0.01,0.08,0.57,0.13,0.15,0.05,2.73,0.61,0.08,0.10,0.81,2.38,0.32,0.03,0.20,0.26,0.16,0.04,0.07,0.04,0.03,0.04,0.07,0.02,0.08,0.07,0.01,0.01,0.50,0.16,0.00,0.03,0.07,0.01,0.02,0.00,0.00,0.00,0.00,0.07,0.01,0.00,0.00,0.00,0.00,0.00,0.02,0.00,0.00,0.00,0.01,0.00,0.00,0.00,0.00,0.00,0.00,0.01,0.02,0.01,0.01,0.03,0.01,0.02,0.01,0.02,0.07,0.03,0.06,0.03,0.03,0.06,0.01,0.04,0.04,0.07,0.03,0.00,0.02,0.03,0.03,0.01,0.02,0.01,0.03,0.02,0.00,0.00,0.01,0.00,0.00,0.08,0.01,0.00
407,0.00,0.00,0.00,0.00,0.00,0.00,0.00,0.00,0.00,0.00,0.00,0.00,0.00,0.00,0.00,0.00,0.01,0.00,0.00,0.00,0.00,0.08,0.08,0.13,0.06,0.00,0.02,0.15,0.01,0.00,0.02,0.01,0.01,0.01,0.00,0.03,0.00,0.00,0.00,0.00,0.03,0.07,0.02,0.02,0.03,0.01,0.08,0.02,0.04,0.13,0.00,0.00,0.01,0.00,0.00,0.00,0.00,0.00,0.00,0.00,0.00,0.00,0.00,0.00,0.10,0.05,2.44,1.63,0.62,0.28,0.14,1.09,0.20,0.87,0.76,0.97,7.53,1.24,0.63,0.30,0.01,0.08,0.46,0.11,0.11,0.04,2.05,0.59,0.08,0.09,0.81,1.56,0.32,0.03,0.15,0.20,0.12,0.03,0.05,0.02,0.02,0.03,0.06,0.02,0.07,0.06,0.01,0.01,0.45,0.14,0.00,0.03,0.07,0.01,0.02,0.00,0.00,0.00,0.00,0.07,0.00,0.00,0.00,0.00,0.00,0.00,0.01,0.00,0.00,0.00,0.00,0.00,0.00,0.00,0.00,0.00,0.00,0.00,0.01,0.01,0.00,0.02,0.00,0.01,0.01,0.02,0.03,0.02,0.03,0.04,0.03,0.04,0.01,0.02,0.02,0.05,0.01,0.00,0.01,0.03,0.03,0.01,0.02,0.01,0.03,0.02,0.00,0.01,0.01,0.00,0.00,0.08,0.01,0.00
408,0.00,0.00,0.00,0.00,0.00,0.00,0.00,0.00,0.00,0.00,0.00,0.00,0.00,0.00,0.00,0.00,0.01,0.00,0.00,0.00,0.00,0.08,0.08,0.13,0.06,0.00,0.02,0.14,0.01,0.00,0.02,0.01,0.01,0.01,0.00,0.03,0.00,0.00,0.00,0.00,0.03,0.06,0.02,0.02,0.03,0.01,0.07,0.02,0.04,0.12,0.00,0.00,0.00,0.00,0.00,0.00,0.00,0.00,0.00,0.00,0.00,0.00,0.00,0.00,0.09,0.05,2.23,1.45,0.57,0.26,0.14,0.92,0.19,0.65,0.56,0.54,6.07,0.81,0.61,0.23,0.01,0.06,0.38,0.09,0.10,0.04,1.92,0.45,0.06,0.07,0.60,1.50,0.24,0.02,0.13,0.17,0.11,0.03,0.05,0.02,0.02,0.02,0.05,0.02,0.05,0.05,0.00,0.00,0.36,0.11,0.00,0.02,0.05,0.01,0.01,0.00,0.00,0.00,0.00,0.05,0.00,0.00,0.00,0.00,0.00,0.00,0.01,0.00,0.00,0.00,0.00,0.00,0.00,0.00,0.00,0.00,0.00,0.00,0.00,0.00,0.00,0.01,0.00,0.01,0.01,0.01,0.01,0.01,0.01,0.02,0.02,0.02,0.00,0.01,0.01,0.02,0.00,0.00,0.01,0.02,0.02,0.01,0.01,0.01,0.02,0.02,0.00,0.00,0.00,0.00,0.00,0.06,0.00,0.00
409,0.00,0.00,0.00,0.00,0.00,0.00,0.00,0.00,0.00,0.00,0.00,0.00,0.00,0.00,0.00,0.00,0.00,0.00,0.00,0.00,0.00,0.06,0.06,0.08,0.04,0.00,0.01,0.10,0.00,0.00,0.02,0.00,0.00,0.00,0.00,0.02,0.00,0.00,0.00,0.00,0.02,0.04,0.01,0.01,0.02,0.01,0.05,0.02,0.03,0.10,0.00,0.00,0.00,0.00,0.00,0.00,0.00,0.00,0.00,0.00,0.00,0.00,0.00,0.00,0.06,0.03,1.85,0.93,0.37,0.15,0.09,0.74,0.10,0.56,0.32,0.21,2.63,0.42,0.42,0.14,0.00,0.03,0.20,0.05,0.05,0.02,0.90,0.23,0.03,0.04,0.30,0.78,0.12,0.01,0.12,0.09,0.05,0.01,0.02,0.01,0.01,0.01,0.03,0.01,0.03,0.03,0.00,0.00,0.20,0.06,0.00,0.01,0.03,0.00,0.01,0.00,0.00,0.00,0.00,0.03,0.00,0.00,0.00,0.00,0.00,0.00,0.00,0.00,0.00,0.00,0.00,0.00,0.00,0.00,0.00,0.00,0.00,0.00,0.00,0.00,0.00,0.00,0.00,0.00,0.00,0.00,0.00,0.00,0.00,0.01,0.01,0.01,0.00,0.00,0.00,0.01,0.00,0.00,0.00,0.01,0.01,0.00,0.01,0.00,0.01,0.01,0.00,0.00,0.00,0.00,0.00,0.03,0.00,0.00
420,0.00,0.00,0.00,0.00,0.00,0.00,0.00,0.00,0.00,0.00,0.00,0.00,0.00,0.00,0.00,0.00,0.00,0.00,0.00,0.00,0.00,0.01,0.02,0.02,0.01,0.00,0.00,0.03,0.00,0.00,0.00,0.00,0.00,0.00,0.00,0.01,0.00,0.00,0.00,0.00,0.00,0.01,0.00,0.00,0.01,0.00,0.01,0.00,0.01,0.02,0.00,0.00,0.00,0.00,0.00,0.00,0.00,0.00,0.00,0.00,0.00,0.00,0.00,0.00,0.02,0.01,0.38,0.25,0.10,0.04,0.02,0.14,0.04,0.10,0.08,0.05,0.63,0.08,0.09,0.04,0.00,0.01,0.07,0.02,0.02,0.01,0.13,0.07,0.01,0.01,0.09,0.11,0.04,0.00,0.02,0.03,0.02,0.01,0.01,0.00,0.00,0.00,0.01,0.00,0.01,0.01,0.00,0.00,0.05,0.02,0.00,0.00,0.01,0.00,0.00,0.00,0.00,0.00,0.00,0.01,0.00,0.00,0.00,0.00,0.00,0.00,0.00,0.00,0.00,0.00,0.00,0.00,0.00,0.00,0.00,0.00,0.00,0.00,0.00,0.00,0.00,0.00,0.00,0.00,0.00,0.00,0.00,0.00,0.00,0.00,0.00,0.00,0.00,0.00,0.00,0.00,0.00,0.00,0.00,0.00,0.00,0.00,0.00,0.00,0.00,0.00,0.00,0.00,0.00,0.00,0.00,0.01,0.00,0.00
421,0.00,0.00,0.00,0.00,0.00,0.00,0.00,0.00,0.00,0.00,0.00,0.00,0.00,0.00,0.00,0.00,0.01,0.00,0.00,0.00,0.00,0.12,0.16,0.33,0.15,0.01,0.04,0.27,0.01,0.01,0.04,0.02,0.02,0.02,0.00,0.04,0.01,0.00,0.00,0.00,0.04,0.09,0.03,0.04,0.05,0.02,0.11,0.06,0.10,0.21,0.00,0.00,0.02,0.00,0.00,0.00,0.00,0.00,0.00,0.00,0.00,0.00,0.00,0.00,0.15,0.08,3.27,1.94,0.87,0.50,0.24,1.07,0.19,0.56,0.45,0.94,10.39,1.79,1.22,0.21,0.01,0.05,0.36,0.08,0.10,0.03,2.47,0.39,0.05,0.07,0.52,2.14,0.21,0.02,0.13,0.17,0.11,0.03,0.05,0.02,0.02,0.02,0.04,0.01,0.05,0.04,0.00,0.00,0.35,0.12,0.00,0.02,0.04,0.01,0.01,0.00,0.00,0.00,0.00,0.04,0.00,0.00,0.00,0.00,0.00,0.00,0.00,0.00,0.00,0.00,0.00,0.00,0.00,0.00,0.00,0.00,0.00,0.00,0.01,0.00,0.00,0.01,0.00,0.01,0.00,0.01,0.02,0.01,0.02,0.02,0.02,0.02,0.00,0.01,0.01,0.02,0.01,0.00,0.00,0.02,0.02,0.01,0.01,0.01,0.02,0.01,0.00,0.00,0.00,0.00,0.00,0.05,0.00,0.00
422,0.00,0.00,0.00,0.00,0.00,0.00,0.00,0.00,0.00,0.00,0.00,0.00,0.00,0.00,0.00,0.00,0.01,0.00,0.00,0.00,0.00,0.12,0.13,0.19,0.09,0.01,0.03,0.24,0.01,0.01,0.04,0.01,0.01,0.01,0.00,0.05,0.01,0.00,0.00,0.00,0.04,0.10,0.03,0.03,0.05,0.02,0.12,0.04,0.06,0.26,0.00,0.00,0.01,0.00,0.00,0.00,0.00,0.00,0.00,0.00,0.00,0.00,0.00,0.00,0.14,0.07,4.09,2.26,0.87,0.35,0.21,1.52,0.26,1.19,0.65,0.47,5.67,0.80,0.93,0.40,0.01,0.08,0.57,0.13,0.14,0.06,1.91,0.54,0.09,0.08,0.74,1.65,0.30,0.03,0.31,0.25,0.15,0.04,0.07,0.03,0.03,0.03,0.07,0.03,0.08,0.07,0.01,0.01,0.47,0.14,0.00,0.03,0.08,0.01,0.02,0.00,0.00,0.00,0.00,0.05,0.00,0.00,0.00,0.00,0.00,0.00,0.01,0.00,0.00,0.00,0.00,0.00,0.00,0.00,0.00,0.00,0.00,0.00,0.00,0.00,0.00,0.01,0.00,0.01,0.01,0.01,0.01,0.01,0.01,0.03,0.02,0.02,0.00,0.01,0.01,0.02,0.00,0.00,0.01,0.03,0.04,0.01,0.02,0.01,0.04,0.03,0.00,0.01,0.01,0.01,0.00,0.09,0.01,0.00
423,0.00,0.00,0.00,0.00,0.00,0.00,0.00,0.00,0.00,0.00,0.00,0.00,0.00,0.00,0.00,0.00,0.00,0.00,0.00,0.00,0.00,0.02,0.02,0.03,0.01,0.00,0.00,0.03,0.00,0.00,0.00,0.00,0.00,0.00,0.00,0.01,0.00,0.00,0.00,0.00,0.01,0.02,0.00,0.00,0.01,0.00,0.02,0.00,0.01,0.04,0.00,0.00,0.00,0.00,0.00,0.00,0.00,0.00,0.00,0.00,0.00,0.00,0.00,0.00,0.02,0.01,0.59,0.35,0.13,0.05,0.03,0.23,0.06,0.24,0.21,0.07,0.86,0.11,0.13,0.08,0.00,0.02,0.13,0.03,0.04,0.01,0.38,0.11,0.02,0.02,0.16,0.33,0.06,0.01,0.06,0.06,0.04,0.01,0.02,0.01,0.01,0.01,0.02,0.01,0.02,0.02,0.00,0.00,0.08,0.02,0.00,0.01,0.02,0.00,0.00,0.00,0.00,0.00,0.00,0.02,0.00,0.00,0.00,0.00,0.00,0.00,0.00,0.00,0.00,0.00,0.00,0.00,0.00,0.00,0.00,0.00,0.00,0.00,0.00,0.00,0.00,0.00,0.00,0.00,0.00,0.00,0.00,0.00,0.00,0.00,0.00,0.00,0.00,0.00,0.00,0.00,0.00,0.00,0.00,0.01,0.01,0.00,0.00,0.00,0.01,0.01,0.00,0.00,0.00,0.00,0.00,0.02,0.00,0.00
501,0.00,0.00,0.00,0.00,0.00,0.00,0.00,0.00,0.00,0.00,0.00,0.00,0.00,0.03,0.01,0.02,0.28,0.02,0.02,0.05,0.03,0.11,0.20,0.29,0.09,0.01,0.04,0.35,0.07,0.04,0.22,0.07,0.07,0.05,0.01,0.32,0.03,0.01,0.00,0.00,0.01,0.04,0.01,0.07,0.05,0.01,0.28,0.18,0.27,0.32,0.00,0.00,0.08,0.00,0.00,0.00,0.00,0.00,0.00,0.00,0.00,0.00,0.00,0.00,0.01,0.01,1.35,0.76,0.39,0.09,0.06,0.43,0.10,0.38,0.30,0.24,3.01,0.42,0.23,0.16,0.00,0.03,0.29,0.08,0.10,0.03,0.54,0.34,0.04,0.04,0.38,0.47,0.20,0.06,0.62,0.48,0.31,0.07,0.14,0.06,0.04,0.05,0.11,0.04,0.14,0.12,0.01,0.01,0.64,0.15,0.00,0.05,0.13,0.02,0.04,0.00,0.00,0.00,0.00,0.03,0.00,0.00,0.00,0.00,0.00,0.00,0.00,0.00,0.00,0.00,0.00,0.00,0.00,0.00,0.00,0.00,0.00,0.00,0.00,0.00,0.00,0.00,0.00,0.00,0.00,0.00,0.01,0.00,0.01,0.00,0.00,0.01,0.00,0.01,0.01,0.01,0.00,0.00,0.00,0.05,0.06,0.02,0.03,0.02,0.05,0.04,0.00,0.01,0.01,0.01,0.01,0.14,0.01,0.00
502,0.00,0.00,0.00,0.00,0.00,0.00,0.00,0.00,0.00,0.00,0.00,0.00,0.00,0.01,0.00,0.00,0.06,0.01,0.00,0.01,0.01,0.04,0.11,0.15,0.03,0.00,0.01,0.16,0.02,0.02,0.12,0.04,0.03,0.03,0.00,0.14,0.01,0.00,0.00,0.00,0.00,0.01,0.00,0.03,0.01,0.00,0.11,0.05,0.07,0.09,0.00,0.00,0.04,0.00,0.00,0.00,0.00,0.00,0.00,0.00,0.00,0.00,0.00,0.00,0.00,0.00,0.34,0.14,0.08,0.02,0.01,0.10,0.03,0.10,0.07,0.05,0.59,0.08,0.05,0.05,0.00,0.01,0.10,0.02,0.03,0.01,0.18,0.08,0.01,0.01,0.10,0.16,0.05,0.02,0.10,0.15,0.10,0.02,0.05,0.02,0.01,0.02,0.04,0.02,0.04,0.04,0.00,0.00,0.17,0.05,0.00,0.01,0.04,0.01,0.01,0.00,0.00,0.00,0.00,0.01,0.00,0.00,0.00,0.00,0.00,0.00,0.00,0.00,0.00,0.00,0.00,0.00,0.00,0.00,0.00,0.00,0.00,0.00,0.00,0.00,0.00,0.00,0.00,0.00,0.00,0.00,0.00,0.00,0.00,0.00,0.00,0.00,0.00,0.00,0.00,0.00,0.00,0.00,0.00,0.02,0.02,0.01,0.01,0.01,0.02,0.01,0.00,0.00,0.00,0.00,0.00,0.05,0.00,0.00
503,0.00,0.00,0.00,0.00,0.00,0.00,0.00,0.00,0.00,0.00,0.00,0.00,0.00,0.08,0.03,0.08,0.63,0.07,0.05,0.12,0.07,0.41,0.56,0.96,0.25,0.03,0.12,1.35,0.35,0.16,0.85,0.34,0.24,0.21,0.05,1.17,0.13,0.04,0.00,0.02,0.03,0.09,0.03,0.29,0.12,0.03,1.11,0.52,0.71,0.85,0.00,0.01,0.28,0.00,0.00,0.00,0.00,0.00,0.02,0.00,0.00,0.00,0.00,0.00,0.03,0.02,3.28,1.66,0.89,0.24,0.15,1.13,0.36,1.00,0.70,0.51,6.59,0.92,0.53,0.48,0.01,0.09,0.94,0.23,0.31,0.09,1.75,0.86,0.12,0.14,1.04,1.52,0.47,0.19,1.02,1.46,1.02,0.23,0.44,0.21,0.15,0.17,0.36,0.14,0.39,0.37,0.03,0.02,2.39,0.55,0.00,0.15,0.40,0.06,0.11,0.01,0.00,0.00,0.00,0.08,0.00,0.00,0.00,0.00,0.00,0.00,0.01,0.00,0.00,0.00,0.00,0.00,0.00,0.00,0.00,0.00,0.00,0.00,0.00,0.01,0.00,0.01,0.00,0.00,0.00,0.01,0.02,0.01,0.02,0.01,0.01,0.03,0.00,0.02,0.02,0.02,0.01,0.00,0.01,0.16,0.18,0.07,0.09,0.06,0.17,0.13,0.00,0.03,0.04,0.03,0.02,0.44,0.04,0.01
504,0.00,0.00,0.00,0.00,0.00,0.00,0.00,0.00,0.00,0.00,0.00,0.00,0.00,0.12,0.01,0.05,0.79,0.09,0.05,0.14,0.08,0.58,1.50,1.46,0.37,0.05,0.17,2.19,0.35,0.24,1.31,0.48,0.33,0.29,0.06,1.89,0.21,0.05,0.00,0.02,0.03,0.10,0.03,0.46,0.14,0.03,1.45,0.63,0.94,1.22,0.00,0.02,0.59,0.00,0.00,0.00,0.00,0.00,0.04,0.00,0.00,0.00,0.00,0.00,0.03,0.02,4.64,2.00,1.08,0.29,0.17,1.39,0.47,1.32,0.90,0.63,8.14,1.12,0.63,0.70,0.01,0.13,1.28,0.32,0.43,0.12,2.36,1.12,0.16,0.18,1.35,2.05,0.62,0.26,1.35,1.96,1.38,0.30,0.60,0.28,0.20,0.21,0.48,0.20,0.52,0.52,0.04,0.03,2.38,0.67,0.00,0.20,0.56,0.08,0.15,0.01,0.00,0.00,0.00,0.11,0.00,0.00,0.00,0.00,0.00,0.00,0.01,0.00,0.00,0.00,0.00,0.00,0.00,0.00,0.00,0.00,0.00,0.01,0.01,0.01,0.00,0.01,0.00,0.01,0.00,0.01,0.03,0.02,0.04,0.02,0.02,0.04,0.01,0.04,0.03,0.04,0.02,0.00,0.02,0.22,0.25,0.09,0.12,0.08,0.22,0.17,0.00,0.04,0.05,0.04,0.02,0.61,0.05,0.02
505,0.00,0.00,0.00,0.00,0.00,0.00,0.00,0.00,0.00,0.04,0.00,0.01,0.06,0.00,0.00,0.00,0.37,0.07,0.02,0.06,0.00,0.33,0.66,0.41,0.11,0.01,0.05,0.66,0.13,0.07,0.39,0.19,0.11,0.09,0.02,0.58,0.06,0.02,0.00,0.01,0.02,0.04,0.01,0.13,0.06,0.01,0.55,0.26,0.39,0.50,0.00,0.01,0.19,0.00,0.00,0.00,0.00,0.00,0.01,0.00,0.00,0.00,0.00,0.00,0.01,0.01,2.24,0.94,0.51,0.12,0.07,0.58,0.19,0.53,0.37,0.26,3.37,0.51,0.28,0.28,0.00,0.05,0.51,0.13,0.17,0.05,0.95,0.46,0.06,0.07,0.55,0.82,0.25,0.10,0.55,0.79,0.55,0.12,0.24,0.11,0.08,0.08,0.18,0.07,0.19,0.20,0.02,0.01,0.83,0.23,0.00,0.07,0.21,0.03,0.06,0.00,0.00,0.00,0.00,0.04,0.00,0.00,0.00,0.00,0.00,0.00,0.00,0.00,0.00,0.00,0.00,0.00,0.00,0.00,0.00,0.00,0.00,0.00,0.00,0.00,0.00,0.01,0.00,0.00,0.00,0.00,0.01,0.01,0.01,0.01,0.01,0.02,0.00,0.01,0.01,0.01,0.01,0.00,0.01,0.08,0.09,0.03,0.05,0.03,0.08,0.06,0.00,0.01,0.02,0.01,0.01,0.23,0.02,0.01
506,0.00,0.00,0.00,0.00,0.00,0.00,0.00,0.00,0.00,0.07,0.01,0.02,0.03,0.00,0.00,0.00,0.49,0.05,0.05,0.15,0.00,0.72,0.87,0.81,0.21,0.03,0.10,1.20,0.24,0.14,0.73,0.27,0.18,0.16,0.03,1.04,0.11,0.04,0.00,0.01,0.04,0.08,0.04,0.25,0.15,0.04,1.64,0.54,0.53,0.76,0.00,0.01,0.31,0.00,0.00,0.00,0.00,0.00,0.02,0.00,0.00,0.00,0.00,0.00,0.03,0.02,2.45,1.79,0.95,0.27,0.17,1.15,0.30,0.83,0.62,0.50,6.63,0.98,0.61,0.34,0.01,0.08,0.75,0.18,0.24,0.07,1.39,0.74,0.12,0.16,0.91,1.22,0.39,0.15,0.86,1.13,0.81,0.19,0.35,0.18,0.12,0.14,0.27,0.10,0.30,0.27,0.02,0.02,1.66,0.49,0.00,0.12,0.30,0.05,0.09,0.01,0.00,0.00,0.00,0.08,0.00,0.00,0.00,0.00,0.00,0.00,0.01,0.00,0.00,0.00,0.00,0.00,0.00,0.00,0.00,0.00,0.00,0.00,0.00,0.01,0.00,0.01,0.00,0.00,0.00,0.00,0.02,0.01,0.02,0.01,0.01,0.02,0.00,0.02,0.02,0.02,0.01,0.00,0.01,0.12,0.13,0.05,0.07,0.05,0.13,0.10,0.00,0.02,0.03,0.02,0.01,0.33,0.03,0.01
507,0.00,0.00,0.00,0.00,0.00,0.00,0.00,0.00,0.00,0.03,0.00,0.01,0.02,0.00,0.00,0.00,0.17,0.03,0.02,0.05,0.00,0.27,0.39,0.37,0.09,0.01,0.04,0.55,0.11,0.06,0.33,0.12,0.08,0.07,0.02,0.49,0.05,0.01,0.00,0.01,0.01,0.03,0.01,0.12,0.05,0.01,0.57,0.20,0.24,0.34,0.00,0.01,0.15,0.00,0.00,0.00,0.00,0.00,0.01,0.00,0.00,0.00,0.00,0.00,0.01,0.01,1.12,0.63,0.34,0.09,0.06,0.42,0.13,0.37,0.26,0.19,2.48,0.35,0.20,0.17,0.00,0.04,0.35,0.09,0.12,0.03,0.65,0.32,0.05,0.06,0.39,0.56,0.17,0.07,0.38,0.54,0.38,0.08,0.16,0.08,0.05,0.06,0.12,0.05,0.13,0.13,0.01,0.01,0.61,0.17,0.00,0.05,0.14,0.02,0.04,0.00,0.00,0.00,0.00,0.03,0.00,0.00,0.00,0.00,0.00,0.00,0.00,0.00,0.00,0.00,0.00,0.00,0.00,0.00,0.00,0.00,0.00,0.00,0.00,0.00,0.00,0.00,0.00,0.00,0.00,0.00,0.01,0.01,0.01,0.00,0.00,0.01,0.00,0.01,0.01,0.01,0.00,0.00,0.01,0.05,0.06,0.02,0.03,0.02,0.06,0.04,0.00,0.01,0.01,0.01,0.01,0.15,0.01,0.01
510,0.01,0.00,0.00,0.00,0.00,0.00,0.00,0.00,0.00,0.27,0.02,0.06,0.29,0.22,0.11,0.12,0.00,0.00,0.00,0.00,0.28,2.19,2.03,2.03,0.46,0.06,0.21,2.77,0.54,0.34,1.80,0.61,0.41,0.36,0.07,2.60,0.29,0.09,0.00,0.03,0.00,0.00,0.06,0.54,0.20,0.07,1.71,1.10,0.99,1.19,0.00,0.03,0.64,0.01,0.00,0.00,0.00,0.00,0.05,0.00,0.00,0.00,0.00,0.00,0.05,0.04,4.85,4.36,2.33,0.55,0.34,2.46,0.70,1.93,1.41,1.16,14.87,2.06,1.25,0.77,0.02,0.35,1.77,0.43,0.58,0.31,5.64,1.69,0.22,0.27,2.07,4.96,0.91,0.35,1.99,2.52,1.92,0.44,0.83,0.42,0.28,0.33,0.64,0.25,0.70,0.66,0.06,0.04,3.95,1.01,0.00,0.27,0.70,0.11,0.20,0.01,0.00,0.00,0.00,0.17,0.01,0.00,0.00,0.00,0.00,0.00,0.02,0.00,0.00,0.00,0.00,0.00,0.00,0.00,0.00,0.00,0.00,0.01,0.01,0.01,0.00,0.02,0.00,0.01,0.01,0.01,0.04,0.03,0.05,0.02,0.02,0.05,0.01,0.05,0.04,0.05,0.02,0.00,0.03,0.47,0.31,0.12,0.16,0.11,0.31,0.23,0.00,0.05,0.07,0.05,0.03,0.79,0.06,0.03
511,0.00,0.00,0.00,0.00,0.00,0.00,0.00,0.00,0.00,0.06,0.01,0.02,0.08,0.05,0.02,0.04,0.00,0.00,0.00,0.00,0.06,0.57,0.36,0.36,0.08,0.01,0.04,0.50,0.10,0.06,0.32,0.11,0.07,0.06,0.01,0.51,0.05,0.02,0.00,0.00,0.00,0.00,0.02,0.10,0.04,0.01,0.36,0.31,0.32,0.39,0.00,0.01,0.14,0.00,0.00,0.00,0.00,0.00,0.01,0.00,0.00,0.00,0.00,0.00,0.01,0.01,1.73,1.33,0.71,0.16,0.10,0.67,0.17,0.47,0.35,0.32,4.23,0.58,0.37,0.19,0.00,0.09,0.41,0.10,0.13,0.08,1.56,0.41,0.05,0.07,0.51,1.36,0.22,0.08,0.48,0.64,0.45,0.10,0.19,0.10,0.06,0.08,0.15,0.06,0.17,0.15,0.01,0.01,1.11,0.27,0.00,0.06,0.16,0.03,0.05,0.00,0.00,0.00,0.00,0.04,0.00,0.00,0.00,0.00,0.00,0.00,0.00,0.00,0.00,0.00,0.00,0.00,0.00,0.00,0.00,0.00,0.00,0.00,0.00,0.00,0.00,0.00,0.00,0.00,0.00,0.00,0.01,0.01,0.01,0.00,0.00,0.01,0.00,0.01,0.01,0.01,0.00,0.00,0.01,0.12,0.07,0.03,0.04,0.03,0.07,0.05,0.00,0.01,0.02,0.01,0.01,0.18,0.01,0.01
512,0.00,0.00,0.00,0.00,0.00,0.00,0.00,0.00,0.00,0.12,0.01,0.03,0.13,0.16,0.04,0.11,0.00,0.00,0.00,0.00,0.12,0.96,0.97,0.96,0.22,0.03,0.10,1.32,0.25,0.16,0.86,0.28,0.19,0.17,0.03,1.29,0.14,0.03,0.00,0.01,0.00,0.00,0.03,0.25,0.11,0.03,0.84,0.45,0.56,0.67,0.00,0.01,0.32,0.00,0.00,0.00,0.00,0.00,0.02,0.00,0.00,0.00,0.00,0.00,0.02,0.02,2.90,1.74,0.93,0.22,0.14,0.98,0.28,0.78,0.57,0.46,6.01,0.82,0.49,0.35,0.01,0.14,0.72,0.17,0.24,0.12,2.38,0.68,0.09,0.11,0.83,2.07,0.37,0.14,0.80,1.13,0.78,0.18,0.34,0.17,0.11,0.13,0.26,0.10,0.28,0.27,0.02,0.02,1.60,0.40,0.00,0.11,0.29,0.05,0.08,0.01,0.00,0.00,0.00,0.07,0.00,0.00,0.00,0.00,0.00,0.00,0.01,0.00,0.00,0.00,0.00,0.00,0.00,0.00,0.00,0.00,0.00,0.00,0.00,0.01,0.00,0.01,0.00,0.00,0.00,0.00,0.02,0.01,0.02,0.01,0.01,0.02,0.00,0.02,0.02,0.02,0.01,0.00,0.01,0.19,0.12,0.05,0.06,0.05,0.12,0.09,0.00,0.02,0.03,0.02,0.01,0.32,0.03,0.01
513,0.00,0.00,0.00,0.00,0.00,0.00,0.00,0.00,0.00,0.12,0.01,0.03,0.13,0.11,0.04,0.09,0.00,0.00,0.00,0.00,0.12,0.94,1.36,1.36,0.31,0.04,0.16,1.83,0.35,0.23,1.22,0.38,0.25,0.23,0.04,0.85,0.10,0.03,0.00,0.02,0.00,0.00,0.02,0.22,0.06,0.02,0.57,0.41,0.53,0.64,0.00,0.01,0.33,0.00,0.00,0.00,0.00,0.00,0.03,0.00,0.00,0.00,0.00,0.00,0.02,0.01,2.76,1.53,0.82,0.19,0.12,0.90,0.28,0.77,0.55,0.43,5.57,0.74,0.43,0.36,0.01,0.13,0.72,0.18,0.24,0.12,2.29,0.67,0.09,0.11,0.81,1.99,0.36,0.15,0.79,1.08,0.78,0.18,0.34,0.17,0.11,0.13,0.26,0.10,0.28,0.27,0.02,0.02,1.44,0.36,0.00,0.11,0.29,0.05,0.08,0.01,0.00,0.00,0.00,0.07,0.00,0.00,0.00,0.00,0.00,0.00,0.01,0.00,0.00,0.00,0.00,0.00,0.00,0.00,0.00,0.00,0.00,0.00,0.00,0.01,0.00,0.01,0.00,0.00,0.00,0.00,0.02,0.01,0.02,0.01,0.01,0.02,0.00,0.02,0.02,0.02,0.01,0.00,0.01,0.19,0.13,0.05,0.07,0.04,0.12,0.09,0.00,0.02,0.03,0.02,0.01,0.32,0.03,0.01
514,0.00,0.00,0.00,0.00,0.00,0.00,0.00,0.00,0.00,0.07,0.00,0.02,0.07,0.00,0.00,0.00,0.76,0.06,0.04,0.10,0.00,0.58,1.09,1.39,0.26,0.04,0.13,1.71,0.30,0.17,0.92,0.37,0.26,0.22,0.05,1.35,0.15,0.04,0.00,0.02,0.03,0.08,0.02,0.32,0.10,0.02,1.04,0.46,0.67,0.81,0.00,0.02,0.41,0.00,0.00,0.00,0.00,0.00,0.03,0.00,0.00,0.00,0.00,0.00,0.02,0.01,3.51,1.63,0.88,0.21,0.13,1.01,0.33,0.93,0.64,0.46,5.90,0.88,0.49,0.47,0.01,0.09,0.89,0.22,0.30,0.08,1.65,0.79,0.11,0.12,0.96,1.43,0.44,0.18,0.95,1.37,0.96,0.21,0.42,0.20,0.14,0.15,0.31,0.13,0.33,0.34,0.03,0.02,1.46,0.41,0.00,0.13,0.37,0.06,0.10,0.01,0.00,0.00,0.00,0.08,0.00,0.00,0.00,0.00,0.00,0.00,0.01,0.00,0.00,0.00,0.00,0.00,0.00,0.00,0.00,0.00,0.00,0.00,0.00,0.01,0.00,0.01,0.00,0.00,0.00,0.01,0.02,0.02,0.03,0.01,0.01,0.03,0.00,0.03,0.02,0.03,0.01,0.00,0.02,0.14,0.16,0.06,0.08,0.05,0.14,0.11,0.00,0.03,0.03,0.02,0.02,0.39,0.03,0.01
601,0.01,0.00,0.00,0.00,0.00,0.00,0.00,0.00,0.00,0.03,0.00,0.01,0.04,0.05,0.03,0.05,0.51,0.06,0.03,0.09,0.06,0.00,1.21,1.84,0.76,0.07,0.28,2.34,0.00,0.10,0.63,0.21,0.20,0.15,0.04,1.01,0.10,0.04,0.00,0.01,0.10,0.31,0.10,0.27,0.42,0.10,1.03,0.60,0.89,1.08,0.00,0.01,0.12,0.00,0.00,0.00,0.00,0.00,0.01,0.00,0.00,0.00,0.00,0.00,0.07,0.04,3.79,2.79,1.09,0.35,0.17,1.33,0.31,1.19,1.12,0.72,8.80,1.23,0.67,0.54,0.01,0.09,3.90,1.06,1.33,0.40,7.20,3.84,0.60,0.54,5.30,6.21,2.28,0.49,4.56,3.82,2.46,0.52,1.08,0.47,0.35,0.37,0.98,0.40,1.29,1.14,0.10,0.03,3.00,0.75,0.00,0.43,0.95,0.15,0.34,0.02,0.00,0.00,0.00,0.28,0.01,0.00,0.00,0.00,0.00,0.00,0.01,0.00,0.00,0.00,0.01,0.00,0.00,0.00,0.00,0.00,0.00,0.00,0.01,0.01,0.00,0.02,0.00,0.01,0.01,0.02,0.01,0.00,0.01,0.00,0.00,0.01,0.00,0.00,0.00,0.01,0.00,0.00,0.02,0.27,0.41,0.15,0.21,0.14,0.37,0.28,0.00,0.06,0.09,0.06,0.04,1.01,0.09,0.03
602,0.01,0.00,0.00,0.00,0.00,0.00,0.00,0.00,0.00,0.06,0.01,0.02,0.15,0.13,0.06,0.11,0.87,0.08,0.06,0.26,0.23,1.59,0.00,2.51,0.96,0.08,0.34,2.82,0.32,0.00,0.00,0.28,0.33,0.18,0.04,1.18,0.12,0.04,0.00,0.01,0.26,0.57,0.30,0.32,0.42,0.14,1.15,0.73,1.08,1.51,0.00,0.01,0.17,0.00,0.00,0.00,0.00,0.00,0.01,0.00,0.00,0.00,0.00,0.00,0.19,0.09,4.20,3.18,1.27,0.43,0.22,1.75,0.39,1.69,1.64,0.79,10.27,1.43,0.82,1.11,0.02,0.11,4.86,1.34,1.66,0.50,11.26,3.93,0.76,0.66,6.59,9.80,2.25,0.62,3.84,4.76,3.06,0.65,1.34,0.58,0.44,0.48,1.27,0.52,1.67,1.47,0.12,0.04,3.81,0.95,0.00,0.55,1.21,0.19,0.43,0.02,0.00,0.00,0.00,0.34,0.01,0.00,0.00,0.00,0.00,0.00,0.02,0.00,0.00,0.00,0.01,0.00,0.00,0.00,0.01,0.00,0.00,0.01,0.01,0.02,0.01,0.03,0.00,0.02,0.01,0.03,0.00,0.00,0.01,0.01,0.01,0.01,0.00,0.01,0.01,0.01,0.00,0.00,0.03,0.34,0.53,0.20,0.27,0.18,0.48,0.37,0.00,0.08,0.11,0.08,0.05,1.30,0.11,0.04
605,0.01,0.00,0.00,0.00,0.00,0.00,0.00,0.00,0.00,0.09,0.01,0.01,0.17,0.08,0.04,0.09,0.67,0.06,0.05,0.20,0.19,2.37,2.41,0.00,0.00,0.00,0.00,3.49,0.43,0.23,1.10,0.00,0.00,0.00,0.00,1.23,0.13,0.05,0.00,0.00,0.20,0.41,0.30,0.39,0.42,0.15,1.49,0.79,1.15,1.39,0.00,0.01,0.25,0.00,0.00,0.00,0.00,0.00,0.01,0.00,0.00,0.00,0.00,0.00,0.22,0.11,5.41,3.89,1.54,0.46,0.26,1.79,0.38,1.69,1.60,1.02,12.15,1.87,1.06,0.56,0.01,0.10,4.34,1.12,1.45,0.43,8.03,4.62,0.62,0.65,7.74,6.96,2.68,0.53,3.36,4.24,2.76,0.61,1.20,0.56,0.40,0.47,1.08,0.42,1.37,1.15,0.10,0.05,6.90,1.10,0.00,0.48,1.04,0.16,0.36,0.02,0.00,0.00,0.00,0.30,0.01,0.00,0.00,0.00,0.00,0.00,0.03,0.00,0.00,0.00,0.01,0.00,0.00,0.00,0.00,0.00,0.00,0.01,0.01,0.03,0.01,0.03,0.01,0.01,0.01,0.03,0.01,0.00,0.01,0.00,0.00,0.01,0.00,0.01,0.01,0.01,0.00,0.00,0.05,0.31,1.04,0.16,0.21,0.15,0.42,0.31,0.00,0.06,0.09,0.06,0.04,1.06,0.09,0.03
607,0.00,0.00,0.00,0.00,0.00,0.00,0.00,0.00,0.00,0.02,0.00,0.00,0.03,0.01,0.01,0.02,0.13,0.01,0.01,0.04,0.04,0.58,0.61,0.00,0.00,0.00,0.00,1.08,0.08,0.04,0.24,0.00,0.00,0.00,0.00,0.28,0.03,0.01,0.00,0.00,0.03,0.07,0.06,0.09,0.08,0.06,0.35,0.18,0.27,0.24,0.00,0.00,0.06,0.00,0.00,0.00,0.00,0.00,0.00,0.00,0.00,0.00,0.00,0.00,0.05,0.03,1.27,0.90,0.36,0.11,0.06,0.42,0.09,0.41,0.39,0.24,3.04,0.43,0.24,0.13,0.00,0.02,1.03,0.27,0.34,0.10,1.90,1.13,0.15,0.15,1.97,1.64,0.65,0.13,0.80,1.00,0.65,0.14,0.28,0.13,0.09,0.11,0.26,0.10,0.33,0.27,0.02,0.01,4.57,0.25,0.00,0.11,0.25,0.04,0.09,0.00,0.00,0.00,0.00,0.07,0.00,0.00,0.00,0.00,0.00,0.00,0.01,0.00,0.00,0.00,0.00,0.00,0.00,0.00,0.00,0.00,0.00,0.00,0.00,0.01,0.00,0.01,0.00,0.00,0.00,0.01,0.00,0.00,0.00,0.00,0.00,0.00,0.00,0.00,0.00,0.00,0.00,0.00,0.01,0.07,0.25,0.04,0.05,0.04,0.10,0.07,0.00,0.02,0.02,0.01,0.01,0.25,0.02,0.01
608,0.00,0.00,0.00,0.00,0.00,0.00,0.00,0.00,0.00,0.04,0.00,0.01,0.07,0.03,0.02,0.03,0.27,0.02,0.02,0.08,0.05,0.95,0.97,0.00,0.00,0.00,0.00,0.90,0.19,0.10,0.47,0.00,0.00,0.00,0.00,0.53,0.05,0.02,0.00,0.00,0.09,0.13,0.11,0.14,0.17,0.06,0.56,0.31,0.46,0.53,0.00,0.00,0.09,0.00,0.00,0.00,0.00,0.00,0.00,0.00,0.00,0.00,0.00,0.00,0.07,0.04,1.80,1.24,0.51,0.18,0.10,0.73,0.16,0.70,0.67,0.33,4.27,0.71,0.39,0.26,0.01,0.04,1.92,0.51,0.65,0.19,3.55,1.61,0.29,0.27,2.62,3.06,0.91,0.24,1.50,2.26,1.44,0.29,0.62,0.27,0.20,0.20,0.49,0.20,0.64,0.55,0.05,0.02,1.53,0.42,0.00,0.22,0.47,0.09,0.17,0.01,0.00,0.00,0.00,0.14,0.01,0.00,0.00,0.00,0.00,0.00,0.02,0.00,0.00,0.00,0.00,0.00,0.00,0.00,0.00,0.00,0.00,0.00,0.00,0.01,0.00,0.01,0.00,0.01,0.01,0.01,0.00,0.00,0.00,0.00,0.00,0.00,0.00,0.00,0.00,0.00,0.00,0.00,0.01,0.18,0.20,0.07,0.10,0.07,0.19,0.14,0.00,0.03,0.04,0.03,0.02,0.49,0.04,0.02
610,0.00,0.00,0.00,0.00,0.00,0.00,0.00,0.00,0.00,0.04,0.00,0.01,0.06,0.03,0.01,0.03,0.23,0.02,0.02,0.06,0.05,0.90,0.93,0.00,0.00,0.00,0.00,0.75,0.18,0.09,0.45,0.00,0.00,0.00,0.00,0.45,0.05,0.02,0.00,0.00,0.05,0.05,0.04,0.14,0.07,0.05,0.47,0.26,0.38,0.37,0.00,0.00,0.09,0.00,0.00,0.00,0.00,0.00,0.00,0.00,0.00,0.00,0.00,0.00,0.03,0.02,1.51,1.03,0.42,0.15,0.08,0.61,0.13,0.57,0.54,0.27,3.54,0.59,0.33,0.21,0.00,0.04,1.57,0.42,0.53,0.16,2.90,1.33,0.23,0.22,2.14,2.50,0.75,0.19,1.19,1.63,1.17,0.24,0.50,0.22,0.16,0.16,0.40,0.16,0.51,0.44,0.04,0.02,1.28,0.35,0.00,0.18,0.38,0.07,0.13,0.01,0.00,0.00,0.00,0.11,0.00,0.00,0.00,0.00,0.00,0.00,0.01,0.00,0.00,0.00,0.00,0.00,0.00,0.00,0.00,0.00,0.00,0.00,0.00,0.01,0.00,0.01,0.00,0.01,0.00,0.01,0.00,0.00,0.00,0.00,0.00,0.00,0.00,0.00,0.00,0.00,0.00,0.00,0.01,0.15,0.16,0.06,0.08,0.06,0.15,0.11,0.00,0.02,0.03,0.02,0.02,0.40,0.03,0.01
612,0.02,0.01,0.00,0.00,0.01,0.00,0.00,0.01,0.00,0.13,0.02,0.04,0.32,0.20,0.13,0.27,2.10,0.19,0.15,0.31,0.41,3.31,3.46,5.07,2.15,0.09,0.34,0.00,0.67,0.34,1.68,0.56,0.37,0.28,0.05,0.00,0.00,0.06,0.00,0.02,0.34,0.60,0.42,0.00,0.23,0.15,0.00,0.99,1.46,1.60,0.00,0.02,0.41,0.01,0.00,0.00,0.00,0.00,0.02,0.00,0.00,0.00,0.00,0.00,0.20,0.12,5.72,3.95,1.61,0.58,0.34,2.55,0.55,2.12,2.03,1.13,14.84,2.44,1.35,0.87,0.02,0.15,6.61,1.78,2.24,0.65,11.73,5.24,0.97,0.88,8.61,10.11,2.98,0.83,5.19,8.53,5.58,1.19,2.55,1.04,0.84,0.62,1.60,0.65,2.10,1.83,0.16,0.06,4.60,1.24,0.01,0.70,1.52,0.38,0.55,0.03,0.00,0.00,0.00,0.45,0.02,0.00,0.00,0.00,0.00,0.01,0.06,0.00,0.01,0.01,0.01,0.00,0.00,0.00,0.01,0.00,0.01,0.02,0.02,0.04,0.02,0.05,0.01,0.02,0.02,0.04,0.01,0.01,0.01,0.01,0.01,0.02,0.00,0.01,0.01,0.01,0.00,0.00,0.05,0.58,0.66,0.25,0.33,0.23,0.61,0.46,0.00,0.10,0.14,0.10,0.06,1.63,0.14,0.05
702,0.04,0.01,0.01,0.00,0.02,0.00,0.01,0.02,0.00,0.05,0.00,0.02,0.07,0.08,0.04,0.07,0.63,0.06,0.05,0.14,0.09,0.00,0.67,1.00,0.38,0.04,0.16,1.33,0.00,1.40,10.65,3.32,2.44,2.61,0.47,14.69,1.72,0.64,0.00,0.14,0.27,0.79,0.24,0.54,0.46,0.17,1.92,0.35,0.51,0.62,0.00,0.00,0.06,0.00,0.00,0.00,0.00,0.00,0.00,0.00,0.00,0.00,0.00,0.00,0.13,0.08,5.45,4.52,1.79,0.55,0.27,2.01,0.46,1.46,1.31,0.89,11.71,2.01,1.12,0.69,0.02,0.13,4.35,1.14,1.46,0.43,8.04,3.78,0.63,0.64,5.97,6.96,2.11,0.27,1.69,2.13,1.38,0.30,0.60,0.28,0.20,0.22,0.54,0.21,0.68,0.58,0.05,0.02,1.84,0.51,0.00,0.24,0.52,0.08,0.18,0.01,0.00,0.00,0.00,0.47,0.02,0.00,0.00,0.00,0.01,0.00,0.03,0.00,0.01,0.01,0.02,0.00,0.00,0.00,0.01,0.00,0.00,0.01,0.03,0.02,0.01,0.04,0.01,0.03,0.02,0.04,0.15,0.06,0.17,0.08,0.08,0.13,0.03,0.07,0.08,0.15,0.07,0.01,0.04,1.24,1.70,0.65,0.89,0.62,1.69,1.26,0.00,0.27,0.37,0.25,0.17,4.37,0.36,0.14
703,0.03,0.01,0.00,0.00,0.01,0.00,0.00,0.01,0.00,0.02,0.00,0.01,0.06,0.03,0.02,0.04,0.27,0.02,0.02,0.08,0.06,0.23,0.00,0.42,0.16,0.02,0.07,0.56,1.21,0.00,0.00,1.36,0.99,1.05,0.19,6.30,0.73,0.27,0.00,0.05,0.13,0.61,0.17,0.23,0.20,0.07,0.83,0.18,0.22,0.27,0.00,0.00,0.05,0.00,0.00,0.00,0.00,0.00,0.00,0.00,0.00,0.00,0.00,0.00,0.09,0.05,2.32,1.57,0.65,0.23,0.13,0.92,0.20,0.97,0.93,0.41,5.37,0.77,0.46,0.60,0.01,0.05,1.90,0.50,0.64,0.19,3.51,1.63,0.28,0.28,2.60,3.04,0.91,0.12,0.74,0.93,0.60,0.13,0.26,0.12,0.09,0.10,0.24,0.10,0.31,0.26,0.02,0.01,0.81,0.22,0.00,0.11,0.23,0.04,0.08,0.00,0.00,0.00,0.00,0.21,0.01,0.00,0.00,0.00,0.00,0.00,0.02,0.00,0.00,0.00,0.01,0.00,0.00,0.00,0.00,0.00,0.00,0.01,0.01,0.01,0.01,0.03,0.00,0.01,0.01,0.02,0.04,0.03,0.05,0.04,0.03,0.07,0.01,0.05,0.05,0.06,0.02,0.00,0.02,0.55,0.76,0.29,0.40,0.28,0.76,0.56,0.00,0.12,0.17,0.11,0.08,1.96,0.16,0.06
704,0.02,0.01,0.00,0.00,0.01,0.00,0.00,0.01,0.00,0.02,0.00,0.01,0.05,0.03,0.02,0.03,0.25,0.02,0.02,0.07,0.05,0.22,0.00,0.31,0.13,0.01,0.05,0.41,1.20,0.00,0.00,0.94,0.93,0.94,0.17,5.31,0.55,0.21,0.00,0.02,0.12,0.30,0.15,0.17,0.18,0.07,0.63,0.11,0.17,0.25,0.00,0.00,0.02,0.00,0.00,0.00,0.00,0.00,0.00,0.00,0.00,0.00,0.00,0.00,0.08,0.04,1.77,1.21,0.50,0.18,0.10,0.71,0.15,0.50,0.46,0.32,4.16,0.59,0.35,0.25,0.01,0.04,1.51,0.40,0.51,0.15,2.79,1.27,0.23,0.22,2.06,2.41,0.72,0.09,0.59,0.74,0.48,0.10,0.21,0.09,0.07,0.08,0.19,0.08,0.25,0.21,0.02,0.01,0.61,0.17,0.00,0.09,0.18,0.03,0.07,0.00,0.00,0.00,0.00,0.16,0.01,0.00,0.00,0.00,0.00,0.00,0.01,0.00,0.00,0.00,0.01,0.00,0.00,0.00,0.00,0.00,0.00,0.00,0.01,0.01,0.00,0.02,0.00,0.01,0.01,0.01,0.02,0.02,0.02,0.03,0.03,0.04,0.00,0.03,0.02,0.04,0.01,0.00,0.01,0.44,0.63,0.24,0.32,0.22,0.61,0.45,0.00,0.10,0.14,0.09,0.06,1.59,0.13,0.05
705,0.06,0.02,0.01,0.01,0.02,0.00,0.01,0.02,0.00,0.06,0.01,0.01,0.14,0.09,0.04,0.07,0.58,0.05,0.04,0.17,0.11,0.62,0.63,0.00,0.00,0.00,0.00,0.88,3.32,1.82,7.06,0.00,0.00,0.00,0.00,9.66,1.14,0.42,0.00,0.00,0.26,0.48,0.24,0.39,0.29,0.10,1.16,0.24,0.35,0.42,0.00,0.00,0.07,0.00,0.00,0.00,0.00,0.00,0.00,0.00,0.00,0.00,0.00,0.00,0.12,0.07,4.28,3.05,1.21,0.37,0.22,1.76,0.31,1.00,0.90,0.64,8.48,1.41,0.81,0.48,0.02,0.09,2.98,0.78,1.00,0.30,5.50,2.57,0.44,0.43,4.08,4.76,1.44,0.18,1.16,1.46,0.95,0.21,0.41,0.19,0.14,0.16,0.38,0.15,0.48,0.41,0.04,0.02,1.29,0.35,0.00,0.17,0.36,0.06,0.13,0.01,0.00,0.00,0.00,0.32,0.02,0.00,0.00,0.00,0.00,0.00,0.05,0.00,0.01,0.00,0.01,0.00,0.00,0.00,0.01,0.00,0.01,0.01,0.02,0.06,0.02,0.04,0.01,0.02,0.02,0.04,0.07,0.05,0.07,0.06,0.05,0.11,0.01,0.10,0.07,0.09,0.03,0.01,0.03,0.87,1.19,0.45,0.62,0.44,1.19,0.88,0.00,0.19,0.26,0.17,0.12,3.06,0.25,0.10
706,0.02,0.01,0.00,0.00,0.01,0.00,0.00,0.01,0.00,0.02,0.00,0.01,0.05,0.03,0.01,0.03,0.22,0.02,0.02,0.05,0.04,0.26,0.21,0.00,0.00,0.00,0.00,0.34,1.09,0.60,3.33,0.00,0.00,0.00,0.00,2.86,0.34,0.13,0.00,0.00,0.10,0.14,0.07,0.14,0.08,0.03,0.34,0.09,0.13,0.15,0.00,0.00,0.03,0.00,0.00,0.00,0.00,0.00,0.00,0.00,0.00,0.00,0.00,0.00,0.04,0.02,1.65,1.17,0.47,0.14,0.09,0.66,0.11,0.34,0.31,0.23,3.04,0.54,0.31,0.16,0.01,0.03,1.02,0.26,0.34,0.10,1.89,0.91,0.14,0.15,1.40,1.64,0.50,0.06,0.39,0.50,0.33,0.07,0.14,0.07,0.05,0.06,0.13,0.05,0.16,0.13,0.01,0.01,0.48,0.14,0.00,0.06,0.12,0.02,0.04,0.00,0.00,0.00,0.00,0.11,0.01,0.00,0.00,0.00,0.00,0.00,0.02,0.00,0.00,0.00,0.00,0.00,0.00,0.00,0.00,0.00,0.00,0.00,0.01,0.02,0.01,0.01,0.00,0.01,0.01,0.01,0.03,0.02,0.03,0.02,0.02,0.04,0.00,0.04,0.02,0.03,0.01,0.00,0.01,0.30,0.39,0.15,0.20,0.15,0.40,0.30,0.00,0.06,0.08,0.06,0.04,1.01,0.08,0.03
707,0.05,0.01,0.01,0.00,0.02,0.00,0.01,0.02,0.00,0.04,0.01,0.02,0.09,0.05,0.02,0.05,0.38,0.03,0.03,0.10,0.07,0.46,0.45,0.00,0.00,0.00,0.00,0.56,2.46,1.35,5.98,0.00,0.00,0.00,0.00,5.95,0.68,0.27,0.00,0.00,0.17,0.30,0.15,0.27,0.18,0.06,0.73,0.17,0.24,0.30,0.00,0.00,0.06,0.00,0.00,0.00,0.00,0.00,0.00,0.00,0.00,0.00,0.00,0.00,0.08,0.03,2.97,2.12,0.84,0.26,0.15,1.23,0.22,0.71,0.64,0.45,5.96,0.99,0.56,0.34,0.01,0.06,2.12,0.56,0.71,0.21,3.91,1.81,0.31,0.31,2.90,3.38,1.02,0.13,0.83,1.04,0.67,0.15,0.29,0.13,0.10,0.11,0.27,0.11,0.34,0.29,0.03,0.01,0.90,0.25,0.00,0.12,0.26,0.04,0.09,0.01,0.00,0.00,0.00,0.23,0.01,0.00,0.00,0.00,0.00,0.00,0.04,0.00,0.00,0.00,0.01,0.00,0.00,0.00,0.01,0.00,0.00,0.01,0.01,0.05,0.02,0.03,0.01,0.02,0.01,0.03,0.06,0.04,0.05,0.04,0.04,0.08,0.01,0.08,0.05,0.07,0.02,0.00,0.02,0.62,0.86,0.33,0.45,0.31,0.85,0.63,0.00,0.14,0.19,0.13,0.08,2.19,0.18,0.07
708,0.02,0.00,0.00,0.00,0.01,0.00,0.00,0.01,0.00,0.02,0.00,0.01,0.04,0.02,0.01,0.02,0.18,0.02,0.01,0.03,0.03,0.21,0.17,0.00,0.00,0.00,0.00,0.18,0.77,0.43,1.89,0.00,0.00,0.00,0.00,1.91,0.18,0.08,0.00,0.00,0.07,0.10,0.05,0.14,0.06,0.02,0.23,0.06,0.09,0.11,0.00,0.00,0.02,0.00,0.00,0.00,0.00,0.00,0.00,0.00,0.00,0.00,0.00,0.00,0.02,0.01,0.99,0.89,0.35,0.10,0.06,0.50,0.08,0.25,0.23,0.17,2.27,0.41,0.24,0.12,0.00,0.02,0.75,0.19,0.25,0.07,1.40,0.68,0.11,0.11,1.04,1.21,0.37,0.05,0.29,0.37,0.24,0.05,0.10,0.05,0.03,0.04,0.09,0.04,0.12,0.10,0.01,0.00,0.36,0.10,0.00,0.04,0.09,0.01,0.03,0.00,0.00,0.00,0.00,0.08,0.00,0.00,0.00,0.00,0.00,0.00,0.01,0.00,0.00,0.00,0.00,0.00,0.00,0.00,0.00,0.00,0.00,0.00,0.00,0.02,0.01,0.01,0.00,0.01,0.00,0.01,0.02,0.01,0.02,0.01,0.01,0.03,0.00,0.03,0.02,0.03,0.01,0.00,0.01,0.22,0.28,0.11,0.15,0.11,0.30,0.22,0.00,0.04,0.06,0.04,0.03,0.75,0.06,0.02
709,0.06,0.02,0.01,0.01,0.03,0.00,0.01,0.02,0.00,0.07,0.01,0.03,0.18,0.13,0.08,0.17,1.19,0.11,0.06,0.10,0.21,0.74,0.80,1.16,0.37,0.02,0.09,0.00,4.23,2.50,13.09,2.85,1.73,1.62,0.29,0.00,0.00,0.18,0.00,0.12,0.33,0.46,0.16,0.00,0.18,0.06,0.00,0.11,0.16,0.33,0.00,0.00,0.09,0.00,0.00,0.00,0.00,0.00,0.00,0.00,0.00,0.00,0.00,0.00,0.09,0.04,3.34,2.58,1.01,0.32,0.21,1.33,0.28,0.86,0.77,0.81,10.09,1.39,0.78,0.41,0.01,0.07,2.66,0.69,0.89,0.26,4.75,2.91,0.38,0.37,3.51,4.11,1.71,0.16,1.53,2.15,1.37,0.27,0.60,0.24,0.19,0.13,0.32,0.13,0.41,0.35,0.03,0.01,1.04,0.31,0.00,0.14,0.31,0.08,0.11,0.01,0.00,0.00,0.00,0.28,0.02,0.00,0.00,0.00,0.00,0.01,0.06,0.00,0.01,0.01,0.01,0.00,0.00,0.00,0.01,0.00,0.01,0.01,0.02,0.04,0.01,0.04,0.01,0.02,0.02,0.04,0.07,0.06,0.08,0.05,0.05,0.11,0.02,0.11,0.08,0.10,0.04,0.01,0.03,0.73,1.03,0.39,0.53,0.37,1.01,0.75,0.00,0.16,0.22,0.15,0.10,2.62,0.22,0.09
714,0.00,0.00,0.00,0.00,0.00,0.00,0.00,0.00,0.00,0.00,0.00,0.00,0.01,0.01,0.00,0.01,0.07,0.01,0.00,0.01,0.01,0.04,0.05,0.07,0.02,0.00,0.01,0.00,0.27,0.16,0.75,0.19,0.11,0.11,0.02,0.00,0.00,0.01,0.00,0.01,0.02,0.03,0.01,0.00,0.01,0.01,0.00,0.01,0.01,0.02,0.00,0.00,0.01,0.00,0.00,0.00,0.00,0.00,0.00,0.00,0.00,0.00,0.00,0.00,0.01,0.00,0.23,0.16,0.06,0.02,0.01,0.09,0.02,0.06,0.05,0.05,0.64,0.09,0.05,0.03,0.00,0.00,0.17,0.05,0.06,0.02,0.31,0.18,0.03,0.02,0.23,0.27,0.10,0.01,0.09,0.14,0.09,0.02,0.04,0.02,0.01,0.01,0.02,0.01,0.03,0.02,0.00,0.00,0.07,0.02,0.00,0.01,0.02,0.01,0.01,0.00,0.00,0.00,0.00,0.02,0.00,0.00,0.00,0.00,0.00,0.00,0.00,0.00,0.00,0.00,0.00,0.00,0.00,0.00,0.00,0.00,0.00,0.00,0.00,0.00,0.00,0.00,0.00,0.00,0.00,0.00,0.00,0.00,0.01,0.00,0.00,0.01,0.00,0.01,0.01,0.01,0.00,0.00,0.00,0.05,0.07,0.03,0.04,0.02,0.07,0.05,0.00,0.01,0.01,0.01,0.01,0.17,0.01,0.01
715,0.00,0.00,0.00,0.00,0.00,0.00,0.00,0.00,0.00,0.00,0.00,0.00,0.00,0.00,0.00,0.00,0.02,0.00,0.00,0.00,0.00,0.01,0.01,0.02,0.01,0.00,0.00,0.01,0.08,0.04,0.20,0.07,0.04,0.04,0.01,0.07,0.01,0.00,0.00,0.00,0.01,0.01,0.00,0.00,0.00,0.00,0.01,0.00,0.00,0.00,0.00,0.00,0.00,0.00,0.00,0.00,0.00,0.00,0.00,0.00,0.00,0.00,0.00,0.00,0.00,0.00,0.00,0.02,0.01,0.00,0.00,0.02,0.00,0.01,0.01,0.01,0.09,0.01,0.01,0.00,0.00,0.00,0.03,0.01,0.01,0.00,0.05,0.03,0.00,0.00,0.04,0.05,0.01,0.00,0.01,0.01,0.01,0.00,0.00,0.00,0.00,0.00,0.00,0.00,0.00,0.00,0.00,0.00,0.02,0.00,0.00,0.00,0.00,0.00,0.00,0.00,0.00,0.00,0.00,0.00,0.00,0.00,0.00,0.00,0.00,0.00,0.00,0.00,0.00,0.00,0.00,0.00,0.00,0.00,0.00,0.00,0.00,0.00,0.00,0.00,0.00,0.00,0.00,0.00,0.00,0.00,0.00,0.00,0.00,0.00,0.00,0.00,0.00,0.00,0.00,0.00,0.00,0.00,0.00,0.01,0.01,0.00,0.01,0.00,0.01,0.01,0.00,0.00,0.00,0.00,0.00,0.03,0.00,0.00
722,0.00,0.00,0.00,0.00,0.00,0.00,0.00,0.00,0.00,0.00,0.00,0.00,0.00,0.00,0.00,0.00,0.00,0.00,0.00,0.00,0.00,0.00,0.00,0.00,0.00,0.00,0.00,0.00,0.00,0.00,0.00,0.00,0.00,0.00,0.00,0.00,0.00,0.00,0.00,0.00,0.00,0.00,0.00,0.00,0.00,0.00,0.00,0.00,0.00,0.00,0.00,0.00,0.00,0.00,0.00,0.00,0.00,0.00,0.00,0.00,0.00,0.00,0.00,0.00,0.00,0.00,0.00,0.00,0.00,0.00,0.00,0.00,0.00,0.00,0.00,0.00,0.00,0.00,0.00,0.00,0.00,0.00,0.00,0.00,0.00,0.00,0.00,0.00,0.00,0.00,0.00,0.00,0.00,0.00,0.00,0.00,0.00,0.00,0.00,0.00,0.00,0.00,0.00,0.00,0.00,0.00,0.00,0.00,0.00,0.00,0.00,0.00,0.00,0.00,0.00,0.00,0.00,0.00,0.00,0.00,0.00,0.00,0.00,0.00,0.00,0.00,0.00,0.00,0.00,0.00,0.00,0.00,0.00,0.00,0.00,0.00,0.00,0.00,0.00,0.00,0.00,0.00,0.00,0.00,0.00,0.00,0.00,0.00,0.00,0.00,0.00,0.00,0.00,0.00,0.00,0.00,0.00,0.00,0.00,0.00,0.00,0.00,0.00,0.00,0.00,0.00,0.00,0.00,0.00,0.00,0.00,0.00,0.00,0.00
726,0.01,0.00,0.00,0.00,0.00,0.00,0.00,0.00,0.00,0.01,0.00,0.00,0.03,0.01,0.01,0.02,0.12,0.01,0.01,0.03,0.02,0.11,0.10,0.00,0.00,0.00,0.00,0.18,0.60,0.33,0.76,0.00,0.00,0.00,0.00,1.64,0.19,0.07,0.00,0.00,0.05,0.08,0.04,0.08,0.05,0.02,0.19,0.04,0.07,0.08,0.00,0.00,0.01,0.00,0.00,0.00,0.00,0.00,0.00,0.00,0.00,0.00,0.00,0.00,0.02,0.01,0.85,0.60,0.24,0.07,0.04,0.34,0.06,0.18,0.16,0.12,1.56,0.28,0.16,0.08,0.00,0.02,0.53,0.14,0.18,0.05,0.97,0.47,0.08,0.08,0.73,0.84,0.26,0.03,0.20,0.26,0.17,0.04,0.07,0.03,0.02,0.03,0.07,0.03,0.08,0.07,0.01,0.00,0.25,0.07,0.00,0.03,0.06,0.01,0.02,0.00,0.00,0.00,0.00,0.06,0.00,0.00,0.00,0.00,0.00,0.00,0.01,0.00,0.00,0.00,0.00,0.00,0.00,0.00,0.00,0.00,0.00,0.00,0.00,0.01,0.00,0.01,0.00,0.00,0.00,0.01,0.01,0.01,0.01,0.01,0.01,0.02,0.00,0.02,0.01,0.02,0.01,0.00,0.01,0.15,0.20,0.08,0.11,0.08,0.21,0.15,0.00,0.03,0.04,0.03,0.02,0.53,0.04,0.02
801,0.00,0.00,0.00,0.00,0.00,0.00,0.00,0.00,0.00,0.01,0.00,0.00,0.01,0.01,0.01,0.01,0.00,0.00,0.00,0.00,0.01,0.12,0.19,0.19,0.05,0.01,0.02,0.22,0.07,0.04,0.22,0.09,0.05,0.05,0.01,0.29,0.03,0.01,0.00,0.00,0.00,0.00,0.02,0.23,0.09,0.02,1.02,0.06,0.07,0.09,0.00,0.00,0.05,0.00,0.00,0.00,0.00,0.00,0.00,0.00,0.00,0.00,0.00,0.00,0.00,0.00,0.49,0.26,0.14,0.04,0.02,0.18,0.06,0.17,0.12,0.08,1.07,0.15,0.08,0.15,0.00,0.02,0.55,0.14,0.18,0.05,1.01,0.48,0.07,0.08,0.58,0.88,0.27,0.11,0.85,0.78,0.59,0.13,0.26,0.12,0.09,0.09,0.19,0.08,0.21,0.21,0.02,0.01,0.87,0.24,0.00,0.08,0.22,0.04,0.06,0.00,0.00,0.00,0.00,0.02,0.00,0.00,0.00,0.00,0.00,0.00,0.01,0.00,0.00,0.00,0.00,0.00,0.00,0.00,0.00,0.00,0.00,0.00,0.00,0.00,0.00,0.01,0.00,0.00,0.00,0.00,0.00,0.00,0.00,0.00,0.00,0.00,0.00,0.00,0.00,0.00,0.00,0.00,0.01,0.10,0.11,0.04,0.06,0.04,0.10,0.08,0.00,0.02,0.02,0.02,0.01,0.28,0.02,0.01
802,0.04,0.01,0.01,0.01,0.02,0.00,0.01,0.02,0.00,0.13,0.01,0.03,0.15,0.12,0.06,0.12,0.00,0.00,0.00,0.00,0.13,1.49,2.37,1.58,0.48,0.05,0.09,2.05,1.19,0.85,2.08,0.59,0.36,0.33,0.06,1.95,0.21,0.07,0.00,0.02,0.00,0.00,0.22,1.55,0.98,0.29,6.85,0.61,0.53,0.64,0.00,0.02,0.36,0.00,0.00,0.00,0.00,0.00,0.03,0.00,0.00,0.00,0.00,0.01,0.04,0.03,3.43,3.29,1.76,0.48,0.30,2.19,0.48,1.78,1.28,0.97,12.72,1.82,1.09,1.13,0.01,0.17,5.11,1.10,1.73,0.46,8.27,5.18,0.68,0.83,6.34,6.98,2.82,0.85,5.42,4.68,5.66,0.99,2.55,1.31,0.82,1.00,2.00,0.78,2.19,2.08,0.29,0.15,10.49,3.02,0.01,0.70,2.23,0.29,0.64,0.05,0.00,0.00,0.00,0.25,0.02,0.00,0.00,0.00,0.01,0.01,0.05,0.00,0.00,0.01,0.01,0.00,0.00,0.00,0.01,0.00,0.01,0.02,0.02,0.04,0.01,0.05,0.01,0.02,0.01,0.03,0.02,0.02,0.03,0.01,0.01,0.03,0.00,0.03,0.02,0.03,0.01,0.00,0.05,0.96,1.08,0.42,0.57,0.40,1.07,0.80,0.00,0.17,0.23,0.16,0.11,2.72,0.23,0.09
804,0.03,0.01,0.01,0.00,0.01,0.00,0.01,0.01,0.00,0.09,0.01,0.02,0.10,0.08,0.06,0.08,0.81,0.11,0.04,0.10,0.09,1.05,2.26,2.39,0.66,0.07,0.25,2.51,0.79,0.58,3.36,0.77,0.48,0.45,0.08,1.67,0.20,0.05,0.00,0.03,0.23,0.60,0.00,1.63,0.00,0.00,5.03,0.36,0.38,0.46,0.00,0.01,0.26,0.00,0.00,0.00,0.00,0.00,0.02,0.00,0.00,0.00,0.00,0.01,0.00,0.00,2.67,1.80,0.98,0.23,0.14,1.12,0.37,1.05,0.72,0.51,6.58,1.00,0.55,0.48,0.01,0.10,3.41,0.85,1.14,0.31,6.30,3.01,0.61,0.58,3.62,5.46,1.67,1.23,3.66,6.65,5.58,1.16,2.46,1.04,0.81,0.56,1.16,0.48,1.24,1.29,0.11,0.05,4.24,1.16,0.01,0.47,1.27,0.35,0.37,0.02,0.00,0.00,0.00,0.14,0.01,0.00,0.00,0.00,0.00,0.00,0.04,0.00,0.00,0.01,0.01,0.00,0.00,0.00,0.00,0.00,0.01,0.01,0.01,0.03,0.01,0.03,0.01,0.01,0.01,0.02,0.02,0.01,0.02,0.01,0.01,0.02,0.00,0.02,0.02,0.02,0.01,0.00,0.04,0.55,0.70,0.26,0.35,0.23,0.60,0.46,0.00,0.11,0.15,0.11,0.06,1.67,0.15,0.06
806,0.01,0.00,0.00,0.00,0.00,0.00,0.00,0.00,0.00,0.07,0.01,0.03,0.17,0.11,0.07,0.15,1.10,0.10,0.07,0.10,0.20,0.33,0.33,0.48,0.15,0.01,0.05,0.00,0.20,0.10,0.50,0.15,0.09,0.09,0.02,0.00,0.00,0.01,0.00,0.01,0.36,0.50,0.20,0.00,0.14,0.06,0.00,0.11,0.17,0.22,0.00,0.00,0.07,0.00,0.00,0.00,0.00,0.00,0.00,0.00,0.00,0.00,0.00,0.00,0.04,0.03,1.53,1.10,0.43,0.14,0.08,2.05,0.14,0.43,0.40,0.28,3.65,0.59,0.33,0.22,1.47,0.04,1.32,0.36,0.45,0.13,3.14,1.19,0.28,0.20,1.71,2.71,0.70,0.29,1.71,2.22,1.43,0.30,0.63,0.28,0.20,0.21,0.55,0.23,0.73,0.64,0.05,0.02,1.60,0.40,0.00,0.24,0.52,0.09,0.19,0.01,0.00,0.00,0.00,0.08,0.00,0.00,0.00,0.00,0.00,0.00,0.01,0.00,0.00,0.00,0.00,0.00,0.00,0.00,0.00,0.00,0.00,0.00,0.00,0.01,0.00,0.01,0.00,0.01,0.00,0.01,0.00,0.00,0.00,0.00,0.00,0.01,0.00,0.01,0.00,0.01,0.00,0.00,0.01,0.22,0.58,0.13,0.17,0.12,0.31,0.24,0.00,0.05,0.07,0.05,0.03,0.84,0.07,0.03
807,0.01,0.01,0.00,0.00,0.01,0.00,0.00,0.01,0.00,0.11,0.01,0.03,0.13,0.11,0.07,0.11,1.01,0.10,0.04,0.06,0.12,1.36,1.16,1.40,0.44,0.03,0.08,0.55,0.40,0.23,1.45,0.31,0.19,0.18,0.03,0.55,0.07,0.02,0.00,0.01,0.32,0.71,0.00,0.40,0.00,0.00,1.81,0.25,0.37,0.30,0.00,0.01,0.21,0.00,0.00,0.00,0.00,0.00,0.01,0.00,0.00,0.00,0.00,0.00,0.00,0.00,2.67,2.18,1.17,0.26,0.17,2.59,0.23,0.76,0.57,0.46,6.24,1.17,0.68,0.27,1.23,0.07,2.18,0.48,0.72,0.20,5.90,3.01,0.46,0.50,2.79,5.04,1.70,0.38,2.04,2.38,2.41,0.47,1.05,0.55,0.35,0.43,0.81,0.31,0.92,0.81,0.07,0.05,4.71,1.19,0.00,0.33,0.84,0.13,0.26,0.02,0.00,0.00,0.00,0.11,0.01,0.00,0.00,0.00,0.00,0.00,0.02,0.00,0.00,0.00,0.00,0.00,0.00,0.00,0.00,0.00,0.00,0.01,0.01,0.01,0.01,0.02,0.01,0.01,0.01,0.01,0.01,0.01,0.01,0.00,0.00,0.01,0.00,0.01,0.01,0.01,0.01,0.00,0.02,0.37,0.85,0.16,0.23,0.16,0.44,0.32,0.00,0.07,0.09,0.06,0.04,1.12,0.09,0.04
808,0.01,0.00,0.00,0.00,0.01,0.00,0.00,0.01,0.00,0.05,0.00,0.01,0.06,0.05,0.04,0.05,0.50,0.07,0.03,0.05,0.05,0.67,0.91,0.89,0.25,0.02,0.10,0.63,0.32,0.18,1.15,0.22,0.13,0.13,0.02,0.39,0.05,0.02,0.00,0.01,0.14,0.37,0.00,0.34,0.00,0.00,0.76,0.17,0.25,0.27,0.00,0.01,0.16,0.00,0.00,0.00,0.00,0.00,0.01,0.00,0.00,0.00,0.00,0.00,0.00,0.00,1.16,0.90,0.49,0.11,0.07,0.61,0.17,0.48,0.33,0.24,3.14,0.49,0.27,0.22,0.00,0.05,1.52,0.36,0.50,0.14,2.79,1.77,0.28,0.28,1.67,2.37,1.02,0.28,2.18,2.20,2.61,0.50,1.15,0.49,0.38,0.26,0.53,0.21,0.56,0.57,0.05,0.02,4.42,0.57,0.00,0.21,0.57,0.16,0.17,0.01,0.00,0.00,0.00,0.08,0.00,0.00,0.00,0.00,0.00,0.00,0.02,0.00,0.00,0.00,0.00,0.00,0.00,0.00,0.00,0.00,0.00,0.01,0.01,0.01,0.00,0.01,0.00,0.01,0.00,0.01,0.01,0.01,0.01,0.00,0.00,0.01,0.00,0.01,0.01,0.01,0.00,0.00,0.02,0.25,0.31,0.11,0.15,0.10,0.37,0.30,0.00,0.05,0.07,0.05,0.03,0.75,0.07,0.03
809,0.02,0.01,0.01,0.00,0.01,0.00,0.01,0.01,0.00,0.28,0.04,0.12,0.66,0.51,0.29,0.51,5.06,0.37,0.15,0.23,0.58,1.32,1.36,1.67,0.55,0.05,0.18,0.00,0.74,0.39,2.05,0.59,0.36,0.33,0.06,0.00,0.00,0.04,0.00,0.02,1.38,2.37,0.42,0.00,0.68,0.13,0.00,0.24,0.35,0.78,0.00,0.01,0.25,0.00,0.00,0.00,0.00,0.00,0.01,0.00,0.00,0.00,0.00,0.01,0.08,0.06,3.22,3.56,1.40,0.43,0.26,2.27,0.38,1.17,1.06,0.80,10.57,1.85,1.05,0.52,0.02,0.10,3.53,0.92,1.18,0.34,6.31,3.56,0.80,0.60,4.66,5.46,2.09,0.74,5.50,7.57,5.60,1.20,2.53,1.06,0.84,0.60,1.45,0.57,1.85,1.58,0.14,0.06,8.03,1.30,0.01,0.64,1.39,0.37,0.49,0.03,0.00,0.00,0.00,0.27,0.01,0.00,0.00,0.00,0.00,0.00,0.04,0.00,0.00,0.01,0.01,0.00,0.00,0.00,0.00,0.00,0.00,0.01,0.01,0.03,0.01,0.03,0.01,0.01,0.01,0.02,0.01,0.01,0.01,0.01,0.01,0.02,0.00,0.02,0.01,0.02,0.01,0.00,0.04,0.60,0.84,0.32,0.43,0.30,1.18,0.95,0.00,0.13,0.18,0.12,0.08,2.14,0.18,0.07
902,0.02,0.00,0.00,0.00,0.00,0.00,0.00,0.00,0.00,0.02,0.00,0.01,0.03,0.03,0.02,0.03,0.21,0.03,0.01,0.03,0.03,0.48,0.52,0.66,0.22,0.02,0.08,0.60,0.34,0.19,0.89,0.28,0.20,0.16,0.03,0.31,0.03,0.01,0.00,0.01,0.33,0.74,0.20,0.38,0.38,0.11,0.82,0.00,0.00,3.36,0.00,0.02,0.29,0.00,0.00,0.00,0.00,0.00,0.02,0.00,0.00,0.00,0.00,0.00,0.07,0.04,1.83,1.34,0.52,0.18,0.10,0.85,0.19,0.58,0.55,0.38,4.95,0.76,0.41,0.25,0.01,0.05,0.87,0.24,0.30,0.09,1.53,0.65,0.13,0.10,1.07,1.31,0.37,0.23,0.88,1.33,0.95,0.26,0.42,0.18,0.20,0.23,0.51,0.20,0.56,0.51,0.04,0.03,2.50,0.72,0.00,0.20,0.55,0.06,0.15,0.01,0.00,0.00,0.00,0.19,0.00,0.00,0.00,0.00,0.00,0.00,0.00,0.00,0.00,0.00,0.00,0.00,0.00,0.00,0.00,0.00,0.00,0.00,0.00,0.00,0.00,0.00,0.00,0.00,0.00,0.00,0.00,0.00,0.00,0.01,0.01,0.01,0.00,0.01,0.00,0.01,0.00,0.00,0.00,0.15,0.17,0.06,0.09,0.06,0.16,0.12,0.00,0.03,0.04,0.02,0.02,0.42,0.04,0.01
903,0.05,0.01,0.00,0.00,0.01,0.00,0.01,0.01,0.00,0.04,0.00,0.01,0.06,0.05,0.02,0.04,0.23,0.03,0.02,0.05,0.05,0.81,0.84,1.03,0.35,0.03,0.12,0.89,0.42,0.28,1.25,0.45,0.31,0.27,0.05,0.52,0.06,0.01,0.00,0.02,0.50,0.79,0.29,0.65,0.59,0.16,1.39,0.00,0.00,3.86,0.00,0.03,0.54,0.00,0.00,0.00,0.00,0.00,0.04,0.00,0.00,0.00,0.00,0.00,0.08,0.05,2.94,2.28,0.89,0.30,0.18,1.43,0.32,1.22,1.19,0.65,8.41,1.31,0.71,0.40,0.01,0.09,1.46,0.41,0.50,0.14,2.57,1.10,0.30,0.21,1.81,2.21,0.63,0.38,1.48,2.24,1.61,0.44,0.70,0.30,0.33,0.39,0.85,0.33,0.93,0.85,0.07,0.05,4.24,1.22,0.01,0.33,0.92,0.10,0.26,0.02,0.00,0.00,0.00,0.32,0.00,0.00,0.00,0.00,0.00,0.00,0.01,0.00,0.00,0.00,0.00,0.00,0.00,0.00,0.00,0.00,0.00,0.00,0.00,0.00,0.00,0.01,0.00,0.00,0.00,0.01,0.01,0.01,0.01,0.01,0.01,0.02,0.00,0.02,0.01,0.01,0.00,0.00,0.01,0.25,0.28,0.10,0.14,0.10,0.27,0.20,0.00,0.04,0.06,0.04,0.03,0.70,0.06,0.02
905,0.00,0.00,0.00,0.00,0.00,0.00,0.00,0.00,0.00,0.00,0.00,0.00,0.01,0.00,0.00,0.00,0.02,0.00,0.00,0.00,0.00,0.05,0.05,0.06,0.02,0.00,0.01,0.05,0.03,0.02,0.08,0.03,0.02,0.02,0.00,0.05,0.01,0.00,0.00,0.00,0.03,0.05,0.02,0.05,0.03,0.01,0.13,0.21,0.17,0.00,0.00,0.00,0.11,0.00,0.00,0.00,0.00,0.00,0.01,0.00,0.00,0.00,0.00,0.00,0.01,0.00,0.00,0.16,0.09,0.03,0.02,0.12,0.02,0.07,0.06,0.05,0.69,0.10,0.07,0.02,0.00,0.01,0.10,0.02,0.03,0.01,0.18,0.09,0.01,0.01,0.13,0.15,0.05,0.02,0.11,0.15,0.11,0.02,0.05,0.02,0.02,0.02,0.04,0.02,0.05,0.04,0.00,0.00,0.17,0.04,0.00,0.02,0.04,0.01,0.01,0.00,0.00,0.00,0.00,0.02,0.00,0.00,0.00,0.00,0.00,0.00,0.00,0.00,0.00,0.00,0.00,0.00,0.00,0.00,0.00,0.00,0.00,0.00,0.00,0.00,0.00,0.00,0.00,0.00,0.00,0.00,0.00,0.00,0.00,0.00,0.00,0.00,0.00,0.00,0.00,0.00,0.00,0.00,0.00,0.01,0.01,0.01,0.01,0.01,0.01,0.01,0.00,0.00,0.00,0.00,0.00,0.04,0.00,0.00
911,0.00,0.00,0.00,0.00,0.00,0.00,0.00,0.00,0.00,0.00,0.00,0.00,0.00,0.00,0.00,0.00,0.00,0.00,0.00,0.00,0.00,0.00,0.00,0.00,0.00,0.00,0.00,0.00,0.00,0.00,0.00,0.00,0.00,0.00,0.00,0.00,0.00,0.00,0.00,0.00,0.00,0.00,0.00,0.00,0.00,0.00,0.00,0.00,0.00,0.01,0.00,0.00,0.00,0.00,0.00,0.00,0.00,0.00,0.00,0.00,0.00,0.00,0.00,0.00,0.00,0.00,0.01,0.00,0.00,0.00,0.00,0.00,0.00,0.00,0.00,0.00,0.01,0.00,0.00,0.00,0.00,0.00,0.00,0.00,0.00,0.00,0.01,0.00,0.00,0.00,0.00,0.00,0.00,0.00,0.00,0.00,0.00,0.00,0.00,0.00,0.00,0.00,0.00,0.00,0.00,0.00,0.00,0.00,0.01,0.00,0.00,0.00,0.00,0.00,0.00,0.00,0.00,0.00,0.00,0.00,0.00,0.00,0.00,0.00,0.00,0.00,0.00,0.00,0.00,0.00,0.00,0.00,0.00,0.00,0.00,0.00,0.00,0.00,0.00,0.00,0.00,0.00,0.00,0.00,0.00,0.00,0.00,0.00,0.00,0.00,0.00,0.00,0.00,0.00,0.00,0.00,0.00,0.00,0.00,0.00,0.00,0.00,0.00,0.00,0.00,0.00,0.00,0.00,0.00,0.00,0.00,0.00,0.00,0.00
912,0.00,0.00,0.00,0.00,0.00,0.00,0.00,0.00,0.00,0.01,0.00,0.00,0.01,0.01,0.00,0.01,0.05,0.01,0.00,0.01,0.01,0.07,0.09,0.08,0.03,0.00,0.01,0.07,0.04,0.02,0.10,0.05,0.03,0.03,0.01,0.07,0.01,0.00,0.00,0.00,0.09,0.14,0.05,0.08,0.08,0.03,0.20,0.08,0.11,0.36,0.00,0.00,0.00,0.00,0.00,0.00,0.00,0.00,0.00,0.00,0.00,0.00,0.00,0.00,0.02,0.01,0.54,0.29,0.13,0.05,0.03,0.14,0.03,0.08,0.07,0.06,0.82,0.13,0.09,0.03,0.00,0.01,0.11,0.03,0.03,0.01,0.20,0.11,0.01,0.02,0.15,0.17,0.06,0.02,0.13,0.18,0.12,0.03,0.05,0.03,0.02,0.02,0.04,0.02,0.05,0.04,0.00,0.00,0.32,0.10,0.00,0.02,0.04,0.01,0.01,0.00,0.00,0.00,0.00,0.02,0.00,0.00,0.00,0.00,0.00,0.00,0.00,0.00,0.00,0.00,0.00,0.00,0.00,0.00,0.00,0.00,0.00,0.00,0.00,0.00,0.00,0.00,0.00,0.00,0.00,0.00,0.00,0.00,0.00,0.00,0.00,0.00,0.00,0.00,0.00,0.00,0.00,0.00,0.00,0.01,0.01,0.01,0.01,0.01,0.01,0.01,0.00,0.00,0.00,0.00,0.00,0.04,0.00,0.00
913,0.04,0.02,0.01,0.00,0.00,0.00,0.01,0.00,0.00,0.05,0.01,0.02,0.13,0.11,0.05,0.10,0.65,0.07,0.05,0.14,0.15,0.67,0.70,0.90,0.40,0.04,0.15,1.17,0.39,0.21,1.33,0.40,0.39,0.31,0.07,1.57,0.17,0.05,0.00,0.02,1.45,2.37,0.84,1.30,1.75,0.61,4.29,1.45,2.06,7.35,0.00,0.00,0.00,0.00,0.00,0.00,0.00,0.00,0.00,0.00,0.00,0.00,0.00,0.00,0.26,0.16,8.30,7.12,2.66,0.84,0.37,2.24,0.67,1.94,1.65,0.85,10.16,1.27,1.40,0.49,0.02,0.37,2.54,0.62,0.82,0.24,4.71,2.49,0.33,0.42,3.55,4.11,1.33,0.51,3.02,4.18,2.83,0.65,1.22,0.64,0.41,0.50,0.97,0.37,1.07,0.95,0.09,0.07,8.03,2.26,0.01,0.41,1.03,0.17,0.30,0.02,0.00,0.00,0.00,1.01,0.00,0.00,0.00,0.00,0.00,0.00,0.00,0.00,0.00,0.00,0.00,0.00,0.00,0.00,0.00,0.00,0.00,0.00,0.00,0.00,0.00,0.00,0.00,0.00,0.00,0.00,0.00,0.00,0.01,0.01,0.01,0.01,0.00,0.01,0.01,0.01,0.00,0.00,0.00,0.28,0.31,0.11,0.16,0.12,0.32,0.24,0.00,0.05,0.07,0.04,0.03,0.81,0.06,0.03
914,0.00,0.00,0.00,0.00,0.00,0.00,0.00,0.00,0.00,0.00,0.00,0.00,0.00,0.00,0.00,0.00,0.00,0.00,0.00,0.00,0.00,0.00,0.00,0.00,0.00,0.00,0.00,0.00,0.00,0.00,0.00,0.00,0.00,0.00,0.00,0.00,0.00,0.00,0.00,0.00,0.00,0.00,0.00,0.00,0.00,0.00,0.00,0.00,0.00,0.01,0.00,0.00,0.00,0.00,0.00,0.00,0.00,0.00,0.00,0.00,0.00,0.00,0.00,0.00,0.00,0.00,0.01,0.01,0.00,0.00,0.00,0.00,0.00,0.00,0.00,0.00,0.02,0.00,0.00,0.00,0.00,0.00,0.00,0.00,0.00,0.00,0.01,0.00,0.00,0.00,0.00,0.00,0.00,0.00,0.00,0.00,0.00,0.00,0.00,0.00,0.00,0.00,0.00,0.00,0.00,0.00,0.00,0.00,0.01,0.00,0.00,0.00,0.00,0.00,0.00,0.00,0.00,0.00,0.00,0.00,0.00,0.00,0.00,0.00,0.00,0.00,0.00,0.00,0.00,0.00,0.00,0.00,0.00,0.00,0.00,0.00,0.00,0.00,0.00,0.00,0.00,0.00,0.00,0.00,0.00,0.00,0.00,0.00,0.00,0.00,0.00,0.00,0.00,0.00,0.00,0.00,0.00,0.00,0.00,0.00,0.00,0.00,0.00,0.00,0.00,0.00,0.00,0.00,0.00,0.00,0.00,0.00,0.00,0.00
917,0.00,0.00,0.00,0.00,0.00,0.00,0.00,0.00,0.00,0.00,0.00,0.00,0.00,0.00,0.00,0.00,0.00,0.00,0.00,0.00,0.00,0.00,0.00,0.00,0.00,0.00,0.00,0.00,0.00,0.00,0.00,0.00,0.00,0.00,0.00,0.00,0.00,0.00,0.00,0.00,0.00,0.00,0.00,0.00,0.00,0.00,0.00,0.00,0.00,0.01,0.00,0.00,0.00,0.00,0.00,0.00,0.00,0.00,0.00,0.00,0.00,0.00,0.00,0.00,0.00,0.00,0.00,0.00,0.00,0.00,0.00,0.00,0.00,0.00,0.00,0.00,0.01,0.00,0.00,0.00,0.00,0.00,0.00,0.00,0.00,0.00,0.00,0.00,0.00,0.00,0.00,0.00,0.00,0.00,0.00,0.00,0.00,0.00,0.00,0.00,0.00,0.00,0.00,0.00,0.00,0.00,0.00,0.00,0.01,0.00,0.00,0.00,0.00,0.00,0.00,0.00,0.00,0.00,0.00,0.00,0.00,0.00,0.00,0.00,0.00,0.00,0.00,0.00,0.00,0.00,0.00,0.00,0.00,0.00,0.00,0.00,0.00,0.00,0.00,0.00,0.00,0.00,0.00,0.00,0.00,0.00,0.00,0.00,0.00,0.00,0.00,0.00,0.00,0.00,0.00,0.00,0.00,0.00,0.00,0.00,0.00,0.00,0.00,0.00,0.00,0.00,0.00,0.00,0.00,0.00,0.00,0.00,0.00,0.00
918,0.00,0.00,0.00,0.00,0.00,0.00,0.00,0.00,0.00,0.00,0.00,0.00,0.00,0.00,0.00,0.00,0.00,0.00,0.00,0.00,0.00,0.00,0.00,0.00,0.00,0.00,0.00,0.00,0.00,0.00,0.00,0.00,0.00,0.00,0.00,0.00,0.00,0.00,0.00,0.00,0.00,0.00,0.00,0.00,0.00,0.00,0.00,0.00,0.00,0.00,0.00,0.00,0.00,0.00,0.00,0.00,0.00,0.00,0.00,0.00,0.00,0.00,0.00,0.00,0.00,0.00,0.00,0.00,0.00,0.00,0.00,0.00,0.00,0.00,0.00,0.00,0.00,0.00,0.00,0.00,0.00,0.00,0.00,0.00,0.00,0.00,0.00,0.00,0.00,0.00,0.00,0.00,0.00,0.00,0.00,0.00,0.00,0.00,0.00,0.00,0.00,0.00,0.00,0.00,0.00,0.00,0.00,0.00,0.00,0.00,0.00,0.00,0.00,0.00,0.00,0.00,0.00,0.00,0.00,0.00,0.00,0.00,0.00,0.00,0.00,0.00,0.00,0.00,0.00,0.00,0.00,0.00,0.00,0.00,0.00,0.00,0.00,0.00,0.00,0.00,0.00,0.00,0.00,0.00,0.00,0.00,0.00,0.00,0.00,0.00,0.00,0.00,0.00,0.00,0.00,0.00,0.00,0.00,0.00,0.00,0.00,0.00,0.00,0.00,0.00,0.00,0.00,0.00,0.00,0.00,0.00,0.00,0.00,0.00
919,0.00,0.00,0.00,0.00,0.00,0.00,0.00,0.00,0.00,0.00,0.00,0.00,0.00,0.00,0.00,0.00,0.00,0.00,0.00,0.00,0.00,0.00,0.00,0.00,0.00,0.00,0.00,0.00,0.00,0.00,0.00,0.00,0.00,0.00,0.00,0.00,0.00,0.00,0.00,0.00,0.00,0.00,0.00,0.00,0.00,0.00,0.00,0.00,0.00,0.00,0.00,0.00,0.00,0.00,0.00,0.00,0.00,0.00,0.00,0.00,0.00,0.00,0.00,0.00,0.00,0.00,0.00,0.00,0.00,0.00,0.00,0.00,0.00,0.00,0.00,0.00,0.00,0.00,0.00,0.00,0.00,0.00,0.00,0.00,0.00,0.00,0.00,0.00,0.00,0.00,0.00,0.00,0.00,0.00,0.00,0.00,0.00,0.00,0.00,0.00,0.00,0.00,0.00,0.00,0.00,0.00,0.00,0.00,0.00,0.00,0.00,0.00,0.00,0.00,0.00,0.00,0.00,0.00,0.00,0.00,0.00,0.00,0.00,0.00,0.00,0.00,0.00,0.00,0.00,0.00,0.00,0.00,0.00,0.00,0.00,0.00,0.00,0.00,0.00,0.00,0.00,0.00,0.00,0.00,0.00,0.00,0.00,0.00,0.00,0.00,0.00,0.00,0.00,0.00,0.00,0.00,0.00,0.00,0.00,0.00,0.00,0.00,0.00,0.00,0.00,0.00,0.00,0.00,0.00,0.00,0.00,0.00,0.00,0.00
920,0.00,0.00,0.00,0.00,0.00,0.00,0.00,0.00,0.00,0.00,0.00,0.00,0.00,0.00,0.00,0.00,0.00,0.00,0.00,0.00,0.00,0.00,0.00,0.00,0.00,0.00,0.00,0.00,0.00,0.00,0.00,0.00,0.00,0.00,0.00,0.00,0.00,0.00,0.00,0.00,0.00,0.00,0.00,0.00,0.00,0.00,0.00,0.00,0.00,0.00,0.00,0.00,0.00,0.00,0.00,0.00,0.00,0.00,0.00,0.00,0.00,0.00,0.00,0.00,0.00,0.00,0.00,0.00,0.00,0.00,0.00,0.00,0.00,0.00,0.00,0.00,0.00,0.00,0.00,0.00,0.00,0.00,0.00,0.00,0.00,0.00,0.00,0.00,0.00,0.00,0.00,0.00,0.00,0.00,0.00,0.00,0.00,0.00,0.00,0.00,0.00,0.00,0.00,0.00,0.00,0.00,0.00,0.00,0.00,0.00,0.00,0.00,0.00,0.00,0.00,0.00,0.00,0.00,0.00,0.00,0.00,0.00,0.00,0.00,0.00,0.00,0.00,0.00,0.00,0.00,0.00,0.00,0.00,0.00,0.00,0.00,0.00,0.00,0.00,0.00,0.00,0.00,0.00,0.00,0.00,0.00,0.00,0.00,0.00,0.00,0.00,0.00,0.00,0.00,0.00,0.00,0.00,0.00,0.00,0.00,0.00,0.00,0.00,0.00,0.00,0.00,0.00,0.00,0.00,0.00,0.00,0.00,0.00,0.00
922,0.00,0.00,0.00,0.00,0.00,0.00,0.00,0.00,0.00,0.00,0.00,0.00,0.00,0.00,0.00,0.00,0.00,0.00,0.00,0.00,0.00,0.00,0.00,0.01,0.00,0.00,0.00,0.01,0.00,0.00,0.01,0.00,0.00,0.00,0.00,0.01,0.00,0.00,0.00,0.00,0.01,0.03,0.01,0.01,0.01,0.00,0.03,0.01,0.02,0.06,0.00,0.00,0.00,0.00,0.00,0.00,0.00,0.00,0.00,0.00,0.00,0.00,0.00,0.00,0.00,0.00,0.06,0.04,0.02,0.01,0.00,0.02,0.01,0.02,0.02,0.01,0.09,0.01,0.01,0.01,0.00,0.00,0.03,0.01,0.01,0.00,0.05,0.03,0.00,0.00,0.04,0.05,0.01,0.01,0.03,0.05,0.03,0.01,0.01,0.01,0.00,0.01,0.01,0.00,0.01,0.01,0.00,0.00,0.06,0.02,0.00,0.00,0.01,0.00,0.00,0.00,0.00,0.00,0.00,0.01,0.00,0.00,0.00,0.00,0.00,0.00,0.00,0.00,0.00,0.00,0.00,0.00,0.00,0.00,0.00,0.00,0.00,0.00,0.00,0.00,0.00,0.00,0.00,0.00,0.00,0.00,0.00,0.00,0.00,0.00,0.00,0.00,0.00,0.00,0.00,0.00,0.00,0.00,0.00,0.00,0.00,0.00,0.00,0.00,0.00,0.00,0.00,0.00,0.00,0.00,0.00,0.01,0.00,0.00
923,0.00,0.00,0.00,0.00,0.00,0.00,0.00,0.00,0.00,0.00,0.00,0.00,0.00,0.00,0.00,0.00,0.00,0.00,0.00,0.00,0.00,0.00,0.00,0.00,0.00,0.00,0.00,0.00,0.00,0.00,0.00,0.00,0.00,0.00,0.00,0.00,0.00,0.00,0.00,0.00,0.00,0.01,0.00,0.00,0.00,0.00,0.01,0.00,0.00,0.01,0.00,0.00,0.00,0.00,0.00,0.00,0.00,0.00,0.00,0.00,0.00,0.00,0.00,0.00,0.00,0.00,0.01,0.01,0.00,0.00,0.00,0.00,0.00,0.00,0.00,0.00,0.02,0.00,0.00,0.00,0.00,0.00,0.01,0.00,0.00,0.00,0.01,0.00,0.00,0.00,0.01,0.01,0.00,0.00,0.01,0.01,0.01,0.00,0.00,0.00,0.00,0.00,0.00,0.00,0.00,0.00,0.00,0.00,0.01,0.00,0.00,0.00,0.00,0.00,0.00,0.00,0.00,0.00,0.00,0.00,0.00,0.00,0.00,0.00,0.00,0.00,0.00,0.00,0.00,0.00,0.00,0.00,0.00,0.00,0.00,0.00,0.00,0.00,0.00,0.00,0.00,0.00,0.00,0.00,0.00,0.00,0.00,0.00,0.00,0.00,0.00,0.00,0.00,0.00,0.00,0.00,0.00,0.00,0.00,0.00,0.00,0.00,0.00,0.00,0.00,0.00,0.00,0.00,0.00,0.00,0.00,0.00,0.00,0.00
924,0.00,0.00,0.00,0.00,0.00,0.00,0.00,0.00,0.00,0.00,0.00,0.00,0.00,0.00,0.00,0.00,0.00,0.00,0.00,0.00,0.00,0.00,0.00,0.00,0.00,0.00,0.00,0.00,0.00,0.00,0.00,0.00,0.00,0.00,0.00,0.00,0.00,0.00,0.00,0.00,0.00,0.00,0.00,0.00,0.00,0.00,0.00,0.00,0.00,0.00,0.00,0.00,0.00,0.00,0.00,0.00,0.00,0.00,0.00,0.00,0.00,0.00,0.00,0.00,0.00,0.00,0.00,0.00,0.00,0.00,0.00,0.00,0.00,0.00,0.00,0.00,0.00,0.00,0.00,0.00,0.00,0.00,0.00,0.00,0.00,0.00,0.00,0.00,0.00,0.00,0.00,0.00,0.00,0.00,0.00,0.00,0.00,0.00,0.00,0.00,0.00,0.00,0.00,0.00,0.00,0.00,0.00,0.00,0.00,0.00,0.00,0.00,0.00,0.00,0.00,0.00,0.00,0.00,0.00,0.00,0.00,0.00,0.00,0.00,0.00,0.00,0.00,0.00,0.00,0.00,0.00,0.00,0.00,0.00,0.00,0.00,0.00,0.00,0.00,0.00,0.00,0.00,0.00,0.00,0.00,0.00,0.00,0.00,0.00,0.00,0.00,0.00,0.00,0.00,0.00,0.00,0.00,0.00,0.00,0.00,0.00,0.00,0.00,0.00,0.00,0.00,0.00,0.00,0.00,0.00,0.00,0.00,0.00,0.00
1002,0.00,0.00,0.00,0.00,0.00,0.00,0.00,0.00,0.00,0.00,0.00,0.00,0.00,0.00,0.00,0.00,0.00,0.00,0.00,0.00,0.00,0.16,0.09,0.12,0.05,0.00,0.03,0.17,0.00,0.00,0.00,0.00,0.00,0.00,0.00,0.00,0.00,0.00,0.00,0.00,0.00,0.00,0.00,0.00,0.00,0.00,0.00,0.00,0.00,0.00,0.00,0.00,0.00,0.00,0.00,0.00,0.00,0.00,0.00,0.00,0.00,0.00,0.00,0.00,0.00,0.00,0.00,0.00,0.00,0.00,0.00,0.00,0.00,0.00,0.00,0.00,0.00,0.00,0.00,0.00,0.00,0.00,0.00,0.00,0.00,0.00,0.00,0.00,0.00,0.00,0.00,0.00,0.00,0.00,0.00,0.00,0.00,0.00,0.00,0.00,0.00,0.00,0.00,0.00,0.00,0.00,0.00,0.00,0.00,0.00,0.00,0.00,0.00,0.00,0.00,0.00,0.00,0.00,0.00,0.00,0.00,0.00,0.00,0.00,0.00,0.00,0.00,0.00,0.00,0.00,0.00,0.00,0.00,0.00,0.00,0.00,0.00,0.00,0.00,0.00,0.00,0.00,0.00,0.00,0.00,0.00,0.00,0.00,0.00,0.00,0.00,0.00,0.00,0.00,0.00,0.00,0.00,0.00,0.00,0.00,0.00,0.00,0.00,0.00,0.00,0.00,0.00,0.00,0.00,0.00,0.00,0.00,0.00,0.00
1005,0.00,0.00,0.00,0.00,0.00,0.00,0.00,0.00,0.00,0.00,0.00,0.00,0.00,0.00,0.00,0.00,0.00,0.00,0.00,0.00,0.00,0.03,0.03,0.04,0.02,0.00,0.01,0.05,0.00,0.00,0.00,0.00,0.00,0.00,0.00,0.00,0.00,0.00,0.00,0.00,0.00,0.00,0.00,0.00,0.00,0.00,0.00,0.00,0.00,0.00,0.00,0.00,0.00,0.00,0.00,0.00,0.00,0.00,0.00,0.00,0.00,0.00,0.00,0.00,0.00,0.00,0.00,0.00,0.00,0.00,0.00,0.00,0.00,0.00,0.00,0.00,0.00,0.00,0.00,0.00,0.00,0.00,0.00,0.00,0.00,0.00,0.00,0.00,0.00,0.00,0.00,0.00,0.00,0.00,0.00,0.00,0.00,0.00,0.00,0.00,0.00,0.00,0.00,0.00,0.00,0.00,0.00,0.00,0.00,0.00,0.00,0.00,0.00,0.00,0.00,0.00,0.00,0.00,0.00,0.00,0.00,0.00,0.00,0.00,0.00,0.00,0.00,0.00,0.00,0.00,0.00,0.00,0.00,0.00,0.00,0.00,0.00,0.00,0.00,0.00,0.00,0.00,0.00,0.00,0.00,0.00,0.00,0.00,0.00,0.00,0.00,0.00,0.00,0.00,0.00,0.00,0.00,0.00,0.00,0.00,0.00,0.00,0.00,0.00,0.00,0.00,0.00,0.00,0.00,0.00,0.00,0.00,0.00,0.00
1102,0.00,0.00,0.00,0.00,0.00,0.00,0.00,0.00,0.00,0.00,0.00,0.00,0.00,0.00,0.00,0.00,0.01,0.00,0.00,0.00,0.00,0.02,0.01,0.02,0.01,0.00,0.00,0.02,0.00,0.00,0.01,0.00,0.00,0.00,0.00,0.01,0.00,0.00,0.00,0.00,0.01,0.02,0.01,0.01,0.01,0.00,0.02,0.02,0.03,0.08,0.00,0.00,0.01,0.00,0.00,0.00,0.00,0.00,0.00,0.00,0.00,0.00,0.00,0.00,0.01,0.00,0.20,0.12,0.05,0.02,0.01,0.06,0.01,0.03,0.03,0.04,0.51,0.05,0.05,0.01,0.00,0.00,0.28,0.06,0.08,0.03,0.52,0.28,0.04,0.05,0.37,0.45,0.15,0.01,0.05,0.19,0.11,0.03,0.05,0.02,0.02,0.01,0.02,0.01,0.02,0.02,0.00,0.00,0.14,0.05,0.00,0.01,0.02,0.01,0.01,0.00,0.00,0.00,0.00,0.01,0.00,0.00,0.00,0.00,0.00,0.00,0.00,0.00,0.00,0.00,0.00,0.00,0.00,0.00,0.00,0.00,0.00,0.00,0.00,0.00,0.00,0.00,0.00,0.00,0.00,0.00,0.00,0.00,0.00,0.00,0.00,0.00,0.00,0.00,0.00,0.00,0.00,0.00,0.00,0.04,0.04,0.02,0.02,0.02,0.05,0.03,0.00,0.01,0.01,0.01,0.00,0.11,0.01,0.00
1201,0.00,0.00,0.00,0.00,0.00,0.00,0.00,0.00,0.00,0.00,0.00,0.00,0.00,0.00,0.00,0.00,0.00,0.00,0.00,0.00,0.00,0.00,0.00,0.00,0.00,0.00,0.00,0.00,0.00,0.00,0.00,0.00,0.00,0.00,0.00,0.00,0.00,0.00,0.00,0.00,0.00,0.00,0.00,0.00,0.00,0.00,0.00,0.00,0.00,0.00,0.00,0.00,0.00,0.00,0.00,0.00,0.00,0.00,0.00,0.00,0.00,0.00,0.00,0.00,0.00,0.00,0.00,0.00,0.00,0.00,0.00,0.00,0.00,0.00,0.00,0.00,0.00,0.00,0.00,0.00,0.00,0.00,0.03,0.01,0.01,0.00,0.05,0.03,0.00,0.00,0.03,0.05,0.01,0.01,0.03,0.05,0.03,0.01,0.01,0.01,0.00,0.00,0.01,0.00,0.01,0.01,0.00,0.00,0.04,0.01,0.00,0.00,0.01,0.00,0.00,0.00,0.00,0.00,0.00,0.00,0.00,0.00,0.00,0.00,0.00,0.00,0.00,0.00,0.00,0.00,0.00,0.00,0.00,0.00,0.00,0.00,0.00,0.00,0.00,0.00,0.00,0.00,0.00,0.00,0.00,0.00,0.00,0.00,0.00,0.00,0.00,0.00,0.00,0.00,0.00,0.00,0.00,0.00,0.00,0.00,0.01,0.00,0.00,0.00,0.01,0.00,0.00,0.00,0.00,0.00,0.00,0.01,0.00,0.00
1202,0.01,0.00,0.00,0.00,0.00,0.00,0.00,0.00,0.00,0.00,0.00,0.00,0.00,0.00,0.00,0.00,0.00,0.00,0.00,0.00,0.00,0.00,0.01,0.01,0.00,0.00,0.00,0.01,0.01,0.00,0.02,0.01,0.00,0.00,0.00,0.01,0.00,0.00,0.00,0.00,0.00,0.00,0.00,0.00,0.00,0.00,0.01,0.01,0.01,0.01,0.00,0.00,0.01,0.00,0.00,0.00,0.00,0.00,0.00,0.00,0.00,0.00,0.00,0.00,0.00,0.00,0.00,0.00,0.00,0.00,0.00,0.00,0.00,0.00,0.00,0.00,0.00,0.00,0.00,0.00,0.00,0.00,0.15,0.04,0.05,0.01,0.27,0.13,0.02,0.02,0.15,0.24,0.07,0.03,0.16,0.23,0.16,0.04,0.07,0.03,0.02,0.02,0.05,0.02,0.05,0.06,0.01,0.00,0.17,0.05,0.00,0.02,0.06,0.01,0.02,0.00,0.00,0.00,0.00,0.01,0.00,0.00,0.00,0.00,0.00,0.00,0.01,0.00,0.00,0.00,0.00,0.00,0.00,0.00,0.00,0.00,0.00,0.00,0.00,0.00,0.00,0.00,0.00,0.00,0.00,0.00,0.00,0.00,0.01,0.00,0.00,0.01,0.00,0.01,0.00,0.01,0.00,0.00,0.01,0.02,0.03,0.01,0.02,0.01,0.03,0.02,0.00,0.00,0.01,0.00,0.00,0.07,0.01,0.00
1203,0.09,0.05,0.03,0.02,0.04,0.00,0.04,0.04,0.01,0.01,0.00,0.00,0.01,0.01,0.00,0.01,0.05,0.01,0.00,0.01,0.01,0.09,0.09,0.15,0.05,0.00,0.01,0.09,0.08,0.04,0.21,0.07,0.04,0.04,0.01,0.13,0.02,0.00,0.00,0.00,0.02,0.04,0.01,0.04,0.03,0.01,0.09,0.15,0.22,0.00,0.00,0.01,0.15,0.00,0.00,0.00,0.00,0.00,0.01,0.00,0.00,0.01,0.06,0.00,0.00,0.00,0.00,0.00,0.00,0.00,0.00,0.00,0.00,0.00,0.00,0.00,0.00,0.00,0.00,0.00,0.00,0.00,2.32,0.61,0.78,0.23,4.25,1.99,0.34,0.33,3.10,3.68,1.11,0.49,2.48,4.82,3.50,0.72,1.52,0.65,0.50,0.40,0.96,0.38,1.23,1.05,0.09,0.04,3.09,0.84,0.00,0.42,0.92,0.21,0.32,0.02,0.00,0.00,0.00,0.21,0.03,0.00,0.00,0.00,0.01,0.01,0.09,0.00,0.01,0.01,0.02,0.00,0.00,0.00,0.01,0.01,0.01,0.03,0.03,0.14,0.05,0.07,0.02,0.03,0.02,0.05,0.07,0.05,0.07,0.03,0.03,0.08,0.01,0.08,0.07,0.08,0.03,0.00,0.13,0.40,0.57,0.22,0.30,0.21,0.56,0.42,0.00,0.09,0.12,0.08,0.06,1.46,0.12,0.05
1208,0.02,0.01,0.01,0.00,0.01,0.00,0.00,0.01,0.00,0.00,0.00,0.00,0.00,0.00,0.00,0.00,0.01,0.00,0.00,0.00,0.00,0.03,0.03,0.03,0.01,0.00,0.00,0.03,0.02,0.01,0.07,0.02,0.01,0.01,0.00,0.04,0.00,0.00,0.00,0.00,0.00,0.01,0.00,0.01,0.01,0.00,0.03,0.04,0.07,0.15,0.00,0.00,0.05,0.00,0.00,0.00,0.00,0.00,0.00,0.00,0.00,0.00,0.01,0.00,0.00,0.00,0.00,0.00,0.00,0.00,0.00,0.00,0.00,0.00,0.00,0.00,0.00,0.00,0.00,0.00,0.00,0.00,0.59,0.15,0.20,0.06,1.07,0.50,0.09,0.08,0.78,0.93,0.28,0.12,0.62,0.75,0.64,0.14,0.28,0.13,0.09,0.10,0.24,0.10,0.31,0.27,0.02,0.01,0.76,0.21,0.00,0.11,0.23,0.04,0.08,0.00,0.00,0.00,0.00,0.05,0.01,0.00,0.00,0.00,0.00,0.00,0.02,0.00,0.00,0.00,0.00,0.00,0.00,0.00,0.00,0.00,0.00,0.01,0.01,0.02,0.01,0.02,0.01,0.01,0.01,0.01,0.02,0.01,0.02,0.01,0.01,0.02,0.00,0.02,0.02,0.02,0.01,0.00,0.03,0.16,0.15,0.06,0.08,0.05,0.14,0.11,0.00,0.02,0.03,0.02,0.01,0.37,0.03,0.01
1209,0.02,0.01,0.00,0.00,0.01,0.00,0.00,0.01,0.00,0.00,0.00,0.00,0.00,0.00,0.00,0.00,0.01,0.00,0.00,0.00,0.00,0.01,0.02,0.02,0.01,0.00,0.00,0.02,0.01,0.01,0.04,0.01,0.01,0.01,0.00,0.02,0.00,0.00,0.00,0.00,0.00,0.01,0.00,0.01,0.01,0.00,0.02,0.02,0.04,0.08,0.00,0.00,0.03,0.00,0.00,0.00,0.00,0.00,0.00,0.00,0.00,0.00,0.01,0.00,0.00,0.00,0.00,0.00,0.00,0.00,0.00,0.00,0.00,0.00,0.00,0.00,0.00,0.00,0.00,0.00,0.00,0.00,0.37,0.10,0.13,0.04,0.68,0.31,0.06,0.05,0.49,0.58,0.17,0.08,0.38,0.57,0.40,0.09,0.18,0.08,0.06,0.06,0.15,0.06,0.20,0.18,0.02,0.01,0.45,0.12,0.00,0.07,0.15,0.02,0.05,0.00,0.00,0.00,0.00,0.03,0.00,0.00,0.00,0.00,0.00,0.00,0.02,0.00,0.00,0.00,0.00,0.00,0.00,0.00,0.00,0.00,0.00,0.01,0.01,0.01,0.00,0.01,0.00,0.01,0.00,0.01,0.01,0.01,0.01,0.01,0.01,0.01,0.00,0.01,0.01,0.01,0.01,0.00,0.02,0.09,0.10,0.04,0.05,0.03,0.09,0.07,0.00,0.02,0.02,0.01,0.01,0.24,0.02,0.01
1210,0.03,0.01,0.01,0.00,0.01,0.00,0.01,0.01,0.00,0.00,0.00,0.00,0.00,0.00,0.00,0.00,0.01,0.00,0.00,0.00,0.00,0.02,0.02,0.03,0.01,0.00,0.00,0.03,0.02,0.01,0.06,0.02,0.01,0.01,0.00,0.04,0.00,0.00,0.00,0.00,0.00,0.01,0.00,0.01,0.01,0.00,0.03,0.04,0.06,0.12,0.00,0.00,0.04,0.00,0.00,0.00,0.00,0.00,0.00,0.00,0.00,0.00,0.01,0.00,0.00,0.00,0.00,0.00,0.00,0.00,0.00,0.00,0.00,0.00,0.00,0.00,0.00,0.00,0.00,0.00,0.00,0.00,0.52,0.15,0.18,0.05,0.95,0.41,0.08,0.07,0.68,0.81,0.23,0.12,0.52,0.78,0.56,0.12,0.25,0.11,0.08,0.08,0.22,0.09,0.30,0.27,0.02,0.01,0.58,0.14,0.00,0.10,0.21,0.03,0.08,0.00,0.00,0.00,0.00,0.05,0.01,0.00,0.00,0.00,0.00,0.00,0.03,0.00,0.00,0.00,0.00,0.00,0.00,0.00,0.00,0.00,0.00,0.01,0.01,0.02,0.01,0.02,0.01,0.01,0.01,0.01,0.02,0.01,0.02,0.01,0.01,0.02,0.00,0.02,0.02,0.02,0.01,0.00,0.04,0.09,0.15,0.05,0.07,0.05,0.13,0.10,0.00,0.02,0.03,0.02,0.01,0.35,0.03,0.01
1211,0.01,0.00,0.00,0.00,0.00,0.00,0.00,0.00,0.00,0.00,0.00,0.00,0.00,0.00,0.00,0.00,0.01,0.00,0.00,0.00,0.00,0.01,0.01,0.02,0.01,0.00,0.00,0.02,0.01,0.01,0.03,0.01,0.01,0.01,0.00,0.02,0.00,0.00,0.00,0.00,0.00,0.01,0.00,0.01,0.01,0.00,0.02,0.02,0.03,0.08,0.00,0.00,0.02,0.00,0.00,0.00,0.00,0.00,0.00,0.00,0.00,0.00,0.00,0.00,0.00,0.00,0.00,0.00,0.00,0.00,0.00,0.00,0.00,0.00,0.00,0.00,0.00,0.00,0.00,0.00,0.00,0.00,0.32,0.09,0.11,0.03,0.59,0.24,0.06,0.04,0.43,0.50,0.14,0.07,0.30,0.47,0.34,0.07,0.15,0.06,0.05,0.04,0.09,0.05,0.14,0.10,0.01,0.00,0.19,0.05,0.00,0.03,0.10,0.02,0.02,0.00,0.00,0.00,0.00,0.03,0.00,0.00,0.00,0.00,0.00,0.00,0.02,0.00,0.00,0.00,0.00,0.00,0.00,0.00,0.00,0.00,0.00,0.01,0.01,0.01,0.00,0.02,0.00,0.01,0.00,0.01,0.01,0.01,0.01,0.01,0.01,0.01,0.00,0.01,0.01,0.01,0.00,0.00,0.02,0.04,0.03,0.01,0.01,0.01,0.01,0.01,0.00,0.00,0.01,0.01,0.00,0.05,0.01,0.00
1212,0.05,0.02,0.01,0.01,0.02,0.00,0.01,0.02,0.00,0.01,0.00,0.00,0.01,0.01,0.00,0.01,0.04,0.01,0.00,0.01,0.01,0.08,0.08,0.10,0.03,0.00,0.01,0.09,0.07,0.04,0.18,0.06,0.04,0.03,0.01,0.13,0.02,0.00,0.00,0.00,0.01,0.04,0.01,0.04,0.04,0.01,0.09,0.15,0.21,0.35,0.00,0.00,0.09,0.00,0.00,0.00,0.00,0.00,0.01,0.00,0.00,0.00,0.01,0.00,0.00,0.00,0.00,0.00,0.00,0.00,0.00,0.00,0.00,0.00,0.00,0.00,0.00,0.00,0.00,0.00,0.00,0.00,1.26,0.34,0.43,0.13,2.33,1.05,0.19,0.18,1.72,2.01,0.59,0.27,1.31,1.77,1.37,0.29,0.60,0.27,0.20,0.19,0.40,0.18,0.43,0.42,0.03,0.01,1.03,0.27,0.00,0.13,0.41,0.08,0.11,0.01,0.00,0.00,0.00,0.11,0.01,0.00,0.00,0.00,0.01,0.01,0.05,0.00,0.00,0.01,0.01,0.00,0.00,0.00,0.01,0.00,0.01,0.02,0.02,0.03,0.01,0.04,0.01,0.01,0.01,0.03,0.04,0.03,0.05,0.02,0.02,0.05,0.01,0.05,0.04,0.05,0.02,0.00,0.08,0.17,0.14,0.05,0.06,0.03,0.08,0.07,0.00,0.02,0.03,0.03,0.01,0.27,0.04,0.01
1215,0.00,0.00,0.00,0.00,0.00,0.00,0.00,0.00,0.00,0.00,0.00,0.00,0.00,0.00,0.00,0.00,0.00,0.00,0.00,0.00,0.00,0.00,0.00,0.00,0.00,0.00,0.00,0.00,0.00,0.00,0.00,0.00,0.00,0.00,0.00,0.00,0.00,0.00,0.00,0.00,0.00,0.00,0.00,0.00,0.00,0.00,0.00,0.00,0.00,0.00,0.00,0.00,0.00,0.00,0.00,0.00,0.00,0.00,0.00,0.00,0.00,0.00,0.00,0.00,0.00,0.00,0.00,0.00,0.00,0.00,0.00,0.00,0.00,0.00,0.00,0.00,0.00,0.00,0.00,0.00,0.00,0.00,0.00,0.00,0.00,0.00,0.00,0.00,0.00,0.00,0.00,0.00,0.00,0.00,0.00,0.00,0.00,0.00,0.00,0.00,0.00,0.00,0.00,0.00,0.00,0.00,0.00,0.00,0.00,0.00,0.00,0.00,0.00,0.00,0.00,0.00,0.00,0.00,0.00,0.00,0.00,0.00,0.00,0.00,0.00,0.00,0.00,0.00,0.00,0.00,0.00,0.00,0.00,0.00,0.00,0.00,0.00,0.00,0.00,0.00,0.00,0.00,0.00,0.00,0.00,0.00,0.00,0.00,0.00,0.00,0.00,0.00,0.00,0.00,0.00,0.00,0.00,0.00,0.00,0.00,0.00,0.00,0.00,0.00,0.00,0.00,0.00,0.00,0.00,0.00,0.00,0.00,0.00,0.00
1216,0.04,0.02,0.02,0.01,0.02,0.00,0.01,0.03,0.01,0.00,0.00,0.00,0.01,0.00,0.00,0.00,0.05,0.01,0.00,0.01,0.00,0.07,0.08,0.09,0.03,0.00,0.01,0.08,0.06,0.03,0.17,0.05,0.04,0.03,0.01,0.11,0.01,0.00,0.00,0.00,0.02,0.04,0.01,0.03,0.03,0.01,0.08,0.12,0.18,0.31,0.00,0.00,0.13,0.00,0.00,0.00,0.00,0.00,0.01,0.00,0.00,0.00,0.01,0.00,0.00,0.00,0.00,0.00,0.00,0.00,0.00,0.00,0.00,0.00,0.00,0.00,0.00,0.00,0.00,0.00,0.00,0.00,0.61,0.17,0.21,0.06,1.13,0.47,0.09,0.00,0.00,0.97,0.27,0.13,0.61,0.94,0.66,0.14,0.29,0.12,0.09,0.08,0.18,0.09,0.27,0.22,0.02,0.02,1.25,0.56,0.00,0.09,0.31,0.04,0.06,0.01,0.00,0.00,0.00,0.00,0.01,0.00,0.00,0.00,0.01,0.00,0.04,0.00,0.00,0.01,0.01,0.00,0.00,0.00,0.00,0.00,0.01,0.02,0.02,0.03,0.01,0.03,0.01,0.01,0.01,0.02,0.04,0.03,0.04,0.01,0.01,0.04,0.01,0.04,0.04,0.04,0.02,0.00,0.06,0.13,0.13,0.03,0.06,0.02,0.06,0.05,0.00,0.02,0.03,0.02,0.01,0.20,0.03,0.01
1217,0.01,0.01,0.01,0.00,0.01,0.00,0.00,0.01,0.00,0.00,0.00,0.00,0.00,0.00,0.00,0.00,0.01,0.00,0.00,0.00,0.00,0.02,0.03,0.03,0.01,0.00,0.00,0.03,0.02,0.01,0.06,0.02,0.01,0.01,0.00,0.04,0.00,0.00,0.00,0.00,0.00,0.01,0.00,0.01,0.01,0.00,0.03,0.04,0.06,0.11,0.00,0.00,0.04,0.00,0.00,0.00,0.00,0.00,0.00,0.00,0.00,0.00,0.00,0.00,0.00,0.00,0.00,0.00,0.00,0.00,0.00,0.00,0.00,0.00,0.00,0.00,0.00,0.00,0.00,0.00,0.00,0.00,0.26,0.07,0.09,0.03,0.47,0.21,0.04,0.00,0.00,0.41,0.12,0.06,0.26,0.39,0.28,0.06,0.12,0.05,0.04,0.04,0.08,0.04,0.08,0.09,0.01,0.01,0.60,0.20,0.00,0.04,0.13,0.02,0.02,0.00,0.00,0.00,0.00,0.00,0.00,0.00,0.00,0.00,0.00,0.00,0.01,0.00,0.00,0.00,0.00,0.00,0.00,0.00,0.00,0.00,0.00,0.01,0.01,0.01,0.00,0.01,0.00,0.00,0.00,0.01,0.01,0.01,0.01,0.00,0.00,0.01,0.00,0.01,0.01,0.01,0.01,0.00,0.02,0.06,0.08,0.02,0.03,0.01,0.04,0.03,0.00,0.01,0.01,0.01,0.00,0.11,0.01,0.00
1218,0.03,0.01,0.01,0.00,0.01,0.00,0.01,0.01,0.00,0.00,0.00,0.00,0.00,0.00,0.00,0.00,0.03,0.00,0.00,0.00,0.00,0.05,0.05,0.06,0.02,0.00,0.01,0.06,0.04,0.02,0.12,0.04,0.03,0.02,0.00,0.08,0.01,0.00,0.00,0.00,0.01,0.03,0.01,0.02,0.02,0.00,0.06,0.09,0.14,0.22,0.00,0.00,0.06,0.00,0.00,0.00,0.00,0.00,0.00,0.00,0.00,0.00,0.00,0.00,0.00,0.00,0.00,0.00,0.00,0.00,0.00,0.00,0.00,0.00,0.00,0.00,0.00,0.00,0.00,0.00,0.00,0.00,0.64,0.17,0.22,0.06,1.18,0.54,0.10,0.09,0.87,1.02,0.30,0.14,0.68,1.18,1.02,0.20,0.43,0.18,0.14,0.10,0.17,0.08,0.17,0.20,0.02,0.01,0.56,0.14,0.00,0.07,0.21,0.06,0.05,0.00,0.00,0.00,0.00,0.05,0.01,0.00,0.00,0.00,0.00,0.00,0.03,0.00,0.00,0.00,0.00,0.00,0.00,0.00,0.00,0.00,0.00,0.01,0.01,0.02,0.01,0.02,0.01,0.01,0.00,0.01,0.02,0.02,0.03,0.01,0.01,0.03,0.00,0.03,0.02,0.02,0.01,0.00,0.04,0.09,0.07,0.02,0.03,0.02,0.04,0.03,0.00,0.01,0.01,0.01,0.01,0.14,0.02,0.01
1219,0.34,0.12,0.07,0.05,0.13,0.00,0.07,0.12,0.02,0.03,0.00,0.01,0.04,0.03,0.02,0.03,0.27,0.03,0.02,0.04,0.03,0.48,0.49,0.59,0.20,0.02,0.07,0.53,0.43,0.23,1.08,0.34,0.24,0.20,0.04,0.78,0.09,0.02,0.00,0.01,0.09,0.21,0.05,0.20,0.18,0.03,0.56,0.82,1.21,2.33,0.00,0.03,0.66,0.00,0.00,0.00,0.00,0.00,0.04,0.00,0.00,0.03,0.06,0.00,0.00,0.00,0.00,0.00,0.00,0.00,0.00,0.00,0.00,0.00,0.00,0.00,0.00,0.00,0.00,0.00,0.00,0.00,7.35,2.00,2.50,0.75,13.57,6.03,1.13,1.02,9.99,11.69,3.43,1.60,7.69,12.42,9.76,2.06,4.37,1.82,1.45,1.10,2.19,1.01,2.18,2.44,0.18,0.07,5.78,1.50,0.01,0.72,2.35,0.64,0.60,0.04,0.00,0.00,0.00,0.66,0.06,0.00,0.00,0.01,0.04,0.03,0.32,0.01,0.02,0.04,0.05,0.00,0.00,0.00,0.03,0.03,0.05,0.11,0.11,0.20,0.06,0.27,0.09,0.07,0.05,0.17,0.26,0.19,0.29,0.13,0.12,0.32,0.05,0.30,0.26,0.30,0.14,0.01,0.47,1.00,0.81,0.26,0.33,0.18,0.44,0.37,0.00,0.12,0.15,0.15,0.06,1.50,0.21,0.06
1220,0.00,0.00,0.00,0.00,0.00,0.00,0.00,0.00,0.00,0.00,0.00,0.00,0.00,0.00,0.00,0.00,0.00,0.00,0.00,0.00,0.00,0.00,0.00,0.00,0.00,0.00,0.00,0.00,0.00,0.00,0.00,0.00,0.00,0.00,0.00,0.00,0.00,0.00,0.00,0.00,0.00,0.00,0.00,0.00,0.00,0.00,0.00,0.00,0.00,0.01,0.00,0.00,0.00,0.00,0.00,0.00,0.00,0.00,0.00,0.00,0.00,0.00,0.00,0.00,0.00,0.00,0.00,0.00,0.00,0.00,0.00,0.00,0.00,0.00,0.00,0.00,0.00,0.00,0.00,0.00,0.00,0.00,0.02,0.01,0.01,0.00,0.03,0.01,0.00,0.00,0.02,0.03,0.01,0.00,0.02,0.03,0.02,0.00,0.01,0.00,0.00,0.00,0.01,0.00,0.01,0.01,0.00,0.00,0.01,0.00,0.00,0.00,0.01,0.00,0.00,0.00,0.00,0.00,0.00,0.00,0.00,0.00,0.00,0.00,0.00,0.00,0.00,0.00,0.00,0.00,0.00,0.00,0.00,0.00,0.00,0.00,0.00,0.00,0.00,0.00,0.00,0.00,0.00,0.00,0.00,0.00,0.00,0.00,0.00,0.00,0.00,0.00,0.00,0.00,0.00,0.00,0.00,0.00,0.00,0.00,0.00,0.00,0.00,0.00,0.00,0.00,0.00,0.00,0.00,0.00,0.00,0.00,0.00,0.00
1221,0.01,0.00,0.00,0.00,0.00,0.00,0.00,0.00,0.00,0.00,0.00,0.00,0.00,0.00,0.00,0.00,0.01,0.00,0.00,0.00,0.00,0.01,0.01,0.02,0.01,0.00,0.00,0.02,0.01,0.01,0.03,0.01,0.01,0.01,0.00,0.02,0.00,0.00,0.00,0.00,0.00,0.01,0.00,0.01,0.01,0.00,0.02,0.02,0.03,0.07,0.00,0.00,0.02,0.00,0.00,0.00,0.00,0.00,0.00,0.00,0.00,0.00,0.00,0.00,0.00,0.00,0.00,0.00,0.00,0.00,0.00,0.00,0.00,0.00,0.00,0.00,0.00,0.00,0.00,0.00,0.00,0.00,0.25,0.07,0.09,0.03,0.46,0.19,0.04,0.03,0.33,0.39,0.11,0.06,0.24,0.37,0.27,0.05,0.12,0.05,0.04,0.03,0.07,0.04,0.11,0.08,0.01,0.00,0.15,0.04,0.00,0.02,0.07,0.02,0.02,0.00,0.00,0.00,0.00,0.02,0.00,0.00,0.00,0.00,0.00,0.00,0.01,0.00,0.00,0.00,0.00,0.00,0.00,0.00,0.00,0.00,0.00,0.00,0.00,0.01,0.00,0.01,0.00,0.00,0.00,0.01,0.01,0.01,0.01,0.01,0.01,0.01,0.00,0.01,0.01,0.01,0.00,0.00,0.02,0.03,0.02,0.01,0.01,0.00,0.01,0.01,0.00,0.00,0.00,0.00,0.00,0.04,0.01,0.00
1222,0.00,0.00,0.00,0.00,0.00,0.00,0.00,0.00,0.00,0.00,0.00,0.00,0.00,0.00,0.00,0.00,0.02,0.00,0.00,0.00,0.00,0.01,0.02,0.01,0.00,0.00,0.00,0.01,0.01,0.01,0.03,0.01,0.01,0.01,0.00,0.02,0.00,0.00,0.00,0.00,0.00,0.01,0.00,0.01,0.00,0.00,0.01,0.02,0.02,0.03,0.00,0.00,0.01,0.00,0.00,0.00,0.00,0.00,0.00,0.00,0.00,0.00,0.00,0.00,0.00,0.00,0.00,0.00,0.00,0.00,0.00,0.00,0.00,0.00,0.00,0.00,0.00,0.00,0.00,0.00,0.00,0.00,0.14,0.03,0.05,0.01,0.27,0.15,0.02,0.03,0.20,0.23,0.08,0.03,0.18,0.24,0.16,0.04,0.07,0.04,0.02,0.03,0.06,0.02,0.06,0.05,0.01,0.01,0.45,0.15,0.00,0.03,0.06,0.01,0.02,0.00,0.00,0.00,0.00,0.01,0.00,0.00,0.00,0.00,0.00,0.00,0.00,0.00,0.00,0.00,0.00,0.00,0.00,0.00,0.00,0.00,0.00,0.00,0.00,0.00,0.00,0.00,0.00,0.00,0.00,0.00,0.00,0.00,0.00,0.00,0.00,0.00,0.00,0.00,0.00,0.00,0.00,0.00,0.01,0.03,0.03,0.01,0.02,0.01,0.03,0.02,0.00,0.00,0.01,0.00,0.00,0.08,0.01,0.00
1224,0.00,0.00,0.00,0.00,0.00,0.00,0.00,0.00,0.00,0.00,0.00,0.00,0.00,0.00,0.00,0.00,0.00,0.00,0.00,0.00,0.00,0.00,0.00,0.00,0.00,0.00,0.00,0.00,0.00,0.00,0.00,0.00,0.00,0.00,0.00,0.00,0.00,0.00,0.00,0.00,0.00,0.00,0.00,0.00,0.00,0.00,0.00,0.00,0.00,0.00,0.00,0.00,0.00,0.00,0.00,0.00,0.00,0.00,0.00,0.00,0.00,0.00,0.00,0.00,0.00,0.00,0.00,0.00,0.00,0.00,0.00,0.00,0.00,0.00,0.00,0.00,0.00,0.00,0.00,0.00,0.00,0.00,0.00,0.00,0.00,0.00,0.00,0.00,0.00,0.00,0.00,0.00,0.00,0.00,0.00,0.00,0.00,0.00,0.00,0.00,0.00,0.00,0.00,0.00,0.00,0.00,0.00,0.00,0.00,0.00,0.00,0.00,0.00,0.00,0.00,0.00,0.00,0.00,0.00,0.00,0.00,0.00,0.00,0.00,0.00,0.00,0.00,0.00,0.00,0.00,0.00,0.00,0.00,0.00,0.00,0.00,0.00,0.00,0.00,0.00,0.00,0.00,0.00,0.00,0.00,0.00,0.00,0.00,0.00,0.00,0.00,0.00,0.00,0.00,0.00,0.00,0.00,0.00,0.00,0.00,0.00,0.00,0.00,0.00,0.00,0.00,0.00,0.00,0.00,0.00,0.00,0.00,0.00,0.00
1225,0.00,0.00,0.00,0.00,0.00,0.00,0.00,0.00,0.00,0.00,0.00,0.00,0.00,0.00,0.00,0.00,0.00,0.00,0.00,0.00,0.00,0.00,0.00,0.00,0.00,0.00,0.00,0.00,0.00,0.00,0.00,0.00,0.00,0.00,0.00,0.00,0.00,0.00,0.00,0.00,0.00,0.00,0.00,0.00,0.00,0.00,0.00,0.00,0.00,0.00,0.00,0.00,0.00,0.00,0.00,0.00,0.00,0.00,0.00,0.00,0.00,0.00,0.00,0.00,0.00,0.00,0.00,0.00,0.00,0.00,0.00,0.00,0.00,0.00,0.00,0.00,0.00,0.00,0.00,0.00,0.00,0.00,0.00,0.00,0.00,0.00,0.00,0.00,0.00,0.00,0.00,0.00,0.00,0.00,0.00,0.00,0.00,0.00,0.00,0.00,0.00,0.00,0.00,0.00,0.00,0.00,0.00,0.00,0.00,0.00,0.00,0.00,0.00,0.00,0.00,0.00,0.00,0.00,0.00,0.00,0.00,0.00,0.00,0.00,0.00,0.00,0.00,0.00,0.00,0.00,0.00,0.00,0.00,0.00,0.00,0.00,0.00,0.00,0.00,0.00,0.00,0.00,0.00,0.00,0.00,0.00,0.00,0.00,0.00,0.00,0.00,0.00,0.00,0.00,0.00,0.00,0.00,0.00,0.00,0.00,0.00,0.00,0.00,0.00,0.00,0.00,0.00,0.00,0.00,0.00,0.00,0.00,0.00,0.00
1302,0.03,0.04,0.03,0.02,0.02,0.00,0.02,0.02,0.00,0.02,0.00,0.01,0.04,0.03,0.01,0.02,0.22,0.02,0.01,0.04,0.03,0.61,0.66,0.71,0.25,0.02,0.09,0.67,0.08,0.04,0.22,0.07,0.05,0.04,0.01,0.15,0.02,0.00,0.00,0.00,0.18,0.32,0.10,0.16,0.20,0.06,0.41,0.09,0.13,0.21,0.00,0.00,0.08,0.00,0.00,0.00,0.00,0.00,0.01,0.00,0.00,0.00,0.00,0.00,0.18,0.10,3.91,2.18,1.01,0.31,0.21,0.96,0.10,0.38,0.40,0.42,4.74,1.05,0.67,0.29,0.00,0.03,0.00,0.00,0.00,0.70,12.22,6.65,1.31,0.85,9.80,13.66,2.90,0.70,4.71,6.65,4.20,1.02,2.23,0.86,0.73,0.50,1.05,0.47,1.21,1.23,0.10,0.08,8.65,3.46,0.01,0.53,1.79,0.25,0.33,0.04,0.00,0.00,0.00,0.59,0.05,0.00,0.00,0.01,0.04,0.02,0.20,0.01,0.02,0.05,0.04,0.00,0.00,0.00,0.02,0.01,0.03,0.08,0.08,0.13,0.05,0.17,0.06,0.07,0.05,0.10,0.20,0.13,0.23,0.07,0.06,0.19,0.04,0.20,0.19,0.18,0.13,0.01,0.05,0.62,0.55,0.19,0.28,0.15,0.38,0.31,0.00,0.09,0.12,0.09,0.05,1.19,0.14,0.05
1303,0.01,0.01,0.01,0.00,0.00,0.00,0.00,0.00,0.00,0.00,0.00,0.00,0.01,0.00,0.00,0.00,0.04,0.00,0.00,0.01,0.01,0.11,0.12,0.13,0.05,0.00,0.02,0.12,0.01,0.01,0.04,0.01,0.01,0.01,0.00,0.03,0.00,0.00,0.00,0.00,0.03,0.05,0.02,0.03,0.03,0.01,0.07,0.02,0.03,0.04,0.00,0.00,0.01,0.00,0.00,0.00,0.00,0.00,0.00,0.00,0.00,0.00,0.00,0.00,0.03,0.02,0.71,0.40,0.19,0.06,0.04,0.18,0.02,0.07,0.07,0.08,0.90,0.22,0.14,0.05,0.00,0.01,0.00,0.00,0.00,0.08,2.34,1.16,0.21,0.18,1.81,1.66,0.56,0.13,0.97,1.45,1.26,0.23,0.42,0.22,0.14,0.10,0.18,0.08,0.18,0.21,0.02,0.01,2.01,0.65,0.00,0.10,0.28,0.07,0.05,0.01,0.00,0.00,0.00,0.11,0.01,0.00,0.00,0.00,0.01,0.00,0.03,0.00,0.00,0.01,0.01,0.00,0.00,0.00,0.00,0.00,0.01,0.01,0.01,0.02,0.01,0.03,0.01,0.01,0.01,0.02,0.03,0.02,0.04,0.01,0.01,0.03,0.01,0.03,0.03,0.03,0.02,0.00,0.01,0.09,0.08,0.03,0.05,0.02,0.06,0.04,0.00,0.02,0.02,0.02,0.01,0.18,0.02,0.01
1304,0.01,0.01,0.01,0.01,0.00,0.00,0.01,0.01,0.00,0.01,0.00,0.00,0.01,0.01,0.00,0.01,0.05,0.01,0.00,0.01,0.01,0.16,0.17,0.18,0.06,0.01,0.02,0.17,0.02,0.01,0.06,0.02,0.01,0.01,0.00,0.04,0.00,0.00,0.00,0.00,0.04,0.08,0.02,0.04,0.05,0.01,0.10,0.02,0.03,0.05,0.00,0.00,0.02,0.00,0.00,0.00,0.00,0.00,0.00,0.00,0.00,0.00,0.00,0.00,0.04,0.02,0.99,0.55,0.26,0.08,0.05,0.25,0.03,0.10,0.10,0.11,1.23,0.28,0.18,0.07,0.00,0.01,0.00,0.00,0.00,0.15,3.34,1.72,0.32,0.23,2.50,3.34,0.76,0.16,1.13,1.76,1.21,0.26,0.70,0.17,0.18,0.12,0.26,0.11,0.29,0.29,0.02,0.02,2.19,0.85,0.00,0.13,0.32,0.08,0.07,0.01,0.00,0.00,0.00,0.15,0.01,0.00,0.00,0.00,0.01,0.01,0.05,0.00,0.00,0.01,0.01,0.00,0.00,0.00,0.01,0.00,0.01,0.02,0.02,0.03,0.01,0.04,0.01,0.02,0.01,0.02,0.05,0.03,0.05,0.02,0.02,0.05,0.01,0.05,0.05,0.04,0.03,0.00,0.01,0.11,0.09,0.03,0.05,0.02,0.05,0.04,0.00,0.02,0.02,0.02,0.01,0.17,0.03,0.01
1306,0.00,0.00,0.00,0.00,0.00,0.00,0.00,0.00,0.00,0.00,0.00,0.00,0.00,0.00,0.00,0.00,0.01,0.00,0.00,0.00,0.00,0.05,0.06,0.06,0.02,0.00,0.01,0.06,0.01,0.00,0.02,0.01,0.00,0.00,0.00,0.01,0.00,0.00,0.00,0.00,0.01,0.02,0.01,0.01,0.01,0.00,0.03,0.01,0.01,0.02,0.00,0.00,0.01,0.00,0.00,0.00,0.00,0.00,0.00,0.00,0.00,0.00,0.00,0.00,0.01,0.01,0.34,0.19,0.09,0.03,0.02,0.08,0.01,0.03,0.04,0.04,0.42,0.07,0.05,0.02,0.00,0.00,0.94,0.13,0.25,0.00,0.00,0.00,0.00,0.07,0.85,0.00,0.00,0.05,0.26,0.49,0.35,0.07,0.12,0.06,0.04,0.03,0.07,0.03,0.07,0.08,0.01,0.00,0.61,0.25,0.00,0.04,0.13,0.02,0.02,0.00,0.00,0.00,0.00,0.04,0.00,0.00,0.00,0.00,0.00,0.00,0.02,0.00,0.00,0.00,0.00,0.00,0.00,0.00,0.00,0.00,0.00,0.01,0.01,0.01,0.00,0.01,0.00,0.00,0.00,0.01,0.02,0.01,0.02,0.01,0.01,0.01,0.00,0.01,0.01,0.01,0.01,0.00,0.00,0.04,0.04,0.01,0.02,0.01,0.02,0.02,0.00,0.01,0.01,0.01,0.00,0.08,0.01,0.00
1307,0.02,0.01,0.01,0.00,0.01,0.00,0.00,0.01,0.00,0.01,0.00,0.00,0.02,0.01,0.01,0.01,0.09,0.01,0.01,0.01,0.01,0.30,0.32,0.35,0.12,0.01,0.04,0.33,0.04,0.02,0.11,0.03,0.02,0.02,0.00,0.07,0.01,0.00,0.00,0.00,0.07,0.10,0.04,0.08,0.08,0.03,0.20,0.04,0.06,0.11,0.00,0.00,0.04,0.00,0.00,0.00,0.00,0.00,0.00,0.00,0.00,0.00,0.00,0.00,0.07,0.04,1.92,1.07,0.49,0.15,0.10,0.47,0.07,0.18,0.20,0.20,2.29,0.38,0.26,0.15,0.00,0.00,3.29,0.77,1.32,0.00,0.00,0.00,0.00,0.36,4.78,0.00,0.00,0.33,1.66,2.52,1.81,0.38,0.79,0.34,0.26,0.24,0.51,0.23,0.53,0.61,0.05,0.03,3.57,1.68,0.01,0.26,0.90,0.11,0.15,0.02,0.00,0.00,0.00,0.24,0.03,0.00,0.00,0.00,0.02,0.01,0.10,0.00,0.01,0.02,0.02,0.00,0.00,0.00,0.01,0.01,0.02,0.04,0.04,0.07,0.02,0.09,0.03,0.03,0.02,0.05,0.10,0.07,0.11,0.04,0.03,0.10,0.02,0.10,0.10,0.09,0.06,0.00,0.03,0.31,0.27,0.09,0.14,0.07,0.18,0.15,0.00,0.05,0.06,0.05,0.02,0.58,0.07,0.02
1308,0.01,0.00,0.00,0.00,0.00,0.00,0.00,0.00,0.00,0.00,0.00,0.00,0.00,0.00,0.00,0.00,0.03,0.00,0.00,0.00,0.00,0.10,0.10,0.11,0.04,0.00,0.01,0.11,0.01,0.01,0.03,0.01,0.01,0.01,0.00,0.02,0.00,0.00,0.00,0.00,0.02,0.05,0.01,0.02,0.03,0.01,0.07,0.01,0.02,0.04,0.00,0.00,0.01,0.00,0.00,0.00,0.00,0.00,0.00,0.00,0.00,0.00,0.00,0.00,0.02,0.01,0.63,0.35,0.16,0.05,0.03,0.15,0.02,0.06,0.06,0.07,0.72,0.12,0.08,0.05,0.00,0.00,1.01,0.35,0.35,0.00,0.00,0.00,0.00,0.11,1.54,0.00,0.00,0.11,0.50,0.76,0.55,0.11,0.24,0.10,0.08,0.07,0.15,0.07,0.19,0.19,0.01,0.01,1.03,0.50,0.00,0.08,0.29,0.03,0.05,0.01,0.00,0.00,0.00,0.08,0.01,0.00,0.00,0.00,0.01,0.00,0.04,0.00,0.00,0.01,0.01,0.00,0.00,0.00,0.00,0.00,0.01,0.01,0.01,0.02,0.01,0.03,0.01,0.01,0.01,0.02,0.04,0.02,0.04,0.01,0.01,0.03,0.01,0.03,0.03,0.03,0.02,0.00,0.01,0.10,0.09,0.03,0.04,0.02,0.05,0.04,0.00,0.01,0.02,0.02,0.01,0.17,0.02,0.01
1309,0.00,0.00,0.00,0.00,0.00,0.00,0.00,0.00,0.00,0.00,0.00,0.00,0.00,0.00,0.00,0.00,0.01,0.00,0.00,0.00,0.00,0.05,0.05,0.06,0.02,0.00,0.01,0.05,0.01,0.00,0.02,0.01,0.00,0.00,0.00,0.01,0.00,0.00,0.00,0.00,0.01,0.02,0.01,0.01,0.01,0.00,0.03,0.01,0.01,0.03,0.00,0.00,0.01,0.00,0.00,0.00,0.00,0.00,0.00,0.00,0.00,0.00,0.00,0.00,0.01,0.01,0.31,0.23,0.10,0.03,0.02,0.08,0.01,0.03,0.03,0.03,0.38,0.08,0.05,0.02,0.00,0.00,0.66,0.15,0.21,0.00,0.00,0.00,0.00,0.09,0.78,0.00,0.00,0.06,0.35,0.51,0.35,0.08,0.15,0.08,0.05,0.06,0.10,0.04,0.10,0.11,0.01,0.01,0.88,0.33,0.00,0.05,0.13,0.02,0.03,0.00,0.00,0.00,0.00,0.04,0.00,0.00,0.00,0.00,0.00,0.00,0.01,0.00,0.00,0.00,0.00,0.00,0.00,0.00,0.00,0.00,0.00,0.01,0.01,0.01,0.00,0.01,0.00,0.00,0.00,0.01,0.02,0.01,0.02,0.01,0.00,0.01,0.00,0.01,0.01,0.01,0.01,0.00,0.00,0.05,0.04,0.01,0.02,0.01,0.03,0.02,0.00,0.01,0.01,0.01,0.00,0.09,0.01,0.00
1310,0.00,0.00,0.00,0.00,0.00,0.00,0.00,0.00,0.00,0.00,0.00,0.00,0.00,0.00,0.00,0.00,0.01,0.00,0.00,0.00,0.00,0.05,0.05,0.06,0.02,0.00,0.01,0.05,0.01,0.00,0.02,0.01,0.00,0.00,0.00,0.01,0.00,0.00,0.00,0.00,0.01,0.02,0.00,0.01,0.01,0.00,0.03,0.01,0.01,0.03,0.00,0.00,0.01,0.00,0.00,0.00,0.00,0.00,0.00,0.00,0.00,0.00,0.00,0.00,0.01,0.00,0.31,0.21,0.09,0.03,0.02,0.08,0.01,0.00,0.00,0.03,0.37,0.07,0.04,0.03,0.00,0.00,0.44,0.13,0.16,0.05,0.91,0.35,0.08,0.00,0.00,0.78,0.21,0.05,0.22,0.34,0.24,0.05,0.11,0.04,0.03,0.03,0.06,0.03,0.10,0.08,0.01,0.01,0.41,0.19,0.00,0.03,0.13,0.02,0.02,0.00,0.00,0.00,0.00,0.00,0.01,0.00,0.00,0.00,0.00,0.00,0.02,0.00,0.00,0.00,0.00,0.00,0.00,0.00,0.00,0.00,0.00,0.01,0.01,0.01,0.01,0.02,0.01,0.01,0.00,0.01,0.02,0.01,0.02,0.01,0.01,0.02,0.00,0.02,0.02,0.02,0.01,0.00,0.01,0.04,0.03,0.01,0.02,0.01,0.02,0.02,0.00,0.01,0.01,0.01,0.00,0.06,0.01,0.00
1311,0.04,0.02,0.02,0.01,0.02,0.00,0.01,0.03,0.01,0.02,0.00,0.00,0.02,0.01,0.01,0.01,0.16,0.02,0.01,0.02,0.01,0.78,0.89,0.94,0.33,0.03,0.11,0.86,0.10,0.06,0.29,0.09,0.06,0.05,0.01,0.19,0.02,0.01,0.00,0.00,0.11,0.25,0.06,0.20,0.17,0.04,0.52,0.11,0.16,0.27,0.00,0.00,0.11,0.00,0.00,0.00,0.00,0.00,0.01,0.00,0.00,0.00,0.00,0.00,0.10,0.05,4.96,2.76,1.28,0.39,0.28,1.29,0.14,0.00,0.00,0.55,6.41,1.08,0.75,0.37,0.00,0.04,7.57,2.12,2.60,0.78,13.97,6.00,1.21,0.00,0.00,12.01,3.46,0.85,3.81,5.77,4.15,0.87,1.82,0.77,0.59,0.54,1.16,0.54,1.39,1.40,0.11,0.09,7.99,3.66,0.01,0.59,1.83,0.25,0.36,0.04,0.00,0.00,0.00,0.00,0.07,0.00,0.00,0.01,0.05,0.03,0.26,0.01,0.02,0.06,0.04,0.00,0.00,0.00,0.03,0.02,0.04,0.11,0.10,0.16,0.06,0.21,0.07,0.08,0.06,0.12,0.26,0.16,0.29,0.09,0.08,0.24,0.05,0.24,0.24,0.22,0.16,0.01,0.07,0.60,0.51,0.16,0.28,0.12,0.29,0.25,0.00,0.11,0.13,0.10,0.05,1.00,0.16,0.05
1312,0.11,0.01,0.01,0.01,0.04,0.00,0.00,0.04,0.01,0.01,0.00,0.01,0.03,0.02,0.01,0.02,0.14,0.01,0.01,0.02,0.02,0.47,0.52,0.55,0.19,0.02,0.07,0.52,0.06,0.03,0.17,0.05,0.04,0.03,0.01,0.11,0.01,0.00,0.00,0.00,0.11,0.13,0.06,0.12,0.11,0.04,0.32,0.07,0.10,0.30,0.00,0.00,0.06,0.00,0.00,0.00,0.00,0.00,0.01,0.00,0.00,0.00,0.00,0.00,0.12,0.06,3.03,1.69,0.79,0.24,0.16,0.75,0.09,0.30,0.31,0.32,3.70,0.76,0.49,0.22,0.00,0.00,5.30,1.21,2.45,0.00,0.00,0.00,0.00,0.70,7.61,0.00,0.00,0.44,2.10,3.20,2.32,0.48,1.02,0.42,0.33,0.30,0.64,0.30,0.66,0.78,0.06,0.04,4.34,2.09,0.01,0.32,1.22,0.14,0.19,0.03,0.00,0.00,0.00,0.39,0.04,0.00,0.00,0.01,0.03,0.02,0.15,0.01,0.01,0.03,0.03,0.00,0.00,0.00,0.02,0.01,0.02,0.06,0.06,0.10,0.03,0.12,0.04,0.05,0.03,0.07,0.15,0.10,0.17,0.05,0.05,0.14,0.03,0.14,0.14,0.13,0.10,0.00,0.04,0.41,0.36,0.12,0.17,0.09,0.22,0.18,0.00,0.08,0.08,0.06,0.03,0.73,0.09,0.03
1313,0.01,0.00,0.00,0.00,0.00,0.00,0.00,0.00,0.00,0.00,0.00,0.00,0.00,0.00,0.00,0.00,0.02,0.00,0.00,0.00,0.00,0.07,0.08,0.09,0.03,0.00,0.01,0.08,0.01,0.01,0.03,0.01,0.01,0.00,0.00,0.02,0.00,0.00,0.00,0.00,0.02,0.04,0.01,0.02,0.02,0.01,0.05,0.01,0.01,0.03,0.00,0.00,0.01,0.00,0.00,0.00,0.00,0.00,0.00,0.00,0.00,0.00,0.00,0.00,0.02,0.01,0.48,0.27,0.12,0.04,0.02,0.11,0.02,0.04,0.05,0.05,0.53,0.09,0.06,0.04,0.00,0.00,1.36,0.52,0.49,0.00,0.00,0.00,0.00,0.08,1.16,0.00,0.00,0.09,0.41,0.75,0.50,0.11,0.24,0.10,0.08,0.07,0.15,0.07,0.18,0.18,0.01,0.01,1.04,0.47,0.00,0.08,0.28,0.03,0.05,0.01,0.00,0.00,0.00,0.06,0.01,0.00,0.00,0.00,0.01,0.01,0.03,0.00,0.00,0.01,0.01,0.00,0.00,0.00,0.01,0.01,0.00,0.01,0.01,0.02,0.01,0.03,0.01,0.01,0.01,0.01,0.07,0.02,0.03,0.01,0.01,0.03,0.01,0.03,0.03,0.03,0.02,0.00,0.01,0.09,0.08,0.03,0.04,0.02,0.05,0.04,0.00,0.01,0.02,0.01,0.01,0.17,0.02,0.01
1501,0.00,0.00,0.00,0.00,0.00,0.00,0.00,0.00,0.00,0.00,0.00,0.00,0.01,0.01,0.00,0.00,0.03,0.00,0.00,0.01,0.01,0.45,0.51,0.51,0.18,0.02,0.06,0.50,0.06,0.04,0.18,0.05,0.04,0.03,0.01,0.12,0.01,0.00,0.00,0.00,0.43,0.59,0.23,0.39,0.36,0.13,0.96,0.44,0.62,0.83,0.00,0.01,0.32,0.00,0.00,0.00,0.00,0.00,0.03,0.00,0.00,0.00,0.00,0.00,0.11,0.06,2.45,1.33,0.64,0.20,0.14,0.62,0.00,0.25,0.26,0.26,3.15,0.74,0.49,0.16,0.00,0.02,3.28,0.89,1.02,0.26,3.68,2.01,0.31,0.27,3.18,2.99,0.89,0.00,0.00,0.00,0.00,0.00,0.00,0.00,0.00,0.42,0.87,0.56,1.12,1.28,0.09,0.09,7.78,3.55,0.01,0.44,1.56,0.00,0.31,0.03,0.00,0.00,0.00,0.38,0.00,0.00,0.00,0.00,0.00,0.00,0.02,0.00,0.00,0.00,0.00,0.00,0.00,0.00,0.00,0.00,0.00,0.01,0.01,0.01,0.00,0.02,0.00,0.01,0.00,0.01,0.02,0.01,0.02,0.01,0.00,0.01,0.00,0.01,0.01,0.01,0.01,0.00,0.01,0.96,0.85,0.29,0.42,0.23,0.57,0.46,0.00,0.14,0.17,0.15,0.08,1.81,0.20,0.07
1502,0.00,0.00,0.00,0.00,0.00,0.00,0.00,0.00,0.00,0.00,0.00,0.00,0.00,0.00,0.00,0.00,0.01,0.00,0.00,0.00,0.00,0.21,0.23,0.24,0.08,0.01,0.03,0.23,0.03,0.02,0.08,0.02,0.02,0.01,0.00,0.05,0.01,0.00,0.00,0.00,0.16,0.20,0.08,0.18,0.13,0.05,0.54,0.14,0.20,0.33,0.00,0.00,0.13,0.00,0.00,0.00,0.00,0.00,0.01,0.00,0.00,0.00,0.00,0.00,0.04,0.02,0.92,0.50,0.24,0.07,0.05,0.22,0.00,0.09,0.09,0.10,1.07,0.22,0.14,0.08,0.00,0.01,0.79,0.21,0.24,0.07,1.26,0.70,0.12,0.08,1.15,1.05,0.30,0.00,0.00,0.00,0.00,0.00,0.00,0.00,0.00,0.15,0.40,0.16,0.60,0.41,0.03,0.04,3.42,1.46,0.01,0.17,0.67,0.00,0.10,0.01,0.00,0.00,0.00,0.11,0.00,0.00,0.00,0.00,0.00,0.00,0.01,0.00,0.00,0.00,0.00,0.00,0.00,0.00,0.00,0.00,0.00,0.00,0.00,0.01,0.00,0.01,0.00,0.00,0.00,0.00,0.01,0.00,0.01,0.00,0.00,0.01,0.00,0.01,0.01,0.01,0.00,0.00,0.00,0.40,0.35,0.11,0.17,0.09,0.21,0.17,0.00,0.06,0.07,0.06,0.03,0.70,0.08,0.03
1503,0.00,0.00,0.00,0.00,0.00,0.00,0.00,0.00,0.00,0.00,0.00,0.00,0.00,0.00,0.00,0.00,0.02,0.00,0.00,0.00,0.00,0.27,0.30,0.32,0.11,0.01,0.04,0.31,0.04,0.02,0.11,0.03,0.02,0.02,0.00,0.07,0.01,0.00,0.00,0.00,0.23,0.25,0.11,0.24,0.17,0.06,0.58,0.21,0.31,0.51,0.00,0.01,0.20,0.00,0.00,0.00,0.00,0.00,0.02,0.00,0.00,0.00,0.00,0.00,0.06,0.03,1.43,0.66,0.37,0.11,0.07,0.33,0.00,0.13,0.15,0.13,1.67,0.28,0.19,0.12,0.00,0.01,1.22,0.33,0.39,0.12,1.96,1.19,0.19,0.13,1.78,1.81,0.51,0.00,0.00,0.00,0.00,0.00,0.00,0.00,0.00,0.33,0.69,0.31,0.73,0.81,0.07,0.08,4.90,2.29,0.01,0.35,1.18,0.00,0.21,0.03,0.00,0.00,0.00,0.17,0.00,0.00,0.00,0.00,0.00,0.00,0.01,0.00,0.00,0.00,0.00,0.00,0.00,0.00,0.00,0.00,0.00,0.01,0.01,0.01,0.00,0.01,0.00,0.00,0.00,0.01,0.01,0.01,0.01,0.00,0.00,0.01,0.00,0.01,0.01,0.01,0.01,0.00,0.01,0.73,0.66,0.22,0.33,0.18,0.45,0.36,0.00,0.11,0.14,0.11,0.06,1.41,0.16,0.06
1504,0.00,0.00,0.00,0.00,0.00,0.00,0.00,0.00,0.00,0.00,0.00,0.00,0.00,0.00,0.00,0.00,0.02,0.00,0.00,0.00,0.00,0.29,0.32,0.33,0.12,0.01,0.04,0.32,0.04,0.02,0.11,0.03,0.02,0.02,0.00,0.08,0.01,0.00,0.00,0.00,0.28,0.50,0.15,0.25,0.30,0.09,0.63,0.24,0.35,0.55,0.00,0.01,0.21,0.00,0.00,0.00,0.00,0.00,0.02,0.00,0.00,0.00,0.00,0.00,0.07,0.04,1.58,1.15,0.51,0.13,0.08,0.39,0.00,0.18,0.20,0.17,1.94,0.41,0.27,0.12,0.00,0.01,1.53,0.61,0.57,0.13,2.80,1.75,0.30,0.18,2.01,2.62,0.74,0.00,0.00,0.00,0.00,0.00,0.00,0.00,0.00,0.38,1.03,0.34,1.21,0.88,0.07,0.09,5.59,2.56,0.01,0.38,1.20,0.00,0.24,0.03,0.00,0.00,0.00,0.19,0.00,0.00,0.00,0.00,0.00,0.00,0.05,0.00,0.00,0.00,0.00,0.00,0.00,0.00,0.00,0.00,0.00,0.01,0.00,0.01,0.00,0.03,0.01,0.00,0.00,0.01,0.01,0.01,0.01,0.00,0.00,0.01,0.00,0.01,0.01,0.01,0.01,0.00,0.01,1.22,1.02,0.32,0.36,0.24,0.49,0.39,0.00,0.12,0.16,0.12,0.09,1.51,0.17,0.06
1505,0.01,0.00,0.00,0.00,0.00,0.00,0.00,0.00,0.00,0.00,0.00,0.00,0.01,0.01,0.00,0.00,0.04,0.00,0.00,0.01,0.01,0.50,0.54,0.60,0.21,0.02,0.07,0.56,0.07,0.04,0.20,0.06,0.04,0.04,0.01,0.14,0.02,0.00,0.00,0.00,0.49,0.70,0.26,0.43,0.45,0.15,1.14,0.55,0.79,1.01,0.00,0.01,0.43,0.00,0.00,0.00,0.00,0.00,0.04,0.00,0.00,0.00,0.00,0.00,0.12,0.07,2.80,1.95,0.86,0.21,0.14,0.67,0.00,0.30,0.35,0.30,3.25,0.65,0.41,0.23,0.00,0.02,3.13,0.95,1.01,0.23,4.48,2.83,0.50,0.27,3.49,4.22,1.17,0.00,0.00,0.00,0.00,0.00,0.00,0.00,0.00,0.52,1.19,0.54,1.14,1.40,0.11,0.12,7.80,3.75,0.01,0.58,1.99,0.00,0.36,0.04,0.00,0.00,0.00,0.33,0.01,0.00,0.00,0.00,0.00,0.00,0.08,0.00,0.00,0.01,0.00,0.00,0.00,0.00,0.00,0.00,0.00,0.01,0.01,0.02,0.01,0.08,0.02,0.01,0.01,0.01,0.02,0.01,0.02,0.01,0.01,0.02,0.00,0.02,0.02,0.02,0.01,0.00,0.01,1.68,1.31,0.39,0.57,0.28,0.60,0.50,0.00,0.20,0.26,0.20,0.12,2.01,0.30,0.09
1506,0.01,0.00,0.00,0.00,0.00,0.00,0.00,0.00,0.00,0.01,0.00,0.00,0.01,0.01,0.00,0.01,0.05,0.01,0.00,0.01,0.01,0.69,0.75,0.80,0.28,0.03,0.10,0.77,0.10,0.06,0.27,0.08,0.06,0.05,0.01,0.18,0.02,0.01,0.00,0.00,0.67,1.30,0.35,0.59,0.73,0.23,1.51,0.58,0.84,1.32,0.00,0.02,0.51,0.00,0.00,0.00,0.00,0.00,0.05,0.00,0.00,0.00,0.00,0.00,0.17,0.09,3.78,2.74,1.22,0.30,0.20,0.93,0.00,0.44,0.49,0.40,4.61,0.98,0.64,0.28,0.00,0.03,6.16,1.21,1.83,0.27,6.55,4.18,0.67,0.42,4.80,6.16,1.78,0.00,0.00,0.00,0.00,0.00,0.00,0.00,0.00,0.90,2.16,0.83,2.11,2.16,0.18,0.15,13.94,6.35,0.02,0.95,2.39,0.00,0.59,0.05,0.00,0.00,0.00,0.45,0.01,0.00,0.00,0.00,0.01,0.00,0.12,0.00,0.00,0.01,0.01,0.00,0.00,0.00,0.00,0.00,0.00,0.01,0.01,0.02,0.01,0.08,0.03,0.01,0.01,0.02,0.03,0.02,0.03,0.01,0.01,0.03,0.00,0.03,0.02,0.02,0.02,0.00,0.02,2.05,1.60,0.48,0.69,0.35,0.74,0.62,0.00,0.29,0.32,0.24,0.19,2.47,0.41,0.11
1507,0.00,0.00,0.00,0.00,0.00,0.00,0.00,0.00,0.00,0.00,0.00,0.00,0.00,0.00,0.00,0.00,0.02,0.00,0.00,0.00,0.00,0.22,0.23,0.27,0.09,0.01,0.03,0.25,0.03,0.02,0.09,0.03,0.02,0.02,0.00,0.06,0.01,0.00,0.00,0.00,0.22,0.44,0.11,0.19,0.25,0.07,0.51,0.18,0.26,0.45,0.00,0.01,0.18,0.00,0.00,0.00,0.00,0.00,0.02,0.00,0.00,0.00,0.00,0.00,0.05,0.03,1.24,0.84,0.37,0.09,0.06,0.29,0.00,0.12,0.15,0.13,1.40,0.27,0.17,0.11,0.00,0.01,1.19,0.41,0.30,0.10,1.91,1.19,0.22,0.11,1.52,1.80,0.49,0.00,0.00,0.00,0.00,0.00,0.00,0.00,0.00,0.28,0.74,0.28,0.86,0.72,0.06,0.05,4.14,1.97,0.01,0.30,0.96,0.00,0.19,0.02,0.00,0.00,0.00,0.14,0.00,0.00,0.00,0.00,0.00,0.00,0.04,0.00,0.00,0.00,0.00,0.00,0.00,0.00,0.00,0.00,0.00,0.00,0.00,0.01,0.00,0.03,0.01,0.00,0.00,0.01,0.01,0.01,0.01,0.00,0.00,0.01,0.00,0.01,0.01,0.01,0.01,0.00,0.01,0.80,0.63,0.19,0.28,0.14,0.29,0.24,0.00,0.10,0.13,0.10,0.07,0.98,0.15,0.04
1508,0.00,0.00,0.00,0.00,0.00,0.00,0.00,0.00,0.00,0.00,0.00,0.00,0.00,0.00,0.00,0.00,0.01,0.00,0.00,0.00,0.00,0.09,0.10,0.10,0.04,0.00,0.01,0.10,0.01,0.01,0.03,0.01,0.01,0.01,0.00,0.02,0.00,0.00,0.00,0.00,0.09,0.16,0.04,0.08,0.09,0.03,0.19,0.11,0.15,0.17,0.00,0.00,0.07,0.00,0.00,0.00,0.00,0.00,0.01,0.00,0.00,0.00,0.00,0.00,0.02,0.01,0.49,0.34,0.15,0.04,0.03,0.12,0.00,0.05,0.06,0.05,0.58,0.12,0.08,0.04,0.00,0.00,0.58,0.15,0.19,0.04,0.84,0.52,0.09,0.05,0.61,0.78,0.22,0.00,0.00,0.00,0.00,0.00,0.00,0.00,0.00,0.09,0.23,0.09,0.23,0.24,0.02,0.01,1.36,0.65,0.00,0.10,0.26,0.00,0.06,0.01,0.00,0.00,0.00,0.06,0.00,0.00,0.00,0.00,0.00,0.00,0.01,0.00,0.00,0.00,0.00,0.00,0.00,0.00,0.00,0.00,0.00,0.00,0.00,0.00,0.00,0.02,0.00,0.00,0.00,0.00,0.00,0.00,0.00,0.00,0.00,0.00,0.00,0.00,0.00,0.00,0.00,0.00,0.00,0.18,0.14,0.04,0.07,0.03,0.06,0.05,0.00,0.03,0.03,0.03,0.02,0.23,0.05,0.01
1510,0.01,0.00,0.00,0.00,0.00,0.00,0.00,0.00,0.00,0.01,0.00,0.00,0.01,0.01,0.00,0.01,0.07,0.01,0.00,0.01,0.01,0.71,0.84,0.97,0.33,0.03,0.11,0.80,0.11,0.07,0.31,0.10,0.07,0.06,0.01,0.20,0.02,0.01,0.00,0.00,0.75,1.54,0.37,0.61,0.86,0.24,1.69,0.91,1.32,1.51,0.00,0.02,0.71,0.00,0.00,0.00,0.00,0.00,0.06,0.00,0.00,0.00,0.00,0.00,0.21,0.11,4.03,2.25,1.01,0.29,0.18,0.92,0.17,0.34,0.40,0.42,4.33,0.72,0.46,0.40,0.01,0.03,4.08,1.26,1.29,0.39,5.10,3.49,0.70,0.34,4.83,4.75,1.43,1.38,6.73,8.70,7.52,1.19,3.19,1.40,0.79,0.00,2.25,1.53,2.50,3.85,0.24,0.16,18.05,7.96,0.03,1.22,3.12,0.44,0.84,0.07,0.00,0.00,0.00,0.46,0.01,0.00,0.00,0.00,0.01,0.00,0.04,0.00,0.00,0.01,0.01,0.00,0.00,0.00,0.01,0.00,0.01,0.02,0.02,0.03,0.01,0.04,0.01,0.01,0.01,0.02,0.04,0.02,0.04,0.01,0.01,0.04,0.01,0.04,0.04,0.04,0.02,0.00,0.02,2.19,1.84,0.47,0.84,0.34,0.82,0.69,0.00,0.39,0.40,0.31,0.18,2.84,0.56,0.14
1511,0.01,0.00,0.00,0.00,0.01,0.00,0.00,0.01,0.00,0.01,0.00,0.00,0.01,0.01,0.00,0.01,0.08,0.01,0.00,0.01,0.01,1.12,1.32,1.35,0.48,0.05,0.17,1.24,0.16,0.09,0.47,0.14,0.10,0.09,0.02,0.29,0.04,0.01,0.00,0.01,0.90,1.88,0.51,0.96,1.13,0.33,2.41,1.06,1.51,2.10,0.00,0.03,0.82,0.00,0.00,0.00,0.00,0.00,0.08,0.00,0.00,0.00,0.00,0.00,0.25,0.14,6.05,3.37,1.57,0.48,0.23,1.14,0.21,0.43,0.47,0.41,5.46,0.79,0.66,0.44,0.01,0.04,4.06,1.06,1.28,0.34,6.41,3.89,0.79,0.47,5.92,5.93,1.65,1.37,8.87,11.53,9.82,1.58,4.12,1.85,1.04,1.39,0.00,0.00,0.00,4.36,0.26,0.18,28.21,11.35,0.04,1.78,4.26,0.56,1.16,0.10,0.00,0.00,0.00,0.50,0.01,0.00,0.00,0.00,0.01,0.01,0.05,0.00,0.00,0.01,0.01,0.00,0.00,0.00,0.01,0.00,0.01,0.02,0.02,0.03,0.01,0.04,0.01,0.02,0.01,0.02,0.04,0.03,0.04,0.01,0.01,0.04,0.01,0.04,0.04,0.04,0.02,0.00,0.02,2.65,2.35,0.79,1.92,0.63,1.57,1.28,0.00,0.51,0.59,0.42,0.27,4.99,1.48,0.21
1512,0.00,0.00,0.00,0.00,0.00,0.00,0.00,0.00,0.00,0.00,0.00,0.00,0.01,0.01,0.00,0.00,0.03,0.00,0.00,0.01,0.01,0.52,0.61,0.58,0.21,0.02,0.08,0.57,0.07,0.04,0.21,0.06,0.04,0.04,0.01,0.13,0.02,0.00,0.00,0.00,0.42,0.83,0.24,0.45,0.49,0.15,1.06,0.48,0.68,0.90,0.00,0.01,0.33,0.00,0.00,0.00,0.00,0.00,0.03,0.00,0.00,0.00,0.00,0.00,0.12,0.07,2.74,1.52,0.73,0.23,0.13,0.59,0.10,0.24,0.23,0.20,2.94,0.45,0.41,0.17,0.00,0.02,2.08,0.53,0.65,0.18,3.44,1.97,0.30,0.25,2.98,2.93,0.87,0.67,2.92,4.96,4.07,0.73,1.60,0.85,0.44,0.81,0.00,0.00,0.00,1.97,0.12,0.08,14.05,5.45,0.02,0.76,1.77,0.22,0.48,0.04,0.00,0.00,0.00,0.25,0.00,0.00,0.00,0.00,0.00,0.00,0.02,0.00,0.00,0.00,0.00,0.00,0.00,0.00,0.00,0.00,0.00,0.01,0.01,0.01,0.00,0.02,0.00,0.01,0.00,0.01,0.02,0.01,0.02,0.01,0.00,0.01,0.00,0.01,0.01,0.01,0.01,0.00,0.01,1.91,1.59,0.36,0.58,0.31,0.78,0.62,0.00,0.20,0.25,0.17,0.12,2.34,0.28,0.09
1513,0.01,0.01,0.00,0.00,0.01,0.00,0.00,0.01,0.00,0.01,0.00,0.00,0.01,0.01,0.00,0.01,0.08,0.01,0.00,0.01,0.01,1.50,1.76,1.70,0.61,0.06,0.22,1.64,0.20,0.12,0.60,0.18,0.12,0.11,0.02,0.38,0.05,0.01,0.00,0.01,0.87,1.87,0.50,1.28,1.24,0.32,3.08,1.03,1.49,2.59,0.00,0.03,0.96,0.00,0.00,0.00,0.00,0.00,0.10,0.00,0.00,0.00,0.00,0.00,0.24,0.13,7.89,4.27,2.09,0.64,0.34,1.58,0.25,0.56,0.44,0.38,7.77,0.70,1.03,0.50,0.01,0.05,4.46,0.99,1.36,0.31,8.02,3.91,0.74,0.56,5.90,6.18,2.10,1.36,8.69,12.87,11.57,1.50,3.72,2.38,0.92,1.39,0.00,0.00,0.00,3.91,0.25,0.15,26.93,10.27,0.04,2.16,5.11,0.65,0.50,0.12,0.00,0.00,0.00,0.47,0.01,0.00,0.00,0.00,0.01,0.01,0.05,0.00,0.00,0.01,0.01,0.00,0.00,0.00,0.01,0.00,0.01,0.02,0.02,0.03,0.01,0.04,0.01,0.02,0.01,0.02,0.05,0.03,0.05,0.02,0.01,0.04,0.01,0.04,0.04,0.04,0.03,0.00,0.03,3.37,3.10,1.09,2.61,0.92,2.34,1.86,0.00,0.53,0.71,0.52,0.30,7.02,1.50,0.27
1514,0.01,0.00,0.00,0.00,0.00,0.00,0.00,0.00,0.00,0.01,0.00,0.00,0.01,0.01,0.00,0.01,0.05,0.01,0.00,0.01,0.01,0.96,1.13,1.03,0.38,0.04,0.14,1.04,0.12,0.07,0.38,0.11,0.07,0.07,0.01,0.23,0.03,0.01,0.00,0.00,0.65,1.31,0.39,0.82,0.82,0.25,1.89,0.78,1.10,1.60,0.00,0.02,0.56,0.00,0.00,0.00,0.00,0.00,0.06,0.00,0.00,0.00,0.00,0.00,0.19,0.11,4.95,2.74,1.33,0.44,0.21,0.96,0.17,0.39,0.36,0.32,4.81,0.68,0.66,0.29,0.00,0.04,3.41,0.89,1.08,0.32,5.63,3.40,0.50,0.40,4.72,5.14,1.50,1.30,6.46,8.70,6.68,1.25,2.79,1.39,0.78,1.55,3.12,1.31,2.85,0.00,0.00,0.13,22.78,8.87,0.03,0.00,2.83,0.38,0.00,0.07,0.00,0.00,0.00,0.39,0.01,0.00,0.00,0.00,0.01,0.00,0.03,0.00,0.00,0.01,0.01,0.00,0.00,0.00,0.00,0.00,0.00,0.01,0.01,0.02,0.01,0.03,0.01,0.01,0.01,0.01,0.03,0.02,0.03,0.01,0.01,0.02,0.00,0.02,0.02,0.02,0.02,0.00,0.02,4.01,2.77,0.68,1.05,0.59,1.53,1.20,0.00,0.34,0.45,0.31,0.20,4.42,0.45,0.17
1515,0.00,0.00,0.00,0.00,0.00,0.00,0.00,0.00,0.00,0.00,0.00,0.00,0.00,0.00,0.00,0.00,0.00,0.00,0.00,0.00,0.00,0.01,0.02,0.01,0.01,0.00,0.00,0.01,0.00,0.00,0.01,0.00,0.00,0.00,0.00,0.00,0.00,0.00,0.00,0.00,0.01,0.02,0.01,0.01,0.01,0.00,0.03,0.01,0.02,0.02,0.00,0.00,0.01,0.00,0.00,0.00,0.00,0.00,0.00,0.00,0.00,0.00,0.00,0.00,0.00,0.00,0.07,0.04,0.02,0.01,0.00,0.01,0.00,0.00,0.00,0.00,0.06,0.01,0.01,0.00,0.00,0.00,0.04,0.01,0.01,0.00,0.06,0.04,0.01,0.00,0.06,0.06,0.02,0.01,0.07,0.10,0.08,0.01,0.03,0.02,0.01,0.01,0.03,0.01,0.03,0.00,0.00,0.00,0.22,0.08,0.00,0.00,0.03,0.00,0.00,0.00,0.00,0.00,0.00,0.01,0.00,0.00,0.00,0.00,0.00,0.00,0.00,0.00,0.00,0.00,0.00,0.00,0.00,0.00,0.00,0.00,0.00,0.00,0.00,0.00,0.00,0.00,0.00,0.00,0.00,0.00,0.00,0.00,0.00,0.00,0.00,0.00,0.00,0.00,0.00,0.00,0.00,0.00,0.00,0.04,0.02,0.01,0.01,0.01,0.01,0.01,0.00,0.00,0.01,0.00,0.00,0.05,0.01,0.00
1516,0.00,0.00,0.00,0.00,0.00,0.00,0.00,0.00,0.00,0.00,0.00,0.00,0.00,0.00,0.00,0.00,0.00,0.00,0.00,0.00,0.00,0.00,0.00,0.00,0.00,0.00,0.00,0.00,0.00,0.00,0.00,0.00,0.00,0.00,0.00,0.00,0.00,0.00,0.00,0.00,0.00,0.01,0.00,0.00,0.00,0.00,0.01,0.00,0.00,0.00,0.00,0.00,0.00,0.00,0.00,0.00,0.00,0.00,0.00,0.00,0.00,0.00,0.00,0.00,0.00,0.00,0.01,0.01,0.00,0.00,0.00,0.00,0.00,0.00,0.00,0.00,0.01,0.00,0.00,0.00,0.00,0.00,0.01,0.00,0.00,0.00,0.02,0.01,0.00,0.00,0.02,0.02,0.01,0.00,0.02,0.04,0.03,0.00,0.01,0.01,0.00,0.00,0.01,0.00,0.01,0.01,0.00,0.00,0.00,0.00,0.00,0.00,0.00,0.00,0.00,0.00,0.00,0.00,0.00,0.00,0.00,0.00,0.00,0.00,0.00,0.00,0.00,0.00,0.00,0.00,0.00,0.00,0.00,0.00,0.00,0.00,0.00,0.00,0.00,0.00,0.00,0.00,0.00,0.00,0.00,0.00,0.00,0.00,0.00,0.00,0.00,0.00,0.00,0.00,0.00,0.00,0.00,0.00,0.00,0.00,0.01,0.00,0.01,0.00,0.01,0.01,0.00,0.00,0.00,0.00,0.00,0.03,0.00,0.00
1517,0.01,0.00,0.00,0.00,0.00,0.00,0.00,0.00,0.00,0.00,0.00,0.00,0.00,0.00,0.00,0.00,0.04,0.00,0.00,0.01,0.00,0.29,0.34,0.43,0.14,0.01,0.05,0.33,0.05,0.03,0.13,0.04,0.03,0.02,0.01,0.09,0.01,0.00,0.00,0.00,0.35,0.79,0.16,0.24,0.43,0.11,0.72,0.29,0.43,0.67,0.00,0.01,0.35,0.00,0.00,0.00,0.00,0.00,0.02,0.00,0.00,0.00,0.00,0.00,0.08,0.04,1.66,0.93,0.41,0.11,0.04,0.25,0.10,0.20,0.24,0.12,1.10,0.18,0.11,0.24,0.00,0.02,2.23,0.68,0.71,0.19,3.04,1.85,0.34,0.19,2.92,2.84,0.76,0.70,3.85,4.81,4.09,0.65,1.72,0.75,0.43,0.74,1.80,0.73,2.10,2.05,0.15,0.00,0.00,0.00,0.00,1.01,0.00,0.23,0.53,0.00,0.00,0.00,0.00,0.28,0.01,0.00,0.00,0.00,0.00,0.00,0.02,0.00,0.00,0.00,0.00,0.00,0.00,0.00,0.00,0.00,0.00,0.01,0.01,0.02,0.01,0.02,0.01,0.01,0.00,0.01,0.02,0.01,0.02,0.01,0.01,0.02,0.00,0.02,0.02,0.02,0.01,0.00,0.02,0.00,2.32,0.54,0.71,0.42,1.05,0.86,0.00,0.25,0.32,0.26,0.13,3.37,0.37,0.12
1518,0.00,0.00,0.00,0.00,0.00,0.00,0.00,0.00,0.00,0.00,0.00,0.00,0.00,0.00,0.00,0.00,0.02,0.00,0.00,0.00,0.00,0.14,0.16,0.20,0.07,0.01,0.02,0.15,0.02,0.01,0.06,0.02,0.01,0.01,0.00,0.04,0.00,0.00,0.00,0.00,0.17,0.38,0.08,0.11,0.20,0.05,0.34,0.14,0.20,0.31,0.00,0.01,0.16,0.00,0.00,0.00,0.00,0.00,0.01,0.00,0.00,0.00,0.00,0.00,0.04,0.02,0.79,0.51,0.22,0.05,0.02,0.12,0.05,0.11,0.13,0.06,0.52,0.09,0.05,0.11,0.00,0.01,1.04,0.30,0.33,0.10,1.62,0.98,0.17,0.10,1.53,1.50,0.41,0.36,1.87,2.55,2.12,0.35,0.89,0.40,0.23,0.34,0.87,0.34,0.83,0.82,0.06,0.00,0.00,0.00,0.00,0.56,0.00,0.12,0.21,0.00,0.00,0.00,0.00,0.14,0.00,0.00,0.00,0.00,0.00,0.00,0.01,0.00,0.00,0.00,0.00,0.00,0.00,0.00,0.00,0.00,0.00,0.00,0.00,0.01,0.00,0.01,0.00,0.00,0.00,0.01,0.01,0.01,0.01,0.00,0.00,0.01,0.00,0.01,0.01,0.01,0.00,0.00,0.01,0.00,0.79,0.27,0.36,0.22,0.56,0.45,0.00,0.12,0.16,0.13,0.07,1.74,0.18,0.06
1519,0.00,0.00,0.00,0.00,0.00,0.00,0.00,0.00,0.00,0.00,0.00,0.00,0.00,0.00,0.00,0.00,0.00,0.00,0.00,0.00,0.00,0.01,0.02,0.02,0.01,0.00,0.00,0.02,0.00,0.00,0.01,0.00,0.00,0.00,0.00,0.00,0.00,0.00,0.00,0.00,0.02,0.04,0.01,0.01,0.02,0.01,0.04,0.01,0.02,0.03,0.00,0.00,0.01,0.00,0.00,0.00,0.00,0.00,0.00,0.00,0.00,0.00,0.00,0.00,0.00,0.00,0.08,0.05,0.02,0.01,0.00,0.01,0.01,0.01,0.01,0.01,0.06,0.01,0.01,0.01,0.00,0.00,0.11,0.03,0.03,0.01,0.18,0.14,0.02,0.01,0.13,0.16,0.06,0.04,0.20,0.31,0.25,0.04,0.10,0.05,0.03,0.04,0.09,0.03,0.09,0.08,0.01,0.00,0.00,0.00,0.00,0.03,0.00,0.01,0.02,0.00,0.00,0.00,0.00,0.01,0.00,0.00,0.00,0.00,0.00,0.00,0.00,0.00,0.00,0.00,0.00,0.00,0.00,0.00,0.00,0.00,0.00,0.00,0.00,0.00,0.00,0.00,0.00,0.00,0.00,0.00,0.00,0.00,0.00,0.00,0.00,0.00,0.00,0.00,0.00,0.00,0.00,0.00,0.00,0.00,0.04,0.02,0.02,0.01,0.03,0.02,0.00,0.01,0.01,0.01,0.00,0.08,0.01,0.00
1520,0.00,0.00,0.00,0.00,0.00,0.00,0.00,0.00,0.00,0.00,0.00,0.00,0.00,0.00,0.00,0.00,0.00,0.00,0.00,0.00,0.00,0.02,0.02,0.02,0.01,0.00,0.00,0.02,0.00,0.00,0.01,0.00,0.00,0.00,0.00,0.00,0.00,0.00,0.00,0.00,0.01,0.02,0.01,0.02,0.02,0.00,0.04,0.01,0.02,0.03,0.00,0.00,0.01,0.00,0.00,0.00,0.00,0.00,0.00,0.00,0.00,0.00,0.00,0.00,0.00,0.00,0.10,0.06,0.03,0.01,0.00,0.01,0.00,0.01,0.01,0.01,0.07,0.01,0.01,0.01,0.00,0.00,0.07,0.02,0.02,0.01,0.12,0.07,0.01,0.01,0.11,0.11,0.03,0.02,0.13,0.18,0.15,0.03,0.06,0.03,0.02,0.02,0.06,0.02,0.08,0.00,0.00,0.00,0.49,0.21,0.00,0.00,0.07,0.01,0.00,0.00,0.00,0.00,0.00,0.01,0.00,0.00,0.00,0.00,0.00,0.00,0.00,0.00,0.00,0.00,0.00,0.00,0.00,0.00,0.00,0.00,0.00,0.00,0.00,0.00,0.00,0.00,0.00,0.00,0.00,0.00,0.00,0.00,0.00,0.00,0.00,0.00,0.00,0.00,0.00,0.00,0.00,0.00,0.00,0.04,0.04,0.01,0.02,0.01,0.02,0.02,0.00,0.01,0.01,0.01,0.00,0.08,0.01,0.00
1521,0.00,0.00,0.00,0.00,0.00,0.00,0.00,0.00,0.00,0.00,0.00,0.00,0.00,0.00,0.00,0.00,0.00,0.00,0.00,0.00,0.00,0.00,0.00,0.00,0.00,0.00,0.00,0.00,0.00,0.00,0.00,0.00,0.00,0.00,0.00,0.00,0.00,0.00,0.00,0.00,0.00,0.01,0.00,0.00,0.00,0.00,0.01,0.00,0.00,0.01,0.00,0.00,0.00,0.00,0.00,0.00,0.00,0.00,0.00,0.00,0.00,0.00,0.00,0.00,0.00,0.00,0.02,0.01,0.00,0.00,0.00,0.00,0.00,0.00,0.00,0.00,0.02,0.00,0.00,0.00,0.00,0.00,0.02,0.00,0.01,0.00,0.03,0.02,0.00,0.00,0.03,0.03,0.01,0.01,0.03,0.05,0.03,0.01,0.01,0.01,0.00,0.00,0.01,0.00,0.01,0.01,0.00,0.00,0.00,0.00,0.00,0.00,0.00,0.00,0.00,0.00,0.00,0.00,0.00,0.00,0.00,0.00,0.00,0.00,0.00,0.00,0.00,0.00,0.00,0.00,0.00,0.00,0.00,0.00,0.00,0.00,0.00,0.00,0.00,0.00,0.00,0.00,0.00,0.00,0.00,0.00,0.00,0.00,0.00,0.00,0.00,0.00,0.00,0.00,0.00,0.00,0.00,0.00,0.00,0.00,0.00,0.00,0.00,0.00,0.00,0.00,0.00,0.00,0.00,0.00,0.00,0.01,0.00,0.00
1522,0.00,0.00,0.00,0.00,0.00,0.00,0.00,0.00,0.00,0.00,0.00,0.00,0.00,0.00,0.00,0.00,0.01,0.00,0.00,0.00,0.00,0.13,0.14,0.15,0.05,0.01,0.02,0.15,0.02,0.01,0.05,0.02,0.01,0.01,0.00,0.03,0.00,0.00,0.00,0.00,0.13,0.19,0.07,0.11,0.12,0.04,0.28,0.11,0.16,0.25,0.00,0.00,0.09,0.00,0.00,0.00,0.00,0.00,0.01,0.00,0.00,0.00,0.00,0.00,0.03,0.02,0.71,0.53,0.24,0.06,0.04,0.18,0.00,0.08,0.09,0.08,0.88,0.19,0.13,0.05,0.00,0.01,0.65,0.27,0.28,0.07,1.33,0.83,0.14,0.08,0.91,1.64,0.35,0.00,0.00,0.00,0.00,0.00,0.00,0.00,0.00,0.16,0.44,0.14,0.56,0.38,0.03,0.04,2.37,1.09,0.00,0.16,0.53,0.00,0.10,0.01,0.00,0.00,0.00,0.08,0.00,0.00,0.00,0.00,0.00,0.00,0.02,0.00,0.00,0.00,0.00,0.00,0.00,0.00,0.00,0.00,0.00,0.00,0.00,0.00,0.00,0.02,0.01,0.00,0.00,0.00,0.00,0.00,0.01,0.00,0.00,0.00,0.00,0.00,0.00,0.00,0.00,0.00,0.00,0.55,0.46,0.14,0.15,0.11,0.22,0.18,0.00,0.05,0.07,0.05,0.04,0.67,0.07,0.03
1523,0.00,0.00,0.00,0.00,0.00,0.00,0.00,0.00,0.00,0.00,0.00,0.00,0.00,0.00,0.00,0.00,0.01,0.00,0.00,0.00,0.00,0.23,0.28,0.27,0.10,0.01,0.03,0.26,0.03,0.02,0.10,0.03,0.02,0.02,0.00,0.06,0.01,0.00,0.00,0.00,0.13,0.28,0.08,0.20,0.20,0.05,0.49,0.17,0.24,0.42,0.00,0.00,0.15,0.00,0.00,0.00,0.00,0.00,0.01,0.00,0.00,0.00,0.00,0.00,0.04,0.02,1.24,0.69,0.33,0.10,0.04,0.20,0.04,0.08,0.07,0.06,0.96,0.11,0.11,0.08,0.00,0.01,0.71,0.20,0.22,0.07,1.13,0.68,0.11,0.07,0.93,1.04,0.29,0.26,1.30,1.76,1.43,0.24,0.60,0.28,0.16,0.29,0.65,0.25,0.29,0.00,0.00,0.03,5.05,1.80,0.01,0.00,0.75,0.08,0.00,0.02,0.00,0.00,0.00,0.07,0.00,0.00,0.00,0.00,0.00,0.00,0.01,0.00,0.00,0.00,0.00,0.00,0.00,0.00,0.00,0.00,0.00,0.00,0.00,0.01,0.00,0.01,0.00,0.00,0.00,0.00,0.01,0.00,0.01,0.00,0.00,0.01,0.00,0.01,0.01,0.01,0.00,0.00,0.00,0.85,0.60,0.16,0.25,0.13,0.32,0.26,0.00,0.08,0.11,0.08,0.05,0.99,0.12,0.04
1524,0.00,0.00,0.00,0.00,0.00,0.00,0.00,0.00,0.00,0.00,0.00,0.00,0.00,0.00,0.00,0.00,0.00,0.00,0.00,0.00,0.00,0.00,0.00,0.00,0.00,0.00,0.00,0.00,0.00,0.00,0.00,0.00,0.00,0.00,0.00,0.00,0.00,0.00,0.00,0.00,0.00,0.01,0.00,0.00,0.00,0.00,0.01,0.00,0.00,0.01,0.00,0.00,0.00,0.00,0.00,0.00,0.00,0.00,0.00,0.00,0.00,0.00,0.00,0.00,0.00,0.00,0.01,0.01,0.00,0.00,0.00,0.00,0.00,0.00,0.00,0.00,0.01,0.00,0.00,0.00,0.00,0.00,0.02,0.00,0.01,0.00,0.03,0.02,0.00,0.00,0.02,0.03,0.01,0.01,0.03,0.04,0.03,0.01,0.01,0.01,0.00,0.01,0.01,0.00,0.01,0.01,0.00,0.00,0.00,0.00,0.00,0.01,0.00,0.00,0.00,0.00,0.00,0.00,0.00,0.00,0.00,0.00,0.00,0.00,0.00,0.00,0.00,0.00,0.00,0.00,0.00,0.00,0.00,0.00,0.00,0.00,0.00,0.00,0.00,0.00,0.00,0.00,0.00,0.00,0.00,0.00,0.00,0.00,0.00,0.00,0.00,0.00,0.00,0.00,0.00,0.00,0.00,0.00,0.00,0.00,0.01,0.00,0.00,0.00,0.00,0.00,0.00,0.00,0.00,0.00,0.00,0.01,0.00,0.00
1628,0.00,0.00,0.00,0.00,0.00,0.00,0.00,0.00,0.00,0.00,0.00,0.00,0.00,0.00,0.00,0.00,0.00,0.00,0.00,0.00,0.00,0.00,0.00,0.00,0.00,0.00,0.00,0.00,0.00,0.00,0.00,0.00,0.00,0.00,0.00,0.00,0.00,0.00,0.00,0.00,0.00,0.00,0.00,0.00,0.00,0.00,0.00,0.00,0.00,0.00,0.00,0.00,0.00,0.00,0.00,0.00,0.00,0.00,0.00,0.00,0.00,0.00,0.00,0.00,0.00,0.00,0.01,0.00,0.00,0.00,0.00,0.00,0.00,0.00,0.00,0.00,0.01,0.00,0.00,0.00,0.00,0.00,0.01,0.00,0.00,0.00,0.01,0.00,0.00,0.00,0.01,0.01,0.00,0.00,0.01,0.01,0.01,0.00,0.00,0.00,0.00,0.00,0.00,0.00,0.00,0.00,0.00,0.00,0.00,0.00,0.00,0.00,0.00,0.00,0.00,0.00,0.00,0.00,0.00,0.00,0.00,0.00,0.00,0.00,0.00,0.00,0.00,0.00,0.00,0.00,0.00,0.00,0.00,0.00,0.00,0.00,0.00,0.00,0.00,0.00,0.00,0.00,0.00,0.00,0.00,0.00,0.00,0.00,0.00,0.00,0.00,0.00,0.00,0.00,0.00,0.00,0.00,0.00,0.00,0.00,0.00,0.00,0.00,0.00,0.00,0.00,0.00,0.00,0.00,0.00,0.00,0.00,0.00,0.00
1629,0.00,0.00,0.00,0.00,0.00,0.00,0.00,0.00,0.00,0.00,0.00,0.00,0.00,0.00,0.00,0.00,0.00,0.00,0.00,0.00,0.00,0.00,0.00,0.00,0.00,0.00,0.00,0.00,0.00,0.00,0.00,0.00,0.00,0.00,0.00,0.00,0.00,0.00,0.00,0.00,0.00,0.00,0.00,0.00,0.00,0.00,0.00,0.00,0.00,0.00,0.00,0.00,0.00,0.00,0.00,0.00,0.00,0.00,0.00,0.00,0.00,0.00,0.00,0.00,0.00,0.00,0.00,0.00,0.00,0.00,0.00,0.00,0.00,0.00,0.00,0.00,0.00,0.00,0.00,0.00,0.00,0.00,0.00,0.00,0.00,0.00,0.00,0.00,0.00,0.00,0.00,0.00,0.00,0.00,0.00,0.00,0.00,0.00,0.00,0.00,0.00,0.00,0.00,0.00,0.00,0.00,0.00,0.00,0.00,0.00,0.00,0.00,0.00,0.00,0.00,0.00,0.00,0.00,0.00,0.00,0.00,0.00,0.00,0.00,0.00,0.00,0.00,0.00,0.00,0.00,0.00,0.00,0.00,0.00,0.00,0.00,0.00,0.00,0.00,0.00,0.00,0.00,0.00,0.00,0.00,0.00,0.00,0.00,0.00,0.00,0.00,0.00,0.00,0.00,0.00,0.00,0.00,0.00,0.00,0.00,0.00,0.00,0.00,0.00,0.00,0.00,0.00,0.00,0.00,0.00,0.00,0.00,0.00,0.00
1638,0.00,0.00,0.00,0.00,0.00,0.00,0.00,0.00,0.00,0.00,0.00,0.00,0.00,0.00,0.00,0.00,0.00,0.00,0.00,0.00,0.00,0.00,0.00,0.00,0.00,0.00,0.00,0.00,0.00,0.00,0.00,0.00,0.00,0.00,0.00,0.00,0.00,0.00,0.00,0.00,0.00,0.00,0.00,0.00,0.00,0.00,0.00,0.00,0.00,0.00,0.00,0.00,0.00,0.00,0.00,0.00,0.00,0.00,0.00,0.00,0.00,0.00,0.00,0.00,0.00,0.00,0.00,0.00,0.00,0.00,0.00,0.00,0.00,0.00,0.00,0.00,0.00,0.00,0.00,0.00,0.00,0.00,0.00,0.00,0.00,0.00,0.00,0.00,0.00,0.00,0.00,0.00,0.00,0.00,0.00,0.00,0.00,0.00,0.00,0.00,0.00,0.00,0.00,0.00,0.00,0.00,0.00,0.00,0.00,0.00,0.00,0.00,0.00,0.00,0.00,0.00,0.00,0.00,0.00,0.00,0.00,0.00,0.00,0.00,0.00,0.00,0.00,0.00,0.00,0.00,0.00,0.00,0.00,0.00,0.00,0.00,0.00,0.00,0.00,0.00,0.00,0.00,0.00,0.00,0.00,0.00,0.00,0.00,0.00,0.00,0.00,0.00,0.00,0.00,0.00,0.00,0.00,0.00,0.00,0.00,0.00,0.00,0.00,0.00,0.00,0.00,0.00,0.00,0.00,0.00,0.00,0.00,0.00,0.00
1726,0.00,0.00,0.00,0.00,0.00,0.00,0.00,0.00,0.00,0.00,0.00,0.00,0.00,0.00,0.00,0.00,0.02,0.00,0.00,0.00,0.00,0.08,0.09,0.09,0.03,0.00,0.01,0.08,0.07,0.04,0.20,0.06,0.04,0.04,0.01,0.13,0.02,0.00,0.00,0.00,0.07,0.17,0.04,0.15,0.12,0.02,0.39,0.07,0.10,0.17,0.00,0.00,0.07,0.00,0.00,0.00,0.00,0.00,0.01,0.00,0.00,0.00,0.00,0.00,0.03,0.02,1.68,0.94,0.43,0.13,0.09,0.44,0.06,0.00,0.00,0.21,2.42,0.35,0.25,0.13,0.00,0.02,0.86,0.23,0.29,0.09,1.59,0.71,0.13,0.00,0.00,1.37,0.40,0.12,0.57,0.84,0.60,0.13,0.26,0.12,0.09,0.08,0.17,0.08,0.18,0.20,0.02,0.01,1.23,0.43,0.00,0.09,0.27,0.04,0.05,0.01,0.00,0.00,0.00,0.00,0.00,0.00,0.00,0.00,0.00,0.00,0.01,0.00,0.00,0.00,0.00,0.00,0.00,0.00,0.00,0.00,0.00,0.00,0.00,0.00,0.00,0.01,0.00,0.00,0.00,0.00,0.00,0.00,0.00,0.00,0.00,0.00,0.00,0.00,0.00,0.00,0.00,0.00,0.01,0.65,0.59,0.20,0.30,0.16,0.41,0.33,0.00,0.10,0.13,0.10,0.04,1.28,0.14,0.05
1903,0.01,0.01,0.00,0.00,0.00,0.00,0.00,0.00,0.00,0.00,0.00,0.00,0.00,0.00,0.00,0.00,0.00,0.00,0.00,0.00,0.00,0.01,0.01,0.02,0.01,0.00,0.00,0.02,0.00,0.00,0.00,0.00,0.00,0.00,0.00,0.00,0.00,0.00,0.00,0.00,0.00,0.00,0.00,0.00,0.00,0.00,0.01,0.00,0.00,0.00,0.00,0.00,0.00,0.00,0.00,0.00,0.00,0.00,0.00,0.00,0.00,0.00,0.00,0.00,0.01,0.00,0.49,0.27,0.13,0.04,0.02,0.09,0.02,0.05,0.05,0.03,0.38,0.05,0.06,0.03,0.00,0.01,0.45,0.11,0.15,0.04,0.84,0.42,0.06,0.05,0.46,0.73,0.23,0.00,0.01,0.02,0.01,0.00,0.01,0.00,0.00,0.00,0.00,0.00,0.01,0.01,0.00,0.00,0.03,0.01,0.00,0.00,0.01,0.00,0.00,0.00,0.00,0.00,0.00,0.04,0.00,0.00,0.00,0.00,0.00,0.00,0.00,0.00,0.00,0.00,0.00,0.00,0.00,0.00,0.00,0.00,0.00,0.00,0.00,0.00,0.00,0.00,0.00,0.00,0.00,0.00,0.00,0.00,0.00,0.00,0.00,0.00,0.00,0.00,0.00,0.00,0.00,0.00,0.05,0.00,0.00,0.00,0.00,0.00,0.00,0.00,0.00,0.00,0.00,0.00,0.00,0.01,0.00,0.00
1904,0.00,0.00,0.00,0.00,0.00,0.00,0.00,0.00,0.00,0.00,0.00,0.00,0.00,0.00,0.00,0.00,0.00,0.00,0.00,0.00,0.00,0.00,0.00,0.00,0.00,0.00,0.00,0.00,0.00,0.00,0.00,0.00,0.00,0.00,0.00,0.00,0.00,0.00,0.00,0.00,0.00,0.00,0.00,0.00,0.00,0.00,0.00,0.00,0.00,0.00,0.00,0.00,0.00,0.00,0.00,0.00,0.00,0.00,0.00,0.00,0.00,0.00,0.00,0.00,0.00,0.00,0.06,0.03,0.02,0.01,0.00,0.02,0.00,0.01,0.01,0.01,0.10,0.01,0.01,0.00,0.00,0.00,0.06,0.01,0.02,0.01,0.30,0.06,0.01,0.01,0.08,0.27,0.03,0.00,0.00,0.00,0.00,0.00,0.00,0.00,0.00,0.00,0.00,0.00,0.00,0.00,0.00,0.00,0.01,0.00,0.00,0.00,0.00,0.00,0.00,0.00,0.00,0.00,0.00,0.01,0.00,0.00,0.00,0.00,0.00,0.00,0.00,0.00,0.00,0.00,0.00,0.00,0.00,0.00,0.00,0.00,0.00,0.00,0.00,0.00,0.00,0.00,0.00,0.00,0.00,0.00,0.00,0.00,0.00,0.00,0.00,0.00,0.00,0.00,0.00,0.00,0.00,0.00,0.01,0.00,0.00,0.00,0.00,0.00,0.00,0.00,0.00,0.00,0.00,0.00,0.00,0.00,0.00,0.00
1905,0.01,0.01,0.01,0.00,0.00,0.00,0.00,0.01,0.00,0.00,0.00,0.00,0.00,0.00,0.00,0.00,0.00,0.00,0.00,0.00,0.00,0.01,0.01,0.01,0.00,0.00,0.00,0.01,0.00,0.00,0.00,0.00,0.00,0.00,0.00,0.00,0.00,0.00,0.00,0.00,0.00,0.00,0.00,0.00,0.00,0.00,0.01,0.00,0.00,0.00,0.00,0.00,0.00,0.00,0.00,0.00,0.00,0.00,0.00,0.00,0.00,0.00,0.00,0.00,0.01,0.01,0.30,0.17,0.08,0.03,0.02,0.08,0.02,0.04,0.03,0.03,0.45,0.07,0.07,0.02,0.00,0.00,0.26,0.06,0.08,0.02,0.49,0.29,0.03,0.05,0.36,0.43,0.15,0.00,0.01,0.01,0.01,0.00,0.00,0.00,0.00,0.00,0.00,0.00,0.00,0.00,0.00,0.00,0.03,0.01,0.00,0.00,0.00,0.00,0.00,0.00,0.00,0.00,0.00,0.03,0.00,0.00,0.00,0.00,0.00,0.00,0.00,0.00,0.00,0.00,0.00,0.00,0.00,0.00,0.00,0.00,0.00,0.00,0.00,0.00,0.00,0.00,0.00,0.00,0.00,0.00,0.00,0.00,0.00,0.00,0.00,0.00,0.00,0.00,0.00,0.00,0.00,0.00,0.03,0.00,0.00,0.00,0.00,0.00,0.00,0.00,0.00,0.00,0.00,0.00,0.00,0.00,0.00,0.00
1906,0.00,0.00,0.00,0.00,0.00,0.00,0.00,0.00,0.00,0.00,0.00,0.00,0.00,0.00,0.00,0.00,0.00,0.00,0.00,0.00,0.00,0.00,0.00,0.00,0.00,0.00,0.00,0.00,0.00,0.00,0.00,0.00,0.00,0.00,0.00,0.00,0.00,0.00,0.00,0.00,0.00,0.00,0.00,0.00,0.00,0.00,0.00,0.00,0.00,0.00,0.00,0.00,0.00,0.00,0.00,0.00,0.00,0.00,0.00,0.00,0.00,0.00,0.00,0.00,0.00,0.00,0.04,0.03,0.01,0.00,0.00,0.02,0.00,0.01,0.01,0.01,0.08,0.01,0.01,0.01,0.00,0.00,0.09,0.02,0.03,0.01,0.17,0.08,0.01,0.01,0.09,0.15,0.05,0.00,0.01,0.00,0.00,0.00,0.00,0.00,0.00,0.00,0.00,0.00,0.00,0.00,0.00,0.00,0.01,0.00,0.00,0.00,0.00,0.00,0.00,0.00,0.00,0.00,0.00,0.01,0.00,0.00,0.00,0.00,0.00,0.00,0.00,0.00,0.00,0.00,0.00,0.00,0.00,0.00,0.00,0.00,0.00,0.00,0.00,0.00,0.00,0.00,0.00,0.00,0.00,0.00,0.00,0.00,0.00,0.00,0.00,0.00,0.00,0.00,0.00,0.00,0.00,0.00,0.00,0.00,0.00,0.00,0.00,0.00,0.00,0.00,0.00,0.00,0.00,0.00,0.00,0.00,0.00,0.00
1907,0.01,0.01,0.00,0.00,0.00,0.00,0.00,0.00,0.00,0.00,0.00,0.00,0.00,0.00,0.00,0.00,0.00,0.00,0.00,0.00,0.00,0.01,0.00,0.01,0.00,0.00,0.00,0.01,0.00,0.00,0.00,0.00,0.00,0.00,0.00,0.00,0.00,0.00,0.00,0.00,0.00,0.00,0.00,0.00,0.00,0.00,0.01,0.00,0.00,0.00,0.00,0.00,0.00,0.00,0.00,0.00,0.00,0.00,0.00,0.00,0.00,0.00,0.00,0.00,0.02,0.01,0.49,0.31,0.14,0.05,0.03,0.19,0.04,0.08,0.07,0.08,1.07,0.16,0.12,0.04,0.00,0.01,0.66,0.16,0.20,0.06,1.22,0.64,0.09,0.08,0.74,1.07,0.34,0.00,0.02,0.03,0.02,0.00,0.01,0.00,0.00,0.00,0.01,0.00,0.01,0.01,0.00,0.00,0.04,0.02,0.00,0.00,0.01,0.00,0.00,0.00,0.00,0.00,0.00,0.06,0.00,0.00,0.00,0.00,0.00,0.00,0.00,0.00,0.00,0.00,0.00,0.00,0.00,0.00,0.00,0.00,0.00,0.00,0.00,0.00,0.00,0.00,0.00,0.00,0.00,0.00,0.00,0.00,0.00,0.00,0.00,0.00,0.00,0.00,0.00,0.00,0.00,0.00,0.01,0.00,0.00,0.00,0.00,0.00,0.00,0.00,0.00,0.00,0.00,0.00,0.00,0.01,0.00,0.00
1908,0.00,0.00,0.00,0.00,0.00,0.00,0.00,0.00,0.00,0.00,0.00,0.00,0.00,0.00,0.00,0.00,0.00,0.00,0.00,0.00,0.00,0.00,0.00,0.00,0.00,0.00,0.00,0.00,0.00,0.00,0.00,0.00,0.00,0.00,0.00,0.00,0.00,0.00,0.00,0.00,0.00,0.00,0.00,0.00,0.00,0.00,0.00,0.00,0.00,0.00,0.00,0.00,0.00,0.00,0.00,0.00,0.00,0.00,0.00,0.00,0.00,0.00,0.00,0.00,0.00,0.00,0.13,0.08,0.04,0.01,0.01,0.05,0.01,0.02,0.02,0.02,0.27,0.04,0.03,0.01,0.00,0.00,0.18,0.04,0.05,0.02,0.33,0.17,0.02,0.02,0.20,0.29,0.09,0.00,0.02,0.01,0.01,0.00,0.00,0.00,0.00,0.00,0.00,0.00,0.00,0.00,0.00,0.00,0.01,0.00,0.00,0.00,0.00,0.00,0.00,0.00,0.00,0.00,0.00,0.02,0.00,0.00,0.00,0.00,0.00,0.00,0.00,0.00,0.00,0.00,0.00,0.00,0.00,0.00,0.00,0.00,0.00,0.00,0.00,0.00,0.00,0.00,0.00,0.00,0.00,0.00,0.00,0.00,0.00,0.00,0.00,0.00,0.00,0.00,0.00,0.00,0.00,0.00,0.00,0.00,0.00,0.00,0.00,0.00,0.00,0.00,0.00,0.00,0.00,0.00,0.00,0.00,0.00,0.00
1909,0.01,0.01,0.01,0.00,0.00,0.00,0.00,0.00,0.00,0.00,0.00,0.00,0.00,0.00,0.00,0.00,0.00,0.00,0.00,0.00,0.00,0.01,0.01,0.02,0.01,0.00,0.00,0.02,0.00,0.00,0.00,0.00,0.00,0.00,0.00,0.00,0.00,0.00,0.00,0.00,0.00,0.01,0.00,0.00,0.00,0.00,0.01,0.00,0.00,0.01,0.00,0.00,0.00,0.00,0.00,0.00,0.00,0.00,0.00,0.00,0.00,0.00,0.00,0.00,0.02,0.01,0.72,0.44,0.20,0.07,0.05,0.25,0.05,0.12,0.09,0.09,1.24,0.18,0.17,0.05,0.00,0.01,0.86,0.19,0.25,0.08,1.59,0.86,0.11,0.12,1.02,1.39,0.46,0.00,0.03,0.04,0.03,0.01,0.01,0.01,0.00,0.00,0.01,0.00,0.01,0.01,0.00,0.00,0.06,0.02,0.00,0.00,0.01,0.00,0.00,0.00,0.00,0.00,0.00,0.09,0.00,0.00,0.00,0.00,0.00,0.00,0.00,0.00,0.00,0.00,0.00,0.00,0.00,0.00,0.00,0.00,0.00,0.00,0.00,0.00,0.00,0.00,0.00,0.00,0.00,0.00,0.00,0.00,0.00,0.00,0.00,0.00,0.00,0.00,0.00,0.00,0.00,0.00,0.01,0.00,0.00,0.00,0.00,0.00,0.00,0.00,0.00,0.00,0.00,0.00,0.00,0.01,0.00,0.00
1910,0.01,0.01,0.01,0.00,0.00,0.00,0.00,0.00,0.00,0.00,0.00,0.00,0.00,0.00,0.00,0.00,0.00,0.00,0.00,0.00,0.00,0.01,0.01,0.01,0.00,0.00,0.00,0.01,0.00,0.00,0.00,0.00,0.00,0.00,0.00,0.00,0.00,0.00,0.00,0.00,0.00,0.00,0.00,0.00,0.00,0.00,0.01,0.00,0.00,0.00,0.00,0.00,0.00,0.00,0.00,0.00,0.00,0.00,0.00,0.00,0.00,0.00,0.00,0.00,0.01,0.01,0.33,0.18,0.09,0.03,0.03,0.08,0.01,0.03,0.03,0.03,0.45,0.07,0.07,0.02,0.00,0.00,0.26,0.06,0.08,0.02,0.46,0.28,0.03,0.04,0.34,0.40,0.14,0.00,0.01,0.01,0.01,0.00,0.00,0.00,0.00,0.00,0.00,0.00,0.00,0.00,0.00,0.00,0.03,0.01,0.00,0.00,0.00,0.00,0.00,0.00,0.00,0.00,0.00,0.03,0.00,0.00,0.00,0.00,0.00,0.00,0.00,0.00,0.00,0.00,0.00,0.00,0.00,0.00,0.00,0.00,0.00,0.00,0.00,0.00,0.00,0.00,0.00,0.00,0.00,0.00,0.00,0.00,0.00,0.00,0.00,0.00,0.00,0.00,0.00,0.00,0.00,0.00,0.03,0.00,0.00,0.00,0.00,0.00,0.00,0.00,0.00,0.00,0.00,0.00,0.00,0.00,0.00,0.00
1911,0.03,0.03,0.02,0.01,0.01,0.00,0.01,0.01,0.00,0.00,0.00,0.00,0.00,0.00,0.00,0.00,0.00,0.00,0.00,0.00,0.00,0.02,0.02,0.03,0.01,0.00,0.00,0.03,0.00,0.00,0.00,0.00,0.00,0.00,0.00,0.00,0.00,0.00,0.00,0.00,0.01,0.01,0.00,0.01,0.01,0.00,0.02,0.00,0.00,0.01,0.00,0.00,0.00,0.00,0.00,0.00,0.00,0.00,0.00,0.00,0.00,0.01,0.01,0.00,0.03,0.01,0.77,0.41,0.21,0.07,0.05,0.19,0.03,0.06,0.06,0.06,0.94,0.13,0.15,0.04,0.00,0.01,0.56,0.14,0.20,0.09,1.07,0.59,0.12,0.08,0.70,0.94,0.29,0.00,0.02,0.03,0.02,0.00,0.01,0.00,0.00,0.00,0.01,0.00,0.01,0.01,0.00,0.00,0.06,0.02,0.00,0.00,0.01,0.00,0.00,0.00,0.00,0.00,0.00,0.06,0.00,0.00,0.00,0.00,0.00,0.00,0.00,0.00,0.00,0.00,0.00,0.00,0.00,0.00,0.00,0.00,0.00,0.00,0.00,0.00,0.00,0.00,0.00,0.00,0.00,0.00,0.00,0.00,0.00,0.00,0.00,0.00,0.00,0.00,0.00,0.00,0.00,0.00,0.05,0.00,0.00,0.00,0.00,0.00,0.00,0.00,0.00,0.00,0.00,0.00,0.00,0.01,0.00,0.00
1916,0.02,0.02,0.01,0.00,0.00,0.00,0.00,0.00,0.00,0.00,0.00,0.00,0.00,0.00,0.00,0.00,0.00,0.00,0.00,0.00,0.00,0.02,0.01,0.01,0.00,0.00,0.00,0.02,0.00,0.00,0.00,0.00,0.00,0.00,0.00,0.00,0.00,0.00,0.00,0.00,0.00,0.01,0.00,0.00,0.00,0.00,0.01,0.00,0.00,0.00,0.00,0.00,0.00,0.00,0.00,0.00,0.00,0.00,0.00,0.00,0.00,0.00,0.01,0.00,0.02,0.01,0.47,0.31,0.12,0.05,0.03,0.15,0.04,0.09,0.05,0.06,0.64,0.08,0.11,0.05,0.00,0.01,0.84,0.20,0.28,0.08,1.54,0.74,0.12,0.08,0.75,1.34,0.41,0.00,0.03,0.04,0.03,0.01,0.01,0.01,0.00,0.00,0.01,0.00,0.01,0.01,0.00,0.00,0.04,0.01,0.00,0.00,0.01,0.00,0.00,0.00,0.00,0.00,0.00,0.04,0.00,0.00,0.00,0.00,0.00,0.00,0.00,0.00,0.00,0.00,0.00,0.00,0.00,0.00,0.00,0.00,0.00,0.00,0.00,0.00,0.00,0.00,0.00,0.00,0.00,0.00,0.00,0.00,0.00,0.00,0.00,0.00,0.00,0.00,0.00,0.00,0.00,0.00,0.07,0.00,0.00,0.00,0.00,0.00,0.00,0.00,0.00,0.00,0.00,0.00,0.00,0.01,0.00,0.00
1917,0.05,0.04,0.02,0.02,0.01,0.00,0.01,0.01,0.00,0.00,0.00,0.00,0.00,0.00,0.00,0.00,0.00,0.00,0.00,0.00,0.00,0.05,0.04,0.05,0.02,0.00,0.01,0.06,0.00,0.00,0.01,0.00,0.00,0.00,0.00,0.01,0.00,0.00,0.00,0.00,0.01,0.02,0.00,0.01,0.01,0.00,0.03,0.00,0.01,0.01,0.00,0.00,0.00,0.00,0.00,0.00,0.00,0.00,0.00,0.00,0.00,0.01,0.02,0.00,0.04,0.02,1.57,0.89,0.42,0.14,0.09,0.33,0.08,0.18,0.16,0.13,1.57,0.21,0.26,0.09,0.00,0.02,1.41,0.34,0.46,0.13,2.61,1.39,0.18,0.18,1.62,2.28,0.74,0.01,0.05,0.06,0.04,0.01,0.02,0.01,0.01,0.01,0.02,0.01,0.02,0.01,0.00,0.00,0.10,0.03,0.00,0.01,0.02,0.00,0.00,0.00,0.00,0.00,0.00,0.15,0.00,0.00,0.00,0.00,0.00,0.00,0.00,0.00,0.00,0.00,0.00,0.00,0.00,0.00,0.00,0.00,0.00,0.00,0.00,0.00,0.00,0.00,0.00,0.00,0.00,0.00,0.00,0.00,0.00,0.00,0.00,0.00,0.00,0.00,0.00,0.00,0.00,0.00,0.14,0.01,0.01,0.00,0.00,0.00,0.01,0.01,0.00,0.00,0.00,0.00,0.00,0.02,0.00,0.00
1918,0.00,0.00,0.00,0.00,0.00,0.00,0.00,0.00,0.00,0.00,0.00,0.00,0.00,0.00,0.00,0.00,0.00,0.00,0.00,0.00,0.00,0.00,0.00,0.00,0.00,0.00,0.00,0.00,0.00,0.00,0.00,0.00,0.00,0.00,0.00,0.00,0.00,0.00,0.00,0.00,0.00,0.00,0.00,0.00,0.00,0.00,0.00,0.00,0.00,0.00,0.00,0.00,0.00,0.00,0.00,0.00,0.00,0.00,0.00,0.00,0.00,0.00,0.00,0.00,0.01,0.00,0.11,0.06,0.03,0.01,0.01,0.03,0.01,0.02,0.01,0.01,0.18,0.03,0.03,0.01,0.00,0.00,0.10,0.02,0.03,0.01,0.19,0.11,0.01,0.02,0.14,0.17,0.06,0.00,0.00,0.00,0.00,0.00,0.00,0.00,0.00,0.00,0.00,0.00,0.00,0.00,0.00,0.00,0.01,0.00,0.00,0.00,0.00,0.00,0.00,0.00,0.00,0.00,0.00,0.01,0.00,0.00,0.00,0.00,0.00,0.00,0.00,0.00,0.00,0.00,0.00,0.00,0.00,0.00,0.00,0.00,0.00,0.00,0.00,0.00,0.00,0.00,0.00,0.00,0.00,0.00,0.00,0.00,0.00,0.00,0.00,0.00,0.00,0.00,0.00,0.00,0.00,0.00,0.01,0.00,0.00,0.00,0.00,0.00,0.00,0.00,0.00,0.00,0.00,0.00,0.00,0.00,0.00,0.00
1919,0.01,0.01,0.01,0.00,0.01,0.00,0.00,0.01,0.00,0.00,0.00,0.00,0.00,0.00,0.00,0.00,0.00,0.00,0.00,0.00,0.00,0.01,0.01,0.01,0.00,0.00,0.00,0.01,0.00,0.00,0.00,0.00,0.00,0.00,0.00,0.00,0.00,0.00,0.00,0.00,0.00,0.01,0.00,0.00,0.00,0.00,0.01,0.00,0.00,0.00,0.00,0.00,0.00,0.00,0.00,0.00,0.00,0.00,0.00,0.00,0.00,0.00,0.01,0.00,0.02,0.01,0.35,0.20,0.10,0.03,0.03,0.10,0.02,0.05,0.04,0.04,0.52,0.09,0.08,0.02,0.00,0.00,0.30,0.07,0.10,0.03,0.56,0.33,0.04,0.05,0.41,0.49,0.17,0.00,0.01,0.01,0.01,0.00,0.00,0.00,0.00,0.00,0.00,0.00,0.00,0.00,0.00,0.00,0.03,0.01,0.00,0.00,0.00,0.00,0.00,0.00,0.00,0.00,0.00,0.04,0.00,0.00,0.00,0.00,0.00,0.00,0.00,0.00,0.00,0.00,0.00,0.00,0.00,0.00,0.00,0.00,0.00,0.00,0.00,0.00,0.00,0.00,0.00,0.00,0.00,0.00,0.00,0.00,0.00,0.00,0.00,0.00,0.00,0.00,0.00,0.00,0.00,0.00,0.03,0.00,0.00,0.00,0.00,0.00,0.00,0.00,0.00,0.00,0.00,0.00,0.00,0.00,0.00,0.00
1920,0.00,0.00,0.00,0.00,0.00,0.00,0.00,0.00,0.00,0.00,0.00,0.00,0.00,0.00,0.00,0.00,0.00,0.00,0.00,0.00,0.00,0.00,0.00,0.00,0.00,0.00,0.00,0.00,0.00,0.00,0.00,0.00,0.00,0.00,0.00,0.00,0.00,0.00,0.00,0.00,0.00,0.00,0.00,0.00,0.00,0.00,0.00,0.00,0.00,0.00,0.00,0.00,0.00,0.00,0.00,0.00,0.00,0.00,0.00,0.00,0.00,0.00,0.00,0.00,0.00,0.00,0.00,0.00,0.00,0.00,0.00,0.00,0.00,0.00,0.00,0.00,0.00,0.00,0.00,0.00,0.00,0.00,0.00,0.00,0.00,0.00,0.01,0.00,0.00,0.00,0.00,0.01,0.00,0.00,0.00,0.00,0.00,0.00,0.00,0.00,0.00,0.00,0.00,0.00,0.00,0.00,0.00,0.00,0.00,0.00,0.00,0.00,0.00,0.00,0.00,0.00,0.00,0.00,0.00,0.00,0.00,0.00,0.00,0.00,0.00,0.00,0.00,0.00,0.00,0.00,0.00,0.00,0.00,0.00,0.00,0.00,0.00,0.00,0.00,0.00,0.00,0.00,0.00,0.00,0.00,0.00,0.00,0.00,0.00,0.00,0.00,0.00,0.00,0.00,0.00,0.00,0.00,0.00,0.00,0.00,0.00,0.00,0.00,0.00,0.00,0.00,0.00,0.00,0.00,0.00,0.00,0.00,0.00,0.00
1921,0.00,0.01,0.00,0.00,0.00,0.00,0.00,0.00,0.00,0.00,0.00,0.00,0.00,0.00,0.00,0.00,0.00,0.00,0.00,0.00,0.00,0.01,0.00,0.01,0.00,0.00,0.00,0.01,0.00,0.00,0.00,0.00,0.00,0.00,0.00,0.00,0.00,0.00,0.00,0.00,0.00,0.00,0.00,0.00,0.00,0.00,0.00,0.00,0.00,0.00,0.00,0.00,0.00,0.00,0.00,0.00,0.00,0.00,0.00,0.00,0.00,0.00,0.00,0.00,0.01,0.00,0.19,0.11,0.05,0.02,0.01,0.04,0.01,0.02,0.02,0.02,0.20,0.03,0.03,0.01,0.00,0.00,0.19,0.05,0.06,0.02,0.35,0.18,0.02,0.02,0.21,0.30,0.10,0.00,0.01,0.01,0.01,0.00,0.00,0.00,0.00,0.00,0.00,0.00,0.00,0.00,0.00,0.00,0.01,0.00,0.00,0.00,0.00,0.00,0.00,0.00,0.00,0.00,0.00,0.02,0.00,0.00,0.00,0.00,0.00,0.00,0.00,0.00,0.00,0.00,0.00,0.00,0.00,0.00,0.00,0.00,0.00,0.00,0.00,0.00,0.00,0.00,0.00,0.00,0.00,0.00,0.00,0.00,0.00,0.00,0.00,0.00,0.00,0.00,0.00,0.00,0.00,0.00,0.01,0.00,0.00,0.00,0.00,0.00,0.00,0.00,0.00,0.00,0.00,0.00,0.00,0.00,0.00,0.00
1922,0.01,0.01,0.00,0.00,0.00,0.00,0.00,0.00,0.00,0.00,0.00,0.00,0.00,0.00,0.00,0.00,0.00,0.00,0.00,0.00,0.00,0.01,0.01,0.02,0.01,0.00,0.00,0.02,0.00,0.00,0.00,0.00,0.00,0.00,0.00,0.00,0.00,0.00,0.00,0.00,0.00,0.01,0.00,0.00,0.00,0.00,0.01,0.00,0.00,0.00,0.00,0.00,0.00,0.00,0.00,0.00,0.00,0.00,0.00,0.00,0.00,0.00,0.00,0.00,0.02,0.01,0.63,0.38,0.17,0.06,0.05,0.20,0.04,0.10,0.08,0.08,1.02,0.15,0.15,0.04,0.00,0.01,0.67,0.16,0.20,0.06,1.25,0.70,0.08,0.10,0.85,1.09,0.37,0.00,0.08,0.03,0.02,0.00,0.01,0.00,0.00,0.00,0.01,0.00,0.01,0.01,0.00,0.00,0.06,0.02,0.00,0.00,0.01,0.00,0.00,0.00,0.00,0.00,0.00,0.07,0.00,0.00,0.00,0.00,0.00,0.00,0.00,0.00,0.00,0.00,0.00,0.00,0.00,0.00,0.00,0.00,0.00,0.00,0.00,0.00,0.00,0.00,0.00,0.00,0.00,0.00,0.00,0.00,0.00,0.00,0.00,0.00,0.00,0.00,0.00,0.00,0.00,0.00,0.02,0.00,0.00,0.00,0.00,0.00,0.00,0.00,0.00,0.00,0.00,0.00,0.00,0.01,0.00,0.00
1923,0.00,0.00,0.00,0.00,0.00,0.00,0.00,0.00,0.00,0.00,0.00,0.00,0.00,0.00,0.00,0.00,0.00,0.00,0.00,0.00,0.00,0.00,0.00,0.01,0.00,0.00,0.00,0.01,0.00,0.00,0.00,0.00,0.00,0.00,0.00,0.00,0.00,0.00,0.00,0.00,0.00,0.00,0.00,0.00,0.00,0.00,0.00,0.00,0.00,0.00,0.00,0.00,0.00,0.00,0.00,0.00,0.00,0.00,0.00,0.00,0.00,0.00,0.00,0.00,0.01,0.00,0.21,0.13,0.06,0.02,0.01,0.08,0.02,0.04,0.03,0.03,0.44,0.06,0.05,0.02,0.00,0.00,0.29,0.07,0.08,0.03,0.54,0.28,0.04,0.03,0.32,0.47,0.15,0.00,0.01,0.01,0.01,0.00,0.00,0.00,0.00,0.00,0.00,0.00,0.00,0.00,0.00,0.00,0.02,0.01,0.00,0.00,0.00,0.00,0.00,0.00,0.00,0.00,0.00,0.03,0.00,0.00,0.00,0.00,0.00,0.00,0.00,0.00,0.00,0.00,0.00,0.00,0.00,0.00,0.00,0.00,0.00,0.00,0.00,0.00,0.00,0.00,0.00,0.00,0.00,0.00,0.00,0.00,0.00,0.00,0.00,0.00,0.00,0.00,0.00,0.00,0.00,0.00,0.00,0.00,0.00,0.00,0.00,0.00,0.00,0.00,0.00,0.00,0.00,0.00,0.00,0.00,0.00,0.00
1924,0.00,0.01,0.00,0.00,0.00,0.00,0.00,0.00,0.00,0.00,0.00,0.00,0.00,0.00,0.00,0.00,0.00,0.00,0.00,0.00,0.00,0.01,0.01,0.01,0.00,0.00,0.00,0.01,0.00,0.00,0.00,0.00,0.00,0.00,0.00,0.00,0.00,0.00,0.00,0.00,0.00,0.01,0.00,0.00,0.00,0.00,0.01,0.00,0.00,0.00,0.00,0.00,0.00,0.00,0.00,0.00,0.00,0.00,0.00,0.00,0.00,0.00,0.00,0.00,0.02,0.01,0.46,0.29,0.12,0.05,0.03,0.17,0.03,0.08,0.07,0.07,0.95,0.14,0.11,0.04,0.00,0.01,0.61,0.14,0.19,0.06,1.13,0.63,0.08,0.09,0.75,0.99,0.33,0.00,0.02,0.03,0.02,0.00,0.01,0.00,0.00,0.00,0.01,0.00,0.01,0.01,0.00,0.00,0.05,0.02,0.00,0.00,0.01,0.00,0.00,0.00,0.00,0.00,0.00,0.07,0.00,0.00,0.00,0.00,0.00,0.00,0.00,0.00,0.00,0.00,0.00,0.00,0.00,0.00,0.00,0.00,0.00,0.00,0.00,0.00,0.00,0.00,0.00,0.00,0.00,0.00,0.00,0.00,0.00,0.00,0.00,0.00,0.00,0.00,0.00,0.00,0.00,0.00,0.02,0.00,0.00,0.00,0.00,0.00,0.00,0.00,0.00,0.00,0.00,0.00,0.00,0.01,0.00,0.00
1925,0.02,0.02,0.01,0.01,0.01,0.00,0.00,0.01,0.00,0.00,0.00,0.00,0.00,0.00,0.00,0.00,0.00,0.00,0.00,0.00,0.00,0.02,0.02,0.02,0.01,0.00,0.00,0.02,0.00,0.00,0.00,0.00,0.00,0.00,0.00,0.00,0.00,0.00,0.00,0.00,0.00,0.01,0.00,0.00,0.00,0.00,0.01,0.00,0.00,0.00,0.00,0.00,0.00,0.00,0.00,0.00,0.00,0.00,0.00,0.00,0.00,0.01,0.00,0.00,0.03,0.01,0.62,0.35,0.17,0.06,0.05,0.17,0.03,0.06,0.06,0.06,0.88,0.13,0.14,0.03,0.00,0.01,0.50,0.12,0.16,0.05,0.93,0.54,0.06,0.07,0.66,0.82,0.27,0.00,0.02,0.02,0.01,0.00,0.01,0.00,0.00,0.00,0.01,0.00,0.01,0.01,0.00,0.00,0.05,0.02,0.00,0.00,0.01,0.00,0.00,0.00,0.00,0.00,0.00,0.05,0.00,0.00,0.00,0.00,0.00,0.00,0.00,0.00,0.00,0.00,0.00,0.00,0.00,0.00,0.00,0.00,0.00,0.00,0.00,0.00,0.00,0.00,0.00,0.00,0.00,0.00,0.00,0.00,0.00,0.00,0.00,0.00,0.00,0.00,0.00,0.00,0.00,0.00,0.04,0.00,0.00,0.00,0.00,0.00,0.00,0.00,0.00,0.00,0.00,0.00,0.00,0.01,0.00,0.00
1926,0.00,0.01,0.00,0.00,0.00,0.00,0.00,0.00,0.00,0.00,0.00,0.00,0.00,0.00,0.00,0.00,0.00,0.00,0.00,0.00,0.00,0.01,0.01,0.02,0.01,0.00,0.00,0.02,0.00,0.00,0.00,0.00,0.00,0.00,0.00,0.00,0.00,0.00,0.00,0.00,0.00,0.01,0.00,0.00,0.00,0.00,0.01,0.00,0.00,0.00,0.00,0.00,0.00,0.00,0.00,0.00,0.00,0.00,0.00,0.00,0.00,0.00,0.00,0.00,0.02,0.01,0.57,0.35,0.16,0.06,0.04,0.19,0.03,0.07,0.07,0.07,1.06,0.16,0.14,0.04,0.00,0.01,0.60,0.14,0.19,0.06,1.13,0.64,0.08,0.09,0.78,0.99,0.32,0.00,0.02,0.03,0.02,0.00,0.01,0.00,0.00,0.00,0.01,0.00,0.01,0.01,0.00,0.00,0.05,0.02,0.00,0.00,0.01,0.00,0.00,0.00,0.00,0.00,0.00,0.07,0.00,0.00,0.00,0.00,0.00,0.00,0.00,0.00,0.00,0.00,0.00,0.00,0.00,0.00,0.00,0.00,0.00,0.00,0.00,0.00,0.00,0.00,0.00,0.00,0.00,0.00,0.00,0.00,0.00,0.00,0.00,0.00,0.00,0.00,0.00,0.00,0.00,0.00,0.02,0.00,0.00,0.00,0.00,0.00,0.00,0.00,0.00,0.00,0.00,0.00,0.00,0.01,0.00,0.00
1927,0.00,0.00,0.00,0.00,0.00,0.00,0.00,0.00,0.00,0.00,0.00,0.00,0.00,0.00,0.00,0.00,0.00,0.00,0.00,0.00,0.00,0.00,0.00,0.01,0.00,0.00,0.00,0.01,0.00,0.00,0.00,0.00,0.00,0.00,0.00,0.00,0.00,0.00,0.00,0.00,0.00,0.00,0.00,0.00,0.00,0.00,0.01,0.00,0.00,0.00,0.00,0.00,0.00,0.00,0.00,0.00,0.00,0.00,0.00,0.00,0.00,0.00,0.00,0.00,0.01,0.01,0.27,0.16,0.08,0.03,0.02,0.08,0.01,0.03,0.02,0.03,0.40,0.05,0.07,0.02,0.00,0.00,0.24,0.06,0.08,0.02,0.46,0.25,0.03,0.03,0.30,0.40,0.12,0.00,0.01,0.01,0.01,0.00,0.00,0.00,0.00,0.00,0.00,0.00,0.00,0.00,0.00,0.00,0.02,0.01,0.00,0.00,0.00,0.00,0.00,0.00,0.00,0.00,0.00,0.02,0.00,0.00,0.00,0.00,0.00,0.00,0.00,0.00,0.00,0.00,0.00,0.00,0.00,0.00,0.00,0.00,0.00,0.00,0.00,0.00,0.00,0.00,0.00,0.00,0.00,0.00,0.00,0.00,0.00,0.00,0.00,0.00,0.00,0.00,0.00,0.00,0.00,0.00,0.01,0.00,0.00,0.00,0.00,0.00,0.00,0.00,0.00,0.00,0.00,0.00,0.00,0.00,0.00,0.00
1928,0.01,0.02,0.01,0.00,0.00,0.00,0.00,0.00,0.00,0.00,0.00,0.00,0.00,0.00,0.00,0.00,0.00,0.00,0.00,0.00,0.00,0.01,0.01,0.02,0.01,0.00,0.00,0.02,0.00,0.00,0.00,0.00,0.00,0.00,0.00,0.00,0.00,0.00,0.00,0.00,0.00,0.01,0.00,0.00,0.00,0.00,0.01,0.00,0.00,0.00,0.00,0.00,0.00,0.00,0.00,0.00,0.00,0.00,0.00,0.00,0.00,0.00,0.00,0.00,0.03,0.01,0.59,0.35,0.16,0.06,0.04,0.18,0.03,0.07,0.06,0.07,0.95,0.14,0.14,0.03,0.00,0.01,0.58,0.13,0.18,0.05,1.09,0.62,0.07,0.08,0.72,0.93,0.31,0.00,0.02,0.03,0.02,0.00,0.01,0.00,0.00,0.00,0.01,0.00,0.01,0.01,0.00,0.00,0.05,0.02,0.00,0.00,0.01,0.00,0.00,0.00,0.00,0.00,0.00,0.06,0.00,0.00,0.00,0.00,0.00,0.00,0.00,0.00,0.00,0.00,0.00,0.00,0.00,0.00,0.00,0.00,0.00,0.00,0.00,0.00,0.00,0.00,0.00,0.00,0.00,0.00,0.00,0.00,0.00,0.00,0.00,0.00,0.00,0.00,0.00,0.00,0.00,0.00,0.01,0.00,0.00,0.00,0.00,0.00,0.00,0.00,0.00,0.00,0.00,0.00,0.00,0.01,0.00,0.00
1929,0.00,0.01,0.00,0.00,0.00,0.00,0.00,0.00,0.00,0.00,0.00,0.00,0.00,0.00,0.00,0.00,0.00,0.00,0.00,0.00,0.00,0.00,0.00,0.01,0.00,0.00,0.00,0.01,0.00,0.00,0.00,0.00,0.00,0.00,0.00,0.00,0.00,0.00,0.00,0.00,0.00,0.00,0.00,0.00,0.00,0.00,0.01,0.00,0.00,0.00,0.00,0.00,0.00,0.00,0.00,0.00,0.00,0.00,0.00,0.00,0.00,0.00,0.00,0.00,0.01,0.01,0.33,0.21,0.09,0.03,0.02,0.12,0.02,0.05,0.04,0.05,0.63,0.09,0.08,0.03,0.00,0.01,0.42,0.10,0.12,0.04,0.77,0.41,0.05,0.05,0.48,0.68,0.22,0.00,0.01,0.02,0.01,0.00,0.01,0.00,0.00,0.00,0.00,0.00,0.01,0.00,0.00,0.00,0.03,0.01,0.00,0.00,0.00,0.00,0.00,0.00,0.00,0.00,0.00,0.04,0.00,0.00,0.00,0.00,0.00,0.00,0.00,0.00,0.00,0.00,0.00,0.00,0.00,0.00,0.00,0.00,0.00,0.00,0.00,0.00,0.00,0.00,0.00,0.00,0.00,0.00,0.00,0.00,0.00,0.00,0.00,0.00,0.00,0.00,0.00,0.00,0.00,0.00,0.01,0.00,0.00,0.00,0.00,0.00,0.00,0.00,0.00,0.00,0.00,0.00,0.00,0.01,0.00,0.00
1930,0.02,0.02,0.01,0.01,0.01,0.00,0.00,0.01,0.00,0.00,0.00,0.00,0.00,0.00,0.00,0.00,0.00,0.00,0.00,0.00,0.00,0.02,0.02,0.02,0.01,0.00,0.00,0.02,0.00,0.00,0.00,0.00,0.00,0.00,0.00,0.00,0.00,0.00,0.00,0.00,0.00,0.01,0.00,0.01,0.00,0.00,0.01,0.00,0.00,0.00,0.00,0.00,0.00,0.00,0.00,0.00,0.00,0.00,0.00,0.00,0.00,0.01,0.01,0.00,0.02,0.01,0.61,0.32,0.16,0.05,0.04,0.14,0.02,0.04,0.04,0.05,0.70,0.09,0.11,0.03,0.00,0.01,0.43,0.11,0.15,0.04,0.82,0.45,0.06,0.05,0.52,0.72,0.22,0.00,0.02,0.02,0.01,0.00,0.01,0.00,0.00,0.00,0.01,0.00,0.01,0.01,0.00,0.00,0.04,0.01,0.00,0.00,0.01,0.00,0.00,0.00,0.00,0.00,0.00,0.04,0.00,0.00,0.00,0.00,0.00,0.00,0.00,0.00,0.00,0.00,0.00,0.00,0.00,0.00,0.00,0.00,0.00,0.00,0.00,0.00,0.00,0.00,0.00,0.00,0.00,0.00,0.00,0.00,0.00,0.00,0.00,0.00,0.00,0.00,0.00,0.00,0.00,0.00,0.04,0.00,0.00,0.00,0.00,0.00,0.00,0.00,0.00,0.00,0.00,0.00,0.00,0.01,0.00,0.00
1931,0.03,0.04,0.02,0.01,0.01,0.00,0.01,0.02,0.00,0.00,0.00,0.00,0.00,0.00,0.00,0.00,0.00,0.00,0.00,0.00,0.00,0.03,0.03,0.04,0.01,0.00,0.01,0.04,0.00,0.00,0.00,0.00,0.00,0.00,0.00,0.00,0.00,0.00,0.00,0.00,0.01,0.01,0.00,0.01,0.01,0.00,0.02,0.00,0.00,0.01,0.00,0.00,0.00,0.00,0.00,0.00,0.00,0.00,0.00,0.00,0.00,0.01,0.01,0.00,0.03,0.02,0.96,0.50,0.26,0.08,0.06,0.22,0.03,0.07,0.06,0.07,1.08,0.14,0.18,0.05,0.00,0.01,0.67,0.17,0.24,0.07,1.29,0.70,0.09,0.08,0.80,1.13,0.34,0.00,0.02,0.03,0.02,0.01,0.01,0.01,0.00,0.00,0.01,0.00,0.01,0.01,0.00,0.00,0.07,0.02,0.00,0.00,0.01,0.00,0.00,0.00,0.00,0.00,0.00,0.06,0.00,0.00,0.00,0.00,0.00,0.00,0.00,0.00,0.00,0.00,0.00,0.00,0.00,0.00,0.00,0.00,0.00,0.00,0.00,0.00,0.00,0.00,0.00,0.00,0.00,0.00,0.00,0.00,0.00,0.00,0.00,0.00,0.00,0.00,0.00,0.00,0.00,0.00,0.06,0.00,0.00,0.00,0.00,0.00,0.00,0.00,0.00,0.00,0.00,0.00,0.00,0.01,0.00,0.00
1932,0.01,0.01,0.01,0.00,0.00,0.00,0.00,0.01,0.00,0.00,0.00,0.00,0.00,0.00,0.00,0.00,0.00,0.00,0.00,0.00,0.00,0.01,0.01,0.02,0.01,0.00,0.00,0.02,0.00,0.00,0.00,0.00,0.00,0.00,0.00,0.00,0.00,0.00,0.00,0.00,0.00,0.01,0.00,0.00,0.00,0.00,0.01,0.00,0.00,0.00,0.00,0.00,0.00,0.00,0.00,0.00,0.00,0.00,0.00,0.00,0.00,0.00,0.01,0.00,0.02,0.01,0.47,0.27,0.13,0.05,0.04,0.13,0.02,0.06,0.05,0.05,0.73,0.12,0.12,0.03,0.00,0.01,0.40,0.09,0.13,0.04,0.73,0.44,0.05,0.07,0.55,0.64,0.22,0.00,0.01,0.02,0.01,0.00,0.01,0.00,0.00,0.00,0.00,0.00,0.01,0.00,0.00,0.00,0.04,0.01,0.00,0.00,0.00,0.00,0.00,0.00,0.00,0.00,0.00,0.05,0.00,0.00,0.00,0.00,0.00,0.00,0.00,0.00,0.00,0.00,0.00,0.00,0.00,0.00,0.00,0.00,0.00,0.00,0.00,0.00,0.00,0.00,0.00,0.00,0.00,0.00,0.00,0.00,0.00,0.00,0.00,0.00,0.00,0.00,0.00,0.00,0.00,0.00,0.03,0.00,0.00,0.00,0.00,0.00,0.00,0.00,0.00,0.00,0.00,0.00,0.00,0.01,0.00,0.00
2001,0.01,0.01,0.01,0.00,0.00,0.00,0.00,0.00,0.00,0.00,0.00,0.00,0.00,0.00,0.00,0.00,0.00,0.00,0.00,0.00,0.00,0.00,0.00,0.00,0.00,0.00,0.00,0.00,0.23,0.14,0.69,0.21,0.18,0.15,0.03,0.62,0.07,0.02,0.00,0.01,0.00,0.00,0.00,0.00,0.00,0.00,0.00,0.00,0.01,0.02,0.00,0.00,0.00,0.00,0.00,0.00,0.00,0.00,0.00,0.00,0.00,0.00,0.00,0.00,0.03,0.02,0.63,0.37,0.17,0.06,0.05,0.21,0.04,0.10,0.08,0.08,1.08,0.17,0.15,0.04,0.00,0.01,0.16,0.04,0.05,0.01,0.30,0.17,0.02,0.03,0.21,0.26,0.09,0.00,0.01,0.01,0.01,0.00,0.00,0.00,0.00,0.00,0.00,0.00,0.00,0.00,0.00,0.00,0.02,0.01,0.00,0.00,0.00,0.00,0.00,0.00,0.00,0.00,0.00,0.00,0.00,0.00,0.00,0.00,0.00,0.00,0.00,0.00,0.00,0.00,0.00,0.00,0.00,0.00,0.00,0.00,0.00,0.00,0.00,0.00,0.00,0.00,0.00,0.00,0.00,0.00,0.00,0.00,0.00,0.00,0.00,0.00,0.00,0.00,0.00,0.00,0.00,0.00,0.03,0.00,0.00,0.00,0.00,0.00,0.00,0.00,0.00,0.00,0.00,0.00,0.00,0.00,0.00,0.00
2002,0.01,0.02,0.01,0.01,0.00,0.00,0.00,0.01,0.00,0.00,0.00,0.00,0.00,0.00,0.00,0.00,0.00,0.00,0.00,0.00,0.00,0.00,0.00,0.00,0.00,0.00,0.00,0.00,0.43,0.26,1.46,0.90,0.64,0.60,0.12,2.43,0.28,0.08,0.00,0.03,0.00,0.00,0.00,0.00,0.00,0.00,0.00,0.02,0.03,0.07,0.00,0.00,0.00,0.00,0.00,0.00,0.00,0.00,0.00,0.00,0.00,0.00,0.00,0.00,0.08,0.04,2.44,1.43,0.67,0.24,0.17,0.59,0.13,0.32,0.27,0.23,2.90,0.50,0.64,0.14,0.00,0.03,0.55,0.13,0.18,0.05,1.02,0.56,0.07,0.08,0.67,0.89,0.29,0.00,0.02,0.03,0.02,0.01,0.01,0.01,0.00,0.00,0.01,0.00,0.01,0.01,0.00,0.00,0.06,0.02,0.00,0.00,0.01,0.00,0.00,0.00,0.00,0.00,0.00,0.01,0.00,0.00,0.00,0.00,0.00,0.00,0.00,0.00,0.00,0.00,0.00,0.00,0.00,0.00,0.00,0.00,0.00,0.00,0.00,0.00,0.00,0.00,0.00,0.00,0.00,0.00,0.00,0.00,0.00,0.00,0.00,0.00,0.00,0.00,0.00,0.00,0.00,0.00,0.05,0.00,0.00,0.00,0.00,0.00,0.00,0.00,0.00,0.00,0.00,0.00,0.00,0.01,0.00,0.00
2003,0.02,0.03,0.02,0.01,0.01,0.00,0.01,0.01,0.00,0.00,0.00,0.00,0.00,0.00,0.00,0.00,0.00,0.00,0.00,0.00,0.00,0.00,0.00,0.00,0.00,0.00,0.00,0.00,0.78,0.47,2.07,0.65,0.57,0.48,0.10,2.01,0.23,0.07,0.00,0.03,0.00,0.00,0.00,0.00,0.00,0.00,0.00,0.01,0.02,0.06,0.00,0.00,0.00,0.00,0.00,0.00,0.00,0.00,0.00,0.00,0.00,0.00,0.00,0.00,0.09,0.05,2.07,1.24,0.55,0.20,0.15,0.70,0.14,0.36,0.29,0.28,3.75,0.80,0.66,0.14,0.00,0.03,0.57,0.13,0.18,0.05,1.06,0.61,0.07,0.09,0.75,0.93,0.32,0.00,0.03,0.03,0.02,0.01,0.01,0.01,0.00,0.00,0.01,0.00,0.01,0.01,0.00,0.00,0.07,0.02,0.00,0.00,0.01,0.00,0.00,0.00,0.00,0.00,0.00,0.01,0.00,0.00,0.00,0.00,0.00,0.00,0.00,0.00,0.00,0.00,0.00,0.00,0.00,0.00,0.00,0.00,0.00,0.00,0.00,0.00,0.00,0.00,0.00,0.00,0.00,0.00,0.00,0.00,0.00,0.00,0.00,0.00,0.00,0.00,0.00,0.00,0.00,0.00,0.09,0.00,0.00,0.00,0.00,0.00,0.01,0.00,0.00,0.00,0.00,0.00,0.00,0.01,0.00,0.00
2004,0.03,0.02,0.02,0.01,0.01,0.00,0.01,0.01,0.00,0.00,0.00,0.00,0.00,0.00,0.00,0.00,0.00,0.00,0.00,0.00,0.00,0.00,0.00,0.00,0.00,0.00,0.00,0.00,0.58,0.35,1.86,0.62,0.43,0.41,0.07,1.41,0.17,0.05,0.00,0.02,0.00,0.00,0.00,0.00,0.00,0.00,0.00,0.02,0.03,0.04,0.00,0.00,0.01,0.00,0.00,0.00,0.00,0.00,0.00,0.00,0.00,0.00,0.00,0.00,0.06,0.04,1.36,0.76,0.37,0.13,0.11,0.38,0.07,0.18,0.15,0.15,2.06,0.35,0.33,0.07,0.00,0.02,0.27,0.06,0.09,0.03,0.51,0.30,0.03,0.05,0.38,0.45,0.15,0.00,0.01,0.02,0.01,0.00,0.00,0.00,0.00,0.00,0.00,0.00,0.00,0.00,0.00,0.00,0.04,0.01,0.00,0.00,0.00,0.00,0.00,0.00,0.00,0.00,0.00,0.00,0.00,0.00,0.00,0.00,0.00,0.00,0.00,0.00,0.00,0.00,0.00,0.00,0.00,0.00,0.00,0.00,0.00,0.00,0.00,0.00,0.00,0.00,0.00,0.00,0.00,0.00,0.00,0.00,0.00,0.00,0.00,0.00,0.00,0.00,0.00,0.00,0.00,0.00,0.17,0.00,0.00,0.00,0.00,0.00,0.00,0.00,0.00,0.00,0.00,0.00,0.00,0.01,0.00,0.00
2005,0.02,0.02,0.01,0.01,0.01,0.00,0.00,0.01,0.00,0.00,0.00,0.00,0.00,0.00,0.00,0.00,0.00,0.00,0.00,0.00,0.00,0.00,0.00,0.00,0.00,0.00,0.00,0.00,0.47,0.29,1.54,0.57,0.41,0.38,0.07,1.37,0.16,0.05,0.00,0.02,0.00,0.00,0.00,0.00,0.00,0.00,0.00,0.02,0.03,0.04,0.00,0.00,0.00,0.00,0.00,0.00,0.00,0.00,0.00,0.00,0.00,0.00,0.00,0.00,0.06,0.03,1.33,0.76,0.36,0.13,0.11,0.37,0.07,0.18,0.14,0.14,1.95,0.31,0.31,0.07,0.00,0.02,0.28,0.06,0.09,0.03,0.52,0.30,0.03,0.05,0.38,0.45,0.15,0.00,0.01,0.02,0.01,0.00,0.00,0.00,0.00,0.00,0.00,0.00,0.00,0.00,0.00,0.00,0.03,0.01,0.00,0.00,0.00,0.00,0.00,0.00,0.00,0.00,0.00,0.00,0.00,0.00,0.00,0.00,0.00,0.00,0.00,0.00,0.00,0.00,0.00,0.00,0.00,0.00,0.00,0.00,0.00,0.00,0.00,0.00,0.00,0.00,0.00,0.00,0.00,0.00,0.00,0.00,0.00,0.00,0.00,0.00,0.00,0.00,0.00,0.00,0.00,0.00,0.08,0.00,0.00,0.00,0.00,0.00,0.00,0.00,0.00,0.00,0.00,0.00,0.00,0.01,0.00,0.00
2007,0.02,0.03,0.02,0.01,0.01,0.00,0.00,0.01,0.00,0.00,0.00,0.00,0.00,0.00,0.00,0.00,0.00,0.00,0.00,0.00,0.00,0.00,0.00,0.00,0.00,0.00,0.00,0.00,0.64,0.39,2.14,1.06,0.76,0.72,0.13,2.69,0.32,0.09,0.00,0.04,0.00,0.00,0.00,0.00,0.00,0.00,0.00,0.03,0.04,0.08,0.00,0.00,0.00,0.00,0.00,0.00,0.00,0.00,0.00,0.00,0.00,0.00,0.00,0.00,0.11,0.07,2.67,1.53,0.72,0.26,0.21,0.81,0.14,0.37,0.31,0.31,4.45,0.75,0.65,0.15,0.00,0.03,0.58,0.13,0.18,0.05,1.08,0.63,0.07,0.10,0.78,0.95,0.32,0.00,0.03,0.03,0.02,0.01,0.01,0.01,0.00,0.00,0.01,0.00,0.01,0.01,0.00,0.00,0.07,0.02,0.00,0.00,0.01,0.00,0.00,0.00,0.00,0.00,0.00,0.01,0.00,0.00,0.00,0.00,0.00,0.00,0.00,0.00,0.00,0.00,0.00,0.00,0.00,0.00,0.00,0.00,0.00,0.00,0.00,0.00,0.00,0.00,0.00,0.00,0.00,0.00,0.00,0.00,0.00,0.00,0.00,0.00,0.00,0.00,0.00,0.00,0.00,0.00,0.11,0.00,0.00,0.00,0.00,0.00,0.01,0.00,0.00,0.00,0.00,0.00,0.00,0.01,0.00,0.00
2008,0.01,0.01,0.00,0.00,0.00,0.00,0.00,0.00,0.00,0.00,0.00,0.00,0.00,0.00,0.00,0.00,0.00,0.00,0.00,0.00,0.00,0.00,0.00,0.00,0.00,0.00,0.00,0.00,0.16,0.10,0.46,0.14,0.12,0.10,0.02,0.42,0.05,0.01,0.00,0.01,0.00,0.00,0.00,0.00,0.00,0.00,0.00,0.00,0.00,0.01,0.00,0.00,0.00,0.00,0.00,0.00,0.00,0.00,0.00,0.00,0.00,0.00,0.00,0.00,0.02,0.01,0.43,0.26,0.11,0.04,0.03,0.14,0.03,0.07,0.06,0.06,0.77,0.12,0.10,0.03,0.00,0.01,0.11,0.03,0.04,0.01,0.21,0.12,0.01,0.02,0.15,0.18,0.06,0.00,0.01,0.01,0.00,0.00,0.00,0.00,0.00,0.00,0.00,0.00,0.00,0.00,0.00,0.00,0.01,0.00,0.00,0.00,0.00,0.00,0.00,0.00,0.00,0.00,0.00,0.00,0.00,0.00,0.00,0.00,0.00,0.00,0.00,0.00,0.00,0.00,0.00,0.00,0.00,0.00,0.00,0.00,0.00,0.00,0.00,0.00,0.00,0.00,0.00,0.00,0.00,0.00,0.00,0.00,0.00,0.00,0.00,0.00,0.00,0.00,0.00,0.00,0.00,0.00,0.02,0.00,0.00,0.00,0.00,0.00,0.00,0.00,0.00,0.00,0.00,0.00,0.00,0.00,0.00,0.00
2009,0.01,0.02,0.01,0.00,0.00,0.00,0.00,0.00,0.00,0.00,0.00,0.00,0.00,0.00,0.00,0.00,0.00,0.00,0.00,0.00,0.00,0.00,0.00,0.00,0.00,0.00,0.00,0.00,0.34,0.21,1.17,0.77,0.56,0.52,0.10,2.17,0.25,0.08,0.00,0.03,0.00,0.00,0.00,0.00,0.00,0.00,0.00,0.02,0.04,0.07,0.00,0.00,0.00,0.00,0.00,0.00,0.00,0.00,0.00,0.00,0.00,0.00,0.00,0.00,0.08,0.05,2.19,1.30,0.61,0.21,0.17,0.72,0.13,0.33,0.27,0.29,3.97,0.64,0.53,0.14,0.00,0.03,0.54,0.13,0.16,0.05,1.01,0.57,0.07,0.08,0.69,0.88,0.30,0.00,0.03,0.03,0.02,0.01,0.01,0.01,0.00,0.00,0.01,0.00,0.01,0.01,0.00,0.00,0.06,0.02,0.00,0.00,0.01,0.00,0.00,0.00,0.00,0.00,0.00,0.01,0.00,0.00,0.00,0.00,0.00,0.00,0.00,0.00,0.00,0.00,0.00,0.00,0.00,0.00,0.00,0.00,0.00,0.00,0.00,0.00,0.00,0.00,0.00,0.00,0.00,0.00,0.00,0.00,0.00,0.00,0.00,0.00,0.00,0.00,0.00,0.00,0.00,0.00,0.05,0.00,0.00,0.00,0.00,0.00,0.01,0.00,0.00,0.00,0.00,0.00,0.00,0.01,0.00,0.00
2010,0.00,0.00,0.00,0.00,0.00,0.00,0.00,0.00,0.00,0.00,0.00,0.00,0.00,0.00,0.00,0.00,0.00,0.00,0.00,0.00,0.00,0.00,0.00,0.00,0.00,0.00,0.00,0.00,0.11,0.07,0.38,0.23,0.18,0.17,0.03,0.69,0.08,0.02,0.00,0.01,0.00,0.00,0.00,0.00,0.00,0.00,0.00,0.00,0.01,0.02,0.00,0.00,0.00,0.00,0.00,0.00,0.00,0.00,0.00,0.00,0.00,0.00,0.00,0.00,0.03,0.02,0.71,0.42,0.19,0.07,0.05,0.23,0.04,0.11,0.09,0.09,1.26,0.20,0.17,0.05,0.00,0.01,0.18,0.04,0.05,0.02,0.33,0.19,0.02,0.03,0.23,0.29,0.10,0.00,0.01,0.01,0.01,0.00,0.00,0.00,0.00,0.00,0.00,0.00,0.00,0.00,0.00,0.00,0.02,0.01,0.00,0.00,0.00,0.00,0.00,0.00,0.00,0.00,0.00,0.00,0.00,0.00,0.00,0.00,0.00,0.00,0.00,0.00,0.00,0.00,0.00,0.00,0.00,0.00,0.00,0.00,0.00,0.00,0.00,0.00,0.00,0.00,0.00,0.00,0.00,0.00,0.00,0.00,0.00,0.00,0.00,0.00,0.00,0.00,0.00,0.00,0.00,0.00,0.01,0.00,0.00,0.00,0.00,0.00,0.00,0.00,0.00,0.00,0.00,0.00,0.00,0.00,0.00,0.00
2011,0.01,0.02,0.01,0.01,0.01,0.00,0.00,0.01,0.00,0.00,0.00,0.00,0.00,0.00,0.00,0.00,0.00,0.00,0.00,0.00,0.00,0.00,0.00,0.00,0.00,0.00,0.00,0.00,0.49,0.30,1.62,0.77,0.53,0.50,0.09,1.86,0.22,0.06,0.00,0.03,0.00,0.00,0.00,0.00,0.00,0.00,0.00,0.02,0.04,0.05,0.00,0.00,0.00,0.00,0.00,0.00,0.00,0.00,0.00,0.00,0.00,0.00,0.00,0.00,0.08,0.05,1.82,1.04,0.50,0.18,0.15,0.54,0.10,0.24,0.21,0.21,2.94,0.49,0.44,0.10,0.00,0.02,0.39,0.09,0.12,0.04,0.71,0.42,0.05,0.07,0.53,0.62,0.22,0.00,0.02,0.02,0.02,0.00,0.01,0.00,0.00,0.00,0.01,0.00,0.01,0.01,0.00,0.00,0.05,0.02,0.00,0.00,0.01,0.00,0.00,0.00,0.00,0.00,0.00,0.00,0.00,0.00,0.00,0.00,0.00,0.00,0.00,0.00,0.00,0.00,0.00,0.00,0.00,0.00,0.00,0.00,0.00,0.00,0.00,0.00,0.00,0.00,0.00,0.00,0.00,0.00,0.00,0.00,0.00,0.00,0.00,0.00,0.00,0.00,0.00,0.00,0.00,0.00,0.09,0.00,0.00,0.00,0.00,0.00,0.00,0.00,0.00,0.00,0.00,0.00,0.00,0.01,0.00,0.00
2012,0.03,0.03,0.01,0.00,0.00,0.00,0.01,0.00,0.00,0.00,0.00,0.00,0.00,0.00,0.00,0.00,0.00,0.00,0.00,0.00,0.00,0.00,0.00,0.00,0.00,0.00,0.00,0.00,0.82,0.47,1.15,0.37,0.38,0.29,0.07,1.44,0.16,0.05,0.00,0.02,0.00,0.00,0.00,0.00,0.00,0.00,0.00,0.01,0.01,0.04,0.00,0.00,0.00,0.00,0.00,0.00,0.00,0.00,0.00,0.00,0.00,0.00,0.00,0.00,0.06,0.03,1.56,1.01,0.40,0.16,0.10,0.64,0.16,0.39,0.33,0.29,3.66,0.50,0.36,0.16,0.00,0.04,0.70,0.17,0.21,0.07,1.29,0.69,0.09,0.09,0.81,1.13,0.37,0.01,0.03,0.04,0.03,0.01,0.01,0.01,0.00,0.01,0.01,0.00,0.01,0.01,0.00,0.00,0.07,0.02,0.00,0.00,0.01,0.00,0.00,0.00,0.00,0.00,0.00,0.01,0.00,0.00,0.00,0.00,0.00,0.00,0.00,0.00,0.00,0.00,0.00,0.00,0.00,0.00,0.00,0.00,0.00,0.00,0.00,0.00,0.00,0.00,0.00,0.00,0.00,0.00,0.00,0.00,0.00,0.00,0.00,0.00,0.00,0.00,0.00,0.00,0.00,0.00,0.04,0.01,0.01,0.00,0.00,0.00,0.01,0.00,0.00,0.00,0.00,0.00,0.00,0.02,0.00,0.00
2013,0.00,0.00,0.00,0.00,0.00,0.00,0.00,0.00,0.00,0.00,0.00,0.00,0.00,0.00,0.00,0.00,0.00,0.00,0.00,0.00,0.00,0.00,0.00,0.00,0.00,0.00,0.00,0.00,0.02,0.01,0.06,0.02,0.02,0.01,0.00,0.05,0.01,0.00,0.00,0.00,0.00,0.00,0.00,0.00,0.00,0.00,0.00,0.00,0.00,0.00,0.00,0.00,0.00,0.00,0.00,0.00,0.00,0.00,0.00,0.00,0.00,0.00,0.00,0.00,0.00,0.00,0.05,0.03,0.01,0.00,0.00,0.01,0.00,0.00,0.00,0.00,0.07,0.01,0.01,0.00,0.00,0.00,0.01,0.00,0.00,0.00,0.02,0.01,0.00,0.00,0.01,0.02,0.00,0.00,0.00,0.00,0.00,0.00,0.00,0.00,0.00,0.00,0.00,0.00,0.00,0.00,0.00,0.00,0.00,0.00,0.00,0.00,0.00,0.00,0.00,0.00,0.00,0.00,0.00,0.00,0.00,0.00,0.00,0.00,0.00,0.00,0.00,0.00,0.00,0.00,0.00,0.00,0.00,0.00,0.00,0.00,0.00,0.00,0.00,0.00,0.00,0.00,0.00,0.00,0.00,0.00,0.00,0.00,0.00,0.00,0.00,0.00,0.00,0.00,0.00,0.00,0.00,0.00,0.00,0.00,0.00,0.00,0.00,0.00,0.00,0.00,0.00,0.00,0.00,0.00,0.00,0.00,0.00,0.00
2101,0.00,0.00,0.00,0.00,0.00,0.00,0.00,0.00,0.00,0.00,0.00,0.00,0.00,0.00,0.00,0.00,0.00,0.00,0.00,0.00,0.00,0.00,0.00,0.00,0.00,0.00,0.00,0.00,0.00,0.00,0.00,0.00,0.00,0.00,0.00,0.00,0.00,0.00,0.00,0.00,0.00,0.00,0.00,0.00,0.00,0.00,0.00,0.00,0.00,0.00,0.00,0.00,0.00,0.00,0.00,0.00,0.00,0.00,0.00,0.00,0.00,0.00,0.00,0.00,0.00,0.00,0.09,0.02,0.01,0.00,0.00,0.01,0.00,0.01,0.01,0.01,0.07,0.03,0.02,0.00,0.00,0.00,0.01,0.00,0.00,0.00,0.02,0.01,0.00,0.00,0.01,0.02,0.01,0.00,0.02,0.03,0.02,0.00,0.01,0.00,0.00,0.00,0.01,0.00,0.01,0.01,0.00,0.00,0.06,0.02,0.00,0.00,0.01,0.00,0.00,0.00,0.00,0.00,0.00,0.00,0.00,0.00,0.00,0.00,0.00,0.00,0.00,0.00,0.00,0.00,0.00,0.00,0.00,0.00,0.00,0.00,0.00,0.00,0.00,0.00,0.00,0.00,0.00,0.00,0.00,0.01,0.00,0.00,0.00,0.01,0.01,0.01,0.00,0.00,0.00,0.01,0.00,0.00,0.00,0.00,0.00,0.00,0.00,0.00,0.00,0.00,0.00,0.00,0.00,0.00,0.00,0.01,0.00,0.00
2401,0.00,0.00,0.00,0.00,0.00,0.00,0.00,0.00,0.00,0.00,0.00,0.00,0.00,0.00,0.00,0.00,0.01,0.00,0.00,0.00,0.00,0.03,0.03,0.03,0.01,0.00,0.00,0.03,0.00,0.00,0.00,0.00,0.00,0.00,0.00,0.00,0.00,0.00,0.00,0.00,0.01,0.02,0.01,0.01,0.01,0.00,0.03,0.00,0.00,0.00,0.00,0.00,0.00,0.00,0.00,0.00,0.00,0.00,0.00,0.00,0.00,0.00,0.00,0.00,0.01,0.00,0.13,0.07,0.03,0.01,0.01,0.03,0.01,0.02,0.01,0.01,0.13,0.02,0.02,0.01,0.00,0.00,0.11,0.03,0.03,0.01,0.19,0.11,0.02,0.02,0.16,0.17,0.05,0.06,0.37,0.50,0.36,0.07,0.15,0.08,0.03,0.05,0.11,0.04,0.15,0.12,0.01,0.00,0.00,0.00,0.00,0.05,0.00,0.02,0.04,0.00,0.00,0.00,0.00,0.01,0.00,0.00,0.00,0.00,0.00,0.00,0.00,0.00,0.00,0.00,0.00,0.00,0.00,0.00,0.00,0.00,0.00,0.00,0.00,0.00,0.00,0.00,0.00,0.00,0.00,0.00,0.00,0.00,0.00,0.00,0.00,0.00,0.00,0.00,0.00,0.00,0.00,0.00,0.00,0.00,0.06,0.02,0.03,0.02,0.05,0.04,0.00,0.01,0.02,0.01,0.01,0.13,0.02,0.01
2402,0.00,0.00,0.00,0.00,0.00,0.00,0.00,0.00,0.00,0.01,0.00,0.00,0.01,0.01,0.00,0.01,0.04,0.00,0.00,0.01,0.01,0.29,0.35,0.31,0.12,0.01,0.04,0.32,0.01,0.01,0.03,0.01,0.01,0.01,0.00,0.02,0.00,0.00,0.00,0.00,0.10,0.17,0.06,0.12,0.11,0.04,0.28,0.02,0.03,0.05,0.00,0.00,0.02,0.00,0.00,0.00,0.00,0.00,0.00,0.00,0.00,0.00,0.00,0.00,0.05,0.03,1.33,0.74,0.36,0.12,0.03,0.17,0.05,0.10,0.11,0.07,0.78,0.13,0.08,0.08,0.00,0.01,0.78,0.20,0.25,0.07,1.66,0.78,0.11,0.09,1.13,1.55,0.34,0.41,2.52,3.40,2.61,0.49,1.10,0.54,0.20,0.29,0.75,0.25,1.03,0.92,0.07,0.10,11.64,3.19,0.01,0.37,0.49,0.15,0.26,0.02,0.00,0.00,0.00,0.11,0.00,0.00,0.00,0.00,0.00,0.00,0.01,0.00,0.00,0.00,0.00,0.00,0.00,0.00,0.00,0.00,0.00,0.00,0.00,0.00,0.00,0.00,0.00,0.00,0.00,0.00,0.00,0.00,0.00,0.00,0.00,0.00,0.00,0.00,0.00,0.00,0.00,0.00,0.01,0.69,0.00,0.00,0.00,0.00,0.00,0.00,0.00,0.00,0.00,0.00,0.00,0.00,0.00,0.00
2403,0.00,0.00,0.00,0.00,0.00,0.00,0.00,0.00,0.00,0.01,0.00,0.01,0.02,0.02,0.01,0.02,0.11,0.01,0.01,0.02,0.02,0.73,0.85,0.80,0.29,0.03,0.11,0.79,0.03,0.02,0.08,0.02,0.02,0.02,0.00,0.05,0.01,0.00,0.00,0.00,0.22,0.37,0.14,0.30,0.28,0.09,0.70,0.05,0.07,0.12,0.00,0.00,0.04,0.00,0.00,0.00,0.00,0.00,0.00,0.00,0.00,0.00,0.00,0.00,0.12,0.07,7.08,1.85,0.89,0.29,0.06,0.33,0.10,0.23,0.24,0.15,1.51,0.25,0.16,0.20,0.00,0.02,1.77,0.48,0.56,0.17,2.85,2.25,0.27,0.19,3.58,2.63,0.92,0.93,5.63,7.61,6.03,1.07,2.55,1.21,0.41,0.59,1.67,0.56,2.36,2.18,0.16,0.22,16.30,7.24,0.02,0.83,1.15,0.34,0.59,0.05,0.00,0.00,0.00,0.25,0.00,0.00,0.00,0.00,0.00,0.00,0.01,0.00,0.00,0.00,0.00,0.00,0.00,0.00,0.00,0.00,0.00,0.01,0.01,0.01,0.00,0.01,0.00,0.00,0.00,0.01,0.01,0.01,0.01,0.00,0.00,0.01,0.00,0.01,0.01,0.01,0.00,0.00,0.03,1.79,0.00,0.00,0.00,0.00,0.00,0.00,0.00,0.00,0.00,0.00,0.00,0.00,0.00,0.00
2404,0.00,0.00,0.00,0.00,0.00,0.00,0.00,0.00,0.00,0.01,0.00,0.00,0.02,0.01,0.01,0.01,0.08,0.01,0.01,0.01,0.02,0.51,0.60,0.54,0.20,0.02,0.07,0.55,0.02,0.01,0.06,0.02,0.01,0.01,0.00,0.04,0.00,0.00,0.00,0.00,0.17,0.29,0.10,0.21,0.20,0.07,0.48,0.04,0.06,0.08,0.00,0.00,0.03,0.00,0.00,0.00,0.00,0.00,0.00,0.00,0.00,0.00,0.00,0.00,0.09,0.05,2.31,1.28,0.62,0.20,0.06,0.36,0.08,0.19,0.19,0.13,1.35,0.22,0.15,0.13,0.00,0.02,1.40,0.36,0.44,0.13,2.34,1.41,0.20,0.17,2.03,2.13,0.63,0.74,4.58,6.16,4.69,0.89,1.98,0.99,0.37,0.53,1.37,0.46,1.85,1.64,0.13,0.18,13.18,5.60,0.01,0.67,1.24,0.27,0.48,0.04,0.00,0.00,0.00,0.19,0.00,0.00,0.00,0.00,0.00,0.00,0.01,0.00,0.00,0.00,0.00,0.00,0.00,0.00,0.00,0.00,0.00,0.00,0.00,0.01,0.00,0.01,0.00,0.00,0.00,0.00,0.01,0.00,0.01,0.00,0.00,0.01,0.00,0.01,0.01,0.00,0.00,0.00,0.02,1.12,0.00,0.00,0.00,0.00,0.00,0.00,0.00,0.00,0.00,0.00,0.00,0.00,0.00,0.00
2405,0.00,0.00,0.00,0.00,0.00,0.00,0.00,0.00,0.00,0.00,0.00,0.00,0.00,0.00,0.00,0.00,0.01,0.00,0.00,0.00,0.00,0.10,0.11,0.11,0.04,0.00,0.01,0.11,0.00,0.00,0.01,0.00,0.00,0.00,0.00,0.01,0.00,0.00,0.00,0.00,0.03,0.04,0.02,0.04,0.04,0.01,0.10,0.01,0.01,0.02,0.00,0.00,0.01,0.00,0.00,0.00,0.00,0.00,0.00,0.00,0.00,0.00,0.00,0.00,0.01,0.01,0.83,0.25,0.12,0.04,0.01,0.03,0.01,0.03,0.03,0.02,0.16,0.03,0.02,0.03,0.00,0.00,0.21,0.06,0.07,0.02,0.32,0.24,0.03,0.02,0.38,0.30,0.09,0.11,0.64,0.87,0.72,0.12,0.30,0.14,0.04,0.06,0.19,0.06,0.28,0.27,0.02,0.03,1.85,0.86,0.00,0.09,0.17,0.04,0.07,0.01,0.00,0.00,0.00,0.03,0.00,0.00,0.00,0.00,0.00,0.00,0.00,0.00,0.00,0.00,0.00,0.00,0.00,0.00,0.00,0.00,0.00,0.00,0.00,0.00,0.00,0.00,0.00,0.00,0.00,0.00,0.00,0.00,0.00,0.00,0.00,0.00,0.00,0.00,0.00,0.00,0.00,0.00,0.00,0.19,0.00,0.00,0.00,0.00,0.00,0.00,0.00,0.00,0.00,0.00,0.00,0.00,0.00,0.00
2406,0.00,0.00,0.00,0.00,0.00,0.00,0.00,0.00,0.00,0.01,0.00,0.00,0.01,0.01,0.00,0.01,0.05,0.01,0.00,0.01,0.01,0.32,0.38,0.38,0.14,0.01,0.05,0.35,0.01,0.01,0.04,0.01,0.01,0.01,0.00,0.02,0.00,0.00,0.00,0.00,0.08,0.14,0.05,0.13,0.12,0.03,0.33,0.02,0.03,0.11,0.00,0.00,0.02,0.00,0.00,0.00,0.00,0.00,0.00,0.00,0.00,0.00,0.00,0.00,0.05,0.03,2.55,0.84,0.39,0.12,0.02,0.10,0.04,0.07,0.08,0.05,0.45,0.08,0.05,0.11,0.00,0.01,0.60,0.17,0.19,0.06,0.91,0.55,0.10,0.06,0.88,0.85,0.23,0.31,1.81,2.81,2.50,0.37,1.03,0.43,0.12,0.18,0.53,0.17,0.80,0.80,0.05,0.08,6.50,2.57,0.01,0.27,0.36,0.14,0.20,0.02,0.00,0.00,0.00,0.08,0.00,0.00,0.00,0.00,0.00,0.00,0.01,0.00,0.00,0.00,0.00,0.00,0.00,0.00,0.00,0.00,0.00,0.00,0.00,0.00,0.00,0.01,0.00,0.00,0.00,0.00,0.00,0.00,0.00,0.00,0.00,0.00,0.00,0.00,0.00,0.00,0.00,0.00,0.01,0.47,0.00,0.00,0.00,0.00,0.00,0.00,0.00,0.00,0.00,0.00,0.00,0.00,0.00,0.00
2407,0.00,0.00,0.00,0.00,0.00,0.00,0.00,0.00,0.00,0.01,0.00,0.00,0.02,0.02,0.01,0.01,0.10,0.01,0.01,0.02,0.02,0.64,0.76,0.72,0.26,0.03,0.09,0.70,0.02,0.01,0.07,0.02,0.01,0.01,0.00,0.05,0.01,0.00,0.00,0.00,0.19,0.33,0.12,0.26,0.25,0.08,0.63,0.04,0.06,0.25,0.00,0.00,0.04,0.00,0.00,0.00,0.00,0.00,0.00,0.00,0.00,0.00,0.00,0.00,0.10,0.06,5.86,1.65,0.79,0.25,0.05,0.26,0.08,0.17,0.20,0.12,1.19,0.22,0.13,0.19,0.00,0.02,1.40,0.39,0.44,0.13,2.21,1.34,0.22,0.14,2.05,2.05,0.57,0.73,4.37,7.14,6.15,0.95,2.53,1.11,0.33,0.48,1.29,0.43,1.88,1.79,0.12,0.18,17.66,5.92,0.01,0.65,1.33,0.34,0.47,0.04,0.00,0.00,0.00,0.20,0.00,0.00,0.00,0.00,0.00,0.00,0.01,0.00,0.00,0.00,0.00,0.00,0.00,0.00,0.00,0.00,0.00,0.00,0.00,0.01,0.00,0.01,0.00,0.00,0.00,0.01,0.01,0.00,0.01,0.00,0.00,0.01,0.00,0.01,0.01,0.01,0.00,0.00,0.02,1.19,0.00,0.00,0.00,0.00,0.00,0.00,0.00,0.00,0.00,0.00,0.00,0.00,0.00,0.00
2408,0.00,0.00,0.00,0.00,0.00,0.00,0.00,0.00,0.00,0.00,0.00,0.00,0.00,0.00,0.00,0.00,0.00,0.00,0.00,0.00,0.00,0.00,0.00,0.00,0.00,0.00,0.00,0.00,0.00,0.00,0.00,0.00,0.00,0.00,0.00,0.00,0.00,0.00,0.00,0.00,0.00,0.00,0.00,0.00,0.00,0.00,0.00,0.00,0.00,0.00,0.00,0.00,0.00,0.00,0.00,0.00,0.00,0.00,0.00,0.00,0.00,0.00,0.00,0.00,0.00,0.00,0.00,0.00,0.00,0.00,0.00,0.00,0.00,0.00,0.00,0.00,0.00,0.00,0.00,0.00,0.00,0.00,0.00,0.00,0.00,0.00,0.00,0.00,0.00,0.00,0.00,0.00,0.00,0.00,0.00,0.00,0.00,0.00,0.00,0.00,0.00,0.00,0.00,0.00,0.00,0.00,0.00,0.00,0.00,0.00,0.00,0.00,0.00,0.00,0.00,0.00,0.00,0.00,0.00,0.00,0.00,0.00,0.00,0.00,0.00,0.00,0.00,0.00,0.00,0.00,0.00,0.00,0.00,0.00,0.00,0.00,0.00,0.00,0.00,0.00,0.00,0.00,0.00,0.00,0.00,0.00,0.00,0.00,0.00,0.00,0.00,0.00,0.00,0.00,0.00,0.00,0.00,0.00,0.00,0.00,0.00,0.00,0.00,0.00,0.00,0.00,0.00,0.00,0.00,0.00,0.00,0.00,0.00,0.00
2409,0.00,0.00,0.00,0.00,0.00,0.00,0.00,0.00,0.00,0.00,0.00,0.00,0.00,0.00,0.00,0.00,0.01,0.00,0.00,0.00,0.00,0.08,0.09,0.08,0.03,0.00,0.01,0.08,0.00,0.00,0.01,0.00,0.00,0.00,0.00,0.01,0.00,0.00,0.00,0.00,0.03,0.05,0.02,0.03,0.03,0.01,0.07,0.01,0.01,0.01,0.00,0.00,0.00,0.00,0.00,0.00,0.00,0.00,0.00,0.00,0.00,0.00,0.00,0.00,0.02,0.01,0.34,0.19,0.09,0.03,0.01,0.06,0.01,0.04,0.03,0.03,0.33,0.06,0.04,0.02,0.00,0.00,0.25,0.06,0.08,0.02,0.44,0.26,0.03,0.04,0.36,0.39,0.13,0.14,0.86,1.14,0.80,0.17,0.34,0.19,0.11,0.16,0.29,0.10,0.35,0.28,0.03,0.03,5.27,2.36,0.00,0.12,0.25,0.05,0.09,0.01,0.00,0.00,0.00,0.03,0.00,0.00,0.00,0.00,0.00,0.00,0.00,0.00,0.00,0.00,0.00,0.00,0.00,0.00,0.00,0.00,0.00,0.00,0.00,0.00,0.00,0.00,0.00,0.00,0.00,0.00,0.00,0.00,0.00,0.00,0.00,0.00,0.00,0.00,0.00,0.00,0.00,0.00,0.00,0.44,0.00,0.00,0.00,0.00,0.00,0.00,0.00,0.00,0.00,0.00,0.00,0.00,0.00,0.00
2412,0.00,0.00,0.00,0.00,0.00,0.00,0.00,0.00,0.00,0.01,0.00,0.00,0.01,0.01,0.00,0.01,0.05,0.01,0.00,0.01,0.01,0.34,0.40,0.37,0.14,0.01,0.05,0.37,0.01,0.01,0.04,0.01,0.01,0.01,0.00,0.02,0.00,0.00,0.00,0.00,0.11,0.18,0.07,0.14,0.13,0.04,0.33,0.02,0.04,0.05,0.00,0.00,0.02,0.00,0.00,0.00,0.00,0.00,0.00,0.00,0.00,0.00,0.00,0.00,0.05,0.03,1.55,0.86,0.42,0.14,0.03,0.20,0.05,0.11,0.12,0.08,0.76,0.13,0.08,0.09,0.00,0.01,0.87,0.23,0.28,0.08,1.42,0.86,0.13,0.10,1.27,1.30,0.38,0.50,2.80,3.78,2.95,0.54,1.25,0.60,0.30,0.44,1.08,0.36,1.42,1.23,0.10,0.12,8.01,3.51,0.01,0.42,0.80,0.17,0.37,0.02,0.00,0.00,0.00,0.12,0.00,0.00,0.00,0.00,0.00,0.00,0.01,0.00,0.00,0.00,0.00,0.00,0.00,0.00,0.00,0.00,0.00,0.00,0.00,0.00,0.00,0.01,0.00,0.00,0.00,0.00,0.00,0.00,0.00,0.00,0.00,0.00,0.00,0.00,0.00,0.00,0.00,0.00,0.01,0.84,0.00,0.00,0.00,0.00,0.00,0.00,0.00,0.00,0.00,0.00,0.00,0.00,0.00,0.00
2413,0.00,0.00,0.00,0.00,0.00,0.00,0.00,0.00,0.00,0.00,0.00,0.00,0.00,0.00,0.00,0.00,0.02,0.00,0.00,0.00,0.00,0.11,0.13,0.12,0.04,0.00,0.02,0.12,0.00,0.00,0.01,0.00,0.00,0.00,0.00,0.01,0.00,0.00,0.00,0.00,0.04,0.07,0.02,0.05,0.04,0.02,0.10,0.01,0.01,0.02,0.00,0.00,0.01,0.00,0.00,0.00,0.00,0.00,0.00,0.00,0.00,0.00,0.00,0.00,0.02,0.01,0.50,0.28,0.14,0.05,0.02,0.08,0.02,0.05,0.05,0.03,0.39,0.07,0.05,0.03,0.00,0.00,0.34,0.09,0.11,0.03,0.59,0.36,0.05,0.05,0.49,0.53,0.17,0.19,1.16,1.54,1.12,0.23,0.48,0.25,0.12,0.18,0.39,0.13,0.49,0.40,0.04,0.04,3.36,1.35,0.00,0.17,0.33,0.06,0.13,0.01,0.00,0.00,0.00,0.05,0.00,0.00,0.00,0.00,0.00,0.00,0.00,0.00,0.00,0.00,0.00,0.00,0.00,0.00,0.00,0.00,0.00,0.00,0.00,0.00,0.00,0.00,0.00,0.00,0.00,0.00,0.00,0.00,0.00,0.00,0.00,0.00,0.00,0.00,0.00,0.00,0.00,0.00,0.00,0.29,0.00,0.00,0.00,0.00,0.00,0.00,0.00,0.00,0.00,0.00,0.00,0.00,0.00,0.00
2415,0.00,0.00,0.00,0.00,0.00,0.00,0.00,0.00,0.00,0.00,0.00,0.00,0.01,0.00,0.00,0.00,0.02,0.00,0.00,0.00,0.00,0.15,0.18,0.16,0.06,0.01,0.02,0.16,0.01,0.00,0.02,0.01,0.00,0.00,0.00,0.01,0.00,0.00,0.00,0.00,0.05,0.08,0.03,0.06,0.06,0.02,0.14,0.01,0.02,0.02,0.00,0.00,0.01,0.00,0.00,0.00,0.00,0.00,0.00,0.00,0.00,0.00,0.00,0.00,0.03,0.01,1.49,0.38,0.18,0.06,0.01,0.07,0.02,0.05,0.05,0.03,0.31,0.05,0.03,0.04,0.00,0.00,0.37,0.10,0.12,0.04,0.60,0.47,0.06,0.04,0.75,0.55,0.19,0.21,1.18,1.59,1.26,0.22,0.53,0.25,0.12,0.17,0.45,0.15,0.60,0.53,0.04,0.05,3.36,1.33,0.00,0.18,0.10,0.07,0.15,0.01,0.00,0.00,0.00,0.05,0.00,0.00,0.00,0.00,0.00,0.00,0.00,0.00,0.00,0.00,0.00,0.00,0.00,0.00,0.00,0.00,0.00,0.00,0.00,0.00,0.00,0.00,0.00,0.00,0.00,0.00,0.00,0.00,0.00,0.00,0.00,0.00,0.00,0.00,0.00,0.00,0.00,0.00,0.01,0.37,0.00,0.00,0.00,0.00,0.00,0.00,0.00,0.00,0.00,0.00,0.00,0.00,0.00,0.00
2420,0.00,0.00,0.00,0.00,0.00,0.00,0.00,0.00,0.00,0.00,0.00,0.00,0.00,0.00,0.00,0.00,0.00,0.00,0.00,0.00,0.00,0.02,0.02,0.02,0.01,0.00,0.00,0.02,0.00,0.00,0.00,0.00,0.00,0.00,0.00,0.00,0.00,0.00,0.00,0.00,0.00,0.01,0.00,0.01,0.01,0.00,0.02,0.00,0.00,0.00,0.00,0.00,0.00,0.00,0.00,0.00,0.00,0.00,0.00,0.00,0.00,0.00,0.00,0.00,0.00,0.00,0.07,0.04,0.02,0.01,0.00,0.01,0.00,0.00,0.00,0.00,0.03,0.01,0.00,0.00,0.00,0.00,0.04,0.01,0.01,0.00,0.06,0.03,0.01,0.00,0.05,0.05,0.01,0.02,0.11,0.15,0.12,0.02,0.05,0.02,0.01,0.01,0.03,0.01,0.05,0.04,0.00,0.00,0.36,0.15,0.00,0.02,0.02,0.01,0.01,0.00,0.00,0.00,0.00,0.00,0.00,0.00,0.00,0.00,0.00,0.00,0.00,0.00,0.00,0.00,0.00,0.00,0.00,0.00,0.00,0.00,0.00,0.00,0.00,0.00,0.00,0.00,0.00,0.00,0.00,0.00,0.00,0.00,0.00,0.00,0.00,0.00,0.00,0.00,0.00,0.00,0.00,0.00,0.00,0.02,0.00,0.00,0.00,0.00,0.00,0.00,0.00,0.00,0.00,0.00,0.00,0.00,0.00,0.00
2421,0.00,0.00,0.00,0.00,0.00,0.00,0.00,0.00,0.00,0.00,0.00,0.00,0.01,0.00,0.00,0.00,0.02,0.00,0.00,0.00,0.00,0.13,0.16,0.14,0.05,0.01,0.02,0.14,0.00,0.00,0.01,0.00,0.00,0.00,0.00,0.01,0.00,0.00,0.00,0.00,0.05,0.08,0.03,0.06,0.05,0.02,0.12,0.01,0.02,0.02,0.00,0.00,0.01,0.00,0.00,0.00,0.00,0.00,0.00,0.00,0.00,0.00,0.00,0.00,0.02,0.01,0.60,0.33,0.16,0.05,0.02,0.13,0.02,0.06,0.05,0.04,0.45,0.07,0.05,0.03,0.00,0.01,0.41,0.10,0.13,0.04,0.69,0.42,0.06,0.05,0.58,0.63,0.19,0.23,1.35,1.81,1.33,0.27,0.56,0.29,0.17,0.25,0.51,0.18,0.60,0.50,0.05,0.05,3.92,1.60,0.00,0.20,0.38,0.08,0.16,0.01,0.00,0.00,0.00,0.05,0.00,0.00,0.00,0.00,0.00,0.00,0.00,0.00,0.00,0.00,0.00,0.00,0.00,0.00,0.00,0.00,0.00,0.00,0.00,0.00,0.00,0.00,0.00,0.00,0.00,0.00,0.00,0.00,0.00,0.00,0.00,0.00,0.00,0.00,0.00,0.00,0.00,0.00,0.00,0.34,0.00,0.00,0.00,0.00,0.00,0.00,0.00,0.00,0.00,0.00,0.00,0.00,0.00,0.00
2426,0.00,0.00,0.00,0.00,0.00,0.00,0.00,0.00,0.00,0.00,0.00,0.00,0.00,0.00,0.00,0.00,0.02,0.00,0.00,0.00,0.00,0.11,0.13,0.12,0.04,0.00,0.02,0.12,0.00,0.00,0.01,0.00,0.00,0.00,0.00,0.01,0.00,0.00,0.00,0.00,0.04,0.06,0.02,0.05,0.04,0.01,0.11,0.01,0.01,0.02,0.00,0.00,0.01,0.00,0.00,0.00,0.00,0.00,0.00,0.00,0.00,0.00,0.00,0.00,0.02,0.01,0.51,0.28,0.14,0.04,0.01,0.06,0.02,0.04,0.04,0.03,0.27,0.05,0.03,0.03,0.00,0.00,0.30,0.08,0.09,0.03,0.49,0.30,0.04,0.04,0.43,0.45,0.13,0.17,0.96,1.30,1.00,0.19,0.42,0.21,0.09,0.13,0.32,0.11,0.43,0.38,0.03,0.04,2.77,1.19,0.00,0.15,0.27,0.06,0.11,0.01,0.00,0.00,0.00,0.04,0.00,0.00,0.00,0.00,0.00,0.00,0.00,0.00,0.00,0.00,0.00,0.00,0.00,0.00,0.00,0.00,0.00,0.00,0.00,0.00,0.00,0.00,0.00,0.00,0.00,0.00,0.00,0.00,0.00,0.00,0.00,0.00,0.00,0.00,0.00,0.00,0.00,0.00,0.00,0.23,0.00,0.00,0.00,0.00,0.00,0.00,0.00,0.00,0.00,0.00,0.00,0.00,0.00,0.00
