,405,406,407,408,409,420,421,422,423,501,502,503,504,505,506,507,510,511,512,513,514,601,602,605,607,608,610,612,702,703,704,705,706,707,708,709,714,715,722,726,801,802,804,806,807,808,809,902,903,905,911,912,913,914,917,918,919,920,922,923,924,1002,1005,1102,1201,1202,1203,1208,1209,1210,1211,1212,1215,1216,1217,1218,1219,1220,1221,1222,1224,1225,1302,1303,1304,1306,1307,1308,1309,1310,1311,1312,1313,1501,1502,1503,1504,1505,1506,1507,1508,1510,1511,1512,1513,1514,1515,1516,1517,1518,1519,1520,1521,1522,1523,1524,1628,1629,1638,1726,1903,1904,1905,1906,1907,1908,1909,1910,1911,1916,1917,1918,1919,1920,1921,1922,1923,1924,1925,1926,1927,1928,1929,1930,1931,1932,2001,2002,2003,2004,2005,2007,2008,2009,2010,2011,2012,2013,2101,2401,2402,2403,2404,2405,2406,2407,2408,2409,2412,2413,2415,2420,2421,2426
405,0.00,0.00,0.00,0.00,0.00,0.00,0.00,0.00,0.00,0.00,0.00,0.00,0.00,0.00,0.00,0.00,0.01,0.00,0.00,0.00,0.00,0.23,0.19,0.23,0.10,0.01,0.04,0.27,0.02,0.01,0.05,0.01,0.01,0.01,0.00,0.05,0.01,0.00,0.00,0.00,0.05,0.10,0.03,0.04,0.05,0.02,0.11,0.07,0.11,0.33,0.00,0.00,0.02,0.00,0.00,0.00,0.00,0.00,0.00,0.00,0.00,0.00,0.00,0.00,0.15,0.08,5.65,2.04,0.90,0.33,0.24,1.98,0.21,1.80,1.51,0.50,6.52,2.13,1.26,0.23,0.02,0.06,0.39,0.09,0.11,0.04,2.93,0.44,0.05,0.07,0.58,2.31,0.23,0.02,0.42,0.18,0.12,0.03,0.05,0.03,0.02,0.03,0.05,0.02,0.05,0.04,0.00,0.00,0.41,0.14,0.00,0.02,0.05,0.01,0.01,0.00,0.00,0.00,0.00,0.13,0.00,0.00,0.00,0.00,0.00,0.00,0.01,0.00,0.00,0.00,0.00,0.00,0.00,0.00,0.00,0.00,0.00,0.00,0.01,0.00,0.00,0.01,0.00,0.01,0.01,0.01,0.03,0.01,0.03,0.02,0.02,0.02,0.01,0.01,0.01,0.02,0.01,0.00,0.01,0.02,0.02,0.01,0.01,0.01,0.02,0.02,0.00,0.00,0.00,0.00,0.00,0.05,0.00,0.00
406,0.00,0.00,0.00,0.00,0.00,0.00,0.00,0.00,0.00,0.00,0.00,0.00,0.00,0.00,0.00,0.00,0.01,0.00,0.00,0.00,0.00,0.18,0.20,0.32,0.15,0.01,0.04,0.31,0.01,0.01,0.06,0.02,0.02,0.02,0.00,0.06,0.01,0.00,0.00,0.00,0.05,0.12,0.04,0.05,0.06,0.02,0.15,0.06,0.09,0.25,0.00,0.00,0.01,0.00,0.00,0.00,0.00,0.00,0.00,0.00,0.00,0.00,0.00,0.00,0.19,0.10,4.38,2.72,1.14,0.58,0.29,1.57,0.33,0.92,0.78,0.90,10.03,1.41,1.37,0.35,0.01,0.08,0.60,0.14,0.17,0.06,3.14,0.64,0.08,0.10,0.86,2.75,0.34,0.03,0.22,0.28,0.18,0.05,0.08,0.04,0.03,0.04,0.07,0.03,0.08,0.07,0.01,0.01,0.57,0.19,0.00,0.03,0.07,0.01,0.02,0.00,0.00,0.00,0.00,0.07,0.01,0.00,0.00,0.00,0.00,0.00,0.03,0.00,0.01,0.00,0.01,0.00,0.00,0.00,0.01,0.00,0.00,0.01,0.02,0.02,0.01,0.04,0.01,0.02,0.01,0.02,0.08,0.04,0.07,0.03,0.03,0.07,0.01,0.05,0.05,0.07,0.03,0.00,0.02,0.03,0.03,0.01,0.02,0.01,0.04,0.03,0.00,0.00,0.01,0.00,0.00,0.08,0.01,0.00
407,0.00,0.00,0.00,0.00,0.00,0.00,0.00,0.00,0.00,0.00,0.00,0.00,0.00,0.00,0.00,0.00,0.01,0.00,0.00,0.00,0.00,0.11,0.11,0.17,0.08,0.01,0.03,0.19,0.01,0.01,0.03,0.01,0.01,0.01,0.00,0.04,0.00,0.00,0.00,0.00,0.03,0.08,0.02,0.03,0.04,0.01,0.10,0.03,0.05,0.17,0.00,0.00,0.01,0.00,0.00,0.00,0.00,0.00,0.00,0.00,0.00,0.00,0.00,0.00,0.12,0.06,3.05,2.00,0.77,0.36,0.19,1.29,0.26,0.94,0.81,1.15,9.24,1.57,0.82,0.33,0.01,0.08,0.51,0.12,0.13,0.05,2.42,0.64,0.08,0.10,0.87,1.86,0.34,0.03,0.19,0.25,0.15,0.04,0.06,0.03,0.03,0.04,0.07,0.03,0.07,0.07,0.01,0.01,0.55,0.17,0.00,0.03,0.08,0.01,0.02,0.00,0.00,0.00,0.00,0.07,0.01,0.00,0.00,0.00,0.00,0.00,0.01,0.00,0.00,0.00,0.01,0.00,0.00,0.00,0.00,0.00,0.00,0.01,0.01,0.01,0.00,0.02,0.00,0.01,0.01,0.02,0.04,0.02,0.04,0.04,0.03,0.05,0.01,0.02,0.03,0.06,0.02,0.00,0.01,0.03,0.03,0.01,0.02,0.01,0.03,0.02,0.00,0.01,0.01,0.00,0.00,0.08,0.01,0.00
408,0.00,0.00,0.00,0.00,0.00,0.00,0.00,0.00,0.00,0.00,0.00,0.00,0.00,0.00,0.00,0.00,0.01,0.00,0.00,0.00,0.00,0.10,0.11,0.17,0.08,0.01,0.02,0.18,0.01,0.00,0.03,0.01,0.01,0.01,0.00,0.03,0.00,0.00,0.00,0.00,0.03,0.07,0.02,0.03,0.04,0.01,0.09,0.03,0.05,0.15,0.00,0.00,0.00,0.00,0.00,0.00,0.00,0.00,0.00,0.00,0.00,0.00,0.00,0.00,0.11,0.06,2.69,1.71,0.69,0.33,0.17,1.05,0.22,0.68,0.58,0.65,7.28,1.02,0.77,0.24,0.01,0.06,0.41,0.09,0.11,0.04,2.21,0.47,0.06,0.08,0.63,1.74,0.25,0.02,0.15,0.20,0.12,0.03,0.05,0.03,0.02,0.03,0.05,0.02,0.06,0.05,0.00,0.00,0.42,0.14,0.00,0.02,0.05,0.01,0.02,0.00,0.00,0.00,0.00,0.05,0.01,0.00,0.00,0.00,0.00,0.00,0.01,0.00,0.00,0.00,0.01,0.00,0.00,0.00,0.00,0.00,0.00,0.00,0.00,0.01,0.00,0.01,0.00,0.01,0.01,0.01,0.01,0.01,0.01,0.02,0.02,0.03,0.00,0.02,0.01,0.02,0.01,0.00,0.01,0.02,0.02,0.01,0.01,0.01,0.03,0.02,0.00,0.00,0.01,0.00,0.00,0.06,0.00,0.00
409,0.00,0.00,0.00,0.00,0.00,0.00,0.00,0.00,0.00,0.00,0.00,0.00,0.00,0.00,0.00,0.00,0.00,0.00,0.00,0.00,0.00,0.08,0.07,0.10,0.04,0.00,0.02,0.12,0.01,0.00,0.02,0.01,0.01,0.00,0.00,0.02,0.00,0.00,0.00,0.00,0.02,0.05,0.01,0.02,0.02,0.01,0.06,0.02,0.04,0.13,0.00,0.00,0.01,0.00,0.00,0.00,0.00,0.00,0.00,0.00,0.00,0.00,0.00,0.00,0.07,0.04,2.35,1.08,0.45,0.17,0.11,0.90,0.12,0.66,0.39,0.24,3.07,0.54,0.53,0.15,0.01,0.03,0.22,0.05,0.06,0.02,1.07,0.25,0.03,0.04,0.33,0.92,0.13,0.01,0.16,0.11,0.07,0.02,0.03,0.01,0.01,0.02,0.03,0.01,0.03,0.03,0.00,0.00,0.23,0.08,0.00,0.01,0.03,0.00,0.01,0.00,0.00,0.00,0.00,0.03,0.00,0.00,0.00,0.00,0.00,0.00,0.00,0.00,0.00,0.00,0.00,0.00,0.00,0.00,0.00,0.00,0.00,0.00,0.00,0.00,0.00,0.00,0.00,0.00,0.00,0.00,0.01,0.00,0.01,0.01,0.01,0.01,0.00,0.00,0.00,0.01,0.00,0.00,0.00,0.01,0.01,0.00,0.01,0.01,0.01,0.01,0.00,0.00,0.00,0.00,0.00,0.03,0.00,0.00
420,0.00,0.00,0.00,0.00,0.00,0.00,0.00,0.00,0.00,0.00,0.00,0.00,0.00,0.00,0.00,0.00,0.00,0.00,0.00,0.00,0.00,0.02,0.02,0.03,0.01,0.00,0.00,0.03,0.00,0.00,0.01,0.00,0.00,0.00,0.00,0.01,0.00,0.00,0.00,0.00,0.01,0.01,0.00,0.00,0.01,0.00,0.02,0.01,0.01,0.03,0.00,0.00,0.00,0.00,0.00,0.00,0.00,0.00,0.00,0.00,0.00,0.00,0.00,0.00,0.02,0.01,0.46,0.29,0.12,0.05,0.03,0.16,0.04,0.11,0.09,0.06,0.75,0.10,0.11,0.04,0.00,0.01,0.08,0.02,0.02,0.01,0.14,0.07,0.01,0.01,0.10,0.12,0.04,0.00,0.03,0.04,0.02,0.01,0.01,0.01,0.00,0.00,0.01,0.00,0.01,0.01,0.00,0.00,0.06,0.02,0.00,0.00,0.01,0.00,0.00,0.00,0.00,0.00,0.00,0.01,0.00,0.00,0.00,0.00,0.00,0.00,0.00,0.00,0.00,0.00,0.00,0.00,0.00,0.00,0.00,0.00,0.00,0.00,0.00,0.00,0.00,0.00,0.00,0.00,0.00,0.00,0.00,0.00,0.00,0.00,0.00,0.00,0.00,0.00,0.00,0.00,0.00,0.00,0.00,0.00,0.00,0.00,0.00,0.00,0.00,0.00,0.00,0.00,0.00,0.00,0.00,0.01,0.00,0.00
421,0.00,0.00,0.00,0.00,0.00,0.00,0.00,0.00,0.00,0.00,0.00,0.00,0.00,0.00,0.00,0.00,0.01,0.00,0.00,0.00,0.00,0.15,0.20,0.41,0.18,0.01,0.04,0.31,0.01,0.01,0.05,0.03,0.03,0.02,0.00,0.05,0.01,0.00,0.00,0.00,0.04,0.10,0.03,0.04,0.05,0.02,0.12,0.07,0.12,0.24,0.00,0.00,0.02,0.00,0.00,0.00,0.00,0.00,0.00,0.00,0.00,0.00,0.00,0.00,0.16,0.09,3.55,2.07,0.95,0.58,0.27,1.13,0.21,0.57,0.47,1.04,11.53,2.07,1.44,0.22,0.01,0.05,0.37,0.08,0.11,0.03,2.80,0.40,0.05,0.07,0.53,2.44,0.21,0.02,0.13,0.17,0.11,0.03,0.05,0.03,0.02,0.02,0.04,0.01,0.05,0.04,0.00,0.00,0.38,0.13,0.00,0.02,0.04,0.01,0.01,0.00,0.00,0.00,0.00,0.04,0.00,0.00,0.00,0.00,0.00,0.00,0.01,0.00,0.00,0.00,0.00,0.00,0.00,0.00,0.00,0.00,0.00,0.00,0.01,0.00,0.00,0.01,0.00,0.01,0.01,0.01,0.03,0.01,0.03,0.02,0.02,0.02,0.01,0.01,0.01,0.02,0.01,0.00,0.01,0.02,0.02,0.01,0.01,0.01,0.02,0.02,0.00,0.00,0.00,0.00,0.00,0.05,0.00,0.00
422,0.00,0.00,0.00,0.00,0.00,0.00,0.00,0.00,0.00,0.00,0.00,0.00,0.00,0.00,0.00,0.00,0.01,0.00,0.00,0.00,0.00,0.16,0.18,0.25,0.11,0.01,0.04,0.30,0.01,0.01,0.05,0.02,0.02,0.01,0.00,0.06,0.01,0.00,0.00,0.00,0.05,0.12,0.03,0.04,0.06,0.02,0.15,0.05,0.08,0.34,0.00,0.00,0.01,0.00,0.00,0.00,0.00,0.00,0.00,0.00,0.00,0.00,0.00,0.00,0.17,0.09,5.25,2.70,1.08,0.42,0.26,1.88,0.32,1.44,0.81,0.56,6.90,1.04,1.20,0.42,0.01,0.09,0.63,0.14,0.16,0.06,2.28,0.61,0.09,0.09,0.84,1.97,0.33,0.04,0.42,0.30,0.18,0.05,0.08,0.04,0.03,0.04,0.08,0.03,0.09,0.08,0.01,0.01,0.58,0.18,0.00,0.04,0.09,0.01,0.02,0.00,0.00,0.00,0.00,0.07,0.00,0.00,0.00,0.00,0.00,0.00,0.01,0.00,0.00,0.00,0.00,0.00,0.00,0.00,0.00,0.00,0.00,0.00,0.01,0.01,0.00,0.01,0.00,0.01,0.01,0.02,0.01,0.01,0.01,0.03,0.03,0.03,0.00,0.02,0.01,0.02,0.01,0.00,0.01,0.04,0.04,0.01,0.02,0.01,0.04,0.03,0.00,0.01,0.01,0.01,0.00,0.10,0.01,0.00
423,0.00,0.00,0.00,0.00,0.00,0.00,0.00,0.00,0.00,0.00,0.00,0.00,0.00,0.00,0.00,0.00,0.00,0.00,0.00,0.00,0.00,0.02,0.02,0.04,0.02,0.00,0.01,0.04,0.00,0.00,0.01,0.00,0.00,0.00,0.00,0.01,0.00,0.00,0.00,0.00,0.01,0.02,0.00,0.01,0.01,0.00,0.02,0.01,0.01,0.05,0.00,0.00,0.00,0.00,0.00,0.00,0.00,0.00,0.00,0.00,0.00,0.00,0.00,0.00,0.03,0.01,0.77,0.44,0.17,0.07,0.04,0.29,0.08,0.29,0.26,0.09,1.09,0.15,0.17,0.08,0.00,0.02,0.15,0.04,0.05,0.01,0.46,0.13,0.02,0.02,0.18,0.39,0.07,0.01,0.09,0.07,0.05,0.01,0.02,0.01,0.01,0.01,0.02,0.01,0.02,0.02,0.00,0.00,0.10,0.03,0.00,0.01,0.02,0.00,0.01,0.00,0.00,0.00,0.00,0.02,0.00,0.00,0.00,0.00,0.00,0.00,0.00,0.00,0.00,0.00,0.00,0.00,0.00,0.00,0.00,0.00,0.00,0.00,0.00,0.00,0.00,0.00,0.00,0.00,0.00,0.00,0.00,0.00,0.00,0.01,0.00,0.00,0.00,0.00,0.00,0.00,0.00,0.00,0.00,0.01,0.01,0.00,0.00,0.00,0.01,0.01,0.00,0.00,0.00,0.00,0.00,0.02,0.00,0.00
501,0.00,0.00,0.00,0.00,0.00,0.00,0.00,0.00,0.00,0.00,0.00,0.00,0.00,0.04,0.01,0.03,0.39,0.03,0.03,0.07,0.03,0.15,0.27,0.38,0.12,0.01,0.06,0.46,0.09,0.05,0.30,0.10,0.09,0.07,0.02,0.42,0.04,0.01,0.00,0.00,0.02,0.05,0.02,0.10,0.07,0.02,0.37,0.22,0.33,0.39,0.00,0.00,0.11,0.00,0.00,0.00,0.00,0.00,0.01,0.00,0.00,0.00,0.00,0.00,0.01,0.01,1.73,0.98,0.50,0.12,0.07,0.52,0.14,0.44,0.35,0.29,3.78,0.54,0.31,0.17,0.00,0.03,0.35,0.09,0.12,0.03,0.62,0.46,0.05,0.05,0.43,0.54,0.27,0.07,1.00,0.60,0.40,0.09,0.17,0.09,0.06,0.08,0.14,0.05,0.17,0.14,0.01,0.01,1.24,0.27,0.00,0.06,0.15,0.02,0.04,0.00,0.00,0.00,0.00,0.04,0.00,0.00,0.00,0.00,0.00,0.00,0.00,0.00,0.00,0.00,0.00,0.00,0.00,0.00,0.00,0.00,0.00,0.00,0.00,0.00,0.00,0.00,0.00,0.00,0.00,0.00,0.01,0.01,0.01,0.00,0.00,0.01,0.00,0.01,0.01,0.01,0.00,0.00,0.01,0.06,0.06,0.02,0.03,0.02,0.06,0.05,0.00,0.01,0.01,0.01,0.01,0.16,0.01,0.01
502,0.00,0.00,0.00,0.00,0.00,0.00,0.00,0.00,0.00,0.00,0.00,0.00,0.00,0.01,0.00,0.01,0.08,0.01,0.01,0.01,0.01,0.05,0.14,0.19,0.04,0.00,0.02,0.20,0.03,0.03,0.15,0.05,0.04,0.03,0.01,0.17,0.02,0.00,0.00,0.00,0.00,0.01,0.00,0.04,0.01,0.00,0.13,0.06,0.09,0.12,0.00,0.00,0.05,0.00,0.00,0.00,0.00,0.00,0.00,0.00,0.00,0.00,0.00,0.00,0.00,0.00,0.42,0.18,0.10,0.03,0.02,0.13,0.05,0.11,0.08,0.06,0.74,0.10,0.06,0.06,0.00,0.01,0.12,0.03,0.04,0.01,0.21,0.10,0.01,0.02,0.12,0.18,0.06,0.02,0.14,0.19,0.13,0.03,0.06,0.03,0.02,0.03,0.05,0.02,0.05,0.05,0.00,0.00,0.29,0.09,0.00,0.02,0.05,0.01,0.01,0.00,0.00,0.00,0.00,0.01,0.00,0.00,0.00,0.00,0.00,0.00,0.00,0.00,0.00,0.00,0.00,0.00,0.00,0.00,0.00,0.00,0.00,0.00,0.00,0.00,0.00,0.00,0.00,0.00,0.00,0.00,0.00,0.00,0.00,0.00,0.00,0.00,0.00,0.00,0.00,0.00,0.00,0.00,0.00,0.02,0.02,0.01,0.01,0.01,0.02,0.02,0.00,0.00,0.00,0.00,0.00,0.05,0.00,0.00
503,0.00,0.00,0.00,0.00,0.00,0.00,0.00,0.00,0.00,0.00,0.00,0.00,0.00,0.11,0.04,0.10,0.87,0.09,0.06,0.17,0.09,0.56,0.74,1.23,0.33,0.04,0.15,1.71,0.44,0.21,1.10,0.43,0.30,0.27,0.06,1.41,0.16,0.05,0.00,0.02,0.04,0.12,0.04,0.36,0.16,0.04,1.31,0.64,0.87,1.04,0.00,0.01,0.34,0.00,0.00,0.00,0.00,0.00,0.02,0.00,0.00,0.00,0.00,0.00,0.03,0.02,4.09,2.08,1.11,0.31,0.19,1.38,0.46,1.11,0.80,0.61,8.01,1.15,0.69,0.51,0.01,0.11,1.09,0.26,0.36,0.10,1.96,1.01,0.13,0.15,1.18,1.71,0.55,0.22,1.30,1.79,1.22,0.28,0.53,0.28,0.18,0.24,0.44,0.16,0.49,0.42,0.04,0.03,4.49,0.91,0.00,0.18,0.46,0.07,0.14,0.01,0.00,0.00,0.00,0.10,0.00,0.00,0.00,0.00,0.00,0.00,0.01,0.00,0.00,0.00,0.00,0.00,0.00,0.00,0.00,0.00,0.00,0.00,0.00,0.01,0.00,0.01,0.00,0.00,0.00,0.01,0.02,0.02,0.02,0.01,0.01,0.03,0.00,0.02,0.02,0.03,0.01,0.00,0.02,0.18,0.19,0.07,0.10,0.07,0.20,0.14,0.00,0.03,0.04,0.03,0.02,0.49,0.04,0.02
504,0.00,0.00,0.00,0.00,0.00,0.00,0.00,0.00,0.00,0.00,0.00,0.00,0.00,0.17,0.02,0.07,1.09,0.12,0.07,0.19,0.11,0.78,1.94,1.87,0.49,0.06,0.22,2.74,0.45,0.32,1.69,0.61,0.41,0.36,0.08,2.26,0.25,0.06,0.00,0.03,0.05,0.14,0.04,0.58,0.19,0.04,1.75,0.79,1.17,1.50,0.00,0.03,0.70,0.00,0.00,0.00,0.00,0.00,0.05,0.00,0.00,0.00,0.00,0.00,0.04,0.03,5.80,2.55,1.37,0.37,0.23,1.73,0.63,1.49,1.06,0.77,10.07,1.42,0.83,0.74,0.01,0.15,1.52,0.37,0.50,0.13,2.71,1.36,0.18,0.20,1.57,2.36,0.74,0.31,1.80,2.50,1.71,0.39,0.74,0.38,0.25,0.33,0.61,0.23,0.69,0.59,0.05,0.05,3.87,1.17,0.00,0.25,0.65,0.10,0.19,0.01,0.00,0.00,0.00,0.13,0.00,0.00,0.00,0.00,0.00,0.00,0.01,0.00,0.00,0.00,0.00,0.00,0.00,0.00,0.00,0.00,0.00,0.01,0.01,0.01,0.00,0.01,0.00,0.01,0.00,0.01,0.04,0.03,0.04,0.02,0.02,0.04,0.01,0.04,0.04,0.04,0.02,0.00,0.02,0.26,0.27,0.10,0.14,0.10,0.27,0.20,0.00,0.04,0.06,0.04,0.03,0.69,0.06,0.02
505,0.00,0.00,0.00,0.00,0.00,0.00,0.00,0.00,0.00,0.05,0.00,0.02,0.09,0.00,0.00,0.00,0.51,0.09,0.03,0.08,0.00,0.44,0.86,0.54,0.15,0.02,0.06,0.87,0.17,0.09,0.51,0.25,0.14,0.12,0.03,0.71,0.08,0.02,0.00,0.01,0.02,0.06,0.02,0.16,0.08,0.02,0.67,0.33,0.48,0.61,0.00,0.01,0.23,0.00,0.00,0.00,0.00,0.00,0.01,0.00,0.00,0.00,0.00,0.00,0.02,0.01,2.92,1.24,0.67,0.15,0.09,0.71,0.25,0.60,0.43,0.32,4.14,0.67,0.37,0.29,0.01,0.06,0.61,0.15,0.20,0.05,1.08,0.55,0.07,0.08,0.63,0.94,0.30,0.12,0.72,0.99,0.68,0.16,0.29,0.15,0.10,0.13,0.24,0.09,0.27,0.23,0.02,0.02,1.57,0.48,0.00,0.10,0.26,0.04,0.08,0.01,0.00,0.00,0.00,0.05,0.00,0.00,0.00,0.00,0.00,0.00,0.01,0.00,0.00,0.00,0.00,0.00,0.00,0.00,0.00,0.00,0.00,0.00,0.00,0.00,0.00,0.01,0.00,0.00,0.00,0.00,0.01,0.01,0.02,0.01,0.01,0.02,0.00,0.01,0.01,0.02,0.01,0.00,0.01,0.10,0.10,0.04,0.06,0.04,0.11,0.08,0.00,0.02,0.02,0.02,0.01,0.27,0.02,0.01
506,0.00,0.00,0.00,0.00,0.00,0.00,0.00,0.00,0.00,0.10,0.01,0.03,0.04,0.00,0.00,0.00,0.67,0.07,0.07,0.21,0.00,0.92,1.13,1.03,0.27,0.03,0.12,1.48,0.30,0.18,0.93,0.33,0.23,0.20,0.04,1.22,0.13,0.04,0.00,0.01,0.05,0.11,0.05,0.31,0.19,0.05,2.01,0.63,0.64,0.98,0.00,0.01,0.36,0.00,0.00,0.00,0.00,0.00,0.03,0.00,0.00,0.00,0.00,0.00,0.05,0.03,3.02,2.15,1.13,0.33,0.22,1.33,0.36,0.89,0.68,0.56,7.64,1.16,0.75,0.35,0.01,0.08,0.82,0.19,0.26,0.07,1.49,0.82,0.13,0.18,0.99,1.30,0.43,0.16,0.99,1.31,0.90,0.21,0.39,0.21,0.13,0.18,0.32,0.11,0.37,0.30,0.03,0.03,2.50,0.82,0.00,0.14,0.33,0.05,0.10,0.01,0.00,0.00,0.00,0.08,0.00,0.00,0.00,0.00,0.00,0.00,0.01,0.00,0.00,0.00,0.00,0.00,0.00,0.00,0.00,0.00,0.00,0.00,0.00,0.01,0.00,0.01,0.00,0.00,0.00,0.00,0.02,0.01,0.02,0.01,0.01,0.02,0.00,0.02,0.02,0.02,0.01,0.00,0.01,0.13,0.13,0.05,0.07,0.05,0.15,0.11,0.00,0.02,0.03,0.02,0.01,0.37,0.03,0.01
507,0.00,0.00,0.00,0.00,0.00,0.00,0.00,0.00,0.00,0.04,0.00,0.01,0.03,0.00,0.00,0.00,0.24,0.04,0.03,0.06,0.00,0.36,0.51,0.47,0.12,0.02,0.06,0.69,0.14,0.08,0.43,0.15,0.10,0.09,0.02,0.59,0.06,0.02,0.00,0.01,0.02,0.05,0.01,0.15,0.06,0.01,0.71,0.24,0.30,0.45,0.00,0.01,0.17,0.00,0.00,0.00,0.00,0.00,0.01,0.00,0.00,0.00,0.00,0.00,0.01,0.01,1.41,0.78,0.42,0.12,0.07,0.52,0.17,0.41,0.30,0.23,3.00,0.43,0.26,0.18,0.00,0.04,0.40,0.10,0.13,0.04,0.72,0.37,0.06,0.07,0.44,0.63,0.20,0.08,0.48,0.66,0.45,0.10,0.19,0.10,0.06,0.09,0.16,0.06,0.18,0.15,0.01,0.01,1.09,0.34,0.00,0.07,0.17,0.03,0.05,0.00,0.00,0.00,0.00,0.04,0.00,0.00,0.00,0.00,0.00,0.00,0.00,0.00,0.00,0.00,0.00,0.00,0.00,0.00,0.00,0.00,0.00,0.00,0.00,0.00,0.00,0.00,0.00,0.00,0.00,0.00,0.01,0.01,0.01,0.00,0.00,0.01,0.00,0.01,0.01,0.01,0.01,0.00,0.01,0.07,0.07,0.03,0.04,0.03,0.07,0.05,0.00,0.01,0.02,0.01,0.01,0.18,0.01,0.01
510,0.01,0.00,0.00,0.00,0.00,0.00,0.00,0.00,0.00,0.37,0.02,0.09,0.39,0.30,0.15,0.16,0.00,0.00,0.00,0.00,0.38,2.88,2.66,2.66,0.61,0.08,0.28,3.57,0.70,0.45,2.38,0.77,0.52,0.46,0.09,3.25,0.37,0.10,0.00,0.03,0.00,0.00,0.08,0.67,0.27,0.09,2.05,1.33,1.25,1.49,0.00,0.03,0.76,0.01,0.00,0.00,0.00,0.00,0.06,0.00,0.00,0.00,0.00,0.00,0.07,0.05,6.26,5.55,2.94,0.69,0.44,2.92,0.85,2.09,1.57,1.37,17.68,2.50,1.57,0.82,0.02,0.46,1.97,0.47,0.64,0.39,6.87,1.92,0.24,0.30,2.29,6.10,1.02,0.39,2.38,3.07,2.19,0.51,0.94,0.51,0.32,0.44,0.78,0.28,0.89,0.73,0.07,0.07,7.41,1.85,0.01,0.34,0.80,0.13,0.24,0.02,0.00,0.00,0.00,0.19,0.01,0.00,0.00,0.00,0.00,0.00,0.02,0.00,0.00,0.00,0.00,0.00,0.00,0.00,0.00,0.00,0.00,0.01,0.01,0.01,0.01,0.02,0.00,0.01,0.01,0.01,0.05,0.03,0.05,0.02,0.02,0.05,0.01,0.05,0.04,0.05,0.03,0.00,0.03,0.70,0.33,0.13,0.18,0.13,0.37,0.26,0.00,0.05,0.07,0.05,0.03,0.89,0.07,0.03
511,0.00,0.00,0.00,0.00,0.00,0.00,0.00,0.00,0.00,0.08,0.01,0.02,0.11,0.07,0.03,0.06,0.00,0.00,0.00,0.00,0.09,0.75,0.48,0.48,0.11,0.01,0.05,0.66,0.13,0.08,0.42,0.14,0.10,0.08,0.02,0.65,0.07,0.02,0.00,0.01,0.00,0.00,0.03,0.12,0.06,0.02,0.44,0.36,0.39,0.46,0.00,0.01,0.17,0.00,0.00,0.00,0.00,0.00,0.01,0.00,0.00,0.00,0.00,0.00,0.02,0.02,2.19,1.68,0.89,0.19,0.13,0.77,0.20,0.50,0.38,0.36,4.91,0.68,0.45,0.20,0.00,0.12,0.45,0.11,0.14,0.10,1.92,0.45,0.05,0.07,0.55,1.68,0.24,0.09,0.55,0.73,0.50,0.12,0.21,0.12,0.07,0.10,0.18,0.06,0.20,0.16,0.02,0.02,2.01,0.45,0.00,0.08,0.18,0.03,0.06,0.00,0.00,0.00,0.00,0.05,0.00,0.00,0.00,0.00,0.00,0.00,0.00,0.00,0.00,0.00,0.00,0.00,0.00,0.00,0.00,0.00,0.00,0.00,0.00,0.00,0.00,0.00,0.00,0.00,0.00,0.00,0.01,0.01,0.01,0.00,0.00,0.01,0.00,0.01,0.01,0.01,0.01,0.00,0.01,0.17,0.07,0.03,0.04,0.03,0.08,0.06,0.00,0.01,0.02,0.01,0.01,0.20,0.02,0.01
512,0.00,0.00,0.00,0.00,0.00,0.00,0.00,0.00,0.00,0.16,0.01,0.04,0.17,0.22,0.05,0.15,0.00,0.00,0.00,0.00,0.16,1.26,1.27,1.26,0.29,0.04,0.13,1.69,0.32,0.21,1.13,0.35,0.24,0.21,0.04,1.61,0.17,0.04,0.00,0.01,0.00,0.00,0.04,0.30,0.14,0.04,0.98,0.55,0.68,0.81,0.00,0.01,0.37,0.00,0.00,0.00,0.00,0.00,0.03,0.00,0.00,0.00,0.00,0.00,0.03,0.02,3.69,2.23,1.19,0.27,0.17,1.16,0.35,0.85,0.63,0.55,7.20,1.00,0.62,0.36,0.01,0.18,0.80,0.19,0.26,0.15,2.95,0.78,0.10,0.12,0.93,2.59,0.41,0.16,0.97,1.32,0.89,0.21,0.38,0.21,0.13,0.18,0.32,0.11,0.36,0.30,0.03,0.03,3.10,0.74,0.00,0.14,0.33,0.05,0.10,0.01,0.00,0.00,0.00,0.08,0.00,0.00,0.00,0.00,0.00,0.00,0.01,0.00,0.00,0.00,0.00,0.00,0.00,0.00,0.00,0.00,0.00,0.00,0.00,0.01,0.00,0.01,0.00,0.00,0.00,0.00,0.02,0.01,0.02,0.01,0.01,0.02,0.00,0.02,0.02,0.02,0.01,0.00,0.01,0.28,0.13,0.05,0.07,0.05,0.15,0.11,0.00,0.02,0.03,0.02,0.01,0.36,0.03,0.01
513,0.00,0.00,0.00,0.00,0.00,0.00,0.00,0.00,0.00,0.16,0.01,0.04,0.18,0.14,0.06,0.12,0.00,0.00,0.00,0.00,0.16,1.24,1.77,1.77,0.41,0.05,0.21,2.32,0.43,0.30,1.59,0.46,0.30,0.28,0.05,1.10,0.13,0.04,0.00,0.02,0.00,0.00,0.03,0.27,0.08,0.03,0.71,0.51,0.66,0.78,0.00,0.01,0.38,0.00,0.00,0.00,0.00,0.00,0.03,0.00,0.00,0.00,0.00,0.00,0.03,0.02,3.55,1.99,1.06,0.25,0.15,1.09,0.35,0.85,0.62,0.52,6.82,0.92,0.55,0.38,0.01,0.17,0.83,0.20,0.27,0.15,2.91,0.78,0.10,0.12,0.92,2.55,0.42,0.16,0.99,1.33,0.93,0.22,0.40,0.21,0.13,0.18,0.33,0.12,0.37,0.31,0.03,0.03,3.00,0.71,0.00,0.14,0.34,0.05,0.10,0.01,0.00,0.00,0.00,0.08,0.00,0.00,0.00,0.00,0.00,0.00,0.01,0.00,0.00,0.00,0.00,0.00,0.00,0.00,0.00,0.00,0.00,0.00,0.00,0.01,0.00,0.01,0.00,0.00,0.00,0.00,0.02,0.01,0.02,0.01,0.01,0.02,0.00,0.02,0.02,0.02,0.01,0.00,0.01,0.30,0.14,0.05,0.08,0.05,0.15,0.11,0.00,0.02,0.03,0.02,0.01,0.37,0.03,0.01
514,0.00,0.00,0.00,0.00,0.00,0.00,0.00,0.00,0.00,0.10,0.01,0.03,0.10,0.00,0.00,0.00,1.04,0.08,0.06,0.14,0.00,0.78,1.42,1.74,0.34,0.05,0.17,2.21,0.39,0.22,1.18,0.49,0.34,0.29,0.07,1.61,0.18,0.04,0.00,0.02,0.03,0.11,0.03,0.40,0.14,0.03,1.24,0.57,0.83,0.99,0.00,0.02,0.48,0.00,0.00,0.00,0.00,0.00,0.03,0.00,0.00,0.00,0.00,0.00,0.03,0.02,4.54,2.14,1.15,0.27,0.17,1.24,0.44,1.04,0.74,0.55,7.25,1.13,0.64,0.50,0.01,0.10,1.05,0.25,0.34,0.09,1.87,0.95,0.12,0.14,1.10,1.63,0.52,0.21,1.24,1.72,1.17,0.27,0.51,0.26,0.17,0.23,0.42,0.16,0.47,0.40,0.04,0.03,2.73,0.84,0.00,0.18,0.44,0.07,0.13,0.01,0.00,0.00,0.00,0.09,0.00,0.00,0.00,0.00,0.00,0.00,0.01,0.00,0.00,0.00,0.00,0.00,0.00,0.00,0.00,0.00,0.00,0.00,0.00,0.01,0.00,0.01,0.00,0.00,0.00,0.01,0.03,0.02,0.03,0.01,0.01,0.03,0.00,0.03,0.03,0.03,0.01,0.00,0.02,0.18,0.18,0.07,0.10,0.07,0.19,0.14,0.00,0.03,0.04,0.03,0.02,0.47,0.04,0.02
601,0.01,0.00,0.00,0.00,0.00,0.00,0.00,0.00,0.00,0.04,0.00,0.02,0.06,0.07,0.04,0.06,0.70,0.08,0.05,0.12,0.08,0.00,1.63,2.43,1.00,0.09,0.38,3.13,0.00,0.14,0.85,0.28,0.26,0.20,0.05,1.33,0.13,0.05,0.00,0.01,0.14,0.42,0.13,0.36,0.56,0.13,1.35,0.75,1.11,1.35,0.00,0.01,0.16,0.00,0.00,0.00,0.00,0.00,0.01,0.00,0.00,0.00,0.00,0.00,0.09,0.05,4.95,3.63,1.43,0.44,0.22,1.64,0.49,1.41,1.31,0.92,11.20,1.60,0.88,0.59,0.01,0.11,5.09,1.30,1.69,0.48,8.92,5.57,0.69,0.64,6.10,7.73,3.27,0.64,7.95,5.22,3.41,0.77,1.48,0.73,0.49,0.63,1.23,0.47,1.55,1.22,0.11,0.08,8.32,1.99,0.01,0.49,1.35,0.20,0.38,0.03,0.00,0.00,0.00,0.31,0.01,0.00,0.00,0.00,0.00,0.00,0.02,0.00,0.00,0.00,0.01,0.00,0.00,0.00,0.00,0.00,0.00,0.01,0.02,0.01,0.01,0.02,0.00,0.02,0.01,0.02,0.01,0.00,0.01,0.01,0.00,0.01,0.00,0.00,0.01,0.01,0.00,0.00,0.03,0.40,0.44,0.17,0.23,0.16,0.44,0.32,0.00,0.07,0.10,0.06,0.04,1.13,0.09,0.04
602,0.01,0.00,0.00,0.00,0.00,0.00,0.00,0.00,0.00,0.08,0.01,0.03,0.20,0.18,0.08,0.15,1.19,0.11,0.09,0.35,0.31,2.15,0.00,3.38,1.29,0.11,0.46,3.77,0.42,0.00,0.00,0.37,0.42,0.24,0.06,1.55,0.16,0.06,0.00,0.01,0.35,0.78,0.40,0.43,0.56,0.18,1.47,0.92,1.36,1.97,0.00,0.01,0.23,0.01,0.00,0.00,0.00,0.00,0.01,0.00,0.00,0.00,0.00,0.00,0.25,0.12,5.35,4.08,1.66,0.54,0.29,2.16,0.61,2.08,2.00,0.96,12.58,1.79,1.06,1.34,0.02,0.14,6.43,1.65,2.14,0.61,15.39,5.29,0.88,0.80,7.63,13.57,2.95,0.81,5.20,6.62,4.32,0.96,1.87,0.91,0.62,0.79,1.56,0.60,1.97,1.57,0.14,0.10,10.41,2.44,0.01,0.63,1.72,0.26,0.48,0.04,0.00,0.00,0.00,0.39,0.01,0.00,0.00,0.00,0.00,0.00,0.02,0.00,0.01,0.00,0.01,0.00,0.00,0.00,0.01,0.00,0.00,0.01,0.01,0.02,0.01,0.04,0.01,0.02,0.02,0.03,0.01,0.01,0.01,0.01,0.01,0.01,0.00,0.01,0.01,0.01,0.00,0.00,0.04,0.51,0.57,0.22,0.30,0.21,0.57,0.42,0.00,0.09,0.12,0.08,0.06,1.46,0.12,0.05
605,0.01,0.00,0.00,0.00,0.01,0.00,0.00,0.01,0.00,0.12,0.02,0.02,0.22,0.11,0.06,0.12,0.91,0.08,0.07,0.27,0.25,3.08,3.21,0.00,0.00,0.00,0.00,4.61,0.56,0.30,1.46,0.00,0.00,0.00,0.00,1.53,0.16,0.06,0.00,0.00,0.27,0.55,0.37,0.52,0.55,0.20,1.91,0.95,1.38,1.66,0.00,0.01,0.32,0.00,0.00,0.00,0.00,0.00,0.02,0.00,0.00,0.00,0.00,0.00,0.29,0.15,6.93,4.95,1.98,0.56,0.33,2.11,0.52,1.99,1.87,1.25,14.71,2.37,1.37,0.59,0.01,0.12,5.23,1.28,1.70,0.49,9.33,6.14,0.68,0.74,8.96,8.12,3.52,0.62,4.08,5.26,3.46,0.80,1.49,0.78,0.50,0.67,1.24,0.46,1.51,1.19,0.11,0.09,15.61,2.46,0.01,0.52,1.30,0.20,0.38,0.03,0.00,0.00,0.00,0.33,0.01,0.00,0.00,0.00,0.00,0.00,0.04,0.00,0.00,0.00,0.01,0.00,0.00,0.00,0.01,0.00,0.00,0.01,0.01,0.03,0.01,0.03,0.01,0.02,0.01,0.03,0.01,0.01,0.01,0.00,0.00,0.01,0.00,0.01,0.01,0.01,0.00,0.00,0.06,0.39,1.26,0.16,0.23,0.17,0.46,0.33,0.00,0.07,0.09,0.06,0.04,1.13,0.09,0.04
607,0.00,0.00,0.00,0.00,0.00,0.00,0.00,0.00,0.00,0.03,0.00,0.01,0.04,0.02,0.01,0.02,0.17,0.02,0.01,0.05,0.05,0.75,0.81,0.00,0.00,0.00,0.00,1.42,0.11,0.06,0.33,0.00,0.00,0.00,0.00,0.35,0.04,0.01,0.00,0.00,0.04,0.09,0.07,0.12,0.11,0.07,0.45,0.22,0.32,0.30,0.00,0.00,0.08,0.00,0.00,0.00,0.00,0.00,0.00,0.00,0.00,0.00,0.00,0.00,0.06,0.03,1.64,1.16,0.46,0.13,0.08,0.49,0.12,0.49,0.46,0.30,3.78,0.56,0.32,0.14,0.00,0.03,1.25,0.31,0.41,0.12,2.22,1.54,0.16,0.17,2.33,1.93,0.88,0.15,0.98,1.26,0.83,0.19,0.36,0.18,0.12,0.16,0.30,0.11,0.36,0.29,0.03,0.02,10.84,0.57,0.00,0.12,0.31,0.05,0.09,0.01,0.00,0.00,0.00,0.08,0.00,0.00,0.00,0.00,0.00,0.00,0.01,0.00,0.00,0.00,0.00,0.00,0.00,0.00,0.00,0.00,0.00,0.00,0.00,0.01,0.00,0.01,0.00,0.00,0.00,0.01,0.00,0.00,0.00,0.00,0.00,0.00,0.00,0.00,0.00,0.00,0.00,0.00,0.02,0.09,0.31,0.04,0.05,0.04,0.11,0.08,0.00,0.02,0.02,0.01,0.01,0.27,0.02,0.01
608,0.01,0.00,0.00,0.00,0.00,0.00,0.00,0.00,0.00,0.05,0.01,0.01,0.09,0.05,0.02,0.05,0.36,0.03,0.03,0.11,0.07,1.25,1.30,0.00,0.00,0.00,0.00,1.22,0.25,0.12,0.63,0.00,0.00,0.00,0.00,0.70,0.07,0.02,0.00,0.00,0.12,0.18,0.14,0.19,0.23,0.08,0.74,0.39,0.57,0.65,0.00,0.01,0.12,0.00,0.00,0.00,0.00,0.00,0.01,0.00,0.00,0.00,0.00,0.00,0.09,0.05,2.26,1.52,0.63,0.23,0.13,0.89,0.24,0.84,0.80,0.39,5.14,0.91,0.51,0.28,0.01,0.06,2.44,0.61,0.80,0.23,4.30,2.10,0.33,0.32,2.97,3.73,1.15,0.30,1.94,3.30,2.12,0.45,0.88,0.43,0.29,0.31,0.58,0.22,0.73,0.58,0.05,0.04,3.42,1.01,0.00,0.24,0.63,0.12,0.18,0.01,0.00,0.00,0.00,0.15,0.01,0.00,0.00,0.00,0.00,0.00,0.02,0.00,0.00,0.00,0.00,0.00,0.00,0.00,0.00,0.00,0.00,0.00,0.01,0.01,0.00,0.01,0.00,0.01,0.01,0.01,0.00,0.00,0.00,0.00,0.00,0.00,0.00,0.00,0.00,0.00,0.00,0.00,0.01,0.31,0.21,0.08,0.11,0.08,0.22,0.16,0.00,0.03,0.05,0.03,0.02,0.54,0.04,0.02
610,0.01,0.00,0.00,0.00,0.00,0.00,0.00,0.00,0.00,0.05,0.00,0.01,0.08,0.04,0.02,0.04,0.31,0.03,0.02,0.09,0.06,1.18,1.24,0.00,0.00,0.00,0.00,1.00,0.23,0.12,0.60,0.00,0.00,0.00,0.00,0.59,0.07,0.02,0.00,0.00,0.06,0.07,0.06,0.19,0.09,0.07,0.62,0.32,0.47,0.46,0.00,0.01,0.12,0.00,0.00,0.00,0.00,0.00,0.01,0.00,0.00,0.00,0.00,0.00,0.04,0.03,1.88,1.26,0.53,0.19,0.11,0.73,0.19,0.69,0.65,0.32,4.23,0.76,0.43,0.23,0.01,0.04,1.97,0.49,0.65,0.18,3.48,1.71,0.26,0.26,2.42,3.02,0.94,0.24,1.53,2.43,1.69,0.36,0.71,0.35,0.24,0.25,0.47,0.18,0.58,0.46,0.04,0.03,2.81,0.84,0.00,0.19,0.51,0.10,0.15,0.01,0.00,0.00,0.00,0.12,0.01,0.00,0.00,0.00,0.00,0.00,0.02,0.00,0.00,0.00,0.00,0.00,0.00,0.00,0.00,0.00,0.00,0.00,0.01,0.01,0.00,0.01,0.00,0.01,0.01,0.01,0.00,0.00,0.00,0.00,0.00,0.00,0.00,0.00,0.00,0.00,0.00,0.00,0.01,0.25,0.17,0.06,0.09,0.06,0.17,0.13,0.00,0.03,0.04,0.02,0.02,0.44,0.03,0.01
612,0.02,0.01,0.00,0.00,0.01,0.00,0.00,0.01,0.00,0.17,0.02,0.06,0.42,0.28,0.17,0.35,2.80,0.26,0.20,0.42,0.54,4.35,4.61,6.71,2.84,0.13,0.45,0.00,0.87,0.45,2.24,0.75,0.49,0.38,0.07,0.00,0.00,0.07,0.00,0.03,0.46,0.82,0.53,0.00,0.31,0.20,0.00,1.24,1.82,2.00,0.00,0.02,0.52,0.01,0.00,0.00,0.00,0.00,0.03,0.00,0.00,0.00,0.00,0.00,0.25,0.15,7.22,4.90,2.03,0.73,0.44,3.07,0.78,2.55,2.42,1.34,17.83,3.14,1.78,0.95,0.02,0.18,8.19,2.08,2.71,0.77,14.36,6.90,1.11,1.05,9.86,12.45,3.82,1.02,6.56,12.76,8.56,1.96,3.97,1.77,1.36,1.02,1.97,0.76,2.47,1.95,0.17,0.13,11.13,3.26,0.01,0.79,2.15,0.60,0.60,0.05,0.00,0.00,0.00,0.51,0.02,0.00,0.00,0.00,0.01,0.01,0.07,0.00,0.01,0.01,0.02,0.00,0.00,0.00,0.01,0.01,0.01,0.02,0.02,0.05,0.02,0.05,0.02,0.03,0.02,0.05,0.01,0.01,0.01,0.01,0.01,0.02,0.00,0.02,0.01,0.02,0.01,0.00,0.05,1.13,0.70,0.27,0.37,0.26,0.71,0.52,0.00,0.11,0.15,0.10,0.07,1.82,0.15,0.06
702,0.06,0.02,0.01,0.01,0.03,0.00,0.01,0.02,0.00,0.06,0.01,0.03,0.10,0.11,0.06,0.10,0.84,0.08,0.06,0.18,0.12,0.00,0.90,1.29,0.50,0.05,0.21,1.77,0.00,1.89,14.06,4.43,3.25,3.47,0.62,18.52,2.17,0.78,0.00,0.18,0.36,1.04,0.31,0.69,0.60,0.22,2.38,0.43,0.62,0.75,0.00,0.00,0.09,0.00,0.00,0.00,0.00,0.00,0.00,0.00,0.00,0.00,0.00,0.00,0.17,0.10,6.72,5.76,2.30,0.67,0.35,2.41,0.64,1.63,1.44,1.04,13.92,2.58,1.46,0.74,0.02,0.15,5.32,1.31,1.74,0.50,9.45,4.75,0.70,0.74,6.65,8.23,2.59,0.32,2.09,2.69,1.77,0.41,0.76,0.39,0.26,0.34,0.63,0.24,0.78,0.61,0.06,0.05,3.99,1.21,0.00,0.26,0.67,0.10,0.20,0.01,0.00,0.00,0.00,0.52,0.02,0.00,0.00,0.00,0.01,0.00,0.04,0.00,0.01,0.01,0.02,0.00,0.00,0.00,0.01,0.00,0.00,0.02,0.04,0.03,0.01,0.05,0.01,0.03,0.02,0.04,0.17,0.08,0.19,0.09,0.08,0.15,0.03,0.09,0.10,0.17,0.09,0.01,0.04,1.67,1.79,0.69,0.95,0.69,1.91,1.39,0.00,0.28,0.39,0.26,0.18,4.74,0.37,0.15
703,0.03,0.01,0.01,0.00,0.02,0.00,0.01,0.02,0.00,0.03,0.00,0.01,0.08,0.05,0.02,0.05,0.36,0.03,0.03,0.10,0.07,0.32,0.00,0.55,0.21,0.02,0.09,0.74,1.64,0.00,0.00,1.80,1.31,1.38,0.25,7.98,0.92,0.34,0.00,0.07,0.18,0.81,0.22,0.29,0.26,0.09,1.03,0.23,0.27,0.32,0.00,0.00,0.06,0.00,0.00,0.00,0.00,0.00,0.00,0.00,0.00,0.00,0.00,0.00,0.11,0.06,2.87,1.91,0.81,0.29,0.16,1.10,0.28,1.19,1.14,0.48,6.36,0.94,0.58,0.72,0.01,0.07,2.35,0.58,0.77,0.22,4.16,2.07,0.31,0.32,2.91,3.62,1.13,0.14,0.93,1.19,0.78,0.18,0.34,0.17,0.11,0.15,0.28,0.11,0.35,0.27,0.02,0.02,1.73,0.52,0.00,0.12,0.30,0.05,0.09,0.01,0.00,0.00,0.00,0.23,0.01,0.00,0.00,0.00,0.00,0.00,0.02,0.00,0.00,0.01,0.01,0.00,0.00,0.00,0.00,0.00,0.00,0.01,0.01,0.02,0.01,0.03,0.01,0.02,0.01,0.02,0.05,0.04,0.06,0.04,0.04,0.08,0.01,0.06,0.05,0.07,0.03,0.00,0.02,0.74,0.80,0.31,0.43,0.31,0.86,0.62,0.00,0.13,0.18,0.12,0.08,2.13,0.17,0.07
704,0.02,0.01,0.00,0.00,0.01,0.00,0.00,0.01,0.00,0.03,0.00,0.01,0.07,0.04,0.02,0.05,0.34,0.03,0.02,0.09,0.07,0.29,0.00,0.41,0.17,0.02,0.07,0.55,1.59,0.00,0.00,1.27,1.23,1.25,0.22,6.71,0.70,0.26,0.00,0.03,0.16,0.39,0.19,0.22,0.24,0.09,0.79,0.14,0.21,0.32,0.00,0.00,0.03,0.00,0.00,0.00,0.00,0.00,0.00,0.00,0.00,0.00,0.00,0.00,0.11,0.05,2.21,1.48,0.62,0.22,0.12,0.86,0.23,0.57,0.51,0.37,4.98,0.73,0.44,0.27,0.01,0.05,1.90,0.48,0.62,0.18,3.36,1.65,0.25,0.25,2.33,2.91,0.91,0.12,0.76,0.97,0.63,0.14,0.27,0.14,0.09,0.12,0.23,0.09,0.28,0.22,0.02,0.02,1.36,0.40,0.00,0.09,0.25,0.04,0.07,0.01,0.00,0.00,0.00,0.18,0.01,0.00,0.00,0.00,0.00,0.00,0.01,0.00,0.00,0.00,0.01,0.00,0.00,0.00,0.00,0.00,0.00,0.01,0.01,0.01,0.01,0.02,0.00,0.01,0.01,0.02,0.03,0.02,0.03,0.03,0.03,0.05,0.01,0.03,0.03,0.04,0.01,0.00,0.02,0.61,0.66,0.26,0.35,0.25,0.69,0.51,0.00,0.10,0.15,0.10,0.07,1.74,0.14,0.06
705,0.07,0.02,0.01,0.01,0.03,0.00,0.01,0.03,0.00,0.08,0.01,0.02,0.19,0.12,0.05,0.10,0.78,0.07,0.06,0.22,0.14,0.82,0.84,0.00,0.00,0.00,0.00,1.17,4.32,2.42,9.44,0.00,0.00,0.00,0.00,12.72,1.51,0.52,0.00,0.00,0.34,0.64,0.30,0.52,0.38,0.13,1.45,0.29,0.42,0.51,0.00,0.01,0.09,0.00,0.00,0.00,0.00,0.00,0.00,0.00,0.00,0.00,0.00,0.00,0.16,0.09,5.53,3.89,1.56,0.46,0.29,2.19,0.44,1.12,0.99,0.75,10.02,1.78,1.04,0.51,0.02,0.10,3.66,0.91,1.20,0.34,6.50,3.25,0.48,0.50,4.56,5.65,1.78,0.22,1.44,1.85,1.22,0.28,0.53,0.27,0.18,0.23,0.44,0.16,0.54,0.42,0.04,0.03,2.72,0.82,0.00,0.18,0.46,0.07,0.14,0.01,0.00,0.00,0.00,0.36,0.02,0.00,0.00,0.00,0.00,0.01,0.06,0.00,0.01,0.01,0.01,0.00,0.00,0.00,0.01,0.00,0.01,0.02,0.02,0.07,0.03,0.05,0.01,0.02,0.02,0.04,0.09,0.06,0.09,0.06,0.05,0.12,0.02,0.12,0.08,0.11,0.04,0.01,0.03,1.15,1.25,0.48,0.67,0.48,1.34,0.97,0.00,0.20,0.27,0.18,0.13,3.31,0.26,0.11
706,0.02,0.01,0.01,0.00,0.01,0.00,0.01,0.01,0.00,0.03,0.00,0.01,0.07,0.04,0.02,0.04,0.29,0.03,0.02,0.07,0.05,0.34,0.29,0.00,0.00,0.00,0.00,0.44,1.41,0.80,4.41,0.00,0.00,0.00,0.00,3.78,0.45,0.16,0.00,0.00,0.13,0.19,0.09,0.19,0.11,0.04,0.43,0.11,0.15,0.18,0.00,0.00,0.03,0.00,0.00,0.00,0.00,0.00,0.00,0.00,0.00,0.00,0.00,0.00,0.05,0.03,2.11,1.48,0.60,0.17,0.11,0.81,0.15,0.38,0.33,0.26,3.53,0.67,0.40,0.17,0.01,0.03,1.21,0.30,0.39,0.11,2.17,1.12,0.16,0.18,1.54,1.89,0.60,0.07,0.47,0.61,0.40,0.09,0.17,0.09,0.06,0.08,0.14,0.05,0.17,0.14,0.01,0.01,0.95,0.29,0.00,0.06,0.15,0.02,0.04,0.00,0.00,0.00,0.00,0.12,0.01,0.00,0.00,0.00,0.00,0.00,0.02,0.00,0.00,0.00,0.00,0.00,0.00,0.00,0.00,0.00,0.00,0.01,0.01,0.03,0.01,0.02,0.00,0.01,0.01,0.01,0.04,0.02,0.03,0.02,0.02,0.04,0.01,0.04,0.03,0.04,0.01,0.00,0.01,0.38,0.40,0.16,0.22,0.16,0.44,0.32,0.00,0.06,0.09,0.06,0.04,1.08,0.08,0.03
707,0.05,0.01,0.01,0.01,0.02,0.00,0.01,0.02,0.00,0.06,0.01,0.02,0.12,0.06,0.03,0.06,0.51,0.05,0.04,0.14,0.09,0.61,0.60,0.00,0.00,0.00,0.00,0.74,3.20,1.80,7.97,0.00,0.00,0.00,0.00,7.89,0.91,0.33,0.00,0.00,0.23,0.40,0.19,0.36,0.24,0.08,0.93,0.20,0.30,0.36,0.00,0.00,0.07,0.00,0.00,0.00,0.00,0.00,0.00,0.00,0.00,0.00,0.00,0.00,0.10,0.04,3.85,2.72,1.09,0.32,0.20,1.54,0.31,0.80,0.71,0.53,7.07,1.25,0.73,0.37,0.01,0.07,2.62,0.65,0.86,0.25,4.65,2.31,0.35,0.36,3.25,4.04,1.27,0.16,1.04,1.33,0.87,0.20,0.38,0.19,0.13,0.17,0.31,0.12,0.39,0.31,0.03,0.02,1.92,0.58,0.00,0.13,0.33,0.05,0.10,0.01,0.00,0.00,0.00,0.26,0.01,0.00,0.00,0.00,0.00,0.00,0.04,0.00,0.01,0.00,0.01,0.00,0.00,0.00,0.01,0.00,0.01,0.01,0.01,0.06,0.02,0.04,0.01,0.02,0.01,0.03,0.07,0.05,0.07,0.04,0.04,0.09,0.01,0.09,0.06,0.08,0.03,0.00,0.03,0.83,0.90,0.35,0.48,0.34,0.96,0.70,0.00,0.14,0.20,0.13,0.09,2.38,0.19,0.08
708,0.02,0.01,0.00,0.00,0.01,0.00,0.00,0.01,0.00,0.03,0.00,0.01,0.05,0.03,0.01,0.03,0.24,0.02,0.02,0.04,0.04,0.27,0.22,0.00,0.00,0.00,0.00,0.24,1.00,0.57,2.54,0.00,0.00,0.00,0.00,2.54,0.24,0.11,0.00,0.00,0.09,0.13,0.06,0.18,0.08,0.03,0.29,0.07,0.11,0.14,0.00,0.00,0.03,0.00,0.00,0.00,0.00,0.00,0.00,0.00,0.00,0.00,0.00,0.00,0.03,0.01,1.28,1.13,0.45,0.12,0.08,0.62,0.11,0.28,0.25,0.19,2.62,0.51,0.30,0.12,0.00,0.03,0.89,0.22,0.29,0.08,1.60,0.83,0.12,0.13,1.14,1.39,0.45,0.05,0.35,0.45,0.30,0.07,0.13,0.07,0.04,0.06,0.11,0.04,0.13,0.10,0.01,0.01,0.71,0.22,0.00,0.04,0.11,0.02,0.03,0.00,0.00,0.00,0.00,0.09,0.00,0.00,0.00,0.00,0.00,0.00,0.01,0.00,0.00,0.00,0.00,0.00,0.00,0.00,0.00,0.00,0.00,0.00,0.01,0.02,0.01,0.01,0.00,0.01,0.00,0.01,0.03,0.02,0.02,0.01,0.01,0.03,0.00,0.03,0.02,0.03,0.01,0.00,0.01,0.28,0.29,0.12,0.16,0.12,0.33,0.24,0.00,0.05,0.07,0.04,0.03,0.79,0.06,0.03
709,0.07,0.02,0.02,0.01,0.03,0.00,0.02,0.03,0.00,0.10,0.01,0.04,0.23,0.16,0.10,0.21,1.48,0.14,0.08,0.13,0.26,0.95,1.06,1.51,0.49,0.03,0.12,0.00,5.38,3.28,17.06,3.78,2.30,2.16,0.38,0.00,0.00,0.24,0.00,0.16,0.43,0.60,0.21,0.00,0.24,0.09,0.00,0.14,0.21,0.41,0.00,0.00,0.11,0.00,0.00,0.00,0.00,0.00,0.01,0.00,0.00,0.00,0.00,0.00,0.12,0.05,4.36,3.30,1.31,0.39,0.28,1.58,0.38,0.96,0.86,1.01,12.69,1.78,1.02,0.44,0.01,0.09,3.17,0.79,1.04,0.30,5.62,4.14,0.42,0.43,3.93,4.89,2.41,0.19,2.53,3.49,2.23,0.45,0.96,0.41,0.31,0.20,0.38,0.14,0.47,0.37,0.03,0.03,2.33,0.88,0.00,0.16,0.40,0.13,0.12,0.01,0.00,0.00,0.00,0.31,0.02,0.00,0.00,0.00,0.01,0.01,0.06,0.00,0.01,0.01,0.01,0.00,0.00,0.00,0.01,0.00,0.01,0.02,0.02,0.04,0.02,0.05,0.02,0.02,0.02,0.04,0.09,0.07,0.10,0.05,0.05,0.12,0.02,0.12,0.09,0.11,0.04,0.01,0.03,1.00,1.08,0.42,0.57,0.41,1.14,0.83,0.00,0.17,0.24,0.16,0.11,2.85,0.23,0.09
714,0.00,0.00,0.00,0.00,0.00,0.00,0.00,0.00,0.00,0.01,0.00,0.00,0.01,0.01,0.01,0.01,0.09,0.01,0.01,0.01,0.02,0.06,0.06,0.09,0.03,0.00,0.01,0.00,0.35,0.21,0.99,0.25,0.15,0.15,0.02,0.00,0.00,0.02,0.00,0.01,0.03,0.05,0.02,0.00,0.02,0.01,0.00,0.01,0.01,0.02,0.00,0.00,0.01,0.00,0.00,0.00,0.00,0.00,0.00,0.00,0.00,0.00,0.00,0.00,0.01,0.00,0.30,0.21,0.08,0.03,0.02,0.10,0.03,0.06,0.06,0.06,0.81,0.11,0.06,0.03,0.00,0.01,0.21,0.05,0.07,0.02,0.37,0.25,0.03,0.03,0.26,0.32,0.14,0.01,0.15,0.22,0.14,0.03,0.06,0.03,0.02,0.01,0.03,0.01,0.03,0.02,0.00,0.00,0.15,0.05,0.00,0.01,0.03,0.01,0.01,0.00,0.00,0.00,0.00,0.02,0.00,0.00,0.00,0.00,0.00,0.00,0.00,0.00,0.00,0.00,0.00,0.00,0.00,0.00,0.00,0.00,0.00,0.00,0.00,0.00,0.00,0.00,0.00,0.00,0.00,0.00,0.01,0.00,0.01,0.00,0.00,0.01,0.00,0.01,0.01,0.01,0.00,0.00,0.00,0.07,0.07,0.03,0.04,0.03,0.08,0.06,0.00,0.01,0.02,0.01,0.01,0.19,0.02,0.01
715,0.00,0.00,0.00,0.00,0.00,0.00,0.00,0.00,0.00,0.00,0.00,0.00,0.00,0.00,0.00,0.00,0.02,0.00,0.00,0.00,0.00,0.02,0.02,0.02,0.01,0.00,0.00,0.02,0.10,0.05,0.25,0.09,0.05,0.05,0.01,0.09,0.01,0.00,0.00,0.00,0.01,0.01,0.00,0.01,0.01,0.00,0.02,0.00,0.00,0.00,0.00,0.00,0.00,0.00,0.00,0.00,0.00,0.00,0.00,0.00,0.00,0.00,0.00,0.00,0.00,0.00,0.00,0.03,0.01,0.00,0.00,0.02,0.00,0.01,0.01,0.01,0.10,0.02,0.01,0.00,0.00,0.00,0.04,0.01,0.01,0.00,0.06,0.03,0.00,0.00,0.04,0.05,0.02,0.00,0.01,0.02,0.01,0.00,0.01,0.00,0.00,0.00,0.00,0.00,0.01,0.00,0.00,0.00,0.03,0.01,0.00,0.00,0.00,0.00,0.00,0.00,0.00,0.00,0.00,0.00,0.00,0.00,0.00,0.00,0.00,0.00,0.00,0.00,0.00,0.00,0.00,0.00,0.00,0.00,0.00,0.00,0.00,0.00,0.00,0.00,0.00,0.00,0.00,0.00,0.00,0.00,0.00,0.00,0.00,0.00,0.00,0.00,0.00,0.00,0.00,0.00,0.00,0.00,0.00,0.01,0.01,0.00,0.01,0.01,0.01,0.01,0.00,0.00,0.00,0.00,0.00,0.03,0.00,0.00
722,0.00,0.00,0.00,0.00,0.00,0.00,0.00,0.00,0.00,0.00,0.00,0.00,0.00,0.00,0.00,0.00,0.00,0.00,0.00,0.00,0.00,0.00,0.00,0.00,0.00,0.00,0.00,0.00,0.00,0.00,0.00,0.00,0.00,0.00,0.00,0.00,0.00,0.00,0.00,0.00,0.00,0.00,0.00,0.00,0.00,0.00,0.00,0.00,0.00,0.00,0.00,0.00,0.00,0.00,0.00,0.00,0.00,0.00,0.00,0.00,0.00,0.00,0.00,0.00,0.00,0.00,0.00,0.00,0.00,0.00,0.00,0.00,0.00,0.00,0.00,0.00,0.00,0.00,0.00,0.00,0.00,0.00,0.00,0.00,0.00,0.00,0.00,0.00,0.00,0.00,0.00,0.00,0.00,0.00,0.00,0.00,0.00,0.00,0.00,0.00,0.00,0.00,0.00,0.00,0.00,0.00,0.00,0.00,0.00,0.00,0.00,0.00,0.00,0.00,0.00,0.00,0.00,0.00,0.00,0.00,0.00,0.00,0.00,0.00,0.00,0.00,0.00,0.00,0.00,0.00,0.00,0.00,0.00,0.00,0.00,0.00,0.00,0.00,0.00,0.00,0.00,0.00,0.00,0.00,0.00,0.00,0.00,0.00,0.00,0.00,0.00,0.00,0.00,0.00,0.00,0.00,0.00,0.00,0.00,0.00,0.00,0.00,0.00,0.00,0.00,0.00,0.00,0.00,0.00,0.00,0.00,0.00,0.00,0.00
726,0.01,0.00,0.00,0.00,0.00,0.00,0.00,0.00,0.00,0.01,0.00,0.00,0.03,0.02,0.01,0.02,0.16,0.01,0.01,0.04,0.03,0.15,0.14,0.00,0.00,0.00,0.00,0.23,0.77,0.44,1.03,0.00,0.00,0.00,0.00,2.17,0.26,0.09,0.00,0.00,0.07,0.11,0.05,0.10,0.07,0.02,0.24,0.05,0.08,0.09,0.00,0.00,0.02,0.00,0.00,0.00,0.00,0.00,0.00,0.00,0.00,0.00,0.00,0.00,0.03,0.02,1.09,0.76,0.31,0.09,0.06,0.42,0.08,0.20,0.17,0.13,1.82,0.35,0.21,0.09,0.00,0.02,0.63,0.15,0.20,0.06,1.12,0.58,0.08,0.09,0.80,0.98,0.31,0.04,0.25,0.32,0.21,0.05,0.09,0.05,0.03,0.04,0.07,0.03,0.09,0.07,0.01,0.01,0.49,0.15,0.00,0.03,0.08,0.01,0.02,0.00,0.00,0.00,0.00,0.06,0.00,0.00,0.00,0.00,0.00,0.00,0.01,0.00,0.00,0.00,0.00,0.00,0.00,0.00,0.00,0.00,0.00,0.00,0.00,0.01,0.00,0.01,0.00,0.00,0.00,0.01,0.02,0.01,0.02,0.01,0.01,0.02,0.00,0.02,0.01,0.02,0.01,0.00,0.01,0.20,0.21,0.08,0.11,0.08,0.23,0.17,0.00,0.03,0.05,0.03,0.02,0.56,0.04,0.02
801,0.00,0.00,0.00,0.00,0.00,0.00,0.00,0.00,0.00,0.01,0.00,0.00,0.01,0.01,0.01,0.02,0.00,0.00,0.00,0.00,0.01,0.16,0.26,0.25,0.06,0.01,0.02,0.29,0.09,0.06,0.28,0.12,0.07,0.07,0.01,0.37,0.04,0.01,0.00,0.00,0.00,0.00,0.03,0.29,0.12,0.03,1.31,0.07,0.09,0.11,0.00,0.00,0.06,0.00,0.00,0.00,0.00,0.00,0.00,0.00,0.00,0.00,0.00,0.00,0.01,0.00,0.62,0.34,0.18,0.05,0.03,0.23,0.08,0.19,0.14,0.10,1.31,0.19,0.11,0.17,0.00,0.02,0.64,0.16,0.21,0.06,1.15,0.58,0.08,0.09,0.67,1.00,0.32,0.13,1.39,1.02,0.73,0.17,0.31,0.16,0.11,0.14,0.26,0.10,0.29,0.25,0.04,0.03,1.69,0.52,0.00,0.11,0.28,0.04,0.08,0.01,0.00,0.00,0.00,0.03,0.00,0.00,0.00,0.00,0.00,0.00,0.01,0.00,0.00,0.00,0.00,0.00,0.00,0.00,0.00,0.00,0.00,0.00,0.00,0.00,0.00,0.01,0.00,0.00,0.00,0.00,0.00,0.00,0.00,0.00,0.00,0.00,0.00,0.00,0.00,0.00,0.00,0.00,0.01,0.12,0.13,0.05,0.07,0.05,0.13,0.10,0.00,0.02,0.03,0.02,0.01,0.33,0.03,0.01
802,0.04,0.02,0.01,0.01,0.02,0.00,0.01,0.02,0.00,0.18,0.01,0.05,0.21,0.16,0.08,0.16,0.00,0.00,0.00,0.00,0.18,1.91,3.09,2.09,0.64,0.07,0.12,2.70,1.45,1.10,2.66,0.78,0.47,0.44,0.08,2.54,0.27,0.09,0.00,0.03,0.00,0.00,0.29,2.01,1.29,0.39,8.83,0.75,0.67,0.81,0.00,0.02,0.43,0.00,0.00,0.00,0.00,0.00,0.04,0.00,0.00,0.00,0.00,0.01,0.06,0.04,4.42,4.06,2.15,0.61,0.38,2.62,0.67,1.94,1.44,1.13,15.13,2.22,1.37,1.36,0.02,0.18,5.93,1.31,1.95,0.52,9.65,5.96,0.74,0.93,7.07,8.23,3.18,1.07,9.43,7.11,6.75,1.36,2.96,1.62,0.98,1.39,2.49,0.90,2.82,2.34,0.45,0.31,17.93,5.69,0.02,0.98,2.56,0.37,0.77,0.06,0.00,0.00,0.00,0.28,0.02,0.00,0.00,0.00,0.01,0.01,0.05,0.00,0.01,0.01,0.01,0.00,0.00,0.00,0.01,0.00,0.01,0.02,0.02,0.04,0.02,0.05,0.01,0.02,0.01,0.03,0.03,0.02,0.03,0.01,0.01,0.03,0.00,0.03,0.03,0.03,0.01,0.00,0.05,1.15,1.18,0.46,0.64,0.47,1.31,0.94,0.00,0.19,0.26,0.17,0.12,3.14,0.25,0.10
804,0.03,0.01,0.01,0.00,0.01,0.00,0.01,0.01,0.00,0.12,0.01,0.03,0.13,0.11,0.08,0.11,1.11,0.15,0.06,0.14,0.12,1.34,2.88,2.82,0.80,0.09,0.31,2.96,0.96,0.69,4.28,0.93,0.58,0.55,0.10,2.15,0.26,0.06,0.00,0.04,0.32,0.83,0.00,2.06,0.00,0.00,6.51,0.45,0.48,0.58,0.00,0.01,0.31,0.00,0.00,0.00,0.00,0.00,0.03,0.00,0.00,0.00,0.00,0.01,0.00,0.00,3.52,2.37,1.28,0.30,0.18,1.39,0.50,1.19,0.84,0.62,8.11,1.30,0.73,0.52,0.01,0.12,4.04,0.98,1.32,0.36,7.20,3.64,0.75,0.71,4.19,6.26,1.98,1.86,4.82,10.54,8.46,1.85,3.70,1.72,1.26,0.88,1.64,0.61,1.84,1.58,0.14,0.12,10.49,3.20,0.01,0.68,1.73,0.53,0.51,0.04,0.00,0.00,0.00,0.16,0.01,0.00,0.00,0.00,0.01,0.00,0.04,0.00,0.00,0.01,0.01,0.00,0.00,0.00,0.00,0.00,0.01,0.01,0.02,0.03,0.01,0.03,0.01,0.01,0.01,0.02,0.02,0.01,0.02,0.01,0.01,0.02,0.00,0.02,0.02,0.02,0.01,0.00,0.04,0.78,0.80,0.31,0.42,0.30,0.82,0.60,0.00,0.13,0.18,0.12,0.08,2.08,0.17,0.07
806,0.01,0.00,0.00,0.00,0.00,0.00,0.00,0.00,0.00,0.09,0.01,0.03,0.22,0.15,0.09,0.19,1.42,0.13,0.08,0.14,0.26,0.44,0.45,0.64,0.21,0.02,0.07,0.00,0.25,0.13,0.67,0.21,0.12,0.12,0.02,0.00,0.00,0.02,0.00,0.01,0.49,0.68,0.27,0.00,0.19,0.08,0.00,0.15,0.22,0.28,0.00,0.00,0.09,0.00,0.00,0.00,0.00,0.00,0.01,0.00,0.00,0.00,0.00,0.00,0.05,0.04,2.01,1.44,0.57,0.18,0.11,2.50,0.20,0.50,0.45,0.34,4.42,0.77,0.43,0.24,1.64,0.05,1.66,0.43,0.55,0.16,4.38,1.70,0.36,0.24,1.98,3.81,0.99,0.36,2.25,2.93,1.91,0.43,0.83,0.41,0.28,0.35,0.69,0.27,0.87,0.69,0.06,0.04,4.47,1.09,0.00,0.27,0.76,0.11,0.21,0.02,0.00,0.00,0.00,0.09,0.00,0.00,0.00,0.00,0.00,0.00,0.01,0.00,0.00,0.00,0.00,0.00,0.00,0.00,0.00,0.00,0.00,0.00,0.01,0.01,0.00,0.01,0.00,0.01,0.00,0.01,0.01,0.00,0.01,0.00,0.00,0.01,0.00,0.01,0.01,0.01,0.00,0.00,0.01,0.34,0.69,0.14,0.19,0.13,0.37,0.27,0.00,0.06,0.08,0.05,0.04,0.95,0.08,0.03
807,0.01,0.01,0.01,0.00,0.01,0.00,0.00,0.01,0.00,0.15,0.01,0.04,0.18,0.14,0.10,0.14,1.33,0.14,0.06,0.09,0.16,1.72,1.50,1.78,0.56,0.04,0.11,0.73,0.49,0.29,1.87,0.41,0.25,0.23,0.04,0.73,0.09,0.03,0.00,0.02,0.44,0.97,0.00,0.54,0.00,0.00,2.39,0.30,0.44,0.37,0.00,0.01,0.24,0.00,0.00,0.00,0.00,0.00,0.02,0.00,0.00,0.00,0.00,0.00,0.00,0.00,3.42,2.75,1.46,0.31,0.21,2.97,0.29,0.80,0.62,0.52,7.12,1.45,0.87,0.29,1.32,0.07,2.39,0.53,0.77,0.21,7.27,3.58,0.52,0.57,3.01,6.30,2.01,0.44,2.62,3.22,2.69,0.58,1.16,0.64,0.39,0.55,0.96,0.34,1.11,0.89,0.09,0.09,10.35,2.45,0.01,0.41,0.98,0.15,0.30,0.02,0.00,0.00,0.00,0.12,0.01,0.00,0.00,0.00,0.00,0.00,0.02,0.00,0.00,0.00,0.00,0.00,0.00,0.00,0.00,0.00,0.00,0.01,0.01,0.01,0.01,0.02,0.01,0.01,0.01,0.01,0.01,0.01,0.01,0.00,0.00,0.01,0.00,0.01,0.01,0.01,0.01,0.00,0.02,0.44,1.06,0.18,0.25,0.18,0.52,0.37,0.00,0.07,0.10,0.07,0.05,1.24,0.09,0.04
808,0.01,0.01,0.00,0.00,0.01,0.00,0.00,0.01,0.00,0.07,0.00,0.02,0.08,0.07,0.05,0.07,0.69,0.09,0.04,0.07,0.07,0.87,1.18,1.06,0.31,0.02,0.12,0.79,0.39,0.23,1.48,0.28,0.17,0.16,0.03,0.50,0.06,0.02,0.00,0.01,0.20,0.52,0.00,0.46,0.00,0.00,1.02,0.21,0.31,0.35,0.00,0.01,0.18,0.00,0.00,0.00,0.00,0.00,0.01,0.00,0.00,0.00,0.00,0.00,0.00,0.00,1.48,1.18,0.64,0.15,0.09,0.78,0.22,0.53,0.38,0.29,3.82,0.63,0.36,0.23,0.01,0.05,1.76,0.41,0.57,0.16,3.14,2.26,0.34,0.33,1.90,2.70,1.28,0.34,3.75,3.68,3.88,0.79,1.71,0.79,0.57,0.39,0.71,0.26,0.80,0.68,0.06,0.06,12.20,1.48,0.01,0.30,0.74,0.24,0.22,0.02,0.00,0.00,0.00,0.10,0.00,0.00,0.00,0.00,0.00,0.00,0.02,0.00,0.00,0.00,0.00,0.00,0.00,0.00,0.00,0.00,0.00,0.01,0.01,0.01,0.00,0.01,0.00,0.01,0.00,0.01,0.01,0.01,0.01,0.00,0.00,0.01,0.00,0.01,0.01,0.01,0.00,0.00,0.02,0.34,0.34,0.13,0.18,0.13,0.57,0.45,0.00,0.05,0.08,0.05,0.03,0.91,0.07,0.03
809,0.03,0.01,0.01,0.00,0.01,0.00,0.01,0.01,0.00,0.37,0.05,0.15,0.84,0.65,0.35,0.64,6.59,0.49,0.21,0.31,0.75,1.71,1.79,2.07,0.69,0.06,0.22,0.00,0.92,0.49,2.68,0.74,0.46,0.42,0.08,0.00,0.00,0.05,0.00,0.03,1.85,3.20,0.57,0.00,0.91,0.17,0.00,0.31,0.46,1.00,0.00,0.01,0.30,0.00,0.00,0.00,0.00,0.00,0.02,0.00,0.00,0.00,0.00,0.01,0.10,0.07,4.08,4.57,1.82,0.53,0.33,2.83,0.52,1.31,1.17,0.92,12.41,2.34,1.36,0.56,0.02,0.12,4.20,1.04,1.38,0.39,7.45,4.86,0.99,0.74,5.22,6.48,2.83,0.87,9.27,11.45,8.41,1.91,3.84,1.75,1.32,0.91,1.72,0.64,2.11,1.66,0.15,0.12,20.40,3.19,0.01,0.71,1.83,0.57,0.53,0.04,0.00,0.00,0.00,0.31,0.01,0.00,0.00,0.00,0.00,0.00,0.04,0.00,0.00,0.01,0.01,0.00,0.00,0.00,0.00,0.00,0.01,0.01,0.01,0.03,0.01,0.03,0.01,0.01,0.01,0.02,0.02,0.01,0.02,0.01,0.01,0.02,0.00,0.02,0.02,0.02,0.01,0.00,0.04,0.82,0.88,0.34,0.47,0.34,1.47,1.16,0.00,0.14,0.19,0.13,0.09,2.33,0.18,0.07
902,0.03,0.00,0.00,0.00,0.01,0.00,0.01,0.00,0.00,0.03,0.00,0.01,0.04,0.04,0.02,0.03,0.27,0.04,0.02,0.04,0.04,0.60,0.66,0.81,0.27,0.03,0.10,0.79,0.42,0.23,1.11,0.35,0.24,0.20,0.04,0.40,0.04,0.01,0.00,0.01,0.43,0.96,0.26,0.49,0.49,0.14,1.06,0.00,0.00,4.41,0.00,0.02,0.39,0.00,0.00,0.00,0.00,0.00,0.02,0.00,0.00,0.00,0.00,0.00,0.09,0.05,2.42,1.76,0.69,0.23,0.14,1.05,0.28,0.69,0.64,0.47,6.12,0.99,0.55,0.29,0.01,0.07,1.11,0.29,0.37,0.10,1.91,0.87,0.16,0.13,1.27,1.65,0.49,0.27,1.29,1.87,1.31,0.34,0.57,0.27,0.24,0.31,0.58,0.22,0.65,0.56,0.05,0.04,3.71,1.13,0.00,0.24,0.62,0.08,0.18,0.01,0.00,0.00,0.00,0.22,0.00,0.00,0.00,0.00,0.00,0.00,0.00,0.00,0.00,0.00,0.00,0.00,0.00,0.00,0.00,0.00,0.00,0.00,0.00,0.00,0.00,0.00,0.00,0.00,0.00,0.00,0.01,0.00,0.01,0.01,0.01,0.01,0.00,0.01,0.01,0.01,0.00,0.00,0.00,0.17,0.18,0.07,0.09,0.07,0.18,0.13,0.00,0.03,0.04,0.03,0.02,0.46,0.04,0.01
903,0.05,0.01,0.01,0.00,0.01,0.00,0.01,0.01,0.00,0.05,0.00,0.02,0.07,0.06,0.02,0.05,0.30,0.04,0.03,0.07,0.07,1.02,1.07,1.26,0.44,0.04,0.16,1.17,0.53,0.35,1.58,0.56,0.38,0.33,0.06,0.68,0.07,0.01,0.00,0.02,0.66,1.06,0.38,0.84,0.77,0.21,1.81,0.00,0.00,4.99,0.00,0.04,0.73,0.00,0.00,0.00,0.00,0.00,0.06,0.00,0.00,0.00,0.00,0.00,0.11,0.07,3.80,2.99,1.17,0.39,0.23,1.78,0.47,1.52,1.48,0.79,10.35,1.71,0.95,0.47,0.01,0.11,1.86,0.49,0.62,0.18,3.21,1.46,0.38,0.27,2.14,2.77,0.82,0.46,2.16,3.13,2.19,0.57,0.95,0.45,0.39,0.52,0.97,0.36,1.09,0.93,0.09,0.07,6.24,1.90,0.01,0.40,1.02,0.13,0.30,0.02,0.00,0.00,0.00,0.38,0.00,0.00,0.00,0.00,0.00,0.00,0.01,0.00,0.00,0.00,0.00,0.00,0.00,0.00,0.00,0.00,0.00,0.00,0.00,0.01,0.00,0.01,0.00,0.00,0.00,0.01,0.01,0.01,0.01,0.02,0.01,0.02,0.00,0.02,0.01,0.02,0.00,0.00,0.01,0.28,0.29,0.11,0.16,0.11,0.31,0.22,0.00,0.05,0.06,0.04,0.03,0.77,0.06,0.02
905,0.00,0.00,0.00,0.00,0.00,0.00,0.00,0.00,0.00,0.00,0.00,0.00,0.01,0.00,0.00,0.00,0.02,0.00,0.00,0.00,0.00,0.06,0.06,0.07,0.02,0.00,0.01,0.06,0.03,0.02,0.09,0.03,0.02,0.02,0.00,0.07,0.01,0.00,0.00,0.00,0.04,0.07,0.02,0.06,0.03,0.01,0.17,0.27,0.21,0.00,0.00,0.01,0.13,0.00,0.00,0.00,0.00,0.00,0.01,0.00,0.00,0.00,0.00,0.00,0.01,0.00,0.00,0.19,0.11,0.03,0.02,0.14,0.03,0.08,0.07,0.06,0.79,0.12,0.08,0.02,0.00,0.01,0.11,0.03,0.04,0.01,0.20,0.10,0.01,0.02,0.14,0.18,0.06,0.02,0.14,0.19,0.13,0.03,0.06,0.03,0.02,0.03,0.05,0.02,0.06,0.04,0.00,0.00,0.45,0.10,0.00,0.02,0.05,0.01,0.01,0.00,0.00,0.00,0.00,0.02,0.00,0.00,0.00,0.00,0.00,0.00,0.00,0.00,0.00,0.00,0.00,0.00,0.00,0.00,0.00,0.00,0.00,0.00,0.00,0.00,0.00,0.00,0.00,0.00,0.00,0.00,0.00,0.00,0.00,0.00,0.00,0.00,0.00,0.00,0.00,0.00,0.00,0.00,0.00,0.01,0.01,0.01,0.01,0.01,0.02,0.01,0.00,0.00,0.00,0.00,0.00,0.04,0.00,0.00
911,0.00,0.00,0.00,0.00,0.00,0.00,0.00,0.00,0.00,0.00,0.00,0.00,0.00,0.00,0.00,0.00,0.00,0.00,0.00,0.00,0.00,0.00,0.00,0.00,0.00,0.00,0.00,0.00,0.00,0.00,0.00,0.00,0.00,0.00,0.00,0.00,0.00,0.00,0.00,0.00,0.00,0.00,0.00,0.00,0.00,0.00,0.00,0.00,0.00,0.01,0.00,0.00,0.00,0.00,0.00,0.00,0.00,0.00,0.00,0.00,0.00,0.00,0.00,0.00,0.00,0.00,0.01,0.01,0.00,0.00,0.00,0.00,0.00,0.00,0.00,0.00,0.01,0.00,0.00,0.00,0.00,0.00,0.00,0.00,0.00,0.00,0.01,0.00,0.00,0.00,0.00,0.01,0.00,0.00,0.00,0.01,0.00,0.00,0.00,0.00,0.00,0.00,0.00,0.00,0.00,0.00,0.00,0.00,0.01,0.00,0.00,0.00,0.00,0.00,0.00,0.00,0.00,0.00,0.00,0.00,0.00,0.00,0.00,0.00,0.00,0.00,0.00,0.00,0.00,0.00,0.00,0.00,0.00,0.00,0.00,0.00,0.00,0.00,0.00,0.00,0.00,0.00,0.00,0.00,0.00,0.00,0.00,0.00,0.00,0.00,0.00,0.00,0.00,0.00,0.00,0.00,0.00,0.00,0.00,0.00,0.00,0.00,0.00,0.00,0.00,0.00,0.00,0.00,0.00,0.00,0.00,0.00,0.00,0.00
912,0.00,0.00,0.00,0.00,0.00,0.00,0.00,0.00,0.00,0.01,0.00,0.00,0.01,0.01,0.00,0.01,0.07,0.01,0.00,0.01,0.01,0.08,0.11,0.09,0.03,0.00,0.01,0.08,0.04,0.03,0.12,0.06,0.04,0.04,0.01,0.08,0.01,0.00,0.00,0.00,0.10,0.17,0.06,0.09,0.10,0.03,0.22,0.10,0.14,0.44,0.00,0.00,0.00,0.00,0.00,0.00,0.00,0.00,0.00,0.00,0.00,0.00,0.00,0.00,0.02,0.01,0.66,0.31,0.15,0.05,0.03,0.16,0.03,0.09,0.07,0.06,0.88,0.14,0.11,0.03,0.00,0.01,0.11,0.03,0.04,0.01,0.21,0.12,0.01,0.02,0.16,0.18,0.06,0.02,0.14,0.19,0.13,0.03,0.05,0.03,0.02,0.03,0.05,0.02,0.05,0.04,0.00,0.00,0.40,0.14,0.00,0.02,0.05,0.01,0.01,0.00,0.00,0.00,0.00,0.03,0.00,0.00,0.00,0.00,0.00,0.00,0.00,0.00,0.00,0.00,0.00,0.00,0.00,0.00,0.00,0.00,0.00,0.00,0.00,0.00,0.00,0.00,0.00,0.00,0.00,0.00,0.00,0.00,0.00,0.00,0.00,0.00,0.00,0.00,0.00,0.00,0.00,0.00,0.00,0.01,0.01,0.01,0.01,0.01,0.02,0.01,0.00,0.00,0.00,0.00,0.00,0.04,0.00,0.00
913,0.04,0.02,0.01,0.00,0.01,0.00,0.01,0.01,0.00,0.07,0.01,0.03,0.16,0.13,0.06,0.12,0.79,0.08,0.06,0.17,0.18,0.85,0.93,1.13,0.49,0.05,0.18,1.44,0.49,0.27,1.76,0.50,0.48,0.38,0.09,1.85,0.21,0.05,0.00,0.02,1.79,2.94,1.01,1.60,2.06,0.73,4.99,1.93,2.77,9.07,0.00,0.00,0.00,0.01,0.00,0.00,0.00,0.00,0.00,0.00,0.00,0.00,0.00,0.00,0.32,0.20,9.73,8.68,3.30,0.98,0.46,2.64,0.79,2.04,1.73,1.00,12.31,1.60,1.72,0.56,0.02,0.50,2.78,0.65,0.89,0.26,5.07,2.80,0.35,0.46,3.73,4.44,1.47,0.55,3.49,4.70,3.16,0.75,1.35,0.75,0.46,0.65,1.11,0.40,1.26,1.04,0.10,0.10,17.25,5.25,0.01,0.49,1.14,0.18,0.35,0.03,0.00,0.00,0.00,1.13,0.00,0.00,0.00,0.00,0.00,0.00,0.00,0.00,0.00,0.00,0.00,0.00,0.00,0.00,0.00,0.00,0.00,0.00,0.00,0.00,0.00,0.00,0.00,0.00,0.00,0.00,0.01,0.01,0.01,0.01,0.01,0.01,0.00,0.01,0.01,0.01,0.00,0.00,0.01,0.32,0.33,0.12,0.18,0.13,0.38,0.27,0.00,0.05,0.07,0.05,0.03,0.89,0.07,0.03
914,0.00,0.00,0.00,0.00,0.00,0.00,0.00,0.00,0.00,0.00,0.00,0.00,0.00,0.00,0.00,0.00,0.00,0.00,0.00,0.00,0.00,0.00,0.00,0.00,0.00,0.00,0.00,0.00,0.00,0.00,0.00,0.00,0.00,0.00,0.00,0.00,0.00,0.00,0.00,0.00,0.00,0.00,0.00,0.00,0.00,0.00,0.01,0.00,0.00,0.01,0.00,0.00,0.00,0.00,0.00,0.00,0.00,0.00,0.00,0.00,0.00,0.00,0.00,0.00,0.00,0.00,0.01,0.01,0.00,0.00,0.00,0.00,0.00,0.00,0.00,0.00,0.02,0.00,0.00,0.00,0.00,0.00,0.00,0.00,0.00,0.00,0.01,0.00,0.00,0.00,0.00,0.01,0.00,0.00,0.00,0.01,0.00,0.00,0.00,0.00,0.00,0.00,0.00,0.00,0.00,0.00,0.00,0.00,0.01,0.00,0.00,0.00,0.00,0.00,0.00,0.00,0.00,0.00,0.00,0.00,0.00,0.00,0.00,0.00,0.00,0.00,0.00,0.00,0.00,0.00,0.00,0.00,0.00,0.00,0.00,0.00,0.00,0.00,0.00,0.00,0.00,0.00,0.00,0.00,0.00,0.00,0.00,0.00,0.00,0.00,0.00,0.00,0.00,0.00,0.00,0.00,0.00,0.00,0.00,0.00,0.00,0.00,0.00,0.00,0.00,0.00,0.00,0.00,0.00,0.00,0.00,0.00,0.00,0.00
917,0.00,0.00,0.00,0.00,0.00,0.00,0.00,0.00,0.00,0.00,0.00,0.00,0.00,0.00,0.00,0.00,0.00,0.00,0.00,0.00,0.00,0.00,0.00,0.00,0.00,0.00,0.00,0.00,0.00,0.00,0.00,0.00,0.00,0.00,0.00,0.00,0.00,0.00,0.00,0.00,0.00,0.00,0.00,0.00,0.00,0.00,0.00,0.00,0.00,0.01,0.00,0.00,0.00,0.00,0.00,0.00,0.00,0.00,0.00,0.00,0.00,0.00,0.00,0.00,0.00,0.00,0.01,0.00,0.00,0.00,0.00,0.00,0.00,0.00,0.00,0.00,0.02,0.00,0.00,0.00,0.00,0.00,0.00,0.00,0.00,0.00,0.01,0.00,0.00,0.00,0.00,0.00,0.00,0.00,0.00,0.00,0.00,0.00,0.00,0.00,0.00,0.00,0.00,0.00,0.00,0.00,0.00,0.00,0.01,0.00,0.00,0.00,0.00,0.00,0.00,0.00,0.00,0.00,0.00,0.00,0.00,0.00,0.00,0.00,0.00,0.00,0.00,0.00,0.00,0.00,0.00,0.00,0.00,0.00,0.00,0.00,0.00,0.00,0.00,0.00,0.00,0.00,0.00,0.00,0.00,0.00,0.00,0.00,0.00,0.00,0.00,0.00,0.00,0.00,0.00,0.00,0.00,0.00,0.00,0.00,0.00,0.00,0.00,0.00,0.00,0.00,0.00,0.00,0.00,0.00,0.00,0.00,0.00,0.00
918,0.00,0.00,0.00,0.00,0.00,0.00,0.00,0.00,0.00,0.00,0.00,0.00,0.00,0.00,0.00,0.00,0.00,0.00,0.00,0.00,0.00,0.00,0.00,0.00,0.00,0.00,0.00,0.00,0.00,0.00,0.00,0.00,0.00,0.00,0.00,0.00,0.00,0.00,0.00,0.00,0.00,0.00,0.00,0.00,0.00,0.00,0.00,0.00,0.00,0.00,0.00,0.00,0.00,0.00,0.00,0.00,0.00,0.00,0.00,0.00,0.00,0.00,0.00,0.00,0.00,0.00,0.00,0.00,0.00,0.00,0.00,0.00,0.00,0.00,0.00,0.00,0.00,0.00,0.00,0.00,0.00,0.00,0.00,0.00,0.00,0.00,0.00,0.00,0.00,0.00,0.00,0.00,0.00,0.00,0.00,0.00,0.00,0.00,0.00,0.00,0.00,0.00,0.00,0.00,0.00,0.00,0.00,0.00,0.00,0.00,0.00,0.00,0.00,0.00,0.00,0.00,0.00,0.00,0.00,0.00,0.00,0.00,0.00,0.00,0.00,0.00,0.00,0.00,0.00,0.00,0.00,0.00,0.00,0.00,0.00,0.00,0.00,0.00,0.00,0.00,0.00,0.00,0.00,0.00,0.00,0.00,0.00,0.00,0.00,0.00,0.00,0.00,0.00,0.00,0.00,0.00,0.00,0.00,0.00,0.00,0.00,0.00,0.00,0.00,0.00,0.00,0.00,0.00,0.00,0.00,0.00,0.00,0.00,0.00
919,0.00,0.00,0.00,0.00,0.00,0.00,0.00,0.00,0.00,0.00,0.00,0.00,0.00,0.00,0.00,0.00,0.00,0.00,0.00,0.00,0.00,0.00,0.00,0.00,0.00,0.00,0.00,0.00,0.00,0.00,0.00,0.00,0.00,0.00,0.00,0.00,0.00,0.00,0.00,0.00,0.00,0.00,0.00,0.00,0.00,0.00,0.00,0.00,0.00,0.00,0.00,0.00,0.00,0.00,0.00,0.00,0.00,0.00,0.00,0.00,0.00,0.00,0.00,0.00,0.00,0.00,0.00,0.00,0.00,0.00,0.00,0.00,0.00,0.00,0.00,0.00,0.00,0.00,0.00,0.00,0.00,0.00,0.00,0.00,0.00,0.00,0.00,0.00,0.00,0.00,0.00,0.00,0.00,0.00,0.00,0.00,0.00,0.00,0.00,0.00,0.00,0.00,0.00,0.00,0.00,0.00,0.00,0.00,0.00,0.00,0.00,0.00,0.00,0.00,0.00,0.00,0.00,0.00,0.00,0.00,0.00,0.00,0.00,0.00,0.00,0.00,0.00,0.00,0.00,0.00,0.00,0.00,0.00,0.00,0.00,0.00,0.00,0.00,0.00,0.00,0.00,0.00,0.00,0.00,0.00,0.00,0.00,0.00,0.00,0.00,0.00,0.00,0.00,0.00,0.00,0.00,0.00,0.00,0.00,0.00,0.00,0.00,0.00,0.00,0.00,0.00,0.00,0.00,0.00,0.00,0.00,0.00,0.00,0.00
920,0.00,0.00,0.00,0.00,0.00,0.00,0.00,0.00,0.00,0.00,0.00,0.00,0.00,0.00,0.00,0.00,0.00,0.00,0.00,0.00,0.00,0.00,0.00,0.00,0.00,0.00,0.00,0.00,0.00,0.00,0.00,0.00,0.00,0.00,0.00,0.00,0.00,0.00,0.00,0.00,0.00,0.00,0.00,0.00,0.00,0.00,0.00,0.00,0.00,0.00,0.00,0.00,0.00,0.00,0.00,0.00,0.00,0.00,0.00,0.00,0.00,0.00,0.00,0.00,0.00,0.00,0.00,0.00,0.00,0.00,0.00,0.00,0.00,0.00,0.00,0.00,0.00,0.00,0.00,0.00,0.00,0.00,0.00,0.00,0.00,0.00,0.00,0.00,0.00,0.00,0.00,0.00,0.00,0.00,0.00,0.00,0.00,0.00,0.00,0.00,0.00,0.00,0.00,0.00,0.00,0.00,0.00,0.00,0.00,0.00,0.00,0.00,0.00,0.00,0.00,0.00,0.00,0.00,0.00,0.00,0.00,0.00,0.00,0.00,0.00,0.00,0.00,0.00,0.00,0.00,0.00,0.00,0.00,0.00,0.00,0.00,0.00,0.00,0.00,0.00,0.00,0.00,0.00,0.00,0.00,0.00,0.00,0.00,0.00,0.00,0.00,0.00,0.00,0.00,0.00,0.00,0.00,0.00,0.00,0.00,0.00,0.00,0.00,0.00,0.00,0.00,0.00,0.00,0.00,0.00,0.00,0.00,0.00,0.00
922,0.00,0.00,0.00,0.00,0.00,0.00,0.00,0.00,0.00,0.00,0.00,0.00,0.00,0.00,0.00,0.00,0.01,0.00,0.00,0.00,0.00,0.00,0.00,0.01,0.00,0.00,0.00,0.01,0.00,0.00,0.01,0.00,0.00,0.00,0.00,0.01,0.00,0.00,0.00,0.00,0.01,0.03,0.01,0.01,0.02,0.01,0.04,0.01,0.02,0.07,0.00,0.00,0.00,0.00,0.00,0.00,0.00,0.00,0.00,0.00,0.00,0.00,0.00,0.00,0.00,0.00,0.08,0.05,0.02,0.01,0.00,0.02,0.01,0.02,0.02,0.01,0.12,0.01,0.01,0.01,0.00,0.00,0.03,0.01,0.01,0.00,0.06,0.03,0.00,0.01,0.04,0.05,0.02,0.01,0.04,0.05,0.04,0.01,0.02,0.01,0.01,0.01,0.01,0.00,0.01,0.01,0.00,0.00,0.10,0.03,0.00,0.01,0.01,0.00,0.00,0.00,0.00,0.00,0.00,0.01,0.00,0.00,0.00,0.00,0.00,0.00,0.00,0.00,0.00,0.00,0.00,0.00,0.00,0.00,0.00,0.00,0.00,0.00,0.00,0.00,0.00,0.00,0.00,0.00,0.00,0.00,0.00,0.00,0.00,0.00,0.00,0.00,0.00,0.00,0.00,0.00,0.00,0.00,0.00,0.00,0.00,0.00,0.00,0.00,0.00,0.00,0.00,0.00,0.00,0.00,0.00,0.01,0.00,0.00
923,0.00,0.00,0.00,0.00,0.00,0.00,0.00,0.00,0.00,0.00,0.00,0.00,0.00,0.00,0.00,0.00,0.00,0.00,0.00,0.00,0.00,0.00,0.00,0.00,0.00,0.00,0.00,0.00,0.00,0.00,0.00,0.00,0.00,0.00,0.00,0.00,0.00,0.00,0.00,0.00,0.00,0.01,0.00,0.00,0.00,0.00,0.01,0.00,0.00,0.02,0.00,0.00,0.00,0.00,0.00,0.00,0.00,0.00,0.00,0.00,0.00,0.00,0.00,0.00,0.00,0.00,0.01,0.01,0.00,0.00,0.00,0.00,0.00,0.00,0.00,0.00,0.02,0.00,0.00,0.00,0.00,0.00,0.01,0.00,0.00,0.00,0.01,0.01,0.00,0.00,0.01,0.01,0.00,0.00,0.01,0.01,0.01,0.00,0.00,0.00,0.00,0.00,0.00,0.00,0.00,0.00,0.00,0.00,0.02,0.01,0.00,0.00,0.00,0.00,0.00,0.00,0.00,0.00,0.00,0.00,0.00,0.00,0.00,0.00,0.00,0.00,0.00,0.00,0.00,0.00,0.00,0.00,0.00,0.00,0.00,0.00,0.00,0.00,0.00,0.00,0.00,0.00,0.00,0.00,0.00,0.00,0.00,0.00,0.00,0.00,0.00,0.00,0.00,0.00,0.00,0.00,0.00,0.00,0.00,0.00,0.00,0.00,0.00,0.00,0.00,0.00,0.00,0.00,0.00,0.00,0.00,0.00,0.00,0.00
924,0.00,0.00,0.00,0.00,0.00,0.00,0.00,0.00,0.00,0.00,0.00,0.00,0.00,0.00,0.00,0.00,0.00,0.00,0.00,0.00,0.00,0.00,0.00,0.00,0.00,0.00,0.00,0.00,0.00,0.00,0.00,0.00,0.00,0.00,0.00,0.00,0.00,0.00,0.00,0.00,0.00,0.00,0.00,0.00,0.00,0.00,0.00,0.00,0.00,0.00,0.00,0.00,0.00,0.00,0.00,0.00,0.00,0.00,0.00,0.00,0.00,0.00,0.00,0.00,0.00,0.00,0.00,0.00,0.00,0.00,0.00,0.00,0.00,0.00,0.00,0.00,0.00,0.00,0.00,0.00,0.00,0.00,0.00,0.00,0.00,0.00,0.00,0.00,0.00,0.00,0.00,0.00,0.00,0.00,0.00,0.00,0.00,0.00,0.00,0.00,0.00,0.00,0.00,0.00,0.00,0.00,0.00,0.00,0.00,0.00,0.00,0.00,0.00,0.00,0.00,0.00,0.00,0.00,0.00,0.00,0.00,0.00,0.00,0.00,0.00,0.00,0.00,0.00,0.00,0.00,0.00,0.00,0.00,0.00,0.00,0.00,0.00,0.00,0.00,0.00,0.00,0.00,0.00,0.00,0.00,0.00,0.00,0.00,0.00,0.00,0.00,0.00,0.00,0.00,0.00,0.00,0.00,0.00,0.00,0.00,0.00,0.00,0.00,0.00,0.00,0.00,0.00,0.00,0.00,0.00,0.00,0.00,0.00,0.00
1002,0.00,0.00,0.00,0.00,0.00,0.00,0.00,0.00,0.00,0.00,0.00,0.00,0.00,0.00,0.00,0.00,0.00,0.00,0.00,0.00,0.00,0.19,0.11,0.14,0.06,0.01,0.03,0.20,0.00,0.00,0.00,0.00,0.00,0.00,0.00,0.00,0.00,0.00,0.00,0.00,0.00,0.00,0.00,0.00,0.00,0.00,0.00,0.00,0.00,0.00,0.00,0.00,0.00,0.00,0.00,0.00,0.00,0.00,0.00,0.00,0.00,0.00,0.00,0.00,0.00,0.00,0.00,0.00,0.00,0.00,0.00,0.00,0.00,0.00,0.00,0.00,0.00,0.00,0.00,0.00,0.00,0.00,0.00,0.00,0.00,0.00,0.00,0.00,0.00,0.00,0.00,0.00,0.00,0.00,0.00,0.00,0.00,0.00,0.00,0.00,0.00,0.00,0.00,0.00,0.00,0.00,0.00,0.00,0.00,0.00,0.00,0.00,0.00,0.00,0.00,0.00,0.00,0.00,0.00,0.00,0.00,0.00,0.00,0.00,0.00,0.00,0.00,0.00,0.00,0.00,0.00,0.00,0.00,0.00,0.00,0.00,0.00,0.00,0.00,0.00,0.00,0.00,0.00,0.00,0.00,0.00,0.00,0.00,0.00,0.00,0.00,0.00,0.00,0.00,0.00,0.00,0.00,0.00,0.00,0.00,0.00,0.00,0.00,0.00,0.00,0.00,0.00,0.00,0.00,0.00,0.00,0.00,0.00,0.00
1005,0.00,0.00,0.00,0.00,0.00,0.00,0.00,0.00,0.00,0.00,0.00,0.00,0.00,0.00,0.00,0.00,0.00,0.00,0.00,0.00,0.00,0.04,0.04,0.05,0.02,0.00,0.01,0.05,0.00,0.00,0.00,0.00,0.00,0.00,0.00,0.00,0.00,0.00,0.00,0.00,0.00,0.00,0.00,0.00,0.00,0.00,0.00,0.00,0.00,0.00,0.00,0.00,0.00,0.00,0.00,0.00,0.00,0.00,0.00,0.00,0.00,0.00,0.00,0.00,0.00,0.00,0.00,0.00,0.00,0.00,0.00,0.00,0.00,0.00,0.00,0.00,0.00,0.00,0.00,0.00,0.00,0.00,0.00,0.00,0.00,0.00,0.00,0.00,0.00,0.00,0.00,0.00,0.00,0.00,0.00,0.00,0.00,0.00,0.00,0.00,0.00,0.00,0.00,0.00,0.00,0.00,0.00,0.00,0.00,0.00,0.00,0.00,0.00,0.00,0.00,0.00,0.00,0.00,0.00,0.00,0.00,0.00,0.00,0.00,0.00,0.00,0.00,0.00,0.00,0.00,0.00,0.00,0.00,0.00,0.00,0.00,0.00,0.00,0.00,0.00,0.00,0.00,0.00,0.00,0.00,0.00,0.00,0.00,0.00,0.00,0.00,0.00,0.00,0.00,0.00,0.00,0.00,0.00,0.00,0.00,0.00,0.00,0.00,0.00,0.00,0.00,0.00,0.00,0.00,0.00,0.00,0.00,0.00,0.00
1102,0.00,0.00,0.00,0.00,0.00,0.00,0.00,0.00,0.00,0.00,0.00,0.00,0.00,0.00,0.00,0.00,0.01,0.00,0.00,0.00,0.00,0.02,0.02,0.03,0.01,0.00,0.00,0.02,0.00,0.00,0.01,0.00,0.00,0.00,0.00,0.01,0.00,0.00,0.00,0.00,0.01,0.02,0.01,0.01,0.01,0.00,0.03,0.02,0.04,0.09,0.00,0.00,0.01,0.00,0.00,0.00,0.00,0.00,0.00,0.00,0.00,0.00,0.00,0.00,0.01,0.01,0.22,0.13,0.06,0.02,0.02,0.07,0.01,0.04,0.03,0.05,0.61,0.05,0.05,0.01,0.00,0.00,0.29,0.07,0.08,0.03,0.53,0.30,0.04,0.05,0.39,0.47,0.16,0.01,0.06,0.25,0.14,0.04,0.06,0.03,0.03,0.01,0.02,0.01,0.02,0.02,0.00,0.00,0.15,0.05,0.00,0.01,0.02,0.01,0.01,0.00,0.00,0.00,0.00,0.01,0.00,0.00,0.00,0.00,0.00,0.00,0.00,0.00,0.00,0.00,0.00,0.00,0.00,0.00,0.00,0.00,0.00,0.00,0.00,0.00,0.00,0.00,0.00,0.00,0.00,0.00,0.00,0.00,0.00,0.00,0.00,0.00,0.00,0.00,0.00,0.00,0.00,0.00,0.00,0.04,0.04,0.02,0.02,0.02,0.05,0.03,0.00,0.01,0.01,0.01,0.00,0.11,0.01,0.00
1201,0.00,0.00,0.00,0.00,0.00,0.00,0.00,0.00,0.00,0.00,0.00,0.00,0.00,0.00,0.00,0.00,0.00,0.00,0.00,0.00,0.00,0.00,0.00,0.00,0.00,0.00,0.00,0.00,0.00,0.00,0.00,0.00,0.00,0.00,0.00,0.00,0.00,0.00,0.00,0.00,0.00,0.00,0.00,0.00,0.00,0.00,0.00,0.00,0.00,0.00,0.00,0.00,0.00,0.00,0.00,0.00,0.00,0.00,0.00,0.00,0.00,0.00,0.00,0.00,0.00,0.00,0.00,0.00,0.00,0.00,0.00,0.00,0.00,0.00,0.00,0.00,0.00,0.00,0.00,0.00,0.00,0.00,0.04,0.01,0.01,0.00,0.06,0.03,0.00,0.00,0.04,0.05,0.02,0.01,0.04,0.06,0.04,0.01,0.02,0.01,0.01,0.01,0.01,0.01,0.02,0.01,0.00,0.00,0.09,0.03,0.00,0.01,0.02,0.00,0.00,0.00,0.00,0.00,0.00,0.00,0.00,0.00,0.00,0.00,0.00,0.00,0.00,0.00,0.00,0.00,0.00,0.00,0.00,0.00,0.00,0.00,0.00,0.00,0.00,0.00,0.00,0.00,0.00,0.00,0.00,0.00,0.00,0.00,0.00,0.00,0.00,0.00,0.00,0.00,0.00,0.00,0.00,0.00,0.00,0.01,0.01,0.00,0.00,0.00,0.01,0.01,0.00,0.00,0.00,0.00,0.00,0.02,0.00,0.00
1202,0.01,0.00,0.00,0.00,0.00,0.00,0.00,0.00,0.00,0.00,0.00,0.00,0.00,0.00,0.00,0.00,0.00,0.00,0.00,0.00,0.00,0.01,0.01,0.01,0.00,0.00,0.00,0.01,0.01,0.00,0.02,0.01,0.00,0.00,0.00,0.01,0.00,0.00,0.00,0.00,0.00,0.00,0.00,0.00,0.00,0.00,0.01,0.01,0.02,0.02,0.00,0.00,0.01,0.00,0.00,0.00,0.00,0.00,0.00,0.00,0.00,0.00,0.00,0.00,0.00,0.00,0.00,0.00,0.00,0.00,0.00,0.00,0.00,0.00,0.00,0.00,0.00,0.00,0.00,0.00,0.00,0.00,0.18,0.04,0.06,0.02,0.32,0.16,0.02,0.02,0.18,0.28,0.09,0.04,0.21,0.30,0.21,0.05,0.09,0.05,0.03,0.04,0.07,0.03,0.08,0.07,0.01,0.01,0.45,0.13,0.00,0.03,0.08,0.01,0.02,0.00,0.00,0.00,0.00,0.01,0.00,0.00,0.00,0.00,0.00,0.00,0.01,0.00,0.00,0.00,0.00,0.00,0.00,0.00,0.00,0.00,0.00,0.00,0.00,0.00,0.00,0.01,0.00,0.00,0.00,0.00,0.01,0.00,0.01,0.00,0.00,0.01,0.00,0.01,0.00,0.01,0.00,0.00,0.01,0.04,0.04,0.01,0.02,0.01,0.04,0.03,0.00,0.01,0.01,0.01,0.00,0.10,0.01,0.00
1203,0.10,0.06,0.04,0.02,0.05,0.00,0.05,0.05,0.01,0.01,0.00,0.00,0.01,0.01,0.00,0.01,0.06,0.01,0.01,0.01,0.01,0.11,0.12,0.19,0.06,0.00,0.01,0.12,0.10,0.06,0.27,0.08,0.05,0.05,0.01,0.16,0.02,0.00,0.00,0.00,0.03,0.05,0.02,0.05,0.04,0.01,0.11,0.19,0.28,0.00,0.00,0.01,0.18,0.00,0.00,0.00,0.00,0.00,0.01,0.00,0.00,0.01,0.08,0.00,0.00,0.00,0.00,0.00,0.00,0.00,0.00,0.00,0.00,0.00,0.00,0.00,0.00,0.00,0.00,0.00,0.00,0.00,2.80,0.69,0.92,0.26,4.96,2.47,0.37,0.38,3.47,4.31,1.35,0.59,3.35,7.30,5.19,1.11,2.22,1.04,0.74,0.61,1.15,0.43,1.42,1.12,0.10,0.08,7.08,2.13,0.01,0.47,1.23,0.31,0.35,0.03,0.00,0.00,0.00,0.23,0.03,0.00,0.00,0.00,0.01,0.01,0.10,0.00,0.01,0.02,0.02,0.00,0.00,0.00,0.01,0.01,0.01,0.03,0.04,0.17,0.06,0.08,0.03,0.04,0.03,0.05,0.07,0.05,0.08,0.03,0.03,0.09,0.01,0.09,0.07,0.08,0.04,0.00,0.13,0.56,0.61,0.23,0.32,0.23,0.64,0.47,0.00,0.10,0.13,0.09,0.06,1.59,0.13,0.05
1208,0.03,0.01,0.01,0.00,0.01,0.00,0.01,0.01,0.00,0.00,0.00,0.00,0.00,0.00,0.00,0.00,0.02,0.00,0.00,0.00,0.00,0.03,0.03,0.04,0.01,0.00,0.00,0.04,0.03,0.02,0.09,0.02,0.02,0.01,0.00,0.05,0.01,0.00,0.00,0.00,0.01,0.02,0.00,0.02,0.01,0.00,0.04,0.06,0.08,0.17,0.00,0.00,0.05,0.00,0.00,0.00,0.00,0.00,0.00,0.00,0.00,0.00,0.01,0.00,0.00,0.00,0.00,0.00,0.00,0.00,0.00,0.00,0.00,0.00,0.00,0.00,0.00,0.00,0.00,0.00,0.00,0.00,0.71,0.18,0.23,0.07,1.26,0.62,0.09,0.10,0.88,1.10,0.34,0.15,0.85,1.06,0.82,0.19,0.35,0.18,0.12,0.16,0.29,0.11,0.36,0.29,0.03,0.02,1.78,0.53,0.00,0.12,0.31,0.05,0.09,0.01,0.00,0.00,0.00,0.06,0.01,0.00,0.00,0.00,0.00,0.00,0.03,0.00,0.00,0.00,0.00,0.00,0.00,0.00,0.00,0.00,0.00,0.01,0.01,0.02,0.01,0.02,0.01,0.01,0.01,0.01,0.02,0.01,0.02,0.01,0.01,0.02,0.00,0.02,0.02,0.02,0.01,0.00,0.03,0.35,0.16,0.06,0.08,0.06,0.16,0.12,0.00,0.02,0.03,0.02,0.02,0.41,0.03,0.01
1209,0.02,0.01,0.01,0.00,0.01,0.00,0.00,0.01,0.00,0.00,0.00,0.00,0.00,0.00,0.00,0.00,0.01,0.00,0.00,0.00,0.00,0.02,0.02,0.02,0.01,0.00,0.00,0.02,0.02,0.01,0.05,0.01,0.01,0.01,0.00,0.03,0.00,0.00,0.00,0.00,0.00,0.01,0.00,0.01,0.01,0.00,0.02,0.03,0.04,0.10,0.00,0.00,0.04,0.00,0.00,0.00,0.00,0.00,0.00,0.00,0.00,0.00,0.01,0.00,0.00,0.00,0.00,0.00,0.00,0.00,0.00,0.00,0.00,0.00,0.00,0.00,0.00,0.00,0.00,0.00,0.00,0.00,0.46,0.12,0.15,0.04,0.81,0.39,0.06,0.06,0.56,0.70,0.22,0.10,0.55,0.77,0.53,0.12,0.23,0.11,0.08,0.10,0.19,0.07,0.24,0.19,0.02,0.01,1.10,0.32,0.00,0.08,0.21,0.03,0.06,0.00,0.00,0.00,0.00,0.04,0.00,0.00,0.00,0.00,0.00,0.00,0.02,0.00,0.00,0.00,0.00,0.00,0.00,0.00,0.00,0.00,0.00,0.01,0.01,0.01,0.00,0.01,0.00,0.01,0.00,0.01,0.01,0.01,0.02,0.01,0.01,0.02,0.00,0.02,0.01,0.01,0.01,0.00,0.02,0.20,0.10,0.04,0.05,0.04,0.10,0.08,0.00,0.02,0.02,0.02,0.01,0.27,0.02,0.01
1210,0.03,0.01,0.01,0.00,0.01,0.00,0.01,0.01,0.00,0.00,0.00,0.00,0.00,0.00,0.00,0.00,0.02,0.00,0.00,0.00,0.00,0.03,0.03,0.04,0.01,0.00,0.00,0.03,0.03,0.01,0.07,0.02,0.02,0.01,0.00,0.05,0.01,0.00,0.00,0.00,0.01,0.01,0.00,0.01,0.01,0.00,0.04,0.05,0.07,0.15,0.00,0.00,0.05,0.00,0.00,0.00,0.00,0.00,0.00,0.00,0.00,0.00,0.01,0.00,0.00,0.00,0.00,0.00,0.00,0.00,0.00,0.00,0.00,0.00,0.00,0.00,0.00,0.00,0.00,0.00,0.00,0.00,0.69,0.18,0.23,0.06,1.19,0.55,0.10,0.08,0.80,1.03,0.31,0.15,0.79,1.15,0.80,0.18,0.35,0.17,0.12,0.14,0.29,0.11,0.37,0.29,0.03,0.02,1.81,0.42,0.00,0.11,0.33,0.05,0.09,0.01,0.00,0.00,0.00,0.05,0.01,0.00,0.00,0.00,0.00,0.00,0.03,0.00,0.00,0.00,0.01,0.00,0.00,0.00,0.00,0.00,0.00,0.01,0.01,0.02,0.01,0.02,0.01,0.01,0.01,0.02,0.02,0.01,0.02,0.01,0.01,0.02,0.00,0.02,0.02,0.02,0.01,0.00,0.04,0.15,0.16,0.06,0.08,0.06,0.15,0.12,0.00,0.03,0.04,0.02,0.02,0.41,0.03,0.01
1211,0.02,0.00,0.00,0.00,0.01,0.00,0.00,0.01,0.00,0.00,0.00,0.00,0.00,0.00,0.00,0.00,0.01,0.00,0.00,0.00,0.00,0.02,0.02,0.02,0.01,0.00,0.00,0.02,0.02,0.01,0.04,0.01,0.01,0.01,0.00,0.03,0.00,0.00,0.00,0.00,0.00,0.01,0.00,0.01,0.01,0.00,0.02,0.03,0.04,0.10,0.00,0.00,0.02,0.00,0.00,0.00,0.00,0.00,0.00,0.00,0.00,0.00,0.00,0.00,0.00,0.00,0.00,0.00,0.00,0.00,0.00,0.00,0.00,0.00,0.00,0.00,0.00,0.00,0.00,0.00,0.00,0.00,0.47,0.13,0.16,0.04,0.80,0.35,0.07,0.05,0.52,0.69,0.20,0.11,0.53,0.79,0.56,0.12,0.24,0.11,0.08,0.09,0.20,0.08,0.27,0.22,0.02,0.01,0.89,0.25,0.00,0.08,0.24,0.03,0.06,0.00,0.00,0.00,0.00,0.04,0.00,0.00,0.00,0.00,0.00,0.00,0.02,0.00,0.00,0.00,0.00,0.00,0.00,0.00,0.00,0.00,0.00,0.01,0.01,0.01,0.00,0.02,0.00,0.01,0.00,0.01,0.01,0.01,0.01,0.01,0.01,0.02,0.00,0.02,0.01,0.01,0.00,0.00,0.03,0.11,0.11,0.04,0.05,0.03,0.09,0.07,0.00,0.02,0.02,0.02,0.01,0.25,0.03,0.01
1212,0.06,0.02,0.02,0.01,0.03,0.00,0.01,0.03,0.00,0.01,0.00,0.00,0.01,0.01,0.00,0.01,0.05,0.01,0.00,0.01,0.01,0.10,0.10,0.12,0.04,0.00,0.01,0.11,0.08,0.05,0.22,0.07,0.05,0.04,0.01,0.15,0.02,0.00,0.00,0.00,0.02,0.05,0.01,0.05,0.05,0.01,0.11,0.18,0.26,0.41,0.00,0.01,0.11,0.00,0.00,0.00,0.00,0.00,0.01,0.00,0.00,0.00,0.01,0.00,0.00,0.00,0.00,0.00,0.00,0.00,0.00,0.00,0.00,0.00,0.00,0.00,0.00,0.00,0.00,0.00,0.00,0.00,1.61,0.40,0.53,0.15,2.83,1.37,0.22,0.21,1.95,2.46,0.76,0.34,1.90,2.55,1.85,0.42,0.80,0.40,0.27,0.35,0.67,0.25,0.75,0.66,0.06,0.05,3.86,1.14,0.00,0.27,0.72,0.11,0.20,0.02,0.00,0.00,0.00,0.13,0.01,0.00,0.00,0.00,0.01,0.01,0.06,0.00,0.00,0.01,0.01,0.00,0.00,0.00,0.01,0.00,0.01,0.02,0.02,0.04,0.01,0.05,0.02,0.01,0.01,0.03,0.05,0.03,0.05,0.02,0.02,0.05,0.01,0.05,0.05,0.05,0.03,0.00,0.08,0.33,0.34,0.13,0.18,0.12,0.33,0.24,0.00,0.05,0.07,0.05,0.03,0.86,0.07,0.03
1215,0.00,0.00,0.00,0.00,0.00,0.00,0.00,0.00,0.00,0.00,0.00,0.00,0.00,0.00,0.00,0.00,0.00,0.00,0.00,0.00,0.00,0.00,0.00,0.00,0.00,0.00,0.00,0.00,0.00,0.00,0.00,0.00,0.00,0.00,0.00,0.00,0.00,0.00,0.00,0.00,0.00,0.00,0.00,0.00,0.00,0.00,0.00,0.00,0.00,0.00,0.00,0.00,0.00,0.00,0.00,0.00,0.00,0.00,0.00,0.00,0.00,0.00,0.00,0.00,0.00,0.00,0.00,0.00,0.00,0.00,0.00,0.00,0.00,0.00,0.00,0.00,0.00,0.00,0.00,0.00,0.00,0.00,0.00,0.00,0.00,0.00,0.00,0.00,0.00,0.00,0.00,0.00,0.00,0.00,0.00,0.00,0.00,0.00,0.00,0.00,0.00,0.00,0.00,0.00,0.00,0.00,0.00,0.00,0.00,0.00,0.00,0.00,0.00,0.00,0.00,0.00,0.00,0.00,0.00,0.00,0.00,0.00,0.00,0.00,0.00,0.00,0.00,0.00,0.00,0.00,0.00,0.00,0.00,0.00,0.00,0.00,0.00,0.00,0.00,0.00,0.00,0.00,0.00,0.00,0.00,0.00,0.00,0.00,0.00,0.00,0.00,0.00,0.00,0.00,0.00,0.00,0.00,0.00,0.00,0.00,0.00,0.00,0.00,0.00,0.00,0.00,0.00,0.00,0.00,0.00,0.00,0.00,0.00,0.00
1216,0.04,0.02,0.02,0.01,0.02,0.00,0.01,0.03,0.01,0.01,0.00,0.00,0.01,0.01,0.00,0.00,0.06,0.01,0.00,0.01,0.01,0.08,0.09,0.09,0.03,0.00,0.01,0.09,0.07,0.04,0.19,0.06,0.04,0.03,0.01,0.12,0.01,0.00,0.00,0.00,0.02,0.05,0.01,0.03,0.03,0.01,0.09,0.15,0.21,0.34,0.00,0.00,0.13,0.00,0.00,0.00,0.00,0.00,0.01,0.00,0.00,0.00,0.01,0.00,0.00,0.00,0.00,0.00,0.00,0.00,0.00,0.00,0.00,0.00,0.00,0.00,0.00,0.00,0.00,0.00,0.00,0.00,0.75,0.21,0.26,0.07,1.27,0.55,0.10,0.00,0.00,1.09,0.31,0.17,0.86,1.27,0.89,0.19,0.39,0.17,0.13,0.15,0.32,0.13,0.43,0.36,0.03,0.04,3.25,1.25,0.00,0.17,0.47,0.05,0.11,0.01,0.00,0.00,0.00,0.00,0.01,0.00,0.00,0.00,0.01,0.00,0.04,0.00,0.00,0.01,0.01,0.00,0.00,0.00,0.00,0.00,0.01,0.02,0.02,0.03,0.01,0.04,0.01,0.01,0.01,0.02,0.04,0.03,0.05,0.01,0.01,0.04,0.01,0.04,0.04,0.04,0.03,0.00,0.06,0.21,0.42,0.08,0.12,0.07,0.20,0.15,0.00,0.04,0.05,0.03,0.02,0.54,0.05,0.02
1217,0.01,0.01,0.01,0.00,0.01,0.00,0.00,0.01,0.00,0.00,0.00,0.00,0.00,0.00,0.00,0.00,0.02,0.00,0.00,0.00,0.00,0.03,0.03,0.03,0.01,0.00,0.00,0.03,0.02,0.01,0.06,0.02,0.01,0.01,0.00,0.04,0.00,0.00,0.00,0.00,0.01,0.01,0.00,0.01,0.01,0.00,0.03,0.05,0.07,0.12,0.00,0.00,0.04,0.00,0.00,0.00,0.00,0.00,0.00,0.00,0.00,0.00,0.00,0.00,0.00,0.00,0.00,0.00,0.00,0.00,0.00,0.00,0.00,0.00,0.00,0.00,0.00,0.00,0.00,0.00,0.00,0.00,0.30,0.08,0.10,0.03,0.52,0.24,0.04,0.00,0.00,0.45,0.13,0.07,0.35,0.50,0.35,0.08,0.15,0.07,0.05,0.06,0.13,0.05,0.14,0.13,0.01,0.01,1.32,0.43,0.00,0.06,0.16,0.02,0.04,0.00,0.00,0.00,0.00,0.00,0.00,0.00,0.00,0.00,0.00,0.00,0.01,0.00,0.00,0.00,0.00,0.00,0.00,0.00,0.00,0.00,0.00,0.01,0.01,0.01,0.00,0.01,0.00,0.00,0.00,0.01,0.01,0.01,0.02,0.00,0.00,0.01,0.00,0.01,0.01,0.01,0.01,0.00,0.02,0.08,0.20,0.03,0.04,0.03,0.08,0.06,0.00,0.01,0.02,0.01,0.01,0.21,0.02,0.01
1218,0.03,0.01,0.01,0.01,0.01,0.00,0.01,0.01,0.00,0.00,0.00,0.00,0.01,0.00,0.00,0.00,0.04,0.00,0.00,0.01,0.01,0.06,0.06,0.07,0.02,0.00,0.01,0.07,0.05,0.03,0.14,0.04,0.03,0.02,0.00,0.09,0.01,0.00,0.00,0.00,0.01,0.03,0.01,0.03,0.02,0.01,0.06,0.11,0.16,0.25,0.00,0.00,0.07,0.00,0.00,0.00,0.00,0.00,0.01,0.00,0.00,0.00,0.01,0.00,0.00,0.00,0.00,0.00,0.00,0.00,0.00,0.00,0.00,0.00,0.00,0.00,0.00,0.00,0.00,0.00,0.00,0.00,0.81,0.20,0.27,0.08,1.43,0.70,0.11,0.11,0.99,1.24,0.38,0.17,0.97,2.13,1.74,0.34,0.72,0.32,0.23,0.18,0.31,0.12,0.34,0.32,0.03,0.02,2.47,0.59,0.00,0.14,0.36,0.09,0.10,0.01,0.00,0.00,0.00,0.06,0.01,0.00,0.00,0.00,0.00,0.00,0.03,0.00,0.00,0.00,0.00,0.00,0.00,0.00,0.00,0.00,0.00,0.01,0.01,0.02,0.01,0.02,0.01,0.01,0.00,0.01,0.02,0.02,0.03,0.01,0.01,0.03,0.00,0.03,0.02,0.02,0.01,0.00,0.04,0.17,0.17,0.06,0.09,0.06,0.17,0.12,0.00,0.03,0.04,0.03,0.02,0.43,0.04,0.01
1219,0.37,0.14,0.09,0.06,0.15,0.00,0.07,0.14,0.03,0.04,0.00,0.01,0.05,0.04,0.02,0.04,0.35,0.04,0.02,0.05,0.04,0.57,0.60,0.69,0.24,0.02,0.08,0.64,0.50,0.27,1.30,0.41,0.28,0.24,0.05,0.92,0.11,0.02,0.00,0.02,0.11,0.27,0.07,0.24,0.22,0.04,0.65,1.02,1.50,2.69,0.00,0.03,0.78,0.01,0.00,0.00,0.00,0.00,0.05,0.00,0.00,0.03,0.07,0.00,0.00,0.00,0.00,0.00,0.00,0.00,0.00,0.00,0.00,0.00,0.00,0.00,0.00,0.00,0.00,0.00,0.00,0.00,9.56,2.43,3.16,0.90,16.75,8.01,1.30,1.21,11.47,14.52,4.45,2.06,11.40,20.10,15.26,3.46,6.85,3.21,2.38,2.04,3.91,1.52,4.23,3.95,0.35,0.26,23.51,6.50,0.03,1.59,4.35,1.02,1.20,0.09,0.00,0.00,0.00,0.75,0.07,0.00,0.00,0.01,0.04,0.04,0.34,0.01,0.02,0.05,0.05,0.00,0.00,0.00,0.04,0.03,0.05,0.12,0.13,0.22,0.07,0.29,0.09,0.09,0.06,0.18,0.29,0.20,0.33,0.13,0.12,0.33,0.06,0.32,0.29,0.31,0.16,0.01,0.49,1.99,2.06,0.77,1.05,0.71,1.91,1.45,0.00,0.32,0.44,0.31,0.20,5.12,0.44,0.17
1220,0.00,0.00,0.00,0.00,0.00,0.00,0.00,0.00,0.00,0.00,0.00,0.00,0.00,0.00,0.00,0.00,0.00,0.00,0.00,0.00,0.00,0.00,0.00,0.00,0.00,0.00,0.00,0.00,0.00,0.00,0.00,0.00,0.00,0.00,0.00,0.00,0.00,0.00,0.00,0.00,0.00,0.00,0.00,0.00,0.00,0.00,0.00,0.00,0.00,0.01,0.00,0.00,0.00,0.00,0.00,0.00,0.00,0.00,0.00,0.00,0.00,0.00,0.00,0.00,0.00,0.00,0.00,0.00,0.00,0.00,0.00,0.00,0.00,0.00,0.00,0.00,0.00,0.00,0.00,0.00,0.00,0.00,0.02,0.01,0.01,0.00,0.04,0.02,0.00,0.00,0.03,0.04,0.01,0.01,0.03,0.06,0.04,0.01,0.02,0.01,0.01,0.01,0.01,0.00,0.01,0.01,0.00,0.00,0.05,0.02,0.00,0.00,0.02,0.00,0.00,0.00,0.00,0.00,0.00,0.00,0.00,0.00,0.00,0.00,0.00,0.00,0.00,0.00,0.00,0.00,0.00,0.00,0.00,0.00,0.00,0.00,0.00,0.00,0.00,0.00,0.00,0.00,0.00,0.00,0.00,0.00,0.00,0.00,0.00,0.00,0.00,0.00,0.00,0.00,0.00,0.00,0.00,0.00,0.00,0.01,0.01,0.00,0.00,0.00,0.00,0.00,0.00,0.00,0.00,0.00,0.00,0.01,0.00,0.00
1221,0.01,0.00,0.00,0.00,0.01,0.00,0.00,0.01,0.00,0.00,0.00,0.00,0.00,0.00,0.00,0.00,0.01,0.00,0.00,0.00,0.00,0.02,0.02,0.02,0.01,0.00,0.00,0.02,0.02,0.01,0.04,0.01,0.01,0.01,0.00,0.03,0.00,0.00,0.00,0.00,0.00,0.01,0.00,0.01,0.01,0.00,0.02,0.03,0.04,0.09,0.00,0.00,0.02,0.00,0.00,0.00,0.00,0.00,0.00,0.00,0.00,0.00,0.00,0.00,0.00,0.00,0.00,0.00,0.00,0.00,0.00,0.00,0.00,0.00,0.00,0.00,0.00,0.00,0.00,0.00,0.00,0.00,0.36,0.10,0.12,0.03,0.62,0.27,0.05,0.04,0.40,0.53,0.15,0.08,0.41,0.61,0.43,0.09,0.19,0.08,0.06,0.07,0.16,0.06,0.21,0.17,0.01,0.01,0.70,0.19,0.00,0.06,0.18,0.03,0.05,0.00,0.00,0.00,0.00,0.03,0.00,0.00,0.00,0.00,0.00,0.00,0.02,0.00,0.00,0.00,0.00,0.00,0.00,0.00,0.00,0.00,0.00,0.00,0.00,0.01,0.00,0.01,0.00,0.00,0.00,0.01,0.01,0.01,0.01,0.01,0.01,0.01,0.00,0.01,0.01,0.01,0.00,0.00,0.02,0.08,0.09,0.03,0.04,0.03,0.07,0.05,0.00,0.01,0.02,0.01,0.01,0.20,0.02,0.01
1222,0.00,0.00,0.00,0.00,0.00,0.00,0.00,0.00,0.00,0.00,0.00,0.00,0.00,0.00,0.00,0.00,0.02,0.00,0.00,0.00,0.00,0.01,0.02,0.01,0.00,0.00,0.00,0.01,0.01,0.01,0.03,0.01,0.01,0.01,0.00,0.02,0.00,0.00,0.00,0.00,0.01,0.01,0.00,0.01,0.00,0.00,0.01,0.02,0.03,0.03,0.00,0.00,0.01,0.00,0.00,0.00,0.00,0.00,0.00,0.00,0.00,0.00,0.00,0.00,0.00,0.00,0.00,0.00,0.00,0.00,0.00,0.00,0.00,0.00,0.00,0.00,0.00,0.00,0.00,0.00,0.00,0.00,0.15,0.03,0.05,0.01,0.27,0.16,0.02,0.03,0.21,0.24,0.08,0.03,0.19,0.25,0.16,0.04,0.07,0.04,0.02,0.03,0.06,0.02,0.07,0.05,0.01,0.01,0.53,0.19,0.00,0.03,0.06,0.01,0.02,0.00,0.00,0.00,0.00,0.01,0.00,0.00,0.00,0.00,0.00,0.00,0.00,0.00,0.00,0.00,0.00,0.00,0.00,0.00,0.00,0.00,0.00,0.00,0.00,0.00,0.00,0.00,0.00,0.00,0.00,0.00,0.00,0.00,0.00,0.00,0.00,0.00,0.00,0.00,0.00,0.00,0.00,0.00,0.01,0.03,0.03,0.01,0.02,0.01,0.03,0.02,0.00,0.00,0.01,0.00,0.00,0.08,0.01,0.00
1224,0.00,0.00,0.00,0.00,0.00,0.00,0.00,0.00,0.00,0.00,0.00,0.00,0.00,0.00,0.00,0.00,0.00,0.00,0.00,0.00,0.00,0.00,0.00,0.00,0.00,0.00,0.00,0.00,0.00,0.00,0.00,0.00,0.00,0.00,0.00,0.00,0.00,0.00,0.00,0.00,0.00,0.00,0.00,0.00,0.00,0.00,0.00,0.00,0.00,0.00,0.00,0.00,0.00,0.00,0.00,0.00,0.00,0.00,0.00,0.00,0.00,0.00,0.00,0.00,0.00,0.00,0.00,0.00,0.00,0.00,0.00,0.00,0.00,0.00,0.00,0.00,0.00,0.00,0.00,0.00,0.00,0.00,0.00,0.00,0.00,0.00,0.00,0.00,0.00,0.00,0.00,0.00,0.00,0.00,0.00,0.00,0.00,0.00,0.00,0.00,0.00,0.00,0.00,0.00,0.00,0.00,0.00,0.00,0.00,0.00,0.00,0.00,0.00,0.00,0.00,0.00,0.00,0.00,0.00,0.00,0.00,0.00,0.00,0.00,0.00,0.00,0.00,0.00,0.00,0.00,0.00,0.00,0.00,0.00,0.00,0.00,0.00,0.00,0.00,0.00,0.00,0.00,0.00,0.00,0.00,0.00,0.00,0.00,0.00,0.00,0.00,0.00,0.00,0.00,0.00,0.00,0.00,0.00,0.00,0.00,0.00,0.00,0.00,0.00,0.00,0.00,0.00,0.00,0.00,0.00,0.00,0.00,0.00,0.00
1225,0.00,0.00,0.00,0.00,0.00,0.00,0.00,0.00,0.00,0.00,0.00,0.00,0.00,0.00,0.00,0.00,0.00,0.00,0.00,0.00,0.00,0.00,0.00,0.00,0.00,0.00,0.00,0.00,0.00,0.00,0.00,0.00,0.00,0.00,0.00,0.00,0.00,0.00,0.00,0.00,0.00,0.00,0.00,0.00,0.00,0.00,0.00,0.00,0.00,0.00,0.00,0.00,0.00,0.00,0.00,0.00,0.00,0.00,0.00,0.00,0.00,0.00,0.00,0.00,0.00,0.00,0.00,0.00,0.00,0.00,0.00,0.00,0.00,0.00,0.00,0.00,0.00,0.00,0.00,0.00,0.00,0.00,0.00,0.00,0.00,0.00,0.00,0.00,0.00,0.00,0.00,0.00,0.00,0.00,0.00,0.00,0.00,0.00,0.00,0.00,0.00,0.00,0.00,0.00,0.00,0.00,0.00,0.00,0.00,0.00,0.00,0.00,0.00,0.00,0.00,0.00,0.00,0.00,0.00,0.00,0.00,0.00,0.00,0.00,0.00,0.00,0.00,0.00,0.00,0.00,0.00,0.00,0.00,0.00,0.00,0.00,0.00,0.00,0.00,0.00,0.00,0.00,0.00,0.00,0.00,0.00,0.00,0.00,0.00,0.00,0.00,0.00,0.00,0.00,0.00,0.00,0.00,0.00,0.00,0.00,0.00,0.00,0.00,0.00,0.00,0.00,0.00,0.00,0.00,0.00,0.00,0.00,0.00,0.00
1302,0.03,0.06,0.05,0.03,0.02,0.00,0.04,0.02,0.01,0.02,0.00,0.01,0.04,0.03,0.01,0.03,0.23,0.02,0.01,0.04,0.04,0.77,0.88,0.86,0.31,0.03,0.11,0.84,0.09,0.06,0.28,0.08,0.06,0.05,0.01,0.18,0.02,0.01,0.00,0.00,0.20,0.34,0.10,0.20,0.21,0.07,0.49,0.12,0.17,0.25,0.00,0.00,0.09,0.00,0.00,0.00,0.00,0.00,0.01,0.00,0.00,0.00,0.00,0.00,0.19,0.11,4.73,2.63,1.25,0.39,0.30,1.26,0.11,0.46,0.47,0.52,6.48,1.73,1.14,0.31,0.01,0.04,0.00,0.00,0.00,0.75,13.50,7.25,1.41,1.14,11.46,14.88,3.20,0.75,5.41,7.48,4.75,1.17,2.51,0.99,0.83,0.68,1.46,0.60,1.69,1.63,0.15,0.15,19.38,5.74,0.02,0.75,2.17,0.28,0.48,0.05,0.00,0.00,0.00,0.72,0.06,0.00,0.00,0.01,0.04,0.02,0.21,0.01,0.02,0.05,0.04,0.00,0.00,0.00,0.03,0.02,0.03,0.09,0.08,0.14,0.05,0.18,0.06,0.07,0.05,0.10,0.22,0.13,0.24,0.07,0.06,0.20,0.04,0.20,0.20,0.19,0.14,0.01,0.05,0.79,0.81,0.31,0.44,0.30,0.81,0.60,0.00,0.13,0.18,0.12,0.08,2.10,0.17,0.07
1303,0.01,0.01,0.01,0.01,0.00,0.00,0.01,0.00,0.00,0.00,0.00,0.00,0.01,0.01,0.00,0.00,0.04,0.00,0.00,0.01,0.01,0.14,0.16,0.15,0.05,0.01,0.02,0.15,0.02,0.01,0.05,0.01,0.01,0.01,0.00,0.03,0.00,0.00,0.00,0.00,0.03,0.05,0.02,0.04,0.03,0.01,0.08,0.02,0.03,0.04,0.00,0.00,0.02,0.00,0.00,0.00,0.00,0.00,0.00,0.00,0.00,0.00,0.00,0.00,0.03,0.02,0.82,0.46,0.22,0.07,0.06,0.22,0.03,0.09,0.08,0.09,1.16,0.35,0.23,0.05,0.00,0.01,0.00,0.00,0.00,0.09,2.58,1.26,0.23,0.23,2.05,1.86,0.61,0.14,1.11,1.63,1.41,0.26,0.47,0.25,0.16,0.12,0.24,0.10,0.26,0.27,0.02,0.02,4.33,1.01,0.00,0.14,0.34,0.08,0.08,0.01,0.00,0.00,0.00,0.13,0.01,0.00,0.00,0.00,0.01,0.00,0.03,0.00,0.00,0.01,0.01,0.00,0.00,0.00,0.00,0.00,0.01,0.01,0.01,0.02,0.01,0.03,0.01,0.01,0.01,0.02,0.04,0.02,0.04,0.01,0.01,0.03,0.01,0.03,0.03,0.03,0.02,0.00,0.01,0.12,0.13,0.05,0.07,0.05,0.12,0.09,0.00,0.02,0.03,0.02,0.01,0.33,0.03,0.01
1304,0.01,0.02,0.01,0.01,0.00,0.00,0.01,0.01,0.00,0.01,0.00,0.00,0.01,0.01,0.00,0.01,0.05,0.01,0.00,0.01,0.01,0.19,0.22,0.21,0.08,0.01,0.03,0.21,0.02,0.01,0.07,0.02,0.01,0.01,0.00,0.04,0.01,0.00,0.00,0.00,0.05,0.09,0.02,0.05,0.05,0.02,0.12,0.03,0.04,0.06,0.00,0.00,0.02,0.00,0.00,0.00,0.00,0.00,0.00,0.00,0.00,0.00,0.00,0.00,0.05,0.03,1.17,0.65,0.31,0.10,0.08,0.31,0.04,0.12,0.12,0.13,1.63,0.46,0.31,0.07,0.00,0.01,0.00,0.00,0.00,0.16,3.69,1.86,0.35,0.30,2.88,3.67,0.83,0.18,1.30,2.00,1.38,0.30,0.79,0.19,0.21,0.17,0.35,0.14,0.40,0.38,0.03,0.03,4.99,1.39,0.00,0.18,0.46,0.09,0.11,0.01,0.00,0.00,0.00,0.18,0.01,0.00,0.00,0.00,0.01,0.01,0.05,0.00,0.00,0.01,0.01,0.00,0.00,0.00,0.01,0.00,0.01,0.02,0.02,0.03,0.01,0.04,0.01,0.02,0.01,0.02,0.05,0.03,0.06,0.02,0.02,0.05,0.01,0.05,0.05,0.04,0.03,0.00,0.01,0.16,0.17,0.06,0.09,0.05,0.14,0.11,0.00,0.03,0.04,0.03,0.02,0.40,0.04,0.01
1306,0.00,0.00,0.00,0.00,0.00,0.00,0.00,0.00,0.00,0.00,0.00,0.00,0.00,0.00,0.00,0.00,0.01,0.00,0.00,0.00,0.00,0.06,0.07,0.07,0.02,0.00,0.01,0.07,0.01,0.00,0.02,0.01,0.00,0.00,0.00,0.01,0.00,0.00,0.00,0.00,0.01,0.02,0.01,0.02,0.02,0.00,0.04,0.01,0.01,0.02,0.00,0.00,0.01,0.00,0.00,0.00,0.00,0.00,0.00,0.00,0.00,0.00,0.00,0.00,0.01,0.01,0.38,0.21,0.10,0.03,0.02,0.10,0.01,0.04,0.04,0.04,0.52,0.09,0.07,0.02,0.00,0.00,1.05,0.15,0.29,0.00,0.00,0.00,0.00,0.08,0.92,0.00,0.00,0.06,0.31,0.59,0.41,0.08,0.15,0.08,0.05,0.05,0.11,0.05,0.11,0.12,0.01,0.01,1.19,0.46,0.00,0.06,0.17,0.02,0.03,0.00,0.00,0.00,0.00,0.05,0.00,0.00,0.00,0.00,0.00,0.00,0.02,0.00,0.00,0.00,0.00,0.00,0.00,0.00,0.00,0.00,0.00,0.01,0.01,0.01,0.00,0.01,0.00,0.01,0.00,0.01,0.02,0.01,0.02,0.01,0.01,0.02,0.00,0.02,0.02,0.01,0.01,0.00,0.00,0.06,0.06,0.02,0.04,0.02,0.06,0.04,0.00,0.01,0.01,0.01,0.01,0.16,0.01,0.01
1307,0.02,0.01,0.01,0.00,0.01,0.00,0.00,0.01,0.00,0.01,0.00,0.00,0.02,0.02,0.01,0.01,0.10,0.01,0.01,0.02,0.02,0.36,0.41,0.41,0.15,0.01,0.05,0.39,0.04,0.03,0.13,0.04,0.03,0.02,0.00,0.08,0.01,0.00,0.00,0.00,0.08,0.11,0.04,0.09,0.09,0.03,0.23,0.05,0.08,0.12,0.00,0.00,0.05,0.00,0.00,0.00,0.00,0.00,0.00,0.00,0.00,0.00,0.00,0.00,0.08,0.04,2.23,1.24,0.58,0.18,0.13,0.59,0.08,0.21,0.22,0.25,2.97,0.51,0.36,0.15,0.00,0.00,3.57,0.83,1.40,0.00,0.00,0.00,0.00,0.42,5.26,0.00,0.00,0.39,2.02,3.00,2.12,0.46,0.93,0.42,0.30,0.37,0.77,0.32,0.83,0.86,0.08,0.07,7.27,3.03,0.01,0.39,1.12,0.13,0.25,0.03,0.00,0.00,0.00,0.27,0.03,0.00,0.00,0.00,0.02,0.01,0.11,0.00,0.01,0.03,0.02,0.00,0.00,0.00,0.01,0.01,0.02,0.04,0.04,0.07,0.03,0.09,0.03,0.04,0.03,0.05,0.11,0.07,0.12,0.04,0.03,0.10,0.02,0.10,0.10,0.09,0.07,0.00,0.03,0.41,0.42,0.16,0.23,0.16,0.43,0.32,0.00,0.07,0.09,0.06,0.04,1.10,0.09,0.04
1308,0.01,0.00,0.00,0.00,0.00,0.00,0.00,0.00,0.00,0.00,0.00,0.00,0.01,0.00,0.00,0.00,0.03,0.00,0.00,0.00,0.01,0.12,0.13,0.14,0.05,0.00,0.02,0.13,0.02,0.01,0.04,0.01,0.01,0.01,0.00,0.03,0.00,0.00,0.00,0.00,0.02,0.05,0.01,0.03,0.03,0.01,0.08,0.02,0.02,0.04,0.00,0.00,0.02,0.00,0.00,0.00,0.00,0.00,0.00,0.00,0.00,0.00,0.00,0.00,0.03,0.01,0.74,0.41,0.19,0.06,0.04,0.19,0.02,0.07,0.07,0.08,0.97,0.16,0.11,0.05,0.00,0.00,1.11,0.36,0.38,0.00,0.00,0.00,0.00,0.13,1.72,0.00,0.00,0.13,0.62,0.93,0.67,0.14,0.29,0.13,0.10,0.11,0.24,0.10,0.30,0.28,0.02,0.03,2.29,0.98,0.00,0.13,0.39,0.04,0.08,0.01,0.00,0.00,0.00,0.09,0.01,0.00,0.00,0.00,0.01,0.00,0.04,0.00,0.00,0.01,0.01,0.00,0.00,0.00,0.00,0.00,0.01,0.02,0.01,0.02,0.01,0.03,0.01,0.01,0.01,0.02,0.04,0.02,0.04,0.01,0.01,0.03,0.01,0.04,0.03,0.03,0.02,0.00,0.01,0.14,0.14,0.05,0.08,0.05,0.14,0.10,0.00,0.02,0.03,0.02,0.01,0.37,0.03,0.01
1309,0.00,0.00,0.00,0.00,0.00,0.00,0.00,0.00,0.00,0.00,0.00,0.00,0.00,0.00,0.00,0.00,0.01,0.00,0.00,0.00,0.00,0.06,0.06,0.06,0.02,0.00,0.01,0.06,0.01,0.00,0.02,0.01,0.00,0.00,0.00,0.01,0.00,0.00,0.00,0.00,0.01,0.02,0.01,0.01,0.02,0.00,0.04,0.01,0.01,0.04,0.00,0.00,0.01,0.00,0.00,0.00,0.00,0.00,0.00,0.00,0.00,0.00,0.00,0.00,0.01,0.01,0.35,0.27,0.12,0.04,0.02,0.09,0.02,0.04,0.03,0.04,0.48,0.11,0.07,0.02,0.00,0.00,0.69,0.16,0.22,0.00,0.00,0.00,0.00,0.10,0.84,0.00,0.00,0.07,0.40,0.56,0.39,0.09,0.16,0.09,0.05,0.09,0.13,0.05,0.14,0.14,0.01,0.01,1.36,0.50,0.00,0.07,0.16,0.02,0.04,0.00,0.00,0.00,0.00,0.04,0.00,0.00,0.00,0.00,0.00,0.00,0.02,0.00,0.00,0.00,0.00,0.00,0.00,0.00,0.00,0.00,0.00,0.01,0.01,0.01,0.00,0.01,0.00,0.01,0.00,0.01,0.02,0.01,0.02,0.01,0.00,0.01,0.00,0.01,0.01,0.01,0.01,0.00,0.00,0.06,0.06,0.02,0.03,0.02,0.06,0.05,0.00,0.01,0.01,0.01,0.01,0.16,0.01,0.01
1310,0.00,0.00,0.00,0.00,0.00,0.00,0.00,0.00,0.00,0.00,0.00,0.00,0.00,0.00,0.00,0.00,0.01,0.00,0.00,0.00,0.00,0.06,0.06,0.07,0.02,0.00,0.01,0.06,0.01,0.00,0.02,0.01,0.00,0.00,0.00,0.01,0.00,0.00,0.00,0.00,0.01,0.02,0.00,0.01,0.01,0.00,0.04,0.01,0.01,0.03,0.00,0.00,0.01,0.00,0.00,0.00,0.00,0.00,0.00,0.00,0.00,0.00,0.00,0.00,0.01,0.00,0.36,0.26,0.11,0.03,0.02,0.09,0.01,0.00,0.00,0.04,0.45,0.08,0.05,0.03,0.00,0.00,0.57,0.16,0.20,0.05,1.08,0.42,0.10,0.00,0.00,0.93,0.25,0.07,0.32,0.49,0.35,0.07,0.15,0.06,0.05,0.06,0.13,0.06,0.18,0.15,0.01,0.02,1.19,0.50,0.00,0.07,0.22,0.02,0.04,0.00,0.00,0.00,0.00,0.00,0.01,0.00,0.00,0.00,0.00,0.00,0.02,0.00,0.00,0.00,0.00,0.00,0.00,0.00,0.00,0.00,0.00,0.01,0.01,0.01,0.01,0.02,0.01,0.01,0.01,0.01,0.02,0.01,0.02,0.01,0.01,0.02,0.00,0.02,0.02,0.02,0.01,0.00,0.01,0.08,0.08,0.03,0.04,0.03,0.07,0.05,0.00,0.01,0.02,0.01,0.01,0.19,0.02,0.01
1311,0.04,0.02,0.02,0.01,0.02,0.00,0.01,0.03,0.01,0.02,0.00,0.01,0.02,0.02,0.01,0.02,0.18,0.02,0.01,0.03,0.02,0.89,1.02,1.03,0.37,0.04,0.13,0.97,0.11,0.07,0.32,0.10,0.07,0.06,0.01,0.21,0.02,0.01,0.00,0.00,0.13,0.29,0.06,0.23,0.19,0.04,0.58,0.13,0.19,0.29,0.00,0.00,0.11,0.00,0.00,0.00,0.00,0.00,0.01,0.00,0.00,0.00,0.00,0.00,0.12,0.06,5.54,3.08,1.45,0.45,0.33,1.46,0.20,0.00,0.00,0.61,7.40,1.26,0.91,0.38,0.00,0.05,9.10,2.44,3.08,0.86,15.56,6.89,1.30,0.00,0.00,13.41,3.93,1.05,5.24,7.66,5.40,1.17,2.35,1.08,0.77,0.94,1.96,0.80,2.33,2.15,0.19,0.21,18.48,7.51,0.02,0.99,2.65,0.32,0.64,0.06,0.00,0.00,0.00,0.00,0.07,0.00,0.00,0.01,0.05,0.03,0.26,0.01,0.02,0.06,0.05,0.00,0.00,0.00,0.03,0.02,0.04,0.11,0.10,0.17,0.06,0.22,0.07,0.09,0.06,0.12,0.27,0.17,0.30,0.09,0.08,0.24,0.05,0.24,0.24,0.23,0.17,0.01,0.07,0.95,0.99,0.37,0.55,0.35,0.94,0.70,0.00,0.17,0.23,0.15,0.10,2.49,0.22,0.09
1312,0.14,0.01,0.01,0.01,0.06,0.00,0.01,0.05,0.01,0.02,0.00,0.01,0.03,0.02,0.01,0.02,0.15,0.02,0.01,0.02,0.03,0.56,0.64,0.64,0.23,0.02,0.08,0.61,0.07,0.04,0.20,0.06,0.04,0.04,0.01,0.13,0.02,0.00,0.00,0.00,0.12,0.15,0.07,0.15,0.12,0.04,0.36,0.09,0.12,0.38,0.00,0.00,0.07,0.00,0.00,0.00,0.00,0.00,0.01,0.00,0.00,0.00,0.00,0.00,0.13,0.07,3.46,1.92,0.91,0.29,0.22,0.92,0.12,0.33,0.34,0.38,4.70,1.06,0.71,0.23,0.00,0.00,5.98,1.38,2.75,0.00,0.00,0.00,0.00,0.82,8.31,0.00,0.00,0.52,2.61,3.90,2.78,0.59,1.22,0.53,0.40,0.46,1.02,0.43,1.09,1.17,0.10,0.10,9.54,4.07,0.01,0.53,1.60,0.17,0.33,0.04,0.00,0.00,0.00,0.42,0.04,0.00,0.00,0.01,0.03,0.02,0.16,0.01,0.01,0.04,0.03,0.00,0.00,0.00,0.02,0.01,0.02,0.07,0.06,0.10,0.04,0.13,0.04,0.05,0.04,0.07,0.16,0.10,0.18,0.05,0.05,0.14,0.03,0.15,0.15,0.14,0.10,0.01,0.04,0.58,0.60,0.22,0.32,0.21,0.58,0.43,0.00,0.22,0.13,0.09,0.06,1.52,0.13,0.05
1313,0.01,0.00,0.00,0.00,0.00,0.00,0.00,0.00,0.00,0.00,0.00,0.00,0.00,0.00,0.00,0.00,0.03,0.00,0.00,0.00,0.00,0.09,0.10,0.11,0.04,0.00,0.01,0.10,0.01,0.01,0.03,0.01,0.01,0.01,0.00,0.02,0.00,0.00,0.00,0.00,0.02,0.04,0.01,0.02,0.03,0.01,0.06,0.01,0.02,0.03,0.00,0.00,0.01,0.00,0.00,0.00,0.00,0.00,0.00,0.00,0.00,0.00,0.00,0.00,0.02,0.01,0.58,0.33,0.15,0.04,0.03,0.15,0.02,0.05,0.05,0.07,0.74,0.12,0.08,0.05,0.00,0.00,1.55,0.58,0.56,0.00,0.00,0.00,0.00,0.09,1.31,0.00,0.00,0.10,0.51,0.90,0.60,0.14,0.28,0.12,0.09,0.11,0.23,0.10,0.27,0.26,0.02,0.02,2.19,0.90,0.00,0.12,0.35,0.04,0.08,0.01,0.00,0.00,0.00,0.07,0.01,0.00,0.00,0.00,0.01,0.01,0.03,0.00,0.00,0.01,0.01,0.00,0.00,0.00,0.01,0.01,0.00,0.01,0.01,0.02,0.01,0.03,0.01,0.01,0.01,0.02,0.09,0.02,0.04,0.01,0.01,0.03,0.01,0.03,0.03,0.03,0.02,0.00,0.01,0.13,0.13,0.05,0.07,0.05,0.13,0.10,0.00,0.02,0.03,0.02,0.01,0.34,0.03,0.01
1501,0.00,0.00,0.00,0.00,0.00,0.00,0.00,0.00,0.00,0.00,0.00,0.00,0.01,0.01,0.00,0.00,0.04,0.00,0.00,0.01,0.01,0.56,0.65,0.60,0.22,0.02,0.08,0.61,0.07,0.04,0.22,0.06,0.04,0.04,0.01,0.14,0.02,0.00,0.00,0.00,0.48,0.69,0.25,0.48,0.41,0.14,1.11,0.53,0.75,0.94,0.00,0.01,0.35,0.00,0.00,0.00,0.00,0.00,0.04,0.00,0.00,0.00,0.00,0.00,0.13,0.07,2.91,1.59,0.78,0.26,0.20,0.79,0.00,0.32,0.30,0.32,4.20,1.24,0.86,0.17,0.00,0.02,3.67,1.00,1.15,0.32,4.21,2.34,0.33,0.37,3.73,3.47,1.07,0.00,0.00,0.00,0.00,0.00,0.00,0.00,0.00,0.51,1.14,0.77,1.43,1.80,0.12,0.15,12.55,5.24,0.02,0.60,1.87,0.00,0.47,0.04,0.00,0.00,0.00,0.49,0.01,0.00,0.00,0.00,0.00,0.00,0.02,0.00,0.00,0.00,0.00,0.00,0.00,0.00,0.00,0.00,0.00,0.01,0.01,0.01,0.00,0.02,0.01,0.01,0.00,0.01,0.02,0.01,0.02,0.01,0.00,0.01,0.00,0.02,0.02,0.01,0.01,0.00,0.01,1.22,1.26,0.47,0.67,0.44,1.19,0.90,0.00,0.20,0.27,0.19,0.13,3.18,0.27,0.11
1502,0.00,0.00,0.00,0.00,0.00,0.00,0.00,0.00,0.00,0.00,0.00,0.00,0.00,0.00,0.00,0.00,0.02,0.00,0.00,0.00,0.00,0.26,0.30,0.29,0.10,0.01,0.04,0.28,0.03,0.02,0.10,0.03,0.02,0.02,0.00,0.06,0.01,0.00,0.00,0.00,0.19,0.24,0.10,0.22,0.15,0.07,0.84,0.19,0.27,0.41,0.00,0.01,0.16,0.00,0.00,0.00,0.00,0.00,0.02,0.00,0.00,0.00,0.00,0.00,0.05,0.03,1.22,0.66,0.32,0.10,0.08,0.32,0.00,0.12,0.12,0.13,1.65,0.43,0.28,0.08,0.00,0.01,0.86,0.22,0.27,0.08,1.53,0.86,0.14,0.12,1.48,1.28,0.38,0.00,0.00,0.00,0.00,0.00,0.00,0.00,0.00,0.19,0.59,0.21,0.86,0.56,0.05,0.06,6.90,2.30,0.01,0.24,0.86,0.00,0.15,0.02,0.00,0.00,0.00,0.14,0.00,0.00,0.00,0.00,0.00,0.00,0.01,0.00,0.00,0.00,0.00,0.00,0.00,0.00,0.00,0.00,0.00,0.00,0.00,0.01,0.00,0.01,0.00,0.00,0.00,0.00,0.01,0.00,0.01,0.00,0.00,0.01,0.00,0.01,0.01,0.01,0.00,0.00,0.00,0.55,0.57,0.21,0.30,0.19,0.49,0.38,0.00,0.09,0.12,0.09,0.06,1.38,0.12,0.05
1503,0.00,0.00,0.00,0.00,0.00,0.00,0.00,0.00,0.00,0.00,0.00,0.00,0.00,0.00,0.00,0.00,0.02,0.00,0.00,0.00,0.00,0.37,0.42,0.41,0.15,0.02,0.05,0.40,0.05,0.03,0.15,0.04,0.03,0.03,0.01,0.09,0.01,0.00,0.00,0.00,0.27,0.32,0.13,0.31,0.20,0.07,0.73,0.30,0.42,0.63,0.00,0.01,0.24,0.00,0.00,0.00,0.00,0.00,0.02,0.00,0.00,0.00,0.00,0.00,0.07,0.04,1.87,0.92,0.49,0.16,0.12,0.48,0.00,0.18,0.19,0.19,2.55,0.44,0.32,0.12,0.00,0.01,1.34,0.36,0.42,0.14,2.38,1.44,0.21,0.19,2.28,2.17,0.63,0.00,0.00,0.00,0.00,0.00,0.00,0.00,0.00,0.40,0.89,0.38,0.96,1.02,0.09,0.12,8.34,3.56,0.01,0.46,1.40,0.00,0.29,0.03,0.00,0.00,0.00,0.21,0.00,0.00,0.00,0.00,0.00,0.00,0.01,0.00,0.00,0.00,0.00,0.00,0.00,0.00,0.00,0.00,0.00,0.01,0.01,0.01,0.00,0.01,0.00,0.00,0.00,0.01,0.01,0.01,0.01,0.00,0.00,0.01,0.00,0.01,0.01,0.01,0.01,0.00,0.01,0.92,0.95,0.36,0.51,0.34,0.91,0.68,0.00,0.15,0.21,0.14,0.10,2.40,0.20,0.08
1504,0.00,0.00,0.00,0.00,0.00,0.00,0.00,0.00,0.00,0.00,0.00,0.00,0.00,0.00,0.00,0.00,0.02,0.00,0.00,0.00,0.00,0.37,0.43,0.41,0.15,0.02,0.05,0.41,0.05,0.03,0.15,0.04,0.03,0.03,0.01,0.09,0.01,0.00,0.00,0.00,0.31,0.57,0.17,0.32,0.32,0.11,0.76,0.33,0.46,0.65,0.00,0.01,0.24,0.00,0.00,0.00,0.00,0.00,0.03,0.00,0.00,0.00,0.00,0.00,0.08,0.05,1.97,1.60,0.73,0.17,0.13,0.53,0.00,0.25,0.27,0.22,2.77,0.72,0.49,0.12,0.00,0.02,1.74,0.68,0.65,0.15,3.48,2.20,0.35,0.26,2.47,3.24,0.95,0.00,0.00,0.00,0.00,0.00,0.00,0.00,0.00,0.45,1.44,0.40,1.70,1.07,0.10,0.13,9.04,3.78,0.01,0.49,1.40,0.00,0.32,0.03,0.00,0.00,0.00,0.23,0.00,0.00,0.00,0.00,0.00,0.00,0.08,0.00,0.00,0.00,0.00,0.00,0.00,0.00,0.00,0.00,0.00,0.01,0.01,0.01,0.00,0.05,0.02,0.00,0.00,0.01,0.01,0.01,0.01,0.00,0.00,0.01,0.00,0.01,0.01,0.01,0.01,0.00,0.01,1.91,2.02,0.67,0.52,0.57,0.94,0.70,0.00,0.16,0.22,0.14,0.18,2.45,0.21,0.08
1505,0.01,0.00,0.00,0.00,0.00,0.00,0.00,0.00,0.00,0.00,0.00,0.00,0.01,0.01,0.00,0.01,0.05,0.00,0.00,0.01,0.01,0.70,0.80,0.79,0.29,0.03,0.10,0.76,0.09,0.06,0.28,0.08,0.06,0.05,0.01,0.18,0.02,0.01,0.00,0.00,0.57,0.84,0.30,0.59,0.52,0.18,1.45,0.71,1.01,1.26,0.00,0.02,0.49,0.00,0.00,0.00,0.00,0.00,0.05,0.00,0.00,0.00,0.00,0.00,0.15,0.08,3.73,2.91,1.30,0.31,0.23,0.99,0.00,0.43,0.48,0.41,5.05,1.22,0.81,0.25,0.00,0.03,3.57,1.07,1.15,0.27,5.72,3.64,0.61,0.42,4.51,5.38,1.54,0.00,0.00,0.00,0.00,0.00,0.00,0.00,0.00,0.65,1.76,0.68,1.72,1.85,0.16,0.21,14.28,6.31,0.02,0.81,2.60,0.00,0.51,0.06,0.00,0.00,0.00,0.42,0.01,0.00,0.00,0.00,0.01,0.00,0.13,0.00,0.00,0.01,0.00,0.00,0.00,0.00,0.00,0.00,0.00,0.01,0.01,0.02,0.01,0.12,0.03,0.01,0.01,0.01,0.02,0.01,0.03,0.01,0.01,0.02,0.00,0.02,0.02,0.02,0.02,0.00,0.01,2.99,3.10,0.98,0.96,0.78,1.45,1.12,0.00,0.30,0.41,0.28,0.29,4.12,0.40,0.15
1506,0.01,0.00,0.00,0.00,0.00,0.00,0.00,0.00,0.00,0.01,0.00,0.00,0.01,0.01,0.00,0.01,0.06,0.01,0.00,0.01,0.01,0.90,1.04,0.99,0.36,0.04,0.13,0.98,0.12,0.07,0.35,0.11,0.07,0.06,0.01,0.22,0.03,0.01,0.00,0.00,0.75,1.44,0.40,0.76,0.79,0.26,1.82,0.78,1.11,1.56,0.00,0.02,0.58,0.00,0.00,0.00,0.00,0.00,0.06,0.00,0.00,0.00,0.00,0.00,0.20,0.11,4.74,3.86,1.75,0.40,0.31,1.27,0.00,0.61,0.65,0.52,6.63,1.73,1.18,0.29,0.01,0.04,6.83,1.36,2.06,0.32,8.13,5.25,0.80,0.62,5.92,7.62,2.28,0.00,0.00,0.00,0.00,0.00,0.00,0.00,0.00,1.07,3.07,0.97,3.05,2.62,0.23,0.25,22.28,9.27,0.03,1.21,3.07,0.00,0.77,0.07,0.00,0.00,0.00,0.54,0.01,0.00,0.00,0.00,0.01,0.00,0.18,0.00,0.00,0.01,0.01,0.00,0.00,0.00,0.00,0.00,0.00,0.01,0.01,0.02,0.01,0.12,0.04,0.01,0.01,0.02,0.03,0.02,0.03,0.01,0.01,0.03,0.00,0.03,0.03,0.02,0.02,0.00,0.02,3.58,3.70,1.19,1.14,0.95,1.76,1.35,0.00,0.38,0.49,0.33,0.41,4.93,0.50,0.18
1507,0.00,0.00,0.00,0.00,0.00,0.00,0.00,0.00,0.00,0.00,0.00,0.00,0.00,0.00,0.00,0.00,0.02,0.00,0.00,0.00,0.00,0.31,0.36,0.36,0.13,0.01,0.05,0.34,0.04,0.03,0.13,0.04,0.03,0.02,0.00,0.08,0.01,0.00,0.00,0.00,0.26,0.51,0.13,0.27,0.29,0.09,0.66,0.26,0.37,0.58,0.00,0.01,0.22,0.00,0.00,0.00,0.00,0.00,0.02,0.00,0.00,0.00,0.00,0.00,0.07,0.04,1.69,1.28,0.57,0.14,0.10,0.45,0.00,0.18,0.21,0.19,2.25,0.52,0.34,0.12,0.00,0.01,1.37,0.47,0.35,0.12,2.47,1.55,0.27,0.18,2.02,2.32,0.65,0.00,0.00,0.00,0.00,0.00,0.00,0.00,0.00,0.35,1.07,0.34,1.25,0.93,0.08,0.09,7.36,3.20,0.01,0.41,1.25,0.00,0.26,0.03,0.00,0.00,0.00,0.19,0.00,0.00,0.00,0.00,0.00,0.00,0.06,0.00,0.00,0.00,0.00,0.00,0.00,0.00,0.00,0.00,0.00,0.01,0.01,0.01,0.00,0.05,0.01,0.00,0.00,0.01,0.01,0.01,0.01,0.00,0.00,0.01,0.00,0.01,0.01,0.01,0.01,0.00,0.01,1.41,1.48,0.47,0.46,0.38,0.70,0.54,0.00,0.15,0.20,0.13,0.15,1.98,0.20,0.07
1508,0.00,0.00,0.00,0.00,0.00,0.00,0.00,0.00,0.00,0.00,0.00,0.00,0.00,0.00,0.00,0.00,0.01,0.00,0.00,0.00,0.00,0.12,0.14,0.13,0.05,0.00,0.02,0.13,0.02,0.01,0.05,0.01,0.01,0.01,0.00,0.03,0.00,0.00,0.00,0.00,0.10,0.18,0.05,0.10,0.10,0.03,0.24,0.13,0.18,0.21,0.00,0.00,0.08,0.00,0.00,0.00,0.00,0.00,0.01,0.00,0.00,0.00,0.00,0.00,0.03,0.01,0.62,0.49,0.23,0.05,0.04,0.17,0.00,0.08,0.08,0.07,0.86,0.21,0.15,0.04,0.00,0.01,0.66,0.17,0.21,0.04,1.05,0.65,0.10,0.08,0.77,0.98,0.28,0.00,0.00,0.00,0.00,0.00,0.00,0.00,0.00,0.11,0.34,0.11,0.34,0.31,0.03,0.03,2.42,1.05,0.00,0.14,0.37,0.00,0.09,0.01,0.00,0.00,0.00,0.07,0.00,0.00,0.00,0.00,0.00,0.00,0.02,0.00,0.00,0.00,0.00,0.00,0.00,0.00,0.00,0.00,0.00,0.00,0.00,0.00,0.00,0.02,0.01,0.00,0.00,0.00,0.00,0.00,0.00,0.00,0.00,0.00,0.00,0.00,0.00,0.00,0.00,0.00,0.00,0.33,0.36,0.12,0.13,0.09,0.18,0.14,0.00,0.05,0.06,0.04,0.04,0.53,0.06,0.02
1510,0.01,0.00,0.00,0.00,0.01,0.00,0.00,0.01,0.00,0.01,0.00,0.00,0.01,0.01,0.00,0.01,0.08,0.01,0.00,0.01,0.01,1.19,1.37,1.39,0.50,0.05,0.17,1.31,0.17,0.10,0.48,0.15,0.10,0.09,0.02,0.31,0.04,0.01,0.00,0.01,0.98,1.94,0.51,1.01,1.09,0.33,2.53,1.35,1.90,2.20,0.00,0.03,0.88,0.00,0.00,0.00,0.00,0.00,0.09,0.00,0.00,0.00,0.00,0.00,0.34,0.18,6.45,3.59,1.69,0.52,0.39,1.70,0.20,0.60,0.63,0.72,8.60,1.46,1.05,0.44,0.01,0.05,6.03,1.83,1.91,0.64,7.77,5.73,1.07,0.70,7.70,7.14,2.44,1.74,8.60,10.90,9.24,1.53,3.94,1.77,1.01,0.00,2.59,1.73,2.88,4.69,0.28,0.24,27.66,11.08,0.04,1.43,3.98,0.55,1.06,0.09,0.00,0.00,0.00,0.71,0.01,0.00,0.00,0.00,0.01,0.01,0.05,0.00,0.00,0.01,0.01,0.00,0.00,0.00,0.01,0.00,0.01,0.02,0.02,0.03,0.01,0.04,0.01,0.02,0.01,0.02,0.04,0.03,0.05,0.01,0.01,0.04,0.01,0.04,0.04,0.04,0.03,0.00,0.02,3.20,3.92,0.88,1.43,0.72,1.80,1.45,0.00,0.53,0.63,0.45,0.29,5.57,0.71,0.23
1511,0.01,0.00,0.00,0.00,0.01,0.00,0.00,0.01,0.00,0.01,0.00,0.00,0.02,0.01,0.01,0.01,0.09,0.01,0.01,0.01,0.01,1.40,1.62,1.55,0.56,0.06,0.20,1.53,0.19,0.11,0.55,0.16,0.11,0.10,0.02,0.35,0.04,0.01,0.00,0.01,1.13,2.23,0.59,1.19,1.24,0.38,2.84,1.51,2.10,2.44,0.00,0.03,0.92,0.01,0.00,0.00,0.00,0.00,0.10,0.00,0.00,0.00,0.00,0.00,0.29,0.16,7.39,4.10,1.97,0.63,0.49,1.99,0.26,0.76,0.73,0.74,10.36,2.08,1.74,0.45,0.01,0.06,5.59,1.40,1.76,0.52,9.99,6.02,1.16,1.06,9.24,9.08,2.71,1.72,12.59,15.94,13.15,2.25,5.52,2.60,1.47,1.61,0.00,0.00,0.00,4.74,0.28,0.24,34.33,14.52,0.04,1.86,4.72,0.76,1.28,0.11,0.00,0.00,0.00,0.81,0.01,0.00,0.00,0.00,0.01,0.01,0.05,0.00,0.00,0.01,0.01,0.00,0.00,0.00,0.01,0.00,0.01,0.02,0.02,0.03,0.01,0.04,0.01,0.02,0.01,0.02,0.04,0.03,0.05,0.01,0.01,0.04,0.01,0.04,0.04,0.04,0.03,0.00,0.02,3.01,3.13,1.14,3.27,1.01,2.64,2.04,0.00,0.59,0.75,0.50,0.35,7.48,2.22,0.28
1512,0.00,0.00,0.00,0.00,0.00,0.00,0.00,0.00,0.00,0.00,0.00,0.00,0.01,0.01,0.00,0.01,0.04,0.00,0.00,0.01,0.01,0.60,0.70,0.63,0.23,0.02,0.09,0.65,0.08,0.05,0.23,0.07,0.05,0.04,0.01,0.14,0.02,0.00,0.00,0.00,0.49,0.93,0.26,0.51,0.51,0.17,1.17,0.61,0.85,0.99,0.00,0.01,0.36,0.00,0.00,0.00,0.00,0.00,0.04,0.00,0.00,0.00,0.00,0.00,0.13,0.07,3.09,1.71,0.83,0.28,0.23,0.85,0.12,0.35,0.31,0.31,4.54,1.00,0.89,0.17,0.00,0.03,2.58,0.63,0.81,0.24,4.68,2.72,0.36,0.42,4.01,4.04,1.27,0.91,3.80,6.09,4.73,0.92,1.90,1.04,0.56,0.92,0.00,0.00,0.00,2.12,0.12,0.11,16.97,6.90,0.03,0.79,1.90,0.26,0.52,0.04,0.00,0.00,0.00,0.35,0.01,0.00,0.00,0.00,0.00,0.00,0.02,0.00,0.00,0.00,0.00,0.00,0.00,0.00,0.00,0.00,0.00,0.01,0.01,0.01,0.00,0.02,0.01,0.01,0.00,0.01,0.02,0.01,0.02,0.01,0.00,0.01,0.00,0.02,0.02,0.01,0.01,0.00,0.01,2.36,2.45,0.48,0.72,0.45,1.20,0.90,0.00,0.23,0.30,0.20,0.14,3.21,0.30,0.11
1513,0.01,0.01,0.00,0.00,0.01,0.00,0.00,0.01,0.00,0.01,0.00,0.00,0.02,0.01,0.01,0.01,0.09,0.01,0.01,0.02,0.01,1.75,2.03,1.85,0.68,0.07,0.25,1.89,0.22,0.13,0.68,0.20,0.13,0.12,0.02,0.42,0.05,0.01,0.00,0.01,1.13,2.30,0.59,1.49,1.36,0.38,3.42,1.58,2.22,2.87,0.00,0.03,1.04,0.01,0.00,0.00,0.00,0.00,0.12,0.00,0.00,0.00,0.00,0.00,0.29,0.16,9.03,4.93,2.43,0.78,0.63,2.42,0.31,0.91,0.74,0.76,12.87,1.97,2.45,0.51,0.01,0.07,6.17,1.38,1.90,0.50,11.99,6.26,1.16,1.26,9.68,9.67,3.31,1.75,12.52,17.79,15.37,2.16,5.14,3.29,1.34,1.61,0.00,0.00,0.00,4.28,0.27,0.21,33.78,13.55,0.04,2.24,5.53,0.87,0.56,0.13,0.00,0.00,0.00,0.82,0.02,0.00,0.00,0.00,0.01,0.01,0.06,0.00,0.00,0.01,0.01,0.00,0.00,0.00,0.01,0.00,0.01,0.02,0.02,0.04,0.01,0.05,0.02,0.02,0.01,0.03,0.05,0.03,0.06,0.02,0.01,0.04,0.01,0.05,0.05,0.04,0.03,0.00,0.03,3.69,3.82,1.43,4.32,1.33,3.58,2.70,0.00,0.63,0.87,0.59,0.39,9.59,2.29,0.33
1514,0.01,0.00,0.00,0.00,0.00,0.00,0.00,0.00,0.00,0.01,0.00,0.00,0.01,0.01,0.00,0.01,0.06,0.01,0.00,0.01,0.01,1.01,1.19,1.06,0.39,0.04,0.14,1.09,0.13,0.08,0.39,0.12,0.08,0.07,0.01,0.24,0.03,0.01,0.00,0.00,0.82,1.56,0.44,0.86,0.86,0.28,1.96,1.02,1.41,1.65,0.00,0.02,0.60,0.00,0.00,0.00,0.00,0.00,0.07,0.00,0.00,0.00,0.00,0.00,0.22,0.12,5.19,2.88,1.40,0.47,0.38,1.43,0.21,0.59,0.52,0.52,7.67,1.67,1.54,0.29,0.01,0.05,4.40,1.08,1.39,0.43,7.98,4.79,0.61,0.72,6.68,7.16,2.26,1.65,8.22,10.99,8.05,1.64,3.39,1.78,1.01,1.91,3.38,1.42,3.12,0.00,0.00,0.16,26.35,10.64,0.04,0.00,3.01,0.46,0.00,0.07,0.00,0.00,0.00,0.58,0.01,0.00,0.00,0.00,0.01,0.00,0.03,0.00,0.00,0.01,0.01,0.00,0.00,0.00,0.00,0.00,0.00,0.01,0.01,0.02,0.01,0.03,0.01,0.01,0.01,0.02,0.03,0.02,0.03,0.01,0.01,0.02,0.00,0.03,0.03,0.02,0.02,0.00,0.02,4.68,3.69,0.82,1.22,0.78,2.12,1.58,0.00,0.37,0.51,0.33,0.24,5.56,0.49,0.19
1515,0.00,0.00,0.00,0.00,0.00,0.00,0.00,0.00,0.00,0.00,0.00,0.00,0.00,0.00,0.00,0.00,0.00,0.00,0.00,0.00,0.00,0.01,0.02,0.02,0.01,0.00,0.00,0.02,0.00,0.00,0.01,0.00,0.00,0.00,0.00,0.00,0.00,0.00,0.00,0.00,0.01,0.02,0.01,0.01,0.01,0.00,0.03,0.02,0.02,0.02,0.00,0.00,0.01,0.00,0.00,0.00,0.00,0.00,0.00,0.00,0.00,0.00,0.00,0.00,0.00,0.00,0.08,0.04,0.02,0.01,0.01,0.02,0.00,0.01,0.01,0.01,0.11,0.02,0.01,0.00,0.00,0.00,0.06,0.02,0.02,0.01,0.11,0.06,0.01,0.01,0.10,0.10,0.03,0.02,0.10,0.14,0.11,0.02,0.05,0.02,0.01,0.02,0.03,0.01,0.03,0.00,0.00,0.00,0.26,0.09,0.00,0.00,0.04,0.01,0.00,0.00,0.00,0.00,0.00,0.01,0.00,0.00,0.00,0.00,0.00,0.00,0.00,0.00,0.00,0.00,0.00,0.00,0.00,0.00,0.00,0.00,0.00,0.00,0.00,0.00,0.00,0.00,0.00,0.00,0.00,0.00,0.00,0.00,0.00,0.00,0.00,0.00,0.00,0.00,0.00,0.00,0.00,0.00,0.00,0.05,0.03,0.01,0.02,0.01,0.02,0.02,0.00,0.01,0.01,0.00,0.00,0.07,0.01,0.00
1516,0.00,0.00,0.00,0.00,0.00,0.00,0.00,0.00,0.00,0.00,0.00,0.00,0.00,0.00,0.00,0.00,0.00,0.00,0.00,0.00,0.00,0.00,0.01,0.01,0.00,0.00,0.00,0.00,0.00,0.00,0.00,0.00,0.00,0.00,0.00,0.00,0.00,0.00,0.00,0.00,0.00,0.01,0.00,0.00,0.00,0.00,0.01,0.01,0.01,0.01,0.00,0.00,0.00,0.00,0.00,0.00,0.00,0.00,0.00,0.00,0.00,0.00,0.00,0.00,0.00,0.00,0.02,0.01,0.01,0.00,0.00,0.01,0.00,0.00,0.00,0.00,0.03,0.01,0.00,0.00,0.00,0.00,0.03,0.01,0.01,0.00,0.04,0.03,0.00,0.00,0.04,0.04,0.01,0.01,0.04,0.06,0.05,0.01,0.02,0.01,0.00,0.01,0.01,0.00,0.01,0.01,0.00,0.00,0.00,0.00,0.00,0.01,0.00,0.00,0.00,0.00,0.00,0.00,0.00,0.00,0.00,0.00,0.00,0.00,0.00,0.00,0.00,0.00,0.00,0.00,0.00,0.00,0.00,0.00,0.00,0.00,0.00,0.00,0.00,0.00,0.00,0.00,0.00,0.00,0.00,0.00,0.00,0.00,0.00,0.00,0.00,0.00,0.00,0.00,0.00,0.00,0.00,0.00,0.00,0.00,0.01,0.00,0.01,0.00,0.01,0.01,0.00,0.00,0.00,0.00,0.00,0.03,0.00,0.00
1517,0.01,0.00,0.00,0.00,0.00,0.00,0.00,0.00,0.00,0.00,0.00,0.00,0.01,0.01,0.00,0.00,0.04,0.00,0.00,0.01,0.01,0.63,0.71,0.78,0.27,0.03,0.09,0.70,0.09,0.05,0.26,0.08,0.06,0.05,0.01,0.17,0.02,0.01,0.00,0.00,0.49,1.05,0.25,0.53,0.60,0.17,1.41,0.75,1.08,1.26,0.00,0.02,0.55,0.00,0.00,0.00,0.00,0.00,0.05,0.00,0.00,0.00,0.00,0.00,0.12,0.06,3.50,1.95,0.89,0.27,0.19,0.90,0.17,0.50,0.50,0.39,4.36,0.73,0.49,0.29,0.01,0.04,4.75,1.37,1.55,0.38,6.59,3.97,0.57,0.55,6.19,6.01,1.77,1.15,6.76,8.58,6.75,1.22,2.85,1.37,0.78,1.23,2.25,0.88,2.62,2.33,0.18,0.00,0.00,0.00,0.00,1.16,0.00,0.38,0.62,0.00,0.00,0.00,0.00,0.57,0.01,0.00,0.00,0.00,0.01,0.00,0.03,0.00,0.00,0.01,0.01,0.00,0.00,0.00,0.00,0.00,0.00,0.01,0.01,0.02,0.01,0.03,0.01,0.01,0.01,0.02,0.03,0.02,0.03,0.01,0.01,0.03,0.01,0.03,0.03,0.03,0.02,0.00,0.02,0.00,3.10,0.66,0.89,0.55,1.40,1.12,0.00,0.29,0.39,0.30,0.16,4.24,0.43,0.15
1518,0.00,0.00,0.00,0.00,0.00,0.00,0.00,0.00,0.00,0.00,0.00,0.00,0.00,0.00,0.00,0.00,0.02,0.00,0.00,0.00,0.00,0.29,0.33,0.36,0.13,0.01,0.04,0.32,0.04,0.02,0.12,0.04,0.03,0.02,0.00,0.08,0.01,0.00,0.00,0.00,0.23,0.50,0.12,0.25,0.28,0.08,0.65,0.35,0.50,0.58,0.00,0.01,0.25,0.00,0.00,0.00,0.00,0.00,0.02,0.00,0.00,0.00,0.00,0.00,0.06,0.03,1.62,1.30,0.56,0.12,0.09,0.42,0.09,0.25,0.24,0.18,2.03,0.34,0.23,0.13,0.00,0.02,1.82,0.47,0.57,0.18,3.25,1.96,0.27,0.28,2.97,2.95,0.89,0.56,3.20,4.31,3.32,0.62,1.40,0.69,0.39,0.50,1.07,0.41,1.05,0.95,0.07,0.00,0.00,0.00,0.00,0.70,0.00,0.19,0.25,0.00,0.00,0.00,0.00,0.27,0.00,0.00,0.00,0.00,0.00,0.00,0.01,0.00,0.00,0.00,0.00,0.00,0.00,0.00,0.00,0.00,0.00,0.01,0.01,0.01,0.00,0.01,0.00,0.00,0.00,0.01,0.01,0.01,0.01,0.00,0.00,0.01,0.00,0.01,0.01,0.01,0.01,0.00,0.01,0.00,0.92,0.33,0.44,0.28,0.73,0.57,0.00,0.14,0.19,0.14,0.08,2.13,0.20,0.07
1519,0.00,0.00,0.00,0.00,0.00,0.00,0.00,0.00,0.00,0.00,0.00,0.00,0.00,0.00,0.00,0.00,0.00,0.00,0.00,0.00,0.00,0.03,0.03,0.03,0.01,0.00,0.00,0.03,0.00,0.00,0.01,0.00,0.00,0.00,0.00,0.01,0.00,0.00,0.00,0.00,0.02,0.05,0.01,0.02,0.03,0.01,0.06,0.03,0.05,0.05,0.00,0.00,0.02,0.00,0.00,0.00,0.00,0.00,0.00,0.00,0.00,0.00,0.00,0.00,0.01,0.00,0.15,0.08,0.04,0.01,0.01,0.04,0.01,0.02,0.02,0.02,0.20,0.03,0.02,0.01,0.00,0.00,0.17,0.04,0.05,0.02,0.30,0.33,0.02,0.03,0.24,0.27,0.14,0.05,0.31,0.51,0.38,0.07,0.15,0.08,0.04,0.05,0.10,0.03,0.11,0.09,0.01,0.00,0.00,0.00,0.00,0.04,0.00,0.02,0.03,0.00,0.00,0.00,0.00,0.02,0.00,0.00,0.00,0.00,0.00,0.00,0.00,0.00,0.00,0.00,0.00,0.00,0.00,0.00,0.00,0.00,0.00,0.00,0.00,0.00,0.00,0.00,0.00,0.00,0.00,0.00,0.00,0.00,0.00,0.00,0.00,0.00,0.00,0.00,0.00,0.00,0.00,0.00,0.00,0.00,0.05,0.02,0.03,0.02,0.04,0.03,0.00,0.01,0.01,0.01,0.01,0.10,0.01,0.00
1520,0.00,0.00,0.00,0.00,0.00,0.00,0.00,0.00,0.00,0.00,0.00,0.00,0.00,0.00,0.00,0.00,0.00,0.00,0.00,0.00,0.00,0.02,0.02,0.02,0.01,0.00,0.00,0.02,0.00,0.00,0.01,0.00,0.00,0.00,0.00,0.01,0.00,0.00,0.00,0.00,0.02,0.02,0.01,0.02,0.02,0.01,0.04,0.02,0.03,0.04,0.00,0.00,0.01,0.00,0.00,0.00,0.00,0.00,0.00,0.00,0.00,0.00,0.00,0.00,0.00,0.00,0.11,0.06,0.03,0.01,0.01,0.03,0.00,0.01,0.01,0.01,0.15,0.03,0.02,0.01,0.00,0.00,0.10,0.03,0.03,0.01,0.18,0.11,0.01,0.02,0.16,0.17,0.05,0.03,0.18,0.25,0.19,0.04,0.08,0.04,0.02,0.03,0.06,0.02,0.08,0.00,0.00,0.00,0.56,0.23,0.00,0.00,0.07,0.01,0.00,0.00,0.00,0.00,0.00,0.01,0.00,0.00,0.00,0.00,0.00,0.00,0.00,0.00,0.00,0.00,0.00,0.00,0.00,0.00,0.00,0.00,0.00,0.00,0.00,0.00,0.00,0.00,0.00,0.00,0.00,0.00,0.00,0.00,0.00,0.00,0.00,0.00,0.00,0.00,0.00,0.00,0.00,0.00,0.00,0.05,0.05,0.02,0.03,0.01,0.04,0.03,0.00,0.01,0.01,0.01,0.00,0.11,0.01,0.00
1521,0.00,0.00,0.00,0.00,0.00,0.00,0.00,0.00,0.00,0.00,0.00,0.00,0.00,0.00,0.00,0.00,0.00,0.00,0.00,0.00,0.00,0.00,0.00,0.00,0.00,0.00,0.00,0.00,0.00,0.00,0.00,0.00,0.00,0.00,0.00,0.00,0.00,0.00,0.00,0.00,0.00,0.01,0.00,0.00,0.00,0.00,0.01,0.00,0.01,0.01,0.00,0.00,0.00,0.00,0.00,0.00,0.00,0.00,0.00,0.00,0.00,0.00,0.00,0.00,0.00,0.00,0.02,0.01,0.01,0.00,0.00,0.01,0.00,0.00,0.00,0.00,0.03,0.01,0.00,0.00,0.00,0.00,0.02,0.01,0.01,0.00,0.04,0.02,0.00,0.00,0.03,0.03,0.01,0.01,0.04,0.06,0.04,0.01,0.02,0.01,0.00,0.01,0.01,0.00,0.01,0.01,0.00,0.00,0.00,0.00,0.00,0.01,0.00,0.00,0.00,0.00,0.00,0.00,0.00,0.00,0.00,0.00,0.00,0.00,0.00,0.00,0.00,0.00,0.00,0.00,0.00,0.00,0.00,0.00,0.00,0.00,0.00,0.00,0.00,0.00,0.00,0.00,0.00,0.00,0.00,0.00,0.00,0.00,0.00,0.00,0.00,0.00,0.00,0.00,0.00,0.00,0.00,0.00,0.00,0.00,0.00,0.00,0.00,0.00,0.00,0.00,0.00,0.00,0.00,0.00,0.00,0.01,0.00,0.00
1522,0.00,0.00,0.00,0.00,0.00,0.00,0.00,0.00,0.00,0.00,0.00,0.00,0.00,0.00,0.00,0.00,0.01,0.00,0.00,0.00,0.00,0.17,0.19,0.18,0.07,0.01,0.02,0.18,0.02,0.01,0.07,0.02,0.01,0.01,0.00,0.04,0.00,0.00,0.00,0.00,0.14,0.22,0.07,0.14,0.13,0.05,0.34,0.15,0.21,0.29,0.00,0.00,0.11,0.00,0.00,0.00,0.00,0.00,0.01,0.00,0.00,0.00,0.00,0.00,0.04,0.02,0.87,0.73,0.33,0.08,0.06,0.24,0.00,0.12,0.12,0.10,1.24,0.33,0.23,0.05,0.00,0.01,0.74,0.30,0.32,0.08,1.65,1.03,0.16,0.12,1.10,1.96,0.44,0.00,0.00,0.00,0.00,0.00,0.00,0.00,0.00,0.19,0.62,0.17,0.79,0.46,0.04,0.05,3.87,1.62,0.01,0.21,0.61,0.00,0.14,0.01,0.00,0.00,0.00,0.10,0.00,0.00,0.00,0.00,0.00,0.00,0.04,0.00,0.00,0.00,0.00,0.00,0.00,0.00,0.00,0.00,0.00,0.00,0.00,0.00,0.00,0.02,0.01,0.00,0.00,0.00,0.01,0.00,0.01,0.00,0.00,0.00,0.00,0.00,0.00,0.00,0.00,0.00,0.00,0.85,0.92,0.30,0.22,0.25,0.42,0.31,0.00,0.07,0.09,0.06,0.08,1.07,0.09,0.04
1523,0.00,0.00,0.00,0.00,0.00,0.00,0.00,0.00,0.00,0.00,0.00,0.00,0.00,0.00,0.00,0.00,0.02,0.00,0.00,0.00,0.00,0.26,0.30,0.28,0.10,0.01,0.04,0.28,0.03,0.02,0.10,0.03,0.02,0.02,0.00,0.06,0.01,0.00,0.00,0.00,0.19,0.38,0.10,0.22,0.22,0.06,0.52,0.26,0.36,0.44,0.00,0.01,0.16,0.00,0.00,0.00,0.00,0.00,0.02,0.00,0.00,0.00,0.00,0.00,0.05,0.03,1.35,0.75,0.36,0.12,0.09,0.36,0.05,0.14,0.12,0.13,1.90,0.33,0.32,0.08,0.00,0.01,1.04,0.27,0.33,0.10,1.86,1.12,0.15,0.16,1.61,1.69,0.51,0.36,1.83,2.46,1.89,0.35,0.80,0.39,0.22,0.37,0.71,0.27,0.33,0.00,0.00,0.03,6.15,2.24,0.01,0.00,0.81,0.11,0.00,0.02,0.00,0.00,0.00,0.14,0.00,0.00,0.00,0.00,0.00,0.00,0.01,0.00,0.00,0.00,0.00,0.00,0.00,0.00,0.00,0.00,0.00,0.00,0.00,0.01,0.00,0.01,0.00,0.00,0.00,0.00,0.01,0.00,0.01,0.00,0.00,0.01,0.00,0.01,0.01,0.01,0.01,0.00,0.00,1.01,0.86,0.21,0.32,0.18,0.48,0.37,0.00,0.10,0.14,0.09,0.06,1.36,0.13,0.05
1524,0.00,0.00,0.00,0.00,0.00,0.00,0.00,0.00,0.00,0.00,0.00,0.00,0.00,0.00,0.00,0.00,0.00,0.00,0.00,0.00,0.00,0.00,0.00,0.00,0.00,0.00,0.00,0.00,0.00,0.00,0.00,0.00,0.00,0.00,0.00,0.00,0.00,0.00,0.00,0.00,0.00,0.01,0.00,0.00,0.00,0.00,0.01,0.00,0.01,0.01,0.00,0.00,0.00,0.00,0.00,0.00,0.00,0.00,0.00,0.00,0.00,0.00,0.00,0.00,0.00,0.00,0.02,0.01,0.01,0.00,0.00,0.01,0.00,0.00,0.00,0.00,0.03,0.01,0.00,0.00,0.00,0.00,0.02,0.01,0.01,0.00,0.04,0.02,0.00,0.00,0.03,0.03,0.01,0.01,0.04,0.06,0.04,0.01,0.02,0.01,0.01,0.01,0.01,0.00,0.02,0.01,0.00,0.00,0.00,0.00,0.00,0.01,0.00,0.00,0.00,0.00,0.00,0.00,0.00,0.00,0.00,0.00,0.00,0.00,0.00,0.00,0.00,0.00,0.00,0.00,0.00,0.00,0.00,0.00,0.00,0.00,0.00,0.00,0.00,0.00,0.00,0.00,0.00,0.00,0.00,0.00,0.00,0.00,0.00,0.00,0.00,0.00,0.00,0.00,0.00,0.00,0.00,0.00,0.00,0.00,0.01,0.00,0.00,0.00,0.01,0.00,0.00,0.00,0.00,0.00,0.00,0.02,0.00,0.00
1628,0.00,0.00,0.00,0.00,0.00,0.00,0.00,0.00,0.00,0.00,0.00,0.00,0.00,0.00,0.00,0.00,0.00,0.00,0.00,0.00,0.00,0.00,0.00,0.00,0.00,0.00,0.00,0.00,0.00,0.00,0.00,0.00,0.00,0.00,0.00,0.00,0.00,0.00,0.00,0.00,0.00,0.00,0.00,0.00,0.00,0.00,0.00,0.00,0.00,0.00,0.00,0.00,0.00,0.00,0.00,0.00,0.00,0.00,0.00,0.00,0.00,0.00,0.00,0.00,0.00,0.00,0.02,0.01,0.00,0.00,0.00,0.00,0.00,0.00,0.00,0.00,0.02,0.00,0.00,0.00,0.00,0.00,0.01,0.00,0.00,0.00,0.02,0.01,0.00,0.00,0.01,0.02,0.00,0.00,0.02,0.02,0.02,0.00,0.01,0.00,0.00,0.00,0.01,0.00,0.01,0.01,0.00,0.00,0.00,0.00,0.00,0.00,0.00,0.00,0.00,0.00,0.00,0.00,0.00,0.00,0.00,0.00,0.00,0.00,0.00,0.00,0.00,0.00,0.00,0.00,0.00,0.00,0.00,0.00,0.00,0.00,0.00,0.00,0.00,0.00,0.00,0.00,0.00,0.00,0.00,0.00,0.00,0.00,0.00,0.00,0.00,0.00,0.00,0.00,0.00,0.00,0.00,0.00,0.00,0.00,0.00,0.00,0.00,0.00,0.00,0.00,0.00,0.00,0.00,0.00,0.00,0.00,0.00,0.00
1629,0.00,0.00,0.00,0.00,0.00,0.00,0.00,0.00,0.00,0.00,0.00,0.00,0.00,0.00,0.00,0.00,0.00,0.00,0.00,0.00,0.00,0.00,0.00,0.00,0.00,0.00,0.00,0.00,0.00,0.00,0.00,0.00,0.00,0.00,0.00,0.00,0.00,0.00,0.00,0.00,0.00,0.00,0.00,0.00,0.00,0.00,0.00,0.00,0.00,0.00,0.00,0.00,0.00,0.00,0.00,0.00,0.00,0.00,0.00,0.00,0.00,0.00,0.00,0.00,0.00,0.00,0.00,0.00,0.00,0.00,0.00,0.00,0.00,0.00,0.00,0.00,0.00,0.00,0.00,0.00,0.00,0.00,0.00,0.00,0.00,0.00,0.00,0.00,0.00,0.00,0.00,0.00,0.00,0.00,0.00,0.00,0.00,0.00,0.00,0.00,0.00,0.00,0.00,0.00,0.00,0.00,0.00,0.00,0.00,0.00,0.00,0.00,0.00,0.00,0.00,0.00,0.00,0.00,0.00,0.00,0.00,0.00,0.00,0.00,0.00,0.00,0.00,0.00,0.00,0.00,0.00,0.00,0.00,0.00,0.00,0.00,0.00,0.00,0.00,0.00,0.00,0.00,0.00,0.00,0.00,0.00,0.00,0.00,0.00,0.00,0.00,0.00,0.00,0.00,0.00,0.00,0.00,0.00,0.00,0.00,0.00,0.00,0.00,0.00,0.00,0.00,0.00,0.00,0.00,0.00,0.00,0.00,0.00,0.00
1638,0.00,0.00,0.00,0.00,0.00,0.00,0.00,0.00,0.00,0.00,0.00,0.00,0.00,0.00,0.00,0.00,0.00,0.00,0.00,0.00,0.00,0.00,0.00,0.00,0.00,0.00,0.00,0.00,0.00,0.00,0.00,0.00,0.00,0.00,0.00,0.00,0.00,0.00,0.00,0.00,0.00,0.00,0.00,0.00,0.00,0.00,0.00,0.00,0.00,0.00,0.00,0.00,0.00,0.00,0.00,0.00,0.00,0.00,0.00,0.00,0.00,0.00,0.00,0.00,0.00,0.00,0.00,0.00,0.00,0.00,0.00,0.00,0.00,0.00,0.00,0.00,0.00,0.00,0.00,0.00,0.00,0.00,0.00,0.00,0.00,0.00,0.00,0.00,0.00,0.00,0.00,0.00,0.00,0.00,0.00,0.00,0.00,0.00,0.00,0.00,0.00,0.00,0.00,0.00,0.00,0.00,0.00,0.00,0.00,0.00,0.00,0.00,0.00,0.00,0.00,0.00,0.00,0.00,0.00,0.00,0.00,0.00,0.00,0.00,0.00,0.00,0.00,0.00,0.00,0.00,0.00,0.00,0.00,0.00,0.00,0.00,0.00,0.00,0.00,0.00,0.00,0.00,0.00,0.00,0.00,0.00,0.00,0.00,0.00,0.00,0.00,0.00,0.00,0.00,0.00,0.00,0.00,0.00,0.00,0.00,0.00,0.00,0.00,0.00,0.00,0.00,0.00,0.00,0.00,0.00,0.00,0.00,0.00,0.00
1726,0.00,0.00,0.00,0.00,0.00,0.00,0.00,0.00,0.00,0.00,0.00,0.00,0.00,0.00,0.00,0.00,0.02,0.00,0.00,0.00,0.00,0.09,0.10,0.10,0.04,0.00,0.01,0.09,0.08,0.05,0.22,0.07,0.05,0.04,0.01,0.14,0.02,0.00,0.00,0.00,0.09,0.20,0.04,0.17,0.14,0.03,0.44,0.08,0.12,0.18,0.00,0.00,0.07,0.00,0.00,0.00,0.00,0.00,0.01,0.00,0.00,0.00,0.00,0.00,0.04,0.02,1.89,1.05,0.49,0.15,0.11,0.50,0.08,0.00,0.00,0.24,2.88,0.41,0.30,0.13,0.00,0.02,1.01,0.26,0.34,0.09,1.74,0.81,0.14,0.00,0.00,1.51,0.45,0.14,0.74,1.07,0.75,0.17,0.32,0.16,0.11,0.13,0.27,0.11,0.29,0.28,0.03,0.03,2.55,0.91,0.00,0.13,0.35,0.04,0.08,0.01,0.00,0.00,0.00,0.00,0.00,0.00,0.00,0.00,0.00,0.00,0.01,0.00,0.00,0.00,0.00,0.00,0.00,0.00,0.00,0.00,0.00,0.00,0.00,0.00,0.00,0.01,0.00,0.00,0.00,0.00,0.00,0.00,0.00,0.00,0.00,0.00,0.00,0.00,0.00,0.00,0.00,0.00,0.01,0.86,0.88,0.34,0.48,0.34,0.95,0.69,0.00,0.14,0.20,0.13,0.09,2.35,0.18,0.08
1903,0.01,0.01,0.01,0.00,0.00,0.00,0.00,0.00,0.00,0.00,0.00,0.00,0.00,0.00,0.00,0.00,0.00,0.00,0.00,0.00,0.00,0.01,0.02,0.02,0.01,0.00,0.00,0.02,0.00,0.00,0.00,0.00,0.00,0.00,0.00,0.00,0.00,0.00,0.00,0.00,0.00,0.01,0.00,0.00,0.00,0.00,0.01,0.00,0.00,0.00,0.00,0.00,0.00,0.00,0.00,0.00,0.00,0.00,0.00,0.00,0.00,0.00,0.00,0.00,0.01,0.01,0.54,0.30,0.14,0.04,0.03,0.10,0.03,0.06,0.05,0.04,0.47,0.06,0.08,0.03,0.00,0.01,0.50,0.12,0.16,0.05,0.88,0.45,0.06,0.06,0.53,0.77,0.24,0.00,0.02,0.02,0.02,0.00,0.01,0.00,0.00,0.00,0.01,0.00,0.01,0.01,0.00,0.00,0.04,0.01,0.00,0.00,0.01,0.00,0.00,0.00,0.00,0.00,0.00,0.05,0.00,0.00,0.00,0.00,0.00,0.00,0.00,0.00,0.00,0.00,0.00,0.00,0.00,0.00,0.00,0.00,0.00,0.00,0.00,0.00,0.00,0.00,0.00,0.00,0.00,0.00,0.00,0.00,0.00,0.00,0.00,0.00,0.00,0.00,0.00,0.00,0.00,0.00,0.06,0.00,0.00,0.00,0.00,0.00,0.00,0.00,0.00,0.00,0.00,0.00,0.00,0.01,0.00,0.00
1904,0.00,0.00,0.00,0.00,0.00,0.00,0.00,0.00,0.00,0.00,0.00,0.00,0.00,0.00,0.00,0.00,0.00,0.00,0.00,0.00,0.00,0.00,0.00,0.00,0.00,0.00,0.00,0.00,0.00,0.00,0.00,0.00,0.00,0.00,0.00,0.00,0.00,0.00,0.00,0.00,0.00,0.00,0.00,0.00,0.00,0.00,0.00,0.00,0.00,0.00,0.00,0.00,0.00,0.00,0.00,0.00,0.00,0.00,0.00,0.00,0.00,0.00,0.00,0.00,0.00,0.00,0.06,0.04,0.02,0.01,0.00,0.02,0.00,0.01,0.01,0.01,0.10,0.02,0.02,0.00,0.00,0.00,0.06,0.01,0.02,0.01,0.32,0.07,0.01,0.01,0.08,0.29,0.03,0.00,0.00,0.00,0.00,0.00,0.00,0.00,0.00,0.00,0.00,0.00,0.00,0.00,0.00,0.00,0.01,0.00,0.00,0.00,0.00,0.00,0.00,0.00,0.00,0.00,0.00,0.01,0.00,0.00,0.00,0.00,0.00,0.00,0.00,0.00,0.00,0.00,0.00,0.00,0.00,0.00,0.00,0.00,0.00,0.00,0.00,0.00,0.00,0.00,0.00,0.00,0.00,0.00,0.00,0.00,0.00,0.00,0.00,0.00,0.00,0.00,0.00,0.00,0.00,0.00,0.01,0.00,0.00,0.00,0.00,0.00,0.00,0.00,0.00,0.00,0.00,0.00,0.00,0.00,0.00,0.00
1905,0.01,0.01,0.01,0.00,0.01,0.00,0.00,0.01,0.00,0.00,0.00,0.00,0.00,0.00,0.00,0.00,0.00,0.00,0.00,0.00,0.00,0.01,0.01,0.01,0.00,0.00,0.00,0.01,0.00,0.00,0.00,0.00,0.00,0.00,0.00,0.00,0.00,0.00,0.00,0.00,0.00,0.00,0.00,0.00,0.00,0.00,0.01,0.00,0.00,0.00,0.00,0.00,0.00,0.00,0.00,0.00,0.00,0.00,0.00,0.00,0.00,0.00,0.01,0.00,0.01,0.01,0.31,0.17,0.09,0.03,0.03,0.09,0.02,0.04,0.03,0.03,0.47,0.08,0.07,0.02,0.00,0.00,0.27,0.06,0.08,0.02,0.49,0.29,0.03,0.05,0.37,0.43,0.15,0.00,0.01,0.01,0.01,0.00,0.00,0.00,0.00,0.00,0.00,0.00,0.00,0.00,0.00,0.00,0.03,0.01,0.00,0.00,0.00,0.00,0.00,0.00,0.00,0.00,0.00,0.03,0.00,0.00,0.00,0.00,0.00,0.00,0.00,0.00,0.00,0.00,0.00,0.00,0.00,0.00,0.00,0.00,0.00,0.00,0.00,0.00,0.00,0.00,0.00,0.00,0.00,0.00,0.00,0.00,0.00,0.00,0.00,0.00,0.00,0.00,0.00,0.00,0.00,0.00,0.03,0.00,0.00,0.00,0.00,0.00,0.00,0.00,0.00,0.00,0.00,0.00,0.00,0.00,0.00,0.00
1906,0.00,0.00,0.00,0.00,0.00,0.00,0.00,0.00,0.00,0.00,0.00,0.00,0.00,0.00,0.00,0.00,0.00,0.00,0.00,0.00,0.00,0.00,0.00,0.00,0.00,0.00,0.00,0.00,0.00,0.00,0.00,0.00,0.00,0.00,0.00,0.00,0.00,0.00,0.00,0.00,0.00,0.00,0.00,0.00,0.00,0.00,0.00,0.00,0.00,0.00,0.00,0.00,0.00,0.00,0.00,0.00,0.00,0.00,0.00,0.00,0.00,0.00,0.00,0.00,0.00,0.00,0.05,0.04,0.01,0.01,0.00,0.02,0.01,0.01,0.01,0.01,0.10,0.01,0.01,0.01,0.00,0.00,0.10,0.02,0.03,0.01,0.18,0.09,0.01,0.01,0.11,0.15,0.05,0.00,0.01,0.00,0.00,0.00,0.00,0.00,0.00,0.00,0.00,0.00,0.00,0.00,0.00,0.00,0.01,0.00,0.00,0.00,0.00,0.00,0.00,0.00,0.00,0.00,0.00,0.01,0.00,0.00,0.00,0.00,0.00,0.00,0.00,0.00,0.00,0.00,0.00,0.00,0.00,0.00,0.00,0.00,0.00,0.00,0.00,0.00,0.00,0.00,0.00,0.00,0.00,0.00,0.00,0.00,0.00,0.00,0.00,0.00,0.00,0.00,0.00,0.00,0.00,0.00,0.00,0.00,0.00,0.00,0.00,0.00,0.00,0.00,0.00,0.00,0.00,0.00,0.00,0.00,0.00,0.00
1907,0.02,0.01,0.01,0.00,0.00,0.00,0.00,0.00,0.00,0.00,0.00,0.00,0.00,0.00,0.00,0.00,0.00,0.00,0.00,0.00,0.00,0.01,0.01,0.01,0.00,0.00,0.00,0.01,0.00,0.00,0.00,0.00,0.00,0.00,0.00,0.00,0.00,0.00,0.00,0.00,0.00,0.01,0.00,0.00,0.00,0.00,0.01,0.00,0.00,0.00,0.00,0.00,0.00,0.00,0.00,0.00,0.00,0.00,0.00,0.00,0.00,0.00,0.01,0.00,0.02,0.01,0.56,0.35,0.16,0.06,0.04,0.21,0.04,0.09,0.08,0.08,1.16,0.18,0.14,0.04,0.00,0.01,0.70,0.17,0.21,0.07,1.27,0.68,0.09,0.09,0.82,1.11,0.36,0.00,0.03,0.03,0.02,0.01,0.01,0.01,0.00,0.00,0.01,0.00,0.01,0.01,0.00,0.00,0.06,0.03,0.00,0.00,0.01,0.00,0.00,0.00,0.00,0.00,0.00,0.07,0.00,0.00,0.00,0.00,0.00,0.00,0.00,0.00,0.00,0.00,0.00,0.00,0.00,0.00,0.00,0.00,0.00,0.00,0.00,0.00,0.00,0.00,0.00,0.00,0.00,0.00,0.00,0.00,0.00,0.00,0.00,0.00,0.00,0.00,0.00,0.00,0.00,0.00,0.01,0.00,0.00,0.00,0.00,0.00,0.00,0.00,0.00,0.00,0.00,0.00,0.00,0.01,0.00,0.00
1908,0.00,0.00,0.00,0.00,0.00,0.00,0.00,0.00,0.00,0.00,0.00,0.00,0.00,0.00,0.00,0.00,0.00,0.00,0.00,0.00,0.00,0.00,0.00,0.00,0.00,0.00,0.00,0.00,0.00,0.00,0.00,0.00,0.00,0.00,0.00,0.00,0.00,0.00,0.00,0.00,0.00,0.00,0.00,0.00,0.00,0.00,0.00,0.00,0.00,0.00,0.00,0.00,0.00,0.00,0.00,0.00,0.00,0.00,0.00,0.00,0.00,0.00,0.00,0.00,0.00,0.00,0.15,0.09,0.04,0.01,0.01,0.06,0.01,0.02,0.02,0.02,0.30,0.05,0.04,0.01,0.00,0.00,0.19,0.04,0.06,0.02,0.34,0.18,0.02,0.02,0.22,0.30,0.10,0.00,0.02,0.01,0.01,0.00,0.00,0.00,0.00,0.00,0.00,0.00,0.00,0.00,0.00,0.00,0.02,0.01,0.00,0.00,0.00,0.00,0.00,0.00,0.00,0.00,0.00,0.02,0.00,0.00,0.00,0.00,0.00,0.00,0.00,0.00,0.00,0.00,0.00,0.00,0.00,0.00,0.00,0.00,0.00,0.00,0.00,0.00,0.00,0.00,0.00,0.00,0.00,0.00,0.00,0.00,0.00,0.00,0.00,0.00,0.00,0.00,0.00,0.00,0.00,0.00,0.00,0.00,0.00,0.00,0.00,0.00,0.00,0.00,0.00,0.00,0.00,0.00,0.00,0.00,0.00,0.00
1909,0.01,0.02,0.01,0.00,0.00,0.00,0.00,0.00,0.00,0.00,0.00,0.00,0.00,0.00,0.00,0.00,0.00,0.00,0.00,0.00,0.00,0.01,0.01,0.02,0.01,0.00,0.00,0.03,0.00,0.00,0.00,0.00,0.00,0.00,0.00,0.00,0.00,0.00,0.00,0.00,0.00,0.01,0.00,0.01,0.00,0.00,0.02,0.00,0.00,0.01,0.00,0.00,0.00,0.00,0.00,0.00,0.00,0.00,0.00,0.00,0.00,0.00,0.00,0.00,0.03,0.02,0.80,0.49,0.22,0.08,0.06,0.26,0.05,0.12,0.10,0.10,1.36,0.21,0.19,0.05,0.00,0.01,0.89,0.20,0.27,0.08,1.63,0.90,0.11,0.13,1.10,1.42,0.47,0.00,0.03,0.04,0.03,0.01,0.01,0.01,0.00,0.01,0.01,0.00,0.01,0.01,0.00,0.00,0.08,0.03,0.00,0.00,0.01,0.00,0.00,0.00,0.00,0.00,0.00,0.09,0.00,0.00,0.00,0.00,0.00,0.00,0.00,0.00,0.00,0.00,0.00,0.00,0.00,0.00,0.00,0.00,0.00,0.00,0.00,0.00,0.00,0.00,0.00,0.00,0.00,0.00,0.00,0.00,0.00,0.00,0.00,0.00,0.00,0.00,0.00,0.00,0.00,0.00,0.02,0.00,0.00,0.00,0.00,0.00,0.00,0.00,0.00,0.00,0.00,0.00,0.00,0.01,0.00,0.00
1910,0.01,0.01,0.01,0.00,0.00,0.00,0.00,0.01,0.00,0.00,0.00,0.00,0.00,0.00,0.00,0.00,0.00,0.00,0.00,0.00,0.00,0.01,0.01,0.01,0.00,0.00,0.00,0.01,0.00,0.00,0.00,0.00,0.00,0.00,0.00,0.00,0.00,0.00,0.00,0.00,0.00,0.00,0.00,0.00,0.00,0.00,0.01,0.00,0.00,0.00,0.00,0.00,0.00,0.00,0.00,0.00,0.00,0.00,0.00,0.00,0.00,0.00,0.01,0.00,0.01,0.01,0.33,0.18,0.09,0.03,0.03,0.09,0.02,0.04,0.03,0.03,0.48,0.08,0.08,0.02,0.00,0.00,0.27,0.06,0.09,0.02,0.47,0.29,0.03,0.04,0.36,0.41,0.14,0.00,0.01,0.01,0.01,0.00,0.00,0.00,0.00,0.00,0.00,0.00,0.00,0.00,0.00,0.00,0.03,0.01,0.00,0.00,0.00,0.00,0.00,0.00,0.00,0.00,0.00,0.03,0.00,0.00,0.00,0.00,0.00,0.00,0.00,0.00,0.00,0.00,0.00,0.00,0.00,0.00,0.00,0.00,0.00,0.00,0.00,0.00,0.00,0.00,0.00,0.00,0.00,0.00,0.00,0.00,0.00,0.00,0.00,0.00,0.00,0.00,0.00,0.00,0.00,0.00,0.03,0.00,0.00,0.00,0.00,0.00,0.00,0.00,0.00,0.00,0.00,0.00,0.00,0.00,0.00,0.00
1911,0.03,0.03,0.02,0.01,0.01,0.00,0.01,0.01,0.00,0.00,0.00,0.00,0.00,0.00,0.00,0.00,0.00,0.00,0.00,0.00,0.00,0.02,0.03,0.03,0.01,0.00,0.00,0.03,0.00,0.00,0.00,0.00,0.00,0.00,0.00,0.00,0.00,0.00,0.00,0.00,0.01,0.01,0.00,0.01,0.01,0.00,0.02,0.00,0.00,0.01,0.00,0.00,0.00,0.00,0.00,0.00,0.00,0.00,0.00,0.00,0.00,0.01,0.01,0.00,0.03,0.02,0.80,0.43,0.22,0.07,0.06,0.20,0.03,0.07,0.06,0.07,1.03,0.14,0.17,0.04,0.00,0.01,0.61,0.14,0.20,0.10,1.11,0.62,0.12,0.09,0.76,0.98,0.31,0.00,0.02,0.03,0.02,0.00,0.01,0.00,0.00,0.00,0.01,0.00,0.01,0.01,0.00,0.00,0.06,0.02,0.00,0.00,0.01,0.00,0.00,0.00,0.00,0.00,0.00,0.06,0.00,0.00,0.00,0.00,0.00,0.00,0.00,0.00,0.00,0.00,0.00,0.00,0.00,0.00,0.00,0.00,0.00,0.00,0.00,0.00,0.00,0.00,0.00,0.00,0.00,0.00,0.00,0.00,0.00,0.00,0.00,0.00,0.00,0.00,0.00,0.00,0.00,0.00,0.07,0.00,0.00,0.00,0.00,0.00,0.00,0.00,0.00,0.00,0.00,0.00,0.00,0.01,0.00,0.00
1916,0.02,0.02,0.01,0.00,0.00,0.00,0.01,0.00,0.00,0.00,0.00,0.00,0.00,0.00,0.00,0.00,0.00,0.00,0.00,0.00,0.00,0.02,0.01,0.01,0.01,0.00,0.00,0.02,0.00,0.00,0.00,0.00,0.00,0.00,0.00,0.00,0.00,0.00,0.00,0.00,0.00,0.01,0.00,0.00,0.00,0.00,0.01,0.00,0.00,0.00,0.00,0.00,0.00,0.00,0.00,0.00,0.00,0.00,0.00,0.00,0.00,0.00,0.01,0.00,0.02,0.01,0.58,0.38,0.15,0.06,0.04,0.18,0.05,0.10,0.06,0.07,0.80,0.10,0.14,0.06,0.00,0.01,0.94,0.22,0.31,0.09,1.65,0.81,0.13,0.09,0.89,1.44,0.45,0.01,0.03,0.04,0.03,0.01,0.01,0.01,0.00,0.01,0.01,0.00,0.01,0.01,0.00,0.00,0.07,0.02,0.00,0.00,0.01,0.00,0.00,0.00,0.00,0.00,0.00,0.05,0.00,0.00,0.00,0.00,0.00,0.00,0.00,0.00,0.00,0.00,0.00,0.00,0.00,0.00,0.00,0.00,0.00,0.00,0.00,0.00,0.00,0.00,0.00,0.00,0.00,0.00,0.00,0.00,0.00,0.00,0.00,0.00,0.00,0.00,0.00,0.00,0.00,0.00,0.09,0.00,0.01,0.00,0.00,0.00,0.00,0.00,0.00,0.00,0.00,0.00,0.00,0.01,0.00,0.00
1917,0.06,0.05,0.02,0.02,0.01,0.00,0.01,0.01,0.00,0.00,0.00,0.00,0.00,0.00,0.00,0.00,0.00,0.00,0.00,0.00,0.00,0.05,0.05,0.06,0.02,0.00,0.01,0.07,0.00,0.00,0.01,0.00,0.00,0.00,0.00,0.01,0.00,0.00,0.00,0.00,0.01,0.02,0.00,0.01,0.01,0.00,0.03,0.00,0.01,0.01,0.00,0.00,0.00,0.00,0.00,0.00,0.00,0.00,0.00,0.00,0.00,0.01,0.02,0.00,0.05,0.03,1.68,0.94,0.45,0.15,0.11,0.37,0.09,0.20,0.17,0.14,1.82,0.25,0.30,0.09,0.00,0.02,1.48,0.35,0.48,0.14,2.69,1.46,0.19,0.20,1.77,2.35,0.78,0.01,0.05,0.07,0.05,0.01,0.02,0.01,0.01,0.01,0.02,0.01,0.02,0.02,0.00,0.00,0.13,0.04,0.00,0.01,0.02,0.00,0.01,0.00,0.00,0.00,0.00,0.17,0.00,0.00,0.00,0.00,0.00,0.00,0.00,0.00,0.00,0.00,0.00,0.00,0.00,0.00,0.00,0.00,0.00,0.00,0.00,0.00,0.00,0.00,0.00,0.00,0.00,0.00,0.00,0.00,0.00,0.00,0.00,0.00,0.00,0.00,0.00,0.00,0.00,0.00,0.16,0.01,0.01,0.00,0.00,0.00,0.01,0.01,0.00,0.00,0.00,0.00,0.00,0.02,0.00,0.00
1918,0.00,0.00,0.00,0.00,0.00,0.00,0.00,0.00,0.00,0.00,0.00,0.00,0.00,0.00,0.00,0.00,0.00,0.00,0.00,0.00,0.00,0.00,0.00,0.00,0.00,0.00,0.00,0.00,0.00,0.00,0.00,0.00,0.00,0.00,0.00,0.00,0.00,0.00,0.00,0.00,0.00,0.00,0.00,0.00,0.00,0.00,0.00,0.00,0.00,0.00,0.00,0.00,0.00,0.00,0.00,0.00,0.00,0.00,0.00,0.00,0.00,0.00,0.00,0.00,0.01,0.00,0.12,0.07,0.03,0.01,0.01,0.03,0.01,0.02,0.01,0.01,0.18,0.03,0.03,0.01,0.00,0.00,0.11,0.02,0.03,0.01,0.20,0.11,0.01,0.02,0.15,0.17,0.06,0.00,0.00,0.01,0.00,0.00,0.00,0.00,0.00,0.00,0.00,0.00,0.00,0.00,0.00,0.00,0.01,0.00,0.00,0.00,0.00,0.00,0.00,0.00,0.00,0.00,0.00,0.01,0.00,0.00,0.00,0.00,0.00,0.00,0.00,0.00,0.00,0.00,0.00,0.00,0.00,0.00,0.00,0.00,0.00,0.00,0.00,0.00,0.00,0.00,0.00,0.00,0.00,0.00,0.00,0.00,0.00,0.00,0.00,0.00,0.00,0.00,0.00,0.00,0.00,0.00,0.01,0.00,0.00,0.00,0.00,0.00,0.00,0.00,0.00,0.00,0.00,0.00,0.00,0.00,0.00,0.00
1919,0.01,0.01,0.01,0.01,0.01,0.00,0.00,0.01,0.00,0.00,0.00,0.00,0.00,0.00,0.00,0.00,0.00,0.00,0.00,0.00,0.00,0.01,0.01,0.01,0.01,0.00,0.00,0.01,0.00,0.00,0.00,0.00,0.00,0.00,0.00,0.00,0.00,0.00,0.00,0.00,0.00,0.01,0.00,0.00,0.00,0.00,0.01,0.00,0.00,0.00,0.00,0.00,0.00,0.00,0.00,0.00,0.00,0.00,0.00,0.00,0.00,0.00,0.01,0.00,0.02,0.01,0.36,0.20,0.10,0.03,0.03,0.10,0.02,0.05,0.04,0.04,0.54,0.09,0.09,0.02,0.00,0.00,0.30,0.07,0.10,0.03,0.56,0.33,0.04,0.05,0.42,0.49,0.17,0.00,0.01,0.01,0.01,0.00,0.00,0.00,0.00,0.00,0.00,0.00,0.00,0.00,0.00,0.00,0.03,0.01,0.00,0.00,0.00,0.00,0.00,0.00,0.00,0.00,0.00,0.04,0.00,0.00,0.00,0.00,0.00,0.00,0.00,0.00,0.00,0.00,0.00,0.00,0.00,0.00,0.00,0.00,0.00,0.00,0.00,0.00,0.00,0.00,0.00,0.00,0.00,0.00,0.00,0.00,0.00,0.00,0.00,0.00,0.00,0.00,0.00,0.00,0.00,0.00,0.04,0.00,0.00,0.00,0.00,0.00,0.00,0.00,0.00,0.00,0.00,0.00,0.00,0.00,0.00,0.00
1920,0.00,0.00,0.00,0.00,0.00,0.00,0.00,0.00,0.00,0.00,0.00,0.00,0.00,0.00,0.00,0.00,0.00,0.00,0.00,0.00,0.00,0.00,0.00,0.00,0.00,0.00,0.00,0.00,0.00,0.00,0.00,0.00,0.00,0.00,0.00,0.00,0.00,0.00,0.00,0.00,0.00,0.00,0.00,0.00,0.00,0.00,0.00,0.00,0.00,0.00,0.00,0.00,0.00,0.00,0.00,0.00,0.00,0.00,0.00,0.00,0.00,0.00,0.00,0.00,0.00,0.00,0.00,0.00,0.00,0.00,0.00,0.00,0.00,0.00,0.00,0.00,0.00,0.00,0.00,0.00,0.00,0.00,0.00,0.00,0.00,0.00,0.01,0.00,0.00,0.00,0.00,0.01,0.00,0.00,0.00,0.00,0.00,0.00,0.00,0.00,0.00,0.00,0.00,0.00,0.00,0.00,0.00,0.00,0.00,0.00,0.00,0.00,0.00,0.00,0.00,0.00,0.00,0.00,0.00,0.00,0.00,0.00,0.00,0.00,0.00,0.00,0.00,0.00,0.00,0.00,0.00,0.00,0.00,0.00,0.00,0.00,0.00,0.00,0.00,0.00,0.00,0.00,0.00,0.00,0.00,0.00,0.00,0.00,0.00,0.00,0.00,0.00,0.00,0.00,0.00,0.00,0.00,0.00,0.00,0.00,0.00,0.00,0.00,0.00,0.00,0.00,0.00,0.00,0.00,0.00,0.00,0.00,0.00,0.00
1921,0.01,0.01,0.00,0.00,0.00,0.00,0.00,0.00,0.00,0.00,0.00,0.00,0.00,0.00,0.00,0.00,0.00,0.00,0.00,0.00,0.00,0.01,0.01,0.01,0.00,0.00,0.00,0.01,0.00,0.00,0.00,0.00,0.00,0.00,0.00,0.00,0.00,0.00,0.00,0.00,0.00,0.00,0.00,0.00,0.00,0.00,0.00,0.00,0.00,0.00,0.00,0.00,0.00,0.00,0.00,0.00,0.00,0.00,0.00,0.00,0.00,0.00,0.00,0.00,0.01,0.00,0.21,0.12,0.06,0.02,0.01,0.05,0.01,0.03,0.02,0.02,0.24,0.03,0.04,0.01,0.00,0.00,0.20,0.05,0.06,0.02,0.36,0.19,0.03,0.03,0.23,0.32,0.10,0.00,0.02,0.01,0.01,0.00,0.00,0.00,0.00,0.00,0.00,0.00,0.00,0.00,0.00,0.00,0.02,0.01,0.00,0.00,0.00,0.00,0.00,0.00,0.00,0.00,0.00,0.02,0.00,0.00,0.00,0.00,0.00,0.00,0.00,0.00,0.00,0.00,0.00,0.00,0.00,0.00,0.00,0.00,0.00,0.00,0.00,0.00,0.00,0.00,0.00,0.00,0.00,0.00,0.00,0.00,0.00,0.00,0.00,0.00,0.00,0.00,0.00,0.00,0.00,0.00,0.02,0.00,0.00,0.00,0.00,0.00,0.00,0.00,0.00,0.00,0.00,0.00,0.00,0.00,0.00,0.00
1922,0.01,0.01,0.01,0.00,0.00,0.00,0.00,0.00,0.00,0.00,0.00,0.00,0.00,0.00,0.00,0.00,0.00,0.00,0.00,0.00,0.00,0.01,0.01,0.02,0.01,0.00,0.00,0.02,0.00,0.00,0.00,0.00,0.00,0.00,0.00,0.00,0.00,0.00,0.00,0.00,0.00,0.01,0.00,0.00,0.00,0.00,0.01,0.00,0.00,0.00,0.00,0.00,0.00,0.00,0.00,0.00,0.00,0.00,0.00,0.00,0.00,0.00,0.00,0.00,0.03,0.02,0.68,0.40,0.19,0.07,0.05,0.21,0.04,0.10,0.08,0.08,1.10,0.17,0.17,0.04,0.00,0.01,0.69,0.16,0.21,0.06,1.27,0.72,0.09,0.11,0.89,1.11,0.37,0.00,0.11,0.03,0.02,0.01,0.01,0.01,0.00,0.00,0.01,0.00,0.01,0.01,0.00,0.00,0.07,0.02,0.00,0.00,0.01,0.00,0.00,0.00,0.00,0.00,0.00,0.08,0.00,0.00,0.00,0.00,0.00,0.00,0.00,0.00,0.00,0.00,0.00,0.00,0.00,0.00,0.00,0.00,0.00,0.00,0.00,0.00,0.00,0.00,0.00,0.00,0.00,0.00,0.00,0.00,0.00,0.00,0.00,0.00,0.00,0.00,0.00,0.00,0.00,0.00,0.02,0.00,0.00,0.00,0.00,0.00,0.00,0.00,0.00,0.00,0.00,0.00,0.00,0.01,0.00,0.00
1923,0.00,0.00,0.00,0.00,0.00,0.00,0.00,0.00,0.00,0.00,0.00,0.00,0.00,0.00,0.00,0.00,0.00,0.00,0.00,0.00,0.00,0.00,0.00,0.01,0.00,0.00,0.00,0.01,0.00,0.00,0.00,0.00,0.00,0.00,0.00,0.00,0.00,0.00,0.00,0.00,0.00,0.00,0.00,0.00,0.00,0.00,0.00,0.00,0.00,0.00,0.00,0.00,0.00,0.00,0.00,0.00,0.00,0.00,0.00,0.00,0.00,0.00,0.00,0.00,0.01,0.00,0.24,0.15,0.07,0.02,0.02,0.09,0.02,0.04,0.03,0.04,0.49,0.07,0.06,0.02,0.00,0.00,0.31,0.07,0.09,0.03,0.56,0.30,0.04,0.04,0.36,0.49,0.16,0.00,0.01,0.02,0.01,0.00,0.00,0.00,0.00,0.00,0.00,0.00,0.00,0.00,0.00,0.00,0.03,0.01,0.00,0.00,0.00,0.00,0.00,0.00,0.00,0.00,0.00,0.03,0.00,0.00,0.00,0.00,0.00,0.00,0.00,0.00,0.00,0.00,0.00,0.00,0.00,0.00,0.00,0.00,0.00,0.00,0.00,0.00,0.00,0.00,0.00,0.00,0.00,0.00,0.00,0.00,0.00,0.00,0.00,0.00,0.00,0.00,0.00,0.00,0.00,0.00,0.00,0.00,0.00,0.00,0.00,0.00,0.00,0.00,0.00,0.00,0.00,0.00,0.00,0.00,0.00,0.00
1924,0.01,0.01,0.01,0.00,0.00,0.00,0.00,0.00,0.00,0.00,0.00,0.00,0.00,0.00,0.00,0.00,0.00,0.00,0.00,0.00,0.00,0.01,0.01,0.01,0.00,0.00,0.00,0.01,0.00,0.00,0.00,0.00,0.00,0.00,0.00,0.00,0.00,0.00,0.00,0.00,0.00,0.01,0.00,0.00,0.00,0.00,0.01,0.00,0.00,0.00,0.00,0.00,0.00,0.00,0.00,0.00,0.00,0.00,0.00,0.00,0.00,0.00,0.00,0.00,0.02,0.01,0.53,0.32,0.14,0.05,0.04,0.18,0.04,0.09,0.08,0.07,1.02,0.16,0.13,0.04,0.00,0.01,0.63,0.15,0.19,0.06,1.15,0.65,0.08,0.10,0.80,1.01,0.34,0.00,0.02,0.03,0.02,0.00,0.01,0.00,0.00,0.00,0.01,0.00,0.01,0.01,0.00,0.00,0.06,0.02,0.00,0.00,0.01,0.00,0.00,0.00,0.00,0.00,0.00,0.07,0.00,0.00,0.00,0.00,0.00,0.00,0.00,0.00,0.00,0.00,0.00,0.00,0.00,0.00,0.00,0.00,0.00,0.00,0.00,0.00,0.00,0.00,0.00,0.00,0.00,0.00,0.00,0.00,0.00,0.00,0.00,0.00,0.00,0.00,0.00,0.00,0.00,0.00,0.02,0.00,0.00,0.00,0.00,0.00,0.00,0.00,0.00,0.00,0.00,0.00,0.00,0.01,0.00,0.00
1925,0.02,0.02,0.02,0.01,0.01,0.00,0.00,0.01,0.00,0.00,0.00,0.00,0.00,0.00,0.00,0.00,0.00,0.00,0.00,0.00,0.00,0.02,0.02,0.02,0.01,0.00,0.00,0.02,0.00,0.00,0.00,0.00,0.00,0.00,0.00,0.00,0.00,0.00,0.00,0.00,0.01,0.01,0.00,0.00,0.00,0.00,0.01,0.00,0.00,0.00,0.00,0.00,0.00,0.00,0.00,0.00,0.00,0.00,0.00,0.00,0.00,0.01,0.01,0.00,0.03,0.02,0.64,0.36,0.17,0.06,0.05,0.17,0.03,0.07,0.06,0.06,0.93,0.14,0.15,0.03,0.00,0.01,0.52,0.12,0.17,0.05,0.95,0.55,0.06,0.08,0.69,0.84,0.28,0.00,0.02,0.03,0.02,0.00,0.01,0.00,0.00,0.00,0.01,0.00,0.01,0.01,0.00,0.00,0.06,0.02,0.00,0.00,0.01,0.00,0.00,0.00,0.00,0.00,0.00,0.06,0.00,0.00,0.00,0.00,0.00,0.00,0.00,0.00,0.00,0.00,0.00,0.00,0.00,0.00,0.00,0.00,0.00,0.00,0.00,0.00,0.00,0.00,0.00,0.00,0.00,0.00,0.00,0.00,0.00,0.00,0.00,0.00,0.00,0.00,0.00,0.00,0.00,0.00,0.05,0.00,0.00,0.00,0.00,0.00,0.00,0.00,0.00,0.00,0.00,0.00,0.00,0.01,0.00,0.00
1926,0.01,0.01,0.01,0.00,0.00,0.00,0.00,0.00,0.00,0.00,0.00,0.00,0.00,0.00,0.00,0.00,0.00,0.00,0.00,0.00,0.00,0.01,0.01,0.02,0.01,0.00,0.00,0.02,0.00,0.00,0.00,0.00,0.00,0.00,0.00,0.00,0.00,0.00,0.00,0.00,0.00,0.01,0.00,0.00,0.00,0.00,0.01,0.00,0.00,0.00,0.00,0.00,0.00,0.00,0.00,0.00,0.00,0.00,0.00,0.00,0.00,0.00,0.00,0.00,0.02,0.01,0.63,0.37,0.17,0.06,0.05,0.20,0.03,0.08,0.07,0.08,1.12,0.17,0.15,0.04,0.00,0.01,0.63,0.15,0.20,0.06,1.15,0.66,0.08,0.10,0.82,1.02,0.33,0.00,0.02,0.03,0.02,0.00,0.01,0.00,0.00,0.00,0.01,0.00,0.01,0.01,0.00,0.00,0.06,0.02,0.00,0.00,0.01,0.00,0.00,0.00,0.00,0.00,0.00,0.07,0.00,0.00,0.00,0.00,0.00,0.00,0.00,0.00,0.00,0.00,0.00,0.00,0.00,0.00,0.00,0.00,0.00,0.00,0.00,0.00,0.00,0.00,0.00,0.00,0.00,0.00,0.00,0.00,0.00,0.00,0.00,0.00,0.00,0.00,0.00,0.00,0.00,0.00,0.02,0.00,0.00,0.00,0.00,0.00,0.00,0.00,0.00,0.00,0.00,0.00,0.00,0.01,0.00,0.00
1927,0.00,0.01,0.00,0.00,0.00,0.00,0.00,0.00,0.00,0.00,0.00,0.00,0.00,0.00,0.00,0.00,0.00,0.00,0.00,0.00,0.00,0.00,0.01,0.01,0.00,0.00,0.00,0.01,0.00,0.00,0.00,0.00,0.00,0.00,0.00,0.00,0.00,0.00,0.00,0.00,0.00,0.00,0.00,0.00,0.00,0.00,0.01,0.00,0.00,0.00,0.00,0.00,0.00,0.00,0.00,0.00,0.00,0.00,0.00,0.00,0.00,0.00,0.00,0.00,0.01,0.01,0.30,0.17,0.08,0.03,0.02,0.08,0.01,0.03,0.03,0.03,0.44,0.06,0.07,0.02,0.00,0.00,0.26,0.06,0.09,0.02,0.48,0.27,0.03,0.03,0.33,0.42,0.13,0.00,0.01,0.01,0.01,0.00,0.00,0.00,0.00,0.00,0.00,0.00,0.00,0.00,0.00,0.00,0.03,0.01,0.00,0.00,0.00,0.00,0.00,0.00,0.00,0.00,0.00,0.03,0.00,0.00,0.00,0.00,0.00,0.00,0.00,0.00,0.00,0.00,0.00,0.00,0.00,0.00,0.00,0.00,0.00,0.00,0.00,0.00,0.00,0.00,0.00,0.00,0.00,0.00,0.00,0.00,0.00,0.00,0.00,0.00,0.00,0.00,0.00,0.00,0.00,0.00,0.01,0.00,0.00,0.00,0.00,0.00,0.00,0.00,0.00,0.00,0.00,0.00,0.00,0.00,0.00,0.00
1928,0.01,0.02,0.01,0.00,0.00,0.00,0.00,0.00,0.00,0.00,0.00,0.00,0.00,0.00,0.00,0.00,0.00,0.00,0.00,0.00,0.00,0.01,0.01,0.02,0.01,0.00,0.00,0.02,0.00,0.00,0.00,0.00,0.00,0.00,0.00,0.00,0.00,0.00,0.00,0.00,0.00,0.01,0.00,0.00,0.00,0.00,0.01,0.00,0.00,0.00,0.00,0.00,0.00,0.00,0.00,0.00,0.00,0.00,0.00,0.00,0.00,0.00,0.00,0.00,0.03,0.02,0.64,0.37,0.17,0.06,0.05,0.19,0.03,0.08,0.07,0.07,1.02,0.16,0.15,0.04,0.00,0.01,0.60,0.14,0.19,0.05,1.11,0.64,0.07,0.09,0.77,0.96,0.32,0.00,0.02,0.03,0.02,0.00,0.01,0.00,0.00,0.00,0.01,0.00,0.01,0.01,0.00,0.00,0.06,0.02,0.00,0.00,0.01,0.00,0.00,0.00,0.00,0.00,0.00,0.07,0.00,0.00,0.00,0.00,0.00,0.00,0.00,0.00,0.00,0.00,0.00,0.00,0.00,0.00,0.00,0.00,0.00,0.00,0.00,0.00,0.00,0.00,0.00,0.00,0.00,0.00,0.00,0.00,0.00,0.00,0.00,0.00,0.00,0.00,0.00,0.00,0.00,0.00,0.01,0.00,0.00,0.00,0.00,0.00,0.00,0.00,0.00,0.00,0.00,0.00,0.00,0.01,0.00,0.00
1929,0.00,0.01,0.00,0.00,0.00,0.00,0.00,0.00,0.00,0.00,0.00,0.00,0.00,0.00,0.00,0.00,0.00,0.00,0.00,0.00,0.00,0.00,0.00,0.01,0.00,0.00,0.00,0.01,0.00,0.00,0.00,0.00,0.00,0.00,0.00,0.00,0.00,0.00,0.00,0.00,0.00,0.00,0.00,0.00,0.00,0.00,0.01,0.00,0.00,0.00,0.00,0.00,0.00,0.00,0.00,0.00,0.00,0.00,0.00,0.00,0.00,0.00,0.00,0.00,0.01,0.01,0.37,0.23,0.10,0.04,0.03,0.13,0.03,0.06,0.05,0.05,0.69,0.11,0.09,0.03,0.00,0.01,0.44,0.10,0.13,0.04,0.80,0.43,0.06,0.06,0.53,0.70,0.23,0.00,0.02,0.02,0.01,0.00,0.01,0.00,0.00,0.00,0.00,0.00,0.01,0.00,0.00,0.00,0.04,0.01,0.00,0.00,0.01,0.00,0.00,0.00,0.00,0.00,0.00,0.04,0.00,0.00,0.00,0.00,0.00,0.00,0.00,0.00,0.00,0.00,0.00,0.00,0.00,0.00,0.00,0.00,0.00,0.00,0.00,0.00,0.00,0.00,0.00,0.00,0.00,0.00,0.00,0.00,0.00,0.00,0.00,0.00,0.00,0.00,0.00,0.00,0.00,0.00,0.01,0.00,0.00,0.00,0.00,0.00,0.00,0.00,0.00,0.00,0.00,0.00,0.00,0.01,0.00,0.00
1930,0.02,0.02,0.02,0.01,0.01,0.00,0.00,0.01,0.00,0.00,0.00,0.00,0.00,0.00,0.00,0.00,0.00,0.00,0.00,0.00,0.00,0.02,0.02,0.02,0.01,0.00,0.00,0.03,0.00,0.00,0.00,0.00,0.00,0.00,0.00,0.00,0.00,0.00,0.00,0.00,0.00,0.01,0.00,0.01,0.00,0.00,0.01,0.00,0.00,0.00,0.00,0.00,0.00,0.00,0.00,0.00,0.00,0.00,0.00,0.00,0.00,0.01,0.01,0.00,0.02,0.01,0.63,0.34,0.17,0.06,0.04,0.15,0.02,0.05,0.05,0.05,0.77,0.10,0.13,0.03,0.00,0.01,0.47,0.11,0.16,0.05,0.86,0.48,0.06,0.06,0.58,0.76,0.23,0.00,0.02,0.02,0.01,0.00,0.01,0.00,0.00,0.00,0.01,0.00,0.01,0.01,0.00,0.00,0.05,0.02,0.00,0.00,0.01,0.00,0.00,0.00,0.00,0.00,0.00,0.05,0.00,0.00,0.00,0.00,0.00,0.00,0.00,0.00,0.00,0.00,0.00,0.00,0.00,0.00,0.00,0.00,0.00,0.00,0.00,0.00,0.00,0.00,0.00,0.00,0.00,0.00,0.00,0.00,0.00,0.00,0.00,0.00,0.00,0.00,0.00,0.00,0.00,0.00,0.05,0.00,0.00,0.00,0.00,0.00,0.00,0.00,0.00,0.00,0.00,0.00,0.00,0.01,0.00,0.00
1931,0.04,0.04,0.03,0.01,0.02,0.00,0.01,0.02,0.00,0.00,0.00,0.00,0.00,0.00,0.00,0.00,0.00,0.00,0.00,0.00,0.00,0.03,0.04,0.04,0.01,0.00,0.01,0.04,0.00,0.00,0.00,0.00,0.00,0.00,0.00,0.00,0.00,0.00,0.00,0.00,0.01,0.01,0.00,0.01,0.01,0.00,0.02,0.00,0.00,0.01,0.00,0.00,0.00,0.00,0.00,0.00,0.00,0.00,0.00,0.00,0.00,0.01,0.01,0.00,0.03,0.02,1.01,0.53,0.27,0.09,0.07,0.24,0.04,0.08,0.07,0.08,1.21,0.16,0.20,0.05,0.00,0.01,0.74,0.18,0.26,0.07,1.36,0.75,0.09,0.09,0.90,1.19,0.36,0.00,0.03,0.04,0.02,0.01,0.01,0.01,0.00,0.01,0.01,0.00,0.01,0.01,0.00,0.00,0.08,0.03,0.00,0.00,0.01,0.00,0.00,0.00,0.00,0.00,0.00,0.07,0.00,0.00,0.00,0.00,0.00,0.00,0.00,0.00,0.00,0.00,0.00,0.00,0.00,0.00,0.00,0.00,0.00,0.00,0.00,0.00,0.00,0.00,0.00,0.00,0.00,0.00,0.00,0.00,0.00,0.00,0.00,0.00,0.00,0.00,0.00,0.00,0.00,0.00,0.07,0.00,0.00,0.00,0.00,0.00,0.00,0.00,0.00,0.00,0.00,0.00,0.00,0.01,0.00,0.00
1932,0.01,0.02,0.01,0.01,0.01,0.00,0.00,0.01,0.00,0.00,0.00,0.00,0.00,0.00,0.00,0.00,0.00,0.00,0.00,0.00,0.00,0.01,0.01,0.02,0.01,0.00,0.00,0.02,0.00,0.00,0.00,0.00,0.00,0.00,0.00,0.00,0.00,0.00,0.00,0.00,0.00,0.01,0.00,0.00,0.00,0.00,0.01,0.00,0.00,0.00,0.00,0.00,0.00,0.00,0.00,0.00,0.00,0.00,0.00,0.00,0.00,0.01,0.01,0.00,0.02,0.01,0.48,0.27,0.13,0.05,0.04,0.14,0.02,0.06,0.05,0.05,0.75,0.13,0.12,0.03,0.00,0.01,0.41,0.09,0.13,0.04,0.75,0.44,0.05,0.07,0.56,0.65,0.22,0.00,0.01,0.02,0.01,0.00,0.01,0.00,0.00,0.00,0.00,0.00,0.01,0.00,0.00,0.00,0.04,0.02,0.00,0.00,0.00,0.00,0.00,0.00,0.00,0.00,0.00,0.05,0.00,0.00,0.00,0.00,0.00,0.00,0.00,0.00,0.00,0.00,0.00,0.00,0.00,0.00,0.00,0.00,0.00,0.00,0.00,0.00,0.00,0.00,0.00,0.00,0.00,0.00,0.00,0.00,0.00,0.00,0.00,0.00,0.00,0.00,0.00,0.00,0.00,0.00,0.04,0.00,0.00,0.00,0.00,0.00,0.00,0.00,0.00,0.00,0.00,0.00,0.00,0.01,0.00,0.00
2001,0.01,0.01,0.01,0.00,0.00,0.00,0.00,0.00,0.00,0.00,0.00,0.00,0.00,0.00,0.00,0.00,0.00,0.00,0.00,0.00,0.00,0.00,0.00,0.00,0.00,0.00,0.00,0.00,0.27,0.16,0.81,0.25,0.20,0.17,0.04,0.68,0.08,0.02,0.00,0.01,0.00,0.00,0.00,0.00,0.00,0.00,0.00,0.01,0.01,0.02,0.00,0.00,0.00,0.00,0.00,0.00,0.00,0.00,0.00,0.00,0.00,0.00,0.00,0.00,0.03,0.02,0.68,0.40,0.18,0.07,0.05,0.21,0.04,0.10,0.09,0.08,1.14,0.18,0.16,0.04,0.00,0.01,0.16,0.04,0.05,0.01,0.30,0.17,0.02,0.03,0.22,0.26,0.09,0.00,0.01,0.01,0.01,0.00,0.00,0.00,0.00,0.00,0.00,0.00,0.00,0.00,0.00,0.00,0.02,0.01,0.00,0.00,0.00,0.00,0.00,0.00,0.00,0.00,0.00,0.00,0.00,0.00,0.00,0.00,0.00,0.00,0.00,0.00,0.00,0.00,0.00,0.00,0.00,0.00,0.00,0.00,0.00,0.00,0.00,0.00,0.00,0.00,0.00,0.00,0.00,0.00,0.00,0.00,0.00,0.00,0.00,0.00,0.00,0.00,0.00,0.00,0.00,0.00,0.04,0.00,0.00,0.00,0.00,0.00,0.00,0.00,0.00,0.00,0.00,0.00,0.00,0.00,0.00,0.00
2002,0.01,0.02,0.01,0.01,0.00,0.00,0.00,0.01,0.00,0.00,0.00,0.00,0.00,0.00,0.00,0.00,0.00,0.00,0.00,0.00,0.00,0.00,0.00,0.00,0.00,0.00,0.00,0.00,0.54,0.33,1.82,1.01,0.71,0.67,0.13,2.62,0.30,0.09,0.00,0.04,0.00,0.00,0.00,0.00,0.00,0.00,0.00,0.03,0.04,0.07,0.00,0.00,0.00,0.00,0.00,0.00,0.00,0.00,0.00,0.00,0.00,0.00,0.00,0.00,0.09,0.05,2.60,1.51,0.72,0.25,0.19,0.65,0.14,0.34,0.29,0.25,3.28,0.62,0.76,0.15,0.00,0.03,0.57,0.13,0.18,0.05,1.04,0.58,0.07,0.08,0.71,0.91,0.30,0.00,0.03,0.04,0.02,0.01,0.01,0.01,0.00,0.00,0.01,0.00,0.01,0.01,0.00,0.00,0.07,0.02,0.00,0.00,0.01,0.00,0.00,0.00,0.00,0.00,0.00,0.01,0.00,0.00,0.00,0.00,0.00,0.00,0.00,0.00,0.00,0.00,0.00,0.00,0.00,0.00,0.00,0.00,0.00,0.00,0.00,0.00,0.00,0.00,0.00,0.00,0.00,0.00,0.00,0.00,0.00,0.00,0.00,0.00,0.00,0.00,0.00,0.00,0.00,0.00,0.06,0.00,0.00,0.00,0.00,0.00,0.01,0.00,0.00,0.00,0.00,0.00,0.00,0.01,0.00,0.00
2003,0.03,0.04,0.02,0.01,0.01,0.00,0.01,0.01,0.00,0.00,0.00,0.00,0.00,0.00,0.00,0.00,0.00,0.00,0.00,0.00,0.00,0.00,0.00,0.00,0.00,0.00,0.00,0.00,0.91,0.55,2.48,0.77,0.64,0.55,0.11,2.24,0.26,0.08,0.00,0.03,0.00,0.00,0.00,0.00,0.00,0.00,0.00,0.02,0.03,0.06,0.00,0.00,0.00,0.00,0.00,0.00,0.00,0.00,0.00,0.00,0.00,0.00,0.00,0.00,0.09,0.05,2.28,1.34,0.61,0.22,0.17,0.74,0.15,0.37,0.30,0.29,4.00,0.93,0.77,0.15,0.00,0.03,0.58,0.13,0.18,0.05,1.07,0.62,0.07,0.10,0.78,0.94,0.32,0.00,0.03,0.03,0.02,0.01,0.01,0.01,0.00,0.01,0.01,0.00,0.01,0.01,0.00,0.00,0.08,0.03,0.00,0.00,0.01,0.00,0.00,0.00,0.00,0.00,0.00,0.01,0.00,0.00,0.00,0.00,0.00,0.00,0.00,0.00,0.00,0.00,0.00,0.00,0.00,0.00,0.00,0.00,0.00,0.00,0.00,0.00,0.00,0.00,0.00,0.00,0.00,0.00,0.00,0.00,0.00,0.00,0.00,0.00,0.00,0.00,0.00,0.00,0.00,0.00,0.11,0.00,0.00,0.00,0.00,0.00,0.01,0.00,0.00,0.00,0.00,0.00,0.00,0.01,0.00,0.00
2004,0.03,0.02,0.02,0.01,0.01,0.00,0.01,0.02,0.00,0.00,0.00,0.00,0.00,0.00,0.00,0.00,0.00,0.00,0.00,0.00,0.00,0.00,0.00,0.00,0.00,0.00,0.00,0.00,0.62,0.38,1.99,0.64,0.44,0.42,0.08,1.43,0.17,0.05,0.00,0.02,0.00,0.00,0.00,0.00,0.00,0.00,0.00,0.02,0.03,0.04,0.00,0.00,0.01,0.00,0.00,0.00,0.00,0.00,0.00,0.00,0.00,0.00,0.01,0.00,0.06,0.04,1.39,0.77,0.38,0.13,0.11,0.39,0.07,0.18,0.15,0.15,2.11,0.36,0.33,0.07,0.00,0.02,0.28,0.06,0.09,0.03,0.51,0.30,0.03,0.05,0.38,0.45,0.15,0.00,0.01,0.02,0.01,0.00,0.00,0.00,0.00,0.00,0.00,0.00,0.00,0.00,0.00,0.00,0.04,0.01,0.00,0.00,0.00,0.00,0.00,0.00,0.00,0.00,0.00,0.00,0.00,0.00,0.00,0.00,0.00,0.00,0.00,0.00,0.00,0.00,0.00,0.00,0.00,0.00,0.00,0.00,0.00,0.00,0.00,0.00,0.00,0.00,0.00,0.00,0.00,0.00,0.00,0.00,0.00,0.00,0.00,0.00,0.00,0.00,0.00,0.00,0.00,0.00,0.21,0.00,0.00,0.00,0.00,0.00,0.00,0.00,0.00,0.00,0.00,0.00,0.00,0.01,0.00,0.00
2005,0.02,0.02,0.02,0.01,0.01,0.00,0.00,0.01,0.00,0.00,0.00,0.00,0.00,0.00,0.00,0.00,0.00,0.00,0.00,0.00,0.00,0.00,0.00,0.00,0.00,0.00,0.00,0.00,0.53,0.32,1.72,0.60,0.43,0.40,0.07,1.41,0.17,0.05,0.00,0.02,0.00,0.00,0.00,0.00,0.00,0.00,0.00,0.02,0.03,0.04,0.00,0.00,0.00,0.00,0.00,0.00,0.00,0.00,0.00,0.00,0.00,0.00,0.00,0.00,0.06,0.04,1.37,0.77,0.37,0.13,0.11,0.38,0.07,0.18,0.15,0.15,2.04,0.33,0.32,0.07,0.00,0.02,0.28,0.06,0.09,0.03,0.52,0.30,0.03,0.05,0.38,0.46,0.16,0.00,0.01,0.02,0.01,0.00,0.00,0.00,0.00,0.00,0.00,0.00,0.00,0.00,0.00,0.00,0.04,0.01,0.00,0.00,0.00,0.00,0.00,0.00,0.00,0.00,0.00,0.00,0.00,0.00,0.00,0.00,0.00,0.00,0.00,0.00,0.00,0.00,0.00,0.00,0.00,0.00,0.00,0.00,0.00,0.00,0.00,0.00,0.00,0.00,0.00,0.00,0.00,0.00,0.00,0.00,0.00,0.00,0.00,0.00,0.00,0.00,0.00,0.00,0.00,0.00,0.09,0.00,0.00,0.00,0.00,0.00,0.00,0.00,0.00,0.00,0.00,0.00,0.00,0.01,0.00,0.00
2007,0.02,0.03,0.02,0.01,0.01,0.00,0.01,0.01,0.00,0.00,0.00,0.00,0.00,0.00,0.00,0.00,0.00,0.00,0.00,0.00,0.00,0.00,0.00,0.00,0.00,0.00,0.00,0.00,0.77,0.47,2.55,1.15,0.81,0.77,0.14,2.82,0.33,0.09,0.00,0.04,0.00,0.00,0.00,0.00,0.00,0.00,0.00,0.03,0.05,0.08,0.00,0.00,0.01,0.00,0.00,0.00,0.00,0.00,0.00,0.00,0.00,0.00,0.00,0.00,0.12,0.07,2.78,1.58,0.76,0.27,0.22,0.83,0.15,0.38,0.32,0.32,4.56,0.78,0.68,0.15,0.00,0.03,0.59,0.13,0.18,0.05,1.09,0.63,0.07,0.10,0.80,0.96,0.33,0.00,0.03,0.04,0.02,0.01,0.01,0.01,0.00,0.01,0.01,0.00,0.01,0.01,0.00,0.00,0.08,0.03,0.00,0.00,0.01,0.00,0.00,0.00,0.00,0.00,0.00,0.01,0.00,0.00,0.00,0.00,0.00,0.00,0.00,0.00,0.00,0.00,0.00,0.00,0.00,0.00,0.00,0.00,0.00,0.00,0.00,0.00,0.00,0.00,0.00,0.00,0.00,0.00,0.00,0.00,0.00,0.00,0.00,0.00,0.00,0.00,0.00,0.00,0.00,0.00,0.15,0.00,0.00,0.00,0.00,0.00,0.01,0.00,0.00,0.00,0.00,0.00,0.00,0.01,0.00,0.00
2008,0.01,0.01,0.01,0.00,0.00,0.00,0.00,0.00,0.00,0.00,0.00,0.00,0.00,0.00,0.00,0.00,0.00,0.00,0.00,0.00,0.00,0.00,0.00,0.00,0.00,0.00,0.00,0.00,0.19,0.11,0.54,0.17,0.13,0.12,0.02,0.46,0.05,0.02,0.00,0.01,0.00,0.00,0.00,0.00,0.00,0.00,0.00,0.00,0.01,0.01,0.00,0.00,0.00,0.00,0.00,0.00,0.00,0.00,0.00,0.00,0.00,0.00,0.00,0.00,0.02,0.01,0.47,0.27,0.13,0.05,0.04,0.15,0.03,0.07,0.06,0.06,0.81,0.13,0.11,0.03,0.00,0.01,0.11,0.03,0.04,0.01,0.21,0.12,0.01,0.02,0.15,0.18,0.06,0.00,0.01,0.01,0.00,0.00,0.00,0.00,0.00,0.00,0.00,0.00,0.00,0.00,0.00,0.00,0.01,0.01,0.00,0.00,0.00,0.00,0.00,0.00,0.00,0.00,0.00,0.00,0.00,0.00,0.00,0.00,0.00,0.00,0.00,0.00,0.00,0.00,0.00,0.00,0.00,0.00,0.00,0.00,0.00,0.00,0.00,0.00,0.00,0.00,0.00,0.00,0.00,0.00,0.00,0.00,0.00,0.00,0.00,0.00,0.00,0.00,0.00,0.00,0.00,0.00,0.02,0.00,0.00,0.00,0.00,0.00,0.00,0.00,0.00,0.00,0.00,0.00,0.00,0.00,0.00,0.00
2009,0.01,0.02,0.01,0.01,0.00,0.00,0.00,0.01,0.00,0.00,0.00,0.00,0.00,0.00,0.00,0.00,0.00,0.00,0.00,0.00,0.00,0.00,0.00,0.00,0.00,0.00,0.00,0.00,0.44,0.26,1.48,0.89,0.63,0.59,0.11,2.37,0.27,0.08,0.00,0.03,0.00,0.00,0.00,0.00,0.00,0.00,0.00,0.03,0.04,0.07,0.00,0.00,0.00,0.00,0.00,0.00,0.00,0.00,0.00,0.00,0.00,0.00,0.00,0.00,0.09,0.05,2.37,1.39,0.66,0.23,0.18,0.76,0.14,0.35,0.28,0.30,4.16,0.68,0.57,0.15,0.00,0.03,0.56,0.13,0.17,0.05,1.02,0.58,0.07,0.09,0.72,0.90,0.30,0.00,0.03,0.03,0.02,0.01,0.01,0.01,0.00,0.00,0.01,0.00,0.01,0.01,0.00,0.00,0.07,0.02,0.00,0.00,0.01,0.00,0.00,0.00,0.00,0.00,0.00,0.01,0.00,0.00,0.00,0.00,0.00,0.00,0.00,0.00,0.00,0.00,0.00,0.00,0.00,0.00,0.00,0.00,0.00,0.00,0.00,0.00,0.00,0.00,0.00,0.00,0.00,0.00,0.00,0.00,0.00,0.00,0.00,0.00,0.00,0.00,0.00,0.00,0.00,0.00,0.07,0.00,0.00,0.00,0.00,0.00,0.01,0.00,0.00,0.00,0.00,0.00,0.00,0.01,0.00,0.00
2010,0.00,0.01,0.00,0.00,0.00,0.00,0.00,0.00,0.00,0.00,0.00,0.00,0.00,0.00,0.00,0.00,0.00,0.00,0.00,0.00,0.00,0.00,0.00,0.00,0.00,0.00,0.00,0.00,0.14,0.09,0.49,0.27,0.21,0.19,0.04,0.76,0.09,0.03,0.00,0.01,0.00,0.00,0.00,0.00,0.00,0.00,0.00,0.01,0.01,0.02,0.00,0.00,0.00,0.00,0.00,0.00,0.00,0.00,0.00,0.00,0.00,0.00,0.00,0.00,0.03,0.02,0.77,0.45,0.21,0.08,0.06,0.25,0.05,0.11,0.09,0.10,1.34,0.22,0.19,0.05,0.00,0.01,0.18,0.04,0.06,0.02,0.34,0.19,0.02,0.03,0.24,0.30,0.10,0.00,0.01,0.01,0.01,0.00,0.00,0.00,0.00,0.00,0.00,0.00,0.00,0.00,0.00,0.00,0.02,0.01,0.00,0.00,0.00,0.00,0.00,0.00,0.00,0.00,0.00,0.00,0.00,0.00,0.00,0.00,0.00,0.00,0.00,0.00,0.00,0.00,0.00,0.00,0.00,0.00,0.00,0.00,0.00,0.00,0.00,0.00,0.00,0.00,0.00,0.00,0.00,0.00,0.00,0.00,0.00,0.00,0.00,0.00,0.00,0.00,0.00,0.00,0.00,0.00,0.02,0.00,0.00,0.00,0.00,0.00,0.00,0.00,0.00,0.00,0.00,0.00,0.00,0.00,0.00,0.00
2011,0.02,0.03,0.02,0.01,0.01,0.00,0.00,0.01,0.00,0.00,0.00,0.00,0.00,0.00,0.00,0.00,0.00,0.00,0.00,0.00,0.00,0.00,0.00,0.00,0.00,0.00,0.00,0.00,0.58,0.35,1.90,0.82,0.56,0.53,0.10,1.92,0.23,0.06,0.00,0.03,0.00,0.00,0.00,0.00,0.00,0.00,0.00,0.03,0.04,0.06,0.00,0.00,0.00,0.00,0.00,0.00,0.00,0.00,0.00,0.00,0.00,0.00,0.00,0.00,0.08,0.05,1.88,1.06,0.52,0.18,0.15,0.55,0.10,0.25,0.21,0.21,3.02,0.51,0.46,0.10,0.00,0.02,0.39,0.09,0.12,0.04,0.72,0.42,0.05,0.07,0.54,0.63,0.22,0.00,0.02,0.02,0.02,0.00,0.01,0.00,0.00,0.00,0.01,0.00,0.01,0.01,0.00,0.00,0.05,0.02,0.00,0.00,0.01,0.00,0.00,0.00,0.00,0.00,0.00,0.00,0.00,0.00,0.00,0.00,0.00,0.00,0.00,0.00,0.00,0.00,0.00,0.00,0.00,0.00,0.00,0.00,0.00,0.00,0.00,0.00,0.00,0.00,0.00,0.00,0.00,0.00,0.00,0.00,0.00,0.00,0.00,0.00,0.00,0.00,0.00,0.00,0.00,0.00,0.12,0.00,0.00,0.00,0.00,0.00,0.00,0.00,0.00,0.00,0.00,0.00,0.00,0.01,0.00,0.00
2012,0.03,0.03,0.02,0.01,0.01,0.00,0.01,0.01,0.00,0.00,0.00,0.00,0.00,0.00,0.00,0.00,0.00,0.00,0.00,0.00,0.00,0.00,0.00,0.00,0.00,0.00,0.00,0.00,0.99,0.58,1.48,0.48,0.47,0.37,0.09,1.76,0.19,0.07,0.00,0.02,0.00,0.00,0.00,0.00,0.00,0.00,0.00,0.01,0.01,0.05,0.00,0.00,0.00,0.00,0.00,0.00,0.00,0.00,0.00,0.00,0.00,0.00,0.00,0.00,0.07,0.03,1.88,1.20,0.48,0.19,0.12,0.73,0.18,0.42,0.36,0.32,4.17,0.60,0.44,0.17,0.00,0.04,0.73,0.17,0.22,0.07,1.33,0.73,0.09,0.10,0.88,1.16,0.38,0.01,0.03,0.05,0.03,0.01,0.01,0.01,0.00,0.01,0.01,0.00,0.01,0.01,0.00,0.00,0.08,0.03,0.00,0.00,0.01,0.00,0.00,0.00,0.00,0.00,0.00,0.01,0.00,0.00,0.00,0.00,0.00,0.00,0.00,0.00,0.00,0.00,0.00,0.00,0.00,0.00,0.00,0.00,0.00,0.00,0.00,0.00,0.00,0.00,0.00,0.00,0.00,0.00,0.00,0.00,0.00,0.00,0.00,0.00,0.00,0.00,0.00,0.00,0.00,0.00,0.06,0.01,0.01,0.00,0.00,0.00,0.01,0.00,0.00,0.00,0.00,0.00,0.00,0.02,0.00,0.00
2013,0.00,0.00,0.00,0.00,0.00,0.00,0.00,0.00,0.00,0.00,0.00,0.00,0.00,0.00,0.00,0.00,0.00,0.00,0.00,0.00,0.00,0.00,0.00,0.00,0.00,0.00,0.00,0.00,0.02,0.01,0.06,0.02,0.02,0.02,0.00,0.06,0.01,0.00,0.00,0.00,0.00,0.00,0.00,0.00,0.00,0.00,0.00,0.00,0.00,0.00,0.00,0.00,0.00,0.00,0.00,0.00,0.00,0.00,0.00,0.00,0.00,0.00,0.00,0.00,0.00,0.00,0.06,0.03,0.02,0.01,0.00,0.01,0.00,0.00,0.00,0.00,0.07,0.01,0.01,0.00,0.00,0.00,0.01,0.00,0.00,0.00,0.02,0.01,0.00,0.00,0.01,0.02,0.01,0.00,0.00,0.00,0.00,0.00,0.00,0.00,0.00,0.00,0.00,0.00,0.00,0.00,0.00,0.00,0.00,0.00,0.00,0.00,0.00,0.00,0.00,0.00,0.00,0.00,0.00,0.00,0.00,0.00,0.00,0.00,0.00,0.00,0.00,0.00,0.00,0.00,0.00,0.00,0.00,0.00,0.00,0.00,0.00,0.00,0.00,0.00,0.00,0.00,0.00,0.00,0.00,0.00,0.00,0.00,0.00,0.00,0.00,0.00,0.00,0.00,0.00,0.00,0.00,0.00,0.00,0.00,0.00,0.00,0.00,0.00,0.00,0.00,0.00,0.00,0.00,0.00,0.00,0.00,0.00,0.00
2101,0.00,0.00,0.00,0.00,0.00,0.00,0.00,0.00,0.00,0.00,0.00,0.00,0.00,0.00,0.00,0.00,0.00,0.00,0.00,0.00,0.00,0.00,0.00,0.00,0.00,0.00,0.00,0.00,0.00,0.00,0.00,0.00,0.00,0.00,0.00,0.00,0.00,0.00,0.00,0.00,0.00,0.00,0.00,0.00,0.00,0.00,0.00,0.00,0.00,0.00,0.00,0.00,0.00,0.00,0.00,0.00,0.00,0.00,0.00,0.00,0.00,0.00,0.00,0.00,0.00,0.00,0.11,0.03,0.01,0.00,0.00,0.01,0.00,0.01,0.01,0.01,0.08,0.04,0.03,0.00,0.00,0.00,0.01,0.00,0.00,0.00,0.02,0.01,0.00,0.00,0.01,0.02,0.01,0.00,0.02,0.03,0.02,0.00,0.01,0.00,0.00,0.00,0.01,0.00,0.01,0.01,0.00,0.00,0.06,0.02,0.00,0.00,0.01,0.00,0.00,0.00,0.00,0.00,0.00,0.00,0.00,0.00,0.00,0.00,0.00,0.00,0.00,0.00,0.00,0.00,0.00,0.00,0.00,0.00,0.00,0.00,0.00,0.00,0.00,0.00,0.00,0.00,0.00,0.00,0.00,0.01,0.00,0.00,0.01,0.01,0.01,0.01,0.00,0.01,0.01,0.01,0.00,0.00,0.00,0.00,0.00,0.00,0.00,0.00,0.00,0.00,0.00,0.00,0.00,0.00,0.00,0.01,0.00,0.00
2401,0.00,0.00,0.00,0.00,0.00,0.00,0.00,0.00,0.00,0.00,0.00,0.00,0.00,0.00,0.00,0.00,0.01,0.00,0.00,0.00,0.00,0.04,0.04,0.04,0.01,0.00,0.01,0.04,0.00,0.00,0.00,0.00,0.00,0.00,0.00,0.00,0.00,0.00,0.00,0.00,0.01,0.03,0.01,0.01,0.01,0.01,0.03,0.00,0.00,0.01,0.00,0.00,0.00,0.00,0.00,0.00,0.00,0.00,0.00,0.00,0.00,0.00,0.00,0.00,0.01,0.00,0.16,0.09,0.04,0.01,0.01,0.04,0.01,0.02,0.02,0.02,0.24,0.04,0.03,0.01,0.00,0.00,0.13,0.03,0.04,0.01,0.25,0.15,0.02,0.02,0.20,0.22,0.07,0.07,0.46,0.61,0.42,0.09,0.18,0.10,0.05,0.06,0.13,0.04,0.16,0.13,0.01,0.00,0.00,0.00,0.00,0.06,0.00,0.02,0.04,0.00,0.00,0.00,0.00,0.02,0.00,0.00,0.00,0.00,0.00,0.00,0.00,0.00,0.00,0.00,0.00,0.00,0.00,0.00,0.00,0.00,0.00,0.00,0.00,0.00,0.00,0.00,0.00,0.00,0.00,0.00,0.00,0.00,0.00,0.00,0.00,0.00,0.00,0.00,0.00,0.00,0.00,0.00,0.00,0.00,0.08,0.03,0.04,0.02,0.06,0.05,0.00,0.01,0.02,0.01,0.01,0.18,0.02,0.01
2402,0.00,0.00,0.00,0.00,0.00,0.00,0.00,0.00,0.00,0.01,0.00,0.00,0.01,0.01,0.00,0.01,0.05,0.01,0.00,0.01,0.01,0.31,0.37,0.32,0.12,0.01,0.04,0.34,0.01,0.01,0.03,0.01,0.01,0.01,0.00,0.02,0.00,0.00,0.00,0.00,0.12,0.22,0.07,0.13,0.12,0.04,0.29,0.03,0.04,0.05,0.00,0.00,0.02,0.00,0.00,0.00,0.00,0.00,0.00,0.00,0.00,0.00,0.00,0.00,0.06,0.03,1.40,0.77,0.38,0.13,0.10,0.37,0.07,0.18,0.16,0.15,1.98,0.35,0.28,0.08,0.00,0.02,1.14,0.27,0.36,0.11,3.83,1.25,0.15,0.20,1.69,3.54,0.61,0.59,3.84,5.09,3.57,0.79,1.52,0.84,0.39,0.51,1.04,0.35,1.33,1.09,0.09,0.11,15.39,3.66,0.01,0.48,0.64,0.20,0.34,0.03,0.00,0.00,0.00,0.16,0.00,0.00,0.00,0.00,0.00,0.00,0.01,0.00,0.00,0.00,0.00,0.00,0.00,0.00,0.00,0.00,0.00,0.00,0.00,0.00,0.00,0.00,0.00,0.00,0.00,0.00,0.00,0.00,0.00,0.00,0.00,0.00,0.00,0.00,0.00,0.00,0.00,0.00,0.01,0.94,0.00,0.00,0.00,0.00,0.00,0.00,0.00,0.00,0.00,0.00,0.00,0.00,0.00,0.00
2403,0.00,0.00,0.00,0.00,0.00,0.00,0.00,0.00,0.00,0.02,0.00,0.01,0.03,0.02,0.01,0.02,0.14,0.01,0.01,0.02,0.03,0.79,0.93,0.84,0.31,0.03,0.11,0.86,0.03,0.02,0.09,0.03,0.02,0.02,0.00,0.06,0.01,0.00,0.00,0.00,0.30,0.52,0.16,0.32,0.31,0.10,0.74,0.07,0.10,0.12,0.00,0.00,0.04,0.00,0.00,0.00,0.00,0.00,0.00,0.00,0.00,0.00,0.00,0.00,0.14,0.08,8.94,1.98,0.96,0.32,0.23,0.92,0.17,0.45,0.40,0.37,4.83,0.84,0.64,0.20,0.00,0.04,2.90,0.70,0.92,0.28,5.30,6.59,0.39,0.49,10.97,4.73,2.94,1.49,9.55,12.73,9.10,1.93,3.87,2.08,0.92,1.15,2.49,0.84,3.26,2.72,0.22,0.27,20.32,8.65,0.03,1.15,1.52,0.52,0.81,0.06,0.00,0.00,0.00,0.41,0.00,0.00,0.00,0.00,0.00,0.00,0.01,0.00,0.00,0.00,0.00,0.00,0.00,0.00,0.00,0.00,0.00,0.01,0.01,0.01,0.00,0.01,0.00,0.00,0.00,0.01,0.01,0.01,0.01,0.00,0.00,0.01,0.00,0.01,0.01,0.01,0.01,0.00,0.03,2.48,0.00,0.00,0.00,0.00,0.00,0.00,0.00,0.00,0.00,0.00,0.00,0.00,0.00,0.00
2404,0.00,0.00,0.00,0.00,0.00,0.00,0.00,0.00,0.00,0.01,0.00,0.00,0.02,0.02,0.01,0.01,0.09,0.01,0.01,0.02,0.02,0.54,0.64,0.56,0.21,0.02,0.08,0.58,0.02,0.01,0.06,0.02,0.01,0.01,0.00,0.04,0.00,0.00,0.00,0.00,0.21,0.37,0.11,0.22,0.21,0.07,0.50,0.05,0.07,0.08,0.00,0.00,0.03,0.00,0.00,0.00,0.00,0.00,0.00,0.00,0.00,0.00,0.00,0.00,0.10,0.06,2.42,1.34,0.66,0.22,0.17,1.56,0.11,0.31,0.27,0.26,3.43,0.60,0.48,0.13,0.01,0.03,2.00,0.47,0.63,0.19,3.67,2.19,0.26,0.35,2.96,3.26,1.08,1.04,6.76,8.98,6.27,1.39,2.67,1.48,0.71,0.92,1.86,0.63,2.35,1.91,0.16,0.20,15.65,6.40,0.01,0.86,1.50,0.36,0.60,0.04,0.00,0.00,0.00,0.27,0.00,0.00,0.00,0.00,0.00,0.00,0.01,0.00,0.00,0.00,0.00,0.00,0.00,0.00,0.00,0.00,0.00,0.00,0.00,0.01,0.00,0.01,0.00,0.00,0.00,0.00,0.01,0.00,0.01,0.00,0.00,0.01,0.00,0.01,0.01,0.01,0.00,0.00,0.02,1.34,0.00,0.00,0.00,0.00,0.00,0.00,0.00,0.00,0.00,0.00,0.00,0.00,0.00,0.00
2405,0.00,0.00,0.00,0.00,0.00,0.00,0.00,0.00,0.00,0.00,0.00,0.00,0.00,0.00,0.00,0.00,0.02,0.00,0.00,0.00,0.00,0.11,0.13,0.12,0.04,0.00,0.02,0.12,0.00,0.00,0.01,0.00,0.00,0.00,0.00,0.01,0.00,0.00,0.00,0.00,0.04,0.07,0.02,0.04,0.04,0.01,0.10,0.01,0.01,0.02,0.00,0.00,0.01,0.00,0.00,0.00,0.00,0.00,0.00,0.00,0.00,0.00,0.00,0.00,0.02,0.01,1.07,0.28,0.13,0.04,0.03,0.12,0.02,0.06,0.06,0.05,0.63,0.11,0.08,0.03,0.00,0.01,0.40,0.10,0.12,0.04,0.72,0.75,0.05,0.06,1.32,0.64,0.33,0.20,1.26,1.68,1.24,0.25,0.52,0.27,0.11,0.13,0.31,0.10,0.42,0.36,0.03,0.03,2.41,1.07,0.00,0.14,0.23,0.07,0.10,0.01,0.00,0.00,0.00,0.06,0.00,0.00,0.00,0.00,0.00,0.00,0.00,0.00,0.00,0.00,0.00,0.00,0.00,0.00,0.00,0.00,0.00,0.00,0.00,0.00,0.00,0.00,0.00,0.00,0.00,0.00,0.00,0.00,0.00,0.00,0.00,0.00,0.00,0.00,0.00,0.00,0.00,0.00,0.00,0.26,0.00,0.00,0.00,0.00,0.00,0.00,0.00,0.00,0.00,0.00,0.00,0.00,0.00,0.00
2406,0.00,0.00,0.00,0.00,0.00,0.00,0.00,0.00,0.00,0.01,0.00,0.00,0.01,0.01,0.00,0.01,0.07,0.01,0.00,0.01,0.01,0.37,0.44,0.42,0.15,0.02,0.05,0.41,0.01,0.01,0.04,0.01,0.01,0.01,0.00,0.03,0.00,0.00,0.00,0.00,0.13,0.22,0.07,0.15,0.14,0.04,0.37,0.04,0.05,0.14,0.00,0.00,0.02,0.00,0.00,0.00,0.00,0.00,0.00,0.00,0.00,0.00,0.00,0.00,0.06,0.03,3.35,0.96,0.45,0.14,0.09,0.41,0.07,0.20,0.20,0.17,2.08,0.52,0.34,0.11,0.00,0.02,1.31,0.33,0.41,0.13,2.35,1.42,0.19,0.20,2.10,2.13,0.65,0.65,4.02,7.78,6.41,1.04,2.58,1.21,0.39,0.45,0.94,0.31,1.32,1.16,0.08,0.10,9.30,3.34,0.01,0.43,0.51,0.34,0.31,0.02,0.00,0.00,0.00,0.20,0.00,0.00,0.00,0.00,0.00,0.00,0.01,0.00,0.00,0.00,0.00,0.00,0.00,0.00,0.00,0.00,0.00,0.00,0.00,0.01,0.00,0.01,0.00,0.00,0.00,0.00,0.00,0.00,0.01,0.00,0.00,0.00,0.00,0.00,0.00,0.00,0.00,0.00,0.01,0.63,0.00,0.00,0.00,0.00,0.00,0.00,0.00,0.00,0.00,0.00,0.00,0.00,0.00,0.00
2407,0.00,0.00,0.00,0.00,0.00,0.00,0.00,0.00,0.00,0.01,0.00,0.01,0.02,0.02,0.01,0.02,0.13,0.01,0.01,0.02,0.02,0.71,0.83,0.77,0.28,0.03,0.10,0.77,0.03,0.02,0.08,0.02,0.02,0.01,0.00,0.05,0.01,0.00,0.00,0.00,0.26,0.46,0.14,0.29,0.28,0.09,0.68,0.07,0.09,0.32,0.00,0.00,0.04,0.00,0.00,0.00,0.00,0.00,0.00,0.00,0.00,0.00,0.00,0.00,0.13,0.07,7.47,1.79,0.87,0.28,0.20,0.81,0.14,0.40,0.36,0.33,4.24,1.26,0.83,0.19,0.00,0.03,2.55,0.62,0.80,0.25,4.63,2.77,0.35,0.42,3.93,4.15,1.32,1.29,8.19,17.10,13.61,2.35,5.46,2.72,0.95,1.16,2.06,0.69,2.77,2.34,0.18,0.22,24.25,7.27,0.02,0.95,1.71,0.72,0.68,0.05,0.00,0.00,0.00,0.36,0.00,0.00,0.00,0.00,0.00,0.00,0.01,0.00,0.00,0.00,0.00,0.00,0.00,0.00,0.00,0.00,0.00,0.01,0.01,0.01,0.00,0.01,0.00,0.00,0.00,0.01,0.01,0.01,0.01,0.00,0.00,0.01,0.00,0.01,0.01,0.01,0.01,0.00,0.02,1.51,0.00,0.00,0.00,0.00,0.00,0.00,0.00,0.00,0.00,0.00,0.00,0.00,0.00,0.00
2408,0.00,0.00,0.00,0.00,0.00,0.00,0.00,0.00,0.00,0.00,0.00,0.00,0.00,0.00,0.00,0.00,0.00,0.00,0.00,0.00,0.00,0.00,0.00,0.00,0.00,0.00,0.00,0.00,0.00,0.00,0.00,0.00,0.00,0.00,0.00,0.00,0.00,0.00,0.00,0.00,0.00,0.00,0.00,0.00,0.00,0.00,0.00,0.00,0.00,0.00,0.00,0.00,0.00,0.00,0.00,0.00,0.00,0.00,0.00,0.00,0.00,0.00,0.00,0.00,0.00,0.00,0.00,0.00,0.00,0.00,0.00,0.00,0.00,0.00,0.00,0.00,0.00,0.00,0.00,0.00,0.00,0.00,0.00,0.00,0.00,0.00,0.00,0.00,0.00,0.00,0.00,0.00,0.00,0.00,0.00,0.00,0.00,0.00,0.00,0.00,0.00,0.00,0.00,0.00,0.00,0.00,0.00,0.00,0.00,0.00,0.00,0.00,0.00,0.00,0.00,0.00,0.00,0.00,0.00,0.00,0.00,0.00,0.00,0.00,0.00,0.00,0.00,0.00,0.00,0.00,0.00,0.00,0.00,0.00,0.00,0.00,0.00,0.00,0.00,0.00,0.00,0.00,0.00,0.00,0.00,0.00,0.00,0.00,0.00,0.00,0.00,0.00,0.00,0.00,0.00,0.00,0.00,0.00,0.00,0.00,0.00,0.00,0.00,0.00,0.00,0.00,0.00,0.00,0.00,0.00,0.00,0.00,0.00,0.00
2409,0.00,0.00,0.00,0.00,0.00,0.00,0.00,0.00,0.00,0.00,0.00,0.00,0.00,0.00,0.00,0.00,0.01,0.00,0.00,0.00,0.00,0.08,0.09,0.08,0.03,0.00,0.01,0.08,0.00,0.00,0.01,0.00,0.00,0.00,0.00,0.01,0.00,0.00,0.00,0.00,0.03,0.06,0.02,0.03,0.03,0.01,0.07,0.01,0.01,0.01,0.00,0.00,0.00,0.00,0.00,0.00,0.00,0.00,0.00,0.00,0.00,0.00,0.00,0.00,0.02,0.01,0.34,0.19,0.09,0.03,0.03,0.09,0.02,0.04,0.04,0.04,0.52,0.09,0.08,0.02,0.00,0.00,0.29,0.07,0.09,0.03,0.53,0.32,0.04,0.05,0.42,0.47,0.16,0.15,1.01,1.34,0.90,0.21,0.39,0.22,0.13,0.18,0.32,0.11,0.37,0.29,0.03,0.03,6.77,2.97,0.00,0.14,0.27,0.05,0.10,0.01,0.00,0.00,0.00,0.04,0.00,0.00,0.00,0.00,0.00,0.00,0.00,0.00,0.00,0.00,0.00,0.00,0.00,0.00,0.00,0.00,0.00,0.00,0.00,0.00,0.00,0.00,0.00,0.00,0.00,0.00,0.00,0.00,0.00,0.00,0.00,0.00,0.00,0.00,0.00,0.00,0.00,0.00,0.00,0.57,0.00,0.00,0.00,0.00,0.00,0.00,0.00,0.00,0.00,0.00,0.00,0.00,0.00,0.00
2412,0.00,0.00,0.00,0.00,0.00,0.00,0.00,0.00,0.00,0.01,0.00,0.00,0.01,0.01,0.00,0.01,0.06,0.01,0.00,0.01,0.01,0.37,0.43,0.39,0.14,0.02,0.05,0.40,0.01,0.01,0.04,0.01,0.01,0.01,0.00,0.03,0.00,0.00,0.00,0.00,0.14,0.24,0.08,0.15,0.14,0.05,0.34,0.03,0.05,0.06,0.00,0.00,0.02,0.00,0.00,0.00,0.00,0.00,0.00,0.00,0.00,0.00,0.00,0.00,0.06,0.04,1.66,0.92,0.45,0.15,0.11,0.92,0.08,0.21,0.19,0.17,2.27,0.39,0.31,0.09,0.01,0.02,1.36,0.32,0.43,0.13,2.48,1.48,0.18,0.23,2.03,2.21,0.72,0.72,4.51,6.00,4.25,0.92,1.81,0.98,0.54,0.71,1.39,0.48,1.73,1.40,0.12,0.14,9.83,4.13,0.01,0.56,0.99,0.24,0.45,0.03,0.00,0.00,0.00,0.19,0.00,0.00,0.00,0.00,0.00,0.00,0.01,0.00,0.00,0.00,0.00,0.00,0.00,0.00,0.00,0.00,0.00,0.00,0.00,0.00,0.00,0.01,0.00,0.00,0.00,0.00,0.00,0.00,0.00,0.00,0.00,0.00,0.00,0.00,0.00,0.00,0.00,0.00,0.01,0.99,0.00,0.00,0.00,0.00,0.00,0.00,0.00,0.00,0.00,0.00,0.00,0.00,0.00,0.00
2413,0.00,0.00,0.00,0.00,0.00,0.00,0.00,0.00,0.00,0.00,0.00,0.00,0.00,0.00,0.00,0.00,0.02,0.00,0.00,0.00,0.00,0.12,0.14,0.12,0.04,0.00,0.02,0.12,0.00,0.00,0.01,0.00,0.00,0.00,0.00,0.01,0.00,0.00,0.00,0.00,0.05,0.08,0.03,0.05,0.05,0.02,0.10,0.01,0.01,0.02,0.00,0.00,0.01,0.00,0.00,0.00,0.00,0.00,0.00,0.00,0.00,0.00,0.00,0.00,0.02,0.01,0.51,0.28,0.14,0.05,0.04,0.14,0.02,0.07,0.06,0.05,0.76,0.13,0.11,0.03,0.00,0.01,0.43,0.10,0.13,0.04,0.79,0.47,0.05,0.08,0.62,0.70,0.23,0.23,1.48,1.96,1.34,0.31,0.57,0.32,0.18,0.25,0.45,0.15,0.54,0.43,0.04,0.05,3.77,1.47,0.00,0.20,0.37,0.08,0.14,0.01,0.00,0.00,0.00,0.06,0.00,0.00,0.00,0.00,0.00,0.00,0.00,0.00,0.00,0.00,0.00,0.00,0.00,0.00,0.00,0.00,0.00,0.00,0.00,0.00,0.00,0.00,0.00,0.00,0.00,0.00,0.00,0.00,0.00,0.00,0.00,0.00,0.00,0.00,0.00,0.00,0.00,0.00,0.00,0.32,0.00,0.00,0.00,0.00,0.00,0.00,0.00,0.00,0.00,0.00,0.00,0.00,0.00,0.00
2415,0.00,0.00,0.00,0.00,0.00,0.00,0.00,0.00,0.00,0.00,0.00,0.00,0.01,0.00,0.00,0.00,0.03,0.00,0.00,0.00,0.01,0.16,0.19,0.17,0.06,0.01,0.02,0.18,0.01,0.00,0.02,0.01,0.00,0.00,0.00,0.01,0.00,0.00,0.00,0.00,0.06,0.11,0.03,0.07,0.06,0.02,0.15,0.02,0.02,0.03,0.00,0.00,0.01,0.00,0.00,0.00,0.00,0.00,0.00,0.00,0.00,0.00,0.00,0.00,0.03,0.02,1.89,0.41,0.20,0.07,0.05,0.19,0.03,0.09,0.08,0.08,0.99,0.17,0.13,0.04,0.00,0.01,0.60,0.14,0.19,0.06,1.09,1.32,0.08,0.10,2.26,0.98,0.59,0.32,1.97,2.63,1.88,0.40,0.80,0.43,0.23,0.30,0.60,0.20,0.76,0.61,0.05,0.06,4.18,1.63,0.01,0.24,0.14,0.11,0.19,0.01,0.00,0.00,0.00,0.08,0.00,0.00,0.00,0.00,0.00,0.00,0.00,0.00,0.00,0.00,0.00,0.00,0.00,0.00,0.00,0.00,0.00,0.00,0.00,0.00,0.00,0.00,0.00,0.00,0.00,0.00,0.00,0.00,0.00,0.00,0.00,0.00,0.00,0.00,0.00,0.00,0.00,0.00,0.01,0.51,0.00,0.00,0.00,0.00,0.00,0.00,0.00,0.00,0.00,0.00,0.00,0.00,0.00,0.00
2420,0.00,0.00,0.00,0.00,0.00,0.00,0.00,0.00,0.00,0.00,0.00,0.00,0.00,0.00,0.00,0.00,0.00,0.00,0.00,0.00,0.00,0.02,0.02,0.02,0.01,0.00,0.00,0.02,0.00,0.00,0.00,0.00,0.00,0.00,0.00,0.00,0.00,0.00,0.00,0.00,0.01,0.01,0.00,0.01,0.01,0.00,0.02,0.00,0.00,0.00,0.00,0.00,0.00,0.00,0.00,0.00,0.00,0.00,0.00,0.00,0.00,0.00,0.00,0.00,0.00,0.00,0.08,0.04,0.02,0.01,0.00,0.02,0.00,0.01,0.01,0.01,0.10,0.02,0.01,0.00,0.00,0.00,0.06,0.01,0.02,0.01,0.11,0.07,0.01,0.01,0.09,0.10,0.03,0.03,0.20,0.27,0.19,0.04,0.08,0.04,0.02,0.02,0.05,0.02,0.07,0.06,0.00,0.01,0.45,0.18,0.00,0.02,0.03,0.01,0.02,0.00,0.00,0.00,0.00,0.01,0.00,0.00,0.00,0.00,0.00,0.00,0.00,0.00,0.00,0.00,0.00,0.00,0.00,0.00,0.00,0.00,0.00,0.00,0.00,0.00,0.00,0.00,0.00,0.00,0.00,0.00,0.00,0.00,0.00,0.00,0.00,0.00,0.00,0.00,0.00,0.00,0.00,0.00,0.00,0.03,0.00,0.00,0.00,0.00,0.00,0.00,0.00,0.00,0.00,0.00,0.00,0.00,0.00,0.00
2421,0.00,0.00,0.00,0.00,0.00,0.00,0.00,0.00,0.00,0.00,0.00,0.00,0.01,0.00,0.00,0.00,0.02,0.00,0.00,0.00,0.01,0.14,0.16,0.14,0.05,0.01,0.02,0.15,0.00,0.00,0.02,0.00,0.00,0.00,0.00,0.01,0.00,0.00,0.00,0.00,0.06,0.10,0.03,0.06,0.05,0.02,0.13,0.01,0.02,0.02,0.00,0.00,0.01,0.00,0.00,0.00,0.00,0.00,0.00,0.00,0.00,0.00,0.00,0.00,0.03,0.02,0.62,0.34,0.17,0.06,0.05,0.47,0.03,0.08,0.07,0.07,0.91,0.16,0.13,0.03,0.00,0.01,0.52,0.12,0.16,0.05,0.95,0.57,0.07,0.09,0.75,0.84,0.28,0.28,1.79,2.37,1.62,0.37,0.69,0.39,0.23,0.32,0.57,0.20,0.66,0.53,0.05,0.06,4.46,1.76,0.00,0.24,0.44,0.09,0.18,0.01,0.00,0.00,0.00,0.07,0.00,0.00,0.00,0.00,0.00,0.00,0.00,0.00,0.00,0.00,0.00,0.00,0.00,0.00,0.00,0.00,0.00,0.00,0.00,0.00,0.00,0.00,0.00,0.00,0.00,0.00,0.00,0.00,0.00,0.00,0.00,0.00,0.00,0.00,0.00,0.00,0.00,0.00,0.00,0.38,0.00,0.00,0.00,0.00,0.00,0.00,0.00,0.00,0.00,0.00,0.00,0.00,0.00,0.00
2426,0.00,0.00,0.00,0.00,0.00,0.00,0.00,0.00,0.00,0.00,0.00,0.00,0.00,0.00,0.00,0.00,0.02,0.00,0.00,0.00,0.00,0.12,0.14,0.13,0.05,0.00,0.02,0.13,0.00,0.00,0.01,0.00,0.00,0.00,0.00,0.01,0.00,0.00,0.00,0.00,0.05,0.08,0.02,0.05,0.05,0.02,0.11,0.01,0.02,0.02,0.00,0.00,0.01,0.00,0.00,0.00,0.00,0.00,0.00,0.00,0.00,0.00,0.00,0.00,0.02,0.01,0.54,0.30,0.15,0.05,0.04,0.14,0.03,0.07,0.06,0.06,0.75,0.13,0.10,0.03,0.00,0.01,0.44,0.11,0.14,0.04,0.81,0.48,0.06,0.08,0.66,0.72,0.24,0.24,1.49,1.97,1.39,0.30,0.59,0.32,0.16,0.21,0.43,0.15,0.54,0.44,0.04,0.05,3.34,1.38,0.00,0.19,0.32,0.08,0.14,0.01,0.00,0.00,0.00,0.06,0.00,0.00,0.00,0.00,0.00,0.00,0.00,0.00,0.00,0.00,0.00,0.00,0.00,0.00,0.00,0.00,0.00,0.00,0.00,0.00,0.00,0.00,0.00,0.00,0.00,0.00,0.00,0.00,0.00,0.00,0.00,0.00,0.00,0.00,0.00,0.00,0.00,0.00,0.00,0.28,0.00,0.00,0.00,0.00,0.00,0.00,0.00,0.00,0.00,0.00,0.00,0.00,0.00,0.00
